chemistry,feature,fold,seed,temperature,mae,rmse,source
LFP,G0,DST,0,-10.0,4.075813584933422,5.731396596789396,${SOURCE_WORKSPACE}/DL/CEMA_CARRIER_FAIRNESS_ABLATIONS_20260803/normalhead_auxoff/runs/lfp/nmc_goal_vcorr_it_train_dst_selector_results/normalauxoff_lfp_gru_normal_g0_holdoutdst_s0123456789_b2048_e200_by_temperature.csv
LFP,G0,DST,0,0.0,3.729092193818525,5.491024769272671,${SOURCE_WORKSPACE}/DL/CEMA_CARRIER_FAIRNESS_ABLATIONS_20260803/normalhead_auxoff/runs/lfp/nmc_goal_vcorr_it_train_dst_selector_results/normalauxoff_lfp_gru_normal_g0_holdoutdst_s0123456789_b2048_e200_by_temperature.csv
LFP,G0,DST,0,10.0,3.507839270225376,5.232485021898592,${SOURCE_WORKSPACE}/DL/CEMA_CARRIER_FAIRNESS_ABLATIONS_20260803/normalhead_auxoff/runs/lfp/nmc_goal_vcorr_it_train_dst_selector_results/normalauxoff_lfp_gru_normal_g0_holdoutdst_s0123456789_b2048_e200_by_temperature.csv
LFP,G0,DST,0,20.0,3.093425518295671,4.601579269564352,${SOURCE_WORKSPACE}/DL/CEMA_CARRIER_FAIRNESS_ABLATIONS_20260803/normalhead_auxoff/runs/lfp/nmc_goal_vcorr_it_train_dst_selector_results/normalauxoff_lfp_gru_normal_g0_holdoutdst_s0123456789_b2048_e200_by_temperature.csv
LFP,G0,DST,0,25.0,2.456794100749817,3.985285286494648,${SOURCE_WORKSPACE}/DL/CEMA_CARRIER_FAIRNESS_ABLATIONS_20260803/normalhead_auxoff/runs/lfp/nmc_goal_vcorr_it_train_dst_selector_results/normalauxoff_lfp_gru_normal_g0_holdoutdst_s0123456789_b2048_e200_by_temperature.csv
LFP,G0,DST,0,30.0,2.3200465158331687,3.742893934254717,${SOURCE_WORKSPACE}/DL/CEMA_CARRIER_FAIRNESS_ABLATIONS_20260803/normalhead_auxoff/runs/lfp/nmc_goal_vcorr_it_train_dst_selector_results/normalauxoff_lfp_gru_normal_g0_holdoutdst_s0123456789_b2048_e200_by_temperature.csv
LFP,G0,DST,0,40.0,1.6430303134095658,2.862342249949475,${SOURCE_WORKSPACE}/DL/CEMA_CARRIER_FAIRNESS_ABLATIONS_20260803/normalhead_auxoff/runs/lfp/nmc_goal_vcorr_it_train_dst_selector_results/normalauxoff_lfp_gru_normal_g0_holdoutdst_s0123456789_b2048_e200_by_temperature.csv
LFP,G0,DST,0,50.0,1.318153185532532,2.224768835070202,${SOURCE_WORKSPACE}/DL/CEMA_CARRIER_FAIRNESS_ABLATIONS_20260803/normalhead_auxoff/runs/lfp/nmc_goal_vcorr_it_train_dst_selector_results/normalauxoff_lfp_gru_normal_g0_holdoutdst_s0123456789_b2048_e200_by_temperature.csv
LFP,G0,DST,1,-10.0,3.528436261808292,4.854957340472755,${SOURCE_WORKSPACE}/DL/CEMA_CARRIER_FAIRNESS_ABLATIONS_20260803/normalhead_auxoff/runs/lfp/nmc_goal_vcorr_it_train_dst_selector_results/normalauxoff_lfp_gru_normal_g0_holdoutdst_s0123456789_b2048_e200_by_temperature.csv
LFP,G0,DST,1,0.0,2.8958761214924045,4.237764148069402,${SOURCE_WORKSPACE}/DL/CEMA_CARRIER_FAIRNESS_ABLATIONS_20260803/normalhead_auxoff/runs/lfp/nmc_goal_vcorr_it_train_dst_selector_results/normalauxoff_lfp_gru_normal_g0_holdoutdst_s0123456789_b2048_e200_by_temperature.csv
LFP,G0,DST,1,10.0,2.56203124608276,3.807378451700656,${SOURCE_WORKSPACE}/DL/CEMA_CARRIER_FAIRNESS_ABLATIONS_20260803/normalhead_auxoff/runs/lfp/nmc_goal_vcorr_it_train_dst_selector_results/normalauxoff_lfp_gru_normal_g0_holdoutdst_s0123456789_b2048_e200_by_temperature.csv
LFP,G0,DST,1,20.0,2.4157592998512003,3.5427372744385037,${SOURCE_WORKSPACE}/DL/CEMA_CARRIER_FAIRNESS_ABLATIONS_20260803/normalhead_auxoff/runs/lfp/nmc_goal_vcorr_it_train_dst_selector_results/normalauxoff_lfp_gru_normal_g0_holdoutdst_s0123456789_b2048_e200_by_temperature.csv
LFP,G0,DST,1,25.0,1.9465305388568284,3.029288679435011,${SOURCE_WORKSPACE}/DL/CEMA_CARRIER_FAIRNESS_ABLATIONS_20260803/normalhead_auxoff/runs/lfp/nmc_goal_vcorr_it_train_dst_selector_results/normalauxoff_lfp_gru_normal_g0_holdoutdst_s0123456789_b2048_e200_by_temperature.csv
LFP,G0,DST,1,30.0,1.8442796380186643,2.8823716965831405,${SOURCE_WORKSPACE}/DL/CEMA_CARRIER_FAIRNESS_ABLATIONS_20260803/normalhead_auxoff/runs/lfp/nmc_goal_vcorr_it_train_dst_selector_results/normalauxoff_lfp_gru_normal_g0_holdoutdst_s0123456789_b2048_e200_by_temperature.csv
LFP,G0,DST,1,40.0,1.4327820094836892,2.294284706351464,${SOURCE_WORKSPACE}/DL/CEMA_CARRIER_FAIRNESS_ABLATIONS_20260803/normalhead_auxoff/runs/lfp/nmc_goal_vcorr_it_train_dst_selector_results/normalauxoff_lfp_gru_normal_g0_holdoutdst_s0123456789_b2048_e200_by_temperature.csv
LFP,G0,DST,1,50.0,1.2002676673138053,1.877024428455957,${SOURCE_WORKSPACE}/DL/CEMA_CARRIER_FAIRNESS_ABLATIONS_20260803/normalhead_auxoff/runs/lfp/nmc_goal_vcorr_it_train_dst_selector_results/normalauxoff_lfp_gru_normal_g0_holdoutdst_s0123456789_b2048_e200_by_temperature.csv
LFP,G0,DST,2,-10.0,3.797757058567168,5.118662763084743,${SOURCE_WORKSPACE}/DL/CEMA_CARRIER_FAIRNESS_ABLATIONS_20260803/normalhead_auxoff/runs/lfp/nmc_goal_vcorr_it_train_dst_selector_results/normalauxoff_lfp_gru_normal_g0_holdoutdst_s0123456789_b2048_e200_by_temperature.csv
LFP,G0,DST,2,0.0,3.1116599533408142,4.46475551033492,${SOURCE_WORKSPACE}/DL/CEMA_CARRIER_FAIRNESS_ABLATIONS_20260803/normalhead_auxoff/runs/lfp/nmc_goal_vcorr_it_train_dst_selector_results/normalauxoff_lfp_gru_normal_g0_holdoutdst_s0123456789_b2048_e200_by_temperature.csv
LFP,G0,DST,2,10.0,2.7065242647429546,4.094961428725117,${SOURCE_WORKSPACE}/DL/CEMA_CARRIER_FAIRNESS_ABLATIONS_20260803/normalhead_auxoff/runs/lfp/nmc_goal_vcorr_it_train_dst_selector_results/normalauxoff_lfp_gru_normal_g0_holdoutdst_s0123456789_b2048_e200_by_temperature.csv
LFP,G0,DST,2,20.0,2.479278005973873,3.7707088114753873,${SOURCE_WORKSPACE}/DL/CEMA_CARRIER_FAIRNESS_ABLATIONS_20260803/normalhead_auxoff/runs/lfp/nmc_goal_vcorr_it_train_dst_selector_results/normalauxoff_lfp_gru_normal_g0_holdoutdst_s0123456789_b2048_e200_by_temperature.csv
LFP,G0,DST,2,25.0,2.1123864331814186,3.351226818921925,${SOURCE_WORKSPACE}/DL/CEMA_CARRIER_FAIRNESS_ABLATIONS_20260803/normalhead_auxoff/runs/lfp/nmc_goal_vcorr_it_train_dst_selector_results/normalauxoff_lfp_gru_normal_g0_holdoutdst_s0123456789_b2048_e200_by_temperature.csv
LFP,G0,DST,2,30.0,1.985773796997153,3.172312149417728,${SOURCE_WORKSPACE}/DL/CEMA_CARRIER_FAIRNESS_ABLATIONS_20260803/normalhead_auxoff/runs/lfp/nmc_goal_vcorr_it_train_dst_selector_results/normalauxoff_lfp_gru_normal_g0_holdoutdst_s0123456789_b2048_e200_by_temperature.csv
LFP,G0,DST,2,40.0,1.443001542104907,2.40259462309682,${SOURCE_WORKSPACE}/DL/CEMA_CARRIER_FAIRNESS_ABLATIONS_20260803/normalhead_auxoff/runs/lfp/nmc_goal_vcorr_it_train_dst_selector_results/normalauxoff_lfp_gru_normal_g0_holdoutdst_s0123456789_b2048_e200_by_temperature.csv
LFP,G0,DST,2,50.0,1.1792026479261917,1.942407031678612,${SOURCE_WORKSPACE}/DL/CEMA_CARRIER_FAIRNESS_ABLATIONS_20260803/normalhead_auxoff/runs/lfp/nmc_goal_vcorr_it_train_dst_selector_results/normalauxoff_lfp_gru_normal_g0_holdoutdst_s0123456789_b2048_e200_by_temperature.csv
LFP,G0,DST,3,-10.0,4.384989624606391,6.162833047598074,${SOURCE_WORKSPACE}/DL/CEMA_CARRIER_FAIRNESS_ABLATIONS_20260803/normalhead_auxoff/runs/lfp/nmc_goal_vcorr_it_train_dst_selector_results/normalauxoff_lfp_gru_normal_g0_holdoutdst_s0123456789_b2048_e200_by_temperature.csv
LFP,G0,DST,3,0.0,3.8030329180914606,5.540829556975786,${SOURCE_WORKSPACE}/DL/CEMA_CARRIER_FAIRNESS_ABLATIONS_20260803/normalhead_auxoff/runs/lfp/nmc_goal_vcorr_it_train_dst_selector_results/normalauxoff_lfp_gru_normal_g0_holdoutdst_s0123456789_b2048_e200_by_temperature.csv
LFP,G0,DST,3,10.0,3.304571436370798,4.920711382343533,${SOURCE_WORKSPACE}/DL/CEMA_CARRIER_FAIRNESS_ABLATIONS_20260803/normalhead_auxoff/runs/lfp/nmc_goal_vcorr_it_train_dst_selector_results/normalauxoff_lfp_gru_normal_g0_holdoutdst_s0123456789_b2048_e200_by_temperature.csv
LFP,G0,DST,3,20.0,2.713699672121564,4.1132923848352565,${SOURCE_WORKSPACE}/DL/CEMA_CARRIER_FAIRNESS_ABLATIONS_20260803/normalhead_auxoff/runs/lfp/nmc_goal_vcorr_it_train_dst_selector_results/normalauxoff_lfp_gru_normal_g0_holdoutdst_s0123456789_b2048_e200_by_temperature.csv
LFP,G0,DST,3,25.0,2.15956243860834,3.520673707970664,${SOURCE_WORKSPACE}/DL/CEMA_CARRIER_FAIRNESS_ABLATIONS_20260803/normalhead_auxoff/runs/lfp/nmc_goal_vcorr_it_train_dst_selector_results/normalauxoff_lfp_gru_normal_g0_holdoutdst_s0123456789_b2048_e200_by_temperature.csv
LFP,G0,DST,3,30.0,2.0520667296884314,3.28512723568865,${SOURCE_WORKSPACE}/DL/CEMA_CARRIER_FAIRNESS_ABLATIONS_20260803/normalhead_auxoff/runs/lfp/nmc_goal_vcorr_it_train_dst_selector_results/normalauxoff_lfp_gru_normal_g0_holdoutdst_s0123456789_b2048_e200_by_temperature.csv
LFP,G0,DST,3,40.0,1.552484472877386,2.6853958063693737,${SOURCE_WORKSPACE}/DL/CEMA_CARRIER_FAIRNESS_ABLATIONS_20260803/normalhead_auxoff/runs/lfp/nmc_goal_vcorr_it_train_dst_selector_results/normalauxoff_lfp_gru_normal_g0_holdoutdst_s0123456789_b2048_e200_by_temperature.csv
LFP,G0,DST,3,50.0,1.3923499074564218,2.3398018195593315,${SOURCE_WORKSPACE}/DL/CEMA_CARRIER_FAIRNESS_ABLATIONS_20260803/normalhead_auxoff/runs/lfp/nmc_goal_vcorr_it_train_dst_selector_results/normalauxoff_lfp_gru_normal_g0_holdoutdst_s0123456789_b2048_e200_by_temperature.csv
LFP,G0,DST,4,-10.0,4.08079775834835,5.532835037069979,${SOURCE_WORKSPACE}/DL/CEMA_CARRIER_FAIRNESS_ABLATIONS_20260803/normalhead_auxoff/runs/lfp/nmc_goal_vcorr_it_train_dst_selector_results/normalauxoff_lfp_gru_normal_g0_holdoutdst_s0123456789_b2048_e200_by_temperature.csv
LFP,G0,DST,4,0.0,3.540047868726636,4.992203570909092,${SOURCE_WORKSPACE}/DL/CEMA_CARRIER_FAIRNESS_ABLATIONS_20260803/normalhead_auxoff/runs/lfp/nmc_goal_vcorr_it_train_dst_selector_results/normalauxoff_lfp_gru_normal_g0_holdoutdst_s0123456789_b2048_e200_by_temperature.csv
LFP,G0,DST,4,10.0,3.0664367333972224,4.4695949186942565,${SOURCE_WORKSPACE}/DL/CEMA_CARRIER_FAIRNESS_ABLATIONS_20260803/normalhead_auxoff/runs/lfp/nmc_goal_vcorr_it_train_dst_selector_results/normalauxoff_lfp_gru_normal_g0_holdoutdst_s0123456789_b2048_e200_by_temperature.csv
LFP,G0,DST,4,20.0,2.5008606917279006,3.793973295281784,${SOURCE_WORKSPACE}/DL/CEMA_CARRIER_FAIRNESS_ABLATIONS_20260803/normalhead_auxoff/runs/lfp/nmc_goal_vcorr_it_train_dst_selector_results/normalauxoff_lfp_gru_normal_g0_holdoutdst_s0123456789_b2048_e200_by_temperature.csv
LFP,G0,DST,4,25.0,2.081453249678942,3.3060655144194557,${SOURCE_WORKSPACE}/DL/CEMA_CARRIER_FAIRNESS_ABLATIONS_20260803/normalhead_auxoff/runs/lfp/nmc_goal_vcorr_it_train_dst_selector_results/normalauxoff_lfp_gru_normal_g0_holdoutdst_s0123456789_b2048_e200_by_temperature.csv
LFP,G0,DST,4,30.0,1.9326618536772515,3.0880320508231995,${SOURCE_WORKSPACE}/DL/CEMA_CARRIER_FAIRNESS_ABLATIONS_20260803/normalhead_auxoff/runs/lfp/nmc_goal_vcorr_it_train_dst_selector_results/normalauxoff_lfp_gru_normal_g0_holdoutdst_s0123456789_b2048_e200_by_temperature.csv
LFP,G0,DST,4,40.0,1.5490379174915667,2.5367318151011284,${SOURCE_WORKSPACE}/DL/CEMA_CARRIER_FAIRNESS_ABLATIONS_20260803/normalhead_auxoff/runs/lfp/nmc_goal_vcorr_it_train_dst_selector_results/normalauxoff_lfp_gru_normal_g0_holdoutdst_s0123456789_b2048_e200_by_temperature.csv
LFP,G0,DST,4,50.0,1.3395184274468963,2.145384446751192,${SOURCE_WORKSPACE}/DL/CEMA_CARRIER_FAIRNESS_ABLATIONS_20260803/normalhead_auxoff/runs/lfp/nmc_goal_vcorr_it_train_dst_selector_results/normalauxoff_lfp_gru_normal_g0_holdoutdst_s0123456789_b2048_e200_by_temperature.csv
LFP,G0,DST,5,-10.0,3.2185212930498968,4.409987140675409,${SOURCE_WORKSPACE}/DL/CEMA_CARRIER_FAIRNESS_ABLATIONS_20260803/normalhead_auxoff/runs/lfp/nmc_goal_vcorr_it_train_dst_selector_results/normalauxoff_lfp_gru_normal_g0_holdoutdst_s0123456789_b2048_e200_by_temperature.csv
LFP,G0,DST,5,0.0,2.854166286779011,4.229563652519042,${SOURCE_WORKSPACE}/DL/CEMA_CARRIER_FAIRNESS_ABLATIONS_20260803/normalhead_auxoff/runs/lfp/nmc_goal_vcorr_it_train_dst_selector_results/normalauxoff_lfp_gru_normal_g0_holdoutdst_s0123456789_b2048_e200_by_temperature.csv
LFP,G0,DST,5,10.0,2.7096843095545307,4.048328121719493,${SOURCE_WORKSPACE}/DL/CEMA_CARRIER_FAIRNESS_ABLATIONS_20260803/normalhead_auxoff/runs/lfp/nmc_goal_vcorr_it_train_dst_selector_results/normalauxoff_lfp_gru_normal_g0_holdoutdst_s0123456789_b2048_e200_by_temperature.csv
LFP,G0,DST,5,20.0,2.28440060180378,3.4620696354078024,${SOURCE_WORKSPACE}/DL/CEMA_CARRIER_FAIRNESS_ABLATIONS_20260803/normalhead_auxoff/runs/lfp/nmc_goal_vcorr_it_train_dst_selector_results/normalauxoff_lfp_gru_normal_g0_holdoutdst_s0123456789_b2048_e200_by_temperature.csv
LFP,G0,DST,5,25.0,1.9562618607689013,3.0689444089279463,${SOURCE_WORKSPACE}/DL/CEMA_CARRIER_FAIRNESS_ABLATIONS_20260803/normalhead_auxoff/runs/lfp/nmc_goal_vcorr_it_train_dst_selector_results/normalauxoff_lfp_gru_normal_g0_holdoutdst_s0123456789_b2048_e200_by_temperature.csv
LFP,G0,DST,5,30.0,1.777713467506736,2.851548785968338,${SOURCE_WORKSPACE}/DL/CEMA_CARRIER_FAIRNESS_ABLATIONS_20260803/normalhead_auxoff/runs/lfp/nmc_goal_vcorr_it_train_dst_selector_results/normalauxoff_lfp_gru_normal_g0_holdoutdst_s0123456789_b2048_e200_by_temperature.csv
LFP,G0,DST,5,40.0,1.5214757241154582,2.3966847798168995,${SOURCE_WORKSPACE}/DL/CEMA_CARRIER_FAIRNESS_ABLATIONS_20260803/normalhead_auxoff/runs/lfp/nmc_goal_vcorr_it_train_dst_selector_results/normalauxoff_lfp_gru_normal_g0_holdoutdst_s0123456789_b2048_e200_by_temperature.csv
LFP,G0,DST,5,50.0,1.3683158195428726,2.058900402619644,${SOURCE_WORKSPACE}/DL/CEMA_CARRIER_FAIRNESS_ABLATIONS_20260803/normalhead_auxoff/runs/lfp/nmc_goal_vcorr_it_train_dst_selector_results/normalauxoff_lfp_gru_normal_g0_holdoutdst_s0123456789_b2048_e200_by_temperature.csv
LFP,G0,DST,6,-10.0,4.006649552921853,5.399913864537757,${SOURCE_WORKSPACE}/DL/CEMA_CARRIER_FAIRNESS_ABLATIONS_20260803/normalhead_auxoff/runs/lfp/nmc_goal_vcorr_it_train_dst_selector_results/normalauxoff_lfp_gru_normal_g0_holdoutdst_s0123456789_b2048_e200_by_temperature.csv
LFP,G0,DST,6,0.0,3.3254442999806475,4.715613531697428,${SOURCE_WORKSPACE}/DL/CEMA_CARRIER_FAIRNESS_ABLATIONS_20260803/normalhead_auxoff/runs/lfp/nmc_goal_vcorr_it_train_dst_selector_results/normalauxoff_lfp_gru_normal_g0_holdoutdst_s0123456789_b2048_e200_by_temperature.csv
LFP,G0,DST,6,10.0,2.6924447295438885,3.89679461011262,${SOURCE_WORKSPACE}/DL/CEMA_CARRIER_FAIRNESS_ABLATIONS_20260803/normalhead_auxoff/runs/lfp/nmc_goal_vcorr_it_train_dst_selector_results/normalauxoff_lfp_gru_normal_g0_holdoutdst_s0123456789_b2048_e200_by_temperature.csv
LFP,G0,DST,6,20.0,2.222212661814683,3.303277469802769,${SOURCE_WORKSPACE}/DL/CEMA_CARRIER_FAIRNESS_ABLATIONS_20260803/normalhead_auxoff/runs/lfp/nmc_goal_vcorr_it_train_dst_selector_results/normalauxoff_lfp_gru_normal_g0_holdoutdst_s0123456789_b2048_e200_by_temperature.csv
LFP,G0,DST,6,25.0,1.9571717245719815,2.959645695029863,${SOURCE_WORKSPACE}/DL/CEMA_CARRIER_FAIRNESS_ABLATIONS_20260803/normalhead_auxoff/runs/lfp/nmc_goal_vcorr_it_train_dst_selector_results/normalauxoff_lfp_gru_normal_g0_holdoutdst_s0123456789_b2048_e200_by_temperature.csv
LFP,G0,DST,6,30.0,1.8133594418488144,2.8285979007933952,${SOURCE_WORKSPACE}/DL/CEMA_CARRIER_FAIRNESS_ABLATIONS_20260803/normalhead_auxoff/runs/lfp/nmc_goal_vcorr_it_train_dst_selector_results/normalauxoff_lfp_gru_normal_g0_holdoutdst_s0123456789_b2048_e200_by_temperature.csv
LFP,G0,DST,6,40.0,1.5585029529722636,2.4396426426993583,${SOURCE_WORKSPACE}/DL/CEMA_CARRIER_FAIRNESS_ABLATIONS_20260803/normalhead_auxoff/runs/lfp/nmc_goal_vcorr_it_train_dst_selector_results/normalauxoff_lfp_gru_normal_g0_holdoutdst_s0123456789_b2048_e200_by_temperature.csv
LFP,G0,DST,6,50.0,1.4456772788183478,2.164923172071198,${SOURCE_WORKSPACE}/DL/CEMA_CARRIER_FAIRNESS_ABLATIONS_20260803/normalhead_auxoff/runs/lfp/nmc_goal_vcorr_it_train_dst_selector_results/normalauxoff_lfp_gru_normal_g0_holdoutdst_s0123456789_b2048_e200_by_temperature.csv
LFP,G0,DST,7,-10.0,3.062235368584721,4.248714604983786,${SOURCE_WORKSPACE}/DL/CEMA_CARRIER_FAIRNESS_ABLATIONS_20260803/normalhead_auxoff/runs/lfp/nmc_goal_vcorr_it_train_dst_selector_results/normalauxoff_lfp_gru_normal_g0_holdoutdst_s0123456789_b2048_e200_by_temperature.csv
LFP,G0,DST,7,0.0,2.848830828511577,4.140156649273476,${SOURCE_WORKSPACE}/DL/CEMA_CARRIER_FAIRNESS_ABLATIONS_20260803/normalhead_auxoff/runs/lfp/nmc_goal_vcorr_it_train_dst_selector_results/normalauxoff_lfp_gru_normal_g0_holdoutdst_s0123456789_b2048_e200_by_temperature.csv
LFP,G0,DST,7,10.0,2.4314261961247774,3.806668393166366,${SOURCE_WORKSPACE}/DL/CEMA_CARRIER_FAIRNESS_ABLATIONS_20260803/normalhead_auxoff/runs/lfp/nmc_goal_vcorr_it_train_dst_selector_results/normalauxoff_lfp_gru_normal_g0_holdoutdst_s0123456789_b2048_e200_by_temperature.csv
LFP,G0,DST,7,20.0,2.120128439121546,3.290157008352821,${SOURCE_WORKSPACE}/DL/CEMA_CARRIER_FAIRNESS_ABLATIONS_20260803/normalhead_auxoff/runs/lfp/nmc_goal_vcorr_it_train_dst_selector_results/normalauxoff_lfp_gru_normal_g0_holdoutdst_s0123456789_b2048_e200_by_temperature.csv
LFP,G0,DST,7,25.0,1.7336890400718317,2.854895768907602,${SOURCE_WORKSPACE}/DL/CEMA_CARRIER_FAIRNESS_ABLATIONS_20260803/normalhead_auxoff/runs/lfp/nmc_goal_vcorr_it_train_dst_selector_results/normalauxoff_lfp_gru_normal_g0_holdoutdst_s0123456789_b2048_e200_by_temperature.csv
LFP,G0,DST,7,30.0,1.5971133583470396,2.623791987775356,${SOURCE_WORKSPACE}/DL/CEMA_CARRIER_FAIRNESS_ABLATIONS_20260803/normalhead_auxoff/runs/lfp/nmc_goal_vcorr_it_train_dst_selector_results/normalauxoff_lfp_gru_normal_g0_holdoutdst_s0123456789_b2048_e200_by_temperature.csv
LFP,G0,DST,7,40.0,1.2992660773997855,2.100475231259759,${SOURCE_WORKSPACE}/DL/CEMA_CARRIER_FAIRNESS_ABLATIONS_20260803/normalhead_auxoff/runs/lfp/nmc_goal_vcorr_it_train_dst_selector_results/normalauxoff_lfp_gru_normal_g0_holdoutdst_s0123456789_b2048_e200_by_temperature.csv
LFP,G0,DST,7,50.0,1.203855828345023,1.7734029681043866,${SOURCE_WORKSPACE}/DL/CEMA_CARRIER_FAIRNESS_ABLATIONS_20260803/normalhead_auxoff/runs/lfp/nmc_goal_vcorr_it_train_dst_selector_results/normalauxoff_lfp_gru_normal_g0_holdoutdst_s0123456789_b2048_e200_by_temperature.csv
LFP,G0,DST,8,-10.0,4.077921469323159,5.537007029342137,${SOURCE_WORKSPACE}/DL/CEMA_CARRIER_FAIRNESS_ABLATIONS_20260803/normalhead_auxoff/runs/lfp/nmc_goal_vcorr_it_train_dst_selector_results/normalauxoff_lfp_gru_normal_g0_holdoutdst_s0123456789_b2048_e200_by_temperature.csv
LFP,G0,DST,8,0.0,3.5387786713126825,5.164809984810075,${SOURCE_WORKSPACE}/DL/CEMA_CARRIER_FAIRNESS_ABLATIONS_20260803/normalhead_auxoff/runs/lfp/nmc_goal_vcorr_it_train_dst_selector_results/normalauxoff_lfp_gru_normal_g0_holdoutdst_s0123456789_b2048_e200_by_temperature.csv
LFP,G0,DST,8,10.0,3.029607753295204,4.643526433762632,${SOURCE_WORKSPACE}/DL/CEMA_CARRIER_FAIRNESS_ABLATIONS_20260803/normalhead_auxoff/runs/lfp/nmc_goal_vcorr_it_train_dst_selector_results/normalauxoff_lfp_gru_normal_g0_holdoutdst_s0123456789_b2048_e200_by_temperature.csv
LFP,G0,DST,8,20.0,2.609717448223778,3.982433081743147,${SOURCE_WORKSPACE}/DL/CEMA_CARRIER_FAIRNESS_ABLATIONS_20260803/normalhead_auxoff/runs/lfp/nmc_goal_vcorr_it_train_dst_selector_results/normalauxoff_lfp_gru_normal_g0_holdoutdst_s0123456789_b2048_e200_by_temperature.csv
LFP,G0,DST,8,25.0,2.196294053816896,3.5683689755219112,${SOURCE_WORKSPACE}/DL/CEMA_CARRIER_FAIRNESS_ABLATIONS_20260803/normalhead_auxoff/runs/lfp/nmc_goal_vcorr_it_train_dst_selector_results/normalauxoff_lfp_gru_normal_g0_holdoutdst_s0123456789_b2048_e200_by_temperature.csv
LFP,G0,DST,8,30.0,2.0557163694265843,3.2896093429073128,${SOURCE_WORKSPACE}/DL/CEMA_CARRIER_FAIRNESS_ABLATIONS_20260803/normalhead_auxoff/runs/lfp/nmc_goal_vcorr_it_train_dst_selector_results/normalauxoff_lfp_gru_normal_g0_holdoutdst_s0123456789_b2048_e200_by_temperature.csv
LFP,G0,DST,8,40.0,1.579851405240562,2.603721400887148,${SOURCE_WORKSPACE}/DL/CEMA_CARRIER_FAIRNESS_ABLATIONS_20260803/normalhead_auxoff/runs/lfp/nmc_goal_vcorr_it_train_dst_selector_results/normalauxoff_lfp_gru_normal_g0_holdoutdst_s0123456789_b2048_e200_by_temperature.csv
LFP,G0,DST,8,50.0,1.2944625264796066,2.0433539386341004,${SOURCE_WORKSPACE}/DL/CEMA_CARRIER_FAIRNESS_ABLATIONS_20260803/normalhead_auxoff/runs/lfp/nmc_goal_vcorr_it_train_dst_selector_results/normalauxoff_lfp_gru_normal_g0_holdoutdst_s0123456789_b2048_e200_by_temperature.csv
LFP,G0,DST,9,-10.0,3.5820164721469823,4.83891199524339,${SOURCE_WORKSPACE}/DL/CEMA_CARRIER_FAIRNESS_ABLATIONS_20260803/normalhead_auxoff/runs/lfp/nmc_goal_vcorr_it_train_dst_selector_results/normalauxoff_lfp_gru_normal_g0_holdoutdst_s0123456789_b2048_e200_by_temperature.csv
LFP,G0,DST,9,0.0,3.221719330387519,4.662038792092782,${SOURCE_WORKSPACE}/DL/CEMA_CARRIER_FAIRNESS_ABLATIONS_20260803/normalhead_auxoff/runs/lfp/nmc_goal_vcorr_it_train_dst_selector_results/normalauxoff_lfp_gru_normal_g0_holdoutdst_s0123456789_b2048_e200_by_temperature.csv
LFP,G0,DST,9,10.0,2.768970677734286,4.237605695140226,${SOURCE_WORKSPACE}/DL/CEMA_CARRIER_FAIRNESS_ABLATIONS_20260803/normalhead_auxoff/runs/lfp/nmc_goal_vcorr_it_train_dst_selector_results/normalauxoff_lfp_gru_normal_g0_holdoutdst_s0123456789_b2048_e200_by_temperature.csv
LFP,G0,DST,9,20.0,2.3598541068347125,3.644785649655564,${SOURCE_WORKSPACE}/DL/CEMA_CARRIER_FAIRNESS_ABLATIONS_20260803/normalhead_auxoff/runs/lfp/nmc_goal_vcorr_it_train_dst_selector_results/normalauxoff_lfp_gru_normal_g0_holdoutdst_s0123456789_b2048_e200_by_temperature.csv
LFP,G0,DST,9,25.0,2.0273505370951463,3.315500449593254,${SOURCE_WORKSPACE}/DL/CEMA_CARRIER_FAIRNESS_ABLATIONS_20260803/normalhead_auxoff/runs/lfp/nmc_goal_vcorr_it_train_dst_selector_results/normalauxoff_lfp_gru_normal_g0_holdoutdst_s0123456789_b2048_e200_by_temperature.csv
LFP,G0,DST,9,30.0,1.876630848887292,3.066519000253906,${SOURCE_WORKSPACE}/DL/CEMA_CARRIER_FAIRNESS_ABLATIONS_20260803/normalhead_auxoff/runs/lfp/nmc_goal_vcorr_it_train_dst_selector_results/normalauxoff_lfp_gru_normal_g0_holdoutdst_s0123456789_b2048_e200_by_temperature.csv
LFP,G0,DST,9,40.0,1.398203993256195,2.3686278767544446,${SOURCE_WORKSPACE}/DL/CEMA_CARRIER_FAIRNESS_ABLATIONS_20260803/normalhead_auxoff/runs/lfp/nmc_goal_vcorr_it_train_dst_selector_results/normalauxoff_lfp_gru_normal_g0_holdoutdst_s0123456789_b2048_e200_by_temperature.csv
LFP,G0,DST,9,50.0,1.214794041896622,1.9660881711773617,${SOURCE_WORKSPACE}/DL/CEMA_CARRIER_FAIRNESS_ABLATIONS_20260803/normalhead_auxoff/runs/lfp/nmc_goal_vcorr_it_train_dst_selector_results/normalauxoff_lfp_gru_normal_g0_holdoutdst_s0123456789_b2048_e200_by_temperature.csv
LFP,G0,FUDS,0,-10.0,4.8771566225739695,6.070082465255475,${SOURCE_WORKSPACE}/DL/CEMA_CARRIER_FAIRNESS_ABLATIONS_20260803/normalhead_auxoff/runs/lfp/nmc_goal_vcorr_it_train_dst_selector_results/normalauxoff_lfp_gru_normal_g0_holdoutfuds_s0123456789_b2048_e200_by_temperature.csv
LFP,G0,FUDS,0,0.0,3.635744521366292,4.8297817189310654,${SOURCE_WORKSPACE}/DL/CEMA_CARRIER_FAIRNESS_ABLATIONS_20260803/normalhead_auxoff/runs/lfp/nmc_goal_vcorr_it_train_dst_selector_results/normalauxoff_lfp_gru_normal_g0_holdoutfuds_s0123456789_b2048_e200_by_temperature.csv
LFP,G0,FUDS,0,10.0,3.30537912292437,4.426239852957998,${SOURCE_WORKSPACE}/DL/CEMA_CARRIER_FAIRNESS_ABLATIONS_20260803/normalhead_auxoff/runs/lfp/nmc_goal_vcorr_it_train_dst_selector_results/normalauxoff_lfp_gru_normal_g0_holdoutfuds_s0123456789_b2048_e200_by_temperature.csv
LFP,G0,FUDS,0,20.0,2.497581492326789,3.494926493882611,${SOURCE_WORKSPACE}/DL/CEMA_CARRIER_FAIRNESS_ABLATIONS_20260803/normalhead_auxoff/runs/lfp/nmc_goal_vcorr_it_train_dst_selector_results/normalauxoff_lfp_gru_normal_g0_holdoutfuds_s0123456789_b2048_e200_by_temperature.csv
LFP,G0,FUDS,0,25.0,2.5454327787643867,3.5278608508067704,${SOURCE_WORKSPACE}/DL/CEMA_CARRIER_FAIRNESS_ABLATIONS_20260803/normalhead_auxoff/runs/lfp/nmc_goal_vcorr_it_train_dst_selector_results/normalauxoff_lfp_gru_normal_g0_holdoutfuds_s0123456789_b2048_e200_by_temperature.csv
LFP,G0,FUDS,0,30.0,1.9073134937108456,2.842855581120602,${SOURCE_WORKSPACE}/DL/CEMA_CARRIER_FAIRNESS_ABLATIONS_20260803/normalhead_auxoff/runs/lfp/nmc_goal_vcorr_it_train_dst_selector_results/normalauxoff_lfp_gru_normal_g0_holdoutfuds_s0123456789_b2048_e200_by_temperature.csv
LFP,G0,FUDS,0,40.0,1.575776466352402,2.427256058806408,${SOURCE_WORKSPACE}/DL/CEMA_CARRIER_FAIRNESS_ABLATIONS_20260803/normalhead_auxoff/runs/lfp/nmc_goal_vcorr_it_train_dst_selector_results/normalauxoff_lfp_gru_normal_g0_holdoutfuds_s0123456789_b2048_e200_by_temperature.csv
LFP,G0,FUDS,0,50.0,1.249447171450134,1.991999946065783,${SOURCE_WORKSPACE}/DL/CEMA_CARRIER_FAIRNESS_ABLATIONS_20260803/normalhead_auxoff/runs/lfp/nmc_goal_vcorr_it_train_dst_selector_results/normalauxoff_lfp_gru_normal_g0_holdoutfuds_s0123456789_b2048_e200_by_temperature.csv
LFP,G0,FUDS,1,-10.0,4.598713514962202,5.653852827490876,${SOURCE_WORKSPACE}/DL/CEMA_CARRIER_FAIRNESS_ABLATIONS_20260803/normalhead_auxoff/runs/lfp/nmc_goal_vcorr_it_train_dst_selector_results/normalauxoff_lfp_gru_normal_g0_holdoutfuds_s0123456789_b2048_e200_by_temperature.csv
LFP,G0,FUDS,1,0.0,3.442799004392494,4.560829741665291,${SOURCE_WORKSPACE}/DL/CEMA_CARRIER_FAIRNESS_ABLATIONS_20260803/normalhead_auxoff/runs/lfp/nmc_goal_vcorr_it_train_dst_selector_results/normalauxoff_lfp_gru_normal_g0_holdoutfuds_s0123456789_b2048_e200_by_temperature.csv
LFP,G0,FUDS,1,10.0,3.1195411687562173,4.184847741955034,${SOURCE_WORKSPACE}/DL/CEMA_CARRIER_FAIRNESS_ABLATIONS_20260803/normalhead_auxoff/runs/lfp/nmc_goal_vcorr_it_train_dst_selector_results/normalauxoff_lfp_gru_normal_g0_holdoutfuds_s0123456789_b2048_e200_by_temperature.csv
LFP,G0,FUDS,1,20.0,2.3347736687672715,3.3321951230577325,${SOURCE_WORKSPACE}/DL/CEMA_CARRIER_FAIRNESS_ABLATIONS_20260803/normalhead_auxoff/runs/lfp/nmc_goal_vcorr_it_train_dst_selector_results/normalauxoff_lfp_gru_normal_g0_holdoutfuds_s0123456789_b2048_e200_by_temperature.csv
LFP,G0,FUDS,1,25.0,2.35694367980332,3.334599028642567,${SOURCE_WORKSPACE}/DL/CEMA_CARRIER_FAIRNESS_ABLATIONS_20260803/normalhead_auxoff/runs/lfp/nmc_goal_vcorr_it_train_dst_selector_results/normalauxoff_lfp_gru_normal_g0_holdoutfuds_s0123456789_b2048_e200_by_temperature.csv
LFP,G0,FUDS,1,30.0,1.7997569516976009,2.7006557747923723,${SOURCE_WORKSPACE}/DL/CEMA_CARRIER_FAIRNESS_ABLATIONS_20260803/normalhead_auxoff/runs/lfp/nmc_goal_vcorr_it_train_dst_selector_results/normalauxoff_lfp_gru_normal_g0_holdoutfuds_s0123456789_b2048_e200_by_temperature.csv
LFP,G0,FUDS,1,40.0,1.5015861272083555,2.3105071748065917,${SOURCE_WORKSPACE}/DL/CEMA_CARRIER_FAIRNESS_ABLATIONS_20260803/normalhead_auxoff/runs/lfp/nmc_goal_vcorr_it_train_dst_selector_results/normalauxoff_lfp_gru_normal_g0_holdoutfuds_s0123456789_b2048_e200_by_temperature.csv
LFP,G0,FUDS,1,50.0,1.2392228002667978,1.936263555474121,${SOURCE_WORKSPACE}/DL/CEMA_CARRIER_FAIRNESS_ABLATIONS_20260803/normalhead_auxoff/runs/lfp/nmc_goal_vcorr_it_train_dst_selector_results/normalauxoff_lfp_gru_normal_g0_holdoutfuds_s0123456789_b2048_e200_by_temperature.csv
LFP,G0,FUDS,2,-10.0,4.260128898735976,5.465079399152774,${SOURCE_WORKSPACE}/DL/CEMA_CARRIER_FAIRNESS_ABLATIONS_20260803/normalhead_auxoff/runs/lfp/nmc_goal_vcorr_it_train_dst_selector_results/normalauxoff_lfp_gru_normal_g0_holdoutfuds_s0123456789_b2048_e200_by_temperature.csv
LFP,G0,FUDS,2,0.0,3.1656252062757155,4.405517699167313,${SOURCE_WORKSPACE}/DL/CEMA_CARRIER_FAIRNESS_ABLATIONS_20260803/normalhead_auxoff/runs/lfp/nmc_goal_vcorr_it_train_dst_selector_results/normalauxoff_lfp_gru_normal_g0_holdoutfuds_s0123456789_b2048_e200_by_temperature.csv
LFP,G0,FUDS,2,10.0,2.8001837098111184,3.92650470873284,${SOURCE_WORKSPACE}/DL/CEMA_CARRIER_FAIRNESS_ABLATIONS_20260803/normalhead_auxoff/runs/lfp/nmc_goal_vcorr_it_train_dst_selector_results/normalauxoff_lfp_gru_normal_g0_holdoutfuds_s0123456789_b2048_e200_by_temperature.csv
LFP,G0,FUDS,2,20.0,2.1219567292837427,3.1181620285706715,${SOURCE_WORKSPACE}/DL/CEMA_CARRIER_FAIRNESS_ABLATIONS_20260803/normalhead_auxoff/runs/lfp/nmc_goal_vcorr_it_train_dst_selector_results/normalauxoff_lfp_gru_normal_g0_holdoutfuds_s0123456789_b2048_e200_by_temperature.csv
LFP,G0,FUDS,2,25.0,2.013732363711155,3.00209436459032,${SOURCE_WORKSPACE}/DL/CEMA_CARRIER_FAIRNESS_ABLATIONS_20260803/normalhead_auxoff/runs/lfp/nmc_goal_vcorr_it_train_dst_selector_results/normalauxoff_lfp_gru_normal_g0_holdoutfuds_s0123456789_b2048_e200_by_temperature.csv
LFP,G0,FUDS,2,30.0,1.6272281075838984,2.5270237795027866,${SOURCE_WORKSPACE}/DL/CEMA_CARRIER_FAIRNESS_ABLATIONS_20260803/normalhead_auxoff/runs/lfp/nmc_goal_vcorr_it_train_dst_selector_results/normalauxoff_lfp_gru_normal_g0_holdoutfuds_s0123456789_b2048_e200_by_temperature.csv
LFP,G0,FUDS,2,40.0,1.3138446726794577,2.0793456019824004,${SOURCE_WORKSPACE}/DL/CEMA_CARRIER_FAIRNESS_ABLATIONS_20260803/normalhead_auxoff/runs/lfp/nmc_goal_vcorr_it_train_dst_selector_results/normalauxoff_lfp_gru_normal_g0_holdoutfuds_s0123456789_b2048_e200_by_temperature.csv
LFP,G0,FUDS,2,50.0,1.14195326110502,1.7317998861036947,${SOURCE_WORKSPACE}/DL/CEMA_CARRIER_FAIRNESS_ABLATIONS_20260803/normalhead_auxoff/runs/lfp/nmc_goal_vcorr_it_train_dst_selector_results/normalauxoff_lfp_gru_normal_g0_holdoutfuds_s0123456789_b2048_e200_by_temperature.csv
LFP,G0,FUDS,3,-10.0,4.724856412107464,6.130522587235261,${SOURCE_WORKSPACE}/DL/CEMA_CARRIER_FAIRNESS_ABLATIONS_20260803/normalhead_auxoff/runs/lfp/nmc_goal_vcorr_it_train_dst_selector_results/normalauxoff_lfp_gru_normal_g0_holdoutfuds_s0123456789_b2048_e200_by_temperature.csv
LFP,G0,FUDS,3,0.0,3.6541645097287545,5.006954021625834,${SOURCE_WORKSPACE}/DL/CEMA_CARRIER_FAIRNESS_ABLATIONS_20260803/normalhead_auxoff/runs/lfp/nmc_goal_vcorr_it_train_dst_selector_results/normalauxoff_lfp_gru_normal_g0_holdoutfuds_s0123456789_b2048_e200_by_temperature.csv
LFP,G0,FUDS,3,10.0,3.301761137116517,4.507418479327446,${SOURCE_WORKSPACE}/DL/CEMA_CARRIER_FAIRNESS_ABLATIONS_20260803/normalhead_auxoff/runs/lfp/nmc_goal_vcorr_it_train_dst_selector_results/normalauxoff_lfp_gru_normal_g0_holdoutfuds_s0123456789_b2048_e200_by_temperature.csv
LFP,G0,FUDS,3,20.0,2.4760180480694967,3.579954553560548,${SOURCE_WORKSPACE}/DL/CEMA_CARRIER_FAIRNESS_ABLATIONS_20260803/normalhead_auxoff/runs/lfp/nmc_goal_vcorr_it_train_dst_selector_results/normalauxoff_lfp_gru_normal_g0_holdoutfuds_s0123456789_b2048_e200_by_temperature.csv
LFP,G0,FUDS,3,25.0,2.5185232749812902,3.5694595780257314,${SOURCE_WORKSPACE}/DL/CEMA_CARRIER_FAIRNESS_ABLATIONS_20260803/normalhead_auxoff/runs/lfp/nmc_goal_vcorr_it_train_dst_selector_results/normalauxoff_lfp_gru_normal_g0_holdoutfuds_s0123456789_b2048_e200_by_temperature.csv
LFP,G0,FUDS,3,30.0,1.8958464915549027,2.8954975357727077,${SOURCE_WORKSPACE}/DL/CEMA_CARRIER_FAIRNESS_ABLATIONS_20260803/normalhead_auxoff/runs/lfp/nmc_goal_vcorr_it_train_dst_selector_results/normalauxoff_lfp_gru_normal_g0_holdoutfuds_s0123456789_b2048_e200_by_temperature.csv
LFP,G0,FUDS,3,40.0,1.503410002421788,2.415075015309888,${SOURCE_WORKSPACE}/DL/CEMA_CARRIER_FAIRNESS_ABLATIONS_20260803/normalhead_auxoff/runs/lfp/nmc_goal_vcorr_it_train_dst_selector_results/normalauxoff_lfp_gru_normal_g0_holdoutfuds_s0123456789_b2048_e200_by_temperature.csv
LFP,G0,FUDS,3,50.0,1.2077212128825163,1.996872240402708,${SOURCE_WORKSPACE}/DL/CEMA_CARRIER_FAIRNESS_ABLATIONS_20260803/normalhead_auxoff/runs/lfp/nmc_goal_vcorr_it_train_dst_selector_results/normalauxoff_lfp_gru_normal_g0_holdoutfuds_s0123456789_b2048_e200_by_temperature.csv
LFP,G0,FUDS,4,-10.0,4.9696570930691335,6.2283951636667005,${SOURCE_WORKSPACE}/DL/CEMA_CARRIER_FAIRNESS_ABLATIONS_20260803/normalhead_auxoff/runs/lfp/nmc_goal_vcorr_it_train_dst_selector_results/normalauxoff_lfp_gru_normal_g0_holdoutfuds_s0123456789_b2048_e200_by_temperature.csv
LFP,G0,FUDS,4,0.0,3.794683201742617,5.125874673086674,${SOURCE_WORKSPACE}/DL/CEMA_CARRIER_FAIRNESS_ABLATIONS_20260803/normalhead_auxoff/runs/lfp/nmc_goal_vcorr_it_train_dst_selector_results/normalauxoff_lfp_gru_normal_g0_holdoutfuds_s0123456789_b2048_e200_by_temperature.csv
LFP,G0,FUDS,4,10.0,3.4083299157354947,4.612033242573736,${SOURCE_WORKSPACE}/DL/CEMA_CARRIER_FAIRNESS_ABLATIONS_20260803/normalhead_auxoff/runs/lfp/nmc_goal_vcorr_it_train_dst_selector_results/normalauxoff_lfp_gru_normal_g0_holdoutfuds_s0123456789_b2048_e200_by_temperature.csv
LFP,G0,FUDS,4,20.0,2.526785377174069,3.594603601851561,${SOURCE_WORKSPACE}/DL/CEMA_CARRIER_FAIRNESS_ABLATIONS_20260803/normalhead_auxoff/runs/lfp/nmc_goal_vcorr_it_train_dst_selector_results/normalauxoff_lfp_gru_normal_g0_holdoutfuds_s0123456789_b2048_e200_by_temperature.csv
LFP,G0,FUDS,4,25.0,2.528636884969325,3.588219365347628,${SOURCE_WORKSPACE}/DL/CEMA_CARRIER_FAIRNESS_ABLATIONS_20260803/normalhead_auxoff/runs/lfp/nmc_goal_vcorr_it_train_dst_selector_results/normalauxoff_lfp_gru_normal_g0_holdoutfuds_s0123456789_b2048_e200_by_temperature.csv
LFP,G0,FUDS,4,30.0,1.8990736064418388,2.9030424337119367,${SOURCE_WORKSPACE}/DL/CEMA_CARRIER_FAIRNESS_ABLATIONS_20260803/normalhead_auxoff/runs/lfp/nmc_goal_vcorr_it_train_dst_selector_results/normalauxoff_lfp_gru_normal_g0_holdoutfuds_s0123456789_b2048_e200_by_temperature.csv
LFP,G0,FUDS,4,40.0,1.5454985924744955,2.458101456024328,${SOURCE_WORKSPACE}/DL/CEMA_CARRIER_FAIRNESS_ABLATIONS_20260803/normalhead_auxoff/runs/lfp/nmc_goal_vcorr_it_train_dst_selector_results/normalauxoff_lfp_gru_normal_g0_holdoutfuds_s0123456789_b2048_e200_by_temperature.csv
LFP,G0,FUDS,4,50.0,1.1822156400296049,1.977626794400571,${SOURCE_WORKSPACE}/DL/CEMA_CARRIER_FAIRNESS_ABLATIONS_20260803/normalhead_auxoff/runs/lfp/nmc_goal_vcorr_it_train_dst_selector_results/normalauxoff_lfp_gru_normal_g0_holdoutfuds_s0123456789_b2048_e200_by_temperature.csv
LFP,G0,FUDS,5,-10.0,5.38194551520491,6.700578774490808,${SOURCE_WORKSPACE}/DL/CEMA_CARRIER_FAIRNESS_ABLATIONS_20260803/normalhead_auxoff/runs/lfp/nmc_goal_vcorr_it_train_dst_selector_results/normalauxoff_lfp_gru_normal_g0_holdoutfuds_s0123456789_b2048_e200_by_temperature.csv
LFP,G0,FUDS,5,0.0,3.950369684968333,5.271825186659301,${SOURCE_WORKSPACE}/DL/CEMA_CARRIER_FAIRNESS_ABLATIONS_20260803/normalhead_auxoff/runs/lfp/nmc_goal_vcorr_it_train_dst_selector_results/normalauxoff_lfp_gru_normal_g0_holdoutfuds_s0123456789_b2048_e200_by_temperature.csv
LFP,G0,FUDS,5,10.0,3.524104239101543,4.721058561688588,${SOURCE_WORKSPACE}/DL/CEMA_CARRIER_FAIRNESS_ABLATIONS_20260803/normalhead_auxoff/runs/lfp/nmc_goal_vcorr_it_train_dst_selector_results/normalauxoff_lfp_gru_normal_g0_holdoutfuds_s0123456789_b2048_e200_by_temperature.csv
LFP,G0,FUDS,5,20.0,2.8036038091814524,3.864752700298298,${SOURCE_WORKSPACE}/DL/CEMA_CARRIER_FAIRNESS_ABLATIONS_20260803/normalhead_auxoff/runs/lfp/nmc_goal_vcorr_it_train_dst_selector_results/normalauxoff_lfp_gru_normal_g0_holdoutfuds_s0123456789_b2048_e200_by_temperature.csv
LFP,G0,FUDS,5,25.0,2.7491070217209144,3.8153796521504177,${SOURCE_WORKSPACE}/DL/CEMA_CARRIER_FAIRNESS_ABLATIONS_20260803/normalhead_auxoff/runs/lfp/nmc_goal_vcorr_it_train_dst_selector_results/normalauxoff_lfp_gru_normal_g0_holdoutfuds_s0123456789_b2048_e200_by_temperature.csv
LFP,G0,FUDS,5,30.0,2.160538024510405,3.138043022128207,${SOURCE_WORKSPACE}/DL/CEMA_CARRIER_FAIRNESS_ABLATIONS_20260803/normalhead_auxoff/runs/lfp/nmc_goal_vcorr_it_train_dst_selector_results/normalauxoff_lfp_gru_normal_g0_holdoutfuds_s0123456789_b2048_e200_by_temperature.csv
LFP,G0,FUDS,5,40.0,1.779160187339099,2.694195920971214,${SOURCE_WORKSPACE}/DL/CEMA_CARRIER_FAIRNESS_ABLATIONS_20260803/normalhead_auxoff/runs/lfp/nmc_goal_vcorr_it_train_dst_selector_results/normalauxoff_lfp_gru_normal_g0_holdoutfuds_s0123456789_b2048_e200_by_temperature.csv
LFP,G0,FUDS,5,50.0,1.3812946241105226,2.236196021700633,${SOURCE_WORKSPACE}/DL/CEMA_CARRIER_FAIRNESS_ABLATIONS_20260803/normalhead_auxoff/runs/lfp/nmc_goal_vcorr_it_train_dst_selector_results/normalauxoff_lfp_gru_normal_g0_holdoutfuds_s0123456789_b2048_e200_by_temperature.csv
LFP,G0,FUDS,6,-10.0,5.138993818890135,6.44449553339402,${SOURCE_WORKSPACE}/DL/CEMA_CARRIER_FAIRNESS_ABLATIONS_20260803/normalhead_auxoff/runs/lfp/nmc_goal_vcorr_it_train_dst_selector_results/normalauxoff_lfp_gru_normal_g0_holdoutfuds_s0123456789_b2048_e200_by_temperature.csv
LFP,G0,FUDS,6,0.0,3.801402434631808,5.123813294558711,${SOURCE_WORKSPACE}/DL/CEMA_CARRIER_FAIRNESS_ABLATIONS_20260803/normalhead_auxoff/runs/lfp/nmc_goal_vcorr_it_train_dst_selector_results/normalauxoff_lfp_gru_normal_g0_holdoutfuds_s0123456789_b2048_e200_by_temperature.csv
LFP,G0,FUDS,6,10.0,3.3604040391729386,4.5392606699115285,${SOURCE_WORKSPACE}/DL/CEMA_CARRIER_FAIRNESS_ABLATIONS_20260803/normalhead_auxoff/runs/lfp/nmc_goal_vcorr_it_train_dst_selector_results/normalauxoff_lfp_gru_normal_g0_holdoutfuds_s0123456789_b2048_e200_by_temperature.csv
LFP,G0,FUDS,6,20.0,2.573157435598859,3.657194777332815,${SOURCE_WORKSPACE}/DL/CEMA_CARRIER_FAIRNESS_ABLATIONS_20260803/normalhead_auxoff/runs/lfp/nmc_goal_vcorr_it_train_dst_selector_results/normalauxoff_lfp_gru_normal_g0_holdoutfuds_s0123456789_b2048_e200_by_temperature.csv
LFP,G0,FUDS,6,25.0,2.474925564593115,3.528871624329493,${SOURCE_WORKSPACE}/DL/CEMA_CARRIER_FAIRNESS_ABLATIONS_20260803/normalhead_auxoff/runs/lfp/nmc_goal_vcorr_it_train_dst_selector_results/normalauxoff_lfp_gru_normal_g0_holdoutfuds_s0123456789_b2048_e200_by_temperature.csv
LFP,G0,FUDS,6,30.0,1.974309994366357,2.954829192420347,${SOURCE_WORKSPACE}/DL/CEMA_CARRIER_FAIRNESS_ABLATIONS_20260803/normalhead_auxoff/runs/lfp/nmc_goal_vcorr_it_train_dst_selector_results/normalauxoff_lfp_gru_normal_g0_holdoutfuds_s0123456789_b2048_e200_by_temperature.csv
LFP,G0,FUDS,6,40.0,1.545586689231975,2.4405895878229167,${SOURCE_WORKSPACE}/DL/CEMA_CARRIER_FAIRNESS_ABLATIONS_20260803/normalhead_auxoff/runs/lfp/nmc_goal_vcorr_it_train_dst_selector_results/normalauxoff_lfp_gru_normal_g0_holdoutfuds_s0123456789_b2048_e200_by_temperature.csv
LFP,G0,FUDS,6,50.0,1.2368829141605475,2.020156660320528,${SOURCE_WORKSPACE}/DL/CEMA_CARRIER_FAIRNESS_ABLATIONS_20260803/normalhead_auxoff/runs/lfp/nmc_goal_vcorr_it_train_dst_selector_results/normalauxoff_lfp_gru_normal_g0_holdoutfuds_s0123456789_b2048_e200_by_temperature.csv
LFP,G0,FUDS,7,-10.0,4.663977820642944,5.839358755960864,${SOURCE_WORKSPACE}/DL/CEMA_CARRIER_FAIRNESS_ABLATIONS_20260803/normalhead_auxoff/runs/lfp/nmc_goal_vcorr_it_train_dst_selector_results/normalauxoff_lfp_gru_normal_g0_holdoutfuds_s0123456789_b2048_e200_by_temperature.csv
LFP,G0,FUDS,7,0.0,3.4409489977385443,4.661911587546454,${SOURCE_WORKSPACE}/DL/CEMA_CARRIER_FAIRNESS_ABLATIONS_20260803/normalhead_auxoff/runs/lfp/nmc_goal_vcorr_it_train_dst_selector_results/normalauxoff_lfp_gru_normal_g0_holdoutfuds_s0123456789_b2048_e200_by_temperature.csv
LFP,G0,FUDS,7,10.0,3.0958800349135696,4.205042522994369,${SOURCE_WORKSPACE}/DL/CEMA_CARRIER_FAIRNESS_ABLATIONS_20260803/normalhead_auxoff/runs/lfp/nmc_goal_vcorr_it_train_dst_selector_results/normalauxoff_lfp_gru_normal_g0_holdoutfuds_s0123456789_b2048_e200_by_temperature.csv
LFP,G0,FUDS,7,20.0,2.333581135969916,3.320206749684376,${SOURCE_WORKSPACE}/DL/CEMA_CARRIER_FAIRNESS_ABLATIONS_20260803/normalhead_auxoff/runs/lfp/nmc_goal_vcorr_it_train_dst_selector_results/normalauxoff_lfp_gru_normal_g0_holdoutfuds_s0123456789_b2048_e200_by_temperature.csv
LFP,G0,FUDS,7,25.0,2.3664641963089323,3.3251542430042305,${SOURCE_WORKSPACE}/DL/CEMA_CARRIER_FAIRNESS_ABLATIONS_20260803/normalhead_auxoff/runs/lfp/nmc_goal_vcorr_it_train_dst_selector_results/normalauxoff_lfp_gru_normal_g0_holdoutfuds_s0123456789_b2048_e200_by_temperature.csv
LFP,G0,FUDS,7,30.0,1.740848262261358,2.6333164430278746,${SOURCE_WORKSPACE}/DL/CEMA_CARRIER_FAIRNESS_ABLATIONS_20260803/normalhead_auxoff/runs/lfp/nmc_goal_vcorr_it_train_dst_selector_results/normalauxoff_lfp_gru_normal_g0_holdoutfuds_s0123456789_b2048_e200_by_temperature.csv
LFP,G0,FUDS,7,40.0,1.4054589607845758,2.1947152508805443,${SOURCE_WORKSPACE}/DL/CEMA_CARRIER_FAIRNESS_ABLATIONS_20260803/normalhead_auxoff/runs/lfp/nmc_goal_vcorr_it_train_dst_selector_results/normalauxoff_lfp_gru_normal_g0_holdoutfuds_s0123456789_b2048_e200_by_temperature.csv
LFP,G0,FUDS,7,50.0,1.1157985341840444,1.7946003780674804,${SOURCE_WORKSPACE}/DL/CEMA_CARRIER_FAIRNESS_ABLATIONS_20260803/normalhead_auxoff/runs/lfp/nmc_goal_vcorr_it_train_dst_selector_results/normalauxoff_lfp_gru_normal_g0_holdoutfuds_s0123456789_b2048_e200_by_temperature.csv
LFP,G0,FUDS,8,-10.0,4.89870297741241,6.101695413572244,${SOURCE_WORKSPACE}/DL/CEMA_CARRIER_FAIRNESS_ABLATIONS_20260803/normalhead_auxoff/runs/lfp/nmc_goal_vcorr_it_train_dst_selector_results/normalauxoff_lfp_gru_normal_g0_holdoutfuds_s0123456789_b2048_e200_by_temperature.csv
LFP,G0,FUDS,8,0.0,3.652531275711553,4.841137039141814,${SOURCE_WORKSPACE}/DL/CEMA_CARRIER_FAIRNESS_ABLATIONS_20260803/normalhead_auxoff/runs/lfp/nmc_goal_vcorr_it_train_dst_selector_results/normalauxoff_lfp_gru_normal_g0_holdoutfuds_s0123456789_b2048_e200_by_temperature.csv
LFP,G0,FUDS,8,10.0,3.26935043193696,4.348170085556627,${SOURCE_WORKSPACE}/DL/CEMA_CARRIER_FAIRNESS_ABLATIONS_20260803/normalhead_auxoff/runs/lfp/nmc_goal_vcorr_it_train_dst_selector_results/normalauxoff_lfp_gru_normal_g0_holdoutfuds_s0123456789_b2048_e200_by_temperature.csv
LFP,G0,FUDS,8,20.0,2.496149084751878,3.491536376260624,${SOURCE_WORKSPACE}/DL/CEMA_CARRIER_FAIRNESS_ABLATIONS_20260803/normalhead_auxoff/runs/lfp/nmc_goal_vcorr_it_train_dst_selector_results/normalauxoff_lfp_gru_normal_g0_holdoutfuds_s0123456789_b2048_e200_by_temperature.csv
LFP,G0,FUDS,8,25.0,2.532192776148785,3.48811639106419,${SOURCE_WORKSPACE}/DL/CEMA_CARRIER_FAIRNESS_ABLATIONS_20260803/normalhead_auxoff/runs/lfp/nmc_goal_vcorr_it_train_dst_selector_results/normalauxoff_lfp_gru_normal_g0_holdoutfuds_s0123456789_b2048_e200_by_temperature.csv
LFP,G0,FUDS,8,30.0,1.9094273482236697,2.82988736122053,${SOURCE_WORKSPACE}/DL/CEMA_CARRIER_FAIRNESS_ABLATIONS_20260803/normalhead_auxoff/runs/lfp/nmc_goal_vcorr_it_train_dst_selector_results/normalauxoff_lfp_gru_normal_g0_holdoutfuds_s0123456789_b2048_e200_by_temperature.csv
LFP,G0,FUDS,8,40.0,1.5694564708375824,2.387350996688519,${SOURCE_WORKSPACE}/DL/CEMA_CARRIER_FAIRNESS_ABLATIONS_20260803/normalhead_auxoff/runs/lfp/nmc_goal_vcorr_it_train_dst_selector_results/normalauxoff_lfp_gru_normal_g0_holdoutfuds_s0123456789_b2048_e200_by_temperature.csv
LFP,G0,FUDS,8,50.0,1.2466412329626493,1.958497763435498,${SOURCE_WORKSPACE}/DL/CEMA_CARRIER_FAIRNESS_ABLATIONS_20260803/normalhead_auxoff/runs/lfp/nmc_goal_vcorr_it_train_dst_selector_results/normalauxoff_lfp_gru_normal_g0_holdoutfuds_s0123456789_b2048_e200_by_temperature.csv
LFP,G0,FUDS,9,-10.0,4.870833902676278,6.065963063273676,${SOURCE_WORKSPACE}/DL/CEMA_CARRIER_FAIRNESS_ABLATIONS_20260803/normalhead_auxoff/runs/lfp/nmc_goal_vcorr_it_train_dst_selector_results/normalauxoff_lfp_gru_normal_g0_holdoutfuds_s0123456789_b2048_e200_by_temperature.csv
LFP,G0,FUDS,9,0.0,3.635253207938584,4.807987783705085,${SOURCE_WORKSPACE}/DL/CEMA_CARRIER_FAIRNESS_ABLATIONS_20260803/normalhead_auxoff/runs/lfp/nmc_goal_vcorr_it_train_dst_selector_results/normalauxoff_lfp_gru_normal_g0_holdoutfuds_s0123456789_b2048_e200_by_temperature.csv
LFP,G0,FUDS,9,10.0,3.3477873259537447,4.43614854291784,${SOURCE_WORKSPACE}/DL/CEMA_CARRIER_FAIRNESS_ABLATIONS_20260803/normalhead_auxoff/runs/lfp/nmc_goal_vcorr_it_train_dst_selector_results/normalauxoff_lfp_gru_normal_g0_holdoutfuds_s0123456789_b2048_e200_by_temperature.csv
LFP,G0,FUDS,9,20.0,2.517129440343138,3.5284989519477006,${SOURCE_WORKSPACE}/DL/CEMA_CARRIER_FAIRNESS_ABLATIONS_20260803/normalhead_auxoff/runs/lfp/nmc_goal_vcorr_it_train_dst_selector_results/normalauxoff_lfp_gru_normal_g0_holdoutfuds_s0123456789_b2048_e200_by_temperature.csv
LFP,G0,FUDS,9,25.0,2.5697043435944407,3.5701533235302327,${SOURCE_WORKSPACE}/DL/CEMA_CARRIER_FAIRNESS_ABLATIONS_20260803/normalhead_auxoff/runs/lfp/nmc_goal_vcorr_it_train_dst_selector_results/normalauxoff_lfp_gru_normal_g0_holdoutfuds_s0123456789_b2048_e200_by_temperature.csv
LFP,G0,FUDS,9,30.0,1.9485517596979312,2.894394356457747,${SOURCE_WORKSPACE}/DL/CEMA_CARRIER_FAIRNESS_ABLATIONS_20260803/normalhead_auxoff/runs/lfp/nmc_goal_vcorr_it_train_dst_selector_results/normalauxoff_lfp_gru_normal_g0_holdoutfuds_s0123456789_b2048_e200_by_temperature.csv
LFP,G0,FUDS,9,40.0,1.5843512765248784,2.4264968158882305,${SOURCE_WORKSPACE}/DL/CEMA_CARRIER_FAIRNESS_ABLATIONS_20260803/normalhead_auxoff/runs/lfp/nmc_goal_vcorr_it_train_dst_selector_results/normalauxoff_lfp_gru_normal_g0_holdoutfuds_s0123456789_b2048_e200_by_temperature.csv
LFP,G0,FUDS,9,50.0,1.2087168893669114,1.964951168182276,${SOURCE_WORKSPACE}/DL/CEMA_CARRIER_FAIRNESS_ABLATIONS_20260803/normalhead_auxoff/runs/lfp/nmc_goal_vcorr_it_train_dst_selector_results/normalauxoff_lfp_gru_normal_g0_holdoutfuds_s0123456789_b2048_e200_by_temperature.csv
LFP,G0,US06,0,-10.0,4.817735698052713,6.20504664524024,${SOURCE_WORKSPACE}/DL/CEMA_CARRIER_FAIRNESS_ABLATIONS_20260803/normalhead_auxoff/runs/lfp/nmc_goal_vcorr_it_train_dst_selector_results/normalauxoff_lfp_gru_normal_g0_holdoutus06_s0123456789_b2048_e200_by_temperature.csv
LFP,G0,US06,0,0.0,3.1576503573758194,4.301008423776817,${SOURCE_WORKSPACE}/DL/CEMA_CARRIER_FAIRNESS_ABLATIONS_20260803/normalhead_auxoff/runs/lfp/nmc_goal_vcorr_it_train_dst_selector_results/normalauxoff_lfp_gru_normal_g0_holdoutus06_s0123456789_b2048_e200_by_temperature.csv
LFP,G0,US06,0,10.0,2.732446329438068,3.790834917106544,${SOURCE_WORKSPACE}/DL/CEMA_CARRIER_FAIRNESS_ABLATIONS_20260803/normalhead_auxoff/runs/lfp/nmc_goal_vcorr_it_train_dst_selector_results/normalauxoff_lfp_gru_normal_g0_holdoutus06_s0123456789_b2048_e200_by_temperature.csv
LFP,G0,US06,0,20.0,2.238708406421351,3.0406840069561225,${SOURCE_WORKSPACE}/DL/CEMA_CARRIER_FAIRNESS_ABLATIONS_20260803/normalhead_auxoff/runs/lfp/nmc_goal_vcorr_it_train_dst_selector_results/normalauxoff_lfp_gru_normal_g0_holdoutus06_s0123456789_b2048_e200_by_temperature.csv
LFP,G0,US06,0,25.0,1.7704602328765993,2.607649031829234,${SOURCE_WORKSPACE}/DL/CEMA_CARRIER_FAIRNESS_ABLATIONS_20260803/normalhead_auxoff/runs/lfp/nmc_goal_vcorr_it_train_dst_selector_results/normalauxoff_lfp_gru_normal_g0_holdoutus06_s0123456789_b2048_e200_by_temperature.csv
LFP,G0,US06,0,30.0,1.865626074128334,2.6762549294143256,${SOURCE_WORKSPACE}/DL/CEMA_CARRIER_FAIRNESS_ABLATIONS_20260803/normalhead_auxoff/runs/lfp/nmc_goal_vcorr_it_train_dst_selector_results/normalauxoff_lfp_gru_normal_g0_holdoutus06_s0123456789_b2048_e200_by_temperature.csv
LFP,G0,US06,0,40.0,1.2685182432291624,1.95457152947546,${SOURCE_WORKSPACE}/DL/CEMA_CARRIER_FAIRNESS_ABLATIONS_20260803/normalhead_auxoff/runs/lfp/nmc_goal_vcorr_it_train_dst_selector_results/normalauxoff_lfp_gru_normal_g0_holdoutus06_s0123456789_b2048_e200_by_temperature.csv
LFP,G0,US06,0,50.0,0.993016276753572,1.5545562338003729,${SOURCE_WORKSPACE}/DL/CEMA_CARRIER_FAIRNESS_ABLATIONS_20260803/normalhead_auxoff/runs/lfp/nmc_goal_vcorr_it_train_dst_selector_results/normalauxoff_lfp_gru_normal_g0_holdoutus06_s0123456789_b2048_e200_by_temperature.csv
LFP,G0,US06,1,-10.0,4.633910564874994,6.0890946105901165,${SOURCE_WORKSPACE}/DL/CEMA_CARRIER_FAIRNESS_ABLATIONS_20260803/normalhead_auxoff/runs/lfp/nmc_goal_vcorr_it_train_dst_selector_results/normalauxoff_lfp_gru_normal_g0_holdoutus06_s0123456789_b2048_e200_by_temperature.csv
LFP,G0,US06,1,0.0,3.1330819385419644,4.341502880661524,${SOURCE_WORKSPACE}/DL/CEMA_CARRIER_FAIRNESS_ABLATIONS_20260803/normalhead_auxoff/runs/lfp/nmc_goal_vcorr_it_train_dst_selector_results/normalauxoff_lfp_gru_normal_g0_holdoutus06_s0123456789_b2048_e200_by_temperature.csv
LFP,G0,US06,1,10.0,2.7229514362306286,3.9110862448169423,${SOURCE_WORKSPACE}/DL/CEMA_CARRIER_FAIRNESS_ABLATIONS_20260803/normalhead_auxoff/runs/lfp/nmc_goal_vcorr_it_train_dst_selector_results/normalauxoff_lfp_gru_normal_g0_holdoutus06_s0123456789_b2048_e200_by_temperature.csv
LFP,G0,US06,1,20.0,2.305334933501366,3.252507327242222,${SOURCE_WORKSPACE}/DL/CEMA_CARRIER_FAIRNESS_ABLATIONS_20260803/normalhead_auxoff/runs/lfp/nmc_goal_vcorr_it_train_dst_selector_results/normalauxoff_lfp_gru_normal_g0_holdoutus06_s0123456789_b2048_e200_by_temperature.csv
LFP,G0,US06,1,25.0,1.9001077625471243,2.823812671974221,${SOURCE_WORKSPACE}/DL/CEMA_CARRIER_FAIRNESS_ABLATIONS_20260803/normalhead_auxoff/runs/lfp/nmc_goal_vcorr_it_train_dst_selector_results/normalauxoff_lfp_gru_normal_g0_holdoutus06_s0123456789_b2048_e200_by_temperature.csv
LFP,G0,US06,1,30.0,1.9051400942715333,2.8226582522019394,${SOURCE_WORKSPACE}/DL/CEMA_CARRIER_FAIRNESS_ABLATIONS_20260803/normalhead_auxoff/runs/lfp/nmc_goal_vcorr_it_train_dst_selector_results/normalauxoff_lfp_gru_normal_g0_holdoutus06_s0123456789_b2048_e200_by_temperature.csv
LFP,G0,US06,1,40.0,1.4676401000194268,2.278806180471822,${SOURCE_WORKSPACE}/DL/CEMA_CARRIER_FAIRNESS_ABLATIONS_20260803/normalhead_auxoff/runs/lfp/nmc_goal_vcorr_it_train_dst_selector_results/normalauxoff_lfp_gru_normal_g0_holdoutus06_s0123456789_b2048_e200_by_temperature.csv
LFP,G0,US06,1,50.0,1.2863964026667147,1.9947671803519575,${SOURCE_WORKSPACE}/DL/CEMA_CARRIER_FAIRNESS_ABLATIONS_20260803/normalhead_auxoff/runs/lfp/nmc_goal_vcorr_it_train_dst_selector_results/normalauxoff_lfp_gru_normal_g0_holdoutus06_s0123456789_b2048_e200_by_temperature.csv
LFP,G0,US06,2,-10.0,4.488391230493884,5.861947755985014,${SOURCE_WORKSPACE}/DL/CEMA_CARRIER_FAIRNESS_ABLATIONS_20260803/normalhead_auxoff/runs/lfp/nmc_goal_vcorr_it_train_dst_selector_results/normalauxoff_lfp_gru_normal_g0_holdoutus06_s0123456789_b2048_e200_by_temperature.csv
LFP,G0,US06,2,0.0,2.969660191418156,4.073674111796752,${SOURCE_WORKSPACE}/DL/CEMA_CARRIER_FAIRNESS_ABLATIONS_20260803/normalhead_auxoff/runs/lfp/nmc_goal_vcorr_it_train_dst_selector_results/normalauxoff_lfp_gru_normal_g0_holdoutus06_s0123456789_b2048_e200_by_temperature.csv
LFP,G0,US06,2,10.0,2.431422738701446,3.4380023988744783,${SOURCE_WORKSPACE}/DL/CEMA_CARRIER_FAIRNESS_ABLATIONS_20260803/normalhead_auxoff/runs/lfp/nmc_goal_vcorr_it_train_dst_selector_results/normalauxoff_lfp_gru_normal_g0_holdoutus06_s0123456789_b2048_e200_by_temperature.csv
LFP,G0,US06,2,20.0,1.9158403827145356,2.6959945352550085,${SOURCE_WORKSPACE}/DL/CEMA_CARRIER_FAIRNESS_ABLATIONS_20260803/normalhead_auxoff/runs/lfp/nmc_goal_vcorr_it_train_dst_selector_results/normalauxoff_lfp_gru_normal_g0_holdoutus06_s0123456789_b2048_e200_by_temperature.csv
LFP,G0,US06,2,25.0,1.4906834368769253,2.274925087015748,${SOURCE_WORKSPACE}/DL/CEMA_CARRIER_FAIRNESS_ABLATIONS_20260803/normalhead_auxoff/runs/lfp/nmc_goal_vcorr_it_train_dst_selector_results/normalauxoff_lfp_gru_normal_g0_holdoutus06_s0123456789_b2048_e200_by_temperature.csv
LFP,G0,US06,2,30.0,1.509786293384207,2.305315362240849,${SOURCE_WORKSPACE}/DL/CEMA_CARRIER_FAIRNESS_ABLATIONS_20260803/normalhead_auxoff/runs/lfp/nmc_goal_vcorr_it_train_dst_selector_results/normalauxoff_lfp_gru_normal_g0_holdoutus06_s0123456789_b2048_e200_by_temperature.csv
LFP,G0,US06,2,40.0,1.1440196198590462,1.7545169925534172,${SOURCE_WORKSPACE}/DL/CEMA_CARRIER_FAIRNESS_ABLATIONS_20260803/normalhead_auxoff/runs/lfp/nmc_goal_vcorr_it_train_dst_selector_results/normalauxoff_lfp_gru_normal_g0_holdoutus06_s0123456789_b2048_e200_by_temperature.csv
LFP,G0,US06,2,50.0,0.996742153382154,1.4901021433817598,${SOURCE_WORKSPACE}/DL/CEMA_CARRIER_FAIRNESS_ABLATIONS_20260803/normalhead_auxoff/runs/lfp/nmc_goal_vcorr_it_train_dst_selector_results/normalauxoff_lfp_gru_normal_g0_holdoutus06_s0123456789_b2048_e200_by_temperature.csv
LFP,G0,US06,3,-10.0,4.731455266511079,6.180299874867176,${SOURCE_WORKSPACE}/DL/CEMA_CARRIER_FAIRNESS_ABLATIONS_20260803/normalhead_auxoff/runs/lfp/nmc_goal_vcorr_it_train_dst_selector_results/normalauxoff_lfp_gru_normal_g0_holdoutus06_s0123456789_b2048_e200_by_temperature.csv
LFP,G0,US06,3,0.0,3.0146100102688664,4.109888152684483,${SOURCE_WORKSPACE}/DL/CEMA_CARRIER_FAIRNESS_ABLATIONS_20260803/normalhead_auxoff/runs/lfp/nmc_goal_vcorr_it_train_dst_selector_results/normalauxoff_lfp_gru_normal_g0_holdoutus06_s0123456789_b2048_e200_by_temperature.csv
LFP,G0,US06,3,10.0,2.298708402935066,3.2352194465657624,${SOURCE_WORKSPACE}/DL/CEMA_CARRIER_FAIRNESS_ABLATIONS_20260803/normalhead_auxoff/runs/lfp/nmc_goal_vcorr_it_train_dst_selector_results/normalauxoff_lfp_gru_normal_g0_holdoutus06_s0123456789_b2048_e200_by_temperature.csv
LFP,G0,US06,3,20.0,1.8520184808759763,2.5787101461425563,${SOURCE_WORKSPACE}/DL/CEMA_CARRIER_FAIRNESS_ABLATIONS_20260803/normalhead_auxoff/runs/lfp/nmc_goal_vcorr_it_train_dst_selector_results/normalauxoff_lfp_gru_normal_g0_holdoutus06_s0123456789_b2048_e200_by_temperature.csv
LFP,G0,US06,3,25.0,1.411677759785699,2.1499358142546576,${SOURCE_WORKSPACE}/DL/CEMA_CARRIER_FAIRNESS_ABLATIONS_20260803/normalhead_auxoff/runs/lfp/nmc_goal_vcorr_it_train_dst_selector_results/normalauxoff_lfp_gru_normal_g0_holdoutus06_s0123456789_b2048_e200_by_temperature.csv
LFP,G0,US06,3,30.0,1.4982464501073545,2.2723310988258407,${SOURCE_WORKSPACE}/DL/CEMA_CARRIER_FAIRNESS_ABLATIONS_20260803/normalhead_auxoff/runs/lfp/nmc_goal_vcorr_it_train_dst_selector_results/normalauxoff_lfp_gru_normal_g0_holdoutus06_s0123456789_b2048_e200_by_temperature.csv
LFP,G0,US06,3,40.0,1.1077518821014662,1.7795308027794567,${SOURCE_WORKSPACE}/DL/CEMA_CARRIER_FAIRNESS_ABLATIONS_20260803/normalhead_auxoff/runs/lfp/nmc_goal_vcorr_it_train_dst_selector_results/normalauxoff_lfp_gru_normal_g0_holdoutus06_s0123456789_b2048_e200_by_temperature.csv
LFP,G0,US06,3,50.0,0.998643792834826,1.5562469636298024,${SOURCE_WORKSPACE}/DL/CEMA_CARRIER_FAIRNESS_ABLATIONS_20260803/normalhead_auxoff/runs/lfp/nmc_goal_vcorr_it_train_dst_selector_results/normalauxoff_lfp_gru_normal_g0_holdoutus06_s0123456789_b2048_e200_by_temperature.csv
LFP,G0,US06,4,-10.0,4.160038274577339,5.622677745032272,${SOURCE_WORKSPACE}/DL/CEMA_CARRIER_FAIRNESS_ABLATIONS_20260803/normalhead_auxoff/runs/lfp/nmc_goal_vcorr_it_train_dst_selector_results/normalauxoff_lfp_gru_normal_g0_holdoutus06_s0123456789_b2048_e200_by_temperature.csv
LFP,G0,US06,4,0.0,2.7513926863708598,3.9681119841652848,${SOURCE_WORKSPACE}/DL/CEMA_CARRIER_FAIRNESS_ABLATIONS_20260803/normalhead_auxoff/runs/lfp/nmc_goal_vcorr_it_train_dst_selector_results/normalauxoff_lfp_gru_normal_g0_holdoutus06_s0123456789_b2048_e200_by_temperature.csv
LFP,G0,US06,4,10.0,2.37905296188452,3.4805389597868657,${SOURCE_WORKSPACE}/DL/CEMA_CARRIER_FAIRNESS_ABLATIONS_20260803/normalhead_auxoff/runs/lfp/nmc_goal_vcorr_it_train_dst_selector_results/normalauxoff_lfp_gru_normal_g0_holdoutus06_s0123456789_b2048_e200_by_temperature.csv
LFP,G0,US06,4,20.0,1.9910756158626832,2.8876863811489217,${SOURCE_WORKSPACE}/DL/CEMA_CARRIER_FAIRNESS_ABLATIONS_20260803/normalhead_auxoff/runs/lfp/nmc_goal_vcorr_it_train_dst_selector_results/normalauxoff_lfp_gru_normal_g0_holdoutus06_s0123456789_b2048_e200_by_temperature.csv
LFP,G0,US06,4,25.0,1.6175595058757029,2.4649606261203107,${SOURCE_WORKSPACE}/DL/CEMA_CARRIER_FAIRNESS_ABLATIONS_20260803/normalhead_auxoff/runs/lfp/nmc_goal_vcorr_it_train_dst_selector_results/normalauxoff_lfp_gru_normal_g0_holdoutus06_s0123456789_b2048_e200_by_temperature.csv
LFP,G0,US06,4,30.0,1.674172080336381,2.543500018900999,${SOURCE_WORKSPACE}/DL/CEMA_CARRIER_FAIRNESS_ABLATIONS_20260803/normalhead_auxoff/runs/lfp/nmc_goal_vcorr_it_train_dst_selector_results/normalauxoff_lfp_gru_normal_g0_holdoutus06_s0123456789_b2048_e200_by_temperature.csv
LFP,G0,US06,4,40.0,1.2513189520778751,1.9476947850927744,${SOURCE_WORKSPACE}/DL/CEMA_CARRIER_FAIRNESS_ABLATIONS_20260803/normalhead_auxoff/runs/lfp/nmc_goal_vcorr_it_train_dst_selector_results/normalauxoff_lfp_gru_normal_g0_holdoutus06_s0123456789_b2048_e200_by_temperature.csv
LFP,G0,US06,4,50.0,1.1223208106857394,1.7383421419761058,${SOURCE_WORKSPACE}/DL/CEMA_CARRIER_FAIRNESS_ABLATIONS_20260803/normalhead_auxoff/runs/lfp/nmc_goal_vcorr_it_train_dst_selector_results/normalauxoff_lfp_gru_normal_g0_holdoutus06_s0123456789_b2048_e200_by_temperature.csv
LFP,G0,US06,5,-10.0,4.87596107411918,6.242731308816195,${SOURCE_WORKSPACE}/DL/CEMA_CARRIER_FAIRNESS_ABLATIONS_20260803/normalhead_auxoff/runs/lfp/nmc_goal_vcorr_it_train_dst_selector_results/normalauxoff_lfp_gru_normal_g0_holdoutus06_s0123456789_b2048_e200_by_temperature.csv
LFP,G0,US06,5,0.0,3.210156064099289,4.33029154708831,${SOURCE_WORKSPACE}/DL/CEMA_CARRIER_FAIRNESS_ABLATIONS_20260803/normalhead_auxoff/runs/lfp/nmc_goal_vcorr_it_train_dst_selector_results/normalauxoff_lfp_gru_normal_g0_holdoutus06_s0123456789_b2048_e200_by_temperature.csv
LFP,G0,US06,5,10.0,2.6358390219484127,3.7245705382985066,${SOURCE_WORKSPACE}/DL/CEMA_CARRIER_FAIRNESS_ABLATIONS_20260803/normalhead_auxoff/runs/lfp/nmc_goal_vcorr_it_train_dst_selector_results/normalauxoff_lfp_gru_normal_g0_holdoutus06_s0123456789_b2048_e200_by_temperature.csv
LFP,G0,US06,5,20.0,2.221169551283204,3.122808343909179,${SOURCE_WORKSPACE}/DL/CEMA_CARRIER_FAIRNESS_ABLATIONS_20260803/normalhead_auxoff/runs/lfp/nmc_goal_vcorr_it_train_dst_selector_results/normalauxoff_lfp_gru_normal_g0_holdoutus06_s0123456789_b2048_e200_by_temperature.csv
LFP,G0,US06,5,25.0,1.776659378235093,2.717317346915633,${SOURCE_WORKSPACE}/DL/CEMA_CARRIER_FAIRNESS_ABLATIONS_20260803/normalhead_auxoff/runs/lfp/nmc_goal_vcorr_it_train_dst_selector_results/normalauxoff_lfp_gru_normal_g0_holdoutus06_s0123456789_b2048_e200_by_temperature.csv
LFP,G0,US06,5,30.0,1.8359850314680868,2.746456491635964,${SOURCE_WORKSPACE}/DL/CEMA_CARRIER_FAIRNESS_ABLATIONS_20260803/normalhead_auxoff/runs/lfp/nmc_goal_vcorr_it_train_dst_selector_results/normalauxoff_lfp_gru_normal_g0_holdoutus06_s0123456789_b2048_e200_by_temperature.csv
LFP,G0,US06,5,40.0,1.408980033026353,2.1863758263700106,${SOURCE_WORKSPACE}/DL/CEMA_CARRIER_FAIRNESS_ABLATIONS_20260803/normalhead_auxoff/runs/lfp/nmc_goal_vcorr_it_train_dst_selector_results/normalauxoff_lfp_gru_normal_g0_holdoutus06_s0123456789_b2048_e200_by_temperature.csv
LFP,G0,US06,5,50.0,1.2072284279277046,1.89155314585528,${SOURCE_WORKSPACE}/DL/CEMA_CARRIER_FAIRNESS_ABLATIONS_20260803/normalhead_auxoff/runs/lfp/nmc_goal_vcorr_it_train_dst_selector_results/normalauxoff_lfp_gru_normal_g0_holdoutus06_s0123456789_b2048_e200_by_temperature.csv
LFP,G0,US06,6,-10.0,4.8879840543449005,6.266619642545679,${SOURCE_WORKSPACE}/DL/CEMA_CARRIER_FAIRNESS_ABLATIONS_20260803/normalhead_auxoff/runs/lfp/nmc_goal_vcorr_it_train_dst_selector_results/normalauxoff_lfp_gru_normal_g0_holdoutus06_s0123456789_b2048_e200_by_temperature.csv
LFP,G0,US06,6,0.0,3.3310907178480424,4.491758306765874,${SOURCE_WORKSPACE}/DL/CEMA_CARRIER_FAIRNESS_ABLATIONS_20260803/normalhead_auxoff/runs/lfp/nmc_goal_vcorr_it_train_dst_selector_results/normalauxoff_lfp_gru_normal_g0_holdoutus06_s0123456789_b2048_e200_by_temperature.csv
LFP,G0,US06,6,10.0,2.693530463066572,3.765830072154344,${SOURCE_WORKSPACE}/DL/CEMA_CARRIER_FAIRNESS_ABLATIONS_20260803/normalhead_auxoff/runs/lfp/nmc_goal_vcorr_it_train_dst_selector_results/normalauxoff_lfp_gru_normal_g0_holdoutus06_s0123456789_b2048_e200_by_temperature.csv
LFP,G0,US06,6,20.0,2.1543698687503974,3.024632591550586,${SOURCE_WORKSPACE}/DL/CEMA_CARRIER_FAIRNESS_ABLATIONS_20260803/normalhead_auxoff/runs/lfp/nmc_goal_vcorr_it_train_dst_selector_results/normalauxoff_lfp_gru_normal_g0_holdoutus06_s0123456789_b2048_e200_by_temperature.csv
LFP,G0,US06,6,25.0,1.8063497874663617,2.7245928236780563,${SOURCE_WORKSPACE}/DL/CEMA_CARRIER_FAIRNESS_ABLATIONS_20260803/normalhead_auxoff/runs/lfp/nmc_goal_vcorr_it_train_dst_selector_results/normalauxoff_lfp_gru_normal_g0_holdoutus06_s0123456789_b2048_e200_by_temperature.csv
LFP,G0,US06,6,30.0,1.7488772862595,2.594265610770086,${SOURCE_WORKSPACE}/DL/CEMA_CARRIER_FAIRNESS_ABLATIONS_20260803/normalhead_auxoff/runs/lfp/nmc_goal_vcorr_it_train_dst_selector_results/normalauxoff_lfp_gru_normal_g0_holdoutus06_s0123456789_b2048_e200_by_temperature.csv
LFP,G0,US06,6,40.0,1.3504094906135542,2.13001902559548,${SOURCE_WORKSPACE}/DL/CEMA_CARRIER_FAIRNESS_ABLATIONS_20260803/normalhead_auxoff/runs/lfp/nmc_goal_vcorr_it_train_dst_selector_results/normalauxoff_lfp_gru_normal_g0_holdoutus06_s0123456789_b2048_e200_by_temperature.csv
LFP,G0,US06,6,50.0,1.1461986190083993,1.798966791948022,${SOURCE_WORKSPACE}/DL/CEMA_CARRIER_FAIRNESS_ABLATIONS_20260803/normalhead_auxoff/runs/lfp/nmc_goal_vcorr_it_train_dst_selector_results/normalauxoff_lfp_gru_normal_g0_holdoutus06_s0123456789_b2048_e200_by_temperature.csv
LFP,G0,US06,7,-10.0,4.661113638567278,6.156037428574089,${SOURCE_WORKSPACE}/DL/CEMA_CARRIER_FAIRNESS_ABLATIONS_20260803/normalhead_auxoff/runs/lfp/nmc_goal_vcorr_it_train_dst_selector_results/normalauxoff_lfp_gru_normal_g0_holdoutus06_s0123456789_b2048_e200_by_temperature.csv
LFP,G0,US06,7,0.0,3.0469402427049186,4.213158286059228,${SOURCE_WORKSPACE}/DL/CEMA_CARRIER_FAIRNESS_ABLATIONS_20260803/normalhead_auxoff/runs/lfp/nmc_goal_vcorr_it_train_dst_selector_results/normalauxoff_lfp_gru_normal_g0_holdoutus06_s0123456789_b2048_e200_by_temperature.csv
LFP,G0,US06,7,10.0,2.496909159545082,3.612459563421485,${SOURCE_WORKSPACE}/DL/CEMA_CARRIER_FAIRNESS_ABLATIONS_20260803/normalhead_auxoff/runs/lfp/nmc_goal_vcorr_it_train_dst_selector_results/normalauxoff_lfp_gru_normal_g0_holdoutus06_s0123456789_b2048_e200_by_temperature.csv
LFP,G0,US06,7,20.0,2.17709133948422,3.12998604935178,${SOURCE_WORKSPACE}/DL/CEMA_CARRIER_FAIRNESS_ABLATIONS_20260803/normalhead_auxoff/runs/lfp/nmc_goal_vcorr_it_train_dst_selector_results/normalauxoff_lfp_gru_normal_g0_holdoutus06_s0123456789_b2048_e200_by_temperature.csv
LFP,G0,US06,7,25.0,1.6336767398765757,2.554374696414042,${SOURCE_WORKSPACE}/DL/CEMA_CARRIER_FAIRNESS_ABLATIONS_20260803/normalhead_auxoff/runs/lfp/nmc_goal_vcorr_it_train_dst_selector_results/normalauxoff_lfp_gru_normal_g0_holdoutus06_s0123456789_b2048_e200_by_temperature.csv
LFP,G0,US06,7,30.0,1.740365115478024,2.640690796646274,${SOURCE_WORKSPACE}/DL/CEMA_CARRIER_FAIRNESS_ABLATIONS_20260803/normalhead_auxoff/runs/lfp/nmc_goal_vcorr_it_train_dst_selector_results/normalauxoff_lfp_gru_normal_g0_holdoutus06_s0123456789_b2048_e200_by_temperature.csv
LFP,G0,US06,7,40.0,1.2914336987832131,2.0059974261368305,${SOURCE_WORKSPACE}/DL/CEMA_CARRIER_FAIRNESS_ABLATIONS_20260803/normalhead_auxoff/runs/lfp/nmc_goal_vcorr_it_train_dst_selector_results/normalauxoff_lfp_gru_normal_g0_holdoutus06_s0123456789_b2048_e200_by_temperature.csv
LFP,G0,US06,7,50.0,1.1383640156360473,1.7619930888597557,${SOURCE_WORKSPACE}/DL/CEMA_CARRIER_FAIRNESS_ABLATIONS_20260803/normalhead_auxoff/runs/lfp/nmc_goal_vcorr_it_train_dst_selector_results/normalauxoff_lfp_gru_normal_g0_holdoutus06_s0123456789_b2048_e200_by_temperature.csv
LFP,G0,US06,8,-10.0,4.9602730206701215,6.2835489638247966,${SOURCE_WORKSPACE}/DL/CEMA_CARRIER_FAIRNESS_ABLATIONS_20260803/normalhead_auxoff/runs/lfp/nmc_goal_vcorr_it_train_dst_selector_results/normalauxoff_lfp_gru_normal_g0_holdoutus06_s0123456789_b2048_e200_by_temperature.csv
LFP,G0,US06,8,0.0,3.241148398861045,4.386317761195122,${SOURCE_WORKSPACE}/DL/CEMA_CARRIER_FAIRNESS_ABLATIONS_20260803/normalhead_auxoff/runs/lfp/nmc_goal_vcorr_it_train_dst_selector_results/normalauxoff_lfp_gru_normal_g0_holdoutus06_s0123456789_b2048_e200_by_temperature.csv
LFP,G0,US06,8,10.0,2.70437649176382,3.762212190525077,${SOURCE_WORKSPACE}/DL/CEMA_CARRIER_FAIRNESS_ABLATIONS_20260803/normalhead_auxoff/runs/lfp/nmc_goal_vcorr_it_train_dst_selector_results/normalauxoff_lfp_gru_normal_g0_holdoutus06_s0123456789_b2048_e200_by_temperature.csv
LFP,G0,US06,8,20.0,2.1572878803192466,3.0090598011607304,${SOURCE_WORKSPACE}/DL/CEMA_CARRIER_FAIRNESS_ABLATIONS_20260803/normalhead_auxoff/runs/lfp/nmc_goal_vcorr_it_train_dst_selector_results/normalauxoff_lfp_gru_normal_g0_holdoutus06_s0123456789_b2048_e200_by_temperature.csv
LFP,G0,US06,8,25.0,1.6208207186205783,2.5026053649253344,${SOURCE_WORKSPACE}/DL/CEMA_CARRIER_FAIRNESS_ABLATIONS_20260803/normalhead_auxoff/runs/lfp/nmc_goal_vcorr_it_train_dst_selector_results/normalauxoff_lfp_gru_normal_g0_holdoutus06_s0123456789_b2048_e200_by_temperature.csv
LFP,G0,US06,8,30.0,1.65660591515023,2.4960421631327003,${SOURCE_WORKSPACE}/DL/CEMA_CARRIER_FAIRNESS_ABLATIONS_20260803/normalhead_auxoff/runs/lfp/nmc_goal_vcorr_it_train_dst_selector_results/normalauxoff_lfp_gru_normal_g0_holdoutus06_s0123456789_b2048_e200_by_temperature.csv
LFP,G0,US06,8,40.0,1.1622808448356,1.833901260566149,${SOURCE_WORKSPACE}/DL/CEMA_CARRIER_FAIRNESS_ABLATIONS_20260803/normalhead_auxoff/runs/lfp/nmc_goal_vcorr_it_train_dst_selector_results/normalauxoff_lfp_gru_normal_g0_holdoutus06_s0123456789_b2048_e200_by_temperature.csv
LFP,G0,US06,8,50.0,0.9540064673935718,1.4852584902649544,${SOURCE_WORKSPACE}/DL/CEMA_CARRIER_FAIRNESS_ABLATIONS_20260803/normalhead_auxoff/runs/lfp/nmc_goal_vcorr_it_train_dst_selector_results/normalauxoff_lfp_gru_normal_g0_holdoutus06_s0123456789_b2048_e200_by_temperature.csv
LFP,G0,US06,9,-10.0,4.682536890803647,6.131093385685506,${SOURCE_WORKSPACE}/DL/CEMA_CARRIER_FAIRNESS_ABLATIONS_20260803/normalhead_auxoff/runs/lfp/nmc_goal_vcorr_it_train_dst_selector_results/normalauxoff_lfp_gru_normal_g0_holdoutus06_s0123456789_b2048_e200_by_temperature.csv
LFP,G0,US06,9,0.0,3.117120376870844,4.273858724151801,${SOURCE_WORKSPACE}/DL/CEMA_CARRIER_FAIRNESS_ABLATIONS_20260803/normalhead_auxoff/runs/lfp/nmc_goal_vcorr_it_train_dst_selector_results/normalauxoff_lfp_gru_normal_g0_holdoutus06_s0123456789_b2048_e200_by_temperature.csv
LFP,G0,US06,9,10.0,2.5196153695469574,3.5855382128512145,${SOURCE_WORKSPACE}/DL/CEMA_CARRIER_FAIRNESS_ABLATIONS_20260803/normalhead_auxoff/runs/lfp/nmc_goal_vcorr_it_train_dst_selector_results/normalauxoff_lfp_gru_normal_g0_holdoutus06_s0123456789_b2048_e200_by_temperature.csv
LFP,G0,US06,9,20.0,2.1654502616901263,3.035761964792054,${SOURCE_WORKSPACE}/DL/CEMA_CARRIER_FAIRNESS_ABLATIONS_20260803/normalhead_auxoff/runs/lfp/nmc_goal_vcorr_it_train_dst_selector_results/normalauxoff_lfp_gru_normal_g0_holdoutus06_s0123456789_b2048_e200_by_temperature.csv
LFP,G0,US06,9,25.0,1.589996523434673,2.4442455621730703,${SOURCE_WORKSPACE}/DL/CEMA_CARRIER_FAIRNESS_ABLATIONS_20260803/normalhead_auxoff/runs/lfp/nmc_goal_vcorr_it_train_dst_selector_results/normalauxoff_lfp_gru_normal_g0_holdoutus06_s0123456789_b2048_e200_by_temperature.csv
LFP,G0,US06,9,30.0,1.6217827025410358,2.4384633529381,${SOURCE_WORKSPACE}/DL/CEMA_CARRIER_FAIRNESS_ABLATIONS_20260803/normalhead_auxoff/runs/lfp/nmc_goal_vcorr_it_train_dst_selector_results/normalauxoff_lfp_gru_normal_g0_holdoutus06_s0123456789_b2048_e200_by_temperature.csv
LFP,G0,US06,9,40.0,1.2414737937314313,1.9662848852410624,${SOURCE_WORKSPACE}/DL/CEMA_CARRIER_FAIRNESS_ABLATIONS_20260803/normalhead_auxoff/runs/lfp/nmc_goal_vcorr_it_train_dst_selector_results/normalauxoff_lfp_gru_normal_g0_holdoutus06_s0123456789_b2048_e200_by_temperature.csv
LFP,G0,US06,9,50.0,1.0068145074356534,1.5756046590487434,${SOURCE_WORKSPACE}/DL/CEMA_CARRIER_FAIRNESS_ABLATIONS_20260803/normalhead_auxoff/runs/lfp/nmc_goal_vcorr_it_train_dst_selector_results/normalauxoff_lfp_gru_normal_g0_holdoutus06_s0123456789_b2048_e200_by_temperature.csv
LFP,G4,DST,0,-10.0,0.6765467252977256,0.7940537953260141,${SOURCE_WORKSPACE}/DL/CEMA_CARRIER_FAIRNESS_ABLATIONS_20260803/normalhead_auxoff/runs/lfp/nmc_goal_vcorr_it_train_dst_selector_results/normalauxoff_lfp_gru_normal_g4_holdoutdst_s0123456789_b2048_e200_by_temperature.csv
LFP,G4,DST,0,0.0,0.5264274185162365,0.6340617901514776,${SOURCE_WORKSPACE}/DL/CEMA_CARRIER_FAIRNESS_ABLATIONS_20260803/normalhead_auxoff/runs/lfp/nmc_goal_vcorr_it_train_dst_selector_results/normalauxoff_lfp_gru_normal_g4_holdoutdst_s0123456789_b2048_e200_by_temperature.csv
LFP,G4,DST,0,10.0,0.4872115182937624,0.6423854326205145,${SOURCE_WORKSPACE}/DL/CEMA_CARRIER_FAIRNESS_ABLATIONS_20260803/normalhead_auxoff/runs/lfp/nmc_goal_vcorr_it_train_dst_selector_results/normalauxoff_lfp_gru_normal_g4_holdoutdst_s0123456789_b2048_e200_by_temperature.csv
LFP,G4,DST,0,20.0,0.5098093630756791,0.6273242198795753,${SOURCE_WORKSPACE}/DL/CEMA_CARRIER_FAIRNESS_ABLATIONS_20260803/normalhead_auxoff/runs/lfp/nmc_goal_vcorr_it_train_dst_selector_results/normalauxoff_lfp_gru_normal_g4_holdoutdst_s0123456789_b2048_e200_by_temperature.csv
LFP,G4,DST,0,25.0,0.4308859830281173,0.5690274445925847,${SOURCE_WORKSPACE}/DL/CEMA_CARRIER_FAIRNESS_ABLATIONS_20260803/normalhead_auxoff/runs/lfp/nmc_goal_vcorr_it_train_dst_selector_results/normalauxoff_lfp_gru_normal_g4_holdoutdst_s0123456789_b2048_e200_by_temperature.csv
LFP,G4,DST,0,30.0,0.4293983964245207,0.5560325346032655,${SOURCE_WORKSPACE}/DL/CEMA_CARRIER_FAIRNESS_ABLATIONS_20260803/normalhead_auxoff/runs/lfp/nmc_goal_vcorr_it_train_dst_selector_results/normalauxoff_lfp_gru_normal_g4_holdoutdst_s0123456789_b2048_e200_by_temperature.csv
LFP,G4,DST,0,40.0,0.4879431586273944,0.6239806327846564,${SOURCE_WORKSPACE}/DL/CEMA_CARRIER_FAIRNESS_ABLATIONS_20260803/normalhead_auxoff/runs/lfp/nmc_goal_vcorr_it_train_dst_selector_results/normalauxoff_lfp_gru_normal_g4_holdoutdst_s0123456789_b2048_e200_by_temperature.csv
LFP,G4,DST,0,50.0,0.5796347995585714,0.7305646754675175,${SOURCE_WORKSPACE}/DL/CEMA_CARRIER_FAIRNESS_ABLATIONS_20260803/normalhead_auxoff/runs/lfp/nmc_goal_vcorr_it_train_dst_selector_results/normalauxoff_lfp_gru_normal_g4_holdoutdst_s0123456789_b2048_e200_by_temperature.csv
LFP,G4,DST,1,-10.0,0.8397004529193344,1.0334366797927788,${SOURCE_WORKSPACE}/DL/CEMA_CARRIER_FAIRNESS_ABLATIONS_20260803/normalhead_auxoff/runs/lfp/nmc_goal_vcorr_it_train_dst_selector_results/normalauxoff_lfp_gru_normal_g4_holdoutdst_s0123456789_b2048_e200_by_temperature.csv
LFP,G4,DST,1,0.0,0.7365264057702093,0.8925883981328696,${SOURCE_WORKSPACE}/DL/CEMA_CARRIER_FAIRNESS_ABLATIONS_20260803/normalhead_auxoff/runs/lfp/nmc_goal_vcorr_it_train_dst_selector_results/normalauxoff_lfp_gru_normal_g4_holdoutdst_s0123456789_b2048_e200_by_temperature.csv
LFP,G4,DST,1,10.0,0.5419944457115311,0.6761792832818134,${SOURCE_WORKSPACE}/DL/CEMA_CARRIER_FAIRNESS_ABLATIONS_20260803/normalhead_auxoff/runs/lfp/nmc_goal_vcorr_it_train_dst_selector_results/normalauxoff_lfp_gru_normal_g4_holdoutdst_s0123456789_b2048_e200_by_temperature.csv
LFP,G4,DST,1,20.0,0.5042980615843549,0.6371325644491267,${SOURCE_WORKSPACE}/DL/CEMA_CARRIER_FAIRNESS_ABLATIONS_20260803/normalhead_auxoff/runs/lfp/nmc_goal_vcorr_it_train_dst_selector_results/normalauxoff_lfp_gru_normal_g4_holdoutdst_s0123456789_b2048_e200_by_temperature.csv
LFP,G4,DST,1,25.0,0.6105514738236901,0.743949497323022,${SOURCE_WORKSPACE}/DL/CEMA_CARRIER_FAIRNESS_ABLATIONS_20260803/normalhead_auxoff/runs/lfp/nmc_goal_vcorr_it_train_dst_selector_results/normalauxoff_lfp_gru_normal_g4_holdoutdst_s0123456789_b2048_e200_by_temperature.csv
LFP,G4,DST,1,30.0,0.4662402378433757,0.6053945698803289,${SOURCE_WORKSPACE}/DL/CEMA_CARRIER_FAIRNESS_ABLATIONS_20260803/normalhead_auxoff/runs/lfp/nmc_goal_vcorr_it_train_dst_selector_results/normalauxoff_lfp_gru_normal_g4_holdoutdst_s0123456789_b2048_e200_by_temperature.csv
LFP,G4,DST,1,40.0,0.6484000847535277,0.7916717201722892,${SOURCE_WORKSPACE}/DL/CEMA_CARRIER_FAIRNESS_ABLATIONS_20260803/normalhead_auxoff/runs/lfp/nmc_goal_vcorr_it_train_dst_selector_results/normalauxoff_lfp_gru_normal_g4_holdoutdst_s0123456789_b2048_e200_by_temperature.csv
LFP,G4,DST,1,50.0,0.7928673865742083,0.9572631563570796,${SOURCE_WORKSPACE}/DL/CEMA_CARRIER_FAIRNESS_ABLATIONS_20260803/normalhead_auxoff/runs/lfp/nmc_goal_vcorr_it_train_dst_selector_results/normalauxoff_lfp_gru_normal_g4_holdoutdst_s0123456789_b2048_e200_by_temperature.csv
LFP,G4,DST,2,-10.0,0.7231552940157332,0.867836617942221,${SOURCE_WORKSPACE}/DL/CEMA_CARRIER_FAIRNESS_ABLATIONS_20260803/normalhead_auxoff/runs/lfp/nmc_goal_vcorr_it_train_dst_selector_results/normalauxoff_lfp_gru_normal_g4_holdoutdst_s0123456789_b2048_e200_by_temperature.csv
LFP,G4,DST,2,0.0,0.5263344706525475,0.6422360343868286,${SOURCE_WORKSPACE}/DL/CEMA_CARRIER_FAIRNESS_ABLATIONS_20260803/normalhead_auxoff/runs/lfp/nmc_goal_vcorr_it_train_dst_selector_results/normalauxoff_lfp_gru_normal_g4_holdoutdst_s0123456789_b2048_e200_by_temperature.csv
LFP,G4,DST,2,10.0,0.4947092315750871,0.6346713330646048,${SOURCE_WORKSPACE}/DL/CEMA_CARRIER_FAIRNESS_ABLATIONS_20260803/normalhead_auxoff/runs/lfp/nmc_goal_vcorr_it_train_dst_selector_results/normalauxoff_lfp_gru_normal_g4_holdoutdst_s0123456789_b2048_e200_by_temperature.csv
LFP,G4,DST,2,20.0,0.5126978432734478,0.6721929575113459,${SOURCE_WORKSPACE}/DL/CEMA_CARRIER_FAIRNESS_ABLATIONS_20260803/normalhead_auxoff/runs/lfp/nmc_goal_vcorr_it_train_dst_selector_results/normalauxoff_lfp_gru_normal_g4_holdoutdst_s0123456789_b2048_e200_by_temperature.csv
LFP,G4,DST,2,25.0,0.4379792411497731,0.5524544371495009,${SOURCE_WORKSPACE}/DL/CEMA_CARRIER_FAIRNESS_ABLATIONS_20260803/normalhead_auxoff/runs/lfp/nmc_goal_vcorr_it_train_dst_selector_results/normalauxoff_lfp_gru_normal_g4_holdoutdst_s0123456789_b2048_e200_by_temperature.csv
LFP,G4,DST,2,30.0,0.4163878129503108,0.5616186437053605,${SOURCE_WORKSPACE}/DL/CEMA_CARRIER_FAIRNESS_ABLATIONS_20260803/normalhead_auxoff/runs/lfp/nmc_goal_vcorr_it_train_dst_selector_results/normalauxoff_lfp_gru_normal_g4_holdoutdst_s0123456789_b2048_e200_by_temperature.csv
LFP,G4,DST,2,40.0,0.5121559690297802,0.6311658664165107,${SOURCE_WORKSPACE}/DL/CEMA_CARRIER_FAIRNESS_ABLATIONS_20260803/normalhead_auxoff/runs/lfp/nmc_goal_vcorr_it_train_dst_selector_results/normalauxoff_lfp_gru_normal_g4_holdoutdst_s0123456789_b2048_e200_by_temperature.csv
LFP,G4,DST,2,50.0,0.5445420139155834,0.6692137592326771,${SOURCE_WORKSPACE}/DL/CEMA_CARRIER_FAIRNESS_ABLATIONS_20260803/normalhead_auxoff/runs/lfp/nmc_goal_vcorr_it_train_dst_selector_results/normalauxoff_lfp_gru_normal_g4_holdoutdst_s0123456789_b2048_e200_by_temperature.csv
LFP,G4,DST,3,-10.0,0.7206616224053938,0.875325154303592,${SOURCE_WORKSPACE}/DL/CEMA_CARRIER_FAIRNESS_ABLATIONS_20260803/normalhead_auxoff/runs/lfp/nmc_goal_vcorr_it_train_dst_selector_results/normalauxoff_lfp_gru_normal_g4_holdoutdst_s0123456789_b2048_e200_by_temperature.csv
LFP,G4,DST,3,0.0,0.5349268675243599,0.6601623213080642,${SOURCE_WORKSPACE}/DL/CEMA_CARRIER_FAIRNESS_ABLATIONS_20260803/normalhead_auxoff/runs/lfp/nmc_goal_vcorr_it_train_dst_selector_results/normalauxoff_lfp_gru_normal_g4_holdoutdst_s0123456789_b2048_e200_by_temperature.csv
LFP,G4,DST,3,10.0,0.4275790557568349,0.5476840609482544,${SOURCE_WORKSPACE}/DL/CEMA_CARRIER_FAIRNESS_ABLATIONS_20260803/normalhead_auxoff/runs/lfp/nmc_goal_vcorr_it_train_dst_selector_results/normalauxoff_lfp_gru_normal_g4_holdoutdst_s0123456789_b2048_e200_by_temperature.csv
LFP,G4,DST,3,20.0,0.4838786967897796,0.6198368151849997,${SOURCE_WORKSPACE}/DL/CEMA_CARRIER_FAIRNESS_ABLATIONS_20260803/normalhead_auxoff/runs/lfp/nmc_goal_vcorr_it_train_dst_selector_results/normalauxoff_lfp_gru_normal_g4_holdoutdst_s0123456789_b2048_e200_by_temperature.csv
LFP,G4,DST,3,25.0,0.4694034858127161,0.5781002036842068,${SOURCE_WORKSPACE}/DL/CEMA_CARRIER_FAIRNESS_ABLATIONS_20260803/normalhead_auxoff/runs/lfp/nmc_goal_vcorr_it_train_dst_selector_results/normalauxoff_lfp_gru_normal_g4_holdoutdst_s0123456789_b2048_e200_by_temperature.csv
LFP,G4,DST,3,30.0,0.4170673268684239,0.5404087157262001,${SOURCE_WORKSPACE}/DL/CEMA_CARRIER_FAIRNESS_ABLATIONS_20260803/normalhead_auxoff/runs/lfp/nmc_goal_vcorr_it_train_dst_selector_results/normalauxoff_lfp_gru_normal_g4_holdoutdst_s0123456789_b2048_e200_by_temperature.csv
LFP,G4,DST,3,40.0,0.4937867006611563,0.6012853210171946,${SOURCE_WORKSPACE}/DL/CEMA_CARRIER_FAIRNESS_ABLATIONS_20260803/normalhead_auxoff/runs/lfp/nmc_goal_vcorr_it_train_dst_selector_results/normalauxoff_lfp_gru_normal_g4_holdoutdst_s0123456789_b2048_e200_by_temperature.csv
LFP,G4,DST,3,50.0,0.5470448157631379,0.6504575153561222,${SOURCE_WORKSPACE}/DL/CEMA_CARRIER_FAIRNESS_ABLATIONS_20260803/normalhead_auxoff/runs/lfp/nmc_goal_vcorr_it_train_dst_selector_results/normalauxoff_lfp_gru_normal_g4_holdoutdst_s0123456789_b2048_e200_by_temperature.csv
LFP,G4,DST,4,-10.0,0.7076497155365311,0.8553354456635333,${SOURCE_WORKSPACE}/DL/CEMA_CARRIER_FAIRNESS_ABLATIONS_20260803/normalhead_auxoff/runs/lfp/nmc_goal_vcorr_it_train_dst_selector_results/normalauxoff_lfp_gru_normal_g4_holdoutdst_s0123456789_b2048_e200_by_temperature.csv
LFP,G4,DST,4,0.0,0.5294609527290537,0.6566580541037207,${SOURCE_WORKSPACE}/DL/CEMA_CARRIER_FAIRNESS_ABLATIONS_20260803/normalhead_auxoff/runs/lfp/nmc_goal_vcorr_it_train_dst_selector_results/normalauxoff_lfp_gru_normal_g4_holdoutdst_s0123456789_b2048_e200_by_temperature.csv
LFP,G4,DST,4,10.0,0.5354879268998358,0.6724323117210732,${SOURCE_WORKSPACE}/DL/CEMA_CARRIER_FAIRNESS_ABLATIONS_20260803/normalhead_auxoff/runs/lfp/nmc_goal_vcorr_it_train_dst_selector_results/normalauxoff_lfp_gru_normal_g4_holdoutdst_s0123456789_b2048_e200_by_temperature.csv
LFP,G4,DST,4,20.0,0.5311833290413519,0.6683680878403907,${SOURCE_WORKSPACE}/DL/CEMA_CARRIER_FAIRNESS_ABLATIONS_20260803/normalhead_auxoff/runs/lfp/nmc_goal_vcorr_it_train_dst_selector_results/normalauxoff_lfp_gru_normal_g4_holdoutdst_s0123456789_b2048_e200_by_temperature.csv
LFP,G4,DST,4,25.0,0.4954356869675289,0.6251615457006676,${SOURCE_WORKSPACE}/DL/CEMA_CARRIER_FAIRNESS_ABLATIONS_20260803/normalhead_auxoff/runs/lfp/nmc_goal_vcorr_it_train_dst_selector_results/normalauxoff_lfp_gru_normal_g4_holdoutdst_s0123456789_b2048_e200_by_temperature.csv
LFP,G4,DST,4,30.0,0.4530825387188004,0.5736541822517757,${SOURCE_WORKSPACE}/DL/CEMA_CARRIER_FAIRNESS_ABLATIONS_20260803/normalhead_auxoff/runs/lfp/nmc_goal_vcorr_it_train_dst_selector_results/normalauxoff_lfp_gru_normal_g4_holdoutdst_s0123456789_b2048_e200_by_temperature.csv
LFP,G4,DST,4,40.0,0.5676829300813777,0.6756926264111448,${SOURCE_WORKSPACE}/DL/CEMA_CARRIER_FAIRNESS_ABLATIONS_20260803/normalhead_auxoff/runs/lfp/nmc_goal_vcorr_it_train_dst_selector_results/normalauxoff_lfp_gru_normal_g4_holdoutdst_s0123456789_b2048_e200_by_temperature.csv
LFP,G4,DST,4,50.0,0.5868478699142035,0.7047304112236078,${SOURCE_WORKSPACE}/DL/CEMA_CARRIER_FAIRNESS_ABLATIONS_20260803/normalhead_auxoff/runs/lfp/nmc_goal_vcorr_it_train_dst_selector_results/normalauxoff_lfp_gru_normal_g4_holdoutdst_s0123456789_b2048_e200_by_temperature.csv
LFP,G4,DST,5,-10.0,0.7591315691200118,0.9478379688181412,${SOURCE_WORKSPACE}/DL/CEMA_CARRIER_FAIRNESS_ABLATIONS_20260803/normalhead_auxoff/runs/lfp/nmc_goal_vcorr_it_train_dst_selector_results/normalauxoff_lfp_gru_normal_g4_holdoutdst_s0123456789_b2048_e200_by_temperature.csv
LFP,G4,DST,5,0.0,0.6304778789691242,0.7910247553537783,${SOURCE_WORKSPACE}/DL/CEMA_CARRIER_FAIRNESS_ABLATIONS_20260803/normalhead_auxoff/runs/lfp/nmc_goal_vcorr_it_train_dst_selector_results/normalauxoff_lfp_gru_normal_g4_holdoutdst_s0123456789_b2048_e200_by_temperature.csv
LFP,G4,DST,5,10.0,0.5016754216446576,0.6312122679335961,${SOURCE_WORKSPACE}/DL/CEMA_CARRIER_FAIRNESS_ABLATIONS_20260803/normalhead_auxoff/runs/lfp/nmc_goal_vcorr_it_train_dst_selector_results/normalauxoff_lfp_gru_normal_g4_holdoutdst_s0123456789_b2048_e200_by_temperature.csv
LFP,G4,DST,5,20.0,0.5328395394934482,0.6717748629349356,${SOURCE_WORKSPACE}/DL/CEMA_CARRIER_FAIRNESS_ABLATIONS_20260803/normalhead_auxoff/runs/lfp/nmc_goal_vcorr_it_train_dst_selector_results/normalauxoff_lfp_gru_normal_g4_holdoutdst_s0123456789_b2048_e200_by_temperature.csv
LFP,G4,DST,5,25.0,0.4735418821491982,0.6408754610696048,${SOURCE_WORKSPACE}/DL/CEMA_CARRIER_FAIRNESS_ABLATIONS_20260803/normalhead_auxoff/runs/lfp/nmc_goal_vcorr_it_train_dst_selector_results/normalauxoff_lfp_gru_normal_g4_holdoutdst_s0123456789_b2048_e200_by_temperature.csv
LFP,G4,DST,5,30.0,0.5181995978166376,0.6827721197311135,${SOURCE_WORKSPACE}/DL/CEMA_CARRIER_FAIRNESS_ABLATIONS_20260803/normalhead_auxoff/runs/lfp/nmc_goal_vcorr_it_train_dst_selector_results/normalauxoff_lfp_gru_normal_g4_holdoutdst_s0123456789_b2048_e200_by_temperature.csv
LFP,G4,DST,5,40.0,0.6358938038598948,0.8020914125850169,${SOURCE_WORKSPACE}/DL/CEMA_CARRIER_FAIRNESS_ABLATIONS_20260803/normalhead_auxoff/runs/lfp/nmc_goal_vcorr_it_train_dst_selector_results/normalauxoff_lfp_gru_normal_g4_holdoutdst_s0123456789_b2048_e200_by_temperature.csv
LFP,G4,DST,5,50.0,0.7169615474811536,0.8865269851448051,${SOURCE_WORKSPACE}/DL/CEMA_CARRIER_FAIRNESS_ABLATIONS_20260803/normalhead_auxoff/runs/lfp/nmc_goal_vcorr_it_train_dst_selector_results/normalauxoff_lfp_gru_normal_g4_holdoutdst_s0123456789_b2048_e200_by_temperature.csv
LFP,G4,DST,6,-10.0,0.7796002071930777,0.8906667712946282,${SOURCE_WORKSPACE}/DL/CEMA_CARRIER_FAIRNESS_ABLATIONS_20260803/normalhead_auxoff/runs/lfp/nmc_goal_vcorr_it_train_dst_selector_results/normalauxoff_lfp_gru_normal_g4_holdoutdst_s0123456789_b2048_e200_by_temperature.csv
LFP,G4,DST,6,0.0,0.6447646807666447,0.7772030282895802,${SOURCE_WORKSPACE}/DL/CEMA_CARRIER_FAIRNESS_ABLATIONS_20260803/normalhead_auxoff/runs/lfp/nmc_goal_vcorr_it_train_dst_selector_results/normalauxoff_lfp_gru_normal_g4_holdoutdst_s0123456789_b2048_e200_by_temperature.csv
LFP,G4,DST,6,10.0,0.4990869795270672,0.6773897345533395,${SOURCE_WORKSPACE}/DL/CEMA_CARRIER_FAIRNESS_ABLATIONS_20260803/normalhead_auxoff/runs/lfp/nmc_goal_vcorr_it_train_dst_selector_results/normalauxoff_lfp_gru_normal_g4_holdoutdst_s0123456789_b2048_e200_by_temperature.csv
LFP,G4,DST,6,20.0,0.5501379150314899,0.7110799423731112,${SOURCE_WORKSPACE}/DL/CEMA_CARRIER_FAIRNESS_ABLATIONS_20260803/normalhead_auxoff/runs/lfp/nmc_goal_vcorr_it_train_dst_selector_results/normalauxoff_lfp_gru_normal_g4_holdoutdst_s0123456789_b2048_e200_by_temperature.csv
LFP,G4,DST,6,25.0,0.4108766769024009,0.529320845824868,${SOURCE_WORKSPACE}/DL/CEMA_CARRIER_FAIRNESS_ABLATIONS_20260803/normalhead_auxoff/runs/lfp/nmc_goal_vcorr_it_train_dst_selector_results/normalauxoff_lfp_gru_normal_g4_holdoutdst_s0123456789_b2048_e200_by_temperature.csv
LFP,G4,DST,6,30.0,0.4252365067401608,0.5336365425508545,${SOURCE_WORKSPACE}/DL/CEMA_CARRIER_FAIRNESS_ABLATIONS_20260803/normalhead_auxoff/runs/lfp/nmc_goal_vcorr_it_train_dst_selector_results/normalauxoff_lfp_gru_normal_g4_holdoutdst_s0123456789_b2048_e200_by_temperature.csv
LFP,G4,DST,6,40.0,0.4684389225772962,0.5796301550591533,${SOURCE_WORKSPACE}/DL/CEMA_CARRIER_FAIRNESS_ABLATIONS_20260803/normalhead_auxoff/runs/lfp/nmc_goal_vcorr_it_train_dst_selector_results/normalauxoff_lfp_gru_normal_g4_holdoutdst_s0123456789_b2048_e200_by_temperature.csv
LFP,G4,DST,6,50.0,0.572877444693629,0.6842711537986317,${SOURCE_WORKSPACE}/DL/CEMA_CARRIER_FAIRNESS_ABLATIONS_20260803/normalhead_auxoff/runs/lfp/nmc_goal_vcorr_it_train_dst_selector_results/normalauxoff_lfp_gru_normal_g4_holdoutdst_s0123456789_b2048_e200_by_temperature.csv
LFP,G4,DST,7,-10.0,0.6950547656448204,0.8312222643232031,${SOURCE_WORKSPACE}/DL/CEMA_CARRIER_FAIRNESS_ABLATIONS_20260803/normalhead_auxoff/runs/lfp/nmc_goal_vcorr_it_train_dst_selector_results/normalauxoff_lfp_gru_normal_g4_holdoutdst_s0123456789_b2048_e200_by_temperature.csv
LFP,G4,DST,7,0.0,0.6230383329601628,0.7741165405331916,${SOURCE_WORKSPACE}/DL/CEMA_CARRIER_FAIRNESS_ABLATIONS_20260803/normalhead_auxoff/runs/lfp/nmc_goal_vcorr_it_train_dst_selector_results/normalauxoff_lfp_gru_normal_g4_holdoutdst_s0123456789_b2048_e200_by_temperature.csv
LFP,G4,DST,7,10.0,0.5192239709063896,0.6614512875240961,${SOURCE_WORKSPACE}/DL/CEMA_CARRIER_FAIRNESS_ABLATIONS_20260803/normalhead_auxoff/runs/lfp/nmc_goal_vcorr_it_train_dst_selector_results/normalauxoff_lfp_gru_normal_g4_holdoutdst_s0123456789_b2048_e200_by_temperature.csv
LFP,G4,DST,7,20.0,0.5348666627314388,0.6548160241356311,${SOURCE_WORKSPACE}/DL/CEMA_CARRIER_FAIRNESS_ABLATIONS_20260803/normalhead_auxoff/runs/lfp/nmc_goal_vcorr_it_train_dst_selector_results/normalauxoff_lfp_gru_normal_g4_holdoutdst_s0123456789_b2048_e200_by_temperature.csv
LFP,G4,DST,7,25.0,0.4065073567476571,0.5623041200514562,${SOURCE_WORKSPACE}/DL/CEMA_CARRIER_FAIRNESS_ABLATIONS_20260803/normalhead_auxoff/runs/lfp/nmc_goal_vcorr_it_train_dst_selector_results/normalauxoff_lfp_gru_normal_g4_holdoutdst_s0123456789_b2048_e200_by_temperature.csv
LFP,G4,DST,7,30.0,0.4262725227241377,0.5793378334783528,${SOURCE_WORKSPACE}/DL/CEMA_CARRIER_FAIRNESS_ABLATIONS_20260803/normalhead_auxoff/runs/lfp/nmc_goal_vcorr_it_train_dst_selector_results/normalauxoff_lfp_gru_normal_g4_holdoutdst_s0123456789_b2048_e200_by_temperature.csv
LFP,G4,DST,7,40.0,0.4988155115838468,0.6581525258179604,${SOURCE_WORKSPACE}/DL/CEMA_CARRIER_FAIRNESS_ABLATIONS_20260803/normalhead_auxoff/runs/lfp/nmc_goal_vcorr_it_train_dst_selector_results/normalauxoff_lfp_gru_normal_g4_holdoutdst_s0123456789_b2048_e200_by_temperature.csv
LFP,G4,DST,7,50.0,0.5704050826126068,0.698000230716461,${SOURCE_WORKSPACE}/DL/CEMA_CARRIER_FAIRNESS_ABLATIONS_20260803/normalhead_auxoff/runs/lfp/nmc_goal_vcorr_it_train_dst_selector_results/normalauxoff_lfp_gru_normal_g4_holdoutdst_s0123456789_b2048_e200_by_temperature.csv
LFP,G4,DST,8,-10.0,0.711419325047942,0.8644530895012569,${SOURCE_WORKSPACE}/DL/CEMA_CARRIER_FAIRNESS_ABLATIONS_20260803/normalhead_auxoff/runs/lfp/nmc_goal_vcorr_it_train_dst_selector_results/normalauxoff_lfp_gru_normal_g4_holdoutdst_s0123456789_b2048_e200_by_temperature.csv
LFP,G4,DST,8,0.0,0.5667594897659478,0.6765780382630686,${SOURCE_WORKSPACE}/DL/CEMA_CARRIER_FAIRNESS_ABLATIONS_20260803/normalhead_auxoff/runs/lfp/nmc_goal_vcorr_it_train_dst_selector_results/normalauxoff_lfp_gru_normal_g4_holdoutdst_s0123456789_b2048_e200_by_temperature.csv
LFP,G4,DST,8,10.0,0.4176418352493298,0.5369237049701838,${SOURCE_WORKSPACE}/DL/CEMA_CARRIER_FAIRNESS_ABLATIONS_20260803/normalhead_auxoff/runs/lfp/nmc_goal_vcorr_it_train_dst_selector_results/normalauxoff_lfp_gru_normal_g4_holdoutdst_s0123456789_b2048_e200_by_temperature.csv
LFP,G4,DST,8,20.0,0.4485534839404,0.5595131113105751,${SOURCE_WORKSPACE}/DL/CEMA_CARRIER_FAIRNESS_ABLATIONS_20260803/normalhead_auxoff/runs/lfp/nmc_goal_vcorr_it_train_dst_selector_results/normalauxoff_lfp_gru_normal_g4_holdoutdst_s0123456789_b2048_e200_by_temperature.csv
LFP,G4,DST,8,25.0,0.393348897247794,0.524105161242775,${SOURCE_WORKSPACE}/DL/CEMA_CARRIER_FAIRNESS_ABLATIONS_20260803/normalhead_auxoff/runs/lfp/nmc_goal_vcorr_it_train_dst_selector_results/normalauxoff_lfp_gru_normal_g4_holdoutdst_s0123456789_b2048_e200_by_temperature.csv
LFP,G4,DST,8,30.0,0.41797638842676,0.5549029549994425,${SOURCE_WORKSPACE}/DL/CEMA_CARRIER_FAIRNESS_ABLATIONS_20260803/normalhead_auxoff/runs/lfp/nmc_goal_vcorr_it_train_dst_selector_results/normalauxoff_lfp_gru_normal_g4_holdoutdst_s0123456789_b2048_e200_by_temperature.csv
LFP,G4,DST,8,40.0,0.4947798089657472,0.6560504154101782,${SOURCE_WORKSPACE}/DL/CEMA_CARRIER_FAIRNESS_ABLATIONS_20260803/normalhead_auxoff/runs/lfp/nmc_goal_vcorr_it_train_dst_selector_results/normalauxoff_lfp_gru_normal_g4_holdoutdst_s0123456789_b2048_e200_by_temperature.csv
LFP,G4,DST,8,50.0,0.574937442308813,0.7068030729939784,${SOURCE_WORKSPACE}/DL/CEMA_CARRIER_FAIRNESS_ABLATIONS_20260803/normalhead_auxoff/runs/lfp/nmc_goal_vcorr_it_train_dst_selector_results/normalauxoff_lfp_gru_normal_g4_holdoutdst_s0123456789_b2048_e200_by_temperature.csv
LFP,G4,DST,9,-10.0,0.7295437642473659,0.8846653262781728,${SOURCE_WORKSPACE}/DL/CEMA_CARRIER_FAIRNESS_ABLATIONS_20260803/normalhead_auxoff/runs/lfp/nmc_goal_vcorr_it_train_dst_selector_results/normalauxoff_lfp_gru_normal_g4_holdoutdst_s0123456789_b2048_e200_by_temperature.csv
LFP,G4,DST,9,0.0,0.5339957520157979,0.6731600489575629,${SOURCE_WORKSPACE}/DL/CEMA_CARRIER_FAIRNESS_ABLATIONS_20260803/normalhead_auxoff/runs/lfp/nmc_goal_vcorr_it_train_dst_selector_results/normalauxoff_lfp_gru_normal_g4_holdoutdst_s0123456789_b2048_e200_by_temperature.csv
LFP,G4,DST,9,10.0,0.4277328342144222,0.5437663251529855,${SOURCE_WORKSPACE}/DL/CEMA_CARRIER_FAIRNESS_ABLATIONS_20260803/normalhead_auxoff/runs/lfp/nmc_goal_vcorr_it_train_dst_selector_results/normalauxoff_lfp_gru_normal_g4_holdoutdst_s0123456789_b2048_e200_by_temperature.csv
LFP,G4,DST,9,20.0,0.4386733246796184,0.5503912318650909,${SOURCE_WORKSPACE}/DL/CEMA_CARRIER_FAIRNESS_ABLATIONS_20260803/normalhead_auxoff/runs/lfp/nmc_goal_vcorr_it_train_dst_selector_results/normalauxoff_lfp_gru_normal_g4_holdoutdst_s0123456789_b2048_e200_by_temperature.csv
LFP,G4,DST,9,25.0,0.3978271980496732,0.5000380502543142,${SOURCE_WORKSPACE}/DL/CEMA_CARRIER_FAIRNESS_ABLATIONS_20260803/normalhead_auxoff/runs/lfp/nmc_goal_vcorr_it_train_dst_selector_results/normalauxoff_lfp_gru_normal_g4_holdoutdst_s0123456789_b2048_e200_by_temperature.csv
LFP,G4,DST,9,30.0,0.3849410572033937,0.490612420840754,${SOURCE_WORKSPACE}/DL/CEMA_CARRIER_FAIRNESS_ABLATIONS_20260803/normalhead_auxoff/runs/lfp/nmc_goal_vcorr_it_train_dst_selector_results/normalauxoff_lfp_gru_normal_g4_holdoutdst_s0123456789_b2048_e200_by_temperature.csv
LFP,G4,DST,9,40.0,0.5464634742868322,0.6579225526356776,${SOURCE_WORKSPACE}/DL/CEMA_CARRIER_FAIRNESS_ABLATIONS_20260803/normalhead_auxoff/runs/lfp/nmc_goal_vcorr_it_train_dst_selector_results/normalauxoff_lfp_gru_normal_g4_holdoutdst_s0123456789_b2048_e200_by_temperature.csv
LFP,G4,DST,9,50.0,0.5649860244462881,0.6811872414672449,${SOURCE_WORKSPACE}/DL/CEMA_CARRIER_FAIRNESS_ABLATIONS_20260803/normalhead_auxoff/runs/lfp/nmc_goal_vcorr_it_train_dst_selector_results/normalauxoff_lfp_gru_normal_g4_holdoutdst_s0123456789_b2048_e200_by_temperature.csv
LFP,G4,FUDS,0,-10.0,0.9807968071783338,1.1478672822000744,${SOURCE_WORKSPACE}/DL/CEMA_CARRIER_FAIRNESS_ABLATIONS_20260803/normalhead_auxoff/runs/lfp/nmc_goal_vcorr_it_train_dst_selector_results/normalauxoff_lfp_gru_normal_g4_holdoutfuds_s0123456789_b2048_e200_by_temperature.csv
LFP,G4,FUDS,0,0.0,0.860925624461287,1.092723275140347,${SOURCE_WORKSPACE}/DL/CEMA_CARRIER_FAIRNESS_ABLATIONS_20260803/normalhead_auxoff/runs/lfp/nmc_goal_vcorr_it_train_dst_selector_results/normalauxoff_lfp_gru_normal_g4_holdoutfuds_s0123456789_b2048_e200_by_temperature.csv
LFP,G4,FUDS,0,10.0,0.9547507078656784,1.3691404854665472,${SOURCE_WORKSPACE}/DL/CEMA_CARRIER_FAIRNESS_ABLATIONS_20260803/normalhead_auxoff/runs/lfp/nmc_goal_vcorr_it_train_dst_selector_results/normalauxoff_lfp_gru_normal_g4_holdoutfuds_s0123456789_b2048_e200_by_temperature.csv
LFP,G4,FUDS,0,20.0,0.9271777486912972,1.361111366867758,${SOURCE_WORKSPACE}/DL/CEMA_CARRIER_FAIRNESS_ABLATIONS_20260803/normalhead_auxoff/runs/lfp/nmc_goal_vcorr_it_train_dst_selector_results/normalauxoff_lfp_gru_normal_g4_holdoutfuds_s0123456789_b2048_e200_by_temperature.csv
LFP,G4,FUDS,0,25.0,1.0635574707548003,1.5711841944462568,${SOURCE_WORKSPACE}/DL/CEMA_CARRIER_FAIRNESS_ABLATIONS_20260803/normalhead_auxoff/runs/lfp/nmc_goal_vcorr_it_train_dst_selector_results/normalauxoff_lfp_gru_normal_g4_holdoutfuds_s0123456789_b2048_e200_by_temperature.csv
LFP,G4,FUDS,0,30.0,1.021939824686931,1.4570531887210667,${SOURCE_WORKSPACE}/DL/CEMA_CARRIER_FAIRNESS_ABLATIONS_20260803/normalhead_auxoff/runs/lfp/nmc_goal_vcorr_it_train_dst_selector_results/normalauxoff_lfp_gru_normal_g4_holdoutfuds_s0123456789_b2048_e200_by_temperature.csv
LFP,G4,FUDS,0,40.0,1.0580312399801497,1.4973442015880207,${SOURCE_WORKSPACE}/DL/CEMA_CARRIER_FAIRNESS_ABLATIONS_20260803/normalhead_auxoff/runs/lfp/nmc_goal_vcorr_it_train_dst_selector_results/normalauxoff_lfp_gru_normal_g4_holdoutfuds_s0123456789_b2048_e200_by_temperature.csv
LFP,G4,FUDS,0,50.0,1.1277372744094434,1.5702799860625178,${SOURCE_WORKSPACE}/DL/CEMA_CARRIER_FAIRNESS_ABLATIONS_20260803/normalhead_auxoff/runs/lfp/nmc_goal_vcorr_it_train_dst_selector_results/normalauxoff_lfp_gru_normal_g4_holdoutfuds_s0123456789_b2048_e200_by_temperature.csv
LFP,G4,FUDS,1,-10.0,1.0319027224589743,1.3040778958424983,${SOURCE_WORKSPACE}/DL/CEMA_CARRIER_FAIRNESS_ABLATIONS_20260803/normalhead_auxoff/runs/lfp/nmc_goal_vcorr_it_train_dst_selector_results/normalauxoff_lfp_gru_normal_g4_holdoutfuds_s0123456789_b2048_e200_by_temperature.csv
LFP,G4,FUDS,1,0.0,0.9224509593829436,1.3748195649228168,${SOURCE_WORKSPACE}/DL/CEMA_CARRIER_FAIRNESS_ABLATIONS_20260803/normalhead_auxoff/runs/lfp/nmc_goal_vcorr_it_train_dst_selector_results/normalauxoff_lfp_gru_normal_g4_holdoutfuds_s0123456789_b2048_e200_by_temperature.csv
LFP,G4,FUDS,1,10.0,0.9104243575838994,1.277063720575082,${SOURCE_WORKSPACE}/DL/CEMA_CARRIER_FAIRNESS_ABLATIONS_20260803/normalhead_auxoff/runs/lfp/nmc_goal_vcorr_it_train_dst_selector_results/normalauxoff_lfp_gru_normal_g4_holdoutfuds_s0123456789_b2048_e200_by_temperature.csv
LFP,G4,FUDS,1,20.0,0.6971771346402836,0.9265348613400084,${SOURCE_WORKSPACE}/DL/CEMA_CARRIER_FAIRNESS_ABLATIONS_20260803/normalhead_auxoff/runs/lfp/nmc_goal_vcorr_it_train_dst_selector_results/normalauxoff_lfp_gru_normal_g4_holdoutfuds_s0123456789_b2048_e200_by_temperature.csv
LFP,G4,FUDS,1,25.0,0.8191232291886704,1.0645232144398278,${SOURCE_WORKSPACE}/DL/CEMA_CARRIER_FAIRNESS_ABLATIONS_20260803/normalhead_auxoff/runs/lfp/nmc_goal_vcorr_it_train_dst_selector_results/normalauxoff_lfp_gru_normal_g4_holdoutfuds_s0123456789_b2048_e200_by_temperature.csv
LFP,G4,FUDS,1,30.0,0.6663694113545343,0.8547488201299978,${SOURCE_WORKSPACE}/DL/CEMA_CARRIER_FAIRNESS_ABLATIONS_20260803/normalhead_auxoff/runs/lfp/nmc_goal_vcorr_it_train_dst_selector_results/normalauxoff_lfp_gru_normal_g4_holdoutfuds_s0123456789_b2048_e200_by_temperature.csv
LFP,G4,FUDS,1,40.0,0.6753201914713952,0.8405178975256635,${SOURCE_WORKSPACE}/DL/CEMA_CARRIER_FAIRNESS_ABLATIONS_20260803/normalhead_auxoff/runs/lfp/nmc_goal_vcorr_it_train_dst_selector_results/normalauxoff_lfp_gru_normal_g4_holdoutfuds_s0123456789_b2048_e200_by_temperature.csv
LFP,G4,FUDS,1,50.0,0.8917771209885723,1.0737940024157049,${SOURCE_WORKSPACE}/DL/CEMA_CARRIER_FAIRNESS_ABLATIONS_20260803/normalhead_auxoff/runs/lfp/nmc_goal_vcorr_it_train_dst_selector_results/normalauxoff_lfp_gru_normal_g4_holdoutfuds_s0123456789_b2048_e200_by_temperature.csv
LFP,G4,FUDS,2,-10.0,0.9035746369618916,1.1500048320247955,${SOURCE_WORKSPACE}/DL/CEMA_CARRIER_FAIRNESS_ABLATIONS_20260803/normalhead_auxoff/runs/lfp/nmc_goal_vcorr_it_train_dst_selector_results/normalauxoff_lfp_gru_normal_g4_holdoutfuds_s0123456789_b2048_e200_by_temperature.csv
LFP,G4,FUDS,2,0.0,0.7919464775408589,1.1877070985128315,${SOURCE_WORKSPACE}/DL/CEMA_CARRIER_FAIRNESS_ABLATIONS_20260803/normalhead_auxoff/runs/lfp/nmc_goal_vcorr_it_train_dst_selector_results/normalauxoff_lfp_gru_normal_g4_holdoutfuds_s0123456789_b2048_e200_by_temperature.csv
LFP,G4,FUDS,2,10.0,0.6823431136448183,1.1301660547511838,${SOURCE_WORKSPACE}/DL/CEMA_CARRIER_FAIRNESS_ABLATIONS_20260803/normalhead_auxoff/runs/lfp/nmc_goal_vcorr_it_train_dst_selector_results/normalauxoff_lfp_gru_normal_g4_holdoutfuds_s0123456789_b2048_e200_by_temperature.csv
LFP,G4,FUDS,2,20.0,0.6328990359456971,0.9376947835422192,${SOURCE_WORKSPACE}/DL/CEMA_CARRIER_FAIRNESS_ABLATIONS_20260803/normalhead_auxoff/runs/lfp/nmc_goal_vcorr_it_train_dst_selector_results/normalauxoff_lfp_gru_normal_g4_holdoutfuds_s0123456789_b2048_e200_by_temperature.csv
LFP,G4,FUDS,2,25.0,0.6777852834711695,1.0527209702142626,${SOURCE_WORKSPACE}/DL/CEMA_CARRIER_FAIRNESS_ABLATIONS_20260803/normalhead_auxoff/runs/lfp/nmc_goal_vcorr_it_train_dst_selector_results/normalauxoff_lfp_gru_normal_g4_holdoutfuds_s0123456789_b2048_e200_by_temperature.csv
LFP,G4,FUDS,2,30.0,0.682260383540462,0.9064482933681556,${SOURCE_WORKSPACE}/DL/CEMA_CARRIER_FAIRNESS_ABLATIONS_20260803/normalhead_auxoff/runs/lfp/nmc_goal_vcorr_it_train_dst_selector_results/normalauxoff_lfp_gru_normal_g4_holdoutfuds_s0123456789_b2048_e200_by_temperature.csv
LFP,G4,FUDS,2,40.0,0.7155667929586652,0.8920451504733579,${SOURCE_WORKSPACE}/DL/CEMA_CARRIER_FAIRNESS_ABLATIONS_20260803/normalhead_auxoff/runs/lfp/nmc_goal_vcorr_it_train_dst_selector_results/normalauxoff_lfp_gru_normal_g4_holdoutfuds_s0123456789_b2048_e200_by_temperature.csv
LFP,G4,FUDS,2,50.0,0.8979884181996488,1.0800050759977633,${SOURCE_WORKSPACE}/DL/CEMA_CARRIER_FAIRNESS_ABLATIONS_20260803/normalhead_auxoff/runs/lfp/nmc_goal_vcorr_it_train_dst_selector_results/normalauxoff_lfp_gru_normal_g4_holdoutfuds_s0123456789_b2048_e200_by_temperature.csv
LFP,G4,FUDS,3,-10.0,1.0678783851763338,1.3904397032131417,${SOURCE_WORKSPACE}/DL/CEMA_CARRIER_FAIRNESS_ABLATIONS_20260803/normalhead_auxoff/runs/lfp/nmc_goal_vcorr_it_train_dst_selector_results/normalauxoff_lfp_gru_normal_g4_holdoutfuds_s0123456789_b2048_e200_by_temperature.csv
LFP,G4,FUDS,3,0.0,0.9471114282546416,1.2537852277766155,${SOURCE_WORKSPACE}/DL/CEMA_CARRIER_FAIRNESS_ABLATIONS_20260803/normalhead_auxoff/runs/lfp/nmc_goal_vcorr_it_train_dst_selector_results/normalauxoff_lfp_gru_normal_g4_holdoutfuds_s0123456789_b2048_e200_by_temperature.csv
LFP,G4,FUDS,3,10.0,0.7095658631427322,1.008362292804891,${SOURCE_WORKSPACE}/DL/CEMA_CARRIER_FAIRNESS_ABLATIONS_20260803/normalhead_auxoff/runs/lfp/nmc_goal_vcorr_it_train_dst_selector_results/normalauxoff_lfp_gru_normal_g4_holdoutfuds_s0123456789_b2048_e200_by_temperature.csv
LFP,G4,FUDS,3,20.0,0.7129103064553494,0.9369158934479096,${SOURCE_WORKSPACE}/DL/CEMA_CARRIER_FAIRNESS_ABLATIONS_20260803/normalhead_auxoff/runs/lfp/nmc_goal_vcorr_it_train_dst_selector_results/normalauxoff_lfp_gru_normal_g4_holdoutfuds_s0123456789_b2048_e200_by_temperature.csv
LFP,G4,FUDS,3,25.0,0.7044110746799102,0.9734483244975104,${SOURCE_WORKSPACE}/DL/CEMA_CARRIER_FAIRNESS_ABLATIONS_20260803/normalhead_auxoff/runs/lfp/nmc_goal_vcorr_it_train_dst_selector_results/normalauxoff_lfp_gru_normal_g4_holdoutfuds_s0123456789_b2048_e200_by_temperature.csv
LFP,G4,FUDS,3,30.0,0.7485156866993891,0.9580432496927104,${SOURCE_WORKSPACE}/DL/CEMA_CARRIER_FAIRNESS_ABLATIONS_20260803/normalhead_auxoff/runs/lfp/nmc_goal_vcorr_it_train_dst_selector_results/normalauxoff_lfp_gru_normal_g4_holdoutfuds_s0123456789_b2048_e200_by_temperature.csv
LFP,G4,FUDS,3,40.0,0.8208695375075424,1.0368806878653598,${SOURCE_WORKSPACE}/DL/CEMA_CARRIER_FAIRNESS_ABLATIONS_20260803/normalhead_auxoff/runs/lfp/nmc_goal_vcorr_it_train_dst_selector_results/normalauxoff_lfp_gru_normal_g4_holdoutfuds_s0123456789_b2048_e200_by_temperature.csv
LFP,G4,FUDS,3,50.0,0.9602322093083696,1.2075769493685746,${SOURCE_WORKSPACE}/DL/CEMA_CARRIER_FAIRNESS_ABLATIONS_20260803/normalhead_auxoff/runs/lfp/nmc_goal_vcorr_it_train_dst_selector_results/normalauxoff_lfp_gru_normal_g4_holdoutfuds_s0123456789_b2048_e200_by_temperature.csv
LFP,G4,FUDS,4,-10.0,1.2035768241183311,1.4536580454073915,${SOURCE_WORKSPACE}/DL/CEMA_CARRIER_FAIRNESS_ABLATIONS_20260803/normalhead_auxoff/runs/lfp/nmc_goal_vcorr_it_train_dst_selector_results/normalauxoff_lfp_gru_normal_g4_holdoutfuds_s0123456789_b2048_e200_by_temperature.csv
LFP,G4,FUDS,4,0.0,1.021268585133878,1.3419654624516806,${SOURCE_WORKSPACE}/DL/CEMA_CARRIER_FAIRNESS_ABLATIONS_20260803/normalhead_auxoff/runs/lfp/nmc_goal_vcorr_it_train_dst_selector_results/normalauxoff_lfp_gru_normal_g4_holdoutfuds_s0123456789_b2048_e200_by_temperature.csv
LFP,G4,FUDS,4,10.0,1.048126432600566,1.330829593629128,${SOURCE_WORKSPACE}/DL/CEMA_CARRIER_FAIRNESS_ABLATIONS_20260803/normalhead_auxoff/runs/lfp/nmc_goal_vcorr_it_train_dst_selector_results/normalauxoff_lfp_gru_normal_g4_holdoutfuds_s0123456789_b2048_e200_by_temperature.csv
LFP,G4,FUDS,4,20.0,0.726023353795575,0.9290561125972644,${SOURCE_WORKSPACE}/DL/CEMA_CARRIER_FAIRNESS_ABLATIONS_20260803/normalhead_auxoff/runs/lfp/nmc_goal_vcorr_it_train_dst_selector_results/normalauxoff_lfp_gru_normal_g4_holdoutfuds_s0123456789_b2048_e200_by_temperature.csv
LFP,G4,FUDS,4,25.0,0.7512867068163476,0.9522198088811932,${SOURCE_WORKSPACE}/DL/CEMA_CARRIER_FAIRNESS_ABLATIONS_20260803/normalhead_auxoff/runs/lfp/nmc_goal_vcorr_it_train_dst_selector_results/normalauxoff_lfp_gru_normal_g4_holdoutfuds_s0123456789_b2048_e200_by_temperature.csv
LFP,G4,FUDS,4,30.0,0.5901458538334419,0.7677559845049764,${SOURCE_WORKSPACE}/DL/CEMA_CARRIER_FAIRNESS_ABLATIONS_20260803/normalhead_auxoff/runs/lfp/nmc_goal_vcorr_it_train_dst_selector_results/normalauxoff_lfp_gru_normal_g4_holdoutfuds_s0123456789_b2048_e200_by_temperature.csv
LFP,G4,FUDS,4,40.0,0.6047947154385206,0.768741476452514,${SOURCE_WORKSPACE}/DL/CEMA_CARRIER_FAIRNESS_ABLATIONS_20260803/normalhead_auxoff/runs/lfp/nmc_goal_vcorr_it_train_dst_selector_results/normalauxoff_lfp_gru_normal_g4_holdoutfuds_s0123456789_b2048_e200_by_temperature.csv
LFP,G4,FUDS,4,50.0,0.7822507253484228,0.9478217795629582,${SOURCE_WORKSPACE}/DL/CEMA_CARRIER_FAIRNESS_ABLATIONS_20260803/normalhead_auxoff/runs/lfp/nmc_goal_vcorr_it_train_dst_selector_results/normalauxoff_lfp_gru_normal_g4_holdoutfuds_s0123456789_b2048_e200_by_temperature.csv
LFP,G4,FUDS,5,-10.0,0.9056870060615152,1.1601323645111037,${SOURCE_WORKSPACE}/DL/CEMA_CARRIER_FAIRNESS_ABLATIONS_20260803/normalhead_auxoff/runs/lfp/nmc_goal_vcorr_it_train_dst_selector_results/normalauxoff_lfp_gru_normal_g4_holdoutfuds_s0123456789_b2048_e200_by_temperature.csv
LFP,G4,FUDS,5,0.0,0.6944300678250436,0.929232440824844,${SOURCE_WORKSPACE}/DL/CEMA_CARRIER_FAIRNESS_ABLATIONS_20260803/normalhead_auxoff/runs/lfp/nmc_goal_vcorr_it_train_dst_selector_results/normalauxoff_lfp_gru_normal_g4_holdoutfuds_s0123456789_b2048_e200_by_temperature.csv
LFP,G4,FUDS,5,10.0,0.7745045641687347,1.0051437045260456,${SOURCE_WORKSPACE}/DL/CEMA_CARRIER_FAIRNESS_ABLATIONS_20260803/normalhead_auxoff/runs/lfp/nmc_goal_vcorr_it_train_dst_selector_results/normalauxoff_lfp_gru_normal_g4_holdoutfuds_s0123456789_b2048_e200_by_temperature.csv
LFP,G4,FUDS,5,20.0,0.6458774733204631,0.8450953067833081,${SOURCE_WORKSPACE}/DL/CEMA_CARRIER_FAIRNESS_ABLATIONS_20260803/normalhead_auxoff/runs/lfp/nmc_goal_vcorr_it_train_dst_selector_results/normalauxoff_lfp_gru_normal_g4_holdoutfuds_s0123456789_b2048_e200_by_temperature.csv
LFP,G4,FUDS,5,25.0,0.7817529222279254,1.0254993972520805,${SOURCE_WORKSPACE}/DL/CEMA_CARRIER_FAIRNESS_ABLATIONS_20260803/normalhead_auxoff/runs/lfp/nmc_goal_vcorr_it_train_dst_selector_results/normalauxoff_lfp_gru_normal_g4_holdoutfuds_s0123456789_b2048_e200_by_temperature.csv
LFP,G4,FUDS,5,30.0,0.6149683963032498,0.8051957457132022,${SOURCE_WORKSPACE}/DL/CEMA_CARRIER_FAIRNESS_ABLATIONS_20260803/normalhead_auxoff/runs/lfp/nmc_goal_vcorr_it_train_dst_selector_results/normalauxoff_lfp_gru_normal_g4_holdoutfuds_s0123456789_b2048_e200_by_temperature.csv
LFP,G4,FUDS,5,40.0,0.6654175332634711,0.8312484224818293,${SOURCE_WORKSPACE}/DL/CEMA_CARRIER_FAIRNESS_ABLATIONS_20260803/normalhead_auxoff/runs/lfp/nmc_goal_vcorr_it_train_dst_selector_results/normalauxoff_lfp_gru_normal_g4_holdoutfuds_s0123456789_b2048_e200_by_temperature.csv
LFP,G4,FUDS,5,50.0,0.7960244904900733,0.9723711925584227,${SOURCE_WORKSPACE}/DL/CEMA_CARRIER_FAIRNESS_ABLATIONS_20260803/normalhead_auxoff/runs/lfp/nmc_goal_vcorr_it_train_dst_selector_results/normalauxoff_lfp_gru_normal_g4_holdoutfuds_s0123456789_b2048_e200_by_temperature.csv
LFP,G4,FUDS,6,-10.0,1.1088366695961225,1.452404914134844,${SOURCE_WORKSPACE}/DL/CEMA_CARRIER_FAIRNESS_ABLATIONS_20260803/normalhead_auxoff/runs/lfp/nmc_goal_vcorr_it_train_dst_selector_results/normalauxoff_lfp_gru_normal_g4_holdoutfuds_s0123456789_b2048_e200_by_temperature.csv
LFP,G4,FUDS,6,0.0,1.036614971201966,1.5380791825773503,${SOURCE_WORKSPACE}/DL/CEMA_CARRIER_FAIRNESS_ABLATIONS_20260803/normalhead_auxoff/runs/lfp/nmc_goal_vcorr_it_train_dst_selector_results/normalauxoff_lfp_gru_normal_g4_holdoutfuds_s0123456789_b2048_e200_by_temperature.csv
LFP,G4,FUDS,6,10.0,0.9675924059095384,1.4267396202536693,${SOURCE_WORKSPACE}/DL/CEMA_CARRIER_FAIRNESS_ABLATIONS_20260803/normalhead_auxoff/runs/lfp/nmc_goal_vcorr_it_train_dst_selector_results/normalauxoff_lfp_gru_normal_g4_holdoutfuds_s0123456789_b2048_e200_by_temperature.csv
LFP,G4,FUDS,6,20.0,0.7498285181358907,1.0453342544276352,${SOURCE_WORKSPACE}/DL/CEMA_CARRIER_FAIRNESS_ABLATIONS_20260803/normalhead_auxoff/runs/lfp/nmc_goal_vcorr_it_train_dst_selector_results/normalauxoff_lfp_gru_normal_g4_holdoutfuds_s0123456789_b2048_e200_by_temperature.csv
LFP,G4,FUDS,6,25.0,0.8155940481829509,1.1399774566447134,${SOURCE_WORKSPACE}/DL/CEMA_CARRIER_FAIRNESS_ABLATIONS_20260803/normalhead_auxoff/runs/lfp/nmc_goal_vcorr_it_train_dst_selector_results/normalauxoff_lfp_gru_normal_g4_holdoutfuds_s0123456789_b2048_e200_by_temperature.csv
LFP,G4,FUDS,6,30.0,0.6915284585868956,0.9200163654732412,${SOURCE_WORKSPACE}/DL/CEMA_CARRIER_FAIRNESS_ABLATIONS_20260803/normalhead_auxoff/runs/lfp/nmc_goal_vcorr_it_train_dst_selector_results/normalauxoff_lfp_gru_normal_g4_holdoutfuds_s0123456789_b2048_e200_by_temperature.csv
LFP,G4,FUDS,6,40.0,0.6493836067352721,0.8522005829201275,${SOURCE_WORKSPACE}/DL/CEMA_CARRIER_FAIRNESS_ABLATIONS_20260803/normalhead_auxoff/runs/lfp/nmc_goal_vcorr_it_train_dst_selector_results/normalauxoff_lfp_gru_normal_g4_holdoutfuds_s0123456789_b2048_e200_by_temperature.csv
LFP,G4,FUDS,6,50.0,0.8128317467676277,0.99732279700647,${SOURCE_WORKSPACE}/DL/CEMA_CARRIER_FAIRNESS_ABLATIONS_20260803/normalhead_auxoff/runs/lfp/nmc_goal_vcorr_it_train_dst_selector_results/normalauxoff_lfp_gru_normal_g4_holdoutfuds_s0123456789_b2048_e200_by_temperature.csv
LFP,G4,FUDS,7,-10.0,1.235911659956021,1.523970201495218,${SOURCE_WORKSPACE}/DL/CEMA_CARRIER_FAIRNESS_ABLATIONS_20260803/normalhead_auxoff/runs/lfp/nmc_goal_vcorr_it_train_dst_selector_results/normalauxoff_lfp_gru_normal_g4_holdoutfuds_s0123456789_b2048_e200_by_temperature.csv
LFP,G4,FUDS,7,0.0,0.8984215500880213,1.2760330157306654,${SOURCE_WORKSPACE}/DL/CEMA_CARRIER_FAIRNESS_ABLATIONS_20260803/normalhead_auxoff/runs/lfp/nmc_goal_vcorr_it_train_dst_selector_results/normalauxoff_lfp_gru_normal_g4_holdoutfuds_s0123456789_b2048_e200_by_temperature.csv
LFP,G4,FUDS,7,10.0,0.8792982670575223,1.3215853407525575,${SOURCE_WORKSPACE}/DL/CEMA_CARRIER_FAIRNESS_ABLATIONS_20260803/normalhead_auxoff/runs/lfp/nmc_goal_vcorr_it_train_dst_selector_results/normalauxoff_lfp_gru_normal_g4_holdoutfuds_s0123456789_b2048_e200_by_temperature.csv
LFP,G4,FUDS,7,20.0,0.7138081362599717,1.0423735846722493,${SOURCE_WORKSPACE}/DL/CEMA_CARRIER_FAIRNESS_ABLATIONS_20260803/normalhead_auxoff/runs/lfp/nmc_goal_vcorr_it_train_dst_selector_results/normalauxoff_lfp_gru_normal_g4_holdoutfuds_s0123456789_b2048_e200_by_temperature.csv
LFP,G4,FUDS,7,25.0,0.7692104054656362,1.169403167101268,${SOURCE_WORKSPACE}/DL/CEMA_CARRIER_FAIRNESS_ABLATIONS_20260803/normalhead_auxoff/runs/lfp/nmc_goal_vcorr_it_train_dst_selector_results/normalauxoff_lfp_gru_normal_g4_holdoutfuds_s0123456789_b2048_e200_by_temperature.csv
LFP,G4,FUDS,7,30.0,0.7951289975386916,1.0464605045600273,${SOURCE_WORKSPACE}/DL/CEMA_CARRIER_FAIRNESS_ABLATIONS_20260803/normalhead_auxoff/runs/lfp/nmc_goal_vcorr_it_train_dst_selector_results/normalauxoff_lfp_gru_normal_g4_holdoutfuds_s0123456789_b2048_e200_by_temperature.csv
LFP,G4,FUDS,7,40.0,0.784379999893154,1.0277198838209125,${SOURCE_WORKSPACE}/DL/CEMA_CARRIER_FAIRNESS_ABLATIONS_20260803/normalhead_auxoff/runs/lfp/nmc_goal_vcorr_it_train_dst_selector_results/normalauxoff_lfp_gru_normal_g4_holdoutfuds_s0123456789_b2048_e200_by_temperature.csv
LFP,G4,FUDS,7,50.0,0.9205586076649466,1.1702474770948,${SOURCE_WORKSPACE}/DL/CEMA_CARRIER_FAIRNESS_ABLATIONS_20260803/normalhead_auxoff/runs/lfp/nmc_goal_vcorr_it_train_dst_selector_results/normalauxoff_lfp_gru_normal_g4_holdoutfuds_s0123456789_b2048_e200_by_temperature.csv
LFP,G4,FUDS,8,-10.0,1.0817084442230969,1.2646177468000388,${SOURCE_WORKSPACE}/DL/CEMA_CARRIER_FAIRNESS_ABLATIONS_20260803/normalhead_auxoff/runs/lfp/nmc_goal_vcorr_it_train_dst_selector_results/normalauxoff_lfp_gru_normal_g4_holdoutfuds_s0123456789_b2048_e200_by_temperature.csv
LFP,G4,FUDS,8,0.0,0.8397412762227712,1.1171613740719806,${SOURCE_WORKSPACE}/DL/CEMA_CARRIER_FAIRNESS_ABLATIONS_20260803/normalhead_auxoff/runs/lfp/nmc_goal_vcorr_it_train_dst_selector_results/normalauxoff_lfp_gru_normal_g4_holdoutfuds_s0123456789_b2048_e200_by_temperature.csv
LFP,G4,FUDS,8,10.0,0.8895984182940506,1.068209770291647,${SOURCE_WORKSPACE}/DL/CEMA_CARRIER_FAIRNESS_ABLATIONS_20260803/normalhead_auxoff/runs/lfp/nmc_goal_vcorr_it_train_dst_selector_results/normalauxoff_lfp_gru_normal_g4_holdoutfuds_s0123456789_b2048_e200_by_temperature.csv
LFP,G4,FUDS,8,20.0,0.6162826588012742,0.7521641927019187,${SOURCE_WORKSPACE}/DL/CEMA_CARRIER_FAIRNESS_ABLATIONS_20260803/normalhead_auxoff/runs/lfp/nmc_goal_vcorr_it_train_dst_selector_results/normalauxoff_lfp_gru_normal_g4_holdoutfuds_s0123456789_b2048_e200_by_temperature.csv
LFP,G4,FUDS,8,25.0,0.6193048101329061,0.7709870985232963,${SOURCE_WORKSPACE}/DL/CEMA_CARRIER_FAIRNESS_ABLATIONS_20260803/normalhead_auxoff/runs/lfp/nmc_goal_vcorr_it_train_dst_selector_results/normalauxoff_lfp_gru_normal_g4_holdoutfuds_s0123456789_b2048_e200_by_temperature.csv
LFP,G4,FUDS,8,30.0,0.5265667968075453,0.7369860401739134,${SOURCE_WORKSPACE}/DL/CEMA_CARRIER_FAIRNESS_ABLATIONS_20260803/normalhead_auxoff/runs/lfp/nmc_goal_vcorr_it_train_dst_selector_results/normalauxoff_lfp_gru_normal_g4_holdoutfuds_s0123456789_b2048_e200_by_temperature.csv
LFP,G4,FUDS,8,40.0,0.5940434783558587,0.7970211517164806,${SOURCE_WORKSPACE}/DL/CEMA_CARRIER_FAIRNESS_ABLATIONS_20260803/normalhead_auxoff/runs/lfp/nmc_goal_vcorr_it_train_dst_selector_results/normalauxoff_lfp_gru_normal_g4_holdoutfuds_s0123456789_b2048_e200_by_temperature.csv
LFP,G4,FUDS,8,50.0,0.7841409182438216,1.0061130661635302,${SOURCE_WORKSPACE}/DL/CEMA_CARRIER_FAIRNESS_ABLATIONS_20260803/normalhead_auxoff/runs/lfp/nmc_goal_vcorr_it_train_dst_selector_results/normalauxoff_lfp_gru_normal_g4_holdoutfuds_s0123456789_b2048_e200_by_temperature.csv
LFP,G4,FUDS,9,-10.0,0.7926431081405718,0.9445813046789736,${SOURCE_WORKSPACE}/DL/CEMA_CARRIER_FAIRNESS_ABLATIONS_20260803/normalhead_auxoff/runs/lfp/nmc_goal_vcorr_it_train_dst_selector_results/normalauxoff_lfp_gru_normal_g4_holdoutfuds_s0123456789_b2048_e200_by_temperature.csv
LFP,G4,FUDS,9,0.0,0.8255717981999844,1.0680869572784792,${SOURCE_WORKSPACE}/DL/CEMA_CARRIER_FAIRNESS_ABLATIONS_20260803/normalhead_auxoff/runs/lfp/nmc_goal_vcorr_it_train_dst_selector_results/normalauxoff_lfp_gru_normal_g4_holdoutfuds_s0123456789_b2048_e200_by_temperature.csv
LFP,G4,FUDS,9,10.0,0.9070037148511914,1.2717020700086696,${SOURCE_WORKSPACE}/DL/CEMA_CARRIER_FAIRNESS_ABLATIONS_20260803/normalhead_auxoff/runs/lfp/nmc_goal_vcorr_it_train_dst_selector_results/normalauxoff_lfp_gru_normal_g4_holdoutfuds_s0123456789_b2048_e200_by_temperature.csv
LFP,G4,FUDS,9,20.0,0.7635904338577235,1.0555246307181374,${SOURCE_WORKSPACE}/DL/CEMA_CARRIER_FAIRNESS_ABLATIONS_20260803/normalhead_auxoff/runs/lfp/nmc_goal_vcorr_it_train_dst_selector_results/normalauxoff_lfp_gru_normal_g4_holdoutfuds_s0123456789_b2048_e200_by_temperature.csv
LFP,G4,FUDS,9,25.0,0.8020043259156657,1.1273572836139465,${SOURCE_WORKSPACE}/DL/CEMA_CARRIER_FAIRNESS_ABLATIONS_20260803/normalhead_auxoff/runs/lfp/nmc_goal_vcorr_it_train_dst_selector_results/normalauxoff_lfp_gru_normal_g4_holdoutfuds_s0123456789_b2048_e200_by_temperature.csv
LFP,G4,FUDS,9,30.0,0.7686433912016531,0.9868964412174122,${SOURCE_WORKSPACE}/DL/CEMA_CARRIER_FAIRNESS_ABLATIONS_20260803/normalhead_auxoff/runs/lfp/nmc_goal_vcorr_it_train_dst_selector_results/normalauxoff_lfp_gru_normal_g4_holdoutfuds_s0123456789_b2048_e200_by_temperature.csv
LFP,G4,FUDS,9,40.0,0.7252782476361584,0.9388838588150098,${SOURCE_WORKSPACE}/DL/CEMA_CARRIER_FAIRNESS_ABLATIONS_20260803/normalhead_auxoff/runs/lfp/nmc_goal_vcorr_it_train_dst_selector_results/normalauxoff_lfp_gru_normal_g4_holdoutfuds_s0123456789_b2048_e200_by_temperature.csv
LFP,G4,FUDS,9,50.0,0.8981430822071144,1.121855640130787,${SOURCE_WORKSPACE}/DL/CEMA_CARRIER_FAIRNESS_ABLATIONS_20260803/normalhead_auxoff/runs/lfp/nmc_goal_vcorr_it_train_dst_selector_results/normalauxoff_lfp_gru_normal_g4_holdoutfuds_s0123456789_b2048_e200_by_temperature.csv
LFP,G4,US06,0,-10.0,1.453077078007207,1.8412465236716775,${SOURCE_WORKSPACE}/DL/CEMA_CARRIER_FAIRNESS_ABLATIONS_20260803/normalhead_auxoff/runs/lfp/nmc_goal_vcorr_it_train_dst_selector_results/normalauxoff_lfp_gru_normal_g4_holdoutus06_s0123456789_b2048_e200_by_temperature.csv
LFP,G4,US06,0,0.0,0.5232995199705875,0.655017709869579,${SOURCE_WORKSPACE}/DL/CEMA_CARRIER_FAIRNESS_ABLATIONS_20260803/normalhead_auxoff/runs/lfp/nmc_goal_vcorr_it_train_dst_selector_results/normalauxoff_lfp_gru_normal_g4_holdoutus06_s0123456789_b2048_e200_by_temperature.csv
LFP,G4,US06,0,10.0,0.5955401582634252,0.7907813033107977,${SOURCE_WORKSPACE}/DL/CEMA_CARRIER_FAIRNESS_ABLATIONS_20260803/normalhead_auxoff/runs/lfp/nmc_goal_vcorr_it_train_dst_selector_results/normalauxoff_lfp_gru_normal_g4_holdoutus06_s0123456789_b2048_e200_by_temperature.csv
LFP,G4,US06,0,20.0,0.8138198159109643,1.081031237838529,${SOURCE_WORKSPACE}/DL/CEMA_CARRIER_FAIRNESS_ABLATIONS_20260803/normalhead_auxoff/runs/lfp/nmc_goal_vcorr_it_train_dst_selector_results/normalauxoff_lfp_gru_normal_g4_holdoutus06_s0123456789_b2048_e200_by_temperature.csv
LFP,G4,US06,0,25.0,1.1698136077012775,1.5059467920403642,${SOURCE_WORKSPACE}/DL/CEMA_CARRIER_FAIRNESS_ABLATIONS_20260803/normalhead_auxoff/runs/lfp/nmc_goal_vcorr_it_train_dst_selector_results/normalauxoff_lfp_gru_normal_g4_holdoutus06_s0123456789_b2048_e200_by_temperature.csv
LFP,G4,US06,0,30.0,0.824006814571245,1.0876380269782886,${SOURCE_WORKSPACE}/DL/CEMA_CARRIER_FAIRNESS_ABLATIONS_20260803/normalhead_auxoff/runs/lfp/nmc_goal_vcorr_it_train_dst_selector_results/normalauxoff_lfp_gru_normal_g4_holdoutus06_s0123456789_b2048_e200_by_temperature.csv
LFP,G4,US06,0,40.0,0.7665877152362955,0.953909164556702,${SOURCE_WORKSPACE}/DL/CEMA_CARRIER_FAIRNESS_ABLATIONS_20260803/normalhead_auxoff/runs/lfp/nmc_goal_vcorr_it_train_dst_selector_results/normalauxoff_lfp_gru_normal_g4_holdoutus06_s0123456789_b2048_e200_by_temperature.csv
LFP,G4,US06,0,50.0,0.6351220232506292,0.7796904226540246,${SOURCE_WORKSPACE}/DL/CEMA_CARRIER_FAIRNESS_ABLATIONS_20260803/normalhead_auxoff/runs/lfp/nmc_goal_vcorr_it_train_dst_selector_results/normalauxoff_lfp_gru_normal_g4_holdoutus06_s0123456789_b2048_e200_by_temperature.csv
LFP,G4,US06,1,-10.0,1.6605215576751895,2.058752139765998,${SOURCE_WORKSPACE}/DL/CEMA_CARRIER_FAIRNESS_ABLATIONS_20260803/normalhead_auxoff/runs/lfp/nmc_goal_vcorr_it_train_dst_selector_results/normalauxoff_lfp_gru_normal_g4_holdoutus06_s0123456789_b2048_e200_by_temperature.csv
LFP,G4,US06,1,0.0,0.6006508711862916,0.7227820790046832,${SOURCE_WORKSPACE}/DL/CEMA_CARRIER_FAIRNESS_ABLATIONS_20260803/normalhead_auxoff/runs/lfp/nmc_goal_vcorr_it_train_dst_selector_results/normalauxoff_lfp_gru_normal_g4_holdoutus06_s0123456789_b2048_e200_by_temperature.csv
LFP,G4,US06,1,10.0,0.4833097246651205,0.5890813467267283,${SOURCE_WORKSPACE}/DL/CEMA_CARRIER_FAIRNESS_ABLATIONS_20260803/normalhead_auxoff/runs/lfp/nmc_goal_vcorr_it_train_dst_selector_results/normalauxoff_lfp_gru_normal_g4_holdoutus06_s0123456789_b2048_e200_by_temperature.csv
LFP,G4,US06,1,20.0,0.4221309169502497,0.5343880087825478,${SOURCE_WORKSPACE}/DL/CEMA_CARRIER_FAIRNESS_ABLATIONS_20260803/normalhead_auxoff/runs/lfp/nmc_goal_vcorr_it_train_dst_selector_results/normalauxoff_lfp_gru_normal_g4_holdoutus06_s0123456789_b2048_e200_by_temperature.csv
LFP,G4,US06,1,25.0,0.4449980895368778,0.562867697460848,${SOURCE_WORKSPACE}/DL/CEMA_CARRIER_FAIRNESS_ABLATIONS_20260803/normalhead_auxoff/runs/lfp/nmc_goal_vcorr_it_train_dst_selector_results/normalauxoff_lfp_gru_normal_g4_holdoutus06_s0123456789_b2048_e200_by_temperature.csv
LFP,G4,US06,1,30.0,0.3967023111840178,0.5034866458651744,${SOURCE_WORKSPACE}/DL/CEMA_CARRIER_FAIRNESS_ABLATIONS_20260803/normalhead_auxoff/runs/lfp/nmc_goal_vcorr_it_train_dst_selector_results/normalauxoff_lfp_gru_normal_g4_holdoutus06_s0123456789_b2048_e200_by_temperature.csv
LFP,G4,US06,1,40.0,0.4069855382864201,0.4910700934749807,${SOURCE_WORKSPACE}/DL/CEMA_CARRIER_FAIRNESS_ABLATIONS_20260803/normalhead_auxoff/runs/lfp/nmc_goal_vcorr_it_train_dst_selector_results/normalauxoff_lfp_gru_normal_g4_holdoutus06_s0123456789_b2048_e200_by_temperature.csv
LFP,G4,US06,1,50.0,0.3299709817812374,0.4004026782295375,${SOURCE_WORKSPACE}/DL/CEMA_CARRIER_FAIRNESS_ABLATIONS_20260803/normalhead_auxoff/runs/lfp/nmc_goal_vcorr_it_train_dst_selector_results/normalauxoff_lfp_gru_normal_g4_holdoutus06_s0123456789_b2048_e200_by_temperature.csv
LFP,G4,US06,2,-10.0,1.5402872617635084,1.931243596335744,${SOURCE_WORKSPACE}/DL/CEMA_CARRIER_FAIRNESS_ABLATIONS_20260803/normalhead_auxoff/runs/lfp/nmc_goal_vcorr_it_train_dst_selector_results/normalauxoff_lfp_gru_normal_g4_holdoutus06_s0123456789_b2048_e200_by_temperature.csv
LFP,G4,US06,2,0.0,0.7088448858276406,0.8637043990102946,${SOURCE_WORKSPACE}/DL/CEMA_CARRIER_FAIRNESS_ABLATIONS_20260803/normalhead_auxoff/runs/lfp/nmc_goal_vcorr_it_train_dst_selector_results/normalauxoff_lfp_gru_normal_g4_holdoutus06_s0123456789_b2048_e200_by_temperature.csv
LFP,G4,US06,2,10.0,0.6096508734396703,0.7729578665076465,${SOURCE_WORKSPACE}/DL/CEMA_CARRIER_FAIRNESS_ABLATIONS_20260803/normalhead_auxoff/runs/lfp/nmc_goal_vcorr_it_train_dst_selector_results/normalauxoff_lfp_gru_normal_g4_holdoutus06_s0123456789_b2048_e200_by_temperature.csv
LFP,G4,US06,2,20.0,0.7528480682464948,1.0194670166954265,${SOURCE_WORKSPACE}/DL/CEMA_CARRIER_FAIRNESS_ABLATIONS_20260803/normalhead_auxoff/runs/lfp/nmc_goal_vcorr_it_train_dst_selector_results/normalauxoff_lfp_gru_normal_g4_holdoutus06_s0123456789_b2048_e200_by_temperature.csv
LFP,G4,US06,2,25.0,0.8732516294831683,1.2083232907120869,${SOURCE_WORKSPACE}/DL/CEMA_CARRIER_FAIRNESS_ABLATIONS_20260803/normalhead_auxoff/runs/lfp/nmc_goal_vcorr_it_train_dst_selector_results/normalauxoff_lfp_gru_normal_g4_holdoutus06_s0123456789_b2048_e200_by_temperature.csv
LFP,G4,US06,2,30.0,0.7934135652078786,1.048054527684651,${SOURCE_WORKSPACE}/DL/CEMA_CARRIER_FAIRNESS_ABLATIONS_20260803/normalhead_auxoff/runs/lfp/nmc_goal_vcorr_it_train_dst_selector_results/normalauxoff_lfp_gru_normal_g4_holdoutus06_s0123456789_b2048_e200_by_temperature.csv
LFP,G4,US06,2,40.0,0.7975556146434868,1.0572395145297953,${SOURCE_WORKSPACE}/DL/CEMA_CARRIER_FAIRNESS_ABLATIONS_20260803/normalhead_auxoff/runs/lfp/nmc_goal_vcorr_it_train_dst_selector_results/normalauxoff_lfp_gru_normal_g4_holdoutus06_s0123456789_b2048_e200_by_temperature.csv
LFP,G4,US06,2,50.0,0.6719711793145817,0.8582990434791262,${SOURCE_WORKSPACE}/DL/CEMA_CARRIER_FAIRNESS_ABLATIONS_20260803/normalhead_auxoff/runs/lfp/nmc_goal_vcorr_it_train_dst_selector_results/normalauxoff_lfp_gru_normal_g4_holdoutus06_s0123456789_b2048_e200_by_temperature.csv
LFP,G4,US06,3,-10.0,1.3487858716579173,1.6919320554070298,${SOURCE_WORKSPACE}/DL/CEMA_CARRIER_FAIRNESS_ABLATIONS_20260803/normalhead_auxoff/runs/lfp/nmc_goal_vcorr_it_train_dst_selector_results/normalauxoff_lfp_gru_normal_g4_holdoutus06_s0123456789_b2048_e200_by_temperature.csv
LFP,G4,US06,3,0.0,0.5726778702281552,0.7408750755059966,${SOURCE_WORKSPACE}/DL/CEMA_CARRIER_FAIRNESS_ABLATIONS_20260803/normalhead_auxoff/runs/lfp/nmc_goal_vcorr_it_train_dst_selector_results/normalauxoff_lfp_gru_normal_g4_holdoutus06_s0123456789_b2048_e200_by_temperature.csv
LFP,G4,US06,3,10.0,0.546657806947679,0.6974665457857245,${SOURCE_WORKSPACE}/DL/CEMA_CARRIER_FAIRNESS_ABLATIONS_20260803/normalhead_auxoff/runs/lfp/nmc_goal_vcorr_it_train_dst_selector_results/normalauxoff_lfp_gru_normal_g4_holdoutus06_s0123456789_b2048_e200_by_temperature.csv
LFP,G4,US06,3,20.0,0.509068067447341,0.6468312951213534,${SOURCE_WORKSPACE}/DL/CEMA_CARRIER_FAIRNESS_ABLATIONS_20260803/normalhead_auxoff/runs/lfp/nmc_goal_vcorr_it_train_dst_selector_results/normalauxoff_lfp_gru_normal_g4_holdoutus06_s0123456789_b2048_e200_by_temperature.csv
LFP,G4,US06,3,25.0,0.7129814214767164,0.9151522912435976,${SOURCE_WORKSPACE}/DL/CEMA_CARRIER_FAIRNESS_ABLATIONS_20260803/normalhead_auxoff/runs/lfp/nmc_goal_vcorr_it_train_dst_selector_results/normalauxoff_lfp_gru_normal_g4_holdoutus06_s0123456789_b2048_e200_by_temperature.csv
LFP,G4,US06,3,30.0,0.5424603307639783,0.6878410874375555,${SOURCE_WORKSPACE}/DL/CEMA_CARRIER_FAIRNESS_ABLATIONS_20260803/normalhead_auxoff/runs/lfp/nmc_goal_vcorr_it_train_dst_selector_results/normalauxoff_lfp_gru_normal_g4_holdoutus06_s0123456789_b2048_e200_by_temperature.csv
LFP,G4,US06,3,40.0,0.5594502409383224,0.7145962907555778,${SOURCE_WORKSPACE}/DL/CEMA_CARRIER_FAIRNESS_ABLATIONS_20260803/normalhead_auxoff/runs/lfp/nmc_goal_vcorr_it_train_dst_selector_results/normalauxoff_lfp_gru_normal_g4_holdoutus06_s0123456789_b2048_e200_by_temperature.csv
LFP,G4,US06,3,50.0,0.524716125303872,0.6505429952399694,${SOURCE_WORKSPACE}/DL/CEMA_CARRIER_FAIRNESS_ABLATIONS_20260803/normalhead_auxoff/runs/lfp/nmc_goal_vcorr_it_train_dst_selector_results/normalauxoff_lfp_gru_normal_g4_holdoutus06_s0123456789_b2048_e200_by_temperature.csv
LFP,G4,US06,4,-10.0,1.478741773636689,1.782620599040163,${SOURCE_WORKSPACE}/DL/CEMA_CARRIER_FAIRNESS_ABLATIONS_20260803/normalhead_auxoff/runs/lfp/nmc_goal_vcorr_it_train_dst_selector_results/normalauxoff_lfp_gru_normal_g4_holdoutus06_s0123456789_b2048_e200_by_temperature.csv
LFP,G4,US06,4,0.0,0.600374980274209,0.7698347308847959,${SOURCE_WORKSPACE}/DL/CEMA_CARRIER_FAIRNESS_ABLATIONS_20260803/normalhead_auxoff/runs/lfp/nmc_goal_vcorr_it_train_dst_selector_results/normalauxoff_lfp_gru_normal_g4_holdoutus06_s0123456789_b2048_e200_by_temperature.csv
LFP,G4,US06,4,10.0,0.4440645096258439,0.5752536909827519,${SOURCE_WORKSPACE}/DL/CEMA_CARRIER_FAIRNESS_ABLATIONS_20260803/normalhead_auxoff/runs/lfp/nmc_goal_vcorr_it_train_dst_selector_results/normalauxoff_lfp_gru_normal_g4_holdoutus06_s0123456789_b2048_e200_by_temperature.csv
LFP,G4,US06,4,20.0,0.433104930089014,0.5347854043913017,${SOURCE_WORKSPACE}/DL/CEMA_CARRIER_FAIRNESS_ABLATIONS_20260803/normalhead_auxoff/runs/lfp/nmc_goal_vcorr_it_train_dst_selector_results/normalauxoff_lfp_gru_normal_g4_holdoutus06_s0123456789_b2048_e200_by_temperature.csv
LFP,G4,US06,4,25.0,0.5106314317850136,0.6528829859203795,${SOURCE_WORKSPACE}/DL/CEMA_CARRIER_FAIRNESS_ABLATIONS_20260803/normalhead_auxoff/runs/lfp/nmc_goal_vcorr_it_train_dst_selector_results/normalauxoff_lfp_gru_normal_g4_holdoutus06_s0123456789_b2048_e200_by_temperature.csv
LFP,G4,US06,4,30.0,0.3669912311373452,0.4600813599188805,${SOURCE_WORKSPACE}/DL/CEMA_CARRIER_FAIRNESS_ABLATIONS_20260803/normalhead_auxoff/runs/lfp/nmc_goal_vcorr_it_train_dst_selector_results/normalauxoff_lfp_gru_normal_g4_holdoutus06_s0123456789_b2048_e200_by_temperature.csv
LFP,G4,US06,4,40.0,0.3361875360662287,0.4154401194470641,${SOURCE_WORKSPACE}/DL/CEMA_CARRIER_FAIRNESS_ABLATIONS_20260803/normalhead_auxoff/runs/lfp/nmc_goal_vcorr_it_train_dst_selector_results/normalauxoff_lfp_gru_normal_g4_holdoutus06_s0123456789_b2048_e200_by_temperature.csv
LFP,G4,US06,4,50.0,0.3397892404634541,0.4210550103898055,${SOURCE_WORKSPACE}/DL/CEMA_CARRIER_FAIRNESS_ABLATIONS_20260803/normalhead_auxoff/runs/lfp/nmc_goal_vcorr_it_train_dst_selector_results/normalauxoff_lfp_gru_normal_g4_holdoutus06_s0123456789_b2048_e200_by_temperature.csv
LFP,G4,US06,5,-10.0,1.3792452399647137,1.5810003697442534,${SOURCE_WORKSPACE}/DL/CEMA_CARRIER_FAIRNESS_ABLATIONS_20260803/normalhead_auxoff/runs/lfp/nmc_goal_vcorr_it_train_dst_selector_results/normalauxoff_lfp_gru_normal_g4_holdoutus06_s0123456789_b2048_e200_by_temperature.csv
LFP,G4,US06,5,0.0,0.4314286646875083,0.5707330833217896,${SOURCE_WORKSPACE}/DL/CEMA_CARRIER_FAIRNESS_ABLATIONS_20260803/normalhead_auxoff/runs/lfp/nmc_goal_vcorr_it_train_dst_selector_results/normalauxoff_lfp_gru_normal_g4_holdoutus06_s0123456789_b2048_e200_by_temperature.csv
LFP,G4,US06,5,10.0,0.4820729677152967,0.6159816793373651,${SOURCE_WORKSPACE}/DL/CEMA_CARRIER_FAIRNESS_ABLATIONS_20260803/normalhead_auxoff/runs/lfp/nmc_goal_vcorr_it_train_dst_selector_results/normalauxoff_lfp_gru_normal_g4_holdoutus06_s0123456789_b2048_e200_by_temperature.csv
LFP,G4,US06,5,20.0,0.6043575866185134,0.7957946998436886,${SOURCE_WORKSPACE}/DL/CEMA_CARRIER_FAIRNESS_ABLATIONS_20260803/normalhead_auxoff/runs/lfp/nmc_goal_vcorr_it_train_dst_selector_results/normalauxoff_lfp_gru_normal_g4_holdoutus06_s0123456789_b2048_e200_by_temperature.csv
LFP,G4,US06,5,25.0,0.7869674349079673,1.0236287200541083,${SOURCE_WORKSPACE}/DL/CEMA_CARRIER_FAIRNESS_ABLATIONS_20260803/normalhead_auxoff/runs/lfp/nmc_goal_vcorr_it_train_dst_selector_results/normalauxoff_lfp_gru_normal_g4_holdoutus06_s0123456789_b2048_e200_by_temperature.csv
LFP,G4,US06,5,30.0,0.568565574118204,0.7344096243179009,${SOURCE_WORKSPACE}/DL/CEMA_CARRIER_FAIRNESS_ABLATIONS_20260803/normalhead_auxoff/runs/lfp/nmc_goal_vcorr_it_train_dst_selector_results/normalauxoff_lfp_gru_normal_g4_holdoutus06_s0123456789_b2048_e200_by_temperature.csv
LFP,G4,US06,5,40.0,0.5418599315559973,0.7223077618624323,${SOURCE_WORKSPACE}/DL/CEMA_CARRIER_FAIRNESS_ABLATIONS_20260803/normalhead_auxoff/runs/lfp/nmc_goal_vcorr_it_train_dst_selector_results/normalauxoff_lfp_gru_normal_g4_holdoutus06_s0123456789_b2048_e200_by_temperature.csv
LFP,G4,US06,5,50.0,0.5230718412179503,0.6733202448039161,${SOURCE_WORKSPACE}/DL/CEMA_CARRIER_FAIRNESS_ABLATIONS_20260803/normalhead_auxoff/runs/lfp/nmc_goal_vcorr_it_train_dst_selector_results/normalauxoff_lfp_gru_normal_g4_holdoutus06_s0123456789_b2048_e200_by_temperature.csv
LFP,G4,US06,6,-10.0,1.5962789517019178,2.0188584514222128,${SOURCE_WORKSPACE}/DL/CEMA_CARRIER_FAIRNESS_ABLATIONS_20260803/normalhead_auxoff/runs/lfp/nmc_goal_vcorr_it_train_dst_selector_results/normalauxoff_lfp_gru_normal_g4_holdoutus06_s0123456789_b2048_e200_by_temperature.csv
LFP,G4,US06,6,0.0,0.9091960798672922,1.116202828111673,${SOURCE_WORKSPACE}/DL/CEMA_CARRIER_FAIRNESS_ABLATIONS_20260803/normalhead_auxoff/runs/lfp/nmc_goal_vcorr_it_train_dst_selector_results/normalauxoff_lfp_gru_normal_g4_holdoutus06_s0123456789_b2048_e200_by_temperature.csv
LFP,G4,US06,6,10.0,0.7414008420272516,0.9474283576963218,${SOURCE_WORKSPACE}/DL/CEMA_CARRIER_FAIRNESS_ABLATIONS_20260803/normalhead_auxoff/runs/lfp/nmc_goal_vcorr_it_train_dst_selector_results/normalauxoff_lfp_gru_normal_g4_holdoutus06_s0123456789_b2048_e200_by_temperature.csv
LFP,G4,US06,6,20.0,0.869365632403487,1.177502989560982,${SOURCE_WORKSPACE}/DL/CEMA_CARRIER_FAIRNESS_ABLATIONS_20260803/normalhead_auxoff/runs/lfp/nmc_goal_vcorr_it_train_dst_selector_results/normalauxoff_lfp_gru_normal_g4_holdoutus06_s0123456789_b2048_e200_by_temperature.csv
LFP,G4,US06,6,25.0,0.642388068532143,0.8509144640938253,${SOURCE_WORKSPACE}/DL/CEMA_CARRIER_FAIRNESS_ABLATIONS_20260803/normalhead_auxoff/runs/lfp/nmc_goal_vcorr_it_train_dst_selector_results/normalauxoff_lfp_gru_normal_g4_holdoutus06_s0123456789_b2048_e200_by_temperature.csv
LFP,G4,US06,6,30.0,0.6451531038101879,0.8613156540901348,${SOURCE_WORKSPACE}/DL/CEMA_CARRIER_FAIRNESS_ABLATIONS_20260803/normalhead_auxoff/runs/lfp/nmc_goal_vcorr_it_train_dst_selector_results/normalauxoff_lfp_gru_normal_g4_holdoutus06_s0123456789_b2048_e200_by_temperature.csv
LFP,G4,US06,6,40.0,0.4847861512434827,0.639965863625198,${SOURCE_WORKSPACE}/DL/CEMA_CARRIER_FAIRNESS_ABLATIONS_20260803/normalhead_auxoff/runs/lfp/nmc_goal_vcorr_it_train_dst_selector_results/normalauxoff_lfp_gru_normal_g4_holdoutus06_s0123456789_b2048_e200_by_temperature.csv
LFP,G4,US06,6,50.0,0.4495443689347385,0.5718273569755761,${SOURCE_WORKSPACE}/DL/CEMA_CARRIER_FAIRNESS_ABLATIONS_20260803/normalhead_auxoff/runs/lfp/nmc_goal_vcorr_it_train_dst_selector_results/normalauxoff_lfp_gru_normal_g4_holdoutus06_s0123456789_b2048_e200_by_temperature.csv
LFP,G4,US06,7,-10.0,1.2953733316956593,1.6557582827489326,${SOURCE_WORKSPACE}/DL/CEMA_CARRIER_FAIRNESS_ABLATIONS_20260803/normalhead_auxoff/runs/lfp/nmc_goal_vcorr_it_train_dst_selector_results/normalauxoff_lfp_gru_normal_g4_holdoutus06_s0123456789_b2048_e200_by_temperature.csv
LFP,G4,US06,7,0.0,0.6031523693208325,0.786154212390005,${SOURCE_WORKSPACE}/DL/CEMA_CARRIER_FAIRNESS_ABLATIONS_20260803/normalhead_auxoff/runs/lfp/nmc_goal_vcorr_it_train_dst_selector_results/normalauxoff_lfp_gru_normal_g4_holdoutus06_s0123456789_b2048_e200_by_temperature.csv
LFP,G4,US06,7,10.0,0.6522256693266575,0.8672433545543501,${SOURCE_WORKSPACE}/DL/CEMA_CARRIER_FAIRNESS_ABLATIONS_20260803/normalhead_auxoff/runs/lfp/nmc_goal_vcorr_it_train_dst_selector_results/normalauxoff_lfp_gru_normal_g4_holdoutus06_s0123456789_b2048_e200_by_temperature.csv
LFP,G4,US06,7,20.0,0.696263849900611,0.9473989269529118,${SOURCE_WORKSPACE}/DL/CEMA_CARRIER_FAIRNESS_ABLATIONS_20260803/normalhead_auxoff/runs/lfp/nmc_goal_vcorr_it_train_dst_selector_results/normalauxoff_lfp_gru_normal_g4_holdoutus06_s0123456789_b2048_e200_by_temperature.csv
LFP,G4,US06,7,25.0,0.9505544429441096,1.212073256601148,${SOURCE_WORKSPACE}/DL/CEMA_CARRIER_FAIRNESS_ABLATIONS_20260803/normalhead_auxoff/runs/lfp/nmc_goal_vcorr_it_train_dst_selector_results/normalauxoff_lfp_gru_normal_g4_holdoutus06_s0123456789_b2048_e200_by_temperature.csv
LFP,G4,US06,7,30.0,0.5762344021840385,0.7874743637679722,${SOURCE_WORKSPACE}/DL/CEMA_CARRIER_FAIRNESS_ABLATIONS_20260803/normalhead_auxoff/runs/lfp/nmc_goal_vcorr_it_train_dst_selector_results/normalauxoff_lfp_gru_normal_g4_holdoutus06_s0123456789_b2048_e200_by_temperature.csv
LFP,G4,US06,7,40.0,0.596616676443475,0.7606934854332603,${SOURCE_WORKSPACE}/DL/CEMA_CARRIER_FAIRNESS_ABLATIONS_20260803/normalhead_auxoff/runs/lfp/nmc_goal_vcorr_it_train_dst_selector_results/normalauxoff_lfp_gru_normal_g4_holdoutus06_s0123456789_b2048_e200_by_temperature.csv
LFP,G4,US06,7,50.0,0.541375285122353,0.6986659634742737,${SOURCE_WORKSPACE}/DL/CEMA_CARRIER_FAIRNESS_ABLATIONS_20260803/normalhead_auxoff/runs/lfp/nmc_goal_vcorr_it_train_dst_selector_results/normalauxoff_lfp_gru_normal_g4_holdoutus06_s0123456789_b2048_e200_by_temperature.csv
LFP,G4,US06,8,-10.0,1.474314617699997,1.839141076419892,${SOURCE_WORKSPACE}/DL/CEMA_CARRIER_FAIRNESS_ABLATIONS_20260803/normalhead_auxoff/runs/lfp/nmc_goal_vcorr_it_train_dst_selector_results/normalauxoff_lfp_gru_normal_g4_holdoutus06_s0123456789_b2048_e200_by_temperature.csv
LFP,G4,US06,8,0.0,0.5134193263147212,0.6419665555036552,${SOURCE_WORKSPACE}/DL/CEMA_CARRIER_FAIRNESS_ABLATIONS_20260803/normalhead_auxoff/runs/lfp/nmc_goal_vcorr_it_train_dst_selector_results/normalauxoff_lfp_gru_normal_g4_holdoutus06_s0123456789_b2048_e200_by_temperature.csv
LFP,G4,US06,8,10.0,0.5537744863472421,0.6872118075231972,${SOURCE_WORKSPACE}/DL/CEMA_CARRIER_FAIRNESS_ABLATIONS_20260803/normalhead_auxoff/runs/lfp/nmc_goal_vcorr_it_train_dst_selector_results/normalauxoff_lfp_gru_normal_g4_holdoutus06_s0123456789_b2048_e200_by_temperature.csv
LFP,G4,US06,8,20.0,0.5228136661087863,0.6587816150911286,${SOURCE_WORKSPACE}/DL/CEMA_CARRIER_FAIRNESS_ABLATIONS_20260803/normalhead_auxoff/runs/lfp/nmc_goal_vcorr_it_train_dst_selector_results/normalauxoff_lfp_gru_normal_g4_holdoutus06_s0123456789_b2048_e200_by_temperature.csv
LFP,G4,US06,8,25.0,0.6087462820617464,0.7604515520835168,${SOURCE_WORKSPACE}/DL/CEMA_CARRIER_FAIRNESS_ABLATIONS_20260803/normalhead_auxoff/runs/lfp/nmc_goal_vcorr_it_train_dst_selector_results/normalauxoff_lfp_gru_normal_g4_holdoutus06_s0123456789_b2048_e200_by_temperature.csv
LFP,G4,US06,8,30.0,0.5267712121110639,0.6753826123652148,${SOURCE_WORKSPACE}/DL/CEMA_CARRIER_FAIRNESS_ABLATIONS_20260803/normalhead_auxoff/runs/lfp/nmc_goal_vcorr_it_train_dst_selector_results/normalauxoff_lfp_gru_normal_g4_holdoutus06_s0123456789_b2048_e200_by_temperature.csv
LFP,G4,US06,8,40.0,0.4604398330556749,0.6040341646584851,${SOURCE_WORKSPACE}/DL/CEMA_CARRIER_FAIRNESS_ABLATIONS_20260803/normalhead_auxoff/runs/lfp/nmc_goal_vcorr_it_train_dst_selector_results/normalauxoff_lfp_gru_normal_g4_holdoutus06_s0123456789_b2048_e200_by_temperature.csv
LFP,G4,US06,8,50.0,0.4699829523988224,0.6175941399922328,${SOURCE_WORKSPACE}/DL/CEMA_CARRIER_FAIRNESS_ABLATIONS_20260803/normalhead_auxoff/runs/lfp/nmc_goal_vcorr_it_train_dst_selector_results/normalauxoff_lfp_gru_normal_g4_holdoutus06_s0123456789_b2048_e200_by_temperature.csv
LFP,G4,US06,9,-10.0,1.2934102655235928,1.5501187099444376,${SOURCE_WORKSPACE}/DL/CEMA_CARRIER_FAIRNESS_ABLATIONS_20260803/normalhead_auxoff/runs/lfp/nmc_goal_vcorr_it_train_dst_selector_results/normalauxoff_lfp_gru_normal_g4_holdoutus06_s0123456789_b2048_e200_by_temperature.csv
LFP,G4,US06,9,0.0,0.4830903566376995,0.6084354689004294,${SOURCE_WORKSPACE}/DL/CEMA_CARRIER_FAIRNESS_ABLATIONS_20260803/normalhead_auxoff/runs/lfp/nmc_goal_vcorr_it_train_dst_selector_results/normalauxoff_lfp_gru_normal_g4_holdoutus06_s0123456789_b2048_e200_by_temperature.csv
LFP,G4,US06,9,10.0,0.4903564804710001,0.6029759566113068,${SOURCE_WORKSPACE}/DL/CEMA_CARRIER_FAIRNESS_ABLATIONS_20260803/normalhead_auxoff/runs/lfp/nmc_goal_vcorr_it_train_dst_selector_results/normalauxoff_lfp_gru_normal_g4_holdoutus06_s0123456789_b2048_e200_by_temperature.csv
LFP,G4,US06,9,20.0,0.4451503217054955,0.5507676348188824,${SOURCE_WORKSPACE}/DL/CEMA_CARRIER_FAIRNESS_ABLATIONS_20260803/normalhead_auxoff/runs/lfp/nmc_goal_vcorr_it_train_dst_selector_results/normalauxoff_lfp_gru_normal_g4_holdoutus06_s0123456789_b2048_e200_by_temperature.csv
LFP,G4,US06,9,25.0,0.5369249526378939,0.6801516473911479,${SOURCE_WORKSPACE}/DL/CEMA_CARRIER_FAIRNESS_ABLATIONS_20260803/normalhead_auxoff/runs/lfp/nmc_goal_vcorr_it_train_dst_selector_results/normalauxoff_lfp_gru_normal_g4_holdoutus06_s0123456789_b2048_e200_by_temperature.csv
LFP,G4,US06,9,30.0,0.4564508849316392,0.5953875381417033,${SOURCE_WORKSPACE}/DL/CEMA_CARRIER_FAIRNESS_ABLATIONS_20260803/normalhead_auxoff/runs/lfp/nmc_goal_vcorr_it_train_dst_selector_results/normalauxoff_lfp_gru_normal_g4_holdoutus06_s0123456789_b2048_e200_by_temperature.csv
LFP,G4,US06,9,40.0,0.4817903991145429,0.6174895276026274,${SOURCE_WORKSPACE}/DL/CEMA_CARRIER_FAIRNESS_ABLATIONS_20260803/normalhead_auxoff/runs/lfp/nmc_goal_vcorr_it_train_dst_selector_results/normalauxoff_lfp_gru_normal_g4_holdoutus06_s0123456789_b2048_e200_by_temperature.csv
LFP,G4,US06,9,50.0,0.4846621591633394,0.6057357756088316,${SOURCE_WORKSPACE}/DL/CEMA_CARRIER_FAIRNESS_ABLATIONS_20260803/normalhead_auxoff/runs/lfp/nmc_goal_vcorr_it_train_dst_selector_results/normalauxoff_lfp_gru_normal_g4_holdoutus06_s0123456789_b2048_e200_by_temperature.csv
LFP,T6,DST,0,-10.0,0.8674451068342587,1.110100080184159,${SOURCE_WORKSPACE}/DL/CEMA_CARRIER_FAIRNESS_ABLATIONS_20260803/normalhead_auxoff/runs/lfp/nmc_goal_vcorr_it_train_dst_selector_results/normalauxoff_lfp_gru_normal_t6_holdoutdst_s0123456789_b2048_e200_by_temperature.csv
LFP,T6,DST,0,0.0,0.5738560075149456,0.7160623023032413,${SOURCE_WORKSPACE}/DL/CEMA_CARRIER_FAIRNESS_ABLATIONS_20260803/normalhead_auxoff/runs/lfp/nmc_goal_vcorr_it_train_dst_selector_results/normalauxoff_lfp_gru_normal_t6_holdoutdst_s0123456789_b2048_e200_by_temperature.csv
LFP,T6,DST,0,10.0,0.4261468140435683,0.5403985344648138,${SOURCE_WORKSPACE}/DL/CEMA_CARRIER_FAIRNESS_ABLATIONS_20260803/normalhead_auxoff/runs/lfp/nmc_goal_vcorr_it_train_dst_selector_results/normalauxoff_lfp_gru_normal_t6_holdoutdst_s0123456789_b2048_e200_by_temperature.csv
LFP,T6,DST,0,20.0,0.3765257324500619,0.5056364303630048,${SOURCE_WORKSPACE}/DL/CEMA_CARRIER_FAIRNESS_ABLATIONS_20260803/normalhead_auxoff/runs/lfp/nmc_goal_vcorr_it_train_dst_selector_results/normalauxoff_lfp_gru_normal_t6_holdoutdst_s0123456789_b2048_e200_by_temperature.csv
LFP,T6,DST,0,25.0,0.3182328191997738,0.4336831386604701,${SOURCE_WORKSPACE}/DL/CEMA_CARRIER_FAIRNESS_ABLATIONS_20260803/normalhead_auxoff/runs/lfp/nmc_goal_vcorr_it_train_dst_selector_results/normalauxoff_lfp_gru_normal_t6_holdoutdst_s0123456789_b2048_e200_by_temperature.csv
LFP,T6,DST,0,30.0,0.371307933819244,0.4884048571781536,${SOURCE_WORKSPACE}/DL/CEMA_CARRIER_FAIRNESS_ABLATIONS_20260803/normalhead_auxoff/runs/lfp/nmc_goal_vcorr_it_train_dst_selector_results/normalauxoff_lfp_gru_normal_t6_holdoutdst_s0123456789_b2048_e200_by_temperature.csv
LFP,T6,DST,0,40.0,0.4650138504878723,0.582311654197885,${SOURCE_WORKSPACE}/DL/CEMA_CARRIER_FAIRNESS_ABLATIONS_20260803/normalhead_auxoff/runs/lfp/nmc_goal_vcorr_it_train_dst_selector_results/normalauxoff_lfp_gru_normal_t6_holdoutdst_s0123456789_b2048_e200_by_temperature.csv
LFP,T6,DST,0,50.0,0.4877703517816072,0.6146532766357498,${SOURCE_WORKSPACE}/DL/CEMA_CARRIER_FAIRNESS_ABLATIONS_20260803/normalhead_auxoff/runs/lfp/nmc_goal_vcorr_it_train_dst_selector_results/normalauxoff_lfp_gru_normal_t6_holdoutdst_s0123456789_b2048_e200_by_temperature.csv
LFP,T6,DST,1,-10.0,0.8432175345725977,1.158844129519054,${SOURCE_WORKSPACE}/DL/CEMA_CARRIER_FAIRNESS_ABLATIONS_20260803/normalhead_auxoff/runs/lfp/nmc_goal_vcorr_it_train_dst_selector_results/normalauxoff_lfp_gru_normal_t6_holdoutdst_s0123456789_b2048_e200_by_temperature.csv
LFP,T6,DST,1,0.0,0.558349275281629,0.8009594877728397,${SOURCE_WORKSPACE}/DL/CEMA_CARRIER_FAIRNESS_ABLATIONS_20260803/normalhead_auxoff/runs/lfp/nmc_goal_vcorr_it_train_dst_selector_results/normalauxoff_lfp_gru_normal_t6_holdoutdst_s0123456789_b2048_e200_by_temperature.csv
LFP,T6,DST,1,10.0,0.4590801622328082,0.661501761206441,${SOURCE_WORKSPACE}/DL/CEMA_CARRIER_FAIRNESS_ABLATIONS_20260803/normalhead_auxoff/runs/lfp/nmc_goal_vcorr_it_train_dst_selector_results/normalauxoff_lfp_gru_normal_t6_holdoutdst_s0123456789_b2048_e200_by_temperature.csv
LFP,T6,DST,1,20.0,0.4300340135004817,0.5575234974454742,${SOURCE_WORKSPACE}/DL/CEMA_CARRIER_FAIRNESS_ABLATIONS_20260803/normalhead_auxoff/runs/lfp/nmc_goal_vcorr_it_train_dst_selector_results/normalauxoff_lfp_gru_normal_t6_holdoutdst_s0123456789_b2048_e200_by_temperature.csv
LFP,T6,DST,1,25.0,0.4141202991265126,0.5216813160007131,${SOURCE_WORKSPACE}/DL/CEMA_CARRIER_FAIRNESS_ABLATIONS_20260803/normalhead_auxoff/runs/lfp/nmc_goal_vcorr_it_train_dst_selector_results/normalauxoff_lfp_gru_normal_t6_holdoutdst_s0123456789_b2048_e200_by_temperature.csv
LFP,T6,DST,1,30.0,0.4977270644276572,0.5907533109343187,${SOURCE_WORKSPACE}/DL/CEMA_CARRIER_FAIRNESS_ABLATIONS_20260803/normalhead_auxoff/runs/lfp/nmc_goal_vcorr_it_train_dst_selector_results/normalauxoff_lfp_gru_normal_t6_holdoutdst_s0123456789_b2048_e200_by_temperature.csv
LFP,T6,DST,1,40.0,0.562302328467901,0.6544258733326427,${SOURCE_WORKSPACE}/DL/CEMA_CARRIER_FAIRNESS_ABLATIONS_20260803/normalhead_auxoff/runs/lfp/nmc_goal_vcorr_it_train_dst_selector_results/normalauxoff_lfp_gru_normal_t6_holdoutdst_s0123456789_b2048_e200_by_temperature.csv
LFP,T6,DST,1,50.0,0.6190198696069595,0.7199413353494095,${SOURCE_WORKSPACE}/DL/CEMA_CARRIER_FAIRNESS_ABLATIONS_20260803/normalhead_auxoff/runs/lfp/nmc_goal_vcorr_it_train_dst_selector_results/normalauxoff_lfp_gru_normal_t6_holdoutdst_s0123456789_b2048_e200_by_temperature.csv
LFP,T6,DST,2,-10.0,0.7923602238083978,0.9967293715134335,${SOURCE_WORKSPACE}/DL/CEMA_CARRIER_FAIRNESS_ABLATIONS_20260803/normalhead_auxoff/runs/lfp/nmc_goal_vcorr_it_train_dst_selector_results/normalauxoff_lfp_gru_normal_t6_holdoutdst_s0123456789_b2048_e200_by_temperature.csv
LFP,T6,DST,2,0.0,0.5314466424689552,0.6579090658615232,${SOURCE_WORKSPACE}/DL/CEMA_CARRIER_FAIRNESS_ABLATIONS_20260803/normalhead_auxoff/runs/lfp/nmc_goal_vcorr_it_train_dst_selector_results/normalauxoff_lfp_gru_normal_t6_holdoutdst_s0123456789_b2048_e200_by_temperature.csv
LFP,T6,DST,2,10.0,0.400702217669291,0.5117318540849333,${SOURCE_WORKSPACE}/DL/CEMA_CARRIER_FAIRNESS_ABLATIONS_20260803/normalhead_auxoff/runs/lfp/nmc_goal_vcorr_it_train_dst_selector_results/normalauxoff_lfp_gru_normal_t6_holdoutdst_s0123456789_b2048_e200_by_temperature.csv
LFP,T6,DST,2,20.0,0.3224268214644102,0.4420169906279211,${SOURCE_WORKSPACE}/DL/CEMA_CARRIER_FAIRNESS_ABLATIONS_20260803/normalhead_auxoff/runs/lfp/nmc_goal_vcorr_it_train_dst_selector_results/normalauxoff_lfp_gru_normal_t6_holdoutdst_s0123456789_b2048_e200_by_temperature.csv
LFP,T6,DST,2,25.0,0.2992437802502522,0.4249310909249508,${SOURCE_WORKSPACE}/DL/CEMA_CARRIER_FAIRNESS_ABLATIONS_20260803/normalhead_auxoff/runs/lfp/nmc_goal_vcorr_it_train_dst_selector_results/normalauxoff_lfp_gru_normal_t6_holdoutdst_s0123456789_b2048_e200_by_temperature.csv
LFP,T6,DST,2,30.0,0.2985414802552302,0.4050320271850945,${SOURCE_WORKSPACE}/DL/CEMA_CARRIER_FAIRNESS_ABLATIONS_20260803/normalhead_auxoff/runs/lfp/nmc_goal_vcorr_it_train_dst_selector_results/normalauxoff_lfp_gru_normal_t6_holdoutdst_s0123456789_b2048_e200_by_temperature.csv
LFP,T6,DST,2,40.0,0.4166782152109635,0.5165003655419894,${SOURCE_WORKSPACE}/DL/CEMA_CARRIER_FAIRNESS_ABLATIONS_20260803/normalhead_auxoff/runs/lfp/nmc_goal_vcorr_it_train_dst_selector_results/normalauxoff_lfp_gru_normal_t6_holdoutdst_s0123456789_b2048_e200_by_temperature.csv
LFP,T6,DST,2,50.0,0.4775140676157585,0.574612841250781,${SOURCE_WORKSPACE}/DL/CEMA_CARRIER_FAIRNESS_ABLATIONS_20260803/normalhead_auxoff/runs/lfp/nmc_goal_vcorr_it_train_dst_selector_results/normalauxoff_lfp_gru_normal_t6_holdoutdst_s0123456789_b2048_e200_by_temperature.csv
LFP,T6,DST,3,-10.0,0.7489995582966772,0.9704549623591084,${SOURCE_WORKSPACE}/DL/CEMA_CARRIER_FAIRNESS_ABLATIONS_20260803/normalhead_auxoff/runs/lfp/nmc_goal_vcorr_it_train_dst_selector_results/normalauxoff_lfp_gru_normal_t6_holdoutdst_s0123456789_b2048_e200_by_temperature.csv
LFP,T6,DST,3,0.0,0.5786918911185512,0.745263254325835,${SOURCE_WORKSPACE}/DL/CEMA_CARRIER_FAIRNESS_ABLATIONS_20260803/normalhead_auxoff/runs/lfp/nmc_goal_vcorr_it_train_dst_selector_results/normalauxoff_lfp_gru_normal_t6_holdoutdst_s0123456789_b2048_e200_by_temperature.csv
LFP,T6,DST,3,10.0,0.4604070221541905,0.588904988085735,${SOURCE_WORKSPACE}/DL/CEMA_CARRIER_FAIRNESS_ABLATIONS_20260803/normalhead_auxoff/runs/lfp/nmc_goal_vcorr_it_train_dst_selector_results/normalauxoff_lfp_gru_normal_t6_holdoutdst_s0123456789_b2048_e200_by_temperature.csv
LFP,T6,DST,3,20.0,0.3744178216648653,0.5104675889843602,${SOURCE_WORKSPACE}/DL/CEMA_CARRIER_FAIRNESS_ABLATIONS_20260803/normalhead_auxoff/runs/lfp/nmc_goal_vcorr_it_train_dst_selector_results/normalauxoff_lfp_gru_normal_t6_holdoutdst_s0123456789_b2048_e200_by_temperature.csv
LFP,T6,DST,3,25.0,0.3071812596994111,0.4391686578488195,${SOURCE_WORKSPACE}/DL/CEMA_CARRIER_FAIRNESS_ABLATIONS_20260803/normalhead_auxoff/runs/lfp/nmc_goal_vcorr_it_train_dst_selector_results/normalauxoff_lfp_gru_normal_t6_holdoutdst_s0123456789_b2048_e200_by_temperature.csv
LFP,T6,DST,3,30.0,0.3134410833896311,0.4411699293383022,${SOURCE_WORKSPACE}/DL/CEMA_CARRIER_FAIRNESS_ABLATIONS_20260803/normalhead_auxoff/runs/lfp/nmc_goal_vcorr_it_train_dst_selector_results/normalauxoff_lfp_gru_normal_t6_holdoutdst_s0123456789_b2048_e200_by_temperature.csv
LFP,T6,DST,3,40.0,0.4259603513774637,0.5204925734576623,${SOURCE_WORKSPACE}/DL/CEMA_CARRIER_FAIRNESS_ABLATIONS_20260803/normalhead_auxoff/runs/lfp/nmc_goal_vcorr_it_train_dst_selector_results/normalauxoff_lfp_gru_normal_t6_holdoutdst_s0123456789_b2048_e200_by_temperature.csv
LFP,T6,DST,3,50.0,0.4969599177848625,0.5855586732851581,${SOURCE_WORKSPACE}/DL/CEMA_CARRIER_FAIRNESS_ABLATIONS_20260803/normalhead_auxoff/runs/lfp/nmc_goal_vcorr_it_train_dst_selector_results/normalauxoff_lfp_gru_normal_t6_holdoutdst_s0123456789_b2048_e200_by_temperature.csv
LFP,T6,DST,4,-10.0,0.8563155727149651,1.1972788994174306,${SOURCE_WORKSPACE}/DL/CEMA_CARRIER_FAIRNESS_ABLATIONS_20260803/normalhead_auxoff/runs/lfp/nmc_goal_vcorr_it_train_dst_selector_results/normalauxoff_lfp_gru_normal_t6_holdoutdst_s0123456789_b2048_e200_by_temperature.csv
LFP,T6,DST,4,0.0,0.5509226777138623,0.7606172491435909,${SOURCE_WORKSPACE}/DL/CEMA_CARRIER_FAIRNESS_ABLATIONS_20260803/normalhead_auxoff/runs/lfp/nmc_goal_vcorr_it_train_dst_selector_results/normalauxoff_lfp_gru_normal_t6_holdoutdst_s0123456789_b2048_e200_by_temperature.csv
LFP,T6,DST,4,10.0,0.3841084244410287,0.5294877234553139,${SOURCE_WORKSPACE}/DL/CEMA_CARRIER_FAIRNESS_ABLATIONS_20260803/normalhead_auxoff/runs/lfp/nmc_goal_vcorr_it_train_dst_selector_results/normalauxoff_lfp_gru_normal_t6_holdoutdst_s0123456789_b2048_e200_by_temperature.csv
LFP,T6,DST,4,20.0,0.3551439506671696,0.4961440386291332,${SOURCE_WORKSPACE}/DL/CEMA_CARRIER_FAIRNESS_ABLATIONS_20260803/normalhead_auxoff/runs/lfp/nmc_goal_vcorr_it_train_dst_selector_results/normalauxoff_lfp_gru_normal_t6_holdoutdst_s0123456789_b2048_e200_by_temperature.csv
LFP,T6,DST,4,25.0,0.2988032881623002,0.4195255783828784,${SOURCE_WORKSPACE}/DL/CEMA_CARRIER_FAIRNESS_ABLATIONS_20260803/normalhead_auxoff/runs/lfp/nmc_goal_vcorr_it_train_dst_selector_results/normalauxoff_lfp_gru_normal_t6_holdoutdst_s0123456789_b2048_e200_by_temperature.csv
LFP,T6,DST,4,30.0,0.4166750378222253,0.5167495514387336,${SOURCE_WORKSPACE}/DL/CEMA_CARRIER_FAIRNESS_ABLATIONS_20260803/normalhead_auxoff/runs/lfp/nmc_goal_vcorr_it_train_dst_selector_results/normalauxoff_lfp_gru_normal_t6_holdoutdst_s0123456789_b2048_e200_by_temperature.csv
LFP,T6,DST,4,40.0,0.5099408003193503,0.597254742968457,${SOURCE_WORKSPACE}/DL/CEMA_CARRIER_FAIRNESS_ABLATIONS_20260803/normalhead_auxoff/runs/lfp/nmc_goal_vcorr_it_train_dst_selector_results/normalauxoff_lfp_gru_normal_t6_holdoutdst_s0123456789_b2048_e200_by_temperature.csv
LFP,T6,DST,4,50.0,0.5862880854371908,0.6710520523882597,${SOURCE_WORKSPACE}/DL/CEMA_CARRIER_FAIRNESS_ABLATIONS_20260803/normalhead_auxoff/runs/lfp/nmc_goal_vcorr_it_train_dst_selector_results/normalauxoff_lfp_gru_normal_t6_holdoutdst_s0123456789_b2048_e200_by_temperature.csv
LFP,T6,DST,5,-10.0,0.8401939953181897,1.1398660991756766,${SOURCE_WORKSPACE}/DL/CEMA_CARRIER_FAIRNESS_ABLATIONS_20260803/normalhead_auxoff/runs/lfp/nmc_goal_vcorr_it_train_dst_selector_results/normalauxoff_lfp_gru_normal_t6_holdoutdst_s0123456789_b2048_e200_by_temperature.csv
LFP,T6,DST,5,0.0,0.5695424932640829,0.7807257642794729,${SOURCE_WORKSPACE}/DL/CEMA_CARRIER_FAIRNESS_ABLATIONS_20260803/normalhead_auxoff/runs/lfp/nmc_goal_vcorr_it_train_dst_selector_results/normalauxoff_lfp_gru_normal_t6_holdoutdst_s0123456789_b2048_e200_by_temperature.csv
LFP,T6,DST,5,10.0,0.4314364791509861,0.5587246889869553,${SOURCE_WORKSPACE}/DL/CEMA_CARRIER_FAIRNESS_ABLATIONS_20260803/normalhead_auxoff/runs/lfp/nmc_goal_vcorr_it_train_dst_selector_results/normalauxoff_lfp_gru_normal_t6_holdoutdst_s0123456789_b2048_e200_by_temperature.csv
LFP,T6,DST,5,20.0,0.3490519582781543,0.4749379652091055,${SOURCE_WORKSPACE}/DL/CEMA_CARRIER_FAIRNESS_ABLATIONS_20260803/normalhead_auxoff/runs/lfp/nmc_goal_vcorr_it_train_dst_selector_results/normalauxoff_lfp_gru_normal_t6_holdoutdst_s0123456789_b2048_e200_by_temperature.csv
LFP,T6,DST,5,25.0,0.2940985963943633,0.4082143136507092,${SOURCE_WORKSPACE}/DL/CEMA_CARRIER_FAIRNESS_ABLATIONS_20260803/normalhead_auxoff/runs/lfp/nmc_goal_vcorr_it_train_dst_selector_results/normalauxoff_lfp_gru_normal_t6_holdoutdst_s0123456789_b2048_e200_by_temperature.csv
LFP,T6,DST,5,30.0,0.332108996843811,0.4505385552357703,${SOURCE_WORKSPACE}/DL/CEMA_CARRIER_FAIRNESS_ABLATIONS_20260803/normalhead_auxoff/runs/lfp/nmc_goal_vcorr_it_train_dst_selector_results/normalauxoff_lfp_gru_normal_t6_holdoutdst_s0123456789_b2048_e200_by_temperature.csv
LFP,T6,DST,5,40.0,0.4234967263015328,0.5288349652728823,${SOURCE_WORKSPACE}/DL/CEMA_CARRIER_FAIRNESS_ABLATIONS_20260803/normalhead_auxoff/runs/lfp/nmc_goal_vcorr_it_train_dst_selector_results/normalauxoff_lfp_gru_normal_t6_holdoutdst_s0123456789_b2048_e200_by_temperature.csv
LFP,T6,DST,5,50.0,0.4610401854190324,0.5788772382983138,${SOURCE_WORKSPACE}/DL/CEMA_CARRIER_FAIRNESS_ABLATIONS_20260803/normalhead_auxoff/runs/lfp/nmc_goal_vcorr_it_train_dst_selector_results/normalauxoff_lfp_gru_normal_t6_holdoutdst_s0123456789_b2048_e200_by_temperature.csv
LFP,T6,DST,6,-10.0,0.7774574367228073,1.0495101126674793,${SOURCE_WORKSPACE}/DL/CEMA_CARRIER_FAIRNESS_ABLATIONS_20260803/normalhead_auxoff/runs/lfp/nmc_goal_vcorr_it_train_dst_selector_results/normalauxoff_lfp_gru_normal_t6_holdoutdst_s0123456789_b2048_e200_by_temperature.csv
LFP,T6,DST,6,0.0,0.5793739233644555,0.7559592729341117,${SOURCE_WORKSPACE}/DL/CEMA_CARRIER_FAIRNESS_ABLATIONS_20260803/normalhead_auxoff/runs/lfp/nmc_goal_vcorr_it_train_dst_selector_results/normalauxoff_lfp_gru_normal_t6_holdoutdst_s0123456789_b2048_e200_by_temperature.csv
LFP,T6,DST,6,10.0,0.4166436456477654,0.5495668695471357,${SOURCE_WORKSPACE}/DL/CEMA_CARRIER_FAIRNESS_ABLATIONS_20260803/normalhead_auxoff/runs/lfp/nmc_goal_vcorr_it_train_dst_selector_results/normalauxoff_lfp_gru_normal_t6_holdoutdst_s0123456789_b2048_e200_by_temperature.csv
LFP,T6,DST,6,20.0,0.3501016639433914,0.4680533116290978,${SOURCE_WORKSPACE}/DL/CEMA_CARRIER_FAIRNESS_ABLATIONS_20260803/normalhead_auxoff/runs/lfp/nmc_goal_vcorr_it_train_dst_selector_results/normalauxoff_lfp_gru_normal_t6_holdoutdst_s0123456789_b2048_e200_by_temperature.csv
LFP,T6,DST,6,25.0,0.2853132072800022,0.3606944444775163,${SOURCE_WORKSPACE}/DL/CEMA_CARRIER_FAIRNESS_ABLATIONS_20260803/normalhead_auxoff/runs/lfp/nmc_goal_vcorr_it_train_dst_selector_results/normalauxoff_lfp_gru_normal_t6_holdoutdst_s0123456789_b2048_e200_by_temperature.csv
LFP,T6,DST,6,30.0,0.3639350029696729,0.4308650172725193,${SOURCE_WORKSPACE}/DL/CEMA_CARRIER_FAIRNESS_ABLATIONS_20260803/normalhead_auxoff/runs/lfp/nmc_goal_vcorr_it_train_dst_selector_results/normalauxoff_lfp_gru_normal_t6_holdoutdst_s0123456789_b2048_e200_by_temperature.csv
LFP,T6,DST,6,40.0,0.5324125152931869,0.6246657319033064,${SOURCE_WORKSPACE}/DL/CEMA_CARRIER_FAIRNESS_ABLATIONS_20260803/normalhead_auxoff/runs/lfp/nmc_goal_vcorr_it_train_dst_selector_results/normalauxoff_lfp_gru_normal_t6_holdoutdst_s0123456789_b2048_e200_by_temperature.csv
LFP,T6,DST,6,50.0,0.6035005700644495,0.7177362708827129,${SOURCE_WORKSPACE}/DL/CEMA_CARRIER_FAIRNESS_ABLATIONS_20260803/normalhead_auxoff/runs/lfp/nmc_goal_vcorr_it_train_dst_selector_results/normalauxoff_lfp_gru_normal_t6_holdoutdst_s0123456789_b2048_e200_by_temperature.csv
LFP,T6,DST,7,-10.0,0.8873711980402526,1.2045880305693548,${SOURCE_WORKSPACE}/DL/CEMA_CARRIER_FAIRNESS_ABLATIONS_20260803/normalhead_auxoff/runs/lfp/nmc_goal_vcorr_it_train_dst_selector_results/normalauxoff_lfp_gru_normal_t6_holdoutdst_s0123456789_b2048_e200_by_temperature.csv
LFP,T6,DST,7,0.0,0.6479185393431648,0.8794014448622757,${SOURCE_WORKSPACE}/DL/CEMA_CARRIER_FAIRNESS_ABLATIONS_20260803/normalhead_auxoff/runs/lfp/nmc_goal_vcorr_it_train_dst_selector_results/normalauxoff_lfp_gru_normal_t6_holdoutdst_s0123456789_b2048_e200_by_temperature.csv
LFP,T6,DST,7,10.0,0.3975612054829441,0.5222877338967221,${SOURCE_WORKSPACE}/DL/CEMA_CARRIER_FAIRNESS_ABLATIONS_20260803/normalhead_auxoff/runs/lfp/nmc_goal_vcorr_it_train_dst_selector_results/normalauxoff_lfp_gru_normal_t6_holdoutdst_s0123456789_b2048_e200_by_temperature.csv
LFP,T6,DST,7,20.0,0.3315772239847028,0.4623942422586518,${SOURCE_WORKSPACE}/DL/CEMA_CARRIER_FAIRNESS_ABLATIONS_20260803/normalhead_auxoff/runs/lfp/nmc_goal_vcorr_it_train_dst_selector_results/normalauxoff_lfp_gru_normal_t6_holdoutdst_s0123456789_b2048_e200_by_temperature.csv
LFP,T6,DST,7,25.0,0.2849835941644619,0.4020445662409473,${SOURCE_WORKSPACE}/DL/CEMA_CARRIER_FAIRNESS_ABLATIONS_20260803/normalhead_auxoff/runs/lfp/nmc_goal_vcorr_it_train_dst_selector_results/normalauxoff_lfp_gru_normal_t6_holdoutdst_s0123456789_b2048_e200_by_temperature.csv
LFP,T6,DST,7,30.0,0.3332880123625136,0.434561477121786,${SOURCE_WORKSPACE}/DL/CEMA_CARRIER_FAIRNESS_ABLATIONS_20260803/normalhead_auxoff/runs/lfp/nmc_goal_vcorr_it_train_dst_selector_results/normalauxoff_lfp_gru_normal_t6_holdoutdst_s0123456789_b2048_e200_by_temperature.csv
LFP,T6,DST,7,40.0,0.3603621698866603,0.4636739568364205,${SOURCE_WORKSPACE}/DL/CEMA_CARRIER_FAIRNESS_ABLATIONS_20260803/normalhead_auxoff/runs/lfp/nmc_goal_vcorr_it_train_dst_selector_results/normalauxoff_lfp_gru_normal_t6_holdoutdst_s0123456789_b2048_e200_by_temperature.csv
LFP,T6,DST,7,50.0,0.3991366268731578,0.5154396031982598,${SOURCE_WORKSPACE}/DL/CEMA_CARRIER_FAIRNESS_ABLATIONS_20260803/normalhead_auxoff/runs/lfp/nmc_goal_vcorr_it_train_dst_selector_results/normalauxoff_lfp_gru_normal_t6_holdoutdst_s0123456789_b2048_e200_by_temperature.csv
LFP,T6,DST,8,-10.0,0.8931002575893456,1.219253755151301,${SOURCE_WORKSPACE}/DL/CEMA_CARRIER_FAIRNESS_ABLATIONS_20260803/normalhead_auxoff/runs/lfp/nmc_goal_vcorr_it_train_dst_selector_results/normalauxoff_lfp_gru_normal_t6_holdoutdst_s0123456789_b2048_e200_by_temperature.csv
LFP,T6,DST,8,0.0,0.5955035567480198,0.7958795971020091,${SOURCE_WORKSPACE}/DL/CEMA_CARRIER_FAIRNESS_ABLATIONS_20260803/normalhead_auxoff/runs/lfp/nmc_goal_vcorr_it_train_dst_selector_results/normalauxoff_lfp_gru_normal_t6_holdoutdst_s0123456789_b2048_e200_by_temperature.csv
LFP,T6,DST,8,10.0,0.3981104430832237,0.5201874178215622,${SOURCE_WORKSPACE}/DL/CEMA_CARRIER_FAIRNESS_ABLATIONS_20260803/normalhead_auxoff/runs/lfp/nmc_goal_vcorr_it_train_dst_selector_results/normalauxoff_lfp_gru_normal_t6_holdoutdst_s0123456789_b2048_e200_by_temperature.csv
LFP,T6,DST,8,20.0,0.3194311745146401,0.4389605949308394,${SOURCE_WORKSPACE}/DL/CEMA_CARRIER_FAIRNESS_ABLATIONS_20260803/normalhead_auxoff/runs/lfp/nmc_goal_vcorr_it_train_dst_selector_results/normalauxoff_lfp_gru_normal_t6_holdoutdst_s0123456789_b2048_e200_by_temperature.csv
LFP,T6,DST,8,25.0,0.2826829322424559,0.3993433152256724,${SOURCE_WORKSPACE}/DL/CEMA_CARRIER_FAIRNESS_ABLATIONS_20260803/normalhead_auxoff/runs/lfp/nmc_goal_vcorr_it_train_dst_selector_results/normalauxoff_lfp_gru_normal_t6_holdoutdst_s0123456789_b2048_e200_by_temperature.csv
LFP,T6,DST,8,30.0,0.3658357709787354,0.4851964861814589,${SOURCE_WORKSPACE}/DL/CEMA_CARRIER_FAIRNESS_ABLATIONS_20260803/normalhead_auxoff/runs/lfp/nmc_goal_vcorr_it_train_dst_selector_results/normalauxoff_lfp_gru_normal_t6_holdoutdst_s0123456789_b2048_e200_by_temperature.csv
LFP,T6,DST,8,40.0,0.4575337810227561,0.5769167210813319,${SOURCE_WORKSPACE}/DL/CEMA_CARRIER_FAIRNESS_ABLATIONS_20260803/normalhead_auxoff/runs/lfp/nmc_goal_vcorr_it_train_dst_selector_results/normalauxoff_lfp_gru_normal_t6_holdoutdst_s0123456789_b2048_e200_by_temperature.csv
LFP,T6,DST,8,50.0,0.5531943005158623,0.6638247557925385,${SOURCE_WORKSPACE}/DL/CEMA_CARRIER_FAIRNESS_ABLATIONS_20260803/normalhead_auxoff/runs/lfp/nmc_goal_vcorr_it_train_dst_selector_results/normalauxoff_lfp_gru_normal_t6_holdoutdst_s0123456789_b2048_e200_by_temperature.csv
LFP,T6,DST,9,-10.0,0.7546942782834699,0.945428856116044,${SOURCE_WORKSPACE}/DL/CEMA_CARRIER_FAIRNESS_ABLATIONS_20260803/normalhead_auxoff/runs/lfp/nmc_goal_vcorr_it_train_dst_selector_results/normalauxoff_lfp_gru_normal_t6_holdoutdst_s0123456789_b2048_e200_by_temperature.csv
LFP,T6,DST,9,0.0,0.5304654343984881,0.6978343973104029,${SOURCE_WORKSPACE}/DL/CEMA_CARRIER_FAIRNESS_ABLATIONS_20260803/normalhead_auxoff/runs/lfp/nmc_goal_vcorr_it_train_dst_selector_results/normalauxoff_lfp_gru_normal_t6_holdoutdst_s0123456789_b2048_e200_by_temperature.csv
LFP,T6,DST,9,10.0,0.3869384785767317,0.5128807341047138,${SOURCE_WORKSPACE}/DL/CEMA_CARRIER_FAIRNESS_ABLATIONS_20260803/normalhead_auxoff/runs/lfp/nmc_goal_vcorr_it_train_dst_selector_results/normalauxoff_lfp_gru_normal_t6_holdoutdst_s0123456789_b2048_e200_by_temperature.csv
LFP,T6,DST,9,20.0,0.3447074353744216,0.4596025267101256,${SOURCE_WORKSPACE}/DL/CEMA_CARRIER_FAIRNESS_ABLATIONS_20260803/normalhead_auxoff/runs/lfp/nmc_goal_vcorr_it_train_dst_selector_results/normalauxoff_lfp_gru_normal_t6_holdoutdst_s0123456789_b2048_e200_by_temperature.csv
LFP,T6,DST,9,25.0,0.30113791634369,0.4012296314042577,${SOURCE_WORKSPACE}/DL/CEMA_CARRIER_FAIRNESS_ABLATIONS_20260803/normalhead_auxoff/runs/lfp/nmc_goal_vcorr_it_train_dst_selector_results/normalauxoff_lfp_gru_normal_t6_holdoutdst_s0123456789_b2048_e200_by_temperature.csv
LFP,T6,DST,9,30.0,0.3114942445627263,0.4317352382060119,${SOURCE_WORKSPACE}/DL/CEMA_CARRIER_FAIRNESS_ABLATIONS_20260803/normalhead_auxoff/runs/lfp/nmc_goal_vcorr_it_train_dst_selector_results/normalauxoff_lfp_gru_normal_t6_holdoutdst_s0123456789_b2048_e200_by_temperature.csv
LFP,T6,DST,9,40.0,0.3600433676310837,0.4760819619416124,${SOURCE_WORKSPACE}/DL/CEMA_CARRIER_FAIRNESS_ABLATIONS_20260803/normalhead_auxoff/runs/lfp/nmc_goal_vcorr_it_train_dst_selector_results/normalauxoff_lfp_gru_normal_t6_holdoutdst_s0123456789_b2048_e200_by_temperature.csv
LFP,T6,DST,9,50.0,0.3897884674998288,0.5034938770751951,${SOURCE_WORKSPACE}/DL/CEMA_CARRIER_FAIRNESS_ABLATIONS_20260803/normalhead_auxoff/runs/lfp/nmc_goal_vcorr_it_train_dst_selector_results/normalauxoff_lfp_gru_normal_t6_holdoutdst_s0123456789_b2048_e200_by_temperature.csv
LFP,T6,FUDS,0,-10.0,1.677221404426655,2.0584657282205674,${SOURCE_WORKSPACE}/DL/CEMA_CARRIER_FAIRNESS_ABLATIONS_20260803/normalhead_auxoff/runs/lfp/nmc_goal_vcorr_it_train_dst_selector_results/normalauxoff_lfp_gru_normal_t6_holdoutfuds_s0123456789_b2048_e200_by_temperature.csv
LFP,T6,FUDS,0,0.0,0.8422870047213957,1.0921816637730442,${SOURCE_WORKSPACE}/DL/CEMA_CARRIER_FAIRNESS_ABLATIONS_20260803/normalhead_auxoff/runs/lfp/nmc_goal_vcorr_it_train_dst_selector_results/normalauxoff_lfp_gru_normal_t6_holdoutfuds_s0123456789_b2048_e200_by_temperature.csv
LFP,T6,FUDS,0,10.0,0.6578626090721975,0.8445438852060927,${SOURCE_WORKSPACE}/DL/CEMA_CARRIER_FAIRNESS_ABLATIONS_20260803/normalhead_auxoff/runs/lfp/nmc_goal_vcorr_it_train_dst_selector_results/normalauxoff_lfp_gru_normal_t6_holdoutfuds_s0123456789_b2048_e200_by_temperature.csv
LFP,T6,FUDS,0,20.0,0.4885027418137912,0.6330712434048796,${SOURCE_WORKSPACE}/DL/CEMA_CARRIER_FAIRNESS_ABLATIONS_20260803/normalhead_auxoff/runs/lfp/nmc_goal_vcorr_it_train_dst_selector_results/normalauxoff_lfp_gru_normal_t6_holdoutfuds_s0123456789_b2048_e200_by_temperature.csv
LFP,T6,FUDS,0,25.0,0.4917588273667905,0.6380096595543349,${SOURCE_WORKSPACE}/DL/CEMA_CARRIER_FAIRNESS_ABLATIONS_20260803/normalhead_auxoff/runs/lfp/nmc_goal_vcorr_it_train_dst_selector_results/normalauxoff_lfp_gru_normal_t6_holdoutfuds_s0123456789_b2048_e200_by_temperature.csv
LFP,T6,FUDS,0,30.0,0.5067357762981238,0.6498743627974457,${SOURCE_WORKSPACE}/DL/CEMA_CARRIER_FAIRNESS_ABLATIONS_20260803/normalhead_auxoff/runs/lfp/nmc_goal_vcorr_it_train_dst_selector_results/normalauxoff_lfp_gru_normal_t6_holdoutfuds_s0123456789_b2048_e200_by_temperature.csv
LFP,T6,FUDS,0,40.0,0.5663075790982874,0.7185493802912415,${SOURCE_WORKSPACE}/DL/CEMA_CARRIER_FAIRNESS_ABLATIONS_20260803/normalhead_auxoff/runs/lfp/nmc_goal_vcorr_it_train_dst_selector_results/normalauxoff_lfp_gru_normal_t6_holdoutfuds_s0123456789_b2048_e200_by_temperature.csv
LFP,T6,FUDS,0,50.0,0.69982574778681,0.8895297825710722,${SOURCE_WORKSPACE}/DL/CEMA_CARRIER_FAIRNESS_ABLATIONS_20260803/normalhead_auxoff/runs/lfp/nmc_goal_vcorr_it_train_dst_selector_results/normalauxoff_lfp_gru_normal_t6_holdoutfuds_s0123456789_b2048_e200_by_temperature.csv
LFP,T6,FUDS,1,-10.0,1.4694975313608427,1.9226755822186847,${SOURCE_WORKSPACE}/DL/CEMA_CARRIER_FAIRNESS_ABLATIONS_20260803/normalhead_auxoff/runs/lfp/nmc_goal_vcorr_it_train_dst_selector_results/normalauxoff_lfp_gru_normal_t6_holdoutfuds_s0123456789_b2048_e200_by_temperature.csv
LFP,T6,FUDS,1,0.0,0.7668101624970117,1.0057991862792983,${SOURCE_WORKSPACE}/DL/CEMA_CARRIER_FAIRNESS_ABLATIONS_20260803/normalhead_auxoff/runs/lfp/nmc_goal_vcorr_it_train_dst_selector_results/normalauxoff_lfp_gru_normal_t6_holdoutfuds_s0123456789_b2048_e200_by_temperature.csv
LFP,T6,FUDS,1,10.0,0.583283124596895,0.7362300948248534,${SOURCE_WORKSPACE}/DL/CEMA_CARRIER_FAIRNESS_ABLATIONS_20260803/normalhead_auxoff/runs/lfp/nmc_goal_vcorr_it_train_dst_selector_results/normalauxoff_lfp_gru_normal_t6_holdoutfuds_s0123456789_b2048_e200_by_temperature.csv
LFP,T6,FUDS,1,20.0,0.4318322875874998,0.5751079608167572,${SOURCE_WORKSPACE}/DL/CEMA_CARRIER_FAIRNESS_ABLATIONS_20260803/normalhead_auxoff/runs/lfp/nmc_goal_vcorr_it_train_dst_selector_results/normalauxoff_lfp_gru_normal_t6_holdoutfuds_s0123456789_b2048_e200_by_temperature.csv
LFP,T6,FUDS,1,25.0,0.4648674190426954,0.6150112165478606,${SOURCE_WORKSPACE}/DL/CEMA_CARRIER_FAIRNESS_ABLATIONS_20260803/normalhead_auxoff/runs/lfp/nmc_goal_vcorr_it_train_dst_selector_results/normalauxoff_lfp_gru_normal_t6_holdoutfuds_s0123456789_b2048_e200_by_temperature.csv
LFP,T6,FUDS,1,30.0,0.5026806201808466,0.6401446392479059,${SOURCE_WORKSPACE}/DL/CEMA_CARRIER_FAIRNESS_ABLATIONS_20260803/normalhead_auxoff/runs/lfp/nmc_goal_vcorr_it_train_dst_selector_results/normalauxoff_lfp_gru_normal_t6_holdoutfuds_s0123456789_b2048_e200_by_temperature.csv
LFP,T6,FUDS,1,40.0,0.6032694825329364,0.756271122979187,${SOURCE_WORKSPACE}/DL/CEMA_CARRIER_FAIRNESS_ABLATIONS_20260803/normalhead_auxoff/runs/lfp/nmc_goal_vcorr_it_train_dst_selector_results/normalauxoff_lfp_gru_normal_t6_holdoutfuds_s0123456789_b2048_e200_by_temperature.csv
LFP,T6,FUDS,1,50.0,0.7391466483010887,0.915006056546577,${SOURCE_WORKSPACE}/DL/CEMA_CARRIER_FAIRNESS_ABLATIONS_20260803/normalhead_auxoff/runs/lfp/nmc_goal_vcorr_it_train_dst_selector_results/normalauxoff_lfp_gru_normal_t6_holdoutfuds_s0123456789_b2048_e200_by_temperature.csv
LFP,T6,FUDS,2,-10.0,1.6145349206332316,2.0796401778418865,${SOURCE_WORKSPACE}/DL/CEMA_CARRIER_FAIRNESS_ABLATIONS_20260803/normalhead_auxoff/runs/lfp/nmc_goal_vcorr_it_train_dst_selector_results/normalauxoff_lfp_gru_normal_t6_holdoutfuds_s0123456789_b2048_e200_by_temperature.csv
LFP,T6,FUDS,2,0.0,0.8290228284012904,1.1664985464449549,${SOURCE_WORKSPACE}/DL/CEMA_CARRIER_FAIRNESS_ABLATIONS_20260803/normalhead_auxoff/runs/lfp/nmc_goal_vcorr_it_train_dst_selector_results/normalauxoff_lfp_gru_normal_t6_holdoutfuds_s0123456789_b2048_e200_by_temperature.csv
LFP,T6,FUDS,2,10.0,0.6617689587726602,0.8744721677729803,${SOURCE_WORKSPACE}/DL/CEMA_CARRIER_FAIRNESS_ABLATIONS_20260803/normalhead_auxoff/runs/lfp/nmc_goal_vcorr_it_train_dst_selector_results/normalauxoff_lfp_gru_normal_t6_holdoutfuds_s0123456789_b2048_e200_by_temperature.csv
LFP,T6,FUDS,2,20.0,0.4468991906416961,0.6144062578132176,${SOURCE_WORKSPACE}/DL/CEMA_CARRIER_FAIRNESS_ABLATIONS_20260803/normalhead_auxoff/runs/lfp/nmc_goal_vcorr_it_train_dst_selector_results/normalauxoff_lfp_gru_normal_t6_holdoutfuds_s0123456789_b2048_e200_by_temperature.csv
LFP,T6,FUDS,2,25.0,0.48945825574959,0.6407413526546203,${SOURCE_WORKSPACE}/DL/CEMA_CARRIER_FAIRNESS_ABLATIONS_20260803/normalhead_auxoff/runs/lfp/nmc_goal_vcorr_it_train_dst_selector_results/normalauxoff_lfp_gru_normal_t6_holdoutfuds_s0123456789_b2048_e200_by_temperature.csv
LFP,T6,FUDS,2,30.0,0.5298237615587648,0.6627311652958061,${SOURCE_WORKSPACE}/DL/CEMA_CARRIER_FAIRNESS_ABLATIONS_20260803/normalhead_auxoff/runs/lfp/nmc_goal_vcorr_it_train_dst_selector_results/normalauxoff_lfp_gru_normal_t6_holdoutfuds_s0123456789_b2048_e200_by_temperature.csv
LFP,T6,FUDS,2,40.0,0.5435030209240741,0.6739303074716344,${SOURCE_WORKSPACE}/DL/CEMA_CARRIER_FAIRNESS_ABLATIONS_20260803/normalhead_auxoff/runs/lfp/nmc_goal_vcorr_it_train_dst_selector_results/normalauxoff_lfp_gru_normal_t6_holdoutfuds_s0123456789_b2048_e200_by_temperature.csv
LFP,T6,FUDS,2,50.0,0.7175549977044751,0.891604134920137,${SOURCE_WORKSPACE}/DL/CEMA_CARRIER_FAIRNESS_ABLATIONS_20260803/normalhead_auxoff/runs/lfp/nmc_goal_vcorr_it_train_dst_selector_results/normalauxoff_lfp_gru_normal_t6_holdoutfuds_s0123456789_b2048_e200_by_temperature.csv
LFP,T6,FUDS,3,-10.0,1.4701627450701054,1.991071791127758,${SOURCE_WORKSPACE}/DL/CEMA_CARRIER_FAIRNESS_ABLATIONS_20260803/normalhead_auxoff/runs/lfp/nmc_goal_vcorr_it_train_dst_selector_results/normalauxoff_lfp_gru_normal_t6_holdoutfuds_s0123456789_b2048_e200_by_temperature.csv
LFP,T6,FUDS,3,0.0,0.9060225038329904,1.2750111735599237,${SOURCE_WORKSPACE}/DL/CEMA_CARRIER_FAIRNESS_ABLATIONS_20260803/normalhead_auxoff/runs/lfp/nmc_goal_vcorr_it_train_dst_selector_results/normalauxoff_lfp_gru_normal_t6_holdoutfuds_s0123456789_b2048_e200_by_temperature.csv
LFP,T6,FUDS,3,10.0,0.7528002896109905,0.975921876042894,${SOURCE_WORKSPACE}/DL/CEMA_CARRIER_FAIRNESS_ABLATIONS_20260803/normalhead_auxoff/runs/lfp/nmc_goal_vcorr_it_train_dst_selector_results/normalauxoff_lfp_gru_normal_t6_holdoutfuds_s0123456789_b2048_e200_by_temperature.csv
LFP,T6,FUDS,3,20.0,0.5824872741601865,0.7942383900736764,${SOURCE_WORKSPACE}/DL/CEMA_CARRIER_FAIRNESS_ABLATIONS_20260803/normalhead_auxoff/runs/lfp/nmc_goal_vcorr_it_train_dst_selector_results/normalauxoff_lfp_gru_normal_t6_holdoutfuds_s0123456789_b2048_e200_by_temperature.csv
LFP,T6,FUDS,3,25.0,0.5563967706205479,0.7132849468742924,${SOURCE_WORKSPACE}/DL/CEMA_CARRIER_FAIRNESS_ABLATIONS_20260803/normalhead_auxoff/runs/lfp/nmc_goal_vcorr_it_train_dst_selector_results/normalauxoff_lfp_gru_normal_t6_holdoutfuds_s0123456789_b2048_e200_by_temperature.csv
LFP,T6,FUDS,3,30.0,0.4852285365148124,0.6331353498455057,${SOURCE_WORKSPACE}/DL/CEMA_CARRIER_FAIRNESS_ABLATIONS_20260803/normalhead_auxoff/runs/lfp/nmc_goal_vcorr_it_train_dst_selector_results/normalauxoff_lfp_gru_normal_t6_holdoutfuds_s0123456789_b2048_e200_by_temperature.csv
LFP,T6,FUDS,3,40.0,0.5122439733680809,0.6425939005068299,${SOURCE_WORKSPACE}/DL/CEMA_CARRIER_FAIRNESS_ABLATIONS_20260803/normalhead_auxoff/runs/lfp/nmc_goal_vcorr_it_train_dst_selector_results/normalauxoff_lfp_gru_normal_t6_holdoutfuds_s0123456789_b2048_e200_by_temperature.csv
LFP,T6,FUDS,3,50.0,0.6222624252430272,0.7794644491086603,${SOURCE_WORKSPACE}/DL/CEMA_CARRIER_FAIRNESS_ABLATIONS_20260803/normalhead_auxoff/runs/lfp/nmc_goal_vcorr_it_train_dst_selector_results/normalauxoff_lfp_gru_normal_t6_holdoutfuds_s0123456789_b2048_e200_by_temperature.csv
LFP,T6,FUDS,4,-10.0,1.6770200486752385,2.0427645247428017,${SOURCE_WORKSPACE}/DL/CEMA_CARRIER_FAIRNESS_ABLATIONS_20260803/normalhead_auxoff/runs/lfp/nmc_goal_vcorr_it_train_dst_selector_results/normalauxoff_lfp_gru_normal_t6_holdoutfuds_s0123456789_b2048_e200_by_temperature.csv
LFP,T6,FUDS,4,0.0,0.8440094848202871,1.0998988786257788,${SOURCE_WORKSPACE}/DL/CEMA_CARRIER_FAIRNESS_ABLATIONS_20260803/normalhead_auxoff/runs/lfp/nmc_goal_vcorr_it_train_dst_selector_results/normalauxoff_lfp_gru_normal_t6_holdoutfuds_s0123456789_b2048_e200_by_temperature.csv
LFP,T6,FUDS,4,10.0,0.6230188254837364,0.7914502429502442,${SOURCE_WORKSPACE}/DL/CEMA_CARRIER_FAIRNESS_ABLATIONS_20260803/normalhead_auxoff/runs/lfp/nmc_goal_vcorr_it_train_dst_selector_results/normalauxoff_lfp_gru_normal_t6_holdoutfuds_s0123456789_b2048_e200_by_temperature.csv
LFP,T6,FUDS,4,20.0,0.4568959486239498,0.5901007641922659,${SOURCE_WORKSPACE}/DL/CEMA_CARRIER_FAIRNESS_ABLATIONS_20260803/normalhead_auxoff/runs/lfp/nmc_goal_vcorr_it_train_dst_selector_results/normalauxoff_lfp_gru_normal_t6_holdoutfuds_s0123456789_b2048_e200_by_temperature.csv
LFP,T6,FUDS,4,25.0,0.4411375068436388,0.566009087434902,${SOURCE_WORKSPACE}/DL/CEMA_CARRIER_FAIRNESS_ABLATIONS_20260803/normalhead_auxoff/runs/lfp/nmc_goal_vcorr_it_train_dst_selector_results/normalauxoff_lfp_gru_normal_t6_holdoutfuds_s0123456789_b2048_e200_by_temperature.csv
LFP,T6,FUDS,4,30.0,0.4832749255882883,0.6102604467318962,${SOURCE_WORKSPACE}/DL/CEMA_CARRIER_FAIRNESS_ABLATIONS_20260803/normalhead_auxoff/runs/lfp/nmc_goal_vcorr_it_train_dst_selector_results/normalauxoff_lfp_gru_normal_t6_holdoutfuds_s0123456789_b2048_e200_by_temperature.csv
LFP,T6,FUDS,4,40.0,0.5566400651327562,0.700899078971725,${SOURCE_WORKSPACE}/DL/CEMA_CARRIER_FAIRNESS_ABLATIONS_20260803/normalhead_auxoff/runs/lfp/nmc_goal_vcorr_it_train_dst_selector_results/normalauxoff_lfp_gru_normal_t6_holdoutfuds_s0123456789_b2048_e200_by_temperature.csv
LFP,T6,FUDS,4,50.0,0.715086860366791,0.8967854820013132,${SOURCE_WORKSPACE}/DL/CEMA_CARRIER_FAIRNESS_ABLATIONS_20260803/normalhead_auxoff/runs/lfp/nmc_goal_vcorr_it_train_dst_selector_results/normalauxoff_lfp_gru_normal_t6_holdoutfuds_s0123456789_b2048_e200_by_temperature.csv
LFP,T6,FUDS,5,-10.0,1.6989388471819542,2.076697599049817,${SOURCE_WORKSPACE}/DL/CEMA_CARRIER_FAIRNESS_ABLATIONS_20260803/normalhead_auxoff/runs/lfp/nmc_goal_vcorr_it_train_dst_selector_results/normalauxoff_lfp_gru_normal_t6_holdoutfuds_s0123456789_b2048_e200_by_temperature.csv
LFP,T6,FUDS,5,0.0,0.9222633960173444,1.1586309290001011,${SOURCE_WORKSPACE}/DL/CEMA_CARRIER_FAIRNESS_ABLATIONS_20260803/normalhead_auxoff/runs/lfp/nmc_goal_vcorr_it_train_dst_selector_results/normalauxoff_lfp_gru_normal_t6_holdoutfuds_s0123456789_b2048_e200_by_temperature.csv
LFP,T6,FUDS,5,10.0,0.8238054989172411,0.9974185250038728,${SOURCE_WORKSPACE}/DL/CEMA_CARRIER_FAIRNESS_ABLATIONS_20260803/normalhead_auxoff/runs/lfp/nmc_goal_vcorr_it_train_dst_selector_results/normalauxoff_lfp_gru_normal_t6_holdoutfuds_s0123456789_b2048_e200_by_temperature.csv
LFP,T6,FUDS,5,20.0,0.5989331441149907,0.7428982187879932,${SOURCE_WORKSPACE}/DL/CEMA_CARRIER_FAIRNESS_ABLATIONS_20260803/normalhead_auxoff/runs/lfp/nmc_goal_vcorr_it_train_dst_selector_results/normalauxoff_lfp_gru_normal_t6_holdoutfuds_s0123456789_b2048_e200_by_temperature.csv
LFP,T6,FUDS,5,25.0,0.5886517537351549,0.7222792875920185,${SOURCE_WORKSPACE}/DL/CEMA_CARRIER_FAIRNESS_ABLATIONS_20260803/normalhead_auxoff/runs/lfp/nmc_goal_vcorr_it_train_dst_selector_results/normalauxoff_lfp_gru_normal_t6_holdoutfuds_s0123456789_b2048_e200_by_temperature.csv
LFP,T6,FUDS,5,30.0,0.4659149055950252,0.5888472781186852,${SOURCE_WORKSPACE}/DL/CEMA_CARRIER_FAIRNESS_ABLATIONS_20260803/normalhead_auxoff/runs/lfp/nmc_goal_vcorr_it_train_dst_selector_results/normalauxoff_lfp_gru_normal_t6_holdoutfuds_s0123456789_b2048_e200_by_temperature.csv
LFP,T6,FUDS,5,40.0,0.4888564565929383,0.617780134821332,${SOURCE_WORKSPACE}/DL/CEMA_CARRIER_FAIRNESS_ABLATIONS_20260803/normalhead_auxoff/runs/lfp/nmc_goal_vcorr_it_train_dst_selector_results/normalauxoff_lfp_gru_normal_t6_holdoutfuds_s0123456789_b2048_e200_by_temperature.csv
LFP,T6,FUDS,5,50.0,0.5506676250314051,0.6806892358950026,${SOURCE_WORKSPACE}/DL/CEMA_CARRIER_FAIRNESS_ABLATIONS_20260803/normalhead_auxoff/runs/lfp/nmc_goal_vcorr_it_train_dst_selector_results/normalauxoff_lfp_gru_normal_t6_holdoutfuds_s0123456789_b2048_e200_by_temperature.csv
LFP,T6,FUDS,6,-10.0,1.7455218589469177,2.069048380372448,${SOURCE_WORKSPACE}/DL/CEMA_CARRIER_FAIRNESS_ABLATIONS_20260803/normalhead_auxoff/runs/lfp/nmc_goal_vcorr_it_train_dst_selector_results/normalauxoff_lfp_gru_normal_t6_holdoutfuds_s0123456789_b2048_e200_by_temperature.csv
LFP,T6,FUDS,6,0.0,0.8209287307284671,0.9917768806021534,${SOURCE_WORKSPACE}/DL/CEMA_CARRIER_FAIRNESS_ABLATIONS_20260803/normalhead_auxoff/runs/lfp/nmc_goal_vcorr_it_train_dst_selector_results/normalauxoff_lfp_gru_normal_t6_holdoutfuds_s0123456789_b2048_e200_by_temperature.csv
LFP,T6,FUDS,6,10.0,0.6442514312791954,0.8168902143154562,${SOURCE_WORKSPACE}/DL/CEMA_CARRIER_FAIRNESS_ABLATIONS_20260803/normalhead_auxoff/runs/lfp/nmc_goal_vcorr_it_train_dst_selector_results/normalauxoff_lfp_gru_normal_t6_holdoutfuds_s0123456789_b2048_e200_by_temperature.csv
LFP,T6,FUDS,6,20.0,0.459690145960116,0.6032912560145146,${SOURCE_WORKSPACE}/DL/CEMA_CARRIER_FAIRNESS_ABLATIONS_20260803/normalhead_auxoff/runs/lfp/nmc_goal_vcorr_it_train_dst_selector_results/normalauxoff_lfp_gru_normal_t6_holdoutfuds_s0123456789_b2048_e200_by_temperature.csv
LFP,T6,FUDS,6,25.0,0.4883127851953732,0.6226701832016716,${SOURCE_WORKSPACE}/DL/CEMA_CARRIER_FAIRNESS_ABLATIONS_20260803/normalhead_auxoff/runs/lfp/nmc_goal_vcorr_it_train_dst_selector_results/normalauxoff_lfp_gru_normal_t6_holdoutfuds_s0123456789_b2048_e200_by_temperature.csv
LFP,T6,FUDS,6,30.0,0.5156563410359942,0.6392572300572872,${SOURCE_WORKSPACE}/DL/CEMA_CARRIER_FAIRNESS_ABLATIONS_20260803/normalhead_auxoff/runs/lfp/nmc_goal_vcorr_it_train_dst_selector_results/normalauxoff_lfp_gru_normal_t6_holdoutfuds_s0123456789_b2048_e200_by_temperature.csv
LFP,T6,FUDS,6,40.0,0.6297468331598288,0.7786358597229746,${SOURCE_WORKSPACE}/DL/CEMA_CARRIER_FAIRNESS_ABLATIONS_20260803/normalhead_auxoff/runs/lfp/nmc_goal_vcorr_it_train_dst_selector_results/normalauxoff_lfp_gru_normal_t6_holdoutfuds_s0123456789_b2048_e200_by_temperature.csv
LFP,T6,FUDS,6,50.0,0.7797270717797339,0.9674184270870588,${SOURCE_WORKSPACE}/DL/CEMA_CARRIER_FAIRNESS_ABLATIONS_20260803/normalhead_auxoff/runs/lfp/nmc_goal_vcorr_it_train_dst_selector_results/normalauxoff_lfp_gru_normal_t6_holdoutfuds_s0123456789_b2048_e200_by_temperature.csv
LFP,T6,FUDS,7,-10.0,1.7181331333879093,2.101230712256039,${SOURCE_WORKSPACE}/DL/CEMA_CARRIER_FAIRNESS_ABLATIONS_20260803/normalhead_auxoff/runs/lfp/nmc_goal_vcorr_it_train_dst_selector_results/normalauxoff_lfp_gru_normal_t6_holdoutfuds_s0123456789_b2048_e200_by_temperature.csv
LFP,T6,FUDS,7,0.0,0.8898828505442798,1.1945686780378824,${SOURCE_WORKSPACE}/DL/CEMA_CARRIER_FAIRNESS_ABLATIONS_20260803/normalhead_auxoff/runs/lfp/nmc_goal_vcorr_it_train_dst_selector_results/normalauxoff_lfp_gru_normal_t6_holdoutfuds_s0123456789_b2048_e200_by_temperature.csv
LFP,T6,FUDS,7,10.0,0.7182583919601755,0.9166630586991664,${SOURCE_WORKSPACE}/DL/CEMA_CARRIER_FAIRNESS_ABLATIONS_20260803/normalhead_auxoff/runs/lfp/nmc_goal_vcorr_it_train_dst_selector_results/normalauxoff_lfp_gru_normal_t6_holdoutfuds_s0123456789_b2048_e200_by_temperature.csv
LFP,T6,FUDS,7,20.0,0.5144810432778636,0.7097606571691848,${SOURCE_WORKSPACE}/DL/CEMA_CARRIER_FAIRNESS_ABLATIONS_20260803/normalhead_auxoff/runs/lfp/nmc_goal_vcorr_it_train_dst_selector_results/normalauxoff_lfp_gru_normal_t6_holdoutfuds_s0123456789_b2048_e200_by_temperature.csv
LFP,T6,FUDS,7,25.0,0.5174329367781799,0.6811486809442827,${SOURCE_WORKSPACE}/DL/CEMA_CARRIER_FAIRNESS_ABLATIONS_20260803/normalhead_auxoff/runs/lfp/nmc_goal_vcorr_it_train_dst_selector_results/normalauxoff_lfp_gru_normal_t6_holdoutfuds_s0123456789_b2048_e200_by_temperature.csv
LFP,T6,FUDS,7,30.0,0.4939701406636946,0.6320817603243093,${SOURCE_WORKSPACE}/DL/CEMA_CARRIER_FAIRNESS_ABLATIONS_20260803/normalhead_auxoff/runs/lfp/nmc_goal_vcorr_it_train_dst_selector_results/normalauxoff_lfp_gru_normal_t6_holdoutfuds_s0123456789_b2048_e200_by_temperature.csv
LFP,T6,FUDS,7,40.0,0.5755362686114667,0.7184046980220247,${SOURCE_WORKSPACE}/DL/CEMA_CARRIER_FAIRNESS_ABLATIONS_20260803/normalhead_auxoff/runs/lfp/nmc_goal_vcorr_it_train_dst_selector_results/normalauxoff_lfp_gru_normal_t6_holdoutfuds_s0123456789_b2048_e200_by_temperature.csv
LFP,T6,FUDS,7,50.0,0.701304487416229,0.8735398075578481,${SOURCE_WORKSPACE}/DL/CEMA_CARRIER_FAIRNESS_ABLATIONS_20260803/normalhead_auxoff/runs/lfp/nmc_goal_vcorr_it_train_dst_selector_results/normalauxoff_lfp_gru_normal_t6_holdoutfuds_s0123456789_b2048_e200_by_temperature.csv
LFP,T6,FUDS,8,-10.0,1.6320081139730611,2.142757295487242,${SOURCE_WORKSPACE}/DL/CEMA_CARRIER_FAIRNESS_ABLATIONS_20260803/normalhead_auxoff/runs/lfp/nmc_goal_vcorr_it_train_dst_selector_results/normalauxoff_lfp_gru_normal_t6_holdoutfuds_s0123456789_b2048_e200_by_temperature.csv
LFP,T6,FUDS,8,0.0,0.9388447458249412,1.2762465449136984,${SOURCE_WORKSPACE}/DL/CEMA_CARRIER_FAIRNESS_ABLATIONS_20260803/normalhead_auxoff/runs/lfp/nmc_goal_vcorr_it_train_dst_selector_results/normalauxoff_lfp_gru_normal_t6_holdoutfuds_s0123456789_b2048_e200_by_temperature.csv
LFP,T6,FUDS,8,10.0,0.7608056526852374,0.9513515647023464,${SOURCE_WORKSPACE}/DL/CEMA_CARRIER_FAIRNESS_ABLATIONS_20260803/normalhead_auxoff/runs/lfp/nmc_goal_vcorr_it_train_dst_selector_results/normalauxoff_lfp_gru_normal_t6_holdoutfuds_s0123456789_b2048_e200_by_temperature.csv
LFP,T6,FUDS,8,20.0,0.4847045897911262,0.6265891422415377,${SOURCE_WORKSPACE}/DL/CEMA_CARRIER_FAIRNESS_ABLATIONS_20260803/normalhead_auxoff/runs/lfp/nmc_goal_vcorr_it_train_dst_selector_results/normalauxoff_lfp_gru_normal_t6_holdoutfuds_s0123456789_b2048_e200_by_temperature.csv
LFP,T6,FUDS,8,25.0,0.5004625347782872,0.6411452977228969,${SOURCE_WORKSPACE}/DL/CEMA_CARRIER_FAIRNESS_ABLATIONS_20260803/normalhead_auxoff/runs/lfp/nmc_goal_vcorr_it_train_dst_selector_results/normalauxoff_lfp_gru_normal_t6_holdoutfuds_s0123456789_b2048_e200_by_temperature.csv
LFP,T6,FUDS,8,30.0,0.4881552929844069,0.6399613365884985,${SOURCE_WORKSPACE}/DL/CEMA_CARRIER_FAIRNESS_ABLATIONS_20260803/normalhead_auxoff/runs/lfp/nmc_goal_vcorr_it_train_dst_selector_results/normalauxoff_lfp_gru_normal_t6_holdoutfuds_s0123456789_b2048_e200_by_temperature.csv
LFP,T6,FUDS,8,40.0,0.5601536120879475,0.7080915718617448,${SOURCE_WORKSPACE}/DL/CEMA_CARRIER_FAIRNESS_ABLATIONS_20260803/normalhead_auxoff/runs/lfp/nmc_goal_vcorr_it_train_dst_selector_results/normalauxoff_lfp_gru_normal_t6_holdoutfuds_s0123456789_b2048_e200_by_temperature.csv
LFP,T6,FUDS,8,50.0,0.6907101403934153,0.8751282704236387,${SOURCE_WORKSPACE}/DL/CEMA_CARRIER_FAIRNESS_ABLATIONS_20260803/normalhead_auxoff/runs/lfp/nmc_goal_vcorr_it_train_dst_selector_results/normalauxoff_lfp_gru_normal_t6_holdoutfuds_s0123456789_b2048_e200_by_temperature.csv
LFP,T6,FUDS,9,-10.0,1.5677817710628077,1.980465679807272,${SOURCE_WORKSPACE}/DL/CEMA_CARRIER_FAIRNESS_ABLATIONS_20260803/normalhead_auxoff/runs/lfp/nmc_goal_vcorr_it_train_dst_selector_results/normalauxoff_lfp_gru_normal_t6_holdoutfuds_s0123456789_b2048_e200_by_temperature.csv
LFP,T6,FUDS,9,0.0,0.7547490321212078,1.022246510155899,${SOURCE_WORKSPACE}/DL/CEMA_CARRIER_FAIRNESS_ABLATIONS_20260803/normalhead_auxoff/runs/lfp/nmc_goal_vcorr_it_train_dst_selector_results/normalauxoff_lfp_gru_normal_t6_holdoutfuds_s0123456789_b2048_e200_by_temperature.csv
LFP,T6,FUDS,9,10.0,0.6130303808162566,0.7708270748235138,${SOURCE_WORKSPACE}/DL/CEMA_CARRIER_FAIRNESS_ABLATIONS_20260803/normalhead_auxoff/runs/lfp/nmc_goal_vcorr_it_train_dst_selector_results/normalauxoff_lfp_gru_normal_t6_holdoutfuds_s0123456789_b2048_e200_by_temperature.csv
LFP,T6,FUDS,9,20.0,0.4684846719259524,0.6194596367723137,${SOURCE_WORKSPACE}/DL/CEMA_CARRIER_FAIRNESS_ABLATIONS_20260803/normalhead_auxoff/runs/lfp/nmc_goal_vcorr_it_train_dst_selector_results/normalauxoff_lfp_gru_normal_t6_holdoutfuds_s0123456789_b2048_e200_by_temperature.csv
LFP,T6,FUDS,9,25.0,0.4950804803502636,0.6299282782117038,${SOURCE_WORKSPACE}/DL/CEMA_CARRIER_FAIRNESS_ABLATIONS_20260803/normalhead_auxoff/runs/lfp/nmc_goal_vcorr_it_train_dst_selector_results/normalauxoff_lfp_gru_normal_t6_holdoutfuds_s0123456789_b2048_e200_by_temperature.csv
LFP,T6,FUDS,9,30.0,0.5564365900093049,0.6851805962855287,${SOURCE_WORKSPACE}/DL/CEMA_CARRIER_FAIRNESS_ABLATIONS_20260803/normalhead_auxoff/runs/lfp/nmc_goal_vcorr_it_train_dst_selector_results/normalauxoff_lfp_gru_normal_t6_holdoutfuds_s0123456789_b2048_e200_by_temperature.csv
LFP,T6,FUDS,9,40.0,0.6551689986990084,0.8147495176233828,${SOURCE_WORKSPACE}/DL/CEMA_CARRIER_FAIRNESS_ABLATIONS_20260803/normalhead_auxoff/runs/lfp/nmc_goal_vcorr_it_train_dst_selector_results/normalauxoff_lfp_gru_normal_t6_holdoutfuds_s0123456789_b2048_e200_by_temperature.csv
LFP,T6,FUDS,9,50.0,0.8283540939386522,1.0188344629832569,${SOURCE_WORKSPACE}/DL/CEMA_CARRIER_FAIRNESS_ABLATIONS_20260803/normalhead_auxoff/runs/lfp/nmc_goal_vcorr_it_train_dst_selector_results/normalauxoff_lfp_gru_normal_t6_holdoutfuds_s0123456789_b2048_e200_by_temperature.csv
LFP,T6,US06,0,-10.0,2.1343330514711853,2.377386754777272,${SOURCE_WORKSPACE}/DL/CEMA_CARRIER_FAIRNESS_ABLATIONS_20260803/normalhead_auxoff/runs/lfp/nmc_goal_vcorr_it_train_dst_selector_results/normalauxoff_lfp_gru_normal_t6_holdoutus06_s0123456789_b2048_e200_by_temperature.csv
LFP,T6,US06,0,0.0,0.925504522595912,1.0537042089703024,${SOURCE_WORKSPACE}/DL/CEMA_CARRIER_FAIRNESS_ABLATIONS_20260803/normalhead_auxoff/runs/lfp/nmc_goal_vcorr_it_train_dst_selector_results/normalauxoff_lfp_gru_normal_t6_holdoutus06_s0123456789_b2048_e200_by_temperature.csv
LFP,T6,US06,0,10.0,0.6996239846043695,0.84793162370617,${SOURCE_WORKSPACE}/DL/CEMA_CARRIER_FAIRNESS_ABLATIONS_20260803/normalhead_auxoff/runs/lfp/nmc_goal_vcorr_it_train_dst_selector_results/normalauxoff_lfp_gru_normal_t6_holdoutus06_s0123456789_b2048_e200_by_temperature.csv
LFP,T6,US06,0,20.0,0.5215492104418801,0.6504998514243064,${SOURCE_WORKSPACE}/DL/CEMA_CARRIER_FAIRNESS_ABLATIONS_20260803/normalhead_auxoff/runs/lfp/nmc_goal_vcorr_it_train_dst_selector_results/normalauxoff_lfp_gru_normal_t6_holdoutus06_s0123456789_b2048_e200_by_temperature.csv
LFP,T6,US06,0,25.0,0.4061941404734723,0.4860714409478345,${SOURCE_WORKSPACE}/DL/CEMA_CARRIER_FAIRNESS_ABLATIONS_20260803/normalhead_auxoff/runs/lfp/nmc_goal_vcorr_it_train_dst_selector_results/normalauxoff_lfp_gru_normal_t6_holdoutus06_s0123456789_b2048_e200_by_temperature.csv
LFP,T6,US06,0,30.0,0.3959711174407349,0.4944127509161395,${SOURCE_WORKSPACE}/DL/CEMA_CARRIER_FAIRNESS_ABLATIONS_20260803/normalhead_auxoff/runs/lfp/nmc_goal_vcorr_it_train_dst_selector_results/normalauxoff_lfp_gru_normal_t6_holdoutus06_s0123456789_b2048_e200_by_temperature.csv
LFP,T6,US06,0,40.0,0.3402153474499929,0.4282475500352887,${SOURCE_WORKSPACE}/DL/CEMA_CARRIER_FAIRNESS_ABLATIONS_20260803/normalhead_auxoff/runs/lfp/nmc_goal_vcorr_it_train_dst_selector_results/normalauxoff_lfp_gru_normal_t6_holdoutus06_s0123456789_b2048_e200_by_temperature.csv
LFP,T6,US06,0,50.0,0.325329140239113,0.4209467182293452,${SOURCE_WORKSPACE}/DL/CEMA_CARRIER_FAIRNESS_ABLATIONS_20260803/normalhead_auxoff/runs/lfp/nmc_goal_vcorr_it_train_dst_selector_results/normalauxoff_lfp_gru_normal_t6_holdoutus06_s0123456789_b2048_e200_by_temperature.csv
LFP,T6,US06,1,-10.0,2.180956264836461,2.404984150031122,${SOURCE_WORKSPACE}/DL/CEMA_CARRIER_FAIRNESS_ABLATIONS_20260803/normalhead_auxoff/runs/lfp/nmc_goal_vcorr_it_train_dst_selector_results/normalauxoff_lfp_gru_normal_t6_holdoutus06_s0123456789_b2048_e200_by_temperature.csv
LFP,T6,US06,1,0.0,0.9099331122390116,1.0330114504734094,${SOURCE_WORKSPACE}/DL/CEMA_CARRIER_FAIRNESS_ABLATIONS_20260803/normalhead_auxoff/runs/lfp/nmc_goal_vcorr_it_train_dst_selector_results/normalauxoff_lfp_gru_normal_t6_holdoutus06_s0123456789_b2048_e200_by_temperature.csv
LFP,T6,US06,1,10.0,0.7182486755135191,0.8614414981439713,${SOURCE_WORKSPACE}/DL/CEMA_CARRIER_FAIRNESS_ABLATIONS_20260803/normalhead_auxoff/runs/lfp/nmc_goal_vcorr_it_train_dst_selector_results/normalauxoff_lfp_gru_normal_t6_holdoutus06_s0123456789_b2048_e200_by_temperature.csv
LFP,T6,US06,1,20.0,0.4467414702650647,0.5619988736259413,${SOURCE_WORKSPACE}/DL/CEMA_CARRIER_FAIRNESS_ABLATIONS_20260803/normalhead_auxoff/runs/lfp/nmc_goal_vcorr_it_train_dst_selector_results/normalauxoff_lfp_gru_normal_t6_holdoutus06_s0123456789_b2048_e200_by_temperature.csv
LFP,T6,US06,1,25.0,0.370730539933753,0.4387561562851838,${SOURCE_WORKSPACE}/DL/CEMA_CARRIER_FAIRNESS_ABLATIONS_20260803/normalhead_auxoff/runs/lfp/nmc_goal_vcorr_it_train_dst_selector_results/normalauxoff_lfp_gru_normal_t6_holdoutus06_s0123456789_b2048_e200_by_temperature.csv
LFP,T6,US06,1,30.0,0.3331234793551239,0.4189473582666544,${SOURCE_WORKSPACE}/DL/CEMA_CARRIER_FAIRNESS_ABLATIONS_20260803/normalhead_auxoff/runs/lfp/nmc_goal_vcorr_it_train_dst_selector_results/normalauxoff_lfp_gru_normal_t6_holdoutus06_s0123456789_b2048_e200_by_temperature.csv
LFP,T6,US06,1,40.0,0.345667685481173,0.4487745528683236,${SOURCE_WORKSPACE}/DL/CEMA_CARRIER_FAIRNESS_ABLATIONS_20260803/normalhead_auxoff/runs/lfp/nmc_goal_vcorr_it_train_dst_selector_results/normalauxoff_lfp_gru_normal_t6_holdoutus06_s0123456789_b2048_e200_by_temperature.csv
LFP,T6,US06,1,50.0,0.3823346539519354,0.4846916427683642,${SOURCE_WORKSPACE}/DL/CEMA_CARRIER_FAIRNESS_ABLATIONS_20260803/normalhead_auxoff/runs/lfp/nmc_goal_vcorr_it_train_dst_selector_results/normalauxoff_lfp_gru_normal_t6_holdoutus06_s0123456789_b2048_e200_by_temperature.csv
LFP,T6,US06,2,-10.0,2.095748155193975,2.3561026894755743,${SOURCE_WORKSPACE}/DL/CEMA_CARRIER_FAIRNESS_ABLATIONS_20260803/normalhead_auxoff/runs/lfp/nmc_goal_vcorr_it_train_dst_selector_results/normalauxoff_lfp_gru_normal_t6_holdoutus06_s0123456789_b2048_e200_by_temperature.csv
LFP,T6,US06,2,0.0,0.9368434103781268,1.061859310673055,${SOURCE_WORKSPACE}/DL/CEMA_CARRIER_FAIRNESS_ABLATIONS_20260803/normalhead_auxoff/runs/lfp/nmc_goal_vcorr_it_train_dst_selector_results/normalauxoff_lfp_gru_normal_t6_holdoutus06_s0123456789_b2048_e200_by_temperature.csv
LFP,T6,US06,2,10.0,0.6134577876340941,0.7441218339241442,${SOURCE_WORKSPACE}/DL/CEMA_CARRIER_FAIRNESS_ABLATIONS_20260803/normalhead_auxoff/runs/lfp/nmc_goal_vcorr_it_train_dst_selector_results/normalauxoff_lfp_gru_normal_t6_holdoutus06_s0123456789_b2048_e200_by_temperature.csv
LFP,T6,US06,2,20.0,0.4351071683764197,0.5303690283391731,${SOURCE_WORKSPACE}/DL/CEMA_CARRIER_FAIRNESS_ABLATIONS_20260803/normalhead_auxoff/runs/lfp/nmc_goal_vcorr_it_train_dst_selector_results/normalauxoff_lfp_gru_normal_t6_holdoutus06_s0123456789_b2048_e200_by_temperature.csv
LFP,T6,US06,2,25.0,0.3182851239719622,0.3823366352851369,${SOURCE_WORKSPACE}/DL/CEMA_CARRIER_FAIRNESS_ABLATIONS_20260803/normalhead_auxoff/runs/lfp/nmc_goal_vcorr_it_train_dst_selector_results/normalauxoff_lfp_gru_normal_t6_holdoutus06_s0123456789_b2048_e200_by_temperature.csv
LFP,T6,US06,2,30.0,0.3346770577476674,0.4147913080344815,${SOURCE_WORKSPACE}/DL/CEMA_CARRIER_FAIRNESS_ABLATIONS_20260803/normalhead_auxoff/runs/lfp/nmc_goal_vcorr_it_train_dst_selector_results/normalauxoff_lfp_gru_normal_t6_holdoutus06_s0123456789_b2048_e200_by_temperature.csv
LFP,T6,US06,2,40.0,0.3450409764551293,0.434640767737208,${SOURCE_WORKSPACE}/DL/CEMA_CARRIER_FAIRNESS_ABLATIONS_20260803/normalhead_auxoff/runs/lfp/nmc_goal_vcorr_it_train_dst_selector_results/normalauxoff_lfp_gru_normal_t6_holdoutus06_s0123456789_b2048_e200_by_temperature.csv
LFP,T6,US06,2,50.0,0.4335566810706547,0.5277296715694579,${SOURCE_WORKSPACE}/DL/CEMA_CARRIER_FAIRNESS_ABLATIONS_20260803/normalhead_auxoff/runs/lfp/nmc_goal_vcorr_it_train_dst_selector_results/normalauxoff_lfp_gru_normal_t6_holdoutus06_s0123456789_b2048_e200_by_temperature.csv
LFP,T6,US06,3,-10.0,2.07986531458711,2.33466257677265,${SOURCE_WORKSPACE}/DL/CEMA_CARRIER_FAIRNESS_ABLATIONS_20260803/normalhead_auxoff/runs/lfp/nmc_goal_vcorr_it_train_dst_selector_results/normalauxoff_lfp_gru_normal_t6_holdoutus06_s0123456789_b2048_e200_by_temperature.csv
LFP,T6,US06,3,0.0,0.7989610048452553,0.9152637535067067,${SOURCE_WORKSPACE}/DL/CEMA_CARRIER_FAIRNESS_ABLATIONS_20260803/normalhead_auxoff/runs/lfp/nmc_goal_vcorr_it_train_dst_selector_results/normalauxoff_lfp_gru_normal_t6_holdoutus06_s0123456789_b2048_e200_by_temperature.csv
LFP,T6,US06,3,10.0,0.4614145135177764,0.5866603339571338,${SOURCE_WORKSPACE}/DL/CEMA_CARRIER_FAIRNESS_ABLATIONS_20260803/normalhead_auxoff/runs/lfp/nmc_goal_vcorr_it_train_dst_selector_results/normalauxoff_lfp_gru_normal_t6_holdoutus06_s0123456789_b2048_e200_by_temperature.csv
LFP,T6,US06,3,20.0,0.3519375152980555,0.4305155588837421,${SOURCE_WORKSPACE}/DL/CEMA_CARRIER_FAIRNESS_ABLATIONS_20260803/normalhead_auxoff/runs/lfp/nmc_goal_vcorr_it_train_dst_selector_results/normalauxoff_lfp_gru_normal_t6_holdoutus06_s0123456789_b2048_e200_by_temperature.csv
LFP,T6,US06,3,25.0,0.3790733886027377,0.475878595535555,${SOURCE_WORKSPACE}/DL/CEMA_CARRIER_FAIRNESS_ABLATIONS_20260803/normalhead_auxoff/runs/lfp/nmc_goal_vcorr_it_train_dst_selector_results/normalauxoff_lfp_gru_normal_t6_holdoutus06_s0123456789_b2048_e200_by_temperature.csv
LFP,T6,US06,3,30.0,0.3456384659362116,0.4249648415384509,${SOURCE_WORKSPACE}/DL/CEMA_CARRIER_FAIRNESS_ABLATIONS_20260803/normalhead_auxoff/runs/lfp/nmc_goal_vcorr_it_train_dst_selector_results/normalauxoff_lfp_gru_normal_t6_holdoutus06_s0123456789_b2048_e200_by_temperature.csv
LFP,T6,US06,3,40.0,0.538667442094616,0.6617416781868599,${SOURCE_WORKSPACE}/DL/CEMA_CARRIER_FAIRNESS_ABLATIONS_20260803/normalhead_auxoff/runs/lfp/nmc_goal_vcorr_it_train_dst_selector_results/normalauxoff_lfp_gru_normal_t6_holdoutus06_s0123456789_b2048_e200_by_temperature.csv
LFP,T6,US06,3,50.0,0.5933079778511515,0.700764737317593,${SOURCE_WORKSPACE}/DL/CEMA_CARRIER_FAIRNESS_ABLATIONS_20260803/normalhead_auxoff/runs/lfp/nmc_goal_vcorr_it_train_dst_selector_results/normalauxoff_lfp_gru_normal_t6_holdoutus06_s0123456789_b2048_e200_by_temperature.csv
LFP,T6,US06,4,-10.0,1.9861267005257317,2.189210395188831,${SOURCE_WORKSPACE}/DL/CEMA_CARRIER_FAIRNESS_ABLATIONS_20260803/normalhead_auxoff/runs/lfp/nmc_goal_vcorr_it_train_dst_selector_results/normalauxoff_lfp_gru_normal_t6_holdoutus06_s0123456789_b2048_e200_by_temperature.csv
LFP,T6,US06,4,0.0,0.8394158494598711,0.939628020165728,${SOURCE_WORKSPACE}/DL/CEMA_CARRIER_FAIRNESS_ABLATIONS_20260803/normalhead_auxoff/runs/lfp/nmc_goal_vcorr_it_train_dst_selector_results/normalauxoff_lfp_gru_normal_t6_holdoutus06_s0123456789_b2048_e200_by_temperature.csv
LFP,T6,US06,4,10.0,0.6965507630946042,0.7947310737142943,${SOURCE_WORKSPACE}/DL/CEMA_CARRIER_FAIRNESS_ABLATIONS_20260803/normalhead_auxoff/runs/lfp/nmc_goal_vcorr_it_train_dst_selector_results/normalauxoff_lfp_gru_normal_t6_holdoutus06_s0123456789_b2048_e200_by_temperature.csv
LFP,T6,US06,4,20.0,0.4907060912237113,0.5916503153807441,${SOURCE_WORKSPACE}/DL/CEMA_CARRIER_FAIRNESS_ABLATIONS_20260803/normalhead_auxoff/runs/lfp/nmc_goal_vcorr_it_train_dst_selector_results/normalauxoff_lfp_gru_normal_t6_holdoutus06_s0123456789_b2048_e200_by_temperature.csv
LFP,T6,US06,4,25.0,0.3873697684276428,0.4601092595032989,${SOURCE_WORKSPACE}/DL/CEMA_CARRIER_FAIRNESS_ABLATIONS_20260803/normalhead_auxoff/runs/lfp/nmc_goal_vcorr_it_train_dst_selector_results/normalauxoff_lfp_gru_normal_t6_holdoutus06_s0123456789_b2048_e200_by_temperature.csv
LFP,T6,US06,4,30.0,0.3656175965356188,0.4588960273835909,${SOURCE_WORKSPACE}/DL/CEMA_CARRIER_FAIRNESS_ABLATIONS_20260803/normalhead_auxoff/runs/lfp/nmc_goal_vcorr_it_train_dst_selector_results/normalauxoff_lfp_gru_normal_t6_holdoutus06_s0123456789_b2048_e200_by_temperature.csv
LFP,T6,US06,4,40.0,0.3244876298709517,0.4213715227950099,${SOURCE_WORKSPACE}/DL/CEMA_CARRIER_FAIRNESS_ABLATIONS_20260803/normalhead_auxoff/runs/lfp/nmc_goal_vcorr_it_train_dst_selector_results/normalauxoff_lfp_gru_normal_t6_holdoutus06_s0123456789_b2048_e200_by_temperature.csv
LFP,T6,US06,4,50.0,0.319113839939111,0.4290854513769238,${SOURCE_WORKSPACE}/DL/CEMA_CARRIER_FAIRNESS_ABLATIONS_20260803/normalhead_auxoff/runs/lfp/nmc_goal_vcorr_it_train_dst_selector_results/normalauxoff_lfp_gru_normal_t6_holdoutus06_s0123456789_b2048_e200_by_temperature.csv
LFP,T6,US06,5,-10.0,2.29034291661817,2.558866634170126,${SOURCE_WORKSPACE}/DL/CEMA_CARRIER_FAIRNESS_ABLATIONS_20260803/normalhead_auxoff/runs/lfp/nmc_goal_vcorr_it_train_dst_selector_results/normalauxoff_lfp_gru_normal_t6_holdoutus06_s0123456789_b2048_e200_by_temperature.csv
LFP,T6,US06,5,0.0,1.034220908749054,1.1545350894623652,${SOURCE_WORKSPACE}/DL/CEMA_CARRIER_FAIRNESS_ABLATIONS_20260803/normalhead_auxoff/runs/lfp/nmc_goal_vcorr_it_train_dst_selector_results/normalauxoff_lfp_gru_normal_t6_holdoutus06_s0123456789_b2048_e200_by_temperature.csv
LFP,T6,US06,5,10.0,0.7096791242585594,0.837165790878323,${SOURCE_WORKSPACE}/DL/CEMA_CARRIER_FAIRNESS_ABLATIONS_20260803/normalhead_auxoff/runs/lfp/nmc_goal_vcorr_it_train_dst_selector_results/normalauxoff_lfp_gru_normal_t6_holdoutus06_s0123456789_b2048_e200_by_temperature.csv
LFP,T6,US06,5,20.0,0.5139021050896952,0.6196068673367845,${SOURCE_WORKSPACE}/DL/CEMA_CARRIER_FAIRNESS_ABLATIONS_20260803/normalhead_auxoff/runs/lfp/nmc_goal_vcorr_it_train_dst_selector_results/normalauxoff_lfp_gru_normal_t6_holdoutus06_s0123456789_b2048_e200_by_temperature.csv
LFP,T6,US06,5,25.0,0.3073774808807462,0.3675552438037933,${SOURCE_WORKSPACE}/DL/CEMA_CARRIER_FAIRNESS_ABLATIONS_20260803/normalhead_auxoff/runs/lfp/nmc_goal_vcorr_it_train_dst_selector_results/normalauxoff_lfp_gru_normal_t6_holdoutus06_s0123456789_b2048_e200_by_temperature.csv
LFP,T6,US06,5,30.0,0.401964726661343,0.5026353661286799,${SOURCE_WORKSPACE}/DL/CEMA_CARRIER_FAIRNESS_ABLATIONS_20260803/normalhead_auxoff/runs/lfp/nmc_goal_vcorr_it_train_dst_selector_results/normalauxoff_lfp_gru_normal_t6_holdoutus06_s0123456789_b2048_e200_by_temperature.csv
LFP,T6,US06,5,40.0,0.3451129598799014,0.430324601600893,${SOURCE_WORKSPACE}/DL/CEMA_CARRIER_FAIRNESS_ABLATIONS_20260803/normalhead_auxoff/runs/lfp/nmc_goal_vcorr_it_train_dst_selector_results/normalauxoff_lfp_gru_normal_t6_holdoutus06_s0123456789_b2048_e200_by_temperature.csv
LFP,T6,US06,5,50.0,0.3778828336255747,0.4741172735452154,${SOURCE_WORKSPACE}/DL/CEMA_CARRIER_FAIRNESS_ABLATIONS_20260803/normalhead_auxoff/runs/lfp/nmc_goal_vcorr_it_train_dst_selector_results/normalauxoff_lfp_gru_normal_t6_holdoutus06_s0123456789_b2048_e200_by_temperature.csv
LFP,T6,US06,6,-10.0,2.4862185961372707,2.7488059689947555,${SOURCE_WORKSPACE}/DL/CEMA_CARRIER_FAIRNESS_ABLATIONS_20260803/normalhead_auxoff/runs/lfp/nmc_goal_vcorr_it_train_dst_selector_results/normalauxoff_lfp_gru_normal_t6_holdoutus06_s0123456789_b2048_e200_by_temperature.csv
LFP,T6,US06,6,0.0,1.3273332606227803,1.445029083525583,${SOURCE_WORKSPACE}/DL/CEMA_CARRIER_FAIRNESS_ABLATIONS_20260803/normalhead_auxoff/runs/lfp/nmc_goal_vcorr_it_train_dst_selector_results/normalauxoff_lfp_gru_normal_t6_holdoutus06_s0123456789_b2048_e200_by_temperature.csv
LFP,T6,US06,6,10.0,1.043752917248196,1.1831094332168262,${SOURCE_WORKSPACE}/DL/CEMA_CARRIER_FAIRNESS_ABLATIONS_20260803/normalhead_auxoff/runs/lfp/nmc_goal_vcorr_it_train_dst_selector_results/normalauxoff_lfp_gru_normal_t6_holdoutus06_s0123456789_b2048_e200_by_temperature.csv
LFP,T6,US06,6,20.0,0.781593108319909,0.8988855681587132,${SOURCE_WORKSPACE}/DL/CEMA_CARRIER_FAIRNESS_ABLATIONS_20260803/normalhead_auxoff/runs/lfp/nmc_goal_vcorr_it_train_dst_selector_results/normalauxoff_lfp_gru_normal_t6_holdoutus06_s0123456789_b2048_e200_by_temperature.csv
LFP,T6,US06,6,25.0,0.5575203384770502,0.6789785894602149,${SOURCE_WORKSPACE}/DL/CEMA_CARRIER_FAIRNESS_ABLATIONS_20260803/normalhead_auxoff/runs/lfp/nmc_goal_vcorr_it_train_dst_selector_results/normalauxoff_lfp_gru_normal_t6_holdoutus06_s0123456789_b2048_e200_by_temperature.csv
LFP,T6,US06,6,30.0,0.4657884716010344,0.5938140948702582,${SOURCE_WORKSPACE}/DL/CEMA_CARRIER_FAIRNESS_ABLATIONS_20260803/normalhead_auxoff/runs/lfp/nmc_goal_vcorr_it_train_dst_selector_results/normalauxoff_lfp_gru_normal_t6_holdoutus06_s0123456789_b2048_e200_by_temperature.csv
LFP,T6,US06,6,40.0,0.3486693417883155,0.4437936945147526,${SOURCE_WORKSPACE}/DL/CEMA_CARRIER_FAIRNESS_ABLATIONS_20260803/normalhead_auxoff/runs/lfp/nmc_goal_vcorr_it_train_dst_selector_results/normalauxoff_lfp_gru_normal_t6_holdoutus06_s0123456789_b2048_e200_by_temperature.csv
LFP,T6,US06,6,50.0,0.3047246421033442,0.3955262064001214,${SOURCE_WORKSPACE}/DL/CEMA_CARRIER_FAIRNESS_ABLATIONS_20260803/normalhead_auxoff/runs/lfp/nmc_goal_vcorr_it_train_dst_selector_results/normalauxoff_lfp_gru_normal_t6_holdoutus06_s0123456789_b2048_e200_by_temperature.csv
LFP,T6,US06,7,-10.0,1.96641734320913,2.200332153545896,${SOURCE_WORKSPACE}/DL/CEMA_CARRIER_FAIRNESS_ABLATIONS_20260803/normalhead_auxoff/runs/lfp/nmc_goal_vcorr_it_train_dst_selector_results/normalauxoff_lfp_gru_normal_t6_holdoutus06_s0123456789_b2048_e200_by_temperature.csv
LFP,T6,US06,7,0.0,0.7580636593252946,0.8613184420372433,${SOURCE_WORKSPACE}/DL/CEMA_CARRIER_FAIRNESS_ABLATIONS_20260803/normalhead_auxoff/runs/lfp/nmc_goal_vcorr_it_train_dst_selector_results/normalauxoff_lfp_gru_normal_t6_holdoutus06_s0123456789_b2048_e200_by_temperature.csv
LFP,T6,US06,7,10.0,0.4989307171631767,0.6217817555752175,${SOURCE_WORKSPACE}/DL/CEMA_CARRIER_FAIRNESS_ABLATIONS_20260803/normalhead_auxoff/runs/lfp/nmc_goal_vcorr_it_train_dst_selector_results/normalauxoff_lfp_gru_normal_t6_holdoutus06_s0123456789_b2048_e200_by_temperature.csv
LFP,T6,US06,7,20.0,0.3663071134104696,0.4684247147602935,${SOURCE_WORKSPACE}/DL/CEMA_CARRIER_FAIRNESS_ABLATIONS_20260803/normalhead_auxoff/runs/lfp/nmc_goal_vcorr_it_train_dst_selector_results/normalauxoff_lfp_gru_normal_t6_holdoutus06_s0123456789_b2048_e200_by_temperature.csv
LFP,T6,US06,7,25.0,0.2645351462924694,0.3332420290569132,${SOURCE_WORKSPACE}/DL/CEMA_CARRIER_FAIRNESS_ABLATIONS_20260803/normalhead_auxoff/runs/lfp/nmc_goal_vcorr_it_train_dst_selector_results/normalauxoff_lfp_gru_normal_t6_holdoutus06_s0123456789_b2048_e200_by_temperature.csv
LFP,T6,US06,7,30.0,0.3156294741082599,0.4084579868362082,${SOURCE_WORKSPACE}/DL/CEMA_CARRIER_FAIRNESS_ABLATIONS_20260803/normalhead_auxoff/runs/lfp/nmc_goal_vcorr_it_train_dst_selector_results/normalauxoff_lfp_gru_normal_t6_holdoutus06_s0123456789_b2048_e200_by_temperature.csv
LFP,T6,US06,7,40.0,0.3639270983757142,0.4457444680717524,${SOURCE_WORKSPACE}/DL/CEMA_CARRIER_FAIRNESS_ABLATIONS_20260803/normalhead_auxoff/runs/lfp/nmc_goal_vcorr_it_train_dst_selector_results/normalauxoff_lfp_gru_normal_t6_holdoutus06_s0123456789_b2048_e200_by_temperature.csv
LFP,T6,US06,7,50.0,0.3950494671886459,0.4821759266511747,${SOURCE_WORKSPACE}/DL/CEMA_CARRIER_FAIRNESS_ABLATIONS_20260803/normalhead_auxoff/runs/lfp/nmc_goal_vcorr_it_train_dst_selector_results/normalauxoff_lfp_gru_normal_t6_holdoutus06_s0123456789_b2048_e200_by_temperature.csv
LFP,T6,US06,8,-10.0,2.0486393628132693,2.2762075791741285,${SOURCE_WORKSPACE}/DL/CEMA_CARRIER_FAIRNESS_ABLATIONS_20260803/normalhead_auxoff/runs/lfp/nmc_goal_vcorr_it_train_dst_selector_results/normalauxoff_lfp_gru_normal_t6_holdoutus06_s0123456789_b2048_e200_by_temperature.csv
LFP,T6,US06,8,0.0,0.8548853219148247,0.95844665269165,${SOURCE_WORKSPACE}/DL/CEMA_CARRIER_FAIRNESS_ABLATIONS_20260803/normalhead_auxoff/runs/lfp/nmc_goal_vcorr_it_train_dst_selector_results/normalauxoff_lfp_gru_normal_t6_holdoutus06_s0123456789_b2048_e200_by_temperature.csv
LFP,T6,US06,8,10.0,0.5998674678788314,0.7250280390013355,${SOURCE_WORKSPACE}/DL/CEMA_CARRIER_FAIRNESS_ABLATIONS_20260803/normalhead_auxoff/runs/lfp/nmc_goal_vcorr_it_train_dst_selector_results/normalauxoff_lfp_gru_normal_t6_holdoutus06_s0123456789_b2048_e200_by_temperature.csv
LFP,T6,US06,8,20.0,0.4007674696010679,0.4909834232316492,${SOURCE_WORKSPACE}/DL/CEMA_CARRIER_FAIRNESS_ABLATIONS_20260803/normalhead_auxoff/runs/lfp/nmc_goal_vcorr_it_train_dst_selector_results/normalauxoff_lfp_gru_normal_t6_holdoutus06_s0123456789_b2048_e200_by_temperature.csv
LFP,T6,US06,8,25.0,0.3410826960808291,0.4039833127553937,${SOURCE_WORKSPACE}/DL/CEMA_CARRIER_FAIRNESS_ABLATIONS_20260803/normalhead_auxoff/runs/lfp/nmc_goal_vcorr_it_train_dst_selector_results/normalauxoff_lfp_gru_normal_t6_holdoutus06_s0123456789_b2048_e200_by_temperature.csv
LFP,T6,US06,8,30.0,0.3439064730881924,0.4206237392019736,${SOURCE_WORKSPACE}/DL/CEMA_CARRIER_FAIRNESS_ABLATIONS_20260803/normalhead_auxoff/runs/lfp/nmc_goal_vcorr_it_train_dst_selector_results/normalauxoff_lfp_gru_normal_t6_holdoutus06_s0123456789_b2048_e200_by_temperature.csv
LFP,T6,US06,8,40.0,0.4841837007618018,0.5881589406195072,${SOURCE_WORKSPACE}/DL/CEMA_CARRIER_FAIRNESS_ABLATIONS_20260803/normalhead_auxoff/runs/lfp/nmc_goal_vcorr_it_train_dst_selector_results/normalauxoff_lfp_gru_normal_t6_holdoutus06_s0123456789_b2048_e200_by_temperature.csv
LFP,T6,US06,8,50.0,0.5559635403586479,0.6669461702071315,${SOURCE_WORKSPACE}/DL/CEMA_CARRIER_FAIRNESS_ABLATIONS_20260803/normalhead_auxoff/runs/lfp/nmc_goal_vcorr_it_train_dst_selector_results/normalauxoff_lfp_gru_normal_t6_holdoutus06_s0123456789_b2048_e200_by_temperature.csv
LFP,T6,US06,9,-10.0,2.1725392346334,2.3919699994691737,${SOURCE_WORKSPACE}/DL/CEMA_CARRIER_FAIRNESS_ABLATIONS_20260803/normalhead_auxoff/runs/lfp/nmc_goal_vcorr_it_train_dst_selector_results/normalauxoff_lfp_gru_normal_t6_holdoutus06_s0123456789_b2048_e200_by_temperature.csv
LFP,T6,US06,9,0.0,0.9117196529463082,1.001065325489521,${SOURCE_WORKSPACE}/DL/CEMA_CARRIER_FAIRNESS_ABLATIONS_20260803/normalhead_auxoff/runs/lfp/nmc_goal_vcorr_it_train_dst_selector_results/normalauxoff_lfp_gru_normal_t6_holdoutus06_s0123456789_b2048_e200_by_temperature.csv
LFP,T6,US06,9,10.0,0.5794339004909016,0.6943444035182371,${SOURCE_WORKSPACE}/DL/CEMA_CARRIER_FAIRNESS_ABLATIONS_20260803/normalhead_auxoff/runs/lfp/nmc_goal_vcorr_it_train_dst_selector_results/normalauxoff_lfp_gru_normal_t6_holdoutus06_s0123456789_b2048_e200_by_temperature.csv
LFP,T6,US06,9,20.0,0.4041296380299654,0.492777366260941,${SOURCE_WORKSPACE}/DL/CEMA_CARRIER_FAIRNESS_ABLATIONS_20260803/normalhead_auxoff/runs/lfp/nmc_goal_vcorr_it_train_dst_selector_results/normalauxoff_lfp_gru_normal_t6_holdoutus06_s0123456789_b2048_e200_by_temperature.csv
LFP,T6,US06,9,25.0,0.3174566746310271,0.3804554986245507,${SOURCE_WORKSPACE}/DL/CEMA_CARRIER_FAIRNESS_ABLATIONS_20260803/normalhead_auxoff/runs/lfp/nmc_goal_vcorr_it_train_dst_selector_results/normalauxoff_lfp_gru_normal_t6_holdoutus06_s0123456789_b2048_e200_by_temperature.csv
LFP,T6,US06,9,30.0,0.3258196755174286,0.4130396649164767,${SOURCE_WORKSPACE}/DL/CEMA_CARRIER_FAIRNESS_ABLATIONS_20260803/normalhead_auxoff/runs/lfp/nmc_goal_vcorr_it_train_dst_selector_results/normalauxoff_lfp_gru_normal_t6_holdoutus06_s0123456789_b2048_e200_by_temperature.csv
LFP,T6,US06,9,40.0,0.4090596715525223,0.5050287197899574,${SOURCE_WORKSPACE}/DL/CEMA_CARRIER_FAIRNESS_ABLATIONS_20260803/normalhead_auxoff/runs/lfp/nmc_goal_vcorr_it_train_dst_selector_results/normalauxoff_lfp_gru_normal_t6_holdoutus06_s0123456789_b2048_e200_by_temperature.csv
LFP,T6,US06,9,50.0,0.5164041285973174,0.6190511063966666,${SOURCE_WORKSPACE}/DL/CEMA_CARRIER_FAIRNESS_ABLATIONS_20260803/normalhead_auxoff/runs/lfp/nmc_goal_vcorr_it_train_dst_selector_results/normalauxoff_lfp_gru_normal_t6_holdoutus06_s0123456789_b2048_e200_by_temperature.csv
LFP,T7,DST,0,-10.0,1.123029331764724,1.4321975614160625,${SOURCE_WORKSPACE}/DL/CEMA_CARRIER_FAIRNESS_ABLATIONS_20260803/normalhead_auxoff/runs/lfp/nmc_goal_vcorr_it_train_dst_selector_results/normalauxoff_lfp_gru_normal_t7_holdoutdst_s0123456789_b2048_e200_by_temperature.csv
LFP,T7,DST,0,0.0,0.9918029904097492,1.3991192241543124,${SOURCE_WORKSPACE}/DL/CEMA_CARRIER_FAIRNESS_ABLATIONS_20260803/normalhead_auxoff/runs/lfp/nmc_goal_vcorr_it_train_dst_selector_results/normalauxoff_lfp_gru_normal_t7_holdoutdst_s0123456789_b2048_e200_by_temperature.csv
LFP,T7,DST,0,10.0,0.7136956130673275,1.0325619281637546,${SOURCE_WORKSPACE}/DL/CEMA_CARRIER_FAIRNESS_ABLATIONS_20260803/normalhead_auxoff/runs/lfp/nmc_goal_vcorr_it_train_dst_selector_results/normalauxoff_lfp_gru_normal_t7_holdoutdst_s0123456789_b2048_e200_by_temperature.csv
LFP,T7,DST,0,20.0,0.6902651251726385,0.9409634439065602,${SOURCE_WORKSPACE}/DL/CEMA_CARRIER_FAIRNESS_ABLATIONS_20260803/normalhead_auxoff/runs/lfp/nmc_goal_vcorr_it_train_dst_selector_results/normalauxoff_lfp_gru_normal_t7_holdoutdst_s0123456789_b2048_e200_by_temperature.csv
LFP,T7,DST,0,25.0,0.8366865120814918,1.1785002557575093,${SOURCE_WORKSPACE}/DL/CEMA_CARRIER_FAIRNESS_ABLATIONS_20260803/normalhead_auxoff/runs/lfp/nmc_goal_vcorr_it_train_dst_selector_results/normalauxoff_lfp_gru_normal_t7_holdoutdst_s0123456789_b2048_e200_by_temperature.csv
LFP,T7,DST,0,30.0,0.7304988489988418,1.021813388447624,${SOURCE_WORKSPACE}/DL/CEMA_CARRIER_FAIRNESS_ABLATIONS_20260803/normalhead_auxoff/runs/lfp/nmc_goal_vcorr_it_train_dst_selector_results/normalauxoff_lfp_gru_normal_t7_holdoutdst_s0123456789_b2048_e200_by_temperature.csv
LFP,T7,DST,0,40.0,1.0165340895264057,1.3703013283234418,${SOURCE_WORKSPACE}/DL/CEMA_CARRIER_FAIRNESS_ABLATIONS_20260803/normalhead_auxoff/runs/lfp/nmc_goal_vcorr_it_train_dst_selector_results/normalauxoff_lfp_gru_normal_t7_holdoutdst_s0123456789_b2048_e200_by_temperature.csv
LFP,T7,DST,0,50.0,1.2073752081080698,1.6198580397086986,${SOURCE_WORKSPACE}/DL/CEMA_CARRIER_FAIRNESS_ABLATIONS_20260803/normalhead_auxoff/runs/lfp/nmc_goal_vcorr_it_train_dst_selector_results/normalauxoff_lfp_gru_normal_t7_holdoutdst_s0123456789_b2048_e200_by_temperature.csv
LFP,T7,DST,1,-10.0,1.236903127763196,1.6625597133807766,${SOURCE_WORKSPACE}/DL/CEMA_CARRIER_FAIRNESS_ABLATIONS_20260803/normalhead_auxoff/runs/lfp/nmc_goal_vcorr_it_train_dst_selector_results/normalauxoff_lfp_gru_normal_t7_holdoutdst_s0123456789_b2048_e200_by_temperature.csv
LFP,T7,DST,1,0.0,1.077937422226151,1.597843263907908,${SOURCE_WORKSPACE}/DL/CEMA_CARRIER_FAIRNESS_ABLATIONS_20260803/normalhead_auxoff/runs/lfp/nmc_goal_vcorr_it_train_dst_selector_results/normalauxoff_lfp_gru_normal_t7_holdoutdst_s0123456789_b2048_e200_by_temperature.csv
LFP,T7,DST,1,10.0,0.7351333217420104,1.1040754748819093,${SOURCE_WORKSPACE}/DL/CEMA_CARRIER_FAIRNESS_ABLATIONS_20260803/normalhead_auxoff/runs/lfp/nmc_goal_vcorr_it_train_dst_selector_results/normalauxoff_lfp_gru_normal_t7_holdoutdst_s0123456789_b2048_e200_by_temperature.csv
LFP,T7,DST,1,20.0,0.7478626956944956,0.991260526427701,${SOURCE_WORKSPACE}/DL/CEMA_CARRIER_FAIRNESS_ABLATIONS_20260803/normalhead_auxoff/runs/lfp/nmc_goal_vcorr_it_train_dst_selector_results/normalauxoff_lfp_gru_normal_t7_holdoutdst_s0123456789_b2048_e200_by_temperature.csv
LFP,T7,DST,1,25.0,0.9032674151083244,1.238779770866066,${SOURCE_WORKSPACE}/DL/CEMA_CARRIER_FAIRNESS_ABLATIONS_20260803/normalhead_auxoff/runs/lfp/nmc_goal_vcorr_it_train_dst_selector_results/normalauxoff_lfp_gru_normal_t7_holdoutdst_s0123456789_b2048_e200_by_temperature.csv
LFP,T7,DST,1,30.0,0.7832518773575046,1.06387702126147,${SOURCE_WORKSPACE}/DL/CEMA_CARRIER_FAIRNESS_ABLATIONS_20260803/normalhead_auxoff/runs/lfp/nmc_goal_vcorr_it_train_dst_selector_results/normalauxoff_lfp_gru_normal_t7_holdoutdst_s0123456789_b2048_e200_by_temperature.csv
LFP,T7,DST,1,40.0,0.9593399993725784,1.2620885386239118,${SOURCE_WORKSPACE}/DL/CEMA_CARRIER_FAIRNESS_ABLATIONS_20260803/normalhead_auxoff/runs/lfp/nmc_goal_vcorr_it_train_dst_selector_results/normalauxoff_lfp_gru_normal_t7_holdoutdst_s0123456789_b2048_e200_by_temperature.csv
LFP,T7,DST,1,50.0,0.9653534860282996,1.263537021151845,${SOURCE_WORKSPACE}/DL/CEMA_CARRIER_FAIRNESS_ABLATIONS_20260803/normalhead_auxoff/runs/lfp/nmc_goal_vcorr_it_train_dst_selector_results/normalauxoff_lfp_gru_normal_t7_holdoutdst_s0123456789_b2048_e200_by_temperature.csv
LFP,T7,DST,2,-10.0,0.9405678436658216,1.201894038306914,${SOURCE_WORKSPACE}/DL/CEMA_CARRIER_FAIRNESS_ABLATIONS_20260803/normalhead_auxoff/runs/lfp/nmc_goal_vcorr_it_train_dst_selector_results/normalauxoff_lfp_gru_normal_t7_holdoutdst_s0123456789_b2048_e200_by_temperature.csv
LFP,T7,DST,2,0.0,0.7130587874744057,0.9675146364332744,${SOURCE_WORKSPACE}/DL/CEMA_CARRIER_FAIRNESS_ABLATIONS_20260803/normalhead_auxoff/runs/lfp/nmc_goal_vcorr_it_train_dst_selector_results/normalauxoff_lfp_gru_normal_t7_holdoutdst_s0123456789_b2048_e200_by_temperature.csv
LFP,T7,DST,2,10.0,0.65985462299673,0.903023206703323,${SOURCE_WORKSPACE}/DL/CEMA_CARRIER_FAIRNESS_ABLATIONS_20260803/normalhead_auxoff/runs/lfp/nmc_goal_vcorr_it_train_dst_selector_results/normalauxoff_lfp_gru_normal_t7_holdoutdst_s0123456789_b2048_e200_by_temperature.csv
LFP,T7,DST,2,20.0,0.8653817966946038,1.1453706698765578,${SOURCE_WORKSPACE}/DL/CEMA_CARRIER_FAIRNESS_ABLATIONS_20260803/normalhead_auxoff/runs/lfp/nmc_goal_vcorr_it_train_dst_selector_results/normalauxoff_lfp_gru_normal_t7_holdoutdst_s0123456789_b2048_e200_by_temperature.csv
LFP,T7,DST,2,25.0,0.8167131055588768,1.115218537570499,${SOURCE_WORKSPACE}/DL/CEMA_CARRIER_FAIRNESS_ABLATIONS_20260803/normalhead_auxoff/runs/lfp/nmc_goal_vcorr_it_train_dst_selector_results/normalauxoff_lfp_gru_normal_t7_holdoutdst_s0123456789_b2048_e200_by_temperature.csv
LFP,T7,DST,2,30.0,0.8019020231275594,1.089301036968687,${SOURCE_WORKSPACE}/DL/CEMA_CARRIER_FAIRNESS_ABLATIONS_20260803/normalhead_auxoff/runs/lfp/nmc_goal_vcorr_it_train_dst_selector_results/normalauxoff_lfp_gru_normal_t7_holdoutdst_s0123456789_b2048_e200_by_temperature.csv
LFP,T7,DST,2,40.0,1.0262964141518744,1.3475168268461029,${SOURCE_WORKSPACE}/DL/CEMA_CARRIER_FAIRNESS_ABLATIONS_20260803/normalhead_auxoff/runs/lfp/nmc_goal_vcorr_it_train_dst_selector_results/normalauxoff_lfp_gru_normal_t7_holdoutdst_s0123456789_b2048_e200_by_temperature.csv
LFP,T7,DST,2,50.0,1.113560339605495,1.4232651721352552,${SOURCE_WORKSPACE}/DL/CEMA_CARRIER_FAIRNESS_ABLATIONS_20260803/normalhead_auxoff/runs/lfp/nmc_goal_vcorr_it_train_dst_selector_results/normalauxoff_lfp_gru_normal_t7_holdoutdst_s0123456789_b2048_e200_by_temperature.csv
LFP,T7,DST,3,-10.0,1.1102496040584706,1.409914403330184,${SOURCE_WORKSPACE}/DL/CEMA_CARRIER_FAIRNESS_ABLATIONS_20260803/normalhead_auxoff/runs/lfp/nmc_goal_vcorr_it_train_dst_selector_results/normalauxoff_lfp_gru_normal_t7_holdoutdst_s0123456789_b2048_e200_by_temperature.csv
LFP,T7,DST,3,0.0,0.818332516437634,1.121710223209825,${SOURCE_WORKSPACE}/DL/CEMA_CARRIER_FAIRNESS_ABLATIONS_20260803/normalhead_auxoff/runs/lfp/nmc_goal_vcorr_it_train_dst_selector_results/normalauxoff_lfp_gru_normal_t7_holdoutdst_s0123456789_b2048_e200_by_temperature.csv
LFP,T7,DST,3,10.0,0.5437181830457053,0.7390134618225044,${SOURCE_WORKSPACE}/DL/CEMA_CARRIER_FAIRNESS_ABLATIONS_20260803/normalhead_auxoff/runs/lfp/nmc_goal_vcorr_it_train_dst_selector_results/normalauxoff_lfp_gru_normal_t7_holdoutdst_s0123456789_b2048_e200_by_temperature.csv
LFP,T7,DST,3,20.0,0.6876855176573848,0.9088077372244212,${SOURCE_WORKSPACE}/DL/CEMA_CARRIER_FAIRNESS_ABLATIONS_20260803/normalhead_auxoff/runs/lfp/nmc_goal_vcorr_it_train_dst_selector_results/normalauxoff_lfp_gru_normal_t7_holdoutdst_s0123456789_b2048_e200_by_temperature.csv
LFP,T7,DST,3,25.0,0.7034224179749086,0.9987869231182837,${SOURCE_WORKSPACE}/DL/CEMA_CARRIER_FAIRNESS_ABLATIONS_20260803/normalhead_auxoff/runs/lfp/nmc_goal_vcorr_it_train_dst_selector_results/normalauxoff_lfp_gru_normal_t7_holdoutdst_s0123456789_b2048_e200_by_temperature.csv
LFP,T7,DST,3,30.0,0.7636039412855505,1.0827486845036034,${SOURCE_WORKSPACE}/DL/CEMA_CARRIER_FAIRNESS_ABLATIONS_20260803/normalhead_auxoff/runs/lfp/nmc_goal_vcorr_it_train_dst_selector_results/normalauxoff_lfp_gru_normal_t7_holdoutdst_s0123456789_b2048_e200_by_temperature.csv
LFP,T7,DST,3,40.0,0.9011943049893052,1.277005224871084,${SOURCE_WORKSPACE}/DL/CEMA_CARRIER_FAIRNESS_ABLATIONS_20260803/normalhead_auxoff/runs/lfp/nmc_goal_vcorr_it_train_dst_selector_results/normalauxoff_lfp_gru_normal_t7_holdoutdst_s0123456789_b2048_e200_by_temperature.csv
LFP,T7,DST,3,50.0,0.9506190168801306,1.332627744522458,${SOURCE_WORKSPACE}/DL/CEMA_CARRIER_FAIRNESS_ABLATIONS_20260803/normalhead_auxoff/runs/lfp/nmc_goal_vcorr_it_train_dst_selector_results/normalauxoff_lfp_gru_normal_t7_holdoutdst_s0123456789_b2048_e200_by_temperature.csv
LFP,T7,DST,4,-10.0,1.0249299829987653,1.2389128169389916,${SOURCE_WORKSPACE}/DL/CEMA_CARRIER_FAIRNESS_ABLATIONS_20260803/normalhead_auxoff/runs/lfp/nmc_goal_vcorr_it_train_dst_selector_results/normalauxoff_lfp_gru_normal_t7_holdoutdst_s0123456789_b2048_e200_by_temperature.csv
LFP,T7,DST,4,0.0,0.9153761654274696,1.2603047898022652,${SOURCE_WORKSPACE}/DL/CEMA_CARRIER_FAIRNESS_ABLATIONS_20260803/normalhead_auxoff/runs/lfp/nmc_goal_vcorr_it_train_dst_selector_results/normalauxoff_lfp_gru_normal_t7_holdoutdst_s0123456789_b2048_e200_by_temperature.csv
LFP,T7,DST,4,10.0,0.6992667612488961,0.9607241941550246,${SOURCE_WORKSPACE}/DL/CEMA_CARRIER_FAIRNESS_ABLATIONS_20260803/normalhead_auxoff/runs/lfp/nmc_goal_vcorr_it_train_dst_selector_results/normalauxoff_lfp_gru_normal_t7_holdoutdst_s0123456789_b2048_e200_by_temperature.csv
LFP,T7,DST,4,20.0,0.716811262414184,0.9576459454611552,${SOURCE_WORKSPACE}/DL/CEMA_CARRIER_FAIRNESS_ABLATIONS_20260803/normalhead_auxoff/runs/lfp/nmc_goal_vcorr_it_train_dst_selector_results/normalauxoff_lfp_gru_normal_t7_holdoutdst_s0123456789_b2048_e200_by_temperature.csv
LFP,T7,DST,4,25.0,0.9543198968465412,1.291400941771249,${SOURCE_WORKSPACE}/DL/CEMA_CARRIER_FAIRNESS_ABLATIONS_20260803/normalhead_auxoff/runs/lfp/nmc_goal_vcorr_it_train_dst_selector_results/normalauxoff_lfp_gru_normal_t7_holdoutdst_s0123456789_b2048_e200_by_temperature.csv
LFP,T7,DST,4,30.0,0.821194450678804,1.148661427912744,${SOURCE_WORKSPACE}/DL/CEMA_CARRIER_FAIRNESS_ABLATIONS_20260803/normalhead_auxoff/runs/lfp/nmc_goal_vcorr_it_train_dst_selector_results/normalauxoff_lfp_gru_normal_t7_holdoutdst_s0123456789_b2048_e200_by_temperature.csv
LFP,T7,DST,4,40.0,1.1075641724714254,1.4985934635774925,${SOURCE_WORKSPACE}/DL/CEMA_CARRIER_FAIRNESS_ABLATIONS_20260803/normalhead_auxoff/runs/lfp/nmc_goal_vcorr_it_train_dst_selector_results/normalauxoff_lfp_gru_normal_t7_holdoutdst_s0123456789_b2048_e200_by_temperature.csv
LFP,T7,DST,4,50.0,1.2802419128726643,1.7039263644026317,${SOURCE_WORKSPACE}/DL/CEMA_CARRIER_FAIRNESS_ABLATIONS_20260803/normalhead_auxoff/runs/lfp/nmc_goal_vcorr_it_train_dst_selector_results/normalauxoff_lfp_gru_normal_t7_holdoutdst_s0123456789_b2048_e200_by_temperature.csv
LFP,T7,DST,5,-10.0,0.9167214314370578,1.1676178330165363,${SOURCE_WORKSPACE}/DL/CEMA_CARRIER_FAIRNESS_ABLATIONS_20260803/normalhead_auxoff/runs/lfp/nmc_goal_vcorr_it_train_dst_selector_results/normalauxoff_lfp_gru_normal_t7_holdoutdst_s0123456789_b2048_e200_by_temperature.csv
LFP,T7,DST,5,0.0,0.8165880687017701,1.2077881813936864,${SOURCE_WORKSPACE}/DL/CEMA_CARRIER_FAIRNESS_ABLATIONS_20260803/normalhead_auxoff/runs/lfp/nmc_goal_vcorr_it_train_dst_selector_results/normalauxoff_lfp_gru_normal_t7_holdoutdst_s0123456789_b2048_e200_by_temperature.csv
LFP,T7,DST,5,10.0,0.7389724000285961,1.06051151084698,${SOURCE_WORKSPACE}/DL/CEMA_CARRIER_FAIRNESS_ABLATIONS_20260803/normalhead_auxoff/runs/lfp/nmc_goal_vcorr_it_train_dst_selector_results/normalauxoff_lfp_gru_normal_t7_holdoutdst_s0123456789_b2048_e200_by_temperature.csv
LFP,T7,DST,5,20.0,0.7665038864771,1.0245934291711656,${SOURCE_WORKSPACE}/DL/CEMA_CARRIER_FAIRNESS_ABLATIONS_20260803/normalhead_auxoff/runs/lfp/nmc_goal_vcorr_it_train_dst_selector_results/normalauxoff_lfp_gru_normal_t7_holdoutdst_s0123456789_b2048_e200_by_temperature.csv
LFP,T7,DST,5,25.0,0.9410377505829236,1.3132128442058106,${SOURCE_WORKSPACE}/DL/CEMA_CARRIER_FAIRNESS_ABLATIONS_20260803/normalhead_auxoff/runs/lfp/nmc_goal_vcorr_it_train_dst_selector_results/normalauxoff_lfp_gru_normal_t7_holdoutdst_s0123456789_b2048_e200_by_temperature.csv
LFP,T7,DST,5,30.0,0.8251974957187029,1.135222931526552,${SOURCE_WORKSPACE}/DL/CEMA_CARRIER_FAIRNESS_ABLATIONS_20260803/normalhead_auxoff/runs/lfp/nmc_goal_vcorr_it_train_dst_selector_results/normalauxoff_lfp_gru_normal_t7_holdoutdst_s0123456789_b2048_e200_by_temperature.csv
LFP,T7,DST,5,40.0,1.0482653155590498,1.4298592486294897,${SOURCE_WORKSPACE}/DL/CEMA_CARRIER_FAIRNESS_ABLATIONS_20260803/normalhead_auxoff/runs/lfp/nmc_goal_vcorr_it_train_dst_selector_results/normalauxoff_lfp_gru_normal_t7_holdoutdst_s0123456789_b2048_e200_by_temperature.csv
LFP,T7,DST,5,50.0,1.255341061690492,1.6509153230820726,${SOURCE_WORKSPACE}/DL/CEMA_CARRIER_FAIRNESS_ABLATIONS_20260803/normalhead_auxoff/runs/lfp/nmc_goal_vcorr_it_train_dst_selector_results/normalauxoff_lfp_gru_normal_t7_holdoutdst_s0123456789_b2048_e200_by_temperature.csv
LFP,T7,DST,6,-10.0,0.8526858900884502,1.075985141774161,${SOURCE_WORKSPACE}/DL/CEMA_CARRIER_FAIRNESS_ABLATIONS_20260803/normalhead_auxoff/runs/lfp/nmc_goal_vcorr_it_train_dst_selector_results/normalauxoff_lfp_gru_normal_t7_holdoutdst_s0123456789_b2048_e200_by_temperature.csv
LFP,T7,DST,6,0.0,0.6385127280430715,0.8993876972592152,${SOURCE_WORKSPACE}/DL/CEMA_CARRIER_FAIRNESS_ABLATIONS_20260803/normalhead_auxoff/runs/lfp/nmc_goal_vcorr_it_train_dst_selector_results/normalauxoff_lfp_gru_normal_t7_holdoutdst_s0123456789_b2048_e200_by_temperature.csv
LFP,T7,DST,6,10.0,0.4950734116311874,0.6728475800586827,${SOURCE_WORKSPACE}/DL/CEMA_CARRIER_FAIRNESS_ABLATIONS_20260803/normalhead_auxoff/runs/lfp/nmc_goal_vcorr_it_train_dst_selector_results/normalauxoff_lfp_gru_normal_t7_holdoutdst_s0123456789_b2048_e200_by_temperature.csv
LFP,T7,DST,6,20.0,0.5695433205140994,0.7574876875911496,${SOURCE_WORKSPACE}/DL/CEMA_CARRIER_FAIRNESS_ABLATIONS_20260803/normalhead_auxoff/runs/lfp/nmc_goal_vcorr_it_train_dst_selector_results/normalauxoff_lfp_gru_normal_t7_holdoutdst_s0123456789_b2048_e200_by_temperature.csv
LFP,T7,DST,6,25.0,0.6649537651016667,0.8993822365572832,${SOURCE_WORKSPACE}/DL/CEMA_CARRIER_FAIRNESS_ABLATIONS_20260803/normalhead_auxoff/runs/lfp/nmc_goal_vcorr_it_train_dst_selector_results/normalauxoff_lfp_gru_normal_t7_holdoutdst_s0123456789_b2048_e200_by_temperature.csv
LFP,T7,DST,6,30.0,0.6538784466840114,0.910632085328077,${SOURCE_WORKSPACE}/DL/CEMA_CARRIER_FAIRNESS_ABLATIONS_20260803/normalhead_auxoff/runs/lfp/nmc_goal_vcorr_it_train_dst_selector_results/normalauxoff_lfp_gru_normal_t7_holdoutdst_s0123456789_b2048_e200_by_temperature.csv
LFP,T7,DST,6,40.0,0.9243116550257324,1.2740060976130296,${SOURCE_WORKSPACE}/DL/CEMA_CARRIER_FAIRNESS_ABLATIONS_20260803/normalhead_auxoff/runs/lfp/nmc_goal_vcorr_it_train_dst_selector_results/normalauxoff_lfp_gru_normal_t7_holdoutdst_s0123456789_b2048_e200_by_temperature.csv
LFP,T7,DST,6,50.0,1.0993818776959594,1.4905310900351716,${SOURCE_WORKSPACE}/DL/CEMA_CARRIER_FAIRNESS_ABLATIONS_20260803/normalhead_auxoff/runs/lfp/nmc_goal_vcorr_it_train_dst_selector_results/normalauxoff_lfp_gru_normal_t7_holdoutdst_s0123456789_b2048_e200_by_temperature.csv
LFP,T7,DST,7,-10.0,0.8463484828770445,1.0909293137964862,${SOURCE_WORKSPACE}/DL/CEMA_CARRIER_FAIRNESS_ABLATIONS_20260803/normalhead_auxoff/runs/lfp/nmc_goal_vcorr_it_train_dst_selector_results/normalauxoff_lfp_gru_normal_t7_holdoutdst_s0123456789_b2048_e200_by_temperature.csv
LFP,T7,DST,7,0.0,0.7097018781835538,1.0026708404937,${SOURCE_WORKSPACE}/DL/CEMA_CARRIER_FAIRNESS_ABLATIONS_20260803/normalhead_auxoff/runs/lfp/nmc_goal_vcorr_it_train_dst_selector_results/normalauxoff_lfp_gru_normal_t7_holdoutdst_s0123456789_b2048_e200_by_temperature.csv
LFP,T7,DST,7,10.0,0.63067879790077,0.8605377340862095,${SOURCE_WORKSPACE}/DL/CEMA_CARRIER_FAIRNESS_ABLATIONS_20260803/normalhead_auxoff/runs/lfp/nmc_goal_vcorr_it_train_dst_selector_results/normalauxoff_lfp_gru_normal_t7_holdoutdst_s0123456789_b2048_e200_by_temperature.csv
LFP,T7,DST,7,20.0,0.7172214580627392,0.94146229026802,${SOURCE_WORKSPACE}/DL/CEMA_CARRIER_FAIRNESS_ABLATIONS_20260803/normalhead_auxoff/runs/lfp/nmc_goal_vcorr_it_train_dst_selector_results/normalauxoff_lfp_gru_normal_t7_holdoutdst_s0123456789_b2048_e200_by_temperature.csv
LFP,T7,DST,7,25.0,0.9015881717164328,1.2438429810034315,${SOURCE_WORKSPACE}/DL/CEMA_CARRIER_FAIRNESS_ABLATIONS_20260803/normalhead_auxoff/runs/lfp/nmc_goal_vcorr_it_train_dst_selector_results/normalauxoff_lfp_gru_normal_t7_holdoutdst_s0123456789_b2048_e200_by_temperature.csv
LFP,T7,DST,7,30.0,0.8190542060295667,1.1380510826905177,${SOURCE_WORKSPACE}/DL/CEMA_CARRIER_FAIRNESS_ABLATIONS_20260803/normalhead_auxoff/runs/lfp/nmc_goal_vcorr_it_train_dst_selector_results/normalauxoff_lfp_gru_normal_t7_holdoutdst_s0123456789_b2048_e200_by_temperature.csv
LFP,T7,DST,7,40.0,1.1132091312001038,1.473005033842968,${SOURCE_WORKSPACE}/DL/CEMA_CARRIER_FAIRNESS_ABLATIONS_20260803/normalhead_auxoff/runs/lfp/nmc_goal_vcorr_it_train_dst_selector_results/normalauxoff_lfp_gru_normal_t7_holdoutdst_s0123456789_b2048_e200_by_temperature.csv
LFP,T7,DST,7,50.0,1.3216423200580292,1.710354705107341,${SOURCE_WORKSPACE}/DL/CEMA_CARRIER_FAIRNESS_ABLATIONS_20260803/normalhead_auxoff/runs/lfp/nmc_goal_vcorr_it_train_dst_selector_results/normalauxoff_lfp_gru_normal_t7_holdoutdst_s0123456789_b2048_e200_by_temperature.csv
LFP,T7,DST,8,-10.0,1.147988108987453,1.4855423200731388,${SOURCE_WORKSPACE}/DL/CEMA_CARRIER_FAIRNESS_ABLATIONS_20260803/normalhead_auxoff/runs/lfp/nmc_goal_vcorr_it_train_dst_selector_results/normalauxoff_lfp_gru_normal_t7_holdoutdst_s0123456789_b2048_e200_by_temperature.csv
LFP,T7,DST,8,0.0,1.1058666058841844,1.4795858010195375,${SOURCE_WORKSPACE}/DL/CEMA_CARRIER_FAIRNESS_ABLATIONS_20260803/normalhead_auxoff/runs/lfp/nmc_goal_vcorr_it_train_dst_selector_results/normalauxoff_lfp_gru_normal_t7_holdoutdst_s0123456789_b2048_e200_by_temperature.csv
LFP,T7,DST,8,10.0,0.9162872618554648,1.2726167661943653,${SOURCE_WORKSPACE}/DL/CEMA_CARRIER_FAIRNESS_ABLATIONS_20260803/normalhead_auxoff/runs/lfp/nmc_goal_vcorr_it_train_dst_selector_results/normalauxoff_lfp_gru_normal_t7_holdoutdst_s0123456789_b2048_e200_by_temperature.csv
LFP,T7,DST,8,20.0,1.106147224462029,1.4375202684058128,${SOURCE_WORKSPACE}/DL/CEMA_CARRIER_FAIRNESS_ABLATIONS_20260803/normalhead_auxoff/runs/lfp/nmc_goal_vcorr_it_train_dst_selector_results/normalauxoff_lfp_gru_normal_t7_holdoutdst_s0123456789_b2048_e200_by_temperature.csv
LFP,T7,DST,8,25.0,1.192076565512772,1.598355269407548,${SOURCE_WORKSPACE}/DL/CEMA_CARRIER_FAIRNESS_ABLATIONS_20260803/normalhead_auxoff/runs/lfp/nmc_goal_vcorr_it_train_dst_selector_results/normalauxoff_lfp_gru_normal_t7_holdoutdst_s0123456789_b2048_e200_by_temperature.csv
LFP,T7,DST,8,30.0,1.1329949974707283,1.499138289492224,${SOURCE_WORKSPACE}/DL/CEMA_CARRIER_FAIRNESS_ABLATIONS_20260803/normalhead_auxoff/runs/lfp/nmc_goal_vcorr_it_train_dst_selector_results/normalauxoff_lfp_gru_normal_t7_holdoutdst_s0123456789_b2048_e200_by_temperature.csv
LFP,T7,DST,8,40.0,1.5205109185490462,1.9392295245876172,${SOURCE_WORKSPACE}/DL/CEMA_CARRIER_FAIRNESS_ABLATIONS_20260803/normalhead_auxoff/runs/lfp/nmc_goal_vcorr_it_train_dst_selector_results/normalauxoff_lfp_gru_normal_t7_holdoutdst_s0123456789_b2048_e200_by_temperature.csv
LFP,T7,DST,8,50.0,1.656337186282178,2.14889177053906,${SOURCE_WORKSPACE}/DL/CEMA_CARRIER_FAIRNESS_ABLATIONS_20260803/normalhead_auxoff/runs/lfp/nmc_goal_vcorr_it_train_dst_selector_results/normalauxoff_lfp_gru_normal_t7_holdoutdst_s0123456789_b2048_e200_by_temperature.csv
LFP,T7,DST,9,-10.0,1.1045994253076592,1.4812369877649472,${SOURCE_WORKSPACE}/DL/CEMA_CARRIER_FAIRNESS_ABLATIONS_20260803/normalhead_auxoff/runs/lfp/nmc_goal_vcorr_it_train_dst_selector_results/normalauxoff_lfp_gru_normal_t7_holdoutdst_s0123456789_b2048_e200_by_temperature.csv
LFP,T7,DST,9,0.0,0.8104191068015415,1.122192613382866,${SOURCE_WORKSPACE}/DL/CEMA_CARRIER_FAIRNESS_ABLATIONS_20260803/normalhead_auxoff/runs/lfp/nmc_goal_vcorr_it_train_dst_selector_results/normalauxoff_lfp_gru_normal_t7_holdoutdst_s0123456789_b2048_e200_by_temperature.csv
LFP,T7,DST,9,10.0,0.6239341478940519,0.8346664032477953,${SOURCE_WORKSPACE}/DL/CEMA_CARRIER_FAIRNESS_ABLATIONS_20260803/normalhead_auxoff/runs/lfp/nmc_goal_vcorr_it_train_dst_selector_results/normalauxoff_lfp_gru_normal_t7_holdoutdst_s0123456789_b2048_e200_by_temperature.csv
LFP,T7,DST,9,20.0,0.761548605772428,0.9989316365582482,${SOURCE_WORKSPACE}/DL/CEMA_CARRIER_FAIRNESS_ABLATIONS_20260803/normalhead_auxoff/runs/lfp/nmc_goal_vcorr_it_train_dst_selector_results/normalauxoff_lfp_gru_normal_t7_holdoutdst_s0123456789_b2048_e200_by_temperature.csv
LFP,T7,DST,9,25.0,0.7988790244837247,1.0829709315316156,${SOURCE_WORKSPACE}/DL/CEMA_CARRIER_FAIRNESS_ABLATIONS_20260803/normalhead_auxoff/runs/lfp/nmc_goal_vcorr_it_train_dst_selector_results/normalauxoff_lfp_gru_normal_t7_holdoutdst_s0123456789_b2048_e200_by_temperature.csv
LFP,T7,DST,9,30.0,0.7999283327751174,1.0664731826825375,${SOURCE_WORKSPACE}/DL/CEMA_CARRIER_FAIRNESS_ABLATIONS_20260803/normalhead_auxoff/runs/lfp/nmc_goal_vcorr_it_train_dst_selector_results/normalauxoff_lfp_gru_normal_t7_holdoutdst_s0123456789_b2048_e200_by_temperature.csv
LFP,T7,DST,9,40.0,1.0476905042228786,1.3627638147105432,${SOURCE_WORKSPACE}/DL/CEMA_CARRIER_FAIRNESS_ABLATIONS_20260803/normalhead_auxoff/runs/lfp/nmc_goal_vcorr_it_train_dst_selector_results/normalauxoff_lfp_gru_normal_t7_holdoutdst_s0123456789_b2048_e200_by_temperature.csv
LFP,T7,DST,9,50.0,1.1477924888389623,1.4935869316129091,${SOURCE_WORKSPACE}/DL/CEMA_CARRIER_FAIRNESS_ABLATIONS_20260803/normalhead_auxoff/runs/lfp/nmc_goal_vcorr_it_train_dst_selector_results/normalauxoff_lfp_gru_normal_t7_holdoutdst_s0123456789_b2048_e200_by_temperature.csv
LFP,T7,FUDS,0,-10.0,0.8393082875752444,1.0813314521052957,${SOURCE_WORKSPACE}/DL/CEMA_CARRIER_FAIRNESS_ABLATIONS_20260803/normalhead_auxoff/runs/lfp/nmc_goal_vcorr_it_train_dst_selector_results/normalauxoff_lfp_gru_normal_t7_holdoutfuds_s0123456789_b2048_e200_by_temperature.csv
LFP,T7,FUDS,0,0.0,0.7859898049970026,1.1288918467681848,${SOURCE_WORKSPACE}/DL/CEMA_CARRIER_FAIRNESS_ABLATIONS_20260803/normalhead_auxoff/runs/lfp/nmc_goal_vcorr_it_train_dst_selector_results/normalauxoff_lfp_gru_normal_t7_holdoutfuds_s0123456789_b2048_e200_by_temperature.csv
LFP,T7,FUDS,0,10.0,0.79007986145063,1.116175100691824,${SOURCE_WORKSPACE}/DL/CEMA_CARRIER_FAIRNESS_ABLATIONS_20260803/normalhead_auxoff/runs/lfp/nmc_goal_vcorr_it_train_dst_selector_results/normalauxoff_lfp_gru_normal_t7_holdoutfuds_s0123456789_b2048_e200_by_temperature.csv
LFP,T7,FUDS,0,20.0,0.7313921034196308,1.018585155500687,${SOURCE_WORKSPACE}/DL/CEMA_CARRIER_FAIRNESS_ABLATIONS_20260803/normalhead_auxoff/runs/lfp/nmc_goal_vcorr_it_train_dst_selector_results/normalauxoff_lfp_gru_normal_t7_holdoutfuds_s0123456789_b2048_e200_by_temperature.csv
LFP,T7,FUDS,0,25.0,0.7820639375225371,1.010308212554435,${SOURCE_WORKSPACE}/DL/CEMA_CARRIER_FAIRNESS_ABLATIONS_20260803/normalhead_auxoff/runs/lfp/nmc_goal_vcorr_it_train_dst_selector_results/normalauxoff_lfp_gru_normal_t7_holdoutfuds_s0123456789_b2048_e200_by_temperature.csv
LFP,T7,FUDS,0,30.0,0.7734107829371513,1.060783807120416,${SOURCE_WORKSPACE}/DL/CEMA_CARRIER_FAIRNESS_ABLATIONS_20260803/normalhead_auxoff/runs/lfp/nmc_goal_vcorr_it_train_dst_selector_results/normalauxoff_lfp_gru_normal_t7_holdoutfuds_s0123456789_b2048_e200_by_temperature.csv
LFP,T7,FUDS,0,40.0,0.8384134842589772,1.137896483252336,${SOURCE_WORKSPACE}/DL/CEMA_CARRIER_FAIRNESS_ABLATIONS_20260803/normalhead_auxoff/runs/lfp/nmc_goal_vcorr_it_train_dst_selector_results/normalauxoff_lfp_gru_normal_t7_holdoutfuds_s0123456789_b2048_e200_by_temperature.csv
LFP,T7,FUDS,0,50.0,1.0954324165402227,1.469419437398538,${SOURCE_WORKSPACE}/DL/CEMA_CARRIER_FAIRNESS_ABLATIONS_20260803/normalhead_auxoff/runs/lfp/nmc_goal_vcorr_it_train_dst_selector_results/normalauxoff_lfp_gru_normal_t7_holdoutfuds_s0123456789_b2048_e200_by_temperature.csv
LFP,T7,FUDS,1,-10.0,1.0385261356480668,1.3243063775766393,${SOURCE_WORKSPACE}/DL/CEMA_CARRIER_FAIRNESS_ABLATIONS_20260803/normalhead_auxoff/runs/lfp/nmc_goal_vcorr_it_train_dst_selector_results/normalauxoff_lfp_gru_normal_t7_holdoutfuds_s0123456789_b2048_e200_by_temperature.csv
LFP,T7,FUDS,1,0.0,0.915256945759978,1.29846110117687,${SOURCE_WORKSPACE}/DL/CEMA_CARRIER_FAIRNESS_ABLATIONS_20260803/normalhead_auxoff/runs/lfp/nmc_goal_vcorr_it_train_dst_selector_results/normalauxoff_lfp_gru_normal_t7_holdoutfuds_s0123456789_b2048_e200_by_temperature.csv
LFP,T7,FUDS,1,10.0,0.8002093809144378,1.075564194605448,${SOURCE_WORKSPACE}/DL/CEMA_CARRIER_FAIRNESS_ABLATIONS_20260803/normalhead_auxoff/runs/lfp/nmc_goal_vcorr_it_train_dst_selector_results/normalauxoff_lfp_gru_normal_t7_holdoutfuds_s0123456789_b2048_e200_by_temperature.csv
LFP,T7,FUDS,1,20.0,1.0252399886290868,1.3156789787090768,${SOURCE_WORKSPACE}/DL/CEMA_CARRIER_FAIRNESS_ABLATIONS_20260803/normalhead_auxoff/runs/lfp/nmc_goal_vcorr_it_train_dst_selector_results/normalauxoff_lfp_gru_normal_t7_holdoutfuds_s0123456789_b2048_e200_by_temperature.csv
LFP,T7,FUDS,1,25.0,0.7405508122905818,1.0142783452145905,${SOURCE_WORKSPACE}/DL/CEMA_CARRIER_FAIRNESS_ABLATIONS_20260803/normalhead_auxoff/runs/lfp/nmc_goal_vcorr_it_train_dst_selector_results/normalauxoff_lfp_gru_normal_t7_holdoutfuds_s0123456789_b2048_e200_by_temperature.csv
LFP,T7,FUDS,1,30.0,1.1293977067907937,1.4429042481680738,${SOURCE_WORKSPACE}/DL/CEMA_CARRIER_FAIRNESS_ABLATIONS_20260803/normalhead_auxoff/runs/lfp/nmc_goal_vcorr_it_train_dst_selector_results/normalauxoff_lfp_gru_normal_t7_holdoutfuds_s0123456789_b2048_e200_by_temperature.csv
LFP,T7,FUDS,1,40.0,1.2119077246001335,1.5178706960587838,${SOURCE_WORKSPACE}/DL/CEMA_CARRIER_FAIRNESS_ABLATIONS_20260803/normalhead_auxoff/runs/lfp/nmc_goal_vcorr_it_train_dst_selector_results/normalauxoff_lfp_gru_normal_t7_holdoutfuds_s0123456789_b2048_e200_by_temperature.csv
LFP,T7,FUDS,1,50.0,1.5382318266637265,1.89274469135195,${SOURCE_WORKSPACE}/DL/CEMA_CARRIER_FAIRNESS_ABLATIONS_20260803/normalhead_auxoff/runs/lfp/nmc_goal_vcorr_it_train_dst_selector_results/normalauxoff_lfp_gru_normal_t7_holdoutfuds_s0123456789_b2048_e200_by_temperature.csv
LFP,T7,FUDS,2,-10.0,0.8180651200706266,1.0067030790373268,${SOURCE_WORKSPACE}/DL/CEMA_CARRIER_FAIRNESS_ABLATIONS_20260803/normalhead_auxoff/runs/lfp/nmc_goal_vcorr_it_train_dst_selector_results/normalauxoff_lfp_gru_normal_t7_holdoutfuds_s0123456789_b2048_e200_by_temperature.csv
LFP,T7,FUDS,2,0.0,0.7821039364479979,1.1548992802803306,${SOURCE_WORKSPACE}/DL/CEMA_CARRIER_FAIRNESS_ABLATIONS_20260803/normalhead_auxoff/runs/lfp/nmc_goal_vcorr_it_train_dst_selector_results/normalauxoff_lfp_gru_normal_t7_holdoutfuds_s0123456789_b2048_e200_by_temperature.csv
LFP,T7,FUDS,2,10.0,0.840831499054907,1.119824889300266,${SOURCE_WORKSPACE}/DL/CEMA_CARRIER_FAIRNESS_ABLATIONS_20260803/normalhead_auxoff/runs/lfp/nmc_goal_vcorr_it_train_dst_selector_results/normalauxoff_lfp_gru_normal_t7_holdoutfuds_s0123456789_b2048_e200_by_temperature.csv
LFP,T7,FUDS,2,20.0,0.9115248042840862,1.2185084611008112,${SOURCE_WORKSPACE}/DL/CEMA_CARRIER_FAIRNESS_ABLATIONS_20260803/normalhead_auxoff/runs/lfp/nmc_goal_vcorr_it_train_dst_selector_results/normalauxoff_lfp_gru_normal_t7_holdoutfuds_s0123456789_b2048_e200_by_temperature.csv
LFP,T7,FUDS,2,25.0,0.967866469647216,1.2810350745411372,${SOURCE_WORKSPACE}/DL/CEMA_CARRIER_FAIRNESS_ABLATIONS_20260803/normalhead_auxoff/runs/lfp/nmc_goal_vcorr_it_train_dst_selector_results/normalauxoff_lfp_gru_normal_t7_holdoutfuds_s0123456789_b2048_e200_by_temperature.csv
LFP,T7,FUDS,2,30.0,1.0851396746581932,1.433221684519799,${SOURCE_WORKSPACE}/DL/CEMA_CARRIER_FAIRNESS_ABLATIONS_20260803/normalhead_auxoff/runs/lfp/nmc_goal_vcorr_it_train_dst_selector_results/normalauxoff_lfp_gru_normal_t7_holdoutfuds_s0123456789_b2048_e200_by_temperature.csv
LFP,T7,FUDS,2,40.0,1.0389150036079569,1.4122941597135088,${SOURCE_WORKSPACE}/DL/CEMA_CARRIER_FAIRNESS_ABLATIONS_20260803/normalhead_auxoff/runs/lfp/nmc_goal_vcorr_it_train_dst_selector_results/normalauxoff_lfp_gru_normal_t7_holdoutfuds_s0123456789_b2048_e200_by_temperature.csv
LFP,T7,FUDS,2,50.0,1.2824335771133313,1.6896961832701372,${SOURCE_WORKSPACE}/DL/CEMA_CARRIER_FAIRNESS_ABLATIONS_20260803/normalhead_auxoff/runs/lfp/nmc_goal_vcorr_it_train_dst_selector_results/normalauxoff_lfp_gru_normal_t7_holdoutfuds_s0123456789_b2048_e200_by_temperature.csv
LFP,T7,FUDS,3,-10.0,1.0825909789485282,1.3830084651248429,${SOURCE_WORKSPACE}/DL/CEMA_CARRIER_FAIRNESS_ABLATIONS_20260803/normalhead_auxoff/runs/lfp/nmc_goal_vcorr_it_train_dst_selector_results/normalauxoff_lfp_gru_normal_t7_holdoutfuds_s0123456789_b2048_e200_by_temperature.csv
LFP,T7,FUDS,3,0.0,1.025313247645064,1.4354657409737006,${SOURCE_WORKSPACE}/DL/CEMA_CARRIER_FAIRNESS_ABLATIONS_20260803/normalhead_auxoff/runs/lfp/nmc_goal_vcorr_it_train_dst_selector_results/normalauxoff_lfp_gru_normal_t7_holdoutfuds_s0123456789_b2048_e200_by_temperature.csv
LFP,T7,FUDS,3,10.0,0.9589926569299844,1.2833707117387665,${SOURCE_WORKSPACE}/DL/CEMA_CARRIER_FAIRNESS_ABLATIONS_20260803/normalhead_auxoff/runs/lfp/nmc_goal_vcorr_it_train_dst_selector_results/normalauxoff_lfp_gru_normal_t7_holdoutfuds_s0123456789_b2048_e200_by_temperature.csv
LFP,T7,FUDS,3,20.0,1.04633834809661,1.451742937014548,${SOURCE_WORKSPACE}/DL/CEMA_CARRIER_FAIRNESS_ABLATIONS_20260803/normalhead_auxoff/runs/lfp/nmc_goal_vcorr_it_train_dst_selector_results/normalauxoff_lfp_gru_normal_t7_holdoutfuds_s0123456789_b2048_e200_by_temperature.csv
LFP,T7,FUDS,3,25.0,1.1121273496576496,1.629094084846041,${SOURCE_WORKSPACE}/DL/CEMA_CARRIER_FAIRNESS_ABLATIONS_20260803/normalhead_auxoff/runs/lfp/nmc_goal_vcorr_it_train_dst_selector_results/normalauxoff_lfp_gru_normal_t7_holdoutfuds_s0123456789_b2048_e200_by_temperature.csv
LFP,T7,FUDS,3,30.0,1.1521336064397345,1.6326093841017204,${SOURCE_WORKSPACE}/DL/CEMA_CARRIER_FAIRNESS_ABLATIONS_20260803/normalhead_auxoff/runs/lfp/nmc_goal_vcorr_it_train_dst_selector_results/normalauxoff_lfp_gru_normal_t7_holdoutfuds_s0123456789_b2048_e200_by_temperature.csv
LFP,T7,FUDS,3,40.0,1.103788733814861,1.653734088918367,${SOURCE_WORKSPACE}/DL/CEMA_CARRIER_FAIRNESS_ABLATIONS_20260803/normalhead_auxoff/runs/lfp/nmc_goal_vcorr_it_train_dst_selector_results/normalauxoff_lfp_gru_normal_t7_holdoutfuds_s0123456789_b2048_e200_by_temperature.csv
LFP,T7,FUDS,3,50.0,1.2203272887593617,1.7890516988790444,${SOURCE_WORKSPACE}/DL/CEMA_CARRIER_FAIRNESS_ABLATIONS_20260803/normalhead_auxoff/runs/lfp/nmc_goal_vcorr_it_train_dst_selector_results/normalauxoff_lfp_gru_normal_t7_holdoutfuds_s0123456789_b2048_e200_by_temperature.csv
LFP,T7,FUDS,4,-10.0,1.230922014215751,1.755425466237175,${SOURCE_WORKSPACE}/DL/CEMA_CARRIER_FAIRNESS_ABLATIONS_20260803/normalhead_auxoff/runs/lfp/nmc_goal_vcorr_it_train_dst_selector_results/normalauxoff_lfp_gru_normal_t7_holdoutfuds_s0123456789_b2048_e200_by_temperature.csv
LFP,T7,FUDS,4,0.0,1.0962819967523203,1.658711834803127,${SOURCE_WORKSPACE}/DL/CEMA_CARRIER_FAIRNESS_ABLATIONS_20260803/normalhead_auxoff/runs/lfp/nmc_goal_vcorr_it_train_dst_selector_results/normalauxoff_lfp_gru_normal_t7_holdoutfuds_s0123456789_b2048_e200_by_temperature.csv
LFP,T7,FUDS,4,10.0,0.9453900636999784,1.4054043229215183,${SOURCE_WORKSPACE}/DL/CEMA_CARRIER_FAIRNESS_ABLATIONS_20260803/normalhead_auxoff/runs/lfp/nmc_goal_vcorr_it_train_dst_selector_results/normalauxoff_lfp_gru_normal_t7_holdoutfuds_s0123456789_b2048_e200_by_temperature.csv
LFP,T7,FUDS,4,20.0,1.1097330934574792,1.5801470483070754,${SOURCE_WORKSPACE}/DL/CEMA_CARRIER_FAIRNESS_ABLATIONS_20260803/normalhead_auxoff/runs/lfp/nmc_goal_vcorr_it_train_dst_selector_results/normalauxoff_lfp_gru_normal_t7_holdoutfuds_s0123456789_b2048_e200_by_temperature.csv
LFP,T7,FUDS,4,25.0,0.978809540574218,1.345104718679928,${SOURCE_WORKSPACE}/DL/CEMA_CARRIER_FAIRNESS_ABLATIONS_20260803/normalhead_auxoff/runs/lfp/nmc_goal_vcorr_it_train_dst_selector_results/normalauxoff_lfp_gru_normal_t7_holdoutfuds_s0123456789_b2048_e200_by_temperature.csv
LFP,T7,FUDS,4,30.0,1.247891809902627,1.729293276779385,${SOURCE_WORKSPACE}/DL/CEMA_CARRIER_FAIRNESS_ABLATIONS_20260803/normalhead_auxoff/runs/lfp/nmc_goal_vcorr_it_train_dst_selector_results/normalauxoff_lfp_gru_normal_t7_holdoutfuds_s0123456789_b2048_e200_by_temperature.csv
LFP,T7,FUDS,4,40.0,1.362763142772588,1.9059130395362185,${SOURCE_WORKSPACE}/DL/CEMA_CARRIER_FAIRNESS_ABLATIONS_20260803/normalhead_auxoff/runs/lfp/nmc_goal_vcorr_it_train_dst_selector_results/normalauxoff_lfp_gru_normal_t7_holdoutfuds_s0123456789_b2048_e200_by_temperature.csv
LFP,T7,FUDS,4,50.0,1.6755985662153992,2.30011143856079,${SOURCE_WORKSPACE}/DL/CEMA_CARRIER_FAIRNESS_ABLATIONS_20260803/normalhead_auxoff/runs/lfp/nmc_goal_vcorr_it_train_dst_selector_results/normalauxoff_lfp_gru_normal_t7_holdoutfuds_s0123456789_b2048_e200_by_temperature.csv
LFP,T7,FUDS,5,-10.0,0.8176670233945875,1.099271722923266,${SOURCE_WORKSPACE}/DL/CEMA_CARRIER_FAIRNESS_ABLATIONS_20260803/normalhead_auxoff/runs/lfp/nmc_goal_vcorr_it_train_dst_selector_results/normalauxoff_lfp_gru_normal_t7_holdoutfuds_s0123456789_b2048_e200_by_temperature.csv
LFP,T7,FUDS,5,0.0,0.9099589058245504,1.322769362009873,${SOURCE_WORKSPACE}/DL/CEMA_CARRIER_FAIRNESS_ABLATIONS_20260803/normalhead_auxoff/runs/lfp/nmc_goal_vcorr_it_train_dst_selector_results/normalauxoff_lfp_gru_normal_t7_holdoutfuds_s0123456789_b2048_e200_by_temperature.csv
LFP,T7,FUDS,5,10.0,0.9457130918406368,1.2390593169066315,${SOURCE_WORKSPACE}/DL/CEMA_CARRIER_FAIRNESS_ABLATIONS_20260803/normalhead_auxoff/runs/lfp/nmc_goal_vcorr_it_train_dst_selector_results/normalauxoff_lfp_gru_normal_t7_holdoutfuds_s0123456789_b2048_e200_by_temperature.csv
LFP,T7,FUDS,5,20.0,0.8226026418472523,1.1541800712214458,${SOURCE_WORKSPACE}/DL/CEMA_CARRIER_FAIRNESS_ABLATIONS_20260803/normalhead_auxoff/runs/lfp/nmc_goal_vcorr_it_train_dst_selector_results/normalauxoff_lfp_gru_normal_t7_holdoutfuds_s0123456789_b2048_e200_by_temperature.csv
LFP,T7,FUDS,5,25.0,1.1477113437509334,1.5489199670366254,${SOURCE_WORKSPACE}/DL/CEMA_CARRIER_FAIRNESS_ABLATIONS_20260803/normalhead_auxoff/runs/lfp/nmc_goal_vcorr_it_train_dst_selector_results/normalauxoff_lfp_gru_normal_t7_holdoutfuds_s0123456789_b2048_e200_by_temperature.csv
LFP,T7,FUDS,5,30.0,0.8342492221029316,1.1555524980982852,${SOURCE_WORKSPACE}/DL/CEMA_CARRIER_FAIRNESS_ABLATIONS_20260803/normalhead_auxoff/runs/lfp/nmc_goal_vcorr_it_train_dst_selector_results/normalauxoff_lfp_gru_normal_t7_holdoutfuds_s0123456789_b2048_e200_by_temperature.csv
LFP,T7,FUDS,5,40.0,0.8100809210530157,1.1185240945459962,${SOURCE_WORKSPACE}/DL/CEMA_CARRIER_FAIRNESS_ABLATIONS_20260803/normalhead_auxoff/runs/lfp/nmc_goal_vcorr_it_train_dst_selector_results/normalauxoff_lfp_gru_normal_t7_holdoutfuds_s0123456789_b2048_e200_by_temperature.csv
LFP,T7,FUDS,5,50.0,0.8523581670911125,1.1724883842120148,${SOURCE_WORKSPACE}/DL/CEMA_CARRIER_FAIRNESS_ABLATIONS_20260803/normalhead_auxoff/runs/lfp/nmc_goal_vcorr_it_train_dst_selector_results/normalauxoff_lfp_gru_normal_t7_holdoutfuds_s0123456789_b2048_e200_by_temperature.csv
LFP,T7,FUDS,6,-10.0,0.9684002965694009,1.271671769177533,${SOURCE_WORKSPACE}/DL/CEMA_CARRIER_FAIRNESS_ABLATIONS_20260803/normalhead_auxoff/runs/lfp/nmc_goal_vcorr_it_train_dst_selector_results/normalauxoff_lfp_gru_normal_t7_holdoutfuds_s0123456789_b2048_e200_by_temperature.csv
LFP,T7,FUDS,6,0.0,0.9217329394962832,1.325308959692182,${SOURCE_WORKSPACE}/DL/CEMA_CARRIER_FAIRNESS_ABLATIONS_20260803/normalhead_auxoff/runs/lfp/nmc_goal_vcorr_it_train_dst_selector_results/normalauxoff_lfp_gru_normal_t7_holdoutfuds_s0123456789_b2048_e200_by_temperature.csv
LFP,T7,FUDS,6,10.0,0.948098235245088,1.2441392968391296,${SOURCE_WORKSPACE}/DL/CEMA_CARRIER_FAIRNESS_ABLATIONS_20260803/normalhead_auxoff/runs/lfp/nmc_goal_vcorr_it_train_dst_selector_results/normalauxoff_lfp_gru_normal_t7_holdoutfuds_s0123456789_b2048_e200_by_temperature.csv
LFP,T7,FUDS,6,20.0,0.8029385835882021,1.0851546894621786,${SOURCE_WORKSPACE}/DL/CEMA_CARRIER_FAIRNESS_ABLATIONS_20260803/normalhead_auxoff/runs/lfp/nmc_goal_vcorr_it_train_dst_selector_results/normalauxoff_lfp_gru_normal_t7_holdoutfuds_s0123456789_b2048_e200_by_temperature.csv
LFP,T7,FUDS,6,25.0,0.8844589187557477,1.1483375482227194,${SOURCE_WORKSPACE}/DL/CEMA_CARRIER_FAIRNESS_ABLATIONS_20260803/normalhead_auxoff/runs/lfp/nmc_goal_vcorr_it_train_dst_selector_results/normalauxoff_lfp_gru_normal_t7_holdoutfuds_s0123456789_b2048_e200_by_temperature.csv
LFP,T7,FUDS,6,30.0,0.7816998043527019,1.0713179463842837,${SOURCE_WORKSPACE}/DL/CEMA_CARRIER_FAIRNESS_ABLATIONS_20260803/normalhead_auxoff/runs/lfp/nmc_goal_vcorr_it_train_dst_selector_results/normalauxoff_lfp_gru_normal_t7_holdoutfuds_s0123456789_b2048_e200_by_temperature.csv
LFP,T7,FUDS,6,40.0,0.7913280283887004,1.1083648825892198,${SOURCE_WORKSPACE}/DL/CEMA_CARRIER_FAIRNESS_ABLATIONS_20260803/normalhead_auxoff/runs/lfp/nmc_goal_vcorr_it_train_dst_selector_results/normalauxoff_lfp_gru_normal_t7_holdoutfuds_s0123456789_b2048_e200_by_temperature.csv
LFP,T7,FUDS,6,50.0,0.993038852405485,1.3822613725155504,${SOURCE_WORKSPACE}/DL/CEMA_CARRIER_FAIRNESS_ABLATIONS_20260803/normalhead_auxoff/runs/lfp/nmc_goal_vcorr_it_train_dst_selector_results/normalauxoff_lfp_gru_normal_t7_holdoutfuds_s0123456789_b2048_e200_by_temperature.csv
LFP,T7,FUDS,7,-10.0,1.0510116004366994,1.3855075252352105,${SOURCE_WORKSPACE}/DL/CEMA_CARRIER_FAIRNESS_ABLATIONS_20260803/normalhead_auxoff/runs/lfp/nmc_goal_vcorr_it_train_dst_selector_results/normalauxoff_lfp_gru_normal_t7_holdoutfuds_s0123456789_b2048_e200_by_temperature.csv
LFP,T7,FUDS,7,0.0,0.8523187325827442,1.2905827959255003,${SOURCE_WORKSPACE}/DL/CEMA_CARRIER_FAIRNESS_ABLATIONS_20260803/normalhead_auxoff/runs/lfp/nmc_goal_vcorr_it_train_dst_selector_results/normalauxoff_lfp_gru_normal_t7_holdoutfuds_s0123456789_b2048_e200_by_temperature.csv
LFP,T7,FUDS,7,10.0,0.8258081266910936,1.0988426276790122,${SOURCE_WORKSPACE}/DL/CEMA_CARRIER_FAIRNESS_ABLATIONS_20260803/normalhead_auxoff/runs/lfp/nmc_goal_vcorr_it_train_dst_selector_results/normalauxoff_lfp_gru_normal_t7_holdoutfuds_s0123456789_b2048_e200_by_temperature.csv
LFP,T7,FUDS,7,20.0,0.7574249849860167,0.9948199664747416,${SOURCE_WORKSPACE}/DL/CEMA_CARRIER_FAIRNESS_ABLATIONS_20260803/normalhead_auxoff/runs/lfp/nmc_goal_vcorr_it_train_dst_selector_results/normalauxoff_lfp_gru_normal_t7_holdoutfuds_s0123456789_b2048_e200_by_temperature.csv
LFP,T7,FUDS,7,25.0,0.7270892819273461,0.956243806549438,${SOURCE_WORKSPACE}/DL/CEMA_CARRIER_FAIRNESS_ABLATIONS_20260803/normalhead_auxoff/runs/lfp/nmc_goal_vcorr_it_train_dst_selector_results/normalauxoff_lfp_gru_normal_t7_holdoutfuds_s0123456789_b2048_e200_by_temperature.csv
LFP,T7,FUDS,7,30.0,0.8277883396868095,1.0499723537968628,${SOURCE_WORKSPACE}/DL/CEMA_CARRIER_FAIRNESS_ABLATIONS_20260803/normalhead_auxoff/runs/lfp/nmc_goal_vcorr_it_train_dst_selector_results/normalauxoff_lfp_gru_normal_t7_holdoutfuds_s0123456789_b2048_e200_by_temperature.csv
LFP,T7,FUDS,7,40.0,0.8177372829453976,1.0408561155303002,${SOURCE_WORKSPACE}/DL/CEMA_CARRIER_FAIRNESS_ABLATIONS_20260803/normalhead_auxoff/runs/lfp/nmc_goal_vcorr_it_train_dst_selector_results/normalauxoff_lfp_gru_normal_t7_holdoutfuds_s0123456789_b2048_e200_by_temperature.csv
LFP,T7,FUDS,7,50.0,1.0838338640141156,1.3621613827757568,${SOURCE_WORKSPACE}/DL/CEMA_CARRIER_FAIRNESS_ABLATIONS_20260803/normalhead_auxoff/runs/lfp/nmc_goal_vcorr_it_train_dst_selector_results/normalauxoff_lfp_gru_normal_t7_holdoutfuds_s0123456789_b2048_e200_by_temperature.csv
LFP,T7,FUDS,8,-10.0,1.4898526840332118,2.1403285806246406,${SOURCE_WORKSPACE}/DL/CEMA_CARRIER_FAIRNESS_ABLATIONS_20260803/normalhead_auxoff/runs/lfp/nmc_goal_vcorr_it_train_dst_selector_results/normalauxoff_lfp_gru_normal_t7_holdoutfuds_s0123456789_b2048_e200_by_temperature.csv
LFP,T7,FUDS,8,0.0,1.3530961686727905,2.070166313932868,${SOURCE_WORKSPACE}/DL/CEMA_CARRIER_FAIRNESS_ABLATIONS_20260803/normalhead_auxoff/runs/lfp/nmc_goal_vcorr_it_train_dst_selector_results/normalauxoff_lfp_gru_normal_t7_holdoutfuds_s0123456789_b2048_e200_by_temperature.csv
LFP,T7,FUDS,8,10.0,0.9972571511669998,1.340070600535914,${SOURCE_WORKSPACE}/DL/CEMA_CARRIER_FAIRNESS_ABLATIONS_20260803/normalhead_auxoff/runs/lfp/nmc_goal_vcorr_it_train_dst_selector_results/normalauxoff_lfp_gru_normal_t7_holdoutfuds_s0123456789_b2048_e200_by_temperature.csv
LFP,T7,FUDS,8,20.0,1.2754550241966842,1.6735004354526255,${SOURCE_WORKSPACE}/DL/CEMA_CARRIER_FAIRNESS_ABLATIONS_20260803/normalhead_auxoff/runs/lfp/nmc_goal_vcorr_it_train_dst_selector_results/normalauxoff_lfp_gru_normal_t7_holdoutfuds_s0123456789_b2048_e200_by_temperature.csv
LFP,T7,FUDS,8,25.0,0.9362818519876708,1.3001252020491552,${SOURCE_WORKSPACE}/DL/CEMA_CARRIER_FAIRNESS_ABLATIONS_20260803/normalhead_auxoff/runs/lfp/nmc_goal_vcorr_it_train_dst_selector_results/normalauxoff_lfp_gru_normal_t7_holdoutfuds_s0123456789_b2048_e200_by_temperature.csv
LFP,T7,FUDS,8,30.0,1.448678525538159,1.9131084696924177,${SOURCE_WORKSPACE}/DL/CEMA_CARRIER_FAIRNESS_ABLATIONS_20260803/normalhead_auxoff/runs/lfp/nmc_goal_vcorr_it_train_dst_selector_results/normalauxoff_lfp_gru_normal_t7_holdoutfuds_s0123456789_b2048_e200_by_temperature.csv
LFP,T7,FUDS,8,40.0,1.4545366700418538,1.9508908753889176,${SOURCE_WORKSPACE}/DL/CEMA_CARRIER_FAIRNESS_ABLATIONS_20260803/normalhead_auxoff/runs/lfp/nmc_goal_vcorr_it_train_dst_selector_results/normalauxoff_lfp_gru_normal_t7_holdoutfuds_s0123456789_b2048_e200_by_temperature.csv
LFP,T7,FUDS,8,50.0,1.7530278141578932,2.299587670684889,${SOURCE_WORKSPACE}/DL/CEMA_CARRIER_FAIRNESS_ABLATIONS_20260803/normalhead_auxoff/runs/lfp/nmc_goal_vcorr_it_train_dst_selector_results/normalauxoff_lfp_gru_normal_t7_holdoutfuds_s0123456789_b2048_e200_by_temperature.csv
LFP,T7,FUDS,9,-10.0,0.8300614301854236,1.1549960111112243,${SOURCE_WORKSPACE}/DL/CEMA_CARRIER_FAIRNESS_ABLATIONS_20260803/normalhead_auxoff/runs/lfp/nmc_goal_vcorr_it_train_dst_selector_results/normalauxoff_lfp_gru_normal_t7_holdoutfuds_s0123456789_b2048_e200_by_temperature.csv
LFP,T7,FUDS,9,0.0,0.9008741447246084,1.2924624920675012,${SOURCE_WORKSPACE}/DL/CEMA_CARRIER_FAIRNESS_ABLATIONS_20260803/normalhead_auxoff/runs/lfp/nmc_goal_vcorr_it_train_dst_selector_results/normalauxoff_lfp_gru_normal_t7_holdoutfuds_s0123456789_b2048_e200_by_temperature.csv
LFP,T7,FUDS,9,10.0,1.064927522620997,1.356594161454956,${SOURCE_WORKSPACE}/DL/CEMA_CARRIER_FAIRNESS_ABLATIONS_20260803/normalhead_auxoff/runs/lfp/nmc_goal_vcorr_it_train_dst_selector_results/normalauxoff_lfp_gru_normal_t7_holdoutfuds_s0123456789_b2048_e200_by_temperature.csv
LFP,T7,FUDS,9,20.0,0.9743155430293704,1.2837608218194174,${SOURCE_WORKSPACE}/DL/CEMA_CARRIER_FAIRNESS_ABLATIONS_20260803/normalhead_auxoff/runs/lfp/nmc_goal_vcorr_it_train_dst_selector_results/normalauxoff_lfp_gru_normal_t7_holdoutfuds_s0123456789_b2048_e200_by_temperature.csv
LFP,T7,FUDS,9,25.0,1.1668685809943775,1.4681197158904842,${SOURCE_WORKSPACE}/DL/CEMA_CARRIER_FAIRNESS_ABLATIONS_20260803/normalhead_auxoff/runs/lfp/nmc_goal_vcorr_it_train_dst_selector_results/normalauxoff_lfp_gru_normal_t7_holdoutfuds_s0123456789_b2048_e200_by_temperature.csv
LFP,T7,FUDS,9,30.0,0.8582717521103295,1.1816409369397924,${SOURCE_WORKSPACE}/DL/CEMA_CARRIER_FAIRNESS_ABLATIONS_20260803/normalhead_auxoff/runs/lfp/nmc_goal_vcorr_it_train_dst_selector_results/normalauxoff_lfp_gru_normal_t7_holdoutfuds_s0123456789_b2048_e200_by_temperature.csv
LFP,T7,FUDS,9,40.0,0.8148750693282848,1.1703047363384824,${SOURCE_WORKSPACE}/DL/CEMA_CARRIER_FAIRNESS_ABLATIONS_20260803/normalhead_auxoff/runs/lfp/nmc_goal_vcorr_it_train_dst_selector_results/normalauxoff_lfp_gru_normal_t7_holdoutfuds_s0123456789_b2048_e200_by_temperature.csv
LFP,T7,FUDS,9,50.0,1.040389939640345,1.4420541210101838,${SOURCE_WORKSPACE}/DL/CEMA_CARRIER_FAIRNESS_ABLATIONS_20260803/normalhead_auxoff/runs/lfp/nmc_goal_vcorr_it_train_dst_selector_results/normalauxoff_lfp_gru_normal_t7_holdoutfuds_s0123456789_b2048_e200_by_temperature.csv
LFP,T7,US06,0,-10.0,0.6053568938773969,0.7183715625274564,${SOURCE_WORKSPACE}/DL/CEMA_CARRIER_FAIRNESS_ABLATIONS_20260803/normalhead_auxoff/runs/lfp/nmc_goal_vcorr_it_train_dst_selector_results/normalauxoff_lfp_gru_normal_t7_holdoutus06_s0123456789_b2048_e200_by_temperature.csv
LFP,T7,US06,0,0.0,1.256927405177763,1.556698672496082,${SOURCE_WORKSPACE}/DL/CEMA_CARRIER_FAIRNESS_ABLATIONS_20260803/normalhead_auxoff/runs/lfp/nmc_goal_vcorr_it_train_dst_selector_results/normalauxoff_lfp_gru_normal_t7_holdoutus06_s0123456789_b2048_e200_by_temperature.csv
LFP,T7,US06,0,10.0,0.9563829527756108,1.3285256357287891,${SOURCE_WORKSPACE}/DL/CEMA_CARRIER_FAIRNESS_ABLATIONS_20260803/normalhead_auxoff/runs/lfp/nmc_goal_vcorr_it_train_dst_selector_results/normalauxoff_lfp_gru_normal_t7_holdoutus06_s0123456789_b2048_e200_by_temperature.csv
LFP,T7,US06,0,20.0,1.1471785051245849,1.5676572217063798,${SOURCE_WORKSPACE}/DL/CEMA_CARRIER_FAIRNESS_ABLATIONS_20260803/normalhead_auxoff/runs/lfp/nmc_goal_vcorr_it_train_dst_selector_results/normalauxoff_lfp_gru_normal_t7_holdoutus06_s0123456789_b2048_e200_by_temperature.csv
LFP,T7,US06,0,25.0,1.496773243778761,1.9087437347404388,${SOURCE_WORKSPACE}/DL/CEMA_CARRIER_FAIRNESS_ABLATIONS_20260803/normalhead_auxoff/runs/lfp/nmc_goal_vcorr_it_train_dst_selector_results/normalauxoff_lfp_gru_normal_t7_holdoutus06_s0123456789_b2048_e200_by_temperature.csv
LFP,T7,US06,0,30.0,0.91958308621103,1.273909542744197,${SOURCE_WORKSPACE}/DL/CEMA_CARRIER_FAIRNESS_ABLATIONS_20260803/normalhead_auxoff/runs/lfp/nmc_goal_vcorr_it_train_dst_selector_results/normalauxoff_lfp_gru_normal_t7_holdoutus06_s0123456789_b2048_e200_by_temperature.csv
LFP,T7,US06,0,40.0,0.7619389259453976,1.0061477469413982,${SOURCE_WORKSPACE}/DL/CEMA_CARRIER_FAIRNESS_ABLATIONS_20260803/normalhead_auxoff/runs/lfp/nmc_goal_vcorr_it_train_dst_selector_results/normalauxoff_lfp_gru_normal_t7_holdoutus06_s0123456789_b2048_e200_by_temperature.csv
LFP,T7,US06,0,50.0,0.705807111181524,0.973005294545211,${SOURCE_WORKSPACE}/DL/CEMA_CARRIER_FAIRNESS_ABLATIONS_20260803/normalhead_auxoff/runs/lfp/nmc_goal_vcorr_it_train_dst_selector_results/normalauxoff_lfp_gru_normal_t7_holdoutus06_s0123456789_b2048_e200_by_temperature.csv
LFP,T7,US06,1,-10.0,0.6875660083856093,0.8465388196491364,${SOURCE_WORKSPACE}/DL/CEMA_CARRIER_FAIRNESS_ABLATIONS_20260803/normalhead_auxoff/runs/lfp/nmc_goal_vcorr_it_train_dst_selector_results/normalauxoff_lfp_gru_normal_t7_holdoutus06_s0123456789_b2048_e200_by_temperature.csv
LFP,T7,US06,1,0.0,1.1616709219327064,1.3830816074347445,${SOURCE_WORKSPACE}/DL/CEMA_CARRIER_FAIRNESS_ABLATIONS_20260803/normalhead_auxoff/runs/lfp/nmc_goal_vcorr_it_train_dst_selector_results/normalauxoff_lfp_gru_normal_t7_holdoutus06_s0123456789_b2048_e200_by_temperature.csv
LFP,T7,US06,1,10.0,0.7063460771796854,0.9150290008316624,${SOURCE_WORKSPACE}/DL/CEMA_CARRIER_FAIRNESS_ABLATIONS_20260803/normalhead_auxoff/runs/lfp/nmc_goal_vcorr_it_train_dst_selector_results/normalauxoff_lfp_gru_normal_t7_holdoutus06_s0123456789_b2048_e200_by_temperature.csv
LFP,T7,US06,1,20.0,0.6519566802042803,0.8028496969672467,${SOURCE_WORKSPACE}/DL/CEMA_CARRIER_FAIRNESS_ABLATIONS_20260803/normalhead_auxoff/runs/lfp/nmc_goal_vcorr_it_train_dst_selector_results/normalauxoff_lfp_gru_normal_t7_holdoutus06_s0123456789_b2048_e200_by_temperature.csv
LFP,T7,US06,1,25.0,1.0403315732433538,1.2370190543123758,${SOURCE_WORKSPACE}/DL/CEMA_CARRIER_FAIRNESS_ABLATIONS_20260803/normalhead_auxoff/runs/lfp/nmc_goal_vcorr_it_train_dst_selector_results/normalauxoff_lfp_gru_normal_t7_holdoutus06_s0123456789_b2048_e200_by_temperature.csv
LFP,T7,US06,1,30.0,0.715011276822287,0.9074048730096544,${SOURCE_WORKSPACE}/DL/CEMA_CARRIER_FAIRNESS_ABLATIONS_20260803/normalhead_auxoff/runs/lfp/nmc_goal_vcorr_it_train_dst_selector_results/normalauxoff_lfp_gru_normal_t7_holdoutus06_s0123456789_b2048_e200_by_temperature.csv
LFP,T7,US06,1,40.0,0.8605362253343664,1.174807018892635,${SOURCE_WORKSPACE}/DL/CEMA_CARRIER_FAIRNESS_ABLATIONS_20260803/normalhead_auxoff/runs/lfp/nmc_goal_vcorr_it_train_dst_selector_results/normalauxoff_lfp_gru_normal_t7_holdoutus06_s0123456789_b2048_e200_by_temperature.csv
LFP,T7,US06,1,50.0,1.0095535201125765,1.4309905327221633,${SOURCE_WORKSPACE}/DL/CEMA_CARRIER_FAIRNESS_ABLATIONS_20260803/normalhead_auxoff/runs/lfp/nmc_goal_vcorr_it_train_dst_selector_results/normalauxoff_lfp_gru_normal_t7_holdoutus06_s0123456789_b2048_e200_by_temperature.csv
LFP,T7,US06,2,-10.0,0.5160750126843404,0.6710097803600068,${SOURCE_WORKSPACE}/DL/CEMA_CARRIER_FAIRNESS_ABLATIONS_20260803/normalhead_auxoff/runs/lfp/nmc_goal_vcorr_it_train_dst_selector_results/normalauxoff_lfp_gru_normal_t7_holdoutus06_s0123456789_b2048_e200_by_temperature.csv
LFP,T7,US06,2,0.0,1.1763134636020751,1.5493457115636258,${SOURCE_WORKSPACE}/DL/CEMA_CARRIER_FAIRNESS_ABLATIONS_20260803/normalhead_auxoff/runs/lfp/nmc_goal_vcorr_it_train_dst_selector_results/normalauxoff_lfp_gru_normal_t7_holdoutus06_s0123456789_b2048_e200_by_temperature.csv
LFP,T7,US06,2,10.0,0.680107869771609,0.8999541170422725,${SOURCE_WORKSPACE}/DL/CEMA_CARRIER_FAIRNESS_ABLATIONS_20260803/normalhead_auxoff/runs/lfp/nmc_goal_vcorr_it_train_dst_selector_results/normalauxoff_lfp_gru_normal_t7_holdoutus06_s0123456789_b2048_e200_by_temperature.csv
LFP,T7,US06,2,20.0,0.6507087474426991,0.8539651926866356,${SOURCE_WORKSPACE}/DL/CEMA_CARRIER_FAIRNESS_ABLATIONS_20260803/normalhead_auxoff/runs/lfp/nmc_goal_vcorr_it_train_dst_selector_results/normalauxoff_lfp_gru_normal_t7_holdoutus06_s0123456789_b2048_e200_by_temperature.csv
LFP,T7,US06,2,25.0,1.013743842897487,1.2580491284391015,${SOURCE_WORKSPACE}/DL/CEMA_CARRIER_FAIRNESS_ABLATIONS_20260803/normalhead_auxoff/runs/lfp/nmc_goal_vcorr_it_train_dst_selector_results/normalauxoff_lfp_gru_normal_t7_holdoutus06_s0123456789_b2048_e200_by_temperature.csv
LFP,T7,US06,2,30.0,0.6451467361516032,0.8604358401218697,${SOURCE_WORKSPACE}/DL/CEMA_CARRIER_FAIRNESS_ABLATIONS_20260803/normalhead_auxoff/runs/lfp/nmc_goal_vcorr_it_train_dst_selector_results/normalauxoff_lfp_gru_normal_t7_holdoutus06_s0123456789_b2048_e200_by_temperature.csv
LFP,T7,US06,2,40.0,0.736120651942731,0.98933150920109,${SOURCE_WORKSPACE}/DL/CEMA_CARRIER_FAIRNESS_ABLATIONS_20260803/normalhead_auxoff/runs/lfp/nmc_goal_vcorr_it_train_dst_selector_results/normalauxoff_lfp_gru_normal_t7_holdoutus06_s0123456789_b2048_e200_by_temperature.csv
LFP,T7,US06,2,50.0,0.7327561836821636,1.016601108568929,${SOURCE_WORKSPACE}/DL/CEMA_CARRIER_FAIRNESS_ABLATIONS_20260803/normalhead_auxoff/runs/lfp/nmc_goal_vcorr_it_train_dst_selector_results/normalauxoff_lfp_gru_normal_t7_holdoutus06_s0123456789_b2048_e200_by_temperature.csv
LFP,T7,US06,3,-10.0,1.2813369865772442,1.4826454204166086,${SOURCE_WORKSPACE}/DL/CEMA_CARRIER_FAIRNESS_ABLATIONS_20260803/normalhead_auxoff/runs/lfp/nmc_goal_vcorr_it_train_dst_selector_results/normalauxoff_lfp_gru_normal_t7_holdoutus06_s0123456789_b2048_e200_by_temperature.csv
LFP,T7,US06,3,0.0,2.5831674435676426,3.099976904528499,${SOURCE_WORKSPACE}/DL/CEMA_CARRIER_FAIRNESS_ABLATIONS_20260803/normalhead_auxoff/runs/lfp/nmc_goal_vcorr_it_train_dst_selector_results/normalauxoff_lfp_gru_normal_t7_holdoutus06_s0123456789_b2048_e200_by_temperature.csv
LFP,T7,US06,3,10.0,1.9227522238590609,2.483284540368135,${SOURCE_WORKSPACE}/DL/CEMA_CARRIER_FAIRNESS_ABLATIONS_20260803/normalhead_auxoff/runs/lfp/nmc_goal_vcorr_it_train_dst_selector_results/normalauxoff_lfp_gru_normal_t7_holdoutus06_s0123456789_b2048_e200_by_temperature.csv
LFP,T7,US06,3,20.0,1.770985411943215,2.2756193334495154,${SOURCE_WORKSPACE}/DL/CEMA_CARRIER_FAIRNESS_ABLATIONS_20260803/normalhead_auxoff/runs/lfp/nmc_goal_vcorr_it_train_dst_selector_results/normalauxoff_lfp_gru_normal_t7_holdoutus06_s0123456789_b2048_e200_by_temperature.csv
LFP,T7,US06,3,25.0,2.143953574069608,2.6349468061582413,${SOURCE_WORKSPACE}/DL/CEMA_CARRIER_FAIRNESS_ABLATIONS_20260803/normalhead_auxoff/runs/lfp/nmc_goal_vcorr_it_train_dst_selector_results/normalauxoff_lfp_gru_normal_t7_holdoutus06_s0123456789_b2048_e200_by_temperature.csv
LFP,T7,US06,3,30.0,1.638475610389309,2.115311741745189,${SOURCE_WORKSPACE}/DL/CEMA_CARRIER_FAIRNESS_ABLATIONS_20260803/normalhead_auxoff/runs/lfp/nmc_goal_vcorr_it_train_dst_selector_results/normalauxoff_lfp_gru_normal_t7_holdoutus06_s0123456789_b2048_e200_by_temperature.csv
LFP,T7,US06,3,40.0,1.6022131054900413,2.090931317223763,${SOURCE_WORKSPACE}/DL/CEMA_CARRIER_FAIRNESS_ABLATIONS_20260803/normalhead_auxoff/runs/lfp/nmc_goal_vcorr_it_train_dst_selector_results/normalauxoff_lfp_gru_normal_t7_holdoutus06_s0123456789_b2048_e200_by_temperature.csv
LFP,T7,US06,3,50.0,1.3699402093485276,1.8327698675282529,${SOURCE_WORKSPACE}/DL/CEMA_CARRIER_FAIRNESS_ABLATIONS_20260803/normalhead_auxoff/runs/lfp/nmc_goal_vcorr_it_train_dst_selector_results/normalauxoff_lfp_gru_normal_t7_holdoutus06_s0123456789_b2048_e200_by_temperature.csv
LFP,T7,US06,4,-10.0,0.972681304200572,1.115733087911506,${SOURCE_WORKSPACE}/DL/CEMA_CARRIER_FAIRNESS_ABLATIONS_20260803/normalhead_auxoff/runs/lfp/nmc_goal_vcorr_it_train_dst_selector_results/normalauxoff_lfp_gru_normal_t7_holdoutus06_s0123456789_b2048_e200_by_temperature.csv
LFP,T7,US06,4,0.0,2.2017564917360315,2.6008773194833714,${SOURCE_WORKSPACE}/DL/CEMA_CARRIER_FAIRNESS_ABLATIONS_20260803/normalhead_auxoff/runs/lfp/nmc_goal_vcorr_it_train_dst_selector_results/normalauxoff_lfp_gru_normal_t7_holdoutus06_s0123456789_b2048_e200_by_temperature.csv
LFP,T7,US06,4,10.0,1.443960451523333,1.8291965774716323,${SOURCE_WORKSPACE}/DL/CEMA_CARRIER_FAIRNESS_ABLATIONS_20260803/normalhead_auxoff/runs/lfp/nmc_goal_vcorr_it_train_dst_selector_results/normalauxoff_lfp_gru_normal_t7_holdoutus06_s0123456789_b2048_e200_by_temperature.csv
LFP,T7,US06,4,20.0,1.225284242790134,1.6537380106473647,${SOURCE_WORKSPACE}/DL/CEMA_CARRIER_FAIRNESS_ABLATIONS_20260803/normalhead_auxoff/runs/lfp/nmc_goal_vcorr_it_train_dst_selector_results/normalauxoff_lfp_gru_normal_t7_holdoutus06_s0123456789_b2048_e200_by_temperature.csv
LFP,T7,US06,4,25.0,1.655290164075011,2.1147266636649804,${SOURCE_WORKSPACE}/DL/CEMA_CARRIER_FAIRNESS_ABLATIONS_20260803/normalhead_auxoff/runs/lfp/nmc_goal_vcorr_it_train_dst_selector_results/normalauxoff_lfp_gru_normal_t7_holdoutus06_s0123456789_b2048_e200_by_temperature.csv
LFP,T7,US06,4,30.0,1.2053165301374098,1.661236458908714,${SOURCE_WORKSPACE}/DL/CEMA_CARRIER_FAIRNESS_ABLATIONS_20260803/normalhead_auxoff/runs/lfp/nmc_goal_vcorr_it_train_dst_selector_results/normalauxoff_lfp_gru_normal_t7_holdoutus06_s0123456789_b2048_e200_by_temperature.csv
LFP,T7,US06,4,40.0,1.4306363713329655,1.9291713745812609,${SOURCE_WORKSPACE}/DL/CEMA_CARRIER_FAIRNESS_ABLATIONS_20260803/normalhead_auxoff/runs/lfp/nmc_goal_vcorr_it_train_dst_selector_results/normalauxoff_lfp_gru_normal_t7_holdoutus06_s0123456789_b2048_e200_by_temperature.csv
LFP,T7,US06,4,50.0,1.530789337243975,2.071857192517327,${SOURCE_WORKSPACE}/DL/CEMA_CARRIER_FAIRNESS_ABLATIONS_20260803/normalhead_auxoff/runs/lfp/nmc_goal_vcorr_it_train_dst_selector_results/normalauxoff_lfp_gru_normal_t7_holdoutus06_s0123456789_b2048_e200_by_temperature.csv
LFP,T7,US06,5,-10.0,0.7026239141004672,0.8692399041878061,${SOURCE_WORKSPACE}/DL/CEMA_CARRIER_FAIRNESS_ABLATIONS_20260803/normalhead_auxoff/runs/lfp/nmc_goal_vcorr_it_train_dst_selector_results/normalauxoff_lfp_gru_normal_t7_holdoutus06_s0123456789_b2048_e200_by_temperature.csv
LFP,T7,US06,5,0.0,1.2767319423784458,1.685363232015486,${SOURCE_WORKSPACE}/DL/CEMA_CARRIER_FAIRNESS_ABLATIONS_20260803/normalhead_auxoff/runs/lfp/nmc_goal_vcorr_it_train_dst_selector_results/normalauxoff_lfp_gru_normal_t7_holdoutus06_s0123456789_b2048_e200_by_temperature.csv
LFP,T7,US06,5,10.0,0.8880091401076484,1.2454415819217417,${SOURCE_WORKSPACE}/DL/CEMA_CARRIER_FAIRNESS_ABLATIONS_20260803/normalhead_auxoff/runs/lfp/nmc_goal_vcorr_it_train_dst_selector_results/normalauxoff_lfp_gru_normal_t7_holdoutus06_s0123456789_b2048_e200_by_temperature.csv
LFP,T7,US06,5,20.0,0.8335226677615968,1.133748119366265,${SOURCE_WORKSPACE}/DL/CEMA_CARRIER_FAIRNESS_ABLATIONS_20260803/normalhead_auxoff/runs/lfp/nmc_goal_vcorr_it_train_dst_selector_results/normalauxoff_lfp_gru_normal_t7_holdoutus06_s0123456789_b2048_e200_by_temperature.csv
LFP,T7,US06,5,25.0,0.8686399487449589,1.169147207303573,${SOURCE_WORKSPACE}/DL/CEMA_CARRIER_FAIRNESS_ABLATIONS_20260803/normalhead_auxoff/runs/lfp/nmc_goal_vcorr_it_train_dst_selector_results/normalauxoff_lfp_gru_normal_t7_holdoutus06_s0123456789_b2048_e200_by_temperature.csv
LFP,T7,US06,5,30.0,0.8855464594596996,1.2583913414456538,${SOURCE_WORKSPACE}/DL/CEMA_CARRIER_FAIRNESS_ABLATIONS_20260803/normalhead_auxoff/runs/lfp/nmc_goal_vcorr_it_train_dst_selector_results/normalauxoff_lfp_gru_normal_t7_holdoutus06_s0123456789_b2048_e200_by_temperature.csv
LFP,T7,US06,5,40.0,0.785000582998113,1.140988010560401,${SOURCE_WORKSPACE}/DL/CEMA_CARRIER_FAIRNESS_ABLATIONS_20260803/normalhead_auxoff/runs/lfp/nmc_goal_vcorr_it_train_dst_selector_results/normalauxoff_lfp_gru_normal_t7_holdoutus06_s0123456789_b2048_e200_by_temperature.csv
LFP,T7,US06,5,50.0,0.8016805825707884,1.1524030685221849,${SOURCE_WORKSPACE}/DL/CEMA_CARRIER_FAIRNESS_ABLATIONS_20260803/normalhead_auxoff/runs/lfp/nmc_goal_vcorr_it_train_dst_selector_results/normalauxoff_lfp_gru_normal_t7_holdoutus06_s0123456789_b2048_e200_by_temperature.csv
LFP,T7,US06,6,-10.0,0.6572666273945936,0.8760853471590766,${SOURCE_WORKSPACE}/DL/CEMA_CARRIER_FAIRNESS_ABLATIONS_20260803/normalhead_auxoff/runs/lfp/nmc_goal_vcorr_it_train_dst_selector_results/normalauxoff_lfp_gru_normal_t7_holdoutus06_s0123456789_b2048_e200_by_temperature.csv
LFP,T7,US06,6,0.0,1.2880374041359357,1.707548978169393,${SOURCE_WORKSPACE}/DL/CEMA_CARRIER_FAIRNESS_ABLATIONS_20260803/normalhead_auxoff/runs/lfp/nmc_goal_vcorr_it_train_dst_selector_results/normalauxoff_lfp_gru_normal_t7_holdoutus06_s0123456789_b2048_e200_by_temperature.csv
LFP,T7,US06,6,10.0,1.0581751431152835,1.4815324375624566,${SOURCE_WORKSPACE}/DL/CEMA_CARRIER_FAIRNESS_ABLATIONS_20260803/normalhead_auxoff/runs/lfp/nmc_goal_vcorr_it_train_dst_selector_results/normalauxoff_lfp_gru_normal_t7_holdoutus06_s0123456789_b2048_e200_by_temperature.csv
LFP,T7,US06,6,20.0,0.9568682202876512,1.374684874343979,${SOURCE_WORKSPACE}/DL/CEMA_CARRIER_FAIRNESS_ABLATIONS_20260803/normalhead_auxoff/runs/lfp/nmc_goal_vcorr_it_train_dst_selector_results/normalauxoff_lfp_gru_normal_t7_holdoutus06_s0123456789_b2048_e200_by_temperature.csv
LFP,T7,US06,6,25.0,1.3991640424479896,1.7907534453096234,${SOURCE_WORKSPACE}/DL/CEMA_CARRIER_FAIRNESS_ABLATIONS_20260803/normalhead_auxoff/runs/lfp/nmc_goal_vcorr_it_train_dst_selector_results/normalauxoff_lfp_gru_normal_t7_holdoutus06_s0123456789_b2048_e200_by_temperature.csv
LFP,T7,US06,6,30.0,0.8803636517161931,1.2318051402117136,${SOURCE_WORKSPACE}/DL/CEMA_CARRIER_FAIRNESS_ABLATIONS_20260803/normalhead_auxoff/runs/lfp/nmc_goal_vcorr_it_train_dst_selector_results/normalauxoff_lfp_gru_normal_t7_holdoutus06_s0123456789_b2048_e200_by_temperature.csv
LFP,T7,US06,6,40.0,0.890839316628196,1.2575024823383327,${SOURCE_WORKSPACE}/DL/CEMA_CARRIER_FAIRNESS_ABLATIONS_20260803/normalhead_auxoff/runs/lfp/nmc_goal_vcorr_it_train_dst_selector_results/normalauxoff_lfp_gru_normal_t7_holdoutus06_s0123456789_b2048_e200_by_temperature.csv
LFP,T7,US06,6,50.0,0.8312532377752311,1.2030790370402793,${SOURCE_WORKSPACE}/DL/CEMA_CARRIER_FAIRNESS_ABLATIONS_20260803/normalhead_auxoff/runs/lfp/nmc_goal_vcorr_it_train_dst_selector_results/normalauxoff_lfp_gru_normal_t7_holdoutus06_s0123456789_b2048_e200_by_temperature.csv
LFP,T7,US06,7,-10.0,0.6002583802985428,0.731536283516691,${SOURCE_WORKSPACE}/DL/CEMA_CARRIER_FAIRNESS_ABLATIONS_20260803/normalhead_auxoff/runs/lfp/nmc_goal_vcorr_it_train_dst_selector_results/normalauxoff_lfp_gru_normal_t7_holdoutus06_s0123456789_b2048_e200_by_temperature.csv
LFP,T7,US06,7,0.0,1.6822218321285305,2.071589049917093,${SOURCE_WORKSPACE}/DL/CEMA_CARRIER_FAIRNESS_ABLATIONS_20260803/normalhead_auxoff/runs/lfp/nmc_goal_vcorr_it_train_dst_selector_results/normalauxoff_lfp_gru_normal_t7_holdoutus06_s0123456789_b2048_e200_by_temperature.csv
LFP,T7,US06,7,10.0,1.0455297399492236,1.4029623462709475,${SOURCE_WORKSPACE}/DL/CEMA_CARRIER_FAIRNESS_ABLATIONS_20260803/normalhead_auxoff/runs/lfp/nmc_goal_vcorr_it_train_dst_selector_results/normalauxoff_lfp_gru_normal_t7_holdoutus06_s0123456789_b2048_e200_by_temperature.csv
LFP,T7,US06,7,20.0,0.9364353059625814,1.2456296546474317,${SOURCE_WORKSPACE}/DL/CEMA_CARRIER_FAIRNESS_ABLATIONS_20260803/normalhead_auxoff/runs/lfp/nmc_goal_vcorr_it_train_dst_selector_results/normalauxoff_lfp_gru_normal_t7_holdoutus06_s0123456789_b2048_e200_by_temperature.csv
LFP,T7,US06,7,25.0,1.2814953345125926,1.601790120619246,${SOURCE_WORKSPACE}/DL/CEMA_CARRIER_FAIRNESS_ABLATIONS_20260803/normalhead_auxoff/runs/lfp/nmc_goal_vcorr_it_train_dst_selector_results/normalauxoff_lfp_gru_normal_t7_holdoutus06_s0123456789_b2048_e200_by_temperature.csv
LFP,T7,US06,7,30.0,0.852690849924163,1.1279079527672995,${SOURCE_WORKSPACE}/DL/CEMA_CARRIER_FAIRNESS_ABLATIONS_20260803/normalhead_auxoff/runs/lfp/nmc_goal_vcorr_it_train_dst_selector_results/normalauxoff_lfp_gru_normal_t7_holdoutus06_s0123456789_b2048_e200_by_temperature.csv
LFP,T7,US06,7,40.0,0.8165245798795134,1.1005091371486555,${SOURCE_WORKSPACE}/DL/CEMA_CARRIER_FAIRNESS_ABLATIONS_20260803/normalhead_auxoff/runs/lfp/nmc_goal_vcorr_it_train_dst_selector_results/normalauxoff_lfp_gru_normal_t7_holdoutus06_s0123456789_b2048_e200_by_temperature.csv
LFP,T7,US06,7,50.0,0.7302770124116997,1.0316425404025276,${SOURCE_WORKSPACE}/DL/CEMA_CARRIER_FAIRNESS_ABLATIONS_20260803/normalhead_auxoff/runs/lfp/nmc_goal_vcorr_it_train_dst_selector_results/normalauxoff_lfp_gru_normal_t7_holdoutus06_s0123456789_b2048_e200_by_temperature.csv
LFP,T7,US06,8,-10.0,0.6977905072544712,0.8829721076775863,${SOURCE_WORKSPACE}/DL/CEMA_CARRIER_FAIRNESS_ABLATIONS_20260803/normalhead_auxoff/runs/lfp/nmc_goal_vcorr_it_train_dst_selector_results/normalauxoff_lfp_gru_normal_t7_holdoutus06_s0123456789_b2048_e200_by_temperature.csv
LFP,T7,US06,8,0.0,1.1866935140091448,1.4084560754391129,${SOURCE_WORKSPACE}/DL/CEMA_CARRIER_FAIRNESS_ABLATIONS_20260803/normalhead_auxoff/runs/lfp/nmc_goal_vcorr_it_train_dst_selector_results/normalauxoff_lfp_gru_normal_t7_holdoutus06_s0123456789_b2048_e200_by_temperature.csv
LFP,T7,US06,8,10.0,0.586558632321143,0.781898867387745,${SOURCE_WORKSPACE}/DL/CEMA_CARRIER_FAIRNESS_ABLATIONS_20260803/normalhead_auxoff/runs/lfp/nmc_goal_vcorr_it_train_dst_selector_results/normalauxoff_lfp_gru_normal_t7_holdoutus06_s0123456789_b2048_e200_by_temperature.csv
LFP,T7,US06,8,20.0,0.5527240479143889,0.7109198978035488,${SOURCE_WORKSPACE}/DL/CEMA_CARRIER_FAIRNESS_ABLATIONS_20260803/normalhead_auxoff/runs/lfp/nmc_goal_vcorr_it_train_dst_selector_results/normalauxoff_lfp_gru_normal_t7_holdoutus06_s0123456789_b2048_e200_by_temperature.csv
LFP,T7,US06,8,25.0,0.8059807229608072,1.0089431447863528,${SOURCE_WORKSPACE}/DL/CEMA_CARRIER_FAIRNESS_ABLATIONS_20260803/normalhead_auxoff/runs/lfp/nmc_goal_vcorr_it_train_dst_selector_results/normalauxoff_lfp_gru_normal_t7_holdoutus06_s0123456789_b2048_e200_by_temperature.csv
LFP,T7,US06,8,30.0,0.5758812731673318,0.7684915040394419,${SOURCE_WORKSPACE}/DL/CEMA_CARRIER_FAIRNESS_ABLATIONS_20260803/normalhead_auxoff/runs/lfp/nmc_goal_vcorr_it_train_dst_selector_results/normalauxoff_lfp_gru_normal_t7_holdoutus06_s0123456789_b2048_e200_by_temperature.csv
LFP,T7,US06,8,40.0,0.7333069489487802,0.9793774724001147,${SOURCE_WORKSPACE}/DL/CEMA_CARRIER_FAIRNESS_ABLATIONS_20260803/normalhead_auxoff/runs/lfp/nmc_goal_vcorr_it_train_dst_selector_results/normalauxoff_lfp_gru_normal_t7_holdoutus06_s0123456789_b2048_e200_by_temperature.csv
LFP,T7,US06,8,50.0,0.7953842547986532,1.0735013638432556,${SOURCE_WORKSPACE}/DL/CEMA_CARRIER_FAIRNESS_ABLATIONS_20260803/normalhead_auxoff/runs/lfp/nmc_goal_vcorr_it_train_dst_selector_results/normalauxoff_lfp_gru_normal_t7_holdoutus06_s0123456789_b2048_e200_by_temperature.csv
LFP,T7,US06,9,-10.0,0.6637974083718629,0.824745198474455,${SOURCE_WORKSPACE}/DL/CEMA_CARRIER_FAIRNESS_ABLATIONS_20260803/normalhead_auxoff/runs/lfp/nmc_goal_vcorr_it_train_dst_selector_results/normalauxoff_lfp_gru_normal_t7_holdoutus06_s0123456789_b2048_e200_by_temperature.csv
LFP,T7,US06,9,0.0,1.5383623179465409,1.962304403607414,${SOURCE_WORKSPACE}/DL/CEMA_CARRIER_FAIRNESS_ABLATIONS_20260803/normalhead_auxoff/runs/lfp/nmc_goal_vcorr_it_train_dst_selector_results/normalauxoff_lfp_gru_normal_t7_holdoutus06_s0123456789_b2048_e200_by_temperature.csv
LFP,T7,US06,9,10.0,0.9968402216653156,1.3116483381164696,${SOURCE_WORKSPACE}/DL/CEMA_CARRIER_FAIRNESS_ABLATIONS_20260803/normalhead_auxoff/runs/lfp/nmc_goal_vcorr_it_train_dst_selector_results/normalauxoff_lfp_gru_normal_t7_holdoutus06_s0123456789_b2048_e200_by_temperature.csv
LFP,T7,US06,9,20.0,0.9530970172684354,1.266195561424314,${SOURCE_WORKSPACE}/DL/CEMA_CARRIER_FAIRNESS_ABLATIONS_20260803/normalhead_auxoff/runs/lfp/nmc_goal_vcorr_it_train_dst_selector_results/normalauxoff_lfp_gru_normal_t7_holdoutus06_s0123456789_b2048_e200_by_temperature.csv
LFP,T7,US06,9,25.0,1.5271790398982612,1.889212935161207,${SOURCE_WORKSPACE}/DL/CEMA_CARRIER_FAIRNESS_ABLATIONS_20260803/normalhead_auxoff/runs/lfp/nmc_goal_vcorr_it_train_dst_selector_results/normalauxoff_lfp_gru_normal_t7_holdoutus06_s0123456789_b2048_e200_by_temperature.csv
LFP,T7,US06,9,30.0,1.1062046546447746,1.44261224241229,${SOURCE_WORKSPACE}/DL/CEMA_CARRIER_FAIRNESS_ABLATIONS_20260803/normalhead_auxoff/runs/lfp/nmc_goal_vcorr_it_train_dst_selector_results/normalauxoff_lfp_gru_normal_t7_holdoutus06_s0123456789_b2048_e200_by_temperature.csv
LFP,T7,US06,9,40.0,1.3199162298394729,1.6693762606162812,${SOURCE_WORKSPACE}/DL/CEMA_CARRIER_FAIRNESS_ABLATIONS_20260803/normalhead_auxoff/runs/lfp/nmc_goal_vcorr_it_train_dst_selector_results/normalauxoff_lfp_gru_normal_t7_holdoutus06_s0123456789_b2048_e200_by_temperature.csv
LFP,T7,US06,9,50.0,1.3947777429144324,1.7613950482743843,${SOURCE_WORKSPACE}/DL/CEMA_CARRIER_FAIRNESS_ABLATIONS_20260803/normalhead_auxoff/runs/lfp/nmc_goal_vcorr_it_train_dst_selector_results/normalauxoff_lfp_gru_normal_t7_holdoutus06_s0123456789_b2048_e200_by_temperature.csv
NMC,G0,DST,0,0.0,0.7904752394045724,1.0581273550144896,${SOURCE_WORKSPACE}/DL/CEMA_CARRIER_FAIRNESS_ABLATIONS_20260803/normalhead_auxoff/runs/nmc/nmc_goal_vcorr_it_train_dst_selector_results/normalauxoff_nmc_gru_normal_g0_holdoutdst_s0123456789_b2048_e200_by_temperature.csv
NMC,G0,DST,0,25.0,0.4805639301607476,0.6541115988472835,${SOURCE_WORKSPACE}/DL/CEMA_CARRIER_FAIRNESS_ABLATIONS_20260803/normalhead_auxoff/runs/nmc/nmc_goal_vcorr_it_train_dst_selector_results/normalauxoff_nmc_gru_normal_g0_holdoutdst_s0123456789_b2048_e200_by_temperature.csv
NMC,G0,DST,0,45.0,0.355621837923549,0.4757560465261188,${SOURCE_WORKSPACE}/DL/CEMA_CARRIER_FAIRNESS_ABLATIONS_20260803/normalhead_auxoff/runs/nmc/nmc_goal_vcorr_it_train_dst_selector_results/normalauxoff_nmc_gru_normal_g0_holdoutdst_s0123456789_b2048_e200_by_temperature.csv
NMC,G0,DST,1,0.0,0.871107074675567,1.194355692336959,${SOURCE_WORKSPACE}/DL/CEMA_CARRIER_FAIRNESS_ABLATIONS_20260803/normalhead_auxoff/runs/nmc/nmc_goal_vcorr_it_train_dst_selector_results/normalauxoff_nmc_gru_normal_g0_holdoutdst_s0123456789_b2048_e200_by_temperature.csv
NMC,G0,DST,1,25.0,0.5638621857434207,0.8043287894668424,${SOURCE_WORKSPACE}/DL/CEMA_CARRIER_FAIRNESS_ABLATIONS_20260803/normalhead_auxoff/runs/nmc/nmc_goal_vcorr_it_train_dst_selector_results/normalauxoff_nmc_gru_normal_g0_holdoutdst_s0123456789_b2048_e200_by_temperature.csv
NMC,G0,DST,1,45.0,0.302160740534182,0.4093218303932863,${SOURCE_WORKSPACE}/DL/CEMA_CARRIER_FAIRNESS_ABLATIONS_20260803/normalhead_auxoff/runs/nmc/nmc_goal_vcorr_it_train_dst_selector_results/normalauxoff_nmc_gru_normal_g0_holdoutdst_s0123456789_b2048_e200_by_temperature.csv
NMC,G0,DST,2,0.0,0.8647508675550505,1.1042725036334642,${SOURCE_WORKSPACE}/DL/CEMA_CARRIER_FAIRNESS_ABLATIONS_20260803/normalhead_auxoff/runs/nmc/nmc_goal_vcorr_it_train_dst_selector_results/normalauxoff_nmc_gru_normal_g0_holdoutdst_s0123456789_b2048_e200_by_temperature.csv
NMC,G0,DST,2,25.0,0.3861969950701583,0.5285989206387463,${SOURCE_WORKSPACE}/DL/CEMA_CARRIER_FAIRNESS_ABLATIONS_20260803/normalhead_auxoff/runs/nmc/nmc_goal_vcorr_it_train_dst_selector_results/normalauxoff_nmc_gru_normal_g0_holdoutdst_s0123456789_b2048_e200_by_temperature.csv
NMC,G0,DST,2,45.0,0.3490678028020261,0.4147166280072085,${SOURCE_WORKSPACE}/DL/CEMA_CARRIER_FAIRNESS_ABLATIONS_20260803/normalhead_auxoff/runs/nmc/nmc_goal_vcorr_it_train_dst_selector_results/normalauxoff_nmc_gru_normal_g0_holdoutdst_s0123456789_b2048_e200_by_temperature.csv
NMC,G0,DST,3,0.0,0.6804144867967267,0.930894619030522,${SOURCE_WORKSPACE}/DL/CEMA_CARRIER_FAIRNESS_ABLATIONS_20260803/normalhead_auxoff/runs/nmc/nmc_goal_vcorr_it_train_dst_selector_results/normalauxoff_nmc_gru_normal_g0_holdoutdst_s0123456789_b2048_e200_by_temperature.csv
NMC,G0,DST,3,25.0,0.5349429412362615,0.6895444150492736,${SOURCE_WORKSPACE}/DL/CEMA_CARRIER_FAIRNESS_ABLATIONS_20260803/normalhead_auxoff/runs/nmc/nmc_goal_vcorr_it_train_dst_selector_results/normalauxoff_nmc_gru_normal_g0_holdoutdst_s0123456789_b2048_e200_by_temperature.csv
NMC,G0,DST,3,45.0,0.2602398008942233,0.3334463434846107,${SOURCE_WORKSPACE}/DL/CEMA_CARRIER_FAIRNESS_ABLATIONS_20260803/normalhead_auxoff/runs/nmc/nmc_goal_vcorr_it_train_dst_selector_results/normalauxoff_nmc_gru_normal_g0_holdoutdst_s0123456789_b2048_e200_by_temperature.csv
NMC,G0,DST,4,0.0,0.7792735658232284,1.0404085247256658,${SOURCE_WORKSPACE}/DL/CEMA_CARRIER_FAIRNESS_ABLATIONS_20260803/normalhead_auxoff/runs/nmc/nmc_goal_vcorr_it_train_dst_selector_results/normalauxoff_nmc_gru_normal_g0_holdoutdst_s0123456789_b2048_e200_by_temperature.csv
NMC,G0,DST,4,25.0,0.5505474643007264,0.7133351058276085,${SOURCE_WORKSPACE}/DL/CEMA_CARRIER_FAIRNESS_ABLATIONS_20260803/normalhead_auxoff/runs/nmc/nmc_goal_vcorr_it_train_dst_selector_results/normalauxoff_nmc_gru_normal_g0_holdoutdst_s0123456789_b2048_e200_by_temperature.csv
NMC,G0,DST,4,45.0,0.2524350198943156,0.3230709791320542,${SOURCE_WORKSPACE}/DL/CEMA_CARRIER_FAIRNESS_ABLATIONS_20260803/normalhead_auxoff/runs/nmc/nmc_goal_vcorr_it_train_dst_selector_results/normalauxoff_nmc_gru_normal_g0_holdoutdst_s0123456789_b2048_e200_by_temperature.csv
NMC,G0,DST,5,0.0,0.8218994420348,1.0707469472737086,${SOURCE_WORKSPACE}/DL/CEMA_CARRIER_FAIRNESS_ABLATIONS_20260803/normalhead_auxoff/runs/nmc/nmc_goal_vcorr_it_train_dst_selector_results/normalauxoff_nmc_gru_normal_g0_holdoutdst_s0123456789_b2048_e200_by_temperature.csv
NMC,G0,DST,5,25.0,0.4155150291552563,0.571283991979983,${SOURCE_WORKSPACE}/DL/CEMA_CARRIER_FAIRNESS_ABLATIONS_20260803/normalhead_auxoff/runs/nmc/nmc_goal_vcorr_it_train_dst_selector_results/normalauxoff_nmc_gru_normal_g0_holdoutdst_s0123456789_b2048_e200_by_temperature.csv
NMC,G0,DST,5,45.0,0.3133880017016634,0.4401802279657725,${SOURCE_WORKSPACE}/DL/CEMA_CARRIER_FAIRNESS_ABLATIONS_20260803/normalhead_auxoff/runs/nmc/nmc_goal_vcorr_it_train_dst_selector_results/normalauxoff_nmc_gru_normal_g0_holdoutdst_s0123456789_b2048_e200_by_temperature.csv
NMC,G0,DST,6,0.0,0.7977675928750554,1.0477871520293065,${SOURCE_WORKSPACE}/DL/CEMA_CARRIER_FAIRNESS_ABLATIONS_20260803/normalhead_auxoff/runs/nmc/nmc_goal_vcorr_it_train_dst_selector_results/normalauxoff_nmc_gru_normal_g0_holdoutdst_s0123456789_b2048_e200_by_temperature.csv
NMC,G0,DST,6,25.0,0.4711053225293197,0.6408471660304736,${SOURCE_WORKSPACE}/DL/CEMA_CARRIER_FAIRNESS_ABLATIONS_20260803/normalhead_auxoff/runs/nmc/nmc_goal_vcorr_it_train_dst_selector_results/normalauxoff_nmc_gru_normal_g0_holdoutdst_s0123456789_b2048_e200_by_temperature.csv
NMC,G0,DST,6,45.0,0.2543828620851331,0.3335892685858971,${SOURCE_WORKSPACE}/DL/CEMA_CARRIER_FAIRNESS_ABLATIONS_20260803/normalhead_auxoff/runs/nmc/nmc_goal_vcorr_it_train_dst_selector_results/normalauxoff_nmc_gru_normal_g0_holdoutdst_s0123456789_b2048_e200_by_temperature.csv
NMC,G0,DST,7,0.0,0.76164961817094,0.9968349222688938,${SOURCE_WORKSPACE}/DL/CEMA_CARRIER_FAIRNESS_ABLATIONS_20260803/normalhead_auxoff/runs/nmc/nmc_goal_vcorr_it_train_dst_selector_results/normalauxoff_nmc_gru_normal_g0_holdoutdst_s0123456789_b2048_e200_by_temperature.csv
NMC,G0,DST,7,25.0,0.4613754697879787,0.5930942788600208,${SOURCE_WORKSPACE}/DL/CEMA_CARRIER_FAIRNESS_ABLATIONS_20260803/normalhead_auxoff/runs/nmc/nmc_goal_vcorr_it_train_dst_selector_results/normalauxoff_nmc_gru_normal_g0_holdoutdst_s0123456789_b2048_e200_by_temperature.csv
NMC,G0,DST,7,45.0,0.2585277325415389,0.3413681347616601,${SOURCE_WORKSPACE}/DL/CEMA_CARRIER_FAIRNESS_ABLATIONS_20260803/normalhead_auxoff/runs/nmc/nmc_goal_vcorr_it_train_dst_selector_results/normalauxoff_nmc_gru_normal_g0_holdoutdst_s0123456789_b2048_e200_by_temperature.csv
NMC,G0,DST,8,0.0,0.8254127679532227,1.0909374659127165,${SOURCE_WORKSPACE}/DL/CEMA_CARRIER_FAIRNESS_ABLATIONS_20260803/normalhead_auxoff/runs/nmc/nmc_goal_vcorr_it_train_dst_selector_results/normalauxoff_nmc_gru_normal_g0_holdoutdst_s0123456789_b2048_e200_by_temperature.csv
NMC,G0,DST,8,25.0,0.3847629012278521,0.5171114295857434,${SOURCE_WORKSPACE}/DL/CEMA_CARRIER_FAIRNESS_ABLATIONS_20260803/normalhead_auxoff/runs/nmc/nmc_goal_vcorr_it_train_dst_selector_results/normalauxoff_nmc_gru_normal_g0_holdoutdst_s0123456789_b2048_e200_by_temperature.csv
NMC,G0,DST,8,45.0,0.399755851155861,0.5004080483142979,${SOURCE_WORKSPACE}/DL/CEMA_CARRIER_FAIRNESS_ABLATIONS_20260803/normalhead_auxoff/runs/nmc/nmc_goal_vcorr_it_train_dst_selector_results/normalauxoff_nmc_gru_normal_g0_holdoutdst_s0123456789_b2048_e200_by_temperature.csv
NMC,G0,DST,9,0.0,0.7934159280680786,0.994712850243689,${SOURCE_WORKSPACE}/DL/CEMA_CARRIER_FAIRNESS_ABLATIONS_20260803/normalhead_auxoff/runs/nmc/nmc_goal_vcorr_it_train_dst_selector_results/normalauxoff_nmc_gru_normal_g0_holdoutdst_s0123456789_b2048_e200_by_temperature.csv
NMC,G0,DST,9,25.0,0.401116826973582,0.5148443293502357,${SOURCE_WORKSPACE}/DL/CEMA_CARRIER_FAIRNESS_ABLATIONS_20260803/normalhead_auxoff/runs/nmc/nmc_goal_vcorr_it_train_dst_selector_results/normalauxoff_nmc_gru_normal_g0_holdoutdst_s0123456789_b2048_e200_by_temperature.csv
NMC,G0,DST,9,45.0,0.5364370409619379,0.6203112776886284,${SOURCE_WORKSPACE}/DL/CEMA_CARRIER_FAIRNESS_ABLATIONS_20260803/normalhead_auxoff/runs/nmc/nmc_goal_vcorr_it_train_dst_selector_results/normalauxoff_nmc_gru_normal_g0_holdoutdst_s0123456789_b2048_e200_by_temperature.csv
NMC,G0,FUDS,0,0.0,1.0036807989427383,1.4369395120784878,${SOURCE_WORKSPACE}/DL/CEMA_CARRIER_FAIRNESS_ABLATIONS_20260803/normalhead_auxoff/runs/nmc/nmc_goal_vcorr_it_train_dst_selector_results/normalauxoff_nmc_gru_normal_g0_holdoutfuds_s0123456789_b2048_e200_by_temperature.csv
NMC,G0,FUDS,0,25.0,0.4017107514575978,0.5485988588014297,${SOURCE_WORKSPACE}/DL/CEMA_CARRIER_FAIRNESS_ABLATIONS_20260803/normalhead_auxoff/runs/nmc/nmc_goal_vcorr_it_train_dst_selector_results/normalauxoff_nmc_gru_normal_g0_holdoutfuds_s0123456789_b2048_e200_by_temperature.csv
NMC,G0,FUDS,0,45.0,0.2415846056648617,0.3291286842550663,${SOURCE_WORKSPACE}/DL/CEMA_CARRIER_FAIRNESS_ABLATIONS_20260803/normalhead_auxoff/runs/nmc/nmc_goal_vcorr_it_train_dst_selector_results/normalauxoff_nmc_gru_normal_g0_holdoutfuds_s0123456789_b2048_e200_by_temperature.csv
NMC,G0,FUDS,1,0.0,1.126600511574207,1.5538770793055017,${SOURCE_WORKSPACE}/DL/CEMA_CARRIER_FAIRNESS_ABLATIONS_20260803/normalhead_auxoff/runs/nmc/nmc_goal_vcorr_it_train_dst_selector_results/normalauxoff_nmc_gru_normal_g0_holdoutfuds_s0123456789_b2048_e200_by_temperature.csv
NMC,G0,FUDS,1,25.0,0.4451008602122643,0.5855139713385481,${SOURCE_WORKSPACE}/DL/CEMA_CARRIER_FAIRNESS_ABLATIONS_20260803/normalhead_auxoff/runs/nmc/nmc_goal_vcorr_it_train_dst_selector_results/normalauxoff_nmc_gru_normal_g0_holdoutfuds_s0123456789_b2048_e200_by_temperature.csv
NMC,G0,FUDS,1,45.0,0.1920544340211595,0.2628896102894434,${SOURCE_WORKSPACE}/DL/CEMA_CARRIER_FAIRNESS_ABLATIONS_20260803/normalhead_auxoff/runs/nmc/nmc_goal_vcorr_it_train_dst_selector_results/normalauxoff_nmc_gru_normal_g0_holdoutfuds_s0123456789_b2048_e200_by_temperature.csv
NMC,G0,FUDS,2,0.0,1.1193455759104944,1.5439450819927365,${SOURCE_WORKSPACE}/DL/CEMA_CARRIER_FAIRNESS_ABLATIONS_20260803/normalhead_auxoff/runs/nmc/nmc_goal_vcorr_it_train_dst_selector_results/normalauxoff_nmc_gru_normal_g0_holdoutfuds_s0123456789_b2048_e200_by_temperature.csv
NMC,G0,FUDS,2,25.0,0.5152480504893419,0.6735123999371027,${SOURCE_WORKSPACE}/DL/CEMA_CARRIER_FAIRNESS_ABLATIONS_20260803/normalhead_auxoff/runs/nmc/nmc_goal_vcorr_it_train_dst_selector_results/normalauxoff_nmc_gru_normal_g0_holdoutfuds_s0123456789_b2048_e200_by_temperature.csv
NMC,G0,FUDS,2,45.0,0.3209209199127595,0.4262224373464339,${SOURCE_WORKSPACE}/DL/CEMA_CARRIER_FAIRNESS_ABLATIONS_20260803/normalhead_auxoff/runs/nmc/nmc_goal_vcorr_it_train_dst_selector_results/normalauxoff_nmc_gru_normal_g0_holdoutfuds_s0123456789_b2048_e200_by_temperature.csv
NMC,G0,FUDS,3,0.0,1.0555301598323554,1.5163145025212157,${SOURCE_WORKSPACE}/DL/CEMA_CARRIER_FAIRNESS_ABLATIONS_20260803/normalhead_auxoff/runs/nmc/nmc_goal_vcorr_it_train_dst_selector_results/normalauxoff_nmc_gru_normal_g0_holdoutfuds_s0123456789_b2048_e200_by_temperature.csv
NMC,G0,FUDS,3,25.0,0.3892235508498793,0.5444301958150817,${SOURCE_WORKSPACE}/DL/CEMA_CARRIER_FAIRNESS_ABLATIONS_20260803/normalhead_auxoff/runs/nmc/nmc_goal_vcorr_it_train_dst_selector_results/normalauxoff_nmc_gru_normal_g0_holdoutfuds_s0123456789_b2048_e200_by_temperature.csv
NMC,G0,FUDS,3,45.0,0.209509157666973,0.2901013614983447,${SOURCE_WORKSPACE}/DL/CEMA_CARRIER_FAIRNESS_ABLATIONS_20260803/normalhead_auxoff/runs/nmc/nmc_goal_vcorr_it_train_dst_selector_results/normalauxoff_nmc_gru_normal_g0_holdoutfuds_s0123456789_b2048_e200_by_temperature.csv
NMC,G0,FUDS,4,0.0,1.1333691009850106,1.5695036399287745,${SOURCE_WORKSPACE}/DL/CEMA_CARRIER_FAIRNESS_ABLATIONS_20260803/normalhead_auxoff/runs/nmc/nmc_goal_vcorr_it_train_dst_selector_results/normalauxoff_nmc_gru_normal_g0_holdoutfuds_s0123456789_b2048_e200_by_temperature.csv
NMC,G0,FUDS,4,25.0,0.5101075544204443,0.6729439123052172,${SOURCE_WORKSPACE}/DL/CEMA_CARRIER_FAIRNESS_ABLATIONS_20260803/normalhead_auxoff/runs/nmc/nmc_goal_vcorr_it_train_dst_selector_results/normalauxoff_nmc_gru_normal_g0_holdoutfuds_s0123456789_b2048_e200_by_temperature.csv
NMC,G0,FUDS,4,45.0,0.3595949815346641,0.4640640102953378,${SOURCE_WORKSPACE}/DL/CEMA_CARRIER_FAIRNESS_ABLATIONS_20260803/normalhead_auxoff/runs/nmc/nmc_goal_vcorr_it_train_dst_selector_results/normalauxoff_nmc_gru_normal_g0_holdoutfuds_s0123456789_b2048_e200_by_temperature.csv
NMC,G0,FUDS,5,0.0,1.0251236495134326,1.4651413409406095,${SOURCE_WORKSPACE}/DL/CEMA_CARRIER_FAIRNESS_ABLATIONS_20260803/normalhead_auxoff/runs/nmc/nmc_goal_vcorr_it_train_dst_selector_results/normalauxoff_nmc_gru_normal_g0_holdoutfuds_s0123456789_b2048_e200_by_temperature.csv
NMC,G0,FUDS,5,25.0,0.4284316394722657,0.5732655933826865,${SOURCE_WORKSPACE}/DL/CEMA_CARRIER_FAIRNESS_ABLATIONS_20260803/normalhead_auxoff/runs/nmc/nmc_goal_vcorr_it_train_dst_selector_results/normalauxoff_nmc_gru_normal_g0_holdoutfuds_s0123456789_b2048_e200_by_temperature.csv
NMC,G0,FUDS,5,45.0,0.2567563040882357,0.325589637737292,${SOURCE_WORKSPACE}/DL/CEMA_CARRIER_FAIRNESS_ABLATIONS_20260803/normalhead_auxoff/runs/nmc/nmc_goal_vcorr_it_train_dst_selector_results/normalauxoff_nmc_gru_normal_g0_holdoutfuds_s0123456789_b2048_e200_by_temperature.csv
NMC,G0,FUDS,6,0.0,1.054172304555925,1.506856820458676,${SOURCE_WORKSPACE}/DL/CEMA_CARRIER_FAIRNESS_ABLATIONS_20260803/normalhead_auxoff/runs/nmc/nmc_goal_vcorr_it_train_dst_selector_results/normalauxoff_nmc_gru_normal_g0_holdoutfuds_s0123456789_b2048_e200_by_temperature.csv
NMC,G0,FUDS,6,25.0,0.3857698160313312,0.555592969619747,${SOURCE_WORKSPACE}/DL/CEMA_CARRIER_FAIRNESS_ABLATIONS_20260803/normalhead_auxoff/runs/nmc/nmc_goal_vcorr_it_train_dst_selector_results/normalauxoff_nmc_gru_normal_g0_holdoutfuds_s0123456789_b2048_e200_by_temperature.csv
NMC,G0,FUDS,6,45.0,0.2113348978257934,0.3060104384764574,${SOURCE_WORKSPACE}/DL/CEMA_CARRIER_FAIRNESS_ABLATIONS_20260803/normalhead_auxoff/runs/nmc/nmc_goal_vcorr_it_train_dst_selector_results/normalauxoff_nmc_gru_normal_g0_holdoutfuds_s0123456789_b2048_e200_by_temperature.csv
NMC,G0,FUDS,7,0.0,0.9737172070485658,1.4204051659312027,${SOURCE_WORKSPACE}/DL/CEMA_CARRIER_FAIRNESS_ABLATIONS_20260803/normalhead_auxoff/runs/nmc/nmc_goal_vcorr_it_train_dst_selector_results/normalauxoff_nmc_gru_normal_g0_holdoutfuds_s0123456789_b2048_e200_by_temperature.csv
NMC,G0,FUDS,7,25.0,0.3409740567088591,0.4559870608039009,${SOURCE_WORKSPACE}/DL/CEMA_CARRIER_FAIRNESS_ABLATIONS_20260803/normalhead_auxoff/runs/nmc/nmc_goal_vcorr_it_train_dst_selector_results/normalauxoff_nmc_gru_normal_g0_holdoutfuds_s0123456789_b2048_e200_by_temperature.csv
NMC,G0,FUDS,7,45.0,0.1893553182314104,0.2526458076804592,${SOURCE_WORKSPACE}/DL/CEMA_CARRIER_FAIRNESS_ABLATIONS_20260803/normalhead_auxoff/runs/nmc/nmc_goal_vcorr_it_train_dst_selector_results/normalauxoff_nmc_gru_normal_g0_holdoutfuds_s0123456789_b2048_e200_by_temperature.csv
NMC,G0,FUDS,8,0.0,0.9801904319309748,1.4202414118167397,${SOURCE_WORKSPACE}/DL/CEMA_CARRIER_FAIRNESS_ABLATIONS_20260803/normalhead_auxoff/runs/nmc/nmc_goal_vcorr_it_train_dst_selector_results/normalauxoff_nmc_gru_normal_g0_holdoutfuds_s0123456789_b2048_e200_by_temperature.csv
NMC,G0,FUDS,8,25.0,0.3933927519084167,0.5392060457112211,${SOURCE_WORKSPACE}/DL/CEMA_CARRIER_FAIRNESS_ABLATIONS_20260803/normalhead_auxoff/runs/nmc/nmc_goal_vcorr_it_train_dst_selector_results/normalauxoff_nmc_gru_normal_g0_holdoutfuds_s0123456789_b2048_e200_by_temperature.csv
NMC,G0,FUDS,8,45.0,0.2534982669412178,0.3489670365106705,${SOURCE_WORKSPACE}/DL/CEMA_CARRIER_FAIRNESS_ABLATIONS_20260803/normalhead_auxoff/runs/nmc/nmc_goal_vcorr_it_train_dst_selector_results/normalauxoff_nmc_gru_normal_g0_holdoutfuds_s0123456789_b2048_e200_by_temperature.csv
NMC,G0,FUDS,9,0.0,1.040546196443641,1.5066509445777805,${SOURCE_WORKSPACE}/DL/CEMA_CARRIER_FAIRNESS_ABLATIONS_20260803/normalhead_auxoff/runs/nmc/nmc_goal_vcorr_it_train_dst_selector_results/normalauxoff_nmc_gru_normal_g0_holdoutfuds_s0123456789_b2048_e200_by_temperature.csv
NMC,G0,FUDS,9,25.0,0.4193422836010778,0.5602010827089822,${SOURCE_WORKSPACE}/DL/CEMA_CARRIER_FAIRNESS_ABLATIONS_20260803/normalhead_auxoff/runs/nmc/nmc_goal_vcorr_it_train_dst_selector_results/normalauxoff_nmc_gru_normal_g0_holdoutfuds_s0123456789_b2048_e200_by_temperature.csv
NMC,G0,FUDS,9,45.0,0.2374282945486469,0.324567400181096,${SOURCE_WORKSPACE}/DL/CEMA_CARRIER_FAIRNESS_ABLATIONS_20260803/normalhead_auxoff/runs/nmc/nmc_goal_vcorr_it_train_dst_selector_results/normalauxoff_nmc_gru_normal_g0_holdoutfuds_s0123456789_b2048_e200_by_temperature.csv
NMC,G0,US06,0,0.0,1.2613669263713752,1.6621056997878687,${SOURCE_WORKSPACE}/DL/CEMA_CARRIER_FAIRNESS_ABLATIONS_20260803/normalhead_auxoff/runs/nmc/nmc_goal_vcorr_it_train_dst_selector_results/normalauxoff_nmc_gru_normal_g0_holdoutus06_s0123456789_b2048_e200_by_temperature.csv
NMC,G0,US06,0,25.0,0.6977512878842821,0.9332106029736468,${SOURCE_WORKSPACE}/DL/CEMA_CARRIER_FAIRNESS_ABLATIONS_20260803/normalhead_auxoff/runs/nmc/nmc_goal_vcorr_it_train_dst_selector_results/normalauxoff_nmc_gru_normal_g0_holdoutus06_s0123456789_b2048_e200_by_temperature.csv
NMC,G0,US06,0,45.0,0.5427640998313985,0.5944982767569712,${SOURCE_WORKSPACE}/DL/CEMA_CARRIER_FAIRNESS_ABLATIONS_20260803/normalhead_auxoff/runs/nmc/nmc_goal_vcorr_it_train_dst_selector_results/normalauxoff_nmc_gru_normal_g0_holdoutus06_s0123456789_b2048_e200_by_temperature.csv
NMC,G0,US06,1,0.0,0.9975998649083582,1.373503225031894,${SOURCE_WORKSPACE}/DL/CEMA_CARRIER_FAIRNESS_ABLATIONS_20260803/normalhead_auxoff/runs/nmc/nmc_goal_vcorr_it_train_dst_selector_results/normalauxoff_nmc_gru_normal_g0_holdoutus06_s0123456789_b2048_e200_by_temperature.csv
NMC,G0,US06,1,25.0,0.4588768181914321,0.7415523407723201,${SOURCE_WORKSPACE}/DL/CEMA_CARRIER_FAIRNESS_ABLATIONS_20260803/normalhead_auxoff/runs/nmc/nmc_goal_vcorr_it_train_dst_selector_results/normalauxoff_nmc_gru_normal_g0_holdoutus06_s0123456789_b2048_e200_by_temperature.csv
NMC,G0,US06,1,45.0,0.2244771632611284,0.3022340025442572,${SOURCE_WORKSPACE}/DL/CEMA_CARRIER_FAIRNESS_ABLATIONS_20260803/normalhead_auxoff/runs/nmc/nmc_goal_vcorr_it_train_dst_selector_results/normalauxoff_nmc_gru_normal_g0_holdoutus06_s0123456789_b2048_e200_by_temperature.csv
NMC,G0,US06,2,0.0,1.149049498275875,1.5341062499996938,${SOURCE_WORKSPACE}/DL/CEMA_CARRIER_FAIRNESS_ABLATIONS_20260803/normalhead_auxoff/runs/nmc/nmc_goal_vcorr_it_train_dst_selector_results/normalauxoff_nmc_gru_normal_g0_holdoutus06_s0123456789_b2048_e200_by_temperature.csv
NMC,G0,US06,2,25.0,0.5140811185286889,0.7043465004807398,${SOURCE_WORKSPACE}/DL/CEMA_CARRIER_FAIRNESS_ABLATIONS_20260803/normalhead_auxoff/runs/nmc/nmc_goal_vcorr_it_train_dst_selector_results/normalauxoff_nmc_gru_normal_g0_holdoutus06_s0123456789_b2048_e200_by_temperature.csv
NMC,G0,US06,2,45.0,0.380192932358633,0.4593810407269605,${SOURCE_WORKSPACE}/DL/CEMA_CARRIER_FAIRNESS_ABLATIONS_20260803/normalhead_auxoff/runs/nmc/nmc_goal_vcorr_it_train_dst_selector_results/normalauxoff_nmc_gru_normal_g0_holdoutus06_s0123456789_b2048_e200_by_temperature.csv
NMC,G0,US06,3,0.0,1.2273921095072546,1.625682573340299,${SOURCE_WORKSPACE}/DL/CEMA_CARRIER_FAIRNESS_ABLATIONS_20260803/normalhead_auxoff/runs/nmc/nmc_goal_vcorr_it_train_dst_selector_results/normalauxoff_nmc_gru_normal_g0_holdoutus06_s0123456789_b2048_e200_by_temperature.csv
NMC,G0,US06,3,25.0,0.6050661874842346,0.7744094454497841,${SOURCE_WORKSPACE}/DL/CEMA_CARRIER_FAIRNESS_ABLATIONS_20260803/normalhead_auxoff/runs/nmc/nmc_goal_vcorr_it_train_dst_selector_results/normalauxoff_nmc_gru_normal_g0_holdoutus06_s0123456789_b2048_e200_by_temperature.csv
NMC,G0,US06,3,45.0,0.4299666519037413,0.516631742490009,${SOURCE_WORKSPACE}/DL/CEMA_CARRIER_FAIRNESS_ABLATIONS_20260803/normalhead_auxoff/runs/nmc/nmc_goal_vcorr_it_train_dst_selector_results/normalauxoff_nmc_gru_normal_g0_holdoutus06_s0123456789_b2048_e200_by_temperature.csv
NMC,G0,US06,4,0.0,0.9628442493132592,1.3389220015530223,${SOURCE_WORKSPACE}/DL/CEMA_CARRIER_FAIRNESS_ABLATIONS_20260803/normalhead_auxoff/runs/nmc/nmc_goal_vcorr_it_train_dst_selector_results/normalauxoff_nmc_gru_normal_g0_holdoutus06_s0123456789_b2048_e200_by_temperature.csv
NMC,G0,US06,4,25.0,0.4497300220583156,0.6527021676617694,${SOURCE_WORKSPACE}/DL/CEMA_CARRIER_FAIRNESS_ABLATIONS_20260803/normalhead_auxoff/runs/nmc/nmc_goal_vcorr_it_train_dst_selector_results/normalauxoff_nmc_gru_normal_g0_holdoutus06_s0123456789_b2048_e200_by_temperature.csv
NMC,G0,US06,4,45.0,0.339875038615228,0.4397135295268357,${SOURCE_WORKSPACE}/DL/CEMA_CARRIER_FAIRNESS_ABLATIONS_20260803/normalhead_auxoff/runs/nmc/nmc_goal_vcorr_it_train_dst_selector_results/normalauxoff_nmc_gru_normal_g0_holdoutus06_s0123456789_b2048_e200_by_temperature.csv
NMC,G0,US06,5,0.0,1.104467129714919,1.4760994109240224,${SOURCE_WORKSPACE}/DL/CEMA_CARRIER_FAIRNESS_ABLATIONS_20260803/normalhead_auxoff/runs/nmc/nmc_goal_vcorr_it_train_dst_selector_results/normalauxoff_nmc_gru_normal_g0_holdoutus06_s0123456789_b2048_e200_by_temperature.csv
NMC,G0,US06,5,25.0,0.508201197413485,0.6754442665419346,${SOURCE_WORKSPACE}/DL/CEMA_CARRIER_FAIRNESS_ABLATIONS_20260803/normalhead_auxoff/runs/nmc/nmc_goal_vcorr_it_train_dst_selector_results/normalauxoff_nmc_gru_normal_g0_holdoutus06_s0123456789_b2048_e200_by_temperature.csv
NMC,G0,US06,5,45.0,0.4209945897215458,0.4884148999246391,${SOURCE_WORKSPACE}/DL/CEMA_CARRIER_FAIRNESS_ABLATIONS_20260803/normalhead_auxoff/runs/nmc/nmc_goal_vcorr_it_train_dst_selector_results/normalauxoff_nmc_gru_normal_g0_holdoutus06_s0123456789_b2048_e200_by_temperature.csv
NMC,G0,US06,6,0.0,1.06875846662211,1.4264702895226529,${SOURCE_WORKSPACE}/DL/CEMA_CARRIER_FAIRNESS_ABLATIONS_20260803/normalhead_auxoff/runs/nmc/nmc_goal_vcorr_it_train_dst_selector_results/normalauxoff_nmc_gru_normal_g0_holdoutus06_s0123456789_b2048_e200_by_temperature.csv
NMC,G0,US06,6,25.0,0.4656030164928004,0.6302838668731646,${SOURCE_WORKSPACE}/DL/CEMA_CARRIER_FAIRNESS_ABLATIONS_20260803/normalhead_auxoff/runs/nmc/nmc_goal_vcorr_it_train_dst_selector_results/normalauxoff_nmc_gru_normal_g0_holdoutus06_s0123456789_b2048_e200_by_temperature.csv
NMC,G0,US06,6,45.0,0.3153667166093334,0.3919747780512601,${SOURCE_WORKSPACE}/DL/CEMA_CARRIER_FAIRNESS_ABLATIONS_20260803/normalhead_auxoff/runs/nmc/nmc_goal_vcorr_it_train_dst_selector_results/normalauxoff_nmc_gru_normal_g0_holdoutus06_s0123456789_b2048_e200_by_temperature.csv
NMC,G0,US06,7,0.0,1.1287936397970235,1.5241396482556462,${SOURCE_WORKSPACE}/DL/CEMA_CARRIER_FAIRNESS_ABLATIONS_20260803/normalhead_auxoff/runs/nmc/nmc_goal_vcorr_it_train_dst_selector_results/normalauxoff_nmc_gru_normal_g0_holdoutus06_s0123456789_b2048_e200_by_temperature.csv
NMC,G0,US06,7,25.0,0.5274166359792434,0.7141127352188975,${SOURCE_WORKSPACE}/DL/CEMA_CARRIER_FAIRNESS_ABLATIONS_20260803/normalhead_auxoff/runs/nmc/nmc_goal_vcorr_it_train_dst_selector_results/normalauxoff_nmc_gru_normal_g0_holdoutus06_s0123456789_b2048_e200_by_temperature.csv
NMC,G0,US06,7,45.0,0.3920046681900094,0.4702108802468763,${SOURCE_WORKSPACE}/DL/CEMA_CARRIER_FAIRNESS_ABLATIONS_20260803/normalhead_auxoff/runs/nmc/nmc_goal_vcorr_it_train_dst_selector_results/normalauxoff_nmc_gru_normal_g0_holdoutus06_s0123456789_b2048_e200_by_temperature.csv
NMC,G0,US06,8,0.0,1.2486038664978862,1.659555255211162,${SOURCE_WORKSPACE}/DL/CEMA_CARRIER_FAIRNESS_ABLATIONS_20260803/normalhead_auxoff/runs/nmc/nmc_goal_vcorr_it_train_dst_selector_results/normalauxoff_nmc_gru_normal_g0_holdoutus06_s0123456789_b2048_e200_by_temperature.csv
NMC,G0,US06,8,25.0,0.6650375137996521,0.8748996225308838,${SOURCE_WORKSPACE}/DL/CEMA_CARRIER_FAIRNESS_ABLATIONS_20260803/normalhead_auxoff/runs/nmc/nmc_goal_vcorr_it_train_dst_selector_results/normalauxoff_nmc_gru_normal_g0_holdoutus06_s0123456789_b2048_e200_by_temperature.csv
NMC,G0,US06,8,45.0,0.5344785536056188,0.6055285878102277,${SOURCE_WORKSPACE}/DL/CEMA_CARRIER_FAIRNESS_ABLATIONS_20260803/normalhead_auxoff/runs/nmc/nmc_goal_vcorr_it_train_dst_selector_results/normalauxoff_nmc_gru_normal_g0_holdoutus06_s0123456789_b2048_e200_by_temperature.csv
NMC,G0,US06,9,0.0,0.9475728733269392,1.2928303767441605,${SOURCE_WORKSPACE}/DL/CEMA_CARRIER_FAIRNESS_ABLATIONS_20260803/normalhead_auxoff/runs/nmc/nmc_goal_vcorr_it_train_dst_selector_results/normalauxoff_nmc_gru_normal_g0_holdoutus06_s0123456789_b2048_e200_by_temperature.csv
NMC,G0,US06,9,25.0,0.3705966754081208,0.5178147525082091,${SOURCE_WORKSPACE}/DL/CEMA_CARRIER_FAIRNESS_ABLATIONS_20260803/normalhead_auxoff/runs/nmc/nmc_goal_vcorr_it_train_dst_selector_results/normalauxoff_nmc_gru_normal_g0_holdoutus06_s0123456789_b2048_e200_by_temperature.csv
NMC,G0,US06,9,45.0,0.242048279172988,0.3025372752034023,${SOURCE_WORKSPACE}/DL/CEMA_CARRIER_FAIRNESS_ABLATIONS_20260803/normalhead_auxoff/runs/nmc/nmc_goal_vcorr_it_train_dst_selector_results/normalauxoff_nmc_gru_normal_g0_holdoutus06_s0123456789_b2048_e200_by_temperature.csv
NMC,G4,DST,0,0.0,0.3844582850884274,0.5139570155430745,${SOURCE_WORKSPACE}/DL/CEMA_CARRIER_FAIRNESS_ABLATIONS_20260803/normalhead_auxoff/runs/nmc/nmc_goal_vcorr_it_train_dst_selector_results/normalauxoff_nmc_gru_normal_g4_holdoutdst_s0123456789_b2048_e200_by_temperature.csv
NMC,G4,DST,0,25.0,0.4150625390172952,0.4993278727280889,${SOURCE_WORKSPACE}/DL/CEMA_CARRIER_FAIRNESS_ABLATIONS_20260803/normalhead_auxoff/runs/nmc/nmc_goal_vcorr_it_train_dst_selector_results/normalauxoff_nmc_gru_normal_g4_holdoutdst_s0123456789_b2048_e200_by_temperature.csv
NMC,G4,DST,0,45.0,0.2965633729361047,0.4075996948020554,${SOURCE_WORKSPACE}/DL/CEMA_CARRIER_FAIRNESS_ABLATIONS_20260803/normalhead_auxoff/runs/nmc/nmc_goal_vcorr_it_train_dst_selector_results/normalauxoff_nmc_gru_normal_g4_holdoutdst_s0123456789_b2048_e200_by_temperature.csv
NMC,G4,DST,1,0.0,0.3743571705847356,0.5054944880443182,${SOURCE_WORKSPACE}/DL/CEMA_CARRIER_FAIRNESS_ABLATIONS_20260803/normalhead_auxoff/runs/nmc/nmc_goal_vcorr_it_train_dst_selector_results/normalauxoff_nmc_gru_normal_g4_holdoutdst_s0123456789_b2048_e200_by_temperature.csv
NMC,G4,DST,1,25.0,0.4387154391530874,0.538857214649901,${SOURCE_WORKSPACE}/DL/CEMA_CARRIER_FAIRNESS_ABLATIONS_20260803/normalhead_auxoff/runs/nmc/nmc_goal_vcorr_it_train_dst_selector_results/normalauxoff_nmc_gru_normal_g4_holdoutdst_s0123456789_b2048_e200_by_temperature.csv
NMC,G4,DST,1,45.0,0.3142504128600586,0.474884340327236,${SOURCE_WORKSPACE}/DL/CEMA_CARRIER_FAIRNESS_ABLATIONS_20260803/normalhead_auxoff/runs/nmc/nmc_goal_vcorr_it_train_dst_selector_results/normalauxoff_nmc_gru_normal_g4_holdoutdst_s0123456789_b2048_e200_by_temperature.csv
NMC,G4,DST,2,0.0,0.5308205328251295,0.6255560125557413,${SOURCE_WORKSPACE}/DL/CEMA_CARRIER_FAIRNESS_ABLATIONS_20260803/normalhead_auxoff/runs/nmc/nmc_goal_vcorr_it_train_dst_selector_results/normalauxoff_nmc_gru_normal_g4_holdoutdst_s0123456789_b2048_e200_by_temperature.csv
NMC,G4,DST,2,25.0,0.3084139033695355,0.4102819715641533,${SOURCE_WORKSPACE}/DL/CEMA_CARRIER_FAIRNESS_ABLATIONS_20260803/normalhead_auxoff/runs/nmc/nmc_goal_vcorr_it_train_dst_selector_results/normalauxoff_nmc_gru_normal_g4_holdoutdst_s0123456789_b2048_e200_by_temperature.csv
NMC,G4,DST,2,45.0,0.2957330974458536,0.3650383642453225,${SOURCE_WORKSPACE}/DL/CEMA_CARRIER_FAIRNESS_ABLATIONS_20260803/normalhead_auxoff/runs/nmc/nmc_goal_vcorr_it_train_dst_selector_results/normalauxoff_nmc_gru_normal_g4_holdoutdst_s0123456789_b2048_e200_by_temperature.csv
NMC,G4,DST,3,0.0,0.4402307348176884,0.5629055805038757,${SOURCE_WORKSPACE}/DL/CEMA_CARRIER_FAIRNESS_ABLATIONS_20260803/normalhead_auxoff/runs/nmc/nmc_goal_vcorr_it_train_dst_selector_results/normalauxoff_nmc_gru_normal_g4_holdoutdst_s0123456789_b2048_e200_by_temperature.csv
NMC,G4,DST,3,25.0,0.3352588881969993,0.4118989404483852,${SOURCE_WORKSPACE}/DL/CEMA_CARRIER_FAIRNESS_ABLATIONS_20260803/normalhead_auxoff/runs/nmc/nmc_goal_vcorr_it_train_dst_selector_results/normalauxoff_nmc_gru_normal_g4_holdoutdst_s0123456789_b2048_e200_by_temperature.csv
NMC,G4,DST,3,45.0,0.4010921819958883,0.4901095368207293,${SOURCE_WORKSPACE}/DL/CEMA_CARRIER_FAIRNESS_ABLATIONS_20260803/normalhead_auxoff/runs/nmc/nmc_goal_vcorr_it_train_dst_selector_results/normalauxoff_nmc_gru_normal_g4_holdoutdst_s0123456789_b2048_e200_by_temperature.csv
NMC,G4,DST,4,0.0,0.3456786403829072,0.4630951216927754,${SOURCE_WORKSPACE}/DL/CEMA_CARRIER_FAIRNESS_ABLATIONS_20260803/normalhead_auxoff/runs/nmc/nmc_goal_vcorr_it_train_dst_selector_results/normalauxoff_nmc_gru_normal_g4_holdoutdst_s0123456789_b2048_e200_by_temperature.csv
NMC,G4,DST,4,25.0,0.3558365224303506,0.4383884013105703,${SOURCE_WORKSPACE}/DL/CEMA_CARRIER_FAIRNESS_ABLATIONS_20260803/normalhead_auxoff/runs/nmc/nmc_goal_vcorr_it_train_dst_selector_results/normalauxoff_nmc_gru_normal_g4_holdoutdst_s0123456789_b2048_e200_by_temperature.csv
NMC,G4,DST,4,45.0,0.2923676555604735,0.3897248159854806,${SOURCE_WORKSPACE}/DL/CEMA_CARRIER_FAIRNESS_ABLATIONS_20260803/normalhead_auxoff/runs/nmc/nmc_goal_vcorr_it_train_dst_selector_results/normalauxoff_nmc_gru_normal_g4_holdoutdst_s0123456789_b2048_e200_by_temperature.csv
NMC,G4,DST,5,0.0,0.4133816081326982,0.5690303205976452,${SOURCE_WORKSPACE}/DL/CEMA_CARRIER_FAIRNESS_ABLATIONS_20260803/normalhead_auxoff/runs/nmc/nmc_goal_vcorr_it_train_dst_selector_results/normalauxoff_nmc_gru_normal_g4_holdoutdst_s0123456789_b2048_e200_by_temperature.csv
NMC,G4,DST,5,25.0,0.379091492215206,0.4806650559466934,${SOURCE_WORKSPACE}/DL/CEMA_CARRIER_FAIRNESS_ABLATIONS_20260803/normalhead_auxoff/runs/nmc/nmc_goal_vcorr_it_train_dst_selector_results/normalauxoff_nmc_gru_normal_g4_holdoutdst_s0123456789_b2048_e200_by_temperature.csv
NMC,G4,DST,5,45.0,0.342111535625212,0.4647597665387951,${SOURCE_WORKSPACE}/DL/CEMA_CARRIER_FAIRNESS_ABLATIONS_20260803/normalhead_auxoff/runs/nmc/nmc_goal_vcorr_it_train_dst_selector_results/normalauxoff_nmc_gru_normal_g4_holdoutdst_s0123456789_b2048_e200_by_temperature.csv
NMC,G4,DST,6,0.0,0.3290060880089088,0.4193032121550812,${SOURCE_WORKSPACE}/DL/CEMA_CARRIER_FAIRNESS_ABLATIONS_20260803/normalhead_auxoff/runs/nmc/nmc_goal_vcorr_it_train_dst_selector_results/normalauxoff_nmc_gru_normal_g4_holdoutdst_s0123456789_b2048_e200_by_temperature.csv
NMC,G4,DST,6,25.0,0.4226246319437766,0.5052839798005572,${SOURCE_WORKSPACE}/DL/CEMA_CARRIER_FAIRNESS_ABLATIONS_20260803/normalhead_auxoff/runs/nmc/nmc_goal_vcorr_it_train_dst_selector_results/normalauxoff_nmc_gru_normal_g4_holdoutdst_s0123456789_b2048_e200_by_temperature.csv
NMC,G4,DST,6,45.0,0.2247217960857593,0.3200200905720141,${SOURCE_WORKSPACE}/DL/CEMA_CARRIER_FAIRNESS_ABLATIONS_20260803/normalhead_auxoff/runs/nmc/nmc_goal_vcorr_it_train_dst_selector_results/normalauxoff_nmc_gru_normal_g4_holdoutdst_s0123456789_b2048_e200_by_temperature.csv
NMC,G4,DST,7,0.0,0.4475437153439704,0.6089804309752489,${SOURCE_WORKSPACE}/DL/CEMA_CARRIER_FAIRNESS_ABLATIONS_20260803/normalhead_auxoff/runs/nmc/nmc_goal_vcorr_it_train_dst_selector_results/normalauxoff_nmc_gru_normal_g4_holdoutdst_s0123456789_b2048_e200_by_temperature.csv
NMC,G4,DST,7,25.0,0.4768489415655522,0.5784445201490704,${SOURCE_WORKSPACE}/DL/CEMA_CARRIER_FAIRNESS_ABLATIONS_20260803/normalhead_auxoff/runs/nmc/nmc_goal_vcorr_it_train_dst_selector_results/normalauxoff_nmc_gru_normal_g4_holdoutdst_s0123456789_b2048_e200_by_temperature.csv
NMC,G4,DST,7,45.0,0.2452345918624044,0.3227909094337656,${SOURCE_WORKSPACE}/DL/CEMA_CARRIER_FAIRNESS_ABLATIONS_20260803/normalhead_auxoff/runs/nmc/nmc_goal_vcorr_it_train_dst_selector_results/normalauxoff_nmc_gru_normal_g4_holdoutdst_s0123456789_b2048_e200_by_temperature.csv
NMC,G4,DST,8,0.0,0.2950118548459055,0.4124359230564416,${SOURCE_WORKSPACE}/DL/CEMA_CARRIER_FAIRNESS_ABLATIONS_20260803/normalhead_auxoff/runs/nmc/nmc_goal_vcorr_it_train_dst_selector_results/normalauxoff_nmc_gru_normal_g4_holdoutdst_s0123456789_b2048_e200_by_temperature.csv
NMC,G4,DST,8,25.0,0.3576219668227797,0.4694908097584577,${SOURCE_WORKSPACE}/DL/CEMA_CARRIER_FAIRNESS_ABLATIONS_20260803/normalhead_auxoff/runs/nmc/nmc_goal_vcorr_it_train_dst_selector_results/normalauxoff_nmc_gru_normal_g4_holdoutdst_s0123456789_b2048_e200_by_temperature.csv
NMC,G4,DST,8,45.0,0.2616317930988395,0.3743067552104417,${SOURCE_WORKSPACE}/DL/CEMA_CARRIER_FAIRNESS_ABLATIONS_20260803/normalhead_auxoff/runs/nmc/nmc_goal_vcorr_it_train_dst_selector_results/normalauxoff_nmc_gru_normal_g4_holdoutdst_s0123456789_b2048_e200_by_temperature.csv
NMC,G4,DST,9,0.0,0.3445056904013787,0.4635022114062808,${SOURCE_WORKSPACE}/DL/CEMA_CARRIER_FAIRNESS_ABLATIONS_20260803/normalhead_auxoff/runs/nmc/nmc_goal_vcorr_it_train_dst_selector_results/normalauxoff_nmc_gru_normal_g4_holdoutdst_s0123456789_b2048_e200_by_temperature.csv
NMC,G4,DST,9,25.0,0.348726482135168,0.4307582293910216,${SOURCE_WORKSPACE}/DL/CEMA_CARRIER_FAIRNESS_ABLATIONS_20260803/normalhead_auxoff/runs/nmc/nmc_goal_vcorr_it_train_dst_selector_results/normalauxoff_nmc_gru_normal_g4_holdoutdst_s0123456789_b2048_e200_by_temperature.csv
NMC,G4,DST,9,45.0,0.197311493620667,0.2810420919641426,${SOURCE_WORKSPACE}/DL/CEMA_CARRIER_FAIRNESS_ABLATIONS_20260803/normalhead_auxoff/runs/nmc/nmc_goal_vcorr_it_train_dst_selector_results/normalauxoff_nmc_gru_normal_g4_holdoutdst_s0123456789_b2048_e200_by_temperature.csv
NMC,G4,FUDS,0,0.0,0.7121858006309688,0.9551316610207452,${SOURCE_WORKSPACE}/DL/CEMA_CARRIER_FAIRNESS_ABLATIONS_20260803/normalhead_auxoff/runs/nmc/nmc_goal_vcorr_it_train_dst_selector_results/normalauxoff_nmc_gru_normal_g4_holdoutfuds_s0123456789_b2048_e200_by_temperature.csv
NMC,G4,FUDS,0,25.0,0.6104954534991975,0.8494984238050547,${SOURCE_WORKSPACE}/DL/CEMA_CARRIER_FAIRNESS_ABLATIONS_20260803/normalhead_auxoff/runs/nmc/nmc_goal_vcorr_it_train_dst_selector_results/normalauxoff_nmc_gru_normal_g4_holdoutfuds_s0123456789_b2048_e200_by_temperature.csv
NMC,G4,FUDS,0,45.0,0.5507934399298604,0.7398328220093451,${SOURCE_WORKSPACE}/DL/CEMA_CARRIER_FAIRNESS_ABLATIONS_20260803/normalhead_auxoff/runs/nmc/nmc_goal_vcorr_it_train_dst_selector_results/normalauxoff_nmc_gru_normal_g4_holdoutfuds_s0123456789_b2048_e200_by_temperature.csv
NMC,G4,FUDS,1,0.0,0.6888596555860325,0.9210209454971988,${SOURCE_WORKSPACE}/DL/CEMA_CARRIER_FAIRNESS_ABLATIONS_20260803/normalhead_auxoff/runs/nmc/nmc_goal_vcorr_it_train_dst_selector_results/normalauxoff_nmc_gru_normal_g4_holdoutfuds_s0123456789_b2048_e200_by_temperature.csv
NMC,G4,FUDS,1,25.0,0.5322036736255256,0.7213686614583488,${SOURCE_WORKSPACE}/DL/CEMA_CARRIER_FAIRNESS_ABLATIONS_20260803/normalhead_auxoff/runs/nmc/nmc_goal_vcorr_it_train_dst_selector_results/normalauxoff_nmc_gru_normal_g4_holdoutfuds_s0123456789_b2048_e200_by_temperature.csv
NMC,G4,FUDS,1,45.0,0.6043598484455472,0.7678720068665947,${SOURCE_WORKSPACE}/DL/CEMA_CARRIER_FAIRNESS_ABLATIONS_20260803/normalhead_auxoff/runs/nmc/nmc_goal_vcorr_it_train_dst_selector_results/normalauxoff_nmc_gru_normal_g4_holdoutfuds_s0123456789_b2048_e200_by_temperature.csv
NMC,G4,FUDS,2,0.0,0.655179464143116,0.9318711816380778,${SOURCE_WORKSPACE}/DL/CEMA_CARRIER_FAIRNESS_ABLATIONS_20260803/normalhead_auxoff/runs/nmc/nmc_goal_vcorr_it_train_dst_selector_results/normalauxoff_nmc_gru_normal_g4_holdoutfuds_s0123456789_b2048_e200_by_temperature.csv
NMC,G4,FUDS,2,25.0,0.5568236757596421,0.8344287093635411,${SOURCE_WORKSPACE}/DL/CEMA_CARRIER_FAIRNESS_ABLATIONS_20260803/normalhead_auxoff/runs/nmc/nmc_goal_vcorr_it_train_dst_selector_results/normalauxoff_nmc_gru_normal_g4_holdoutfuds_s0123456789_b2048_e200_by_temperature.csv
NMC,G4,FUDS,2,45.0,0.6247175494613575,0.8612097459562205,${SOURCE_WORKSPACE}/DL/CEMA_CARRIER_FAIRNESS_ABLATIONS_20260803/normalhead_auxoff/runs/nmc/nmc_goal_vcorr_it_train_dst_selector_results/normalauxoff_nmc_gru_normal_g4_holdoutfuds_s0123456789_b2048_e200_by_temperature.csv
NMC,G4,FUDS,3,0.0,0.6679332090920113,0.8142721867354676,${SOURCE_WORKSPACE}/DL/CEMA_CARRIER_FAIRNESS_ABLATIONS_20260803/normalhead_auxoff/runs/nmc/nmc_goal_vcorr_it_train_dst_selector_results/normalauxoff_nmc_gru_normal_g4_holdoutfuds_s0123456789_b2048_e200_by_temperature.csv
NMC,G4,FUDS,3,25.0,0.5831432895233781,0.7357513619657435,${SOURCE_WORKSPACE}/DL/CEMA_CARRIER_FAIRNESS_ABLATIONS_20260803/normalhead_auxoff/runs/nmc/nmc_goal_vcorr_it_train_dst_selector_results/normalauxoff_nmc_gru_normal_g4_holdoutfuds_s0123456789_b2048_e200_by_temperature.csv
NMC,G4,FUDS,3,45.0,0.6462554996718167,0.9188341725235614,${SOURCE_WORKSPACE}/DL/CEMA_CARRIER_FAIRNESS_ABLATIONS_20260803/normalhead_auxoff/runs/nmc/nmc_goal_vcorr_it_train_dst_selector_results/normalauxoff_nmc_gru_normal_g4_holdoutfuds_s0123456789_b2048_e200_by_temperature.csv
NMC,G4,FUDS,4,0.0,0.5746357681391328,0.7597564218478241,${SOURCE_WORKSPACE}/DL/CEMA_CARRIER_FAIRNESS_ABLATIONS_20260803/normalhead_auxoff/runs/nmc/nmc_goal_vcorr_it_train_dst_selector_results/normalauxoff_nmc_gru_normal_g4_holdoutfuds_s0123456789_b2048_e200_by_temperature.csv
NMC,G4,FUDS,4,25.0,0.464231716618205,0.622220345268857,${SOURCE_WORKSPACE}/DL/CEMA_CARRIER_FAIRNESS_ABLATIONS_20260803/normalhead_auxoff/runs/nmc/nmc_goal_vcorr_it_train_dst_selector_results/normalauxoff_nmc_gru_normal_g4_holdoutfuds_s0123456789_b2048_e200_by_temperature.csv
NMC,G4,FUDS,4,45.0,0.4508307141385321,0.5764283618777465,${SOURCE_WORKSPACE}/DL/CEMA_CARRIER_FAIRNESS_ABLATIONS_20260803/normalhead_auxoff/runs/nmc/nmc_goal_vcorr_it_train_dst_selector_results/normalauxoff_nmc_gru_normal_g4_holdoutfuds_s0123456789_b2048_e200_by_temperature.csv
NMC,G4,FUDS,5,0.0,0.7521650958540129,1.0392850204597193,${SOURCE_WORKSPACE}/DL/CEMA_CARRIER_FAIRNESS_ABLATIONS_20260803/normalhead_auxoff/runs/nmc/nmc_goal_vcorr_it_train_dst_selector_results/normalauxoff_nmc_gru_normal_g4_holdoutfuds_s0123456789_b2048_e200_by_temperature.csv
NMC,G4,FUDS,5,25.0,0.5279554876417156,0.7777243125452258,${SOURCE_WORKSPACE}/DL/CEMA_CARRIER_FAIRNESS_ABLATIONS_20260803/normalhead_auxoff/runs/nmc/nmc_goal_vcorr_it_train_dst_selector_results/normalauxoff_nmc_gru_normal_g4_holdoutfuds_s0123456789_b2048_e200_by_temperature.csv
NMC,G4,FUDS,5,45.0,0.4447840260359622,0.6473641855273856,${SOURCE_WORKSPACE}/DL/CEMA_CARRIER_FAIRNESS_ABLATIONS_20260803/normalhead_auxoff/runs/nmc/nmc_goal_vcorr_it_train_dst_selector_results/normalauxoff_nmc_gru_normal_g4_holdoutfuds_s0123456789_b2048_e200_by_temperature.csv
NMC,G4,FUDS,6,0.0,0.4998373822362114,0.6630144279812542,${SOURCE_WORKSPACE}/DL/CEMA_CARRIER_FAIRNESS_ABLATIONS_20260803/normalhead_auxoff/runs/nmc/nmc_goal_vcorr_it_train_dst_selector_results/normalauxoff_nmc_gru_normal_g4_holdoutfuds_s0123456789_b2048_e200_by_temperature.csv
NMC,G4,FUDS,6,25.0,0.3522888631543463,0.4859311199283867,${SOURCE_WORKSPACE}/DL/CEMA_CARRIER_FAIRNESS_ABLATIONS_20260803/normalhead_auxoff/runs/nmc/nmc_goal_vcorr_it_train_dst_selector_results/normalauxoff_nmc_gru_normal_g4_holdoutfuds_s0123456789_b2048_e200_by_temperature.csv
NMC,G4,FUDS,6,45.0,0.3898194306376809,0.5310323086232295,${SOURCE_WORKSPACE}/DL/CEMA_CARRIER_FAIRNESS_ABLATIONS_20260803/normalhead_auxoff/runs/nmc/nmc_goal_vcorr_it_train_dst_selector_results/normalauxoff_nmc_gru_normal_g4_holdoutfuds_s0123456789_b2048_e200_by_temperature.csv
NMC,G4,FUDS,7,0.0,0.7640671991714411,1.0462405471003848,${SOURCE_WORKSPACE}/DL/CEMA_CARRIER_FAIRNESS_ABLATIONS_20260803/normalhead_auxoff/runs/nmc/nmc_goal_vcorr_it_train_dst_selector_results/normalauxoff_nmc_gru_normal_g4_holdoutfuds_s0123456789_b2048_e200_by_temperature.csv
NMC,G4,FUDS,7,25.0,0.530311291193839,0.7309696770321452,${SOURCE_WORKSPACE}/DL/CEMA_CARRIER_FAIRNESS_ABLATIONS_20260803/normalhead_auxoff/runs/nmc/nmc_goal_vcorr_it_train_dst_selector_results/normalauxoff_nmc_gru_normal_g4_holdoutfuds_s0123456789_b2048_e200_by_temperature.csv
NMC,G4,FUDS,7,45.0,0.6376418629139108,0.8672393131098577,${SOURCE_WORKSPACE}/DL/CEMA_CARRIER_FAIRNESS_ABLATIONS_20260803/normalhead_auxoff/runs/nmc/nmc_goal_vcorr_it_train_dst_selector_results/normalauxoff_nmc_gru_normal_g4_holdoutfuds_s0123456789_b2048_e200_by_temperature.csv
NMC,G4,FUDS,8,0.0,0.6900203576071166,0.9333097119837752,${SOURCE_WORKSPACE}/DL/CEMA_CARRIER_FAIRNESS_ABLATIONS_20260803/normalhead_auxoff/runs/nmc/nmc_goal_vcorr_it_train_dst_selector_results/normalauxoff_nmc_gru_normal_g4_holdoutfuds_s0123456789_b2048_e200_by_temperature.csv
NMC,G4,FUDS,8,25.0,0.517737157295377,0.7615532016783082,${SOURCE_WORKSPACE}/DL/CEMA_CARRIER_FAIRNESS_ABLATIONS_20260803/normalhead_auxoff/runs/nmc/nmc_goal_vcorr_it_train_dst_selector_results/normalauxoff_nmc_gru_normal_g4_holdoutfuds_s0123456789_b2048_e200_by_temperature.csv
NMC,G4,FUDS,8,45.0,0.5201668280892867,0.7684222103215189,${SOURCE_WORKSPACE}/DL/CEMA_CARRIER_FAIRNESS_ABLATIONS_20260803/normalhead_auxoff/runs/nmc/nmc_goal_vcorr_it_train_dst_selector_results/normalauxoff_nmc_gru_normal_g4_holdoutfuds_s0123456789_b2048_e200_by_temperature.csv
NMC,G4,FUDS,9,0.0,0.7257274723270216,0.9882317195138842,${SOURCE_WORKSPACE}/DL/CEMA_CARRIER_FAIRNESS_ABLATIONS_20260803/normalhead_auxoff/runs/nmc/nmc_goal_vcorr_it_train_dst_selector_results/normalauxoff_nmc_gru_normal_g4_holdoutfuds_s0123456789_b2048_e200_by_temperature.csv
NMC,G4,FUDS,9,25.0,0.6003778114446661,0.8234485651442627,${SOURCE_WORKSPACE}/DL/CEMA_CARRIER_FAIRNESS_ABLATIONS_20260803/normalhead_auxoff/runs/nmc/nmc_goal_vcorr_it_train_dst_selector_results/normalauxoff_nmc_gru_normal_g4_holdoutfuds_s0123456789_b2048_e200_by_temperature.csv
NMC,G4,FUDS,9,45.0,0.5476797719564814,0.7429445083157097,${SOURCE_WORKSPACE}/DL/CEMA_CARRIER_FAIRNESS_ABLATIONS_20260803/normalhead_auxoff/runs/nmc/nmc_goal_vcorr_it_train_dst_selector_results/normalauxoff_nmc_gru_normal_g4_holdoutfuds_s0123456789_b2048_e200_by_temperature.csv
NMC,G4,US06,0,0.0,0.6009903791207821,0.7817022426416058,${SOURCE_WORKSPACE}/DL/CEMA_CARRIER_FAIRNESS_ABLATIONS_20260803/normalhead_auxoff/runs/nmc/nmc_goal_vcorr_it_train_dst_selector_results/normalauxoff_nmc_gru_normal_g4_holdoutus06_s0123456789_b2048_e200_by_temperature.csv
NMC,G4,US06,0,25.0,0.4858401361945745,0.7441668657708185,${SOURCE_WORKSPACE}/DL/CEMA_CARRIER_FAIRNESS_ABLATIONS_20260803/normalhead_auxoff/runs/nmc/nmc_goal_vcorr_it_train_dst_selector_results/normalauxoff_nmc_gru_normal_g4_holdoutus06_s0123456789_b2048_e200_by_temperature.csv
NMC,G4,US06,0,45.0,0.3650589356732687,0.4727563943216877,${SOURCE_WORKSPACE}/DL/CEMA_CARRIER_FAIRNESS_ABLATIONS_20260803/normalhead_auxoff/runs/nmc/nmc_goal_vcorr_it_train_dst_selector_results/normalauxoff_nmc_gru_normal_g4_holdoutus06_s0123456789_b2048_e200_by_temperature.csv
NMC,G4,US06,1,0.0,0.6661878339334142,0.8479193960052642,${SOURCE_WORKSPACE}/DL/CEMA_CARRIER_FAIRNESS_ABLATIONS_20260803/normalhead_auxoff/runs/nmc/nmc_goal_vcorr_it_train_dst_selector_results/normalauxoff_nmc_gru_normal_g4_holdoutus06_s0123456789_b2048_e200_by_temperature.csv
NMC,G4,US06,1,25.0,0.503555123281887,0.7105521399476259,${SOURCE_WORKSPACE}/DL/CEMA_CARRIER_FAIRNESS_ABLATIONS_20260803/normalhead_auxoff/runs/nmc/nmc_goal_vcorr_it_train_dst_selector_results/normalauxoff_nmc_gru_normal_g4_holdoutus06_s0123456789_b2048_e200_by_temperature.csv
NMC,G4,US06,1,45.0,0.31180307399748,0.4226376359035728,${SOURCE_WORKSPACE}/DL/CEMA_CARRIER_FAIRNESS_ABLATIONS_20260803/normalhead_auxoff/runs/nmc/nmc_goal_vcorr_it_train_dst_selector_results/normalauxoff_nmc_gru_normal_g4_holdoutus06_s0123456789_b2048_e200_by_temperature.csv
NMC,G4,US06,2,0.0,0.8556862467864178,1.049953855049726,${SOURCE_WORKSPACE}/DL/CEMA_CARRIER_FAIRNESS_ABLATIONS_20260803/normalhead_auxoff/runs/nmc/nmc_goal_vcorr_it_train_dst_selector_results/normalauxoff_nmc_gru_normal_g4_holdoutus06_s0123456789_b2048_e200_by_temperature.csv
NMC,G4,US06,2,25.0,0.6685475932610987,0.9111776627232026,${SOURCE_WORKSPACE}/DL/CEMA_CARRIER_FAIRNESS_ABLATIONS_20260803/normalhead_auxoff/runs/nmc/nmc_goal_vcorr_it_train_dst_selector_results/normalauxoff_nmc_gru_normal_g4_holdoutus06_s0123456789_b2048_e200_by_temperature.csv
NMC,G4,US06,2,45.0,0.5898377226418925,0.7757702957642141,${SOURCE_WORKSPACE}/DL/CEMA_CARRIER_FAIRNESS_ABLATIONS_20260803/normalhead_auxoff/runs/nmc/nmc_goal_vcorr_it_train_dst_selector_results/normalauxoff_nmc_gru_normal_g4_holdoutus06_s0123456789_b2048_e200_by_temperature.csv
NMC,G4,US06,3,0.0,0.5942809370710781,0.7386038973739466,${SOURCE_WORKSPACE}/DL/CEMA_CARRIER_FAIRNESS_ABLATIONS_20260803/normalhead_auxoff/runs/nmc/nmc_goal_vcorr_it_train_dst_selector_results/normalauxoff_nmc_gru_normal_g4_holdoutus06_s0123456789_b2048_e200_by_temperature.csv
NMC,G4,US06,3,25.0,0.5345198769704406,0.7403489991950347,${SOURCE_WORKSPACE}/DL/CEMA_CARRIER_FAIRNESS_ABLATIONS_20260803/normalhead_auxoff/runs/nmc/nmc_goal_vcorr_it_train_dst_selector_results/normalauxoff_nmc_gru_normal_g4_holdoutus06_s0123456789_b2048_e200_by_temperature.csv
NMC,G4,US06,3,45.0,0.4644418609928964,0.6137295401338418,${SOURCE_WORKSPACE}/DL/CEMA_CARRIER_FAIRNESS_ABLATIONS_20260803/normalhead_auxoff/runs/nmc/nmc_goal_vcorr_it_train_dst_selector_results/normalauxoff_nmc_gru_normal_g4_holdoutus06_s0123456789_b2048_e200_by_temperature.csv
NMC,G4,US06,4,0.0,0.5951457396173331,0.7319267284520737,${SOURCE_WORKSPACE}/DL/CEMA_CARRIER_FAIRNESS_ABLATIONS_20260803/normalhead_auxoff/runs/nmc/nmc_goal_vcorr_it_train_dst_selector_results/normalauxoff_nmc_gru_normal_g4_holdoutus06_s0123456789_b2048_e200_by_temperature.csv
NMC,G4,US06,4,25.0,0.5341902757877353,0.7703681373561154,${SOURCE_WORKSPACE}/DL/CEMA_CARRIER_FAIRNESS_ABLATIONS_20260803/normalhead_auxoff/runs/nmc/nmc_goal_vcorr_it_train_dst_selector_results/normalauxoff_nmc_gru_normal_g4_holdoutus06_s0123456789_b2048_e200_by_temperature.csv
NMC,G4,US06,4,45.0,0.3053596842712557,0.4101053231194965,${SOURCE_WORKSPACE}/DL/CEMA_CARRIER_FAIRNESS_ABLATIONS_20260803/normalhead_auxoff/runs/nmc/nmc_goal_vcorr_it_train_dst_selector_results/normalauxoff_nmc_gru_normal_g4_holdoutus06_s0123456789_b2048_e200_by_temperature.csv
NMC,G4,US06,5,0.0,0.5425801575910524,0.6693188220397481,${SOURCE_WORKSPACE}/DL/CEMA_CARRIER_FAIRNESS_ABLATIONS_20260803/normalhead_auxoff/runs/nmc/nmc_goal_vcorr_it_train_dst_selector_results/normalauxoff_nmc_gru_normal_g4_holdoutus06_s0123456789_b2048_e200_by_temperature.csv
NMC,G4,US06,5,25.0,0.5653927214293004,0.7515999196151001,${SOURCE_WORKSPACE}/DL/CEMA_CARRIER_FAIRNESS_ABLATIONS_20260803/normalhead_auxoff/runs/nmc/nmc_goal_vcorr_it_train_dst_selector_results/normalauxoff_nmc_gru_normal_g4_holdoutus06_s0123456789_b2048_e200_by_temperature.csv
NMC,G4,US06,5,45.0,0.2911609518511481,0.3610683836726842,${SOURCE_WORKSPACE}/DL/CEMA_CARRIER_FAIRNESS_ABLATIONS_20260803/normalhead_auxoff/runs/nmc/nmc_goal_vcorr_it_train_dst_selector_results/normalauxoff_nmc_gru_normal_g4_holdoutus06_s0123456789_b2048_e200_by_temperature.csv
NMC,G4,US06,6,0.0,0.7566165863412392,1.0270925860762985,${SOURCE_WORKSPACE}/DL/CEMA_CARRIER_FAIRNESS_ABLATIONS_20260803/normalhead_auxoff/runs/nmc/nmc_goal_vcorr_it_train_dst_selector_results/normalauxoff_nmc_gru_normal_g4_holdoutus06_s0123456789_b2048_e200_by_temperature.csv
NMC,G4,US06,6,25.0,0.544987997794777,0.826258228824848,${SOURCE_WORKSPACE}/DL/CEMA_CARRIER_FAIRNESS_ABLATIONS_20260803/normalhead_auxoff/runs/nmc/nmc_goal_vcorr_it_train_dst_selector_results/normalauxoff_nmc_gru_normal_g4_holdoutus06_s0123456789_b2048_e200_by_temperature.csv
NMC,G4,US06,6,45.0,0.5312294419811902,0.8402796559597012,${SOURCE_WORKSPACE}/DL/CEMA_CARRIER_FAIRNESS_ABLATIONS_20260803/normalhead_auxoff/runs/nmc/nmc_goal_vcorr_it_train_dst_selector_results/normalauxoff_nmc_gru_normal_g4_holdoutus06_s0123456789_b2048_e200_by_temperature.csv
NMC,G4,US06,7,0.0,0.4842927621958504,0.6035674527590149,${SOURCE_WORKSPACE}/DL/CEMA_CARRIER_FAIRNESS_ABLATIONS_20260803/normalhead_auxoff/runs/nmc/nmc_goal_vcorr_it_train_dst_selector_results/normalauxoff_nmc_gru_normal_g4_holdoutus06_s0123456789_b2048_e200_by_temperature.csv
NMC,G4,US06,7,25.0,0.4533894007545279,0.6983737465337642,${SOURCE_WORKSPACE}/DL/CEMA_CARRIER_FAIRNESS_ABLATIONS_20260803/normalhead_auxoff/runs/nmc/nmc_goal_vcorr_it_train_dst_selector_results/normalauxoff_nmc_gru_normal_g4_holdoutus06_s0123456789_b2048_e200_by_temperature.csv
NMC,G4,US06,7,45.0,0.2741187475329453,0.3503569406619675,${SOURCE_WORKSPACE}/DL/CEMA_CARRIER_FAIRNESS_ABLATIONS_20260803/normalhead_auxoff/runs/nmc/nmc_goal_vcorr_it_train_dst_selector_results/normalauxoff_nmc_gru_normal_g4_holdoutus06_s0123456789_b2048_e200_by_temperature.csv
NMC,G4,US06,8,0.0,0.6364216395555745,0.8197381559258891,${SOURCE_WORKSPACE}/DL/CEMA_CARRIER_FAIRNESS_ABLATIONS_20260803/normalhead_auxoff/runs/nmc/nmc_goal_vcorr_it_train_dst_selector_results/normalauxoff_nmc_gru_normal_g4_holdoutus06_s0123456789_b2048_e200_by_temperature.csv
NMC,G4,US06,8,25.0,0.4460479609661947,0.6730340968121733,${SOURCE_WORKSPACE}/DL/CEMA_CARRIER_FAIRNESS_ABLATIONS_20260803/normalhead_auxoff/runs/nmc/nmc_goal_vcorr_it_train_dst_selector_results/normalauxoff_nmc_gru_normal_g4_holdoutus06_s0123456789_b2048_e200_by_temperature.csv
NMC,G4,US06,8,45.0,0.3258445442245476,0.4190481183600624,${SOURCE_WORKSPACE}/DL/CEMA_CARRIER_FAIRNESS_ABLATIONS_20260803/normalhead_auxoff/runs/nmc/nmc_goal_vcorr_it_train_dst_selector_results/normalauxoff_nmc_gru_normal_g4_holdoutus06_s0123456789_b2048_e200_by_temperature.csv
NMC,G4,US06,9,0.0,0.6227740980617621,0.7640057032636548,${SOURCE_WORKSPACE}/DL/CEMA_CARRIER_FAIRNESS_ABLATIONS_20260803/normalhead_auxoff/runs/nmc/nmc_goal_vcorr_it_train_dst_selector_results/normalauxoff_nmc_gru_normal_g4_holdoutus06_s0123456789_b2048_e200_by_temperature.csv
NMC,G4,US06,9,25.0,0.5824392887646902,0.8244331018871737,${SOURCE_WORKSPACE}/DL/CEMA_CARRIER_FAIRNESS_ABLATIONS_20260803/normalhead_auxoff/runs/nmc/nmc_goal_vcorr_it_train_dst_selector_results/normalauxoff_nmc_gru_normal_g4_holdoutus06_s0123456789_b2048_e200_by_temperature.csv
NMC,G4,US06,9,45.0,0.3018038427989274,0.3888590008336532,${SOURCE_WORKSPACE}/DL/CEMA_CARRIER_FAIRNESS_ABLATIONS_20260803/normalhead_auxoff/runs/nmc/nmc_goal_vcorr_it_train_dst_selector_results/normalauxoff_nmc_gru_normal_g4_holdoutus06_s0123456789_b2048_e200_by_temperature.csv
NMC,T6,DST,0,0.0,0.3369791594757061,0.4630279838395241,${SOURCE_WORKSPACE}/DL/CEMA_CARRIER_FAIRNESS_ABLATIONS_20260803/normalhead_auxoff/runs/nmc/nmc_goal_vcorr_it_train_dst_selector_results/normalauxoff_nmc_gru_normal_t6_holdoutdst_s0123456789_b2048_e200_by_temperature.csv
NMC,T6,DST,0,25.0,0.2734701379970128,0.3452131284282017,${SOURCE_WORKSPACE}/DL/CEMA_CARRIER_FAIRNESS_ABLATIONS_20260803/normalhead_auxoff/runs/nmc/nmc_goal_vcorr_it_train_dst_selector_results/normalauxoff_nmc_gru_normal_t6_holdoutdst_s0123456789_b2048_e200_by_temperature.csv
NMC,T6,DST,0,45.0,0.2834083990540201,0.3242376499236519,${SOURCE_WORKSPACE}/DL/CEMA_CARRIER_FAIRNESS_ABLATIONS_20260803/normalhead_auxoff/runs/nmc/nmc_goal_vcorr_it_train_dst_selector_results/normalauxoff_nmc_gru_normal_t6_holdoutdst_s0123456789_b2048_e200_by_temperature.csv
NMC,T6,DST,1,0.0,0.3255418142353741,0.4336621798557088,${SOURCE_WORKSPACE}/DL/CEMA_CARRIER_FAIRNESS_ABLATIONS_20260803/normalhead_auxoff/runs/nmc/nmc_goal_vcorr_it_train_dst_selector_results/normalauxoff_nmc_gru_normal_t6_holdoutdst_s0123456789_b2048_e200_by_temperature.csv
NMC,T6,DST,1,25.0,0.3151193221680738,0.3935203076566536,${SOURCE_WORKSPACE}/DL/CEMA_CARRIER_FAIRNESS_ABLATIONS_20260803/normalhead_auxoff/runs/nmc/nmc_goal_vcorr_it_train_dst_selector_results/normalauxoff_nmc_gru_normal_t6_holdoutdst_s0123456789_b2048_e200_by_temperature.csv
NMC,T6,DST,1,45.0,0.1652445241325646,0.2153109829215253,${SOURCE_WORKSPACE}/DL/CEMA_CARRIER_FAIRNESS_ABLATIONS_20260803/normalhead_auxoff/runs/nmc/nmc_goal_vcorr_it_train_dst_selector_results/normalauxoff_nmc_gru_normal_t6_holdoutdst_s0123456789_b2048_e200_by_temperature.csv
NMC,T6,DST,2,0.0,0.3048315559366278,0.3842993334926299,${SOURCE_WORKSPACE}/DL/CEMA_CARRIER_FAIRNESS_ABLATIONS_20260803/normalhead_auxoff/runs/nmc/nmc_goal_vcorr_it_train_dst_selector_results/normalauxoff_nmc_gru_normal_t6_holdoutdst_s0123456789_b2048_e200_by_temperature.csv
NMC,T6,DST,2,25.0,0.3930665532883216,0.4545725589600591,${SOURCE_WORKSPACE}/DL/CEMA_CARRIER_FAIRNESS_ABLATIONS_20260803/normalhead_auxoff/runs/nmc/nmc_goal_vcorr_it_train_dst_selector_results/normalauxoff_nmc_gru_normal_t6_holdoutdst_s0123456789_b2048_e200_by_temperature.csv
NMC,T6,DST,2,45.0,0.180480157677622,0.2306681272360197,${SOURCE_WORKSPACE}/DL/CEMA_CARRIER_FAIRNESS_ABLATIONS_20260803/normalhead_auxoff/runs/nmc/nmc_goal_vcorr_it_train_dst_selector_results/normalauxoff_nmc_gru_normal_t6_holdoutdst_s0123456789_b2048_e200_by_temperature.csv
NMC,T6,DST,3,0.0,0.3116933674117034,0.4067322953371542,${SOURCE_WORKSPACE}/DL/CEMA_CARRIER_FAIRNESS_ABLATIONS_20260803/normalhead_auxoff/runs/nmc/nmc_goal_vcorr_it_train_dst_selector_results/normalauxoff_nmc_gru_normal_t6_holdoutdst_s0123456789_b2048_e200_by_temperature.csv
NMC,T6,DST,3,25.0,0.3079140159247546,0.366579344488683,${SOURCE_WORKSPACE}/DL/CEMA_CARRIER_FAIRNESS_ABLATIONS_20260803/normalhead_auxoff/runs/nmc/nmc_goal_vcorr_it_train_dst_selector_results/normalauxoff_nmc_gru_normal_t6_holdoutdst_s0123456789_b2048_e200_by_temperature.csv
NMC,T6,DST,3,45.0,0.2141962767388756,0.2864381302888172,${SOURCE_WORKSPACE}/DL/CEMA_CARRIER_FAIRNESS_ABLATIONS_20260803/normalhead_auxoff/runs/nmc/nmc_goal_vcorr_it_train_dst_selector_results/normalauxoff_nmc_gru_normal_t6_holdoutdst_s0123456789_b2048_e200_by_temperature.csv
NMC,T6,DST,4,0.0,0.3529474110914248,0.4563586418522712,${SOURCE_WORKSPACE}/DL/CEMA_CARRIER_FAIRNESS_ABLATIONS_20260803/normalhead_auxoff/runs/nmc/nmc_goal_vcorr_it_train_dst_selector_results/normalauxoff_nmc_gru_normal_t6_holdoutdst_s0123456789_b2048_e200_by_temperature.csv
NMC,T6,DST,4,25.0,0.2566375675591112,0.309936614363864,${SOURCE_WORKSPACE}/DL/CEMA_CARRIER_FAIRNESS_ABLATIONS_20260803/normalhead_auxoff/runs/nmc/nmc_goal_vcorr_it_train_dst_selector_results/normalauxoff_nmc_gru_normal_t6_holdoutdst_s0123456789_b2048_e200_by_temperature.csv
NMC,T6,DST,4,45.0,0.2027924428352616,0.2435821719726432,${SOURCE_WORKSPACE}/DL/CEMA_CARRIER_FAIRNESS_ABLATIONS_20260803/normalhead_auxoff/runs/nmc/nmc_goal_vcorr_it_train_dst_selector_results/normalauxoff_nmc_gru_normal_t6_holdoutdst_s0123456789_b2048_e200_by_temperature.csv
NMC,T6,DST,5,0.0,0.340256979757785,0.4518788735475291,${SOURCE_WORKSPACE}/DL/CEMA_CARRIER_FAIRNESS_ABLATIONS_20260803/normalhead_auxoff/runs/nmc/nmc_goal_vcorr_it_train_dst_selector_results/normalauxoff_nmc_gru_normal_t6_holdoutdst_s0123456789_b2048_e200_by_temperature.csv
NMC,T6,DST,5,25.0,0.3067067704144816,0.3600200273603545,${SOURCE_WORKSPACE}/DL/CEMA_CARRIER_FAIRNESS_ABLATIONS_20260803/normalhead_auxoff/runs/nmc/nmc_goal_vcorr_it_train_dst_selector_results/normalauxoff_nmc_gru_normal_t6_holdoutdst_s0123456789_b2048_e200_by_temperature.csv
NMC,T6,DST,5,45.0,0.194057633430891,0.2672273856561986,${SOURCE_WORKSPACE}/DL/CEMA_CARRIER_FAIRNESS_ABLATIONS_20260803/normalhead_auxoff/runs/nmc/nmc_goal_vcorr_it_train_dst_selector_results/normalauxoff_nmc_gru_normal_t6_holdoutdst_s0123456789_b2048_e200_by_temperature.csv
NMC,T6,DST,6,0.0,0.3110529929179384,0.3813158776715682,${SOURCE_WORKSPACE}/DL/CEMA_CARRIER_FAIRNESS_ABLATIONS_20260803/normalhead_auxoff/runs/nmc/nmc_goal_vcorr_it_train_dst_selector_results/normalauxoff_nmc_gru_normal_t6_holdoutdst_s0123456789_b2048_e200_by_temperature.csv
NMC,T6,DST,6,25.0,0.5129390894081212,0.5669617472132688,${SOURCE_WORKSPACE}/DL/CEMA_CARRIER_FAIRNESS_ABLATIONS_20260803/normalhead_auxoff/runs/nmc/nmc_goal_vcorr_it_train_dst_selector_results/normalauxoff_nmc_gru_normal_t6_holdoutdst_s0123456789_b2048_e200_by_temperature.csv
NMC,T6,DST,6,45.0,0.1800466664152005,0.2130254676749401,${SOURCE_WORKSPACE}/DL/CEMA_CARRIER_FAIRNESS_ABLATIONS_20260803/normalhead_auxoff/runs/nmc/nmc_goal_vcorr_it_train_dst_selector_results/normalauxoff_nmc_gru_normal_t6_holdoutdst_s0123456789_b2048_e200_by_temperature.csv
NMC,T6,DST,7,0.0,0.3006338796476745,0.4149280664032097,${SOURCE_WORKSPACE}/DL/CEMA_CARRIER_FAIRNESS_ABLATIONS_20260803/normalhead_auxoff/runs/nmc/nmc_goal_vcorr_it_train_dst_selector_results/normalauxoff_nmc_gru_normal_t6_holdoutdst_s0123456789_b2048_e200_by_temperature.csv
NMC,T6,DST,7,25.0,0.2730648715163197,0.3338804375042563,${SOURCE_WORKSPACE}/DL/CEMA_CARRIER_FAIRNESS_ABLATIONS_20260803/normalhead_auxoff/runs/nmc/nmc_goal_vcorr_it_train_dst_selector_results/normalauxoff_nmc_gru_normal_t6_holdoutdst_s0123456789_b2048_e200_by_temperature.csv
NMC,T6,DST,7,45.0,0.2042945063627862,0.2608172528704118,${SOURCE_WORKSPACE}/DL/CEMA_CARRIER_FAIRNESS_ABLATIONS_20260803/normalhead_auxoff/runs/nmc/nmc_goal_vcorr_it_train_dst_selector_results/normalauxoff_nmc_gru_normal_t6_holdoutdst_s0123456789_b2048_e200_by_temperature.csv
NMC,T6,DST,8,0.0,0.3575506781847524,0.4828929809380893,${SOURCE_WORKSPACE}/DL/CEMA_CARRIER_FAIRNESS_ABLATIONS_20260803/normalhead_auxoff/runs/nmc/nmc_goal_vcorr_it_train_dst_selector_results/normalauxoff_nmc_gru_normal_t6_holdoutdst_s0123456789_b2048_e200_by_temperature.csv
NMC,T6,DST,8,25.0,0.2673758652640526,0.3323156293541358,${SOURCE_WORKSPACE}/DL/CEMA_CARRIER_FAIRNESS_ABLATIONS_20260803/normalhead_auxoff/runs/nmc/nmc_goal_vcorr_it_train_dst_selector_results/normalauxoff_nmc_gru_normal_t6_holdoutdst_s0123456789_b2048_e200_by_temperature.csv
NMC,T6,DST,8,45.0,0.2865752073353209,0.3364160563995799,${SOURCE_WORKSPACE}/DL/CEMA_CARRIER_FAIRNESS_ABLATIONS_20260803/normalhead_auxoff/runs/nmc/nmc_goal_vcorr_it_train_dst_selector_results/normalauxoff_nmc_gru_normal_t6_holdoutdst_s0123456789_b2048_e200_by_temperature.csv
NMC,T6,DST,9,0.0,0.3616567401600226,0.4950995388197996,${SOURCE_WORKSPACE}/DL/CEMA_CARRIER_FAIRNESS_ABLATIONS_20260803/normalhead_auxoff/runs/nmc/nmc_goal_vcorr_it_train_dst_selector_results/normalauxoff_nmc_gru_normal_t6_holdoutdst_s0123456789_b2048_e200_by_temperature.csv
NMC,T6,DST,9,25.0,0.2881877392113231,0.3759392067717507,${SOURCE_WORKSPACE}/DL/CEMA_CARRIER_FAIRNESS_ABLATIONS_20260803/normalhead_auxoff/runs/nmc/nmc_goal_vcorr_it_train_dst_selector_results/normalauxoff_nmc_gru_normal_t6_holdoutdst_s0123456789_b2048_e200_by_temperature.csv
NMC,T6,DST,9,45.0,0.2412999475971427,0.2894082244545808,${SOURCE_WORKSPACE}/DL/CEMA_CARRIER_FAIRNESS_ABLATIONS_20260803/normalhead_auxoff/runs/nmc/nmc_goal_vcorr_it_train_dst_selector_results/normalauxoff_nmc_gru_normal_t6_holdoutdst_s0123456789_b2048_e200_by_temperature.csv
NMC,T6,FUDS,0,0.0,0.491561468009451,0.6575560671010409,${SOURCE_WORKSPACE}/DL/CEMA_CARRIER_FAIRNESS_ABLATIONS_20260803/normalhead_auxoff/runs/nmc/nmc_goal_vcorr_it_train_dst_selector_results/normalauxoff_nmc_gru_normal_t6_holdoutfuds_s0123456789_b2048_e200_by_temperature.csv
NMC,T6,FUDS,0,25.0,0.3484675922677059,0.4534385581945224,${SOURCE_WORKSPACE}/DL/CEMA_CARRIER_FAIRNESS_ABLATIONS_20260803/normalhead_auxoff/runs/nmc/nmc_goal_vcorr_it_train_dst_selector_results/normalauxoff_nmc_gru_normal_t6_holdoutfuds_s0123456789_b2048_e200_by_temperature.csv
NMC,T6,FUDS,0,45.0,0.4309410092084531,0.56558030298103,${SOURCE_WORKSPACE}/DL/CEMA_CARRIER_FAIRNESS_ABLATIONS_20260803/normalhead_auxoff/runs/nmc/nmc_goal_vcorr_it_train_dst_selector_results/normalauxoff_nmc_gru_normal_t6_holdoutfuds_s0123456789_b2048_e200_by_temperature.csv
NMC,T6,FUDS,1,0.0,0.4783731608885517,0.639562860792549,${SOURCE_WORKSPACE}/DL/CEMA_CARRIER_FAIRNESS_ABLATIONS_20260803/normalhead_auxoff/runs/nmc/nmc_goal_vcorr_it_train_dst_selector_results/normalauxoff_nmc_gru_normal_t6_holdoutfuds_s0123456789_b2048_e200_by_temperature.csv
NMC,T6,FUDS,1,25.0,0.3060429357245253,0.4072703090413197,${SOURCE_WORKSPACE}/DL/CEMA_CARRIER_FAIRNESS_ABLATIONS_20260803/normalhead_auxoff/runs/nmc/nmc_goal_vcorr_it_train_dst_selector_results/normalauxoff_nmc_gru_normal_t6_holdoutfuds_s0123456789_b2048_e200_by_temperature.csv
NMC,T6,FUDS,1,45.0,0.3160976092926814,0.4448703688156524,${SOURCE_WORKSPACE}/DL/CEMA_CARRIER_FAIRNESS_ABLATIONS_20260803/normalhead_auxoff/runs/nmc/nmc_goal_vcorr_it_train_dst_selector_results/normalauxoff_nmc_gru_normal_t6_holdoutfuds_s0123456789_b2048_e200_by_temperature.csv
NMC,T6,FUDS,2,0.0,0.4885181602569662,0.652930818570941,${SOURCE_WORKSPACE}/DL/CEMA_CARRIER_FAIRNESS_ABLATIONS_20260803/normalhead_auxoff/runs/nmc/nmc_goal_vcorr_it_train_dst_selector_results/normalauxoff_nmc_gru_normal_t6_holdoutfuds_s0123456789_b2048_e200_by_temperature.csv
NMC,T6,FUDS,2,25.0,0.2583461989637929,0.3324640878864569,${SOURCE_WORKSPACE}/DL/CEMA_CARRIER_FAIRNESS_ABLATIONS_20260803/normalhead_auxoff/runs/nmc/nmc_goal_vcorr_it_train_dst_selector_results/normalauxoff_nmc_gru_normal_t6_holdoutfuds_s0123456789_b2048_e200_by_temperature.csv
NMC,T6,FUDS,2,45.0,0.2522151004962273,0.3568163593018467,${SOURCE_WORKSPACE}/DL/CEMA_CARRIER_FAIRNESS_ABLATIONS_20260803/normalhead_auxoff/runs/nmc/nmc_goal_vcorr_it_train_dst_selector_results/normalauxoff_nmc_gru_normal_t6_holdoutfuds_s0123456789_b2048_e200_by_temperature.csv
NMC,T6,FUDS,3,0.0,0.51501926908732,0.7084723407996382,${SOURCE_WORKSPACE}/DL/CEMA_CARRIER_FAIRNESS_ABLATIONS_20260803/normalhead_auxoff/runs/nmc/nmc_goal_vcorr_it_train_dst_selector_results/normalauxoff_nmc_gru_normal_t6_holdoutfuds_s0123456789_b2048_e200_by_temperature.csv
NMC,T6,FUDS,3,25.0,0.3161056743609045,0.413291685564736,${SOURCE_WORKSPACE}/DL/CEMA_CARRIER_FAIRNESS_ABLATIONS_20260803/normalhead_auxoff/runs/nmc/nmc_goal_vcorr_it_train_dst_selector_results/normalauxoff_nmc_gru_normal_t6_holdoutfuds_s0123456789_b2048_e200_by_temperature.csv
NMC,T6,FUDS,3,45.0,0.3155901177287606,0.446057133188643,${SOURCE_WORKSPACE}/DL/CEMA_CARRIER_FAIRNESS_ABLATIONS_20260803/normalhead_auxoff/runs/nmc/nmc_goal_vcorr_it_train_dst_selector_results/normalauxoff_nmc_gru_normal_t6_holdoutfuds_s0123456789_b2048_e200_by_temperature.csv
NMC,T6,FUDS,4,0.0,0.4481192675898795,0.5940153319785955,${SOURCE_WORKSPACE}/DL/CEMA_CARRIER_FAIRNESS_ABLATIONS_20260803/normalhead_auxoff/runs/nmc/nmc_goal_vcorr_it_train_dst_selector_results/normalauxoff_nmc_gru_normal_t6_holdoutfuds_s0123456789_b2048_e200_by_temperature.csv
NMC,T6,FUDS,4,25.0,0.2941084611915672,0.3672769749000521,${SOURCE_WORKSPACE}/DL/CEMA_CARRIER_FAIRNESS_ABLATIONS_20260803/normalhead_auxoff/runs/nmc/nmc_goal_vcorr_it_train_dst_selector_results/normalauxoff_nmc_gru_normal_t6_holdoutfuds_s0123456789_b2048_e200_by_temperature.csv
NMC,T6,FUDS,4,45.0,0.2589130067985952,0.3748297509845552,${SOURCE_WORKSPACE}/DL/CEMA_CARRIER_FAIRNESS_ABLATIONS_20260803/normalhead_auxoff/runs/nmc/nmc_goal_vcorr_it_train_dst_selector_results/normalauxoff_nmc_gru_normal_t6_holdoutfuds_s0123456789_b2048_e200_by_temperature.csv
NMC,T6,FUDS,5,0.0,0.4859691822496747,0.6510451362097683,${SOURCE_WORKSPACE}/DL/CEMA_CARRIER_FAIRNESS_ABLATIONS_20260803/normalhead_auxoff/runs/nmc/nmc_goal_vcorr_it_train_dst_selector_results/normalauxoff_nmc_gru_normal_t6_holdoutfuds_s0123456789_b2048_e200_by_temperature.csv
NMC,T6,FUDS,5,25.0,0.2942394548532033,0.3892692853024441,${SOURCE_WORKSPACE}/DL/CEMA_CARRIER_FAIRNESS_ABLATIONS_20260803/normalhead_auxoff/runs/nmc/nmc_goal_vcorr_it_train_dst_selector_results/normalauxoff_nmc_gru_normal_t6_holdoutfuds_s0123456789_b2048_e200_by_temperature.csv
NMC,T6,FUDS,5,45.0,0.3273032928075343,0.4780617477584073,${SOURCE_WORKSPACE}/DL/CEMA_CARRIER_FAIRNESS_ABLATIONS_20260803/normalhead_auxoff/runs/nmc/nmc_goal_vcorr_it_train_dst_selector_results/normalauxoff_nmc_gru_normal_t6_holdoutfuds_s0123456789_b2048_e200_by_temperature.csv
NMC,T6,FUDS,6,0.0,0.4688394664607203,0.6241713903429539,${SOURCE_WORKSPACE}/DL/CEMA_CARRIER_FAIRNESS_ABLATIONS_20260803/normalhead_auxoff/runs/nmc/nmc_goal_vcorr_it_train_dst_selector_results/normalauxoff_nmc_gru_normal_t6_holdoutfuds_s0123456789_b2048_e200_by_temperature.csv
NMC,T6,FUDS,6,25.0,0.2729357363013354,0.3454305505139645,${SOURCE_WORKSPACE}/DL/CEMA_CARRIER_FAIRNESS_ABLATIONS_20260803/normalhead_auxoff/runs/nmc/nmc_goal_vcorr_it_train_dst_selector_results/normalauxoff_nmc_gru_normal_t6_holdoutfuds_s0123456789_b2048_e200_by_temperature.csv
NMC,T6,FUDS,6,45.0,0.2983142049281495,0.4158119650838475,${SOURCE_WORKSPACE}/DL/CEMA_CARRIER_FAIRNESS_ABLATIONS_20260803/normalhead_auxoff/runs/nmc/nmc_goal_vcorr_it_train_dst_selector_results/normalauxoff_nmc_gru_normal_t6_holdoutfuds_s0123456789_b2048_e200_by_temperature.csv
NMC,T6,FUDS,7,0.0,0.484909935258244,0.6484381860335476,${SOURCE_WORKSPACE}/DL/CEMA_CARRIER_FAIRNESS_ABLATIONS_20260803/normalhead_auxoff/runs/nmc/nmc_goal_vcorr_it_train_dst_selector_results/normalauxoff_nmc_gru_normal_t6_holdoutfuds_s0123456789_b2048_e200_by_temperature.csv
NMC,T6,FUDS,7,25.0,0.3008439112732962,0.3879363800645887,${SOURCE_WORKSPACE}/DL/CEMA_CARRIER_FAIRNESS_ABLATIONS_20260803/normalhead_auxoff/runs/nmc/nmc_goal_vcorr_it_train_dst_selector_results/normalauxoff_nmc_gru_normal_t6_holdoutfuds_s0123456789_b2048_e200_by_temperature.csv
NMC,T6,FUDS,7,45.0,0.2927139631833006,0.4251183596586073,${SOURCE_WORKSPACE}/DL/CEMA_CARRIER_FAIRNESS_ABLATIONS_20260803/normalhead_auxoff/runs/nmc/nmc_goal_vcorr_it_train_dst_selector_results/normalauxoff_nmc_gru_normal_t6_holdoutfuds_s0123456789_b2048_e200_by_temperature.csv
NMC,T6,FUDS,8,0.0,0.4634236766082896,0.6066143076708219,${SOURCE_WORKSPACE}/DL/CEMA_CARRIER_FAIRNESS_ABLATIONS_20260803/normalhead_auxoff/runs/nmc/nmc_goal_vcorr_it_train_dst_selector_results/normalauxoff_nmc_gru_normal_t6_holdoutfuds_s0123456789_b2048_e200_by_temperature.csv
NMC,T6,FUDS,8,25.0,0.3131455122037371,0.394342948551756,${SOURCE_WORKSPACE}/DL/CEMA_CARRIER_FAIRNESS_ABLATIONS_20260803/normalhead_auxoff/runs/nmc/nmc_goal_vcorr_it_train_dst_selector_results/normalauxoff_nmc_gru_normal_t6_holdoutfuds_s0123456789_b2048_e200_by_temperature.csv
NMC,T6,FUDS,8,45.0,0.33525713183899,0.4772795714098739,${SOURCE_WORKSPACE}/DL/CEMA_CARRIER_FAIRNESS_ABLATIONS_20260803/normalhead_auxoff/runs/nmc/nmc_goal_vcorr_it_train_dst_selector_results/normalauxoff_nmc_gru_normal_t6_holdoutfuds_s0123456789_b2048_e200_by_temperature.csv
NMC,T6,FUDS,9,0.0,0.6739842815166133,0.8320461929691958,${SOURCE_WORKSPACE}/DL/CEMA_CARRIER_FAIRNESS_ABLATIONS_20260803/normalhead_auxoff/runs/nmc/nmc_goal_vcorr_it_train_dst_selector_results/normalauxoff_nmc_gru_normal_t6_holdoutfuds_s0123456789_b2048_e200_by_temperature.csv
NMC,T6,FUDS,9,25.0,0.4723046046824146,0.5604823759046966,${SOURCE_WORKSPACE}/DL/CEMA_CARRIER_FAIRNESS_ABLATIONS_20260803/normalhead_auxoff/runs/nmc/nmc_goal_vcorr_it_train_dst_selector_results/normalauxoff_nmc_gru_normal_t6_holdoutfuds_s0123456789_b2048_e200_by_temperature.csv
NMC,T6,FUDS,9,45.0,0.4419776599848117,0.5360443454443695,${SOURCE_WORKSPACE}/DL/CEMA_CARRIER_FAIRNESS_ABLATIONS_20260803/normalhead_auxoff/runs/nmc/nmc_goal_vcorr_it_train_dst_selector_results/normalauxoff_nmc_gru_normal_t6_holdoutfuds_s0123456789_b2048_e200_by_temperature.csv
NMC,T6,US06,0,0.0,0.5603187071307775,0.7179837696781726,${SOURCE_WORKSPACE}/DL/CEMA_CARRIER_FAIRNESS_ABLATIONS_20260803/normalhead_auxoff/runs/nmc/nmc_goal_vcorr_it_train_dst_selector_results/normalauxoff_nmc_gru_normal_t6_holdoutus06_s0123456789_b2048_e200_by_temperature.csv
NMC,T6,US06,0,25.0,0.2695435157175201,0.4312600911308378,${SOURCE_WORKSPACE}/DL/CEMA_CARRIER_FAIRNESS_ABLATIONS_20260803/normalhead_auxoff/runs/nmc/nmc_goal_vcorr_it_train_dst_selector_results/normalauxoff_nmc_gru_normal_t6_holdoutus06_s0123456789_b2048_e200_by_temperature.csv
NMC,T6,US06,0,45.0,0.1277444287825136,0.1584138666048078,${SOURCE_WORKSPACE}/DL/CEMA_CARRIER_FAIRNESS_ABLATIONS_20260803/normalhead_auxoff/runs/nmc/nmc_goal_vcorr_it_train_dst_selector_results/normalauxoff_nmc_gru_normal_t6_holdoutus06_s0123456789_b2048_e200_by_temperature.csv
NMC,T6,US06,1,0.0,0.50751406959672,0.6130069333726794,${SOURCE_WORKSPACE}/DL/CEMA_CARRIER_FAIRNESS_ABLATIONS_20260803/normalhead_auxoff/runs/nmc/nmc_goal_vcorr_it_train_dst_selector_results/normalauxoff_nmc_gru_normal_t6_holdoutus06_s0123456789_b2048_e200_by_temperature.csv
NMC,T6,US06,1,25.0,0.4907956005387444,0.5777807713901578,${SOURCE_WORKSPACE}/DL/CEMA_CARRIER_FAIRNESS_ABLATIONS_20260803/normalhead_auxoff/runs/nmc/nmc_goal_vcorr_it_train_dst_selector_results/normalauxoff_nmc_gru_normal_t6_holdoutus06_s0123456789_b2048_e200_by_temperature.csv
NMC,T6,US06,1,45.0,0.305811038312133,0.3336277359428334,${SOURCE_WORKSPACE}/DL/CEMA_CARRIER_FAIRNESS_ABLATIONS_20260803/normalhead_auxoff/runs/nmc/nmc_goal_vcorr_it_train_dst_selector_results/normalauxoff_nmc_gru_normal_t6_holdoutus06_s0123456789_b2048_e200_by_temperature.csv
NMC,T6,US06,2,0.0,0.5630922534869431,0.7384710801604927,${SOURCE_WORKSPACE}/DL/CEMA_CARRIER_FAIRNESS_ABLATIONS_20260803/normalhead_auxoff/runs/nmc/nmc_goal_vcorr_it_train_dst_selector_results/normalauxoff_nmc_gru_normal_t6_holdoutus06_s0123456789_b2048_e200_by_temperature.csv
NMC,T6,US06,2,25.0,0.2551604680805997,0.4475057324778477,${SOURCE_WORKSPACE}/DL/CEMA_CARRIER_FAIRNESS_ABLATIONS_20260803/normalhead_auxoff/runs/nmc/nmc_goal_vcorr_it_train_dst_selector_results/normalauxoff_nmc_gru_normal_t6_holdoutus06_s0123456789_b2048_e200_by_temperature.csv
NMC,T6,US06,2,45.0,0.1211706737686424,0.1590828994048384,${SOURCE_WORKSPACE}/DL/CEMA_CARRIER_FAIRNESS_ABLATIONS_20260803/normalhead_auxoff/runs/nmc/nmc_goal_vcorr_it_train_dst_selector_results/normalauxoff_nmc_gru_normal_t6_holdoutus06_s0123456789_b2048_e200_by_temperature.csv
NMC,T6,US06,3,0.0,0.5416321903577757,0.6706030306306595,${SOURCE_WORKSPACE}/DL/CEMA_CARRIER_FAIRNESS_ABLATIONS_20260803/normalhead_auxoff/runs/nmc/nmc_goal_vcorr_it_train_dst_selector_results/normalauxoff_nmc_gru_normal_t6_holdoutus06_s0123456789_b2048_e200_by_temperature.csv
NMC,T6,US06,3,25.0,0.2794185481799444,0.4659879968265223,${SOURCE_WORKSPACE}/DL/CEMA_CARRIER_FAIRNESS_ABLATIONS_20260803/normalhead_auxoff/runs/nmc/nmc_goal_vcorr_it_train_dst_selector_results/normalauxoff_nmc_gru_normal_t6_holdoutus06_s0123456789_b2048_e200_by_temperature.csv
NMC,T6,US06,3,45.0,0.14708731930323,0.1906087828858564,${SOURCE_WORKSPACE}/DL/CEMA_CARRIER_FAIRNESS_ABLATIONS_20260803/normalhead_auxoff/runs/nmc/nmc_goal_vcorr_it_train_dst_selector_results/normalauxoff_nmc_gru_normal_t6_holdoutus06_s0123456789_b2048_e200_by_temperature.csv
NMC,T6,US06,4,0.0,0.5166435676428315,0.6315002512685094,${SOURCE_WORKSPACE}/DL/CEMA_CARRIER_FAIRNESS_ABLATIONS_20260803/normalhead_auxoff/runs/nmc/nmc_goal_vcorr_it_train_dst_selector_results/normalauxoff_nmc_gru_normal_t6_holdoutus06_s0123456789_b2048_e200_by_temperature.csv
NMC,T6,US06,4,25.0,0.2629450589555775,0.3801448017203119,${SOURCE_WORKSPACE}/DL/CEMA_CARRIER_FAIRNESS_ABLATIONS_20260803/normalhead_auxoff/runs/nmc/nmc_goal_vcorr_it_train_dst_selector_results/normalauxoff_nmc_gru_normal_t6_holdoutus06_s0123456789_b2048_e200_by_temperature.csv
NMC,T6,US06,4,45.0,0.1217160430656471,0.1525921101464213,${SOURCE_WORKSPACE}/DL/CEMA_CARRIER_FAIRNESS_ABLATIONS_20260803/normalhead_auxoff/runs/nmc/nmc_goal_vcorr_it_train_dst_selector_results/normalauxoff_nmc_gru_normal_t6_holdoutus06_s0123456789_b2048_e200_by_temperature.csv
NMC,T6,US06,5,0.0,0.6255148981960381,0.8340414467273004,${SOURCE_WORKSPACE}/DL/CEMA_CARRIER_FAIRNESS_ABLATIONS_20260803/normalhead_auxoff/runs/nmc/nmc_goal_vcorr_it_train_dst_selector_results/normalauxoff_nmc_gru_normal_t6_holdoutus06_s0123456789_b2048_e200_by_temperature.csv
NMC,T6,US06,5,25.0,0.3942610840505428,0.5385782371315697,${SOURCE_WORKSPACE}/DL/CEMA_CARRIER_FAIRNESS_ABLATIONS_20260803/normalhead_auxoff/runs/nmc/nmc_goal_vcorr_it_train_dst_selector_results/normalauxoff_nmc_gru_normal_t6_holdoutus06_s0123456789_b2048_e200_by_temperature.csv
NMC,T6,US06,5,45.0,0.3545089008954465,0.4123641956810525,${SOURCE_WORKSPACE}/DL/CEMA_CARRIER_FAIRNESS_ABLATIONS_20260803/normalhead_auxoff/runs/nmc/nmc_goal_vcorr_it_train_dst_selector_results/normalauxoff_nmc_gru_normal_t6_holdoutus06_s0123456789_b2048_e200_by_temperature.csv
NMC,T6,US06,6,0.0,0.529183015001423,0.6897445400558656,${SOURCE_WORKSPACE}/DL/CEMA_CARRIER_FAIRNESS_ABLATIONS_20260803/normalhead_auxoff/runs/nmc/nmc_goal_vcorr_it_train_dst_selector_results/normalauxoff_nmc_gru_normal_t6_holdoutus06_s0123456789_b2048_e200_by_temperature.csv
NMC,T6,US06,6,25.0,0.2596716768216149,0.4034635253636603,${SOURCE_WORKSPACE}/DL/CEMA_CARRIER_FAIRNESS_ABLATIONS_20260803/normalhead_auxoff/runs/nmc/nmc_goal_vcorr_it_train_dst_selector_results/normalauxoff_nmc_gru_normal_t6_holdoutus06_s0123456789_b2048_e200_by_temperature.csv
NMC,T6,US06,6,45.0,0.1283651439066465,0.1701629137402318,${SOURCE_WORKSPACE}/DL/CEMA_CARRIER_FAIRNESS_ABLATIONS_20260803/normalhead_auxoff/runs/nmc/nmc_goal_vcorr_it_train_dst_selector_results/normalauxoff_nmc_gru_normal_t6_holdoutus06_s0123456789_b2048_e200_by_temperature.csv
NMC,T6,US06,7,0.0,0.6254178777828356,0.7368514842490365,${SOURCE_WORKSPACE}/DL/CEMA_CARRIER_FAIRNESS_ABLATIONS_20260803/normalhead_auxoff/runs/nmc/nmc_goal_vcorr_it_train_dst_selector_results/normalauxoff_nmc_gru_normal_t6_holdoutus06_s0123456789_b2048_e200_by_temperature.csv
NMC,T6,US06,7,25.0,0.7969430064607816,0.8621122152437319,${SOURCE_WORKSPACE}/DL/CEMA_CARRIER_FAIRNESS_ABLATIONS_20260803/normalhead_auxoff/runs/nmc/nmc_goal_vcorr_it_train_dst_selector_results/normalauxoff_nmc_gru_normal_t6_holdoutus06_s0123456789_b2048_e200_by_temperature.csv
NMC,T6,US06,7,45.0,0.5834160221849767,0.6178477444600834,${SOURCE_WORKSPACE}/DL/CEMA_CARRIER_FAIRNESS_ABLATIONS_20260803/normalhead_auxoff/runs/nmc/nmc_goal_vcorr_it_train_dst_selector_results/normalauxoff_nmc_gru_normal_t6_holdoutus06_s0123456789_b2048_e200_by_temperature.csv
NMC,T6,US06,8,0.0,0.5500750085221462,0.7440225415947139,${SOURCE_WORKSPACE}/DL/CEMA_CARRIER_FAIRNESS_ABLATIONS_20260803/normalhead_auxoff/runs/nmc/nmc_goal_vcorr_it_train_dst_selector_results/normalauxoff_nmc_gru_normal_t6_holdoutus06_s0123456789_b2048_e200_by_temperature.csv
NMC,T6,US06,8,25.0,0.2860975404548663,0.4103640374610988,${SOURCE_WORKSPACE}/DL/CEMA_CARRIER_FAIRNESS_ABLATIONS_20260803/normalhead_auxoff/runs/nmc/nmc_goal_vcorr_it_train_dst_selector_results/normalauxoff_nmc_gru_normal_t6_holdoutus06_s0123456789_b2048_e200_by_temperature.csv
NMC,T6,US06,8,45.0,0.1466443720752872,0.1939883284193349,${SOURCE_WORKSPACE}/DL/CEMA_CARRIER_FAIRNESS_ABLATIONS_20260803/normalhead_auxoff/runs/nmc/nmc_goal_vcorr_it_train_dst_selector_results/normalauxoff_nmc_gru_normal_t6_holdoutus06_s0123456789_b2048_e200_by_temperature.csv
NMC,T6,US06,9,0.0,0.5120241893484018,0.6466913140983799,${SOURCE_WORKSPACE}/DL/CEMA_CARRIER_FAIRNESS_ABLATIONS_20260803/normalhead_auxoff/runs/nmc/nmc_goal_vcorr_it_train_dst_selector_results/normalauxoff_nmc_gru_normal_t6_holdoutus06_s0123456789_b2048_e200_by_temperature.csv
NMC,T6,US06,9,25.0,0.2681138856134458,0.4528332219025652,${SOURCE_WORKSPACE}/DL/CEMA_CARRIER_FAIRNESS_ABLATIONS_20260803/normalhead_auxoff/runs/nmc/nmc_goal_vcorr_it_train_dst_selector_results/normalauxoff_nmc_gru_normal_t6_holdoutus06_s0123456789_b2048_e200_by_temperature.csv
NMC,T6,US06,9,45.0,0.1196836206733658,0.1551291275065514,${SOURCE_WORKSPACE}/DL/CEMA_CARRIER_FAIRNESS_ABLATIONS_20260803/normalhead_auxoff/runs/nmc/nmc_goal_vcorr_it_train_dst_selector_results/normalauxoff_nmc_gru_normal_t6_holdoutus06_s0123456789_b2048_e200_by_temperature.csv
NMC,T7,DST,0,0.0,0.5889090185654418,0.7475828522772056,${SOURCE_WORKSPACE}/DL/CEMA_CARRIER_FAIRNESS_ABLATIONS_20260803/normalhead_auxoff/runs/nmc/nmc_goal_vcorr_it_train_dst_selector_results/normalauxoff_nmc_gru_normal_t7_holdoutdst_s0123456789_b2048_e200_by_temperature.csv
NMC,T7,DST,0,25.0,0.4396592718247793,0.512972768283056,${SOURCE_WORKSPACE}/DL/CEMA_CARRIER_FAIRNESS_ABLATIONS_20260803/normalhead_auxoff/runs/nmc/nmc_goal_vcorr_it_train_dst_selector_results/normalauxoff_nmc_gru_normal_t7_holdoutdst_s0123456789_b2048_e200_by_temperature.csv
NMC,T7,DST,0,45.0,0.2626005091809104,0.3488228769200446,${SOURCE_WORKSPACE}/DL/CEMA_CARRIER_FAIRNESS_ABLATIONS_20260803/normalhead_auxoff/runs/nmc/nmc_goal_vcorr_it_train_dst_selector_results/normalauxoff_nmc_gru_normal_t7_holdoutdst_s0123456789_b2048_e200_by_temperature.csv
NMC,T7,DST,1,0.0,0.4746380926914219,0.636336807352757,${SOURCE_WORKSPACE}/DL/CEMA_CARRIER_FAIRNESS_ABLATIONS_20260803/normalhead_auxoff/runs/nmc/nmc_goal_vcorr_it_train_dst_selector_results/normalauxoff_nmc_gru_normal_t7_holdoutdst_s0123456789_b2048_e200_by_temperature.csv
NMC,T7,DST,1,25.0,0.4751606732663267,0.5743612869751095,${SOURCE_WORKSPACE}/DL/CEMA_CARRIER_FAIRNESS_ABLATIONS_20260803/normalhead_auxoff/runs/nmc/nmc_goal_vcorr_it_train_dst_selector_results/normalauxoff_nmc_gru_normal_t7_holdoutdst_s0123456789_b2048_e200_by_temperature.csv
NMC,T7,DST,1,45.0,0.2895596375840338,0.3896046586044383,${SOURCE_WORKSPACE}/DL/CEMA_CARRIER_FAIRNESS_ABLATIONS_20260803/normalhead_auxoff/runs/nmc/nmc_goal_vcorr_it_train_dst_selector_results/normalauxoff_nmc_gru_normal_t7_holdoutdst_s0123456789_b2048_e200_by_temperature.csv
NMC,T7,DST,2,0.0,0.5510109641627939,0.7293802602648434,${SOURCE_WORKSPACE}/DL/CEMA_CARRIER_FAIRNESS_ABLATIONS_20260803/normalhead_auxoff/runs/nmc/nmc_goal_vcorr_it_train_dst_selector_results/normalauxoff_nmc_gru_normal_t7_holdoutdst_s0123456789_b2048_e200_by_temperature.csv
NMC,T7,DST,2,25.0,0.4369518249899972,0.5311572172860741,${SOURCE_WORKSPACE}/DL/CEMA_CARRIER_FAIRNESS_ABLATIONS_20260803/normalhead_auxoff/runs/nmc/nmc_goal_vcorr_it_train_dst_selector_results/normalauxoff_nmc_gru_normal_t7_holdoutdst_s0123456789_b2048_e200_by_temperature.csv
NMC,T7,DST,2,45.0,0.2484359565389151,0.3398258944973766,${SOURCE_WORKSPACE}/DL/CEMA_CARRIER_FAIRNESS_ABLATIONS_20260803/normalhead_auxoff/runs/nmc/nmc_goal_vcorr_it_train_dst_selector_results/normalauxoff_nmc_gru_normal_t7_holdoutdst_s0123456789_b2048_e200_by_temperature.csv
NMC,T7,DST,3,0.0,0.6802171965544926,0.8417688237463306,${SOURCE_WORKSPACE}/DL/CEMA_CARRIER_FAIRNESS_ABLATIONS_20260803/normalhead_auxoff/runs/nmc/nmc_goal_vcorr_it_train_dst_selector_results/normalauxoff_nmc_gru_normal_t7_holdoutdst_s0123456789_b2048_e200_by_temperature.csv
NMC,T7,DST,3,25.0,0.416813429404153,0.5109916113736729,${SOURCE_WORKSPACE}/DL/CEMA_CARRIER_FAIRNESS_ABLATIONS_20260803/normalhead_auxoff/runs/nmc/nmc_goal_vcorr_it_train_dst_selector_results/normalauxoff_nmc_gru_normal_t7_holdoutdst_s0123456789_b2048_e200_by_temperature.csv
NMC,T7,DST,3,45.0,0.3809019927182021,0.4919949220294205,${SOURCE_WORKSPACE}/DL/CEMA_CARRIER_FAIRNESS_ABLATIONS_20260803/normalhead_auxoff/runs/nmc/nmc_goal_vcorr_it_train_dst_selector_results/normalauxoff_nmc_gru_normal_t7_holdoutdst_s0123456789_b2048_e200_by_temperature.csv
NMC,T7,DST,4,0.0,0.5622251699382833,0.7766239228924826,${SOURCE_WORKSPACE}/DL/CEMA_CARRIER_FAIRNESS_ABLATIONS_20260803/normalhead_auxoff/runs/nmc/nmc_goal_vcorr_it_train_dst_selector_results/normalauxoff_nmc_gru_normal_t7_holdoutdst_s0123456789_b2048_e200_by_temperature.csv
NMC,T7,DST,4,25.0,0.4862414969669072,0.5788856230365341,${SOURCE_WORKSPACE}/DL/CEMA_CARRIER_FAIRNESS_ABLATIONS_20260803/normalhead_auxoff/runs/nmc/nmc_goal_vcorr_it_train_dst_selector_results/normalauxoff_nmc_gru_normal_t7_holdoutdst_s0123456789_b2048_e200_by_temperature.csv
NMC,T7,DST,4,45.0,0.2490751545252348,0.3389956216582207,${SOURCE_WORKSPACE}/DL/CEMA_CARRIER_FAIRNESS_ABLATIONS_20260803/normalhead_auxoff/runs/nmc/nmc_goal_vcorr_it_train_dst_selector_results/normalauxoff_nmc_gru_normal_t7_holdoutdst_s0123456789_b2048_e200_by_temperature.csv
NMC,T7,DST,5,0.0,0.4944008396355556,0.6727873867030931,${SOURCE_WORKSPACE}/DL/CEMA_CARRIER_FAIRNESS_ABLATIONS_20260803/normalhead_auxoff/runs/nmc/nmc_goal_vcorr_it_train_dst_selector_results/normalauxoff_nmc_gru_normal_t7_holdoutdst_s0123456789_b2048_e200_by_temperature.csv
NMC,T7,DST,5,25.0,0.4873344720514985,0.6360969615747156,${SOURCE_WORKSPACE}/DL/CEMA_CARRIER_FAIRNESS_ABLATIONS_20260803/normalhead_auxoff/runs/nmc/nmc_goal_vcorr_it_train_dst_selector_results/normalauxoff_nmc_gru_normal_t7_holdoutdst_s0123456789_b2048_e200_by_temperature.csv
NMC,T7,DST,5,45.0,0.4018343697119585,0.524480429691116,${SOURCE_WORKSPACE}/DL/CEMA_CARRIER_FAIRNESS_ABLATIONS_20260803/normalhead_auxoff/runs/nmc/nmc_goal_vcorr_it_train_dst_selector_results/normalauxoff_nmc_gru_normal_t7_holdoutdst_s0123456789_b2048_e200_by_temperature.csv
NMC,T7,DST,6,0.0,0.5345943633653263,0.7052502456251187,${SOURCE_WORKSPACE}/DL/CEMA_CARRIER_FAIRNESS_ABLATIONS_20260803/normalhead_auxoff/runs/nmc/nmc_goal_vcorr_it_train_dst_selector_results/normalauxoff_nmc_gru_normal_t7_holdoutdst_s0123456789_b2048_e200_by_temperature.csv
NMC,T7,DST,6,25.0,0.3916810238131329,0.4779245631156255,${SOURCE_WORKSPACE}/DL/CEMA_CARRIER_FAIRNESS_ABLATIONS_20260803/normalhead_auxoff/runs/nmc/nmc_goal_vcorr_it_train_dst_selector_results/normalauxoff_nmc_gru_normal_t7_holdoutdst_s0123456789_b2048_e200_by_temperature.csv
NMC,T7,DST,6,45.0,0.2699466468704271,0.3504155582955841,${SOURCE_WORKSPACE}/DL/CEMA_CARRIER_FAIRNESS_ABLATIONS_20260803/normalhead_auxoff/runs/nmc/nmc_goal_vcorr_it_train_dst_selector_results/normalauxoff_nmc_gru_normal_t7_holdoutdst_s0123456789_b2048_e200_by_temperature.csv
NMC,T7,DST,7,0.0,0.5772056899560758,0.7742891086756487,${SOURCE_WORKSPACE}/DL/CEMA_CARRIER_FAIRNESS_ABLATIONS_20260803/normalhead_auxoff/runs/nmc/nmc_goal_vcorr_it_train_dst_selector_results/normalauxoff_nmc_gru_normal_t7_holdoutdst_s0123456789_b2048_e200_by_temperature.csv
NMC,T7,DST,7,25.0,0.4444527977847078,0.5595038691519816,${SOURCE_WORKSPACE}/DL/CEMA_CARRIER_FAIRNESS_ABLATIONS_20260803/normalhead_auxoff/runs/nmc/nmc_goal_vcorr_it_train_dst_selector_results/normalauxoff_nmc_gru_normal_t7_holdoutdst_s0123456789_b2048_e200_by_temperature.csv
NMC,T7,DST,7,45.0,0.2869580534499044,0.3728458470526121,${SOURCE_WORKSPACE}/DL/CEMA_CARRIER_FAIRNESS_ABLATIONS_20260803/normalhead_auxoff/runs/nmc/nmc_goal_vcorr_it_train_dst_selector_results/normalauxoff_nmc_gru_normal_t7_holdoutdst_s0123456789_b2048_e200_by_temperature.csv
NMC,T7,DST,8,0.0,0.7612360155162341,0.9412625851052716,${SOURCE_WORKSPACE}/DL/CEMA_CARRIER_FAIRNESS_ABLATIONS_20260803/normalhead_auxoff/runs/nmc/nmc_goal_vcorr_it_train_dst_selector_results/normalauxoff_nmc_gru_normal_t7_holdoutdst_s0123456789_b2048_e200_by_temperature.csv
NMC,T7,DST,8,25.0,0.4817531138624696,0.6470139584199899,${SOURCE_WORKSPACE}/DL/CEMA_CARRIER_FAIRNESS_ABLATIONS_20260803/normalhead_auxoff/runs/nmc/nmc_goal_vcorr_it_train_dst_selector_results/normalauxoff_nmc_gru_normal_t7_holdoutdst_s0123456789_b2048_e200_by_temperature.csv
NMC,T7,DST,8,45.0,0.4756922829897866,0.5799585069690248,${SOURCE_WORKSPACE}/DL/CEMA_CARRIER_FAIRNESS_ABLATIONS_20260803/normalhead_auxoff/runs/nmc/nmc_goal_vcorr_it_train_dst_selector_results/normalauxoff_nmc_gru_normal_t7_holdoutdst_s0123456789_b2048_e200_by_temperature.csv
NMC,T7,DST,9,0.0,0.6039408395803032,0.7887529417997015,${SOURCE_WORKSPACE}/DL/CEMA_CARRIER_FAIRNESS_ABLATIONS_20260803/normalhead_auxoff/runs/nmc/nmc_goal_vcorr_it_train_dst_selector_results/normalauxoff_nmc_gru_normal_t7_holdoutdst_s0123456789_b2048_e200_by_temperature.csv
NMC,T7,DST,9,25.0,0.4470452998923028,0.5676312272012645,${SOURCE_WORKSPACE}/DL/CEMA_CARRIER_FAIRNESS_ABLATIONS_20260803/normalhead_auxoff/runs/nmc/nmc_goal_vcorr_it_train_dst_selector_results/normalauxoff_nmc_gru_normal_t7_holdoutdst_s0123456789_b2048_e200_by_temperature.csv
NMC,T7,DST,9,45.0,0.4173348448849529,0.5236158760366256,${SOURCE_WORKSPACE}/DL/CEMA_CARRIER_FAIRNESS_ABLATIONS_20260803/normalhead_auxoff/runs/nmc/nmc_goal_vcorr_it_train_dst_selector_results/normalauxoff_nmc_gru_normal_t7_holdoutdst_s0123456789_b2048_e200_by_temperature.csv
NMC,T7,FUDS,0,0.0,0.9671561588138052,1.3368617454856893,${SOURCE_WORKSPACE}/DL/CEMA_CARRIER_FAIRNESS_ABLATIONS_20260803/normalhead_auxoff/runs/nmc/nmc_goal_vcorr_it_train_dst_selector_results/normalauxoff_nmc_gru_normal_t7_holdoutfuds_s0123456789_b2048_e200_by_temperature.csv
NMC,T7,FUDS,0,25.0,0.7752580000613032,0.9849588682960816,${SOURCE_WORKSPACE}/DL/CEMA_CARRIER_FAIRNESS_ABLATIONS_20260803/normalhead_auxoff/runs/nmc/nmc_goal_vcorr_it_train_dst_selector_results/normalauxoff_nmc_gru_normal_t7_holdoutfuds_s0123456789_b2048_e200_by_temperature.csv
NMC,T7,FUDS,0,45.0,0.8664284591035563,1.208235826780403,${SOURCE_WORKSPACE}/DL/CEMA_CARRIER_FAIRNESS_ABLATIONS_20260803/normalhead_auxoff/runs/nmc/nmc_goal_vcorr_it_train_dst_selector_results/normalauxoff_nmc_gru_normal_t7_holdoutfuds_s0123456789_b2048_e200_by_temperature.csv
NMC,T7,FUDS,1,0.0,0.9600420722953528,1.246686859750465,${SOURCE_WORKSPACE}/DL/CEMA_CARRIER_FAIRNESS_ABLATIONS_20260803/normalhead_auxoff/runs/nmc/nmc_goal_vcorr_it_train_dst_selector_results/normalauxoff_nmc_gru_normal_t7_holdoutfuds_s0123456789_b2048_e200_by_temperature.csv
NMC,T7,FUDS,1,25.0,0.6664329687883853,0.93834907137575,${SOURCE_WORKSPACE}/DL/CEMA_CARRIER_FAIRNESS_ABLATIONS_20260803/normalhead_auxoff/runs/nmc/nmc_goal_vcorr_it_train_dst_selector_results/normalauxoff_nmc_gru_normal_t7_holdoutfuds_s0123456789_b2048_e200_by_temperature.csv
NMC,T7,FUDS,1,45.0,0.8828236462178807,1.3482846905956696,${SOURCE_WORKSPACE}/DL/CEMA_CARRIER_FAIRNESS_ABLATIONS_20260803/normalhead_auxoff/runs/nmc/nmc_goal_vcorr_it_train_dst_selector_results/normalauxoff_nmc_gru_normal_t7_holdoutfuds_s0123456789_b2048_e200_by_temperature.csv
NMC,T7,FUDS,2,0.0,0.7587732155887353,1.031023793648543,${SOURCE_WORKSPACE}/DL/CEMA_CARRIER_FAIRNESS_ABLATIONS_20260803/normalhead_auxoff/runs/nmc/nmc_goal_vcorr_it_train_dst_selector_results/normalauxoff_nmc_gru_normal_t7_holdoutfuds_s0123456789_b2048_e200_by_temperature.csv
NMC,T7,FUDS,2,25.0,0.55040254234933,0.7019118103115676,${SOURCE_WORKSPACE}/DL/CEMA_CARRIER_FAIRNESS_ABLATIONS_20260803/normalhead_auxoff/runs/nmc/nmc_goal_vcorr_it_train_dst_selector_results/normalauxoff_nmc_gru_normal_t7_holdoutfuds_s0123456789_b2048_e200_by_temperature.csv
NMC,T7,FUDS,2,45.0,0.6097046958460054,0.8471041600539693,${SOURCE_WORKSPACE}/DL/CEMA_CARRIER_FAIRNESS_ABLATIONS_20260803/normalhead_auxoff/runs/nmc/nmc_goal_vcorr_it_train_dst_selector_results/normalauxoff_nmc_gru_normal_t7_holdoutfuds_s0123456789_b2048_e200_by_temperature.csv
NMC,T7,FUDS,3,0.0,0.7672694880267704,1.0896272805216436,${SOURCE_WORKSPACE}/DL/CEMA_CARRIER_FAIRNESS_ABLATIONS_20260803/normalhead_auxoff/runs/nmc/nmc_goal_vcorr_it_train_dst_selector_results/normalauxoff_nmc_gru_normal_t7_holdoutfuds_s0123456789_b2048_e200_by_temperature.csv
NMC,T7,FUDS,3,25.0,0.6151160327656097,0.7871744222168237,${SOURCE_WORKSPACE}/DL/CEMA_CARRIER_FAIRNESS_ABLATIONS_20260803/normalhead_auxoff/runs/nmc/nmc_goal_vcorr_it_train_dst_selector_results/normalauxoff_nmc_gru_normal_t7_holdoutfuds_s0123456789_b2048_e200_by_temperature.csv
NMC,T7,FUDS,3,45.0,0.4872456109306504,0.6243827263008644,${SOURCE_WORKSPACE}/DL/CEMA_CARRIER_FAIRNESS_ABLATIONS_20260803/normalhead_auxoff/runs/nmc/nmc_goal_vcorr_it_train_dst_selector_results/normalauxoff_nmc_gru_normal_t7_holdoutfuds_s0123456789_b2048_e200_by_temperature.csv
NMC,T7,FUDS,4,0.0,1.0295427618226196,1.3731857655854822,${SOURCE_WORKSPACE}/DL/CEMA_CARRIER_FAIRNESS_ABLATIONS_20260803/normalhead_auxoff/runs/nmc/nmc_goal_vcorr_it_train_dst_selector_results/normalauxoff_nmc_gru_normal_t7_holdoutfuds_s0123456789_b2048_e200_by_temperature.csv
NMC,T7,FUDS,4,25.0,0.782163693919342,1.048468905911473,${SOURCE_WORKSPACE}/DL/CEMA_CARRIER_FAIRNESS_ABLATIONS_20260803/normalhead_auxoff/runs/nmc/nmc_goal_vcorr_it_train_dst_selector_results/normalauxoff_nmc_gru_normal_t7_holdoutfuds_s0123456789_b2048_e200_by_temperature.csv
NMC,T7,FUDS,4,45.0,0.8432179892774669,1.1986714494940005,${SOURCE_WORKSPACE}/DL/CEMA_CARRIER_FAIRNESS_ABLATIONS_20260803/normalhead_auxoff/runs/nmc/nmc_goal_vcorr_it_train_dst_selector_results/normalauxoff_nmc_gru_normal_t7_holdoutfuds_s0123456789_b2048_e200_by_temperature.csv
NMC,T7,FUDS,5,0.0,0.8425134831418851,1.1411520959680084,${SOURCE_WORKSPACE}/DL/CEMA_CARRIER_FAIRNESS_ABLATIONS_20260803/normalhead_auxoff/runs/nmc/nmc_goal_vcorr_it_train_dst_selector_results/normalauxoff_nmc_gru_normal_t7_holdoutfuds_s0123456789_b2048_e200_by_temperature.csv
NMC,T7,FUDS,5,25.0,0.7061365947638756,0.9560314066875716,${SOURCE_WORKSPACE}/DL/CEMA_CARRIER_FAIRNESS_ABLATIONS_20260803/normalhead_auxoff/runs/nmc/nmc_goal_vcorr_it_train_dst_selector_results/normalauxoff_nmc_gru_normal_t7_holdoutfuds_s0123456789_b2048_e200_by_temperature.csv
NMC,T7,FUDS,5,45.0,0.6570468122316393,0.8830417805750701,${SOURCE_WORKSPACE}/DL/CEMA_CARRIER_FAIRNESS_ABLATIONS_20260803/normalhead_auxoff/runs/nmc/nmc_goal_vcorr_it_train_dst_selector_results/normalauxoff_nmc_gru_normal_t7_holdoutfuds_s0123456789_b2048_e200_by_temperature.csv
NMC,T7,FUDS,6,0.0,0.9261205147502092,1.21462471939351,${SOURCE_WORKSPACE}/DL/CEMA_CARRIER_FAIRNESS_ABLATIONS_20260803/normalhead_auxoff/runs/nmc/nmc_goal_vcorr_it_train_dst_selector_results/normalauxoff_nmc_gru_normal_t7_holdoutfuds_s0123456789_b2048_e200_by_temperature.csv
NMC,T7,FUDS,6,25.0,0.5299144887755792,0.7369774239490988,${SOURCE_WORKSPACE}/DL/CEMA_CARRIER_FAIRNESS_ABLATIONS_20260803/normalhead_auxoff/runs/nmc/nmc_goal_vcorr_it_train_dst_selector_results/normalauxoff_nmc_gru_normal_t7_holdoutfuds_s0123456789_b2048_e200_by_temperature.csv
NMC,T7,FUDS,6,45.0,0.5373196578390335,0.7312819673007286,${SOURCE_WORKSPACE}/DL/CEMA_CARRIER_FAIRNESS_ABLATIONS_20260803/normalhead_auxoff/runs/nmc/nmc_goal_vcorr_it_train_dst_selector_results/normalauxoff_nmc_gru_normal_t7_holdoutfuds_s0123456789_b2048_e200_by_temperature.csv
NMC,T7,FUDS,7,0.0,0.9687761115988336,1.3577042377201043,${SOURCE_WORKSPACE}/DL/CEMA_CARRIER_FAIRNESS_ABLATIONS_20260803/normalhead_auxoff/runs/nmc/nmc_goal_vcorr_it_train_dst_selector_results/normalauxoff_nmc_gru_normal_t7_holdoutfuds_s0123456789_b2048_e200_by_temperature.csv
NMC,T7,FUDS,7,25.0,0.730298723872671,1.0209643159588202,${SOURCE_WORKSPACE}/DL/CEMA_CARRIER_FAIRNESS_ABLATIONS_20260803/normalhead_auxoff/runs/nmc/nmc_goal_vcorr_it_train_dst_selector_results/normalauxoff_nmc_gru_normal_t7_holdoutfuds_s0123456789_b2048_e200_by_temperature.csv
NMC,T7,FUDS,7,45.0,0.6502241897615959,0.9393950574169214,${SOURCE_WORKSPACE}/DL/CEMA_CARRIER_FAIRNESS_ABLATIONS_20260803/normalhead_auxoff/runs/nmc/nmc_goal_vcorr_it_train_dst_selector_results/normalauxoff_nmc_gru_normal_t7_holdoutfuds_s0123456789_b2048_e200_by_temperature.csv
NMC,T7,FUDS,8,0.0,0.7566074180563529,0.9670415459008822,${SOURCE_WORKSPACE}/DL/CEMA_CARRIER_FAIRNESS_ABLATIONS_20260803/normalhead_auxoff/runs/nmc/nmc_goal_vcorr_it_train_dst_selector_results/normalauxoff_nmc_gru_normal_t7_holdoutfuds_s0123456789_b2048_e200_by_temperature.csv
NMC,T7,FUDS,8,25.0,0.5654759891955283,0.7506608526411208,${SOURCE_WORKSPACE}/DL/CEMA_CARRIER_FAIRNESS_ABLATIONS_20260803/normalhead_auxoff/runs/nmc/nmc_goal_vcorr_it_train_dst_selector_results/normalauxoff_nmc_gru_normal_t7_holdoutfuds_s0123456789_b2048_e200_by_temperature.csv
NMC,T7,FUDS,8,45.0,0.524088866230613,0.6675971300510609,${SOURCE_WORKSPACE}/DL/CEMA_CARRIER_FAIRNESS_ABLATIONS_20260803/normalhead_auxoff/runs/nmc/nmc_goal_vcorr_it_train_dst_selector_results/normalauxoff_nmc_gru_normal_t7_holdoutfuds_s0123456789_b2048_e200_by_temperature.csv
NMC,T7,FUDS,9,0.0,0.7922904835549119,1.1028288292475292,${SOURCE_WORKSPACE}/DL/CEMA_CARRIER_FAIRNESS_ABLATIONS_20260803/normalhead_auxoff/runs/nmc/nmc_goal_vcorr_it_train_dst_selector_results/normalauxoff_nmc_gru_normal_t7_holdoutfuds_s0123456789_b2048_e200_by_temperature.csv
NMC,T7,FUDS,9,25.0,0.5914140792576545,0.7932600712875795,${SOURCE_WORKSPACE}/DL/CEMA_CARRIER_FAIRNESS_ABLATIONS_20260803/normalhead_auxoff/runs/nmc/nmc_goal_vcorr_it_train_dst_selector_results/normalauxoff_nmc_gru_normal_t7_holdoutfuds_s0123456789_b2048_e200_by_temperature.csv
NMC,T7,FUDS,9,45.0,0.5385742951955182,0.7526970983799067,${SOURCE_WORKSPACE}/DL/CEMA_CARRIER_FAIRNESS_ABLATIONS_20260803/normalhead_auxoff/runs/nmc/nmc_goal_vcorr_it_train_dst_selector_results/normalauxoff_nmc_gru_normal_t7_holdoutfuds_s0123456789_b2048_e200_by_temperature.csv
NMC,T7,US06,0,0.0,0.841567651042374,1.0908682390339404,${SOURCE_WORKSPACE}/DL/CEMA_CARRIER_FAIRNESS_ABLATIONS_20260803/normalhead_auxoff/runs/nmc/nmc_goal_vcorr_it_train_dst_selector_results/normalauxoff_nmc_gru_normal_t7_holdoutus06_s0123456789_b2048_e200_by_temperature.csv
NMC,T7,US06,0,25.0,0.6969421897330565,0.8853263445035324,${SOURCE_WORKSPACE}/DL/CEMA_CARRIER_FAIRNESS_ABLATIONS_20260803/normalhead_auxoff/runs/nmc/nmc_goal_vcorr_it_train_dst_selector_results/normalauxoff_nmc_gru_normal_t7_holdoutus06_s0123456789_b2048_e200_by_temperature.csv
NMC,T7,US06,0,45.0,0.2744548503407477,0.3396534296411683,${SOURCE_WORKSPACE}/DL/CEMA_CARRIER_FAIRNESS_ABLATIONS_20260803/normalhead_auxoff/runs/nmc/nmc_goal_vcorr_it_train_dst_selector_results/normalauxoff_nmc_gru_normal_t7_holdoutus06_s0123456789_b2048_e200_by_temperature.csv
NMC,T7,US06,1,0.0,0.8160678475706596,1.164754483757985,${SOURCE_WORKSPACE}/DL/CEMA_CARRIER_FAIRNESS_ABLATIONS_20260803/normalhead_auxoff/runs/nmc/nmc_goal_vcorr_it_train_dst_selector_results/normalauxoff_nmc_gru_normal_t7_holdoutus06_s0123456789_b2048_e200_by_temperature.csv
NMC,T7,US06,1,25.0,0.4354622500622982,0.7188082498413486,${SOURCE_WORKSPACE}/DL/CEMA_CARRIER_FAIRNESS_ABLATIONS_20260803/normalhead_auxoff/runs/nmc/nmc_goal_vcorr_it_train_dst_selector_results/normalauxoff_nmc_gru_normal_t7_holdoutus06_s0123456789_b2048_e200_by_temperature.csv
NMC,T7,US06,1,45.0,0.2760938614483082,0.3566869023742217,${SOURCE_WORKSPACE}/DL/CEMA_CARRIER_FAIRNESS_ABLATIONS_20260803/normalhead_auxoff/runs/nmc/nmc_goal_vcorr_it_train_dst_selector_results/normalauxoff_nmc_gru_normal_t7_holdoutus06_s0123456789_b2048_e200_by_temperature.csv
NMC,T7,US06,2,0.0,0.7915032120988439,1.083854545841344,${SOURCE_WORKSPACE}/DL/CEMA_CARRIER_FAIRNESS_ABLATIONS_20260803/normalhead_auxoff/runs/nmc/nmc_goal_vcorr_it_train_dst_selector_results/normalauxoff_nmc_gru_normal_t7_holdoutus06_s0123456789_b2048_e200_by_temperature.csv
NMC,T7,US06,2,25.0,0.4997016389846981,0.7377421662926918,${SOURCE_WORKSPACE}/DL/CEMA_CARRIER_FAIRNESS_ABLATIONS_20260803/normalhead_auxoff/runs/nmc/nmc_goal_vcorr_it_train_dst_selector_results/normalauxoff_nmc_gru_normal_t7_holdoutus06_s0123456789_b2048_e200_by_temperature.csv
NMC,T7,US06,2,45.0,0.3515532267605262,0.4363332346338037,${SOURCE_WORKSPACE}/DL/CEMA_CARRIER_FAIRNESS_ABLATIONS_20260803/normalhead_auxoff/runs/nmc/nmc_goal_vcorr_it_train_dst_selector_results/normalauxoff_nmc_gru_normal_t7_holdoutus06_s0123456789_b2048_e200_by_temperature.csv
NMC,T7,US06,3,0.0,0.7787680557673169,1.0254702230706654,${SOURCE_WORKSPACE}/DL/CEMA_CARRIER_FAIRNESS_ABLATIONS_20260803/normalhead_auxoff/runs/nmc/nmc_goal_vcorr_it_train_dst_selector_results/normalauxoff_nmc_gru_normal_t7_holdoutus06_s0123456789_b2048_e200_by_temperature.csv
NMC,T7,US06,3,25.0,0.5350736602432987,0.7416240343652966,${SOURCE_WORKSPACE}/DL/CEMA_CARRIER_FAIRNESS_ABLATIONS_20260803/normalhead_auxoff/runs/nmc/nmc_goal_vcorr_it_train_dst_selector_results/normalauxoff_nmc_gru_normal_t7_holdoutus06_s0123456789_b2048_e200_by_temperature.csv
NMC,T7,US06,3,45.0,0.3575370726521575,0.4647519784965329,${SOURCE_WORKSPACE}/DL/CEMA_CARRIER_FAIRNESS_ABLATIONS_20260803/normalhead_auxoff/runs/nmc/nmc_goal_vcorr_it_train_dst_selector_results/normalauxoff_nmc_gru_normal_t7_holdoutus06_s0123456789_b2048_e200_by_temperature.csv
NMC,T7,US06,4,0.0,0.8004936777141357,1.1118598300841869,${SOURCE_WORKSPACE}/DL/CEMA_CARRIER_FAIRNESS_ABLATIONS_20260803/normalhead_auxoff/runs/nmc/nmc_goal_vcorr_it_train_dst_selector_results/normalauxoff_nmc_gru_normal_t7_holdoutus06_s0123456789_b2048_e200_by_temperature.csv
NMC,T7,US06,4,25.0,0.4488639779512952,0.6444559538731609,${SOURCE_WORKSPACE}/DL/CEMA_CARRIER_FAIRNESS_ABLATIONS_20260803/normalhead_auxoff/runs/nmc/nmc_goal_vcorr_it_train_dst_selector_results/normalauxoff_nmc_gru_normal_t7_holdoutus06_s0123456789_b2048_e200_by_temperature.csv
NMC,T7,US06,4,45.0,0.2675207939134746,0.339213983639192,${SOURCE_WORKSPACE}/DL/CEMA_CARRIER_FAIRNESS_ABLATIONS_20260803/normalhead_auxoff/runs/nmc/nmc_goal_vcorr_it_train_dst_selector_results/normalauxoff_nmc_gru_normal_t7_holdoutus06_s0123456789_b2048_e200_by_temperature.csv
NMC,T7,US06,5,0.0,0.801968622546326,1.118114751345607,${SOURCE_WORKSPACE}/DL/CEMA_CARRIER_FAIRNESS_ABLATIONS_20260803/normalhead_auxoff/runs/nmc/nmc_goal_vcorr_it_train_dst_selector_results/normalauxoff_nmc_gru_normal_t7_holdoutus06_s0123456789_b2048_e200_by_temperature.csv
NMC,T7,US06,5,25.0,0.5705674967776124,0.7491155476542793,${SOURCE_WORKSPACE}/DL/CEMA_CARRIER_FAIRNESS_ABLATIONS_20260803/normalhead_auxoff/runs/nmc/nmc_goal_vcorr_it_train_dst_selector_results/normalauxoff_nmc_gru_normal_t7_holdoutus06_s0123456789_b2048_e200_by_temperature.csv
NMC,T7,US06,5,45.0,0.4563059851382809,0.5482893989402111,${SOURCE_WORKSPACE}/DL/CEMA_CARRIER_FAIRNESS_ABLATIONS_20260803/normalhead_auxoff/runs/nmc/nmc_goal_vcorr_it_train_dst_selector_results/normalauxoff_nmc_gru_normal_t7_holdoutus06_s0123456789_b2048_e200_by_temperature.csv
NMC,T7,US06,6,0.0,0.6918517931336932,0.9727943026100124,${SOURCE_WORKSPACE}/DL/CEMA_CARRIER_FAIRNESS_ABLATIONS_20260803/normalhead_auxoff/runs/nmc/nmc_goal_vcorr_it_train_dst_selector_results/normalauxoff_nmc_gru_normal_t7_holdoutus06_s0123456789_b2048_e200_by_temperature.csv
NMC,T7,US06,6,25.0,0.4364193893086707,0.6172622019684846,${SOURCE_WORKSPACE}/DL/CEMA_CARRIER_FAIRNESS_ABLATIONS_20260803/normalhead_auxoff/runs/nmc/nmc_goal_vcorr_it_train_dst_selector_results/normalauxoff_nmc_gru_normal_t7_holdoutus06_s0123456789_b2048_e200_by_temperature.csv
NMC,T7,US06,6,45.0,0.2455386872879084,0.3062707621685721,${SOURCE_WORKSPACE}/DL/CEMA_CARRIER_FAIRNESS_ABLATIONS_20260803/normalhead_auxoff/runs/nmc/nmc_goal_vcorr_it_train_dst_selector_results/normalauxoff_nmc_gru_normal_t7_holdoutus06_s0123456789_b2048_e200_by_temperature.csv
NMC,T7,US06,7,0.0,0.914404175636132,1.2259148050362676,${SOURCE_WORKSPACE}/DL/CEMA_CARRIER_FAIRNESS_ABLATIONS_20260803/normalhead_auxoff/runs/nmc/nmc_goal_vcorr_it_train_dst_selector_results/normalauxoff_nmc_gru_normal_t7_holdoutus06_s0123456789_b2048_e200_by_temperature.csv
NMC,T7,US06,7,25.0,0.5922084356585536,0.8064083492489852,${SOURCE_WORKSPACE}/DL/CEMA_CARRIER_FAIRNESS_ABLATIONS_20260803/normalhead_auxoff/runs/nmc/nmc_goal_vcorr_it_train_dst_selector_results/normalauxoff_nmc_gru_normal_t7_holdoutus06_s0123456789_b2048_e200_by_temperature.csv
NMC,T7,US06,7,45.0,0.2840915967310196,0.3660726496650905,${SOURCE_WORKSPACE}/DL/CEMA_CARRIER_FAIRNESS_ABLATIONS_20260803/normalhead_auxoff/runs/nmc/nmc_goal_vcorr_it_train_dst_selector_results/normalauxoff_nmc_gru_normal_t7_holdoutus06_s0123456789_b2048_e200_by_temperature.csv
NMC,T7,US06,8,0.0,0.7235084878643888,0.9592891470176412,${SOURCE_WORKSPACE}/DL/CEMA_CARRIER_FAIRNESS_ABLATIONS_20260803/normalhead_auxoff/runs/nmc/nmc_goal_vcorr_it_train_dst_selector_results/normalauxoff_nmc_gru_normal_t7_holdoutus06_s0123456789_b2048_e200_by_temperature.csv
NMC,T7,US06,8,25.0,0.6323985911729856,0.8381895680081672,${SOURCE_WORKSPACE}/DL/CEMA_CARRIER_FAIRNESS_ABLATIONS_20260803/normalhead_auxoff/runs/nmc/nmc_goal_vcorr_it_train_dst_selector_results/normalauxoff_nmc_gru_normal_t7_holdoutus06_s0123456789_b2048_e200_by_temperature.csv
NMC,T7,US06,8,45.0,0.462708072723966,0.6841629006110008,${SOURCE_WORKSPACE}/DL/CEMA_CARRIER_FAIRNESS_ABLATIONS_20260803/normalhead_auxoff/runs/nmc/nmc_goal_vcorr_it_train_dst_selector_results/normalauxoff_nmc_gru_normal_t7_holdoutus06_s0123456789_b2048_e200_by_temperature.csv
NMC,T7,US06,9,0.0,0.7644217681318607,1.0537491204151377,${SOURCE_WORKSPACE}/DL/CEMA_CARRIER_FAIRNESS_ABLATIONS_20260803/normalhead_auxoff/runs/nmc/nmc_goal_vcorr_it_train_dst_selector_results/normalauxoff_nmc_gru_normal_t7_holdoutus06_s0123456789_b2048_e200_by_temperature.csv
NMC,T7,US06,9,25.0,0.4138316880298708,0.6040031781814886,${SOURCE_WORKSPACE}/DL/CEMA_CARRIER_FAIRNESS_ABLATIONS_20260803/normalhead_auxoff/runs/nmc/nmc_goal_vcorr_it_train_dst_selector_results/normalauxoff_nmc_gru_normal_t7_holdoutus06_s0123456789_b2048_e200_by_temperature.csv
NMC,T7,US06,9,45.0,0.2557737529140273,0.3922277493181011,${SOURCE_WORKSPACE}/DL/CEMA_CARRIER_FAIRNESS_ABLATIONS_20260803/normalhead_auxoff/runs/nmc/nmc_goal_vcorr_it_train_dst_selector_results/normalauxoff_nmc_gru_normal_t7_holdoutus06_s0123456789_b2048_e200_by_temperature.csv
