feature,fold,seed,perturbation_type,level,temp,soc_band,mae,rmse,bias
T6_plain,DST,0,baseline,unperturbed,-10.0,35-65,1.0374118304405875,1.2989302228611472,0.21811410547396523
T6_plain,DST,0,baseline,unperturbed,-10.0,<=35,1.1255567305555556,1.490500510902571,1.0789709638888891
T6_plain,DST,0,baseline,unperturbed,-10.0,>65,0.6867619996194825,0.8413430187758764,-0.625938847412481
T6_plain,DST,0,baseline,unperturbed,0.0,35-65,0.5986201968014214,0.7334188495258611,0.06295933496223896
T6_plain,DST,0,baseline,unperturbed,0.0,<=35,0.48221693071786315,0.650039202055572,0.20678764691151919
T6_plain,DST,0,baseline,unperturbed,0.0,>65,0.6153852756385817,0.7436038415235896,-0.5503407990850172
T6_plain,DST,0,baseline,unperturbed,10.0,35-65,0.3767406326438849,0.462262053063335,-0.022751987859712223
T6_plain,DST,0,baseline,unperturbed,10.0,<=35,0.3724568507844016,0.4946142311780698,0.2929475080681309
T6_plain,DST,0,baseline,unperturbed,10.0,>65,0.5153012849378883,0.6330168563788802,-0.4619812461180124
T6_plain,DST,0,baseline,unperturbed,20.0,35-65,0.22433184137622866,0.2996008893066842,-0.0051497913315460995
T6_plain,DST,0,baseline,unperturbed,20.0,<=35,0.36606624297138046,0.45252998669955513,0.12639170795454543
T6_plain,DST,0,baseline,unperturbed,20.0,>65,0.5149582738636364,0.664912726423435,-0.4634557215909091
T6_plain,DST,0,baseline,unperturbed,25.0,35-65,0.19841677802590443,0.26909294581560395,0.06727083072800355
T6_plain,DST,0,baseline,unperturbed,25.0,<=35,0.3188080657248158,0.38303778024210383,0.2620853967649468
T6_plain,DST,0,baseline,unperturbed,25.0,>65,0.4193941046247156,0.5696892430584709,-0.2587514131918118
T6_plain,DST,0,baseline,unperturbed,30.0,35-65,0.23820809206349206,0.32971171856777903,0.1444138671201814
T6_plain,DST,0,baseline,unperturbed,30.0,<=35,0.3883791685429142,0.4530980892888869,0.2763376422355289
T6_plain,DST,0,baseline,unperturbed,30.0,>65,0.46482586572174567,0.6134959670998973,-0.28663013875419613
T6_plain,DST,0,baseline,unperturbed,40.0,35-65,0.43013017290145994,0.5410525016570092,0.40670614461678833
T6_plain,DST,0,baseline,unperturbed,40.0,<=35,0.45846136308858737,0.5459365257856093,0.41374959836392666
T6_plain,DST,0,baseline,unperturbed,40.0,>65,0.49942869544275653,0.6440767379396294,-0.23811884809188588
T6_plain,DST,0,baseline,unperturbed,50.0,35-65,0.46927512368781393,0.607753089826413,0.42276766316750347
T6_plain,DST,0,baseline,unperturbed,50.0,<=35,0.483645268821896,0.5729198690982922,0.4352289333201111
T6_plain,DST,0,baseline,unperturbed,50.0,>65,0.5066096207917129,0.6563993604934439,-0.25296717240103583
T6_plain,DST,0,cold_start_time_since_reset,1800-3600_s,-10.0,35-65,1.9308635752181529,2.549985138239584,-1.0458308495055655
T6_plain,DST,0,cold_start_time_since_reset,1800-3600_s,-10.0,<=35,1.20688343809703,1.5636954921705546,1.1587667252793332
T6_plain,DST,0,cold_start_time_since_reset,1800-3600_s,0.0,35-65,2.360286701000647,2.759609795420634,-2.309519139389104
T6_plain,DST,0,cold_start_time_since_reset,1800-3600_s,0.0,<=35,0.5636890490761793,0.6899283602736763,-0.15432284446473424
T6_plain,DST,0,cold_start_time_since_reset,1800-3600_s,10.0,35-65,2.1560218007914673,2.554159280781061,-2.136824736280359
T6_plain,DST,0,cold_start_time_since_reset,1800-3600_s,10.0,<=35,0.5471674109674941,0.8023711705648935,-0.3068398253472427
T6_plain,DST,0,cold_start_time_since_reset,1800-3600_s,20.0,35-65,2.516484788430639,2.735568405423884,-2.51494106693736
T6_plain,DST,0,cold_start_time_since_reset,1800-3600_s,20.0,<=35,0.3674750215245706,0.4650930355656175,-0.20846451789144715
T6_plain,DST,0,cold_start_time_since_reset,1800-3600_s,20.0,>65,3.782044820065832,3.7861603433951028,-3.782044820065832
T6_plain,DST,0,cold_start_time_since_reset,1800-3600_s,25.0,35-65,3.230329929269177,3.9823833210557953,-3.230329929269177
T6_plain,DST,0,cold_start_time_since_reset,1800-3600_s,25.0,<=35,0.2710763293482522,0.3357127627244762,0.17688137274277724
T6_plain,DST,0,cold_start_time_since_reset,1800-3600_s,30.0,35-65,1.9653468095065925,2.1914334405728515,-1.9632242751297861
T6_plain,DST,0,cold_start_time_since_reset,1800-3600_s,30.0,<=35,0.3098494885626183,0.3666375197097183,0.1918151650539737
T6_plain,DST,0,cold_start_time_since_reset,1800-3600_s,40.0,35-65,1.1369993717894278,1.4667251512508603,-1.1272250605386502
T6_plain,DST,0,cold_start_time_since_reset,1800-3600_s,40.0,<=35,0.42957287792358756,0.489799479550738,0.3966743894974523
T6_plain,DST,0,cold_start_time_since_reset,1800-3600_s,50.0,35-65,2.067712450351264,2.344478629887251,-2.0676465880065953
T6_plain,DST,0,cold_start_time_since_reset,1800-3600_s,50.0,<=35,0.42110236793213507,0.5013443891053762,0.3659422672222835
T6_plain,DST,0,cold_start_time_since_reset,1800-3600_s,50.0,>65,3.497918969176701,3.5017569914264026,-3.497918969176701
T6_plain,DST,0,cold_start_time_since_reset,300-900_s,-10.0,35-65,2.395624691324151,2.7749702208514915,1.4909055001806302
T6_plain,DST,0,cold_start_time_since_reset,300-900_s,-10.0,<=35,1.0919698810187095,1.1848940091586915,-0.9101549354962085
T6_plain,DST,0,cold_start_time_since_reset,300-900_s,-10.0,>65,12.100324507982643,12.782789298353794,-12.100324507982643
T6_plain,DST,0,cold_start_time_since_reset,300-900_s,0.0,35-65,13.624141366696437,16.43961411368831,-13.624141366696437
T6_plain,DST,0,cold_start_time_since_reset,300-900_s,0.0,<=35,5.623028387677063,7.385370306552942,-5.599394245406128
T6_plain,DST,0,cold_start_time_since_reset,300-900_s,0.0,>65,10.98917286089298,11.056871279886526,-10.98917286089298
T6_plain,DST,0,cold_start_time_since_reset,300-900_s,10.0,35-65,13.663138238923022,14.472032090476908,-13.663138238923022
T6_plain,DST,0,cold_start_time_since_reset,300-900_s,10.0,<=35,6.333531384269067,7.44366948428931,-6.333531384269067
T6_plain,DST,0,cold_start_time_since_reset,300-900_s,10.0,>65,8.862936097180963,8.94102249884057,-8.862936097180963
T6_plain,DST,0,cold_start_time_since_reset,300-900_s,20.0,35-65,5.355504007638634,5.714835082529645,-5.355504007638634
T6_plain,DST,0,cold_start_time_since_reset,300-900_s,20.0,<=35,5.272911246875108,6.776103969866269,-5.272911246875108
T6_plain,DST,0,cold_start_time_since_reset,300-900_s,20.0,>65,8.112191778474976,8.305609113630464,-8.112191778474976
T6_plain,DST,0,cold_start_time_since_reset,300-900_s,25.0,35-65,3.815189331334905,5.511053785573102,-2.940348583527176
T6_plain,DST,0,cold_start_time_since_reset,300-900_s,25.0,<=35,1.2268783312426044,1.486590970823082,-1.2006261481613556
T6_plain,DST,0,cold_start_time_since_reset,300-900_s,25.0,>65,19.561638563379855,20.371916292810024,-19.561638563379855
T6_plain,DST,0,cold_start_time_since_reset,300-900_s,30.0,35-65,5.598893732809449,5.728201113735211,-5.598893732809449
T6_plain,DST,0,cold_start_time_since_reset,300-900_s,30.0,<=35,0.9537171330622102,1.066283970402756,-0.9518903802288278
T6_plain,DST,0,cold_start_time_since_reset,300-900_s,30.0,>65,3.63416626259215,3.7949838799722158,-3.63416626259215
T6_plain,DST,0,cold_start_time_since_reset,300-900_s,40.0,35-65,5.165280349960854,5.270233405057683,-5.165280349960854
T6_plain,DST,0,cold_start_time_since_reset,300-900_s,40.0,<=35,1.0458472997583945,1.216956305881065,-1.0395697136816708
T6_plain,DST,0,cold_start_time_since_reset,300-900_s,40.0,>65,4.050473785522931,4.089458481513708,-4.050473785522931
T6_plain,DST,0,cold_start_time_since_reset,300-900_s,50.0,35-65,7.088121501876422,9.122427140800667,-7.088121501876422
T6_plain,DST,0,cold_start_time_since_reset,300-900_s,50.0,<=35,1.4510707504633948,2.066636670135813,-1.4372986369915437
T6_plain,DST,0,cold_start_time_since_reset,300-900_s,50.0,>65,7.084971941542405,7.325749839540757,-7.084971941542405
T6_plain,DST,0,cold_start_time_since_reset,60-300_s,-10.0,35-65,3.1609067368271337,3.349534431469717,-1.686415321520505
T6_plain,DST,0,cold_start_time_since_reset,60-300_s,-10.0,<=35,0.7585341260588276,1.1473659609951978,-0.7585341260588276
T6_plain,DST,0,cold_start_time_since_reset,60-300_s,-10.0,>65,15.506527292053317,16.133999312606825,-15.506527292053317
T6_plain,DST,0,cold_start_time_since_reset,60-300_s,0.0,35-65,12.65631825399268,14.384154917053705,-12.65631825399268
T6_plain,DST,0,cold_start_time_since_reset,60-300_s,0.0,<=35,4.521006053868441,4.707821931418001,-4.521006053868441
T6_plain,DST,0,cold_start_time_since_reset,60-300_s,0.0,>65,19.962485190469774,21.334103296778242,-19.962485190469774
T6_plain,DST,0,cold_start_time_since_reset,60-300_s,10.0,35-65,25.02686024281953,25.0388658122977,-25.02686024281953
T6_plain,DST,0,cold_start_time_since_reset,60-300_s,10.0,<=35,9.852607164120252,10.539431875766917,-9.852607164120252
T6_plain,DST,0,cold_start_time_since_reset,60-300_s,10.0,>65,11.687976635847948,11.733738882080223,-11.687976635847948
T6_plain,DST,0,cold_start_time_since_reset,60-300_s,20.0,35-65,9.386813458813542,9.459169856760548,-9.386813458813542
T6_plain,DST,0,cold_start_time_since_reset,60-300_s,20.0,<=35,9.431914350222796,11.263406002384638,-9.431914350222796
T6_plain,DST,0,cold_start_time_since_reset,60-300_s,20.0,>65,10.877960646835199,10.928448758223643,-10.877960646835199
T6_plain,DST,0,cold_start_time_since_reset,60-300_s,25.0,35-65,1.7539265766118741,2.2590358223458997,-1.3638023092138856
T6_plain,DST,0,cold_start_time_since_reset,60-300_s,25.0,<=35,3.676438741712284,3.7722925582375915,-3.676438741712284
T6_plain,DST,0,cold_start_time_since_reset,60-300_s,25.0,>65,22.53461782108337,24.833633802663535,-22.53461782108337
T6_plain,DST,0,cold_start_time_since_reset,60-300_s,30.0,35-65,8.538717813361517,8.607390036980481,-8.538717813361517
T6_plain,DST,0,cold_start_time_since_reset,60-300_s,30.0,<=35,2.35488264966858,2.4089986869916733,-2.35488264966858
T6_plain,DST,0,cold_start_time_since_reset,60-300_s,30.0,>65,6.488934982634608,6.552612931232602,-6.488934982634608
T6_plain,DST,0,cold_start_time_since_reset,60-300_s,40.0,35-65,7.317413465550252,7.3392566792078915,-7.317413465550252
T6_plain,DST,0,cold_start_time_since_reset,60-300_s,40.0,<=35,3.0030462836549363,3.0867118940450733,-3.0030462836549363
T6_plain,DST,0,cold_start_time_since_reset,60-300_s,40.0,>65,3.4098072161737547,3.4586390876598916,-3.4098072161737547
T6_plain,DST,0,cold_start_time_since_reset,60-300_s,50.0,35-65,8.723965953907175,11.403202539859702,-8.723965953907175
T6_plain,DST,0,cold_start_time_since_reset,60-300_s,50.0,<=35,3.7323747041933855,4.48289004688974,-3.732249894611908
T6_plain,DST,0,cold_start_time_since_reset,60-300_s,50.0,>65,12.89659467440837,13.30149822579132,-12.89659467440837
T6_plain,DST,0,cold_start_time_since_reset,900-1800_s,-10.0,35-65,3.1354671808509806,4.003432883584394,-1.2815719738212468
T6_plain,DST,0,cold_start_time_since_reset,900-1800_s,-10.0,>65,9.86678052498535,10.09568842905574,-9.86678052498535
T6_plain,DST,0,cold_start_time_since_reset,900-1800_s,0.0,35-65,6.306344460336532,7.767657342714087,-6.293391191931721
T6_plain,DST,0,cold_start_time_since_reset,900-1800_s,0.0,<=35,1.7039174630511766,2.6435649526516047,-1.5117314359613725
T6_plain,DST,0,cold_start_time_since_reset,900-1800_s,0.0,>65,8.092687643348777,8.103705252026916,-8.092687643348777
T6_plain,DST,0,cold_start_time_since_reset,900-1800_s,10.0,35-65,6.090652722625025,6.410128014752339,-6.090652722625025
T6_plain,DST,0,cold_start_time_since_reset,900-1800_s,10.0,<=35,1.8647351383067907,2.456597798915195,-1.860111099210409
T6_plain,DST,0,cold_start_time_since_reset,900-1800_s,10.0,>65,6.829115287095491,6.848284886839879,-6.829115287095491
T6_plain,DST,0,cold_start_time_since_reset,900-1800_s,20.0,35-65,6.399608292158091,6.513922845514667,-6.399608292158091
T6_plain,DST,0,cold_start_time_since_reset,900-1800_s,20.0,<=35,1.4131044191749922,1.895634385512299,-1.3917501018442229
T6_plain,DST,0,cold_start_time_since_reset,900-1800_s,20.0,>65,3.774715788685691,3.795678172862565,-3.774715788685691
T6_plain,DST,0,cold_start_time_since_reset,900-1800_s,25.0,35-65,6.910773393548089,7.359502692579342,-6.853591711495467
T6_plain,DST,0,cold_start_time_since_reset,900-1800_s,25.0,<=35,0.3510106942246715,0.4408498326520113,0.1486727702618453
T6_plain,DST,0,cold_start_time_since_reset,900-1800_s,25.0,>65,12.753648967113884,12.803381284986136,-12.753648967113884
T6_plain,DST,0,cold_start_time_since_reset,900-1800_s,30.0,35-65,2.1704211768354695,2.4129748883064455,-2.1704211768354695
T6_plain,DST,0,cold_start_time_since_reset,900-1800_s,30.0,<=35,0.25500362700769846,0.38476819096347586,-0.15781845668379865
T6_plain,DST,0,cold_start_time_since_reset,900-1800_s,30.0,>65,2.705136519566996,2.754092310064843,-2.705136519566996
T6_plain,DST,0,cold_start_time_since_reset,900-1800_s,40.0,35-65,2.743187561350284,3.060319499712282,-2.7426909678634637
T6_plain,DST,0,cold_start_time_since_reset,900-1800_s,40.0,<=35,0.20208328687339422,0.27847862887353775,-0.009218666672324925
T6_plain,DST,0,cold_start_time_since_reset,900-1800_s,50.0,35-65,4.071245504013846,5.180239720302973,-3.9787990953812864
T6_plain,DST,0,cold_start_time_since_reset,900-1800_s,50.0,<=35,0.29838608563404245,0.4178659362334071,0.05977157302254423
T6_plain,DST,0,cold_start_time_since_reset,900-1800_s,50.0,>65,2.617240412570775,2.7041933530621267,-2.617240412570775
T6_plain,DST,0,cold_start_time_since_reset,<=60_s,-10.0,35-65,3.2724555886526403,3.6855569653960223,-2.605110542867949
T6_plain,DST,0,cold_start_time_since_reset,<=60_s,-10.0,>65,17.665915596419598,18.416644454585175,-17.665915596419598
T6_plain,DST,0,cold_start_time_since_reset,<=60_s,0.0,35-65,14.088583442350387,14.607928777476143,-14.088583442350387
T6_plain,DST,0,cold_start_time_since_reset,<=60_s,0.0,<=35,5.809218634202437,5.8108079305916105,-5.809218634202437
T6_plain,DST,0,cold_start_time_since_reset,<=60_s,0.0,>65,24.35339542892456,26.044059372969965,-24.35339542892456
T6_plain,DST,0,cold_start_time_since_reset,<=60_s,10.0,35-65,27.057342733573915,27.05893814862475,-27.057342733573915
T6_plain,DST,0,cold_start_time_since_reset,<=60_s,10.0,<=35,13.231206166551068,14.06576168327492,-13.231206166551068
T6_plain,DST,0,cold_start_time_since_reset,<=60_s,10.0,>65,12.760733553392493,12.788707946702216,-12.760733553392493
T6_plain,DST,0,cold_start_time_since_reset,<=60_s,20.0,35-65,11.126074230001276,11.126104017231427,-11.126074230001276
T6_plain,DST,0,cold_start_time_since_reset,<=60_s,20.0,<=35,11.116946838280244,13.249286220229095,-11.116946838280244
T6_plain,DST,0,cold_start_time_since_reset,<=60_s,20.0,>65,11.479516040265171,11.525260095006294,-11.479516040265171
T6_plain,DST,0,cold_start_time_since_reset,<=60_s,25.0,35-65,2.1258796085895035,2.8896769290392275,-2.0497074247980533
T6_plain,DST,0,cold_start_time_since_reset,<=60_s,25.0,<=35,4.634639635400599,4.635190047311367,-4.634639635400599
T6_plain,DST,0,cold_start_time_since_reset,<=60_s,25.0,>65,25.338601152743603,28.257212246150793,-25.338601152743603
T6_plain,DST,0,cold_start_time_since_reset,<=60_s,30.0,35-65,9.797425541079086,9.833847795656832,-9.797425541079086
T6_plain,DST,0,cold_start_time_since_reset,<=60_s,30.0,<=35,3.1977658089160093,3.293284531362662,-3.1977658089160093
T6_plain,DST,0,cold_start_time_since_reset,<=60_s,30.0,>65,7.114553274373836,7.114753071361153,-7.114553274373836
T6_plain,DST,0,cold_start_time_since_reset,<=60_s,40.0,35-65,7.729033299137751,7.738834834406498,-7.729033299137751
T6_plain,DST,0,cold_start_time_since_reset,<=60_s,40.0,<=35,4.564892724225305,4.5740295454720155,-4.564892724225305
T6_plain,DST,0,cold_start_time_since_reset,<=60_s,40.0,>65,3.778360637416493,3.7793839029065355,-3.778360637416493
T6_plain,DST,0,cold_start_time_since_reset,<=60_s,50.0,35-65,2.290066868317923,2.290090252948907,-2.290066868317923
T6_plain,DST,0,cold_start_time_since_reset,<=60_s,50.0,<=35,4.771994772286501,5.794699985917759,-4.771994772286501
T6_plain,DST,0,cold_start_time_since_reset,<=60_s,50.0,>65,16.383707980946976,16.697294998662084,-16.383707980946976
T6_plain,DST,0,cold_start_time_since_reset,>3600_s,-10.0,35-65,0.28476140906468855,0.3836096102718236,-0.22506476341005666
T6_plain,DST,0,cold_start_time_since_reset,>3600_s,-10.0,<=35,0.8814420544595082,1.249361491271565,0.8025232535450343
T6_plain,DST,0,cold_start_time_since_reset,>3600_s,0.0,<=35,0.4342182304454476,0.5599971209498943,0.04819439014899978
T6_plain,DST,0,cold_start_time_since_reset,>3600_s,10.0,35-65,0.8837304713965525,0.8842654177937849,-0.8837304713965525
T6_plain,DST,0,cold_start_time_since_reset,>3600_s,10.0,<=35,0.3204139280682344,0.41822100692937264,0.1711271815617963
T6_plain,DST,0,cold_start_time_since_reset,>3600_s,20.0,35-65,0.598604648799425,0.7059132249062077,-0.549715218401524
T6_plain,DST,0,cold_start_time_since_reset,>3600_s,20.0,<=35,0.3298478014757949,0.419160375477214,0.040338903099827135
T6_plain,DST,0,cold_start_time_since_reset,>3600_s,25.0,<=35,0.2560264432637831,0.3134268992683139,0.15697415297141978
T6_plain,DST,0,cold_start_time_since_reset,>3600_s,30.0,35-65,0.23995348865918628,0.2862197233780087,-0.2249511713835868
T6_plain,DST,0,cold_start_time_since_reset,>3600_s,30.0,<=35,0.3058664361512338,0.3731238242030938,0.13910930015442735
T6_plain,DST,0,cold_start_time_since_reset,>3600_s,40.0,<=35,0.3074587506313447,0.4012723887882397,0.2134379506250685
T6_plain,DST,0,cold_start_time_since_reset,>3600_s,50.0,35-65,0.3257174330684662,0.4225438303295013,-0.03966670326897304
T6_plain,DST,0,cold_start_time_since_reset,>3600_s,50.0,<=35,0.4062016169066512,0.4926901116007657,0.3248539837886787
T6_plain,DST,1,baseline,unperturbed,-10.0,35-65,1.152845214953271,1.4960120465747049,0.8393493929684024
T6_plain,DST,1,baseline,unperturbed,-10.0,<=35,1.2822184250000002,1.571725477560035,1.2804288527777778
T6_plain,DST,1,baseline,unperturbed,-10.0,>65,0.5183416845509894,0.6504789557175132,-0.261470347412481
T6_plain,DST,1,baseline,unperturbed,0.0,35-65,0.6839953229675698,0.9965639025710307,0.5370988218569525
T6_plain,DST,1,baseline,unperturbed,0.0,<=35,0.6037318063439064,0.8617721510580825,0.4326899205342237
T6_plain,DST,1,baseline,unperturbed,0.0,>65,0.41943144567289364,0.5201197872235155,-0.22854533587495235
T6_plain,DST,1,baseline,unperturbed,10.0,35-65,0.5661765044964029,0.8081116665952283,0.399836320143885
T6_plain,DST,1,baseline,unperturbed,10.0,<=35,0.447846889376961,0.6829041376061615,0.31034754639175255
T6_plain,DST,1,baseline,unperturbed,10.0,>65,0.3763469013975156,0.476074128724527,-0.23103428649068322
T6_plain,DST,1,baseline,unperturbed,20.0,35-65,0.5599902234137623,0.6613205185913925,0.5488737747989275
T6_plain,DST,1,baseline,unperturbed,20.0,<=35,0.4071054456228957,0.5402502816714658,0.22413503619528624
T6_plain,DST,1,baseline,unperturbed,20.0,>65,0.3405022708333334,0.4697343041763147,-0.20994829128787876
T6_plain,DST,1,baseline,unperturbed,25.0,35-65,0.5500918133095132,0.6458433425367996,0.5486100794997768
T6_plain,DST,1,baseline,unperturbed,25.0,<=35,0.34925605094185097,0.452732970718378,0.31214757952497957
T6_plain,DST,1,baseline,unperturbed,25.0,>65,0.3587595382865809,0.45968186810218814,-0.02053979302501873
T6_plain,DST,1,baseline,unperturbed,30.0,35-65,0.7033970172335602,0.7515144378810746,0.7033970172335602
T6_plain,DST,1,baseline,unperturbed,30.0,<=35,0.4306886716566867,0.5122162998858694,0.3471582897804391
T6_plain,DST,1,baseline,unperturbed,30.0,>65,0.39121040358075354,0.5024479625914583,-0.07147371130175305
T6_plain,DST,1,baseline,unperturbed,40.0,35-65,0.7590187235401461,0.8163322857047043,0.758632879562044
T6_plain,DST,1,baseline,unperturbed,40.0,<=35,0.524972791500399,0.6064498899046483,0.45994564409417404
T6_plain,DST,1,baseline,unperturbed,40.0,>65,0.43719879362726943,0.5394861680559628,-0.008650677287884387
T6_plain,DST,1,baseline,unperturbed,50.0,35-65,0.8757492099497948,0.9468077624621793,0.8638785609310817
T6_plain,DST,1,baseline,unperturbed,50.0,<=35,0.5904389986909957,0.663489987629564,0.5418175007140025
T6_plain,DST,1,baseline,unperturbed,50.0,>65,0.43757646614872353,0.5335252995935696,0.020336932297447326
T6_plain,DST,1,cold_start_time_since_reset,1800-3600_s,-10.0,35-65,1.7538352117463218,2.293312190403844,-0.4869452623168134
T6_plain,DST,1,cold_start_time_since_reset,1800-3600_s,-10.0,<=35,1.361451691499972,1.6485399305644122,1.3571462786955293
T6_plain,DST,1,cold_start_time_since_reset,1800-3600_s,0.0,35-65,1.934736687880735,2.324276809916749,-1.7712392231428011
T6_plain,DST,1,cold_start_time_since_reset,1800-3600_s,0.0,<=35,0.6121961580734936,0.7916737648490435,0.10514463080002762
T6_plain,DST,1,cold_start_time_since_reset,1800-3600_s,10.0,35-65,1.7874482821796847,2.185751094601944,-1.6350051375397232
T6_plain,DST,1,cold_start_time_since_reset,1800-3600_s,10.0,<=35,0.6341962216301558,0.8619070089004409,-0.21042005050369553
T6_plain,DST,1,cold_start_time_since_reset,1800-3600_s,20.0,35-65,1.799590298309997,2.073841816868308,-1.7749269067777698
T6_plain,DST,1,cold_start_time_since_reset,1800-3600_s,20.0,<=35,0.36279174815792725,0.4664684573467224,-0.07094008817277861
T6_plain,DST,1,cold_start_time_since_reset,1800-3600_s,20.0,>65,3.264159259427498,3.268704880010867,-3.264159259427498
T6_plain,DST,1,cold_start_time_since_reset,1800-3600_s,25.0,35-65,2.463828611697953,3.348290841920623,-2.4219435680287327
T6_plain,DST,1,cold_start_time_since_reset,1800-3600_s,25.0,<=35,0.28208343713301376,0.36526393854892686,0.23059464802226087
T6_plain,DST,1,cold_start_time_since_reset,1800-3600_s,30.0,35-65,1.3030494316661732,1.5651823415247716,-1.1914037009363987
T6_plain,DST,1,cold_start_time_since_reset,1800-3600_s,30.0,<=35,0.3580649220712296,0.41197708689524826,0.28388090043177455
T6_plain,DST,1,cold_start_time_since_reset,1800-3600_s,40.0,35-65,0.771366481079248,1.064258857402028,-0.5558563489668054
T6_plain,DST,1,cold_start_time_since_reset,1800-3600_s,40.0,<=35,0.5326759017324875,0.58494834085442,0.4980239551129479
T6_plain,DST,1,cold_start_time_since_reset,1800-3600_s,50.0,35-65,1.402797356327127,1.7254275239936843,-1.3575848878500296
T6_plain,DST,1,cold_start_time_since_reset,1800-3600_s,50.0,<=35,0.5595100470215872,0.6267353289032072,0.511750614250049
T6_plain,DST,1,cold_start_time_since_reset,1800-3600_s,50.0,>65,2.5973232985220416,2.599227618711115,-2.5973232985220416
T6_plain,DST,1,cold_start_time_since_reset,300-900_s,-10.0,35-65,2.724897238342132,3.239168425695014,2.2241046576243626
T6_plain,DST,1,cold_start_time_since_reset,300-900_s,-10.0,<=35,1.1081043820747807,1.2054054107170447,-0.9985224471775587
T6_plain,DST,1,cold_start_time_since_reset,300-900_s,-10.0,>65,11.732324932772787,12.525718194767885,-11.732324932772787
T6_plain,DST,1,cold_start_time_since_reset,300-900_s,0.0,35-65,12.759790588774942,15.606127703958052,-12.759790588774942
T6_plain,DST,1,cold_start_time_since_reset,300-900_s,0.0,<=35,5.567431110566959,7.5279256456518375,-5.504351368899021
T6_plain,DST,1,cold_start_time_since_reset,300-900_s,0.0,>65,10.354901576318323,10.424004803738772,-10.354901576318323
T6_plain,DST,1,cold_start_time_since_reset,300-900_s,10.0,35-65,12.842405303771963,13.625740295844171,-12.842405303771963
T6_plain,DST,1,cold_start_time_since_reset,300-900_s,10.0,<=35,6.206091480960369,7.365163102491124,-6.1837831983392215
T6_plain,DST,1,cold_start_time_since_reset,300-900_s,10.0,>65,8.210147833115474,8.290770790726073,-8.210147833115474
T6_plain,DST,1,cold_start_time_since_reset,300-900_s,20.0,35-65,4.474351979668208,4.8966762175713265,-4.474351979668208
T6_plain,DST,1,cold_start_time_since_reset,300-900_s,20.0,<=35,4.418295461344729,5.773925583184968,-4.418295461344729
T6_plain,DST,1,cold_start_time_since_reset,300-900_s,20.0,>65,7.2459460186169515,7.451829307102725,-7.2459460186169515
T6_plain,DST,1,cold_start_time_since_reset,300-900_s,25.0,35-65,3.6551604544523504,5.129990981368251,-2.2849745285088843
T6_plain,DST,1,cold_start_time_since_reset,300-900_s,25.0,<=35,1.044087009453102,1.2417924819781407,-0.9045007068885319
T6_plain,DST,1,cold_start_time_since_reset,300-900_s,25.0,>65,16.750735675935317,17.377722438865785,-16.750735675935317
T6_plain,DST,1,cold_start_time_since_reset,300-900_s,30.0,35-65,4.3762730376777705,4.522699078977886,-4.3762730376777705
T6_plain,DST,1,cold_start_time_since_reset,300-900_s,30.0,<=35,0.48877019682850664,0.5897224920187359,-0.4343386322776074
T6_plain,DST,1,cold_start_time_since_reset,300-900_s,30.0,>65,2.631840163221914,2.806993665904506,-2.631840163221914
T6_plain,DST,1,cold_start_time_since_reset,300-900_s,40.0,35-65,4.2072681991776895,4.310468840985828,-4.2072681991776895
T6_plain,DST,1,cold_start_time_since_reset,300-900_s,40.0,<=35,0.48566548573112484,0.6825293471388165,-0.40055023326426603
T6_plain,DST,1,cold_start_time_since_reset,300-900_s,40.0,>65,2.987883832811506,3.0586832705454916,-2.987883832811506
T6_plain,DST,1,cold_start_time_since_reset,300-900_s,50.0,35-65,5.755658016630525,7.927978217890157,-5.7219272532786
T6_plain,DST,1,cold_start_time_since_reset,300-900_s,50.0,<=35,1.1692338589017193,1.6127233921215103,-0.6398013967672649
T6_plain,DST,1,cold_start_time_since_reset,300-900_s,50.0,>65,5.793008264199885,6.047079431523912,-5.793008264199885
T6_plain,DST,1,cold_start_time_since_reset,60-300_s,-10.0,35-65,3.307058074971882,3.5422066741781535,-1.208127726617186
T6_plain,DST,1,cold_start_time_since_reset,60-300_s,-10.0,<=35,0.882465010503023,1.0362744934337362,-0.882465010503023
T6_plain,DST,1,cold_start_time_since_reset,60-300_s,-10.0,>65,15.2359212486152,15.953909376039752,-15.2359212486152
T6_plain,DST,1,cold_start_time_since_reset,60-300_s,0.0,35-65,13.257118443591127,14.835111433682947,-13.257118443591127
T6_plain,DST,1,cold_start_time_since_reset,60-300_s,0.0,<=35,3.7177195308674773,3.9873621457716304,-3.7177195308674773
T6_plain,DST,1,cold_start_time_since_reset,60-300_s,0.0,>65,19.570913190707724,20.911420061181712,-19.570913190707724
T6_plain,DST,1,cold_start_time_since_reset,60-300_s,10.0,35-65,22.9559270365087,22.974325286096803,-22.9559270365087
T6_plain,DST,1,cold_start_time_since_reset,60-300_s,10.0,<=35,10.017464580844416,10.864081330205018,-10.017464580844416
T6_plain,DST,1,cold_start_time_since_reset,60-300_s,10.0,>65,11.178407568301079,11.258846475761953,-11.178407568301079
T6_plain,DST,1,cold_start_time_since_reset,60-300_s,20.0,35-65,7.787991741809559,7.850062632234967,-7.787991741809559
T6_plain,DST,1,cold_start_time_since_reset,60-300_s,20.0,<=35,8.573421393015426,10.367176502475903,-8.573421393015426
T6_plain,DST,1,cold_start_time_since_reset,60-300_s,20.0,>65,9.6456668075896,9.70777647918121,-9.6456668075896
T6_plain,DST,1,cold_start_time_since_reset,60-300_s,25.0,35-65,1.4586839450195346,1.571473556402514,-0.3964719202708638
T6_plain,DST,1,cold_start_time_since_reset,60-300_s,25.0,<=35,3.000930827437353,3.0817992820684434,-3.000930827437353
T6_plain,DST,1,cold_start_time_since_reset,60-300_s,25.0,>65,19.55095526050121,21.452153206719323,-19.55095526050121
T6_plain,DST,1,cold_start_time_since_reset,60-300_s,30.0,35-65,6.963956535675954,7.0085543254428115,-6.963956535675954
T6_plain,DST,1,cold_start_time_since_reset,60-300_s,30.0,<=35,1.3600584655365595,1.4205887647762268,-1.3600584655365595
T6_plain,DST,1,cold_start_time_since_reset,60-300_s,30.0,>65,5.396808017111842,5.4764671355356365,-5.396808017111842
T6_plain,DST,1,cold_start_time_since_reset,60-300_s,40.0,35-65,6.054375368483891,6.075420809630524,-6.054375368483891
T6_plain,DST,1,cold_start_time_since_reset,60-300_s,40.0,<=35,2.182078917977778,2.2868922548266406,-2.182078917977778
T6_plain,DST,1,cold_start_time_since_reset,60-300_s,40.0,>65,2.3408828300415423,2.4458948397287923,-2.3408828300415423
T6_plain,DST,1,cold_start_time_since_reset,60-300_s,50.0,35-65,7.219853053184583,10.166128419388086,-7.219853053184583
T6_plain,DST,1,cold_start_time_since_reset,60-300_s,50.0,<=35,2.877077932434082,3.8451698501009215,-2.855359743723429
T6_plain,DST,1,cold_start_time_since_reset,60-300_s,50.0,>65,11.467322606381485,11.888359515784748,-11.467322606381485
T6_plain,DST,1,cold_start_time_since_reset,900-1800_s,-10.0,35-65,3.169135420403547,3.851548062214851,-0.6522487962352135
T6_plain,DST,1,cold_start_time_since_reset,900-1800_s,-10.0,>65,9.315528517678045,9.574883932311987,-9.315528517678045
T6_plain,DST,1,cold_start_time_since_reset,900-1800_s,0.0,35-65,5.6010040121620355,7.006781363784572,-5.529536096287477
T6_plain,DST,1,cold_start_time_since_reset,900-1800_s,0.0,<=35,1.6700510112072058,2.528595531940902,-1.3265979711632048
T6_plain,DST,1,cold_start_time_since_reset,900-1800_s,0.0,>65,7.454051682856556,7.478052786860154,-7.454051682856556
T6_plain,DST,1,cold_start_time_since_reset,900-1800_s,10.0,35-65,5.4793935641230265,5.819852793122165,-5.4793935641230265
T6_plain,DST,1,cold_start_time_since_reset,900-1800_s,10.0,<=35,1.7706945643957177,2.4395129540990705,-1.7425209154338865
T6_plain,DST,1,cold_start_time_since_reset,900-1800_s,10.0,>65,6.268347466549279,6.297330062453699,-6.268347466549279
T6_plain,DST,1,cold_start_time_since_reset,900-1800_s,20.0,35-65,5.560332182510812,5.688879078258148,-5.560332182510812
T6_plain,DST,1,cold_start_time_since_reset,900-1800_s,20.0,<=35,1.1431636316938394,1.5860239279580914,-1.0806144408477139
T6_plain,DST,1,cold_start_time_since_reset,900-1800_s,20.0,>65,3.143143058917927,3.1798947479368547,-3.143143058917927
T6_plain,DST,1,cold_start_time_since_reset,900-1800_s,25.0,35-65,6.179252725591196,6.637353084068451,-6.093967035914817
T6_plain,DST,1,cold_start_time_since_reset,900-1800_s,25.0,<=35,0.37058665805554625,0.49834700348958744,0.2610267050812884
T6_plain,DST,1,cold_start_time_since_reset,900-1800_s,25.0,>65,11.402381989375524,11.448085935497053,-11.402381989375524
T6_plain,DST,1,cold_start_time_since_reset,900-1800_s,30.0,35-65,1.2102697981297388,1.5090488295271849,-1.1685024400012687
T6_plain,DST,1,cold_start_time_since_reset,900-1800_s,30.0,<=35,0.27624490582825306,0.34601008978056835,0.030229837506343463
T6_plain,DST,1,cold_start_time_since_reset,900-1800_s,30.0,>65,1.8820095111317032,1.977617511531577,-1.8820095111317032
T6_plain,DST,1,cold_start_time_since_reset,900-1800_s,40.0,35-65,1.9814957102699686,2.362683944164227,-1.9484453033653757
T6_plain,DST,1,cold_start_time_since_reset,900-1800_s,40.0,<=35,0.3421604113747523,0.39564922843219746,0.17956570665245522
T6_plain,DST,1,cold_start_time_since_reset,900-1800_s,50.0,35-65,3.1250778207814585,3.9542443131765355,-2.7887664581756093
T6_plain,DST,1,cold_start_time_since_reset,900-1800_s,50.0,<=35,0.4682983631142939,0.542005900974064,0.3894530691433129
T6_plain,DST,1,cold_start_time_since_reset,900-1800_s,50.0,>65,1.5747654081838562,1.6719726653426106,-1.5745165444704663
T6_plain,DST,1,cold_start_time_since_reset,<=60_s,-10.0,35-65,3.4021962061446227,3.8679806014053804,-2.734312912355596
T6_plain,DST,1,cold_start_time_since_reset,<=60_s,-10.0,>65,17.866381188890635,18.684152032556177,-17.866381188890635
T6_plain,DST,1,cold_start_time_since_reset,<=60_s,0.0,35-65,14.077628650501078,14.845610585529954,-14.077628650501078
T6_plain,DST,1,cold_start_time_since_reset,<=60_s,0.0,<=35,5.310231306279963,5.31141369280003,-5.310231306279963
T6_plain,DST,1,cold_start_time_since_reset,<=60_s,0.0,>65,23.765122104174875,25.259835780493308,-23.765122104174875
T6_plain,DST,1,cold_start_time_since_reset,<=60_s,10.0,35-65,26.519692694775262,26.521953959039152,-26.519692694775262
T6_plain,DST,1,cold_start_time_since_reset,<=60_s,10.0,<=35,13.251818536435213,13.995874078622766,-13.251818536435213
T6_plain,DST,1,cold_start_time_since_reset,<=60_s,10.0,>65,12.397994456875344,12.43051678412065,-12.397994456875344
T6_plain,DST,1,cold_start_time_since_reset,<=60_s,20.0,35-65,9.311837263954855,9.313585139040038,-9.311837263954855
T6_plain,DST,1,cold_start_time_since_reset,<=60_s,20.0,<=35,10.6871722206733,12.82992516811816,-10.6871722206733
T6_plain,DST,1,cold_start_time_since_reset,<=60_s,20.0,>65,10.475120609526895,10.532345129700245,-10.475120609526895
T6_plain,DST,1,cold_start_time_since_reset,<=60_s,25.0,35-65,1.7251156618304047,1.9793469869696956,-1.0431317833732938
T6_plain,DST,1,cold_start_time_since_reset,<=60_s,25.0,<=35,4.178242670937278,4.178454536729232,-4.178242670937278
T6_plain,DST,1,cold_start_time_since_reset,<=60_s,25.0,>65,23.38848821928128,26.039976076758876,-23.38848821928128
T6_plain,DST,1,cold_start_time_since_reset,<=60_s,30.0,35-65,8.38673193353202,8.390597995074417,-8.38673193353202
T6_plain,DST,1,cold_start_time_since_reset,<=60_s,30.0,<=35,1.911721221656302,1.9638946471444,-1.911721221656302
T6_plain,DST,1,cold_start_time_since_reset,<=60_s,30.0,>65,5.902995669324008,5.903176634401492,-5.902995669324008
T6_plain,DST,1,cold_start_time_since_reset,<=60_s,40.0,35-65,6.335357991704941,6.342783740973269,-6.335357991704941
T6_plain,DST,1,cold_start_time_since_reset,<=60_s,40.0,<=35,3.444056504220963,3.4451467472174344,-3.444056504220963
T6_plain,DST,1,cold_start_time_since_reset,<=60_s,40.0,>65,2.931300607259577,2.93331812225759,-2.931300607259577
T6_plain,DST,1,cold_start_time_since_reset,<=60_s,50.0,35-65,1.0712288719940195,1.0715002906585456,-1.0712288719940195
T6_plain,DST,1,cold_start_time_since_reset,<=60_s,50.0,<=35,3.894513344226837,5.137894006330008,-3.894513344226837
T6_plain,DST,1,cold_start_time_since_reset,<=60_s,50.0,>65,14.682739617878655,15.02282692357415,-14.682739617878655
T6_plain,DST,1,cold_start_time_since_reset,>3600_s,-10.0,35-65,0.21530907661763646,0.27354891395523995,0.1767647104459622
T6_plain,DST,1,cold_start_time_since_reset,>3600_s,-10.0,<=35,1.0118471285371144,1.3095099027633719,0.9997390859601155
T6_plain,DST,1,cold_start_time_since_reset,>3600_s,0.0,<=35,0.4924143668794621,0.6927385605783887,0.24632888702773434
T6_plain,DST,1,cold_start_time_since_reset,>3600_s,10.0,35-65,0.5950976281670468,0.5958853111585802,-0.5950976281670468
T6_plain,DST,1,cold_start_time_since_reset,>3600_s,10.0,<=35,0.37067840982961353,0.5585399292278566,0.167256307684597
T6_plain,DST,1,cold_start_time_since_reset,>3600_s,20.0,35-65,0.3210096478045618,0.42865626856851696,0.04879693701504945
T6_plain,DST,1,cold_start_time_since_reset,>3600_s,20.0,<=35,0.3556556312722259,0.47184282948883327,0.13330636659666786
T6_plain,DST,1,cold_start_time_since_reset,>3600_s,25.0,<=35,0.2636313198413634,0.34407423163789685,0.2024179062586009
T6_plain,DST,1,cold_start_time_since_reset,>3600_s,30.0,35-65,0.45278601444597727,0.48427158052179425,0.45278601444597727
T6_plain,DST,1,cold_start_time_since_reset,>3600_s,30.0,<=35,0.3436145277379578,0.42598950362787474,0.2115843233138529
T6_plain,DST,1,cold_start_time_since_reset,>3600_s,40.0,<=35,0.3603873101329777,0.4494330469174252,0.22792057234515772
T6_plain,DST,1,cold_start_time_since_reset,>3600_s,50.0,35-65,0.48595978138303764,0.5213738299048624,0.4808495209365209
T6_plain,DST,1,cold_start_time_since_reset,>3600_s,50.0,<=35,0.4952895061210787,0.5806671190167599,0.41499904528871073
T6_plain,DST,2,baseline,unperturbed,-10.0,35-65,0.9757102830440587,1.1814966663951563,-0.08575888829550507
T6_plain,DST,2,baseline,unperturbed,-10.0,<=35,0.6861439083333333,0.9675942208111153,0.382279886111111
T6_plain,DST,2,baseline,unperturbed,-10.0,>65,0.6501419368340943,0.8106742557244957,-0.49651519254185694
T6_plain,DST,2,baseline,unperturbed,0.0,35-65,0.5925416281652599,0.7147203001483098,-0.148565651266104
T6_plain,DST,2,baseline,unperturbed,0.0,<=35,0.5204320703394547,0.6407919315815817,-0.1691034070116861
T6_plain,DST,2,baseline,unperturbed,0.0,>65,0.4865623244376667,0.6173755650556376,-0.38618777849790314
T6_plain,DST,2,baseline,unperturbed,10.0,35-65,0.3909404006294965,0.49261854759278867,-0.12673423875899278
T6_plain,DST,2,baseline,unperturbed,10.0,<=35,0.3507205482743164,0.47587533945438065,0.06299534271627068
T6_plain,DST,2,baseline,unperturbed,10.0,>65,0.4524178392857143,0.555978731969942,-0.36870292857142856
T6_plain,DST,2,baseline,unperturbed,20.0,35-65,0.24264244593386955,0.3165281806895781,0.05140451742627334
T6_plain,DST,2,baseline,unperturbed,20.0,<=35,0.31505315050505045,0.41597440252898016,0.00018765732323228182
T6_plain,DST,2,baseline,unperturbed,20.0,>65,0.39669855151515154,0.544227187030615,-0.3656664462121212
T6_plain,DST,2,baseline,unperturbed,25.0,35-65,0.30467290308173295,0.40572976278014966,0.22449068602054484
T6_plain,DST,2,baseline,unperturbed,25.0,<=35,0.3150328759213759,0.44500018916135214,0.2920056833742834
T6_plain,DST,2,baseline,unperturbed,25.0,>65,0.28001976762699005,0.42183189272390675,-0.16911231880212252
T6_plain,DST,2,baseline,unperturbed,30.0,35-65,0.2520944943310657,0.3327820633055204,0.17114957732426317
T6_plain,DST,2,baseline,unperturbed,30.0,<=35,0.3000273910978044,0.39993417016870997,0.1642240458682635
T6_plain,DST,2,baseline,unperturbed,30.0,>65,0.33535359418127586,0.4601388169385039,-0.17450567474822823
T6_plain,DST,2,baseline,unperturbed,40.0,35-65,0.4189909265510949,0.5143793076177395,0.41271781249999995
T6_plain,DST,2,baseline,unperturbed,40.0,<=35,0.4703873070630487,0.5676323115428972,0.38069818774940145
T6_plain,DST,2,baseline,unperturbed,40.0,>65,0.3649314334938866,0.46591689771719447,-0.0873063093738422
T6_plain,DST,2,baseline,unperturbed,50.0,35-65,0.5740353048836149,0.6457302640692163,0.5691615531720676
T6_plain,DST,2,baseline,unperturbed,50.0,<=35,0.47107845946053156,0.5700799050965104,0.4572892907179691
T6_plain,DST,2,baseline,unperturbed,50.0,>65,0.4052780418054015,0.5144617580375772,-0.0843802563817981
T6_plain,DST,2,cold_start_time_since_reset,1800-3600_s,-10.0,35-65,2.0391612879820467,2.7358491951711867,-1.5227167005563547
T6_plain,DST,2,cold_start_time_since_reset,1800-3600_s,-10.0,<=35,0.7349503312190336,1.0245648689146887,0.4561630876915426
T6_plain,DST,2,cold_start_time_since_reset,1800-3600_s,0.0,35-65,2.6336660293674443,2.9934447988162396,-2.586154745271209
T6_plain,DST,2,cold_start_time_since_reset,1800-3600_s,0.0,<=35,0.6999557749293679,0.8280238441071742,-0.5058296377919137
T6_plain,DST,2,cold_start_time_since_reset,1800-3600_s,10.0,35-65,2.303034231035177,2.710829512144914,-2.2787368192211925
T6_plain,DST,2,cold_start_time_since_reset,1800-3600_s,10.0,<=35,0.6802225968047403,0.9420198900259986,-0.5258243757018868
T6_plain,DST,2,cold_start_time_since_reset,1800-3600_s,20.0,35-65,2.407777144215687,2.6603357487933814,-2.4063685926430747
T6_plain,DST,2,cold_start_time_since_reset,1800-3600_s,20.0,<=35,0.36873498248900477,0.4417554052830215,-0.2566287751246655
T6_plain,DST,2,cold_start_time_since_reset,1800-3600_s,20.0,>65,3.9065406028009897,3.907611739448133,-3.9065406028009897
T6_plain,DST,2,cold_start_time_since_reset,1800-3600_s,25.0,35-65,2.929831228975026,3.7458399658896306,-2.9249168408650306
T6_plain,DST,2,cold_start_time_since_reset,1800-3600_s,25.0,<=35,0.2702244552200539,0.37754504143041095,0.2135663683945493
T6_plain,DST,2,cold_start_time_since_reset,1800-3600_s,30.0,35-65,1.8629750273748737,2.1198513663578686,-1.8471707873263012
T6_plain,DST,2,cold_start_time_since_reset,1800-3600_s,30.0,<=35,0.23223359861803974,0.32282507396825244,0.08705614197033061
T6_plain,DST,2,cold_start_time_since_reset,1800-3600_s,40.0,35-65,1.1316691643532546,1.3727608265415672,-1.1094941767183033
T6_plain,DST,2,cold_start_time_since_reset,1800-3600_s,40.0,<=35,0.4301169754040579,0.5175229841774613,0.40072428588912207
T6_plain,DST,2,cold_start_time_since_reset,1800-3600_s,50.0,35-65,1.71785181979103,1.8902120736175514,-1.71785181979103
T6_plain,DST,2,cold_start_time_since_reset,1800-3600_s,50.0,<=35,0.3929979221311058,0.4701178783464658,0.37281520212163605
T6_plain,DST,2,cold_start_time_since_reset,1800-3600_s,50.0,>65,2.3117273592491157,2.3141974777622405,-2.3117273592491157
T6_plain,DST,2,cold_start_time_since_reset,300-900_s,-10.0,35-65,2.4491874756612426,2.784202014665752,1.2639329689648287
T6_plain,DST,2,cold_start_time_since_reset,300-900_s,-10.0,<=35,1.9236108726021517,2.072829864247224,-1.920744046948849
T6_plain,DST,2,cold_start_time_since_reset,300-900_s,-10.0,>65,12.773147768443053,13.496468377068693,-12.773147768443053
T6_plain,DST,2,cold_start_time_since_reset,300-900_s,0.0,35-65,13.585952667223973,16.271058413976995,-13.585952667223973
T6_plain,DST,2,cold_start_time_since_reset,300-900_s,0.0,<=35,5.3267892756742645,6.857247636220271,-5.324510606011937
T6_plain,DST,2,cold_start_time_since_reset,300-900_s,0.0,>65,11.418594942106344,11.495711471370605,-11.418594942106344
T6_plain,DST,2,cold_start_time_since_reset,300-900_s,10.0,35-65,14.282882242038625,15.026461512152082,-14.282882242038625
T6_plain,DST,2,cold_start_time_since_reset,300-900_s,10.0,<=35,6.209553242212491,7.145750647414945,-6.209553242212491
T6_plain,DST,2,cold_start_time_since_reset,300-900_s,10.0,>65,9.347672819866048,9.459609754172233,-9.347672819866048
T6_plain,DST,2,cold_start_time_since_reset,300-900_s,20.0,35-65,5.538013071479381,5.947835275566385,-5.538013071479381
T6_plain,DST,2,cold_start_time_since_reset,300-900_s,20.0,<=35,4.6852166131796515,6.264166129538525,-4.684113765512073
T6_plain,DST,2,cold_start_time_since_reset,300-900_s,20.0,>65,7.956246838358307,8.28527278353291,-7.956246838358307
T6_plain,DST,2,cold_start_time_since_reset,300-900_s,25.0,35-65,3.926805436248484,5.587515314747167,-2.919959668044869
T6_plain,DST,2,cold_start_time_since_reset,300-900_s,25.0,<=35,0.8983644583338081,1.151483951461233,-0.8462605967585526
T6_plain,DST,2,cold_start_time_since_reset,300-900_s,25.0,>65,18.878239109884937,19.478113942347093,-18.878239109884937
T6_plain,DST,2,cold_start_time_since_reset,300-900_s,30.0,35-65,5.394935212785331,5.528755164908692,-5.394935212785331
T6_plain,DST,2,cold_start_time_since_reset,300-900_s,30.0,<=35,0.74875267309427,0.8659578330223344,-0.7271676296940478
T6_plain,DST,2,cold_start_time_since_reset,300-900_s,30.0,>65,2.4247541511056703,2.5730273331502422,-2.4247541511056703
T6_plain,DST,2,cold_start_time_since_reset,300-900_s,40.0,35-65,4.791012827934344,4.882414788077184,-4.791012827934344
T6_plain,DST,2,cold_start_time_since_reset,300-900_s,40.0,<=35,0.8582614440921732,1.0508966457650484,-0.8257463907149261
T6_plain,DST,2,cold_start_time_since_reset,300-900_s,40.0,>65,2.858197321490631,2.921260170812191,-2.858197321490631
T6_plain,DST,2,cold_start_time_since_reset,300-900_s,50.0,35-65,6.454742207715212,8.488453178569184,-6.454742207715212
T6_plain,DST,2,cold_start_time_since_reset,300-900_s,50.0,<=35,1.4213636243082046,2.0978386734971997,-1.2749908857331305
T6_plain,DST,2,cold_start_time_since_reset,300-900_s,50.0,>65,5.096558519937062,5.377259383944702,-5.096558519937062
T6_plain,DST,2,cold_start_time_since_reset,60-300_s,-10.0,35-65,3.3808970153611346,3.650009961078743,-2.16430026438663
T6_plain,DST,2,cold_start_time_since_reset,60-300_s,-10.0,<=35,2.8208845080344163,2.8327352198806257,-2.8208845080344163
T6_plain,DST,2,cold_start_time_since_reset,60-300_s,-10.0,>65,16.631634823799548,17.286268940189917,-16.631634823799548
T6_plain,DST,2,cold_start_time_since_reset,60-300_s,0.0,35-65,12.496593263574415,13.972406082501744,-12.496593263574415
T6_plain,DST,2,cold_start_time_since_reset,60-300_s,0.0,<=35,4.346618631053413,4.482600270307014,-4.346618631053413
T6_plain,DST,2,cold_start_time_since_reset,60-300_s,0.0,>65,19.956894930586667,20.88474510114925,-19.956894930586667
T6_plain,DST,2,cold_start_time_since_reset,60-300_s,10.0,35-65,23.338753716428755,23.348823132596706,-23.338753716428755
T6_plain,DST,2,cold_start_time_since_reset,60-300_s,10.0,<=35,9.316806405991887,9.853750636534407,-9.316806405991887
T6_plain,DST,2,cold_start_time_since_reset,60-300_s,10.0,>65,12.602532461218784,12.706982035858596,-12.602532461218784
T6_plain,DST,2,cold_start_time_since_reset,60-300_s,20.0,35-65,9.23603742521337,9.333629854633651,-9.23603742521337
T6_plain,DST,2,cold_start_time_since_reset,60-300_s,20.0,<=35,8.709657957548558,10.5632335650268,-8.709657957548558
T6_plain,DST,2,cold_start_time_since_reset,60-300_s,20.0,>65,10.368292366797142,10.520941156599852,-10.368292366797142
T6_plain,DST,2,cold_start_time_since_reset,60-300_s,25.0,35-65,1.8880834180923207,2.430264063288526,-1.619135420839222
T6_plain,DST,2,cold_start_time_since_reset,60-300_s,25.0,<=35,3.115395220943801,3.202195491055537,-3.115395220943801
T6_plain,DST,2,cold_start_time_since_reset,60-300_s,25.0,>65,20.154912877535722,21.756375358660573,-20.154912877535722
T6_plain,DST,2,cold_start_time_since_reset,60-300_s,30.0,35-65,8.267143759448162,8.306935629659577,-8.267143759448162
T6_plain,DST,2,cold_start_time_since_reset,60-300_s,30.0,<=35,2.10014881717388,2.1559040579528026,-2.10014881717388
T6_plain,DST,2,cold_start_time_since_reset,60-300_s,30.0,>65,4.922669210848237,4.952859812974925,-4.922669210848237
T6_plain,DST,2,cold_start_time_since_reset,60-300_s,40.0,35-65,6.82514566861685,6.835913662639366,-6.82514566861685
T6_plain,DST,2,cold_start_time_since_reset,60-300_s,40.0,<=35,2.8026285992637954,2.8766389307864397,-2.8026285992637954
T6_plain,DST,2,cold_start_time_since_reset,60-300_s,40.0,>65,1.9465133116338242,1.9668344313119597,-1.9465133116338242
T6_plain,DST,2,cold_start_time_since_reset,60-300_s,50.0,35-65,7.849061226255216,10.631967390212397,-7.849061226255216
T6_plain,DST,2,cold_start_time_since_reset,60-300_s,50.0,<=35,3.9087204761207914,4.8316411664288506,-3.905379431025606
T6_plain,DST,2,cold_start_time_since_reset,60-300_s,50.0,>65,10.970150433543877,11.570440731071686,-10.970150433543877
T6_plain,DST,2,cold_start_time_since_reset,900-1800_s,-10.0,35-65,3.1926773720303094,4.191314083409006,-1.673827743012254
T6_plain,DST,2,cold_start_time_since_reset,900-1800_s,-10.0,>65,10.37800874842041,10.603266817489299,-10.37800874842041
T6_plain,DST,2,cold_start_time_since_reset,900-1800_s,0.0,35-65,6.54681035719975,7.909622468565813,-6.532398573897871
T6_plain,DST,2,cold_start_time_since_reset,900-1800_s,0.0,<=35,1.7200895523864779,2.441557086766902,-1.6047871947913277
T6_plain,DST,2,cold_start_time_since_reset,900-1800_s,0.0,>65,8.487639290326982,8.505571520177336,-8.487639290326982
T6_plain,DST,2,cold_start_time_since_reset,900-1800_s,10.0,35-65,6.461370415721994,6.802862042907151,-6.461370415721994
T6_plain,DST,2,cold_start_time_since_reset,900-1800_s,10.0,<=35,2.022189587065979,2.6534508911359196,-2.0219260795011573
T6_plain,DST,2,cold_start_time_since_reset,900-1800_s,10.0,>65,7.149425862252833,7.169462319569955,-7.149425862252833
T6_plain,DST,2,cold_start_time_since_reset,900-1800_s,20.0,35-65,6.525025261521265,6.657783490786868,-6.525025261521265
T6_plain,DST,2,cold_start_time_since_reset,900-1800_s,20.0,<=35,1.188759082790877,1.5784216178002317,-1.1642275000338873
T6_plain,DST,2,cold_start_time_since_reset,900-1800_s,20.0,>65,3.462817959062166,3.4795069831955665,-3.462817959062166
T6_plain,DST,2,cold_start_time_since_reset,900-1800_s,25.0,35-65,6.797850801611104,7.301019062381673,-6.733140331593255
T6_plain,DST,2,cold_start_time_since_reset,900-1800_s,25.0,<=35,0.33947685926245375,0.4873037517976908,0.24495688397306808
T6_plain,DST,2,cold_start_time_since_reset,900-1800_s,25.0,>65,13.05155633361782,13.121980549089288,-13.05155633361782
T6_plain,DST,2,cold_start_time_since_reset,900-1800_s,30.0,35-65,1.998931320859729,2.219811810415411,-1.9979319674198184
T6_plain,DST,2,cold_start_time_since_reset,900-1800_s,30.0,<=35,0.2728289573519937,0.34651330815402415,-0.14890521140760513
T6_plain,DST,2,cold_start_time_since_reset,900-1800_s,30.0,>65,2.04375839794444,2.121580867334644,-2.04375839794444
T6_plain,DST,2,cold_start_time_since_reset,900-1800_s,40.0,35-65,2.484683862564052,2.7637616896199004,-2.4822997665523756
T6_plain,DST,2,cold_start_time_since_reset,900-1800_s,40.0,<=35,0.2803949221677854,0.3610858803215327,0.051925235160440064
T6_plain,DST,2,cold_start_time_since_reset,900-1800_s,50.0,35-65,3.5105944108933933,4.541566389996247,-3.4207099695338155
T6_plain,DST,2,cold_start_time_since_reset,900-1800_s,50.0,<=35,0.33307944841029125,0.45224177375523356,0.1930467966035632
T6_plain,DST,2,cold_start_time_since_reset,900-1800_s,50.0,>65,1.2150694657393457,1.335370467959136,-1.2100486711308027
T6_plain,DST,2,cold_start_time_since_reset,<=60_s,-10.0,35-65,3.4629144908657645,4.0081393718906035,-3.4629144908657645
T6_plain,DST,2,cold_start_time_since_reset,<=60_s,-10.0,>65,19.142864778843276,19.79176410035415,-19.142864778843276
T6_plain,DST,2,cold_start_time_since_reset,<=60_s,0.0,35-65,14.452231989718003,14.975160203477186,-14.452231989718003
T6_plain,DST,2,cold_start_time_since_reset,<=60_s,0.0,<=35,5.66765191332661,5.668126769765174,-5.66765191332661
T6_plain,DST,2,cold_start_time_since_reset,<=60_s,0.0,>65,24.760189678936005,26.154303200526993,-24.760189678936005
T6_plain,DST,2,cold_start_time_since_reset,<=60_s,10.0,35-65,26.753256227207185,26.75463964745554,-26.753256227207185
T6_plain,DST,2,cold_start_time_since_reset,<=60_s,10.0,<=35,13.101860362098172,13.7834048447783,-13.101860362098172
T6_plain,DST,2,cold_start_time_since_reset,<=60_s,10.0,>65,13.690891764229814,13.754498250858656,-13.690891764229814
T6_plain,DST,2,cold_start_time_since_reset,<=60_s,20.0,35-65,10.7351590637533,10.73550174900274,-10.7351590637533
T6_plain,DST,2,cold_start_time_since_reset,<=60_s,20.0,<=35,10.675506507969942,12.81482873225466,-10.675506507969942
T6_plain,DST,2,cold_start_time_since_reset,<=60_s,20.0,>65,11.346601746369103,11.534110785635916,-11.346601746369103
T6_plain,DST,2,cold_start_time_since_reset,<=60_s,25.0,35-65,2.440508647226085,3.0053910233176957,-2.440508647226085
T6_plain,DST,2,cold_start_time_since_reset,<=60_s,25.0,<=35,4.520147918018687,4.520433797865636,-4.520147918018687
T6_plain,DST,2,cold_start_time_since_reset,<=60_s,25.0,>65,23.83668615846044,26.055980177016085,-23.83668615846044
T6_plain,DST,2,cold_start_time_since_reset,<=60_s,30.0,35-65,9.279037172212426,9.306564289535022,-9.279037172212426
T6_plain,DST,2,cold_start_time_since_reset,<=60_s,30.0,<=35,2.9028987805552275,2.9561198515325966,-2.9028987805552275
T6_plain,DST,2,cold_start_time_since_reset,<=60_s,30.0,>65,5.289039651396319,5.289155931309477,-5.289039651396319
T6_plain,DST,2,cold_start_time_since_reset,<=60_s,40.0,35-65,7.287032820631663,7.2902818534713445,-7.287032820631663
T6_plain,DST,2,cold_start_time_since_reset,<=60_s,40.0,<=35,4.366563958269467,4.375423855780724,-4.366563958269467
T6_plain,DST,2,cold_start_time_since_reset,<=60_s,40.0,>65,2.3990137898823134,2.399499139110923,-2.3990137898823134
T6_plain,DST,2,cold_start_time_since_reset,<=60_s,50.0,35-65,1.682319035383861,1.6823338437390578,-1.682319035383861
T6_plain,DST,2,cold_start_time_since_reset,<=60_s,50.0,<=35,4.666452082724657,5.75831442329575,-4.666452082724657
T6_plain,DST,2,cold_start_time_since_reset,<=60_s,50.0,>65,14.818316207419656,15.34360635171746,-14.818316207419656
T6_plain,DST,2,cold_start_time_since_reset,>3600_s,-10.0,35-65,0.5874902608023854,0.7386284672725595,-0.5874902608023854
T6_plain,DST,2,cold_start_time_since_reset,>3600_s,-10.0,<=35,0.5816089190572467,0.8236594687614717,0.10735027240771336
T6_plain,DST,2,cold_start_time_since_reset,>3600_s,0.0,<=35,0.5554917437815231,0.6634464948861534,-0.32198604416342586
T6_plain,DST,2,cold_start_time_since_reset,>3600_s,10.0,35-65,0.848572340538873,0.8495085299988235,-0.848572340538873
T6_plain,DST,2,cold_start_time_since_reset,>3600_s,10.0,<=35,0.3305413815656458,0.4253553073823295,-0.06332009759315166
T6_plain,DST,2,cold_start_time_since_reset,>3600_s,20.0,35-65,0.4666405330632948,0.5256991502193527,-0.4121690950508558
T6_plain,DST,2,cold_start_time_since_reset,>3600_s,20.0,<=35,0.3026919254603221,0.3913263474909289,-0.08540605785277651
T6_plain,DST,2,cold_start_time_since_reset,>3600_s,25.0,<=35,0.25881008067335687,0.369931114370495,0.1979509437147206
T6_plain,DST,2,cold_start_time_since_reset,>3600_s,30.0,35-65,0.2644288233584356,0.2824781710797995,-0.20048708803827403
T6_plain,DST,2,cold_start_time_since_reset,>3600_s,30.0,<=35,0.25388728715368086,0.34273580736155235,0.05349453593351679
T6_plain,DST,2,cold_start_time_since_reset,>3600_s,40.0,<=35,0.3311478792208031,0.40313038577179167,0.14298849554472445
T6_plain,DST,2,cold_start_time_since_reset,>3600_s,50.0,35-65,0.19000579343395235,0.2811145464256791,0.10036931840073267
T6_plain,DST,2,cold_start_time_since_reset,>3600_s,50.0,<=35,0.37593456231727845,0.47556789565485513,0.3575674426032452
T6_plain,FUDS,0,baseline,unperturbed,-10.0,35-65,2.624457291058394,2.877118733566025,2.125182158759124
T6_plain,FUDS,0,baseline,unperturbed,-10.0,<=35,1.4513116572164948,1.7893389836708358,1.2369481752577318
T6_plain,FUDS,0,baseline,unperturbed,-10.0,>65,0.9606607915567285,1.0962443169821317,0.9193509001130796
T6_plain,FUDS,0,baseline,unperturbed,0.0,35-65,1.1575602091324202,1.4234044138649742,0.8932536009132422
T6_plain,FUDS,0,baseline,unperturbed,0.0,<=35,0.8858712479342723,1.14018655708328,0.5792216437089202
T6_plain,FUDS,0,baseline,unperturbed,0.0,>65,0.5461500037807184,0.6455040194429282,0.4500741860113422
T6_plain,FUDS,0,baseline,unperturbed,10.0,35-65,0.8151250168105406,1.0567130772401174,0.6778231285779193
T6_plain,FUDS,0,baseline,unperturbed,10.0,<=35,0.6434459192118226,0.8169143939357344,0.5707859561128527
T6_plain,FUDS,0,baseline,unperturbed,10.0,>65,0.5365089748743719,0.6400613646617338,0.45969089447236183
T6_plain,FUDS,0,baseline,unperturbed,20.0,35-65,0.5609404945404914,0.7464031469039403,0.14534925796178338
T6_plain,FUDS,0,baseline,unperturbed,20.0,<=35,0.4481877413807532,0.5910651524594532,0.21584566698744773
T6_plain,FUDS,0,baseline,unperturbed,20.0,>65,0.4648781161217587,0.563761656532821,0.20247659263434808
T6_plain,FUDS,0,baseline,unperturbed,25.0,35-65,0.5380181230628989,0.7371588504071084,0.030148647219690048
T6_plain,FUDS,0,baseline,unperturbed,25.0,<=35,0.4087915192229867,0.5296076885202397,0.14787701181707807
T6_plain,FUDS,0,baseline,unperturbed,25.0,>65,0.5307051753197893,0.642011224420827,0.20357174341610226
T6_plain,FUDS,0,baseline,unperturbed,30.0,35-65,0.5660708156093108,0.7692421942531148,-0.3621670438156094
T6_plain,FUDS,0,baseline,unperturbed,30.0,<=35,0.3979890071314102,0.48815060780600045,-0.16416818717948717
T6_plain,FUDS,0,baseline,unperturbed,30.0,>65,0.5589235653136531,0.6744580352043822,-0.04102336236162366
T6_plain,FUDS,0,baseline,unperturbed,40.0,35-65,0.6307746039783002,0.8233135700466678,-0.48560682188065096
T6_plain,FUDS,0,baseline,unperturbed,40.0,<=35,0.44794866564915,0.5643346774746678,-0.3229792862055641
T6_plain,FUDS,0,baseline,unperturbed,40.0,>65,0.6262972572370832,0.7569680636725974,-0.09503868633198971
T6_plain,FUDS,0,baseline,unperturbed,50.0,35-65,0.8296684513794662,1.0649276828870469,-0.8088264649479872
T6_plain,FUDS,0,baseline,unperturbed,50.0,<=35,0.6045196812738368,0.7744334645697601,-0.5465908955377574
T6_plain,FUDS,0,baseline,unperturbed,50.0,>65,0.686213147144949,0.8352453590743187,-0.1458737430453882
T6_plain,FUDS,0,cold_start_time_since_reset,1800-3600_s,-10.0,35-65,1.9780239612352977,2.3840078564647538,0.7426348443365853
T6_plain,FUDS,0,cold_start_time_since_reset,1800-3600_s,-10.0,<=35,0.9246438981491114,1.191538747600588,0.227003307298344
T6_plain,FUDS,0,cold_start_time_since_reset,1800-3600_s,0.0,35-65,2.3942517673264723,2.8989606523550946,-1.7198606804511518
T6_plain,FUDS,0,cold_start_time_since_reset,1800-3600_s,0.0,<=35,0.8632893376349989,1.040588266040064,0.048429245309780364
T6_plain,FUDS,0,cold_start_time_since_reset,1800-3600_s,0.0,>65,5.730763792043871,5.73127933076103,-5.730763792043871
T6_plain,FUDS,0,cold_start_time_since_reset,1800-3600_s,10.0,35-65,2.774149369995346,3.737766299006719,-2.543247205352409
T6_plain,FUDS,0,cold_start_time_since_reset,1800-3600_s,10.0,<=35,0.6269898742292723,0.909136568888199,-0.20983269304072893
T6_plain,FUDS,0,cold_start_time_since_reset,1800-3600_s,20.0,35-65,2.184804181879922,2.5978881802490696,-2.10452727157768
T6_plain,FUDS,0,cold_start_time_since_reset,1800-3600_s,20.0,<=35,0.5370830367587253,0.6762452625416155,-0.35722671145971724
T6_plain,FUDS,0,cold_start_time_since_reset,1800-3600_s,25.0,35-65,2.8984426650606108,3.315725991885233,-2.8984426650606108
T6_plain,FUDS,0,cold_start_time_since_reset,1800-3600_s,25.0,<=35,0.5360014904026537,0.6314809615167122,-0.17462963589939276
T6_plain,FUDS,0,cold_start_time_since_reset,1800-3600_s,25.0,>65,5.856345415346229,5.8572935541777795,-5.856345415346229
T6_plain,FUDS,0,cold_start_time_since_reset,1800-3600_s,30.0,35-65,2.0732698427372265,2.451175820578361,-2.071991709513547
T6_plain,FUDS,0,cold_start_time_since_reset,1800-3600_s,30.0,<=35,0.6399210249755868,0.7822960921355703,-0.560788421230337
T6_plain,FUDS,0,cold_start_time_since_reset,1800-3600_s,40.0,35-65,3.118527010918395,3.645064922244737,-3.118527010918395
T6_plain,FUDS,0,cold_start_time_since_reset,1800-3600_s,40.0,<=35,0.6230214223784096,0.7613303276262228,-0.6146056805838209
T6_plain,FUDS,0,cold_start_time_since_reset,1800-3600_s,50.0,35-65,3.009391954543365,3.4014463566510673,-3.009391954543365
T6_plain,FUDS,0,cold_start_time_since_reset,1800-3600_s,50.0,<=35,0.7677603332462352,0.9706195911262568,-0.7356287195696303
T6_plain,FUDS,0,cold_start_time_since_reset,300-900_s,-10.0,35-65,12.60700256042409,13.476161488110376,-12.60700256042409
T6_plain,FUDS,0,cold_start_time_since_reset,300-900_s,-10.0,<=35,19.06404702185296,19.133069601131698,-19.06404702185296
T6_plain,FUDS,0,cold_start_time_since_reset,300-900_s,-10.0,>65,8.750950713629528,10.279904883093723,-8.750950713629528
T6_plain,FUDS,0,cold_start_time_since_reset,300-900_s,0.0,35-65,6.397187168399614,7.082806366557245,-6.397187168399614
T6_plain,FUDS,0,cold_start_time_since_reset,300-900_s,0.0,<=35,3.4939835785323825,4.739975763039292,-3.1841587502513335
T6_plain,FUDS,0,cold_start_time_since_reset,300-900_s,0.0,>65,13.0225982209094,13.072649960871201,-13.0225982209094
T6_plain,FUDS,0,cold_start_time_since_reset,300-900_s,10.0,35-65,14.094872411931705,15.150400346207826,-14.094872411931705
T6_plain,FUDS,0,cold_start_time_since_reset,300-900_s,10.0,<=35,0.8734096388851061,1.137251395201997,-0.8699017443124138
T6_plain,FUDS,0,cold_start_time_since_reset,300-900_s,10.0,>65,27.61393861403222,27.868591598735858,-27.61393861403222
T6_plain,FUDS,0,cold_start_time_since_reset,300-900_s,20.0,35-65,8.89910827225142,10.052099114719201,-8.89910827225142
T6_plain,FUDS,0,cold_start_time_since_reset,300-900_s,20.0,<=35,3.805850149666079,6.273990850645171,-3.784789030899328
T6_plain,FUDS,0,cold_start_time_since_reset,300-900_s,20.0,>65,9.582878896303063,9.858046783895448,-9.582878896303063
T6_plain,FUDS,0,cold_start_time_since_reset,300-900_s,25.0,35-65,9.552079575563676,10.558938539529926,-9.552079575563676
T6_plain,FUDS,0,cold_start_time_since_reset,300-900_s,25.0,<=35,1.2041644421252733,1.7301249990346872,-1.1942172777157753
T6_plain,FUDS,0,cold_start_time_since_reset,300-900_s,25.0,>65,11.805455504428314,11.893225616420159,-11.805455504428314
T6_plain,FUDS,0,cold_start_time_since_reset,300-900_s,30.0,35-65,10.068537308749862,10.45502774111604,-10.068537308749862
T6_plain,FUDS,0,cold_start_time_since_reset,300-900_s,30.0,<=35,5.0558863025689575,5.381808716317021,-5.0558863025689575
T6_plain,FUDS,0,cold_start_time_since_reset,300-900_s,30.0,>65,8.235699896971662,9.090691507845785,-8.235699896971662
T6_plain,FUDS,0,cold_start_time_since_reset,300-900_s,40.0,35-65,7.249635889570906,8.948195164878467,-7.249635889570906
T6_plain,FUDS,0,cold_start_time_since_reset,300-900_s,40.0,<=35,4.117118244774951,4.202702902235205,-4.117118244774951
T6_plain,FUDS,0,cold_start_time_since_reset,300-900_s,40.0,>65,14.088883677151573,14.367535496111476,-14.088883677151573
T6_plain,FUDS,0,cold_start_time_since_reset,300-900_s,50.0,35-65,10.17568030234113,11.452313277022139,-10.17568030234113
T6_plain,FUDS,0,cold_start_time_since_reset,300-900_s,50.0,<=35,1.827720126930369,2.1082567703476442,-1.8175021317052713
T6_plain,FUDS,0,cold_start_time_since_reset,300-900_s,50.0,>65,9.73495014394838,9.808616659365638,-9.73495014394838
T6_plain,FUDS,0,cold_start_time_since_reset,60-300_s,-10.0,35-65,18.462346068314314,18.893078241852884,-18.462346068314314
T6_plain,FUDS,0,cold_start_time_since_reset,60-300_s,-10.0,>65,14.737294187951184,16.283856308237528,-14.737294187951184
T6_plain,FUDS,0,cold_start_time_since_reset,60-300_s,0.0,35-65,11.91365396205416,12.333368758266364,-11.91365396205416
T6_plain,FUDS,0,cold_start_time_since_reset,60-300_s,0.0,<=35,6.278246897547657,7.1499875238517285,-6.278246897547657
T6_plain,FUDS,0,cold_start_time_since_reset,60-300_s,0.0,>65,12.079215388160543,13.179446341624768,-12.079215388160543
T6_plain,FUDS,0,cold_start_time_since_reset,60-300_s,10.0,35-65,17.428993347103457,20.64773594126222,-17.428993347103457
T6_plain,FUDS,0,cold_start_time_since_reset,60-300_s,10.0,<=35,2.539730138007892,2.7318579291461687,-2.539730138007892
T6_plain,FUDS,0,cold_start_time_since_reset,60-300_s,10.0,>65,25.33264851901744,27.901788088603812,-25.33264851901744
T6_plain,FUDS,0,cold_start_time_since_reset,60-300_s,20.0,35-65,14.91447231867049,15.804752277945203,-14.91447231867049
T6_plain,FUDS,0,cold_start_time_since_reset,60-300_s,20.0,<=35,2.8809555701810203,2.9372655524344995,-2.8809555701810203
T6_plain,FUDS,0,cold_start_time_since_reset,60-300_s,20.0,>65,12.486589719166075,12.687767178096491,-12.486589719166075
T6_plain,FUDS,0,cold_start_time_since_reset,60-300_s,25.0,35-65,11.438728115285485,13.58351852045769,-11.438728115285485
T6_plain,FUDS,0,cold_start_time_since_reset,60-300_s,25.0,<=35,5.256779036909136,5.290758209775592,-5.256779036909136
T6_plain,FUDS,0,cold_start_time_since_reset,60-300_s,25.0,>65,15.456106049835142,15.471489673438704,-15.456106049835142
T6_plain,FUDS,0,cold_start_time_since_reset,60-300_s,30.0,35-65,12.89084060798728,12.91652548828575,-12.89084060798728
T6_plain,FUDS,0,cold_start_time_since_reset,60-300_s,30.0,<=35,9.035591644826203,9.095176731431343,-9.035591644826203
T6_plain,FUDS,0,cold_start_time_since_reset,60-300_s,30.0,>65,13.416147170195655,13.933100953999809,-13.416147170195655
T6_plain,FUDS,0,cold_start_time_since_reset,60-300_s,40.0,35-65,7.702890451708887,7.802122226706675,-7.702890451708887
T6_plain,FUDS,0,cold_start_time_since_reset,60-300_s,40.0,<=35,6.607996179190752,6.658397823512283,-6.607996179190752
T6_plain,FUDS,0,cold_start_time_since_reset,60-300_s,40.0,>65,17.69763870477798,17.9275252172855,-17.69763870477798
T6_plain,FUDS,0,cold_start_time_since_reset,60-300_s,50.0,35-65,10.114602461279333,10.557587429629288,-10.114602461279333
T6_plain,FUDS,0,cold_start_time_since_reset,60-300_s,50.0,<=35,4.413629361239893,4.527169532415297,-4.413629361239893
T6_plain,FUDS,0,cold_start_time_since_reset,60-300_s,50.0,>65,17.181747191607187,17.3823072305638,-17.181747191607187
T6_plain,FUDS,0,cold_start_time_since_reset,900-1800_s,-10.0,35-65,3.9900752050132846,4.531875090894296,-3.9787717601391925
T6_plain,FUDS,0,cold_start_time_since_reset,900-1800_s,-10.0,<=35,6.9919632378278775,9.351838612370857,-6.850243994922754
T6_plain,FUDS,0,cold_start_time_since_reset,900-1800_s,-10.0,>65,3.355162512878794,3.3806671190482573,-3.355162512878794
T6_plain,FUDS,0,cold_start_time_since_reset,900-1800_s,0.0,35-65,1.5705318611670276,1.800338277722211,-1.569031264592776
T6_plain,FUDS,0,cold_start_time_since_reset,900-1800_s,0.0,<=35,1.082125732915726,1.4544621753281808,-0.9750047721659099
T6_plain,FUDS,0,cold_start_time_since_reset,900-1800_s,0.0,>65,7.737461287611042,7.817975741572889,-7.737461287611042
T6_plain,FUDS,0,cold_start_time_since_reset,900-1800_s,10.0,35-65,8.07819434386831,9.304475232946473,-8.07819434386831
T6_plain,FUDS,0,cold_start_time_since_reset,900-1800_s,10.0,<=35,0.5089253028862607,0.6255783461444703,0.05373386342241813
T6_plain,FUDS,0,cold_start_time_since_reset,900-1800_s,10.0,>65,20.20776477611174,20.21808765122368,-20.20776477611174
T6_plain,FUDS,0,cold_start_time_since_reset,900-1800_s,20.0,35-65,6.0797546332982275,6.448285905103248,-6.0797546332982275
T6_plain,FUDS,0,cold_start_time_since_reset,900-1800_s,20.0,<=35,2.2230554845835746,3.2729853316969013,-2.2222202064702747
T6_plain,FUDS,0,cold_start_time_since_reset,900-1800_s,20.0,>65,5.053287111019164,5.061453171091622,-5.053287111019164
T6_plain,FUDS,0,cold_start_time_since_reset,900-1800_s,25.0,35-65,5.176855912203771,5.717797430631421,-5.176855912203771
T6_plain,FUDS,0,cold_start_time_since_reset,900-1800_s,25.0,<=35,0.9353191566127703,1.031400831100753,-0.4543251398818349
T6_plain,FUDS,0,cold_start_time_since_reset,900-1800_s,25.0,>65,6.603254522119596,6.645304704018334,-6.603254522119596
T6_plain,FUDS,0,cold_start_time_since_reset,900-1800_s,30.0,35-65,5.586752320518264,5.979111109840779,-5.586752320518264
T6_plain,FUDS,0,cold_start_time_since_reset,900-1800_s,30.0,<=35,1.49431601178995,1.5765031140819306,-1.49431601178995
T6_plain,FUDS,0,cold_start_time_since_reset,900-1800_s,30.0,>65,5.420775872338671,5.4225215516795835,-5.420775872338671
T6_plain,FUDS,0,cold_start_time_since_reset,900-1800_s,40.0,35-65,8.496520732587236,8.697845498695193,-8.496520732587236
T6_plain,FUDS,0,cold_start_time_since_reset,900-1800_s,40.0,<=35,1.325456468902414,1.5951646576460792,-1.3200465251894073
T6_plain,FUDS,0,cold_start_time_since_reset,900-1800_s,40.0,>65,10.532477203051759,10.533225961239165,-10.532477203051759
T6_plain,FUDS,0,cold_start_time_since_reset,900-1800_s,50.0,35-65,7.933204547517473,8.10691435314292,-7.933204547517473
T6_plain,FUDS,0,cold_start_time_since_reset,900-1800_s,50.0,<=35,1.6673404373696175,1.9339047414878723,-1.6671924647427319
T6_plain,FUDS,0,cold_start_time_since_reset,900-1800_s,50.0,>65,8.136561989990826,8.137796918061618,-8.136561989990826
T6_plain,FUDS,0,cold_start_time_since_reset,<=60_s,-10.0,35-65,19.257293307082364,19.859108869459572,-19.257293307082364
T6_plain,FUDS,0,cold_start_time_since_reset,<=60_s,-10.0,>65,16.559067596777037,18.259295734442954,-16.559067596777037
T6_plain,FUDS,0,cold_start_time_since_reset,<=60_s,0.0,35-65,13.336921753373234,13.530382021758287,-13.336921753373234
T6_plain,FUDS,0,cold_start_time_since_reset,<=60_s,0.0,<=35,5.278090061358365,5.286821693410513,-5.278090061358365
T6_plain,FUDS,0,cold_start_time_since_reset,<=60_s,0.0,>65,12.313672578104889,13.642026151062689,-12.313672578104889
T6_plain,FUDS,0,cold_start_time_since_reset,<=60_s,10.0,35-65,17.35483519609937,21.55241628045078,-17.35483519609937
T6_plain,FUDS,0,cold_start_time_since_reset,<=60_s,10.0,<=35,3.2344625900362187,3.2396544780522363,-3.2344625900362187
T6_plain,FUDS,0,cold_start_time_since_reset,<=60_s,10.0,>65,26.686035060805228,29.469281986986644,-26.686035060805228
T6_plain,FUDS,0,cold_start_time_since_reset,<=60_s,20.0,35-65,17.292769848181816,18.33260217738704,-17.292769848181816
T6_plain,FUDS,0,cold_start_time_since_reset,<=60_s,20.0,<=35,2.649252591725436,2.6495026771509584,-2.649252591725436
T6_plain,FUDS,0,cold_start_time_since_reset,<=60_s,20.0,>65,13.504441334658535,13.674568840818148,-13.504441334658535
T6_plain,FUDS,0,cold_start_time_since_reset,<=60_s,25.0,35-65,12.745350045022906,14.839885955309322,-12.745350045022906
T6_plain,FUDS,0,cold_start_time_since_reset,<=60_s,25.0,<=35,6.430684324921867,6.430700341251811,-6.430684324921867
T6_plain,FUDS,0,cold_start_time_since_reset,<=60_s,25.0,>65,16.80798728056058,16.808828218205477,-16.80798728056058
T6_plain,FUDS,0,cold_start_time_since_reset,<=60_s,30.0,35-65,14.617773881783917,14.618066923717478,-14.617773881783917
T6_plain,FUDS,0,cold_start_time_since_reset,<=60_s,30.0,<=35,10.492858267400306,10.520718097470127,-10.492858267400306
T6_plain,FUDS,0,cold_start_time_since_reset,<=60_s,30.0,>65,14.306837155822059,14.839808363184833,-14.306837155822059
T6_plain,FUDS,0,cold_start_time_since_reset,<=60_s,40.0,35-65,8.568430700363853,8.657998165448635,-8.568430700363853
T6_plain,FUDS,0,cold_start_time_since_reset,<=60_s,40.0,<=35,8.651618494795366,8.652272850145152,-8.651618494795366
T6_plain,FUDS,0,cold_start_time_since_reset,<=60_s,40.0,>65,19.454141029602745,19.65240743306398,-19.454141029602745
T6_plain,FUDS,0,cold_start_time_since_reset,<=60_s,50.0,35-65,11.74292491666343,11.743000855433396,-11.74292491666343
T6_plain,FUDS,0,cold_start_time_since_reset,<=60_s,50.0,<=35,6.00978074024441,6.089431111508838,-6.00978074024441
T6_plain,FUDS,0,cold_start_time_since_reset,<=60_s,50.0,>65,18.79416163488041,18.899460560056625,-18.79416163488041
T6_plain,FUDS,0,cold_start_time_since_reset,>3600_s,-10.0,35-65,3.179372563665586,3.2154942258261183,3.179372563665586
T6_plain,FUDS,0,cold_start_time_since_reset,>3600_s,-10.0,<=35,1.3187538994850179,1.6388099890181607,1.067256312184334
T6_plain,FUDS,0,cold_start_time_since_reset,>3600_s,0.0,35-65,1.730292101193325,1.778070646219907,1.730292101193325
T6_plain,FUDS,0,cold_start_time_since_reset,>3600_s,0.0,<=35,0.7973007239455998,1.044673088551596,0.40992588642638694
T6_plain,FUDS,0,cold_start_time_since_reset,>3600_s,10.0,<=35,0.396090912846913,0.5718073927075856,0.24050928762950377
T6_plain,FUDS,0,cold_start_time_since_reset,>3600_s,20.0,35-65,0.31450180665843536,0.36842205943884193,0.3131824165697612
T6_plain,FUDS,0,cold_start_time_since_reset,>3600_s,20.0,<=35,0.4187877574516466,0.570203954182994,0.1041743750001405
T6_plain,FUDS,0,cold_start_time_since_reset,>3600_s,25.0,35-65,0.29100098302140026,0.4253707640727548,0.06192964756646716
T6_plain,FUDS,0,cold_start_time_since_reset,>3600_s,25.0,<=35,0.36784527365549696,0.45921749466978623,0.027386389834051162
T6_plain,FUDS,0,cold_start_time_since_reset,>3600_s,30.0,<=35,0.3910033241544276,0.4776182443928507,-0.18980723699434313
T6_plain,FUDS,0,cold_start_time_since_reset,>3600_s,40.0,<=35,0.4639786685570983,0.6116515873699996,-0.35994228761098235
T6_plain,FUDS,0,cold_start_time_since_reset,>3600_s,50.0,35-65,0.7284550209357522,0.7298659689446375,-0.7284550209357522
T6_plain,FUDS,0,cold_start_time_since_reset,>3600_s,50.0,<=35,0.6234587627893783,0.8055862895982816,-0.589623627364143
T6_plain,FUDS,1,baseline,unperturbed,-10.0,35-65,2.315705323448905,2.7194967621187884,1.8741119685218977
T6_plain,FUDS,1,baseline,unperturbed,-10.0,<=35,1.2885532474226804,1.6588645985929973,0.6460115283505155
T6_plain,FUDS,1,baseline,unperturbed,-10.0,>65,0.8232575133810782,0.9575087717875582,0.730788001884659
T6_plain,FUDS,1,baseline,unperturbed,0.0,35-65,1.043228791324201,1.321221308524528,0.5846812680365298
T6_plain,FUDS,1,baseline,unperturbed,0.0,<=35,0.816755051971831,1.020465289791716,0.43228863347417845
T6_plain,FUDS,1,baseline,unperturbed,0.0,>65,0.49772164612476366,0.6164175728451681,0.3423744710775048
T6_plain,FUDS,1,baseline,unperturbed,10.0,35-65,0.6997384834166288,0.8747034805596348,0.323205862789641
T6_plain,FUDS,1,baseline,unperturbed,10.0,<=35,0.5308901188087776,0.6666695951644421,0.46405645727720557
T6_plain,FUDS,1,baseline,unperturbed,10.0,>65,0.5294274441437959,0.6606664654562661,0.4320182033243139
T6_plain,FUDS,1,baseline,unperturbed,20.0,35-65,0.5090917224749771,0.6942377747423542,-0.05262697452229301
T6_plain,FUDS,1,baseline,unperturbed,20.0,<=35,0.3048420776150628,0.41855190480251453,0.10124845610878663
T6_plain,FUDS,1,baseline,unperturbed,20.0,>65,0.4820729440060128,0.5878467278848414,0.19739685606914692
T6_plain,FUDS,1,baseline,unperturbed,25.0,35-65,0.5119812433910664,0.7184598804783541,-0.12914288422971731
T6_plain,FUDS,1,baseline,unperturbed,25.0,<=35,0.32475359781464996,0.4028838089196184,0.10635962938081744
T6_plain,FUDS,1,baseline,unperturbed,25.0,>65,0.5562343991723099,0.6819869482175056,0.23199846162528215
T6_plain,FUDS,1,baseline,unperturbed,30.0,35-65,0.5934612350524875,0.7572173884847913,-0.41796113829301684
T6_plain,FUDS,1,baseline,unperturbed,30.0,<=35,0.35336127704326925,0.43517211472890155,-0.1746542764823718
T6_plain,FUDS,1,baseline,unperturbed,30.0,>65,0.5668136804428043,0.6932009533575718,0.018737380073800675
T6_plain,FUDS,1,baseline,unperturbed,40.0,35-65,0.6555083743218806,0.8422065763726412,-0.5797555533453889
T6_plain,FUDS,1,baseline,unperturbed,40.0,<=35,0.4951667113601237,0.6261393379750947,-0.40020556862442036
T6_plain,FUDS,1,baseline,unperturbed,40.0,>65,0.6634443983144008,0.7944837777168262,-0.018697264565774988
T6_plain,FUDS,1,baseline,unperturbed,50.0,35-65,0.8549926512890095,1.0601489903029762,-0.8451108141112619
T6_plain,FUDS,1,baseline,unperturbed,50.0,<=35,0.6647222966437835,0.8412470544861517,-0.602548594126621
T6_plain,FUDS,1,baseline,unperturbed,50.0,>65,0.7168206368960469,0.8541374801019378,-0.07168462225475851
T6_plain,FUDS,1,cold_start_time_since_reset,1800-3600_s,-10.0,35-65,1.8958322560580971,2.4102307384696906,0.4606121684175225
T6_plain,FUDS,1,cold_start_time_since_reset,1800-3600_s,-10.0,<=35,1.1857948400125082,1.496718299793556,-0.5759338687917236
T6_plain,FUDS,1,cold_start_time_since_reset,1800-3600_s,0.0,35-65,2.666662787864386,3.2055210531724243,-2.08391682556741
T6_plain,FUDS,1,cold_start_time_since_reset,1800-3600_s,0.0,<=35,0.8227562029496986,0.9590793934654293,-0.07565612109420257
T6_plain,FUDS,1,cold_start_time_since_reset,1800-3600_s,0.0,>65,6.4947082563890035,6.495155560289439,-6.4947082563890035
T6_plain,FUDS,1,cold_start_time_since_reset,1800-3600_s,10.0,35-65,3.1391790996132674,4.194173657262211,-3.0640965368069226
T6_plain,FUDS,1,cold_start_time_since_reset,1800-3600_s,10.0,<=35,0.6010748318735013,0.9376665100919245,-0.3367344785292388
T6_plain,FUDS,1,cold_start_time_since_reset,1800-3600_s,20.0,35-65,2.4032997729979484,2.811573863297758,-2.3781618711139045
T6_plain,FUDS,1,cold_start_time_since_reset,1800-3600_s,20.0,<=35,0.44232432335154076,0.5694385454369465,-0.3371486032041404
T6_plain,FUDS,1,cold_start_time_since_reset,1800-3600_s,25.0,35-65,3.1175035919266314,3.530603434191936,-3.1175035919266314
T6_plain,FUDS,1,cold_start_time_since_reset,1800-3600_s,25.0,<=35,0.48297371513945003,0.6108690508623313,-0.18717109307873098
T6_plain,FUDS,1,cold_start_time_since_reset,1800-3600_s,25.0,>65,6.465047548877385,6.46620543117797,-6.465047548877385
T6_plain,FUDS,1,cold_start_time_since_reset,1800-3600_s,30.0,35-65,2.1544666412917612,2.510480067591853,-2.1532400226570134
T6_plain,FUDS,1,cold_start_time_since_reset,1800-3600_s,30.0,<=35,0.5717972146439677,0.7256184302368089,-0.5025493620842714
T6_plain,FUDS,1,cold_start_time_since_reset,1800-3600_s,40.0,35-65,3.2023651520803313,3.7004063344108364,-3.2023651520803313
T6_plain,FUDS,1,cold_start_time_since_reset,1800-3600_s,40.0,<=35,0.6511273879521569,0.7969929732460689,-0.6406485724547947
T6_plain,FUDS,1,cold_start_time_since_reset,1800-3600_s,50.0,35-65,2.9876050314453373,3.3284129955767097,-2.9876050314453373
T6_plain,FUDS,1,cold_start_time_since_reset,1800-3600_s,50.0,<=35,0.7893629540263487,0.9990370068969718,-0.7414172868122124
T6_plain,FUDS,1,cold_start_time_since_reset,300-900_s,-10.0,35-65,13.9302974520928,14.825359021922456,-13.9302974520928
T6_plain,FUDS,1,cold_start_time_since_reset,300-900_s,-10.0,<=35,20.251923722884,20.31365376840212,-20.251923722884
T6_plain,FUDS,1,cold_start_time_since_reset,300-900_s,-10.0,>65,9.589637223724395,11.407077348034683,-9.589637223724395
T6_plain,FUDS,1,cold_start_time_since_reset,300-900_s,0.0,35-65,6.73141515057301,7.432208368936568,-6.73141515057301
T6_plain,FUDS,1,cold_start_time_since_reset,300-900_s,0.0,<=35,3.2502801644798094,4.476266811585051,-3.118831560382381
T6_plain,FUDS,1,cold_start_time_since_reset,300-900_s,0.0,>65,14.39431509580708,14.516152294544021,-14.39431509580708
T6_plain,FUDS,1,cold_start_time_since_reset,300-900_s,10.0,35-65,15.434142906368066,16.565803430303873,-15.434142906368066
T6_plain,FUDS,1,cold_start_time_since_reset,300-900_s,10.0,<=35,0.995039704944875,1.2818076880595348,-0.9870216059873002
T6_plain,FUDS,1,cold_start_time_since_reset,300-900_s,10.0,>65,29.49962267783362,29.752117544780912,-29.49962267783362
T6_plain,FUDS,1,cold_start_time_since_reset,300-900_s,20.0,35-65,9.393887825968337,10.59984993051034,-9.393887825968337
T6_plain,FUDS,1,cold_start_time_since_reset,300-900_s,20.0,<=35,4.030092215889758,6.599783797989169,-4.026400168040173
T6_plain,FUDS,1,cold_start_time_since_reset,300-900_s,20.0,>65,10.410444080516228,10.694740079768522,-10.410444080516228
T6_plain,FUDS,1,cold_start_time_since_reset,300-900_s,25.0,35-65,9.823018951091305,10.771356503213646,-9.823018951091305
T6_plain,FUDS,1,cold_start_time_since_reset,300-900_s,25.0,<=35,0.9815218246064465,1.3027898189261322,-0.9015719150758809
T6_plain,FUDS,1,cold_start_time_since_reset,300-900_s,25.0,>65,12.793507965886604,12.93033524288828,-12.793507965886604
T6_plain,FUDS,1,cold_start_time_since_reset,300-900_s,30.0,35-65,10.236693746688768,10.654936349024558,-10.236693746688768
T6_plain,FUDS,1,cold_start_time_since_reset,300-900_s,30.0,<=35,4.2916641827804956,4.743404390895004,-4.2916641827804956
T6_plain,FUDS,1,cold_start_time_since_reset,300-900_s,30.0,>65,8.761569423095912,9.563656254504892,-8.761569423095912
T6_plain,FUDS,1,cold_start_time_since_reset,300-900_s,40.0,35-65,7.303316522900147,8.914235560575364,-7.303316522900147
T6_plain,FUDS,1,cold_start_time_since_reset,300-900_s,40.0,<=35,3.713529011134938,3.8195778949296595,-3.713529011134938
T6_plain,FUDS,1,cold_start_time_since_reset,300-900_s,40.0,>65,14.09225532855478,14.37000003553105,-14.09225532855478
T6_plain,FUDS,1,cold_start_time_since_reset,300-900_s,50.0,35-65,9.982575229625029,11.177921355196753,-9.982575229625029
T6_plain,FUDS,1,cold_start_time_since_reset,300-900_s,50.0,<=35,1.4043566507574892,1.7230446787631115,-1.3855192979280677
T6_plain,FUDS,1,cold_start_time_since_reset,300-900_s,50.0,>65,9.443094346228584,9.506177828428362,-9.443094346228584
T6_plain,FUDS,1,cold_start_time_since_reset,60-300_s,-10.0,35-65,20.373459095089682,20.826852562952975,-20.373459095089682
T6_plain,FUDS,1,cold_start_time_since_reset,60-300_s,-10.0,>65,16.255524452336726,17.849408282622672,-16.255524452336726
T6_plain,FUDS,1,cold_start_time_since_reset,60-300_s,0.0,35-65,12.526750859145347,12.918201956080205,-12.526750859145347
T6_plain,FUDS,1,cold_start_time_since_reset,60-300_s,0.0,<=35,5.702114347654275,6.608609839195165,-5.702114347654275
T6_plain,FUDS,1,cold_start_time_since_reset,60-300_s,0.0,>65,13.726308735179911,14.918089587289494,-13.726308735179911
T6_plain,FUDS,1,cold_start_time_since_reset,60-300_s,10.0,35-65,18.6455546069015,21.922724527113598,-18.6455546069015
T6_plain,FUDS,1,cold_start_time_since_reset,60-300_s,10.0,<=35,2.336673021756395,2.5103158483573154,-2.336673021756395
T6_plain,FUDS,1,cold_start_time_since_reset,60-300_s,10.0,>65,26.83290199417916,29.310499162428822,-26.83290199417916
T6_plain,FUDS,1,cold_start_time_since_reset,60-300_s,20.0,35-65,15.388350616446415,16.156361494174792,-15.388350616446415
T6_plain,FUDS,1,cold_start_time_since_reset,60-300_s,20.0,<=35,2.7030717290836654,2.7190153628726086,-2.7030717290836654
T6_plain,FUDS,1,cold_start_time_since_reset,60-300_s,20.0,>65,13.648200612291886,13.79722866350451,-13.648200612291886
T6_plain,FUDS,1,cold_start_time_since_reset,60-300_s,25.0,35-65,11.880082225831917,13.957639837120995,-11.880082225831917
T6_plain,FUDS,1,cold_start_time_since_reset,60-300_s,25.0,<=35,4.34847356275352,4.38988659942407,-4.34847356275352
T6_plain,FUDS,1,cold_start_time_since_reset,60-300_s,25.0,>65,16.788394481657146,16.802327104639332,-16.788394481657146
T6_plain,FUDS,1,cold_start_time_since_reset,60-300_s,30.0,35-65,13.204619584004742,13.227193478188504,-13.204619584004742
T6_plain,FUDS,1,cold_start_time_since_reset,60-300_s,30.0,<=35,8.64393844599944,8.75334989297598,-8.64393844599944
T6_plain,FUDS,1,cold_start_time_since_reset,60-300_s,30.0,>65,13.897527717385966,14.41994628705143,-13.897527717385966
T6_plain,FUDS,1,cold_start_time_since_reset,60-300_s,40.0,35-65,7.568551593973123,7.677607629736274,-7.568551593973123
T6_plain,FUDS,1,cold_start_time_since_reset,60-300_s,40.0,<=35,6.108815921870348,6.1450403645746015,-6.108815921870348
T6_plain,FUDS,1,cold_start_time_since_reset,60-300_s,40.0,>65,17.637878090358896,17.868864593812262,-17.637878090358896
T6_plain,FUDS,1,cold_start_time_since_reset,60-300_s,50.0,35-65,9.885946483555177,10.345909339186182,-9.885946483555177
T6_plain,FUDS,1,cold_start_time_since_reset,60-300_s,50.0,<=35,3.466969686972005,3.6195281630304894,-3.466969686972005
T6_plain,FUDS,1,cold_start_time_since_reset,60-300_s,50.0,>65,16.709701581671816,16.922027207747398,-16.709701581671816
T6_plain,FUDS,1,cold_start_time_since_reset,900-1800_s,-10.0,35-65,4.829401887461077,5.320948083786636,-4.828083760999795
T6_plain,FUDS,1,cold_start_time_since_reset,900-1800_s,-10.0,<=35,7.988306013475847,10.395763125887793,-7.968396562884708
T6_plain,FUDS,1,cold_start_time_since_reset,900-1800_s,-10.0,>65,4.0614531920293,4.072841234698994,-4.0614531920293
T6_plain,FUDS,1,cold_start_time_since_reset,900-1800_s,0.0,35-65,1.9256266277920726,2.0890731638865536,-1.9255306224319129
T6_plain,FUDS,1,cold_start_time_since_reset,900-1800_s,0.0,<=35,1.104578167601043,1.3853108063039399,-1.0831788933479176
T6_plain,FUDS,1,cold_start_time_since_reset,900-1800_s,0.0,>65,8.38463225683738,8.449483072767665,-8.38463225683738
T6_plain,FUDS,1,cold_start_time_since_reset,900-1800_s,10.0,35-65,8.820960123467009,10.106778522012348,-8.820960123467009
T6_plain,FUDS,1,cold_start_time_since_reset,900-1800_s,10.0,<=35,0.42805645527336506,0.5126295481920026,-0.02220579212416101
T6_plain,FUDS,1,cold_start_time_since_reset,900-1800_s,10.0,>65,22.040929928618137,22.049839590808745,-22.040929928618137
T6_plain,FUDS,1,cold_start_time_since_reset,900-1800_s,20.0,35-65,6.423726817448917,6.769447093048414,-6.423726817448917
T6_plain,FUDS,1,cold_start_time_since_reset,900-1800_s,20.0,<=35,2.2852618377892493,3.3973533782437384,-2.2773706802024387
T6_plain,FUDS,1,cold_start_time_since_reset,900-1800_s,20.0,>65,5.704545914640287,5.71305794827595,-5.704545914640287
T6_plain,FUDS,1,cold_start_time_since_reset,900-1800_s,25.0,35-65,5.452411585463559,6.015274321003943,-5.452411585463559
T6_plain,FUDS,1,cold_start_time_since_reset,900-1800_s,25.0,<=35,0.955732215521029,1.1031967696565417,-0.6665941083916143
T6_plain,FUDS,1,cold_start_time_since_reset,900-1800_s,25.0,>65,7.351784123774873,7.3928069377399,-7.351784123774873
T6_plain,FUDS,1,cold_start_time_since_reset,900-1800_s,30.0,35-65,5.7628546086068315,6.165425869037742,-5.7628546086068315
T6_plain,FUDS,1,cold_start_time_since_reset,900-1800_s,30.0,<=35,1.2928870119103713,1.421463809093272,-1.2927596277454725
T6_plain,FUDS,1,cold_start_time_since_reset,900-1800_s,30.0,>65,5.833688730810996,5.834967329008148,-5.833688730810996
T6_plain,FUDS,1,cold_start_time_since_reset,900-1800_s,40.0,35-65,8.496083772154272,8.6839802263817,-8.496083772154272
T6_plain,FUDS,1,cold_start_time_since_reset,900-1800_s,40.0,<=35,1.179362429681533,1.441541654783387,-1.1644608830824543
T6_plain,FUDS,1,cold_start_time_since_reset,900-1800_s,40.0,>65,10.5670378100816,10.567427768866528,-10.5670378100816
T6_plain,FUDS,1,cold_start_time_since_reset,900-1800_s,50.0,35-65,7.734801606153281,7.907447727432179,-7.734801606153281
T6_plain,FUDS,1,cold_start_time_since_reset,900-1800_s,50.0,<=35,1.51441162703305,1.8110381866004095,-1.5078547345464424
T6_plain,FUDS,1,cold_start_time_since_reset,900-1800_s,50.0,>65,7.948242939454962,7.949224152581408,-7.948242939454962
T6_plain,FUDS,1,cold_start_time_since_reset,<=60_s,-10.0,35-65,20.92793754070651,21.434627047668883,-20.92793754070651
T6_plain,FUDS,1,cold_start_time_since_reset,<=60_s,-10.0,>65,17.829510082586363,19.496714047635187,-17.829510082586363
T6_plain,FUDS,1,cold_start_time_since_reset,<=60_s,0.0,35-65,13.729652490647577,13.912806047869994,-13.729652490647577
T6_plain,FUDS,1,cold_start_time_since_reset,<=60_s,0.0,<=35,4.356039666563207,4.35779050986826,-4.356039666563207
T6_plain,FUDS,1,cold_start_time_since_reset,<=60_s,0.0,>65,13.903129049634764,15.208641211281062,-13.903129049634764
T6_plain,FUDS,1,cold_start_time_since_reset,<=60_s,10.0,35-65,17.926996437110553,22.05495403515164,-17.926996437110553
T6_plain,FUDS,1,cold_start_time_since_reset,<=60_s,10.0,<=35,3.4161199368483803,3.4171741495200445,-3.4161199368483803
T6_plain,FUDS,1,cold_start_time_since_reset,<=60_s,10.0,>65,27.83179374383649,30.383015251948553,-27.83179374383649
T6_plain,FUDS,1,cold_start_time_since_reset,<=60_s,20.0,35-65,17.64833228042759,18.514674783577554,-17.64833228042759
T6_plain,FUDS,1,cold_start_time_since_reset,<=60_s,20.0,<=35,3.2818356030058426,3.282687142591067,-3.2818356030058426
T6_plain,FUDS,1,cold_start_time_since_reset,<=60_s,20.0,>65,14.604602193506413,14.722985480521512,-14.604602193506413
T6_plain,FUDS,1,cold_start_time_since_reset,<=60_s,25.0,35-65,13.02230763278522,15.134373526101765,-13.02230763278522
T6_plain,FUDS,1,cold_start_time_since_reset,<=60_s,25.0,<=35,5.642889531727876,5.6430013492208095,-5.642889531727876
T6_plain,FUDS,1,cold_start_time_since_reset,<=60_s,25.0,>65,18.107844831961895,18.108329145892537,-18.107844831961895
T6_plain,FUDS,1,cold_start_time_since_reset,<=60_s,30.0,35-65,14.756314041356172,14.756531083527394,-14.756314041356172
T6_plain,FUDS,1,cold_start_time_since_reset,<=60_s,30.0,<=35,9.978448034444547,10.026150187919061,-9.978448034444547
T6_plain,FUDS,1,cold_start_time_since_reset,<=60_s,30.0,>65,15.062700860286713,15.497794662388138,-15.062700860286713
T6_plain,FUDS,1,cold_start_time_since_reset,<=60_s,40.0,35-65,8.716875119921252,8.793834229958467,-8.716875119921252
T6_plain,FUDS,1,cold_start_time_since_reset,<=60_s,40.0,<=35,7.670406155177376,7.670911793810097,-7.670406155177376
T6_plain,FUDS,1,cold_start_time_since_reset,<=60_s,40.0,>65,19.214085083816183,19.410454153880007,-19.214085083816183
T6_plain,FUDS,1,cold_start_time_since_reset,<=60_s,50.0,35-65,12.019542757950523,12.019647280986762,-12.019542757950523
T6_plain,FUDS,1,cold_start_time_since_reset,<=60_s,50.0,<=35,5.167159433234174,5.255315995741496,-5.167159433234174
T6_plain,FUDS,1,cold_start_time_since_reset,<=60_s,50.0,>65,18.36703867890791,18.485840095701217,-18.36703867890791
T6_plain,FUDS,1,cold_start_time_since_reset,>3600_s,-10.0,35-65,3.1827523698454527,3.2176293181508355,3.1827523698454527
T6_plain,FUDS,1,cold_start_time_since_reset,>3600_s,-10.0,<=35,1.1929501877013433,1.5314295379003757,0.443066287075957
T6_plain,FUDS,1,cold_start_time_since_reset,>3600_s,0.0,35-65,1.4741409473064064,1.5554146320090416,1.4741409473064064
T6_plain,FUDS,1,cold_start_time_since_reset,>3600_s,0.0,<=35,0.7469543394267344,0.9286737494726846,0.2340406938834359
T6_plain,FUDS,1,cold_start_time_since_reset,>3600_s,10.0,<=35,0.3189402765307443,0.44791906291782246,0.16373084098762086
T6_plain,FUDS,1,cold_start_time_since_reset,>3600_s,20.0,35-65,0.21646481027268058,0.25345096731996236,0.21098857168754356
T6_plain,FUDS,1,cold_start_time_since_reset,>3600_s,20.0,<=35,0.31703433540341663,0.4249866661309754,0.010927298026333396
T6_plain,FUDS,1,cold_start_time_since_reset,>3600_s,25.0,35-65,0.2733402908723809,0.5237798441065787,-0.13476881727888904
T6_plain,FUDS,1,cold_start_time_since_reset,>3600_s,25.0,<=35,0.3327579870656915,0.3999131402873082,0.05919147912129902
T6_plain,FUDS,1,cold_start_time_since_reset,>3600_s,30.0,<=35,0.3465078047257587,0.4340668546379825,-0.18275935205221674
T6_plain,FUDS,1,cold_start_time_since_reset,>3600_s,40.0,<=35,0.4778307573239257,0.6434108015896606,-0.39196086332710806
T6_plain,FUDS,1,cold_start_time_since_reset,>3600_s,50.0,35-65,0.7975825914348256,0.7978166673892451,-0.7975825914348256
T6_plain,FUDS,1,cold_start_time_since_reset,>3600_s,50.0,<=35,0.6706975862435287,0.8546606168468556,-0.6260154817905069
T6_plain,FUDS,2,baseline,unperturbed,-10.0,35-65,2.5869006008211675,2.9669997036632276,2.0967750606751827
T6_plain,FUDS,2,baseline,unperturbed,-10.0,<=35,1.3407200824742267,1.682153697616442,0.9576747938144331
T6_plain,FUDS,2,baseline,unperturbed,-10.0,>65,0.8912234545797213,1.0306484092180226,0.8125996671692425
T6_plain,FUDS,2,baseline,unperturbed,0.0,35-65,1.2550713365296804,1.666881939468628,0.7837009310502284
T6_plain,FUDS,2,baseline,unperturbed,0.0,<=35,0.7618652289201879,1.0309140047153884,0.6237599933333333
T6_plain,FUDS,2,baseline,unperturbed,0.0,>65,0.530345945179584,0.6532665759072078,0.38730579017013217
T6_plain,FUDS,2,baseline,unperturbed,10.0,35-65,0.8858868559745572,1.1462562256509783,0.5216784407087689
T6_plain,FUDS,2,baseline,unperturbed,10.0,<=35,0.6001486866099418,0.7852358541012815,0.4954379383788626
T6_plain,FUDS,2,baseline,unperturbed,10.0,>65,0.5242794518747586,0.6521384472324949,0.45759242520293775
T6_plain,FUDS,2,baseline,unperturbed,20.0,35-65,0.5739898698817107,0.7811177201832771,0.07682282984531384
T6_plain,FUDS,2,baseline,unperturbed,20.0,<=35,0.34849338163179916,0.507202364380498,0.12786281125523008
T6_plain,FUDS,2,baseline,unperturbed,20.0,>65,0.4303055685832396,0.5415905045344589,0.24054613904547165
T6_plain,FUDS,2,baseline,unperturbed,25.0,35-65,0.5773467857793984,0.7710685553625777,0.08970793618960807
T6_plain,FUDS,2,baseline,unperturbed,25.0,<=35,0.3975029033184945,0.5118552362759257,0.1815453603804127
T6_plain,FUDS,2,baseline,unperturbed,25.0,>65,0.5023982039127162,0.6299004123989355,0.3088208412340105
T6_plain,FUDS,2,baseline,unperturbed,30.0,35-65,0.6160516969420357,0.7848511844647765,-0.4635489949794615
T6_plain,FUDS,2,baseline,unperturbed,30.0,<=35,0.47146021830929485,0.574779475814993,-0.3020539674278846
T6_plain,FUDS,2,baseline,unperturbed,30.0,>65,0.5138642852398524,0.6297106081079901,0.025073223985239815
T6_plain,FUDS,2,baseline,unperturbed,40.0,35-65,0.5948558422242314,0.7507784223020484,-0.40793961708860754
T6_plain,FUDS,2,baseline,unperturbed,40.0,<=35,0.4740743017774343,0.5887060683772072,-0.3104450763523957
T6_plain,FUDS,2,baseline,unperturbed,40.0,>65,0.5677203525100769,0.6837288472659339,0.0015037764748992587
T6_plain,FUDS,2,baseline,unperturbed,50.0,35-65,0.8622063156942561,1.060385852589663,-0.7996717684305743
T6_plain,FUDS,2,baseline,unperturbed,50.0,<=35,0.6746987381388254,0.8477853635764616,-0.6101507209000763
T6_plain,FUDS,2,baseline,unperturbed,50.0,>65,0.6416197855051246,0.775548823174376,-0.08054977379209385
T6_plain,FUDS,2,cold_start_time_since_reset,1800-3600_s,-10.0,35-65,1.9856489784405422,2.499990088901314,0.7068354159351153
T6_plain,FUDS,2,cold_start_time_since_reset,1800-3600_s,-10.0,<=35,1.0458961512120304,1.2993683043821873,-0.09308486089155238
T6_plain,FUDS,2,cold_start_time_since_reset,1800-3600_s,0.0,35-65,2.6324039928464296,3.119586211064333,-1.8493770429490861
T6_plain,FUDS,2,cold_start_time_since_reset,1800-3600_s,0.0,<=35,0.6795181664761399,0.9137032871897873,0.21868509828795102
T6_plain,FUDS,2,cold_start_time_since_reset,1800-3600_s,0.0,>65,5.85483643606223,5.8560267278784295,-5.85483643606223
T6_plain,FUDS,2,cold_start_time_since_reset,1800-3600_s,10.0,35-65,2.886342897251766,3.88030144393548,-2.7158385438459596
T6_plain,FUDS,2,cold_start_time_since_reset,1800-3600_s,10.0,<=35,0.6973984051311641,1.0329740845984332,-0.3185283357513687
T6_plain,FUDS,2,cold_start_time_since_reset,1800-3600_s,20.0,35-65,2.29173600280216,2.685841710871499,-2.220225767031576
T6_plain,FUDS,2,cold_start_time_since_reset,1800-3600_s,20.0,<=35,0.47600915277000533,0.603938212631476,-0.3323797026115681
T6_plain,FUDS,2,cold_start_time_since_reset,1800-3600_s,25.0,35-65,2.8932201946456226,3.286348519449101,-2.8932201946456226
T6_plain,FUDS,2,cold_start_time_since_reset,1800-3600_s,25.0,<=35,0.5161332108489167,0.6234945026098524,-0.1477694266694592
T6_plain,FUDS,2,cold_start_time_since_reset,1800-3600_s,25.0,>65,5.930487568194679,5.933905075973819,-5.930487568194679
T6_plain,FUDS,2,cold_start_time_since_reset,1800-3600_s,30.0,35-65,2.2800959430641714,2.6073855751253237,-2.2781206614703007
T6_plain,FUDS,2,cold_start_time_since_reset,1800-3600_s,30.0,<=35,0.7336933676635463,0.8996543875012788,-0.6773203311453491
T6_plain,FUDS,2,cold_start_time_since_reset,1800-3600_s,40.0,35-65,3.239859017888057,3.7420347405675973,-3.239859017888057
T6_plain,FUDS,2,cold_start_time_since_reset,1800-3600_s,40.0,<=35,0.6190277667986528,0.7649920552627062,-0.607979735161752
T6_plain,FUDS,2,cold_start_time_since_reset,1800-3600_s,50.0,35-65,3.1692744618752497,3.5191550823803417,-3.1692744618752497
T6_plain,FUDS,2,cold_start_time_since_reset,1800-3600_s,50.0,<=35,0.8263679148656742,1.0449443914887047,-0.7877073312740798
T6_plain,FUDS,2,cold_start_time_since_reset,300-900_s,-10.0,35-65,12.582432885057795,13.252511171701066,-12.582432885057795
T6_plain,FUDS,2,cold_start_time_since_reset,300-900_s,-10.0,<=35,16.287164479474733,16.332739519770662,-16.287164479474733
T6_plain,FUDS,2,cold_start_time_since_reset,300-900_s,-10.0,>65,9.160617038612386,10.831182444331732,-9.160617038612386
T6_plain,FUDS,2,cold_start_time_since_reset,300-900_s,0.0,35-65,6.380965739405661,7.129799973128634,-6.380965739405661
T6_plain,FUDS,2,cold_start_time_since_reset,300-900_s,0.0,<=35,3.078636547469602,4.193076215259307,-2.69881185508881
T6_plain,FUDS,2,cold_start_time_since_reset,300-900_s,0.0,>65,12.995898439890247,13.070988415607395,-12.995898439890247
T6_plain,FUDS,2,cold_start_time_since_reset,300-900_s,10.0,35-65,14.943694940389188,16.125566894422576,-14.943694940389188
T6_plain,FUDS,2,cold_start_time_since_reset,300-900_s,10.0,<=35,0.9991826350094309,1.3121637323034563,-0.994808428734568
T6_plain,FUDS,2,cold_start_time_since_reset,300-900_s,10.0,>65,28.646889395492412,28.88673730977187,-28.646889395492412
T6_plain,FUDS,2,cold_start_time_since_reset,300-900_s,20.0,35-65,9.448680397777585,10.692268386814751,-9.448680397777585
T6_plain,FUDS,2,cold_start_time_since_reset,300-900_s,20.0,<=35,3.9502787550565577,6.519933541303565,-3.9311509810088077
T6_plain,FUDS,2,cold_start_time_since_reset,300-900_s,20.0,>65,9.435048515097856,9.837931419433897,-9.435048515097856
T6_plain,FUDS,2,cold_start_time_since_reset,300-900_s,25.0,35-65,9.954136056132814,10.885002566666687,-9.954136056132814
T6_plain,FUDS,2,cold_start_time_since_reset,300-900_s,25.0,<=35,0.9791524248950789,1.3885350656482338,-0.9124786211190999
T6_plain,FUDS,2,cold_start_time_since_reset,300-900_s,25.0,>65,10.826806413265906,10.9944860490622,-10.826806413265906
T6_plain,FUDS,2,cold_start_time_since_reset,300-900_s,30.0,35-65,10.65962095817232,11.021144011053044,-10.65962095817232
T6_plain,FUDS,2,cold_start_time_since_reset,300-900_s,30.0,<=35,4.90931719746081,5.320905112616347,-4.90931719746081
T6_plain,FUDS,2,cold_start_time_since_reset,300-900_s,30.0,>65,8.138175448518524,9.185530285240963,-8.138175448518524
T6_plain,FUDS,2,cold_start_time_since_reset,300-900_s,40.0,35-65,7.856698680529924,9.312207200373555,-7.856698680529924
T6_plain,FUDS,2,cold_start_time_since_reset,300-900_s,40.0,<=35,4.0248665536780965,4.1260978381305575,-4.0248665536780965
T6_plain,FUDS,2,cold_start_time_since_reset,300-900_s,40.0,>65,14.239908080301761,14.580317471939335,-14.239908080301761
T6_plain,FUDS,2,cold_start_time_since_reset,300-900_s,50.0,35-65,10.762672192590683,11.814975300438515,-10.762672192590683
T6_plain,FUDS,2,cold_start_time_since_reset,300-900_s,50.0,<=35,1.6734248074023523,2.003796131581482,-1.6669659669368926
T6_plain,FUDS,2,cold_start_time_since_reset,300-900_s,50.0,>65,9.06741529064467,9.129203819166058,-9.06741529064467
T6_plain,FUDS,2,cold_start_time_since_reset,60-300_s,-10.0,35-65,18.57398332970434,18.843520401929908,-18.57398332970434
T6_plain,FUDS,2,cold_start_time_since_reset,60-300_s,-10.0,>65,15.215237900175746,16.97513524685967,-15.215237900175746
T6_plain,FUDS,2,cold_start_time_since_reset,60-300_s,0.0,35-65,12.127019448744138,12.589905332825149,-12.127019448744138
T6_plain,FUDS,2,cold_start_time_since_reset,60-300_s,0.0,<=35,4.804956192257659,5.9824652526918065,-4.804956192257659
T6_plain,FUDS,2,cold_start_time_since_reset,60-300_s,0.0,>65,12.484064873820651,13.686762834343206,-12.484064873820651
T6_plain,FUDS,2,cold_start_time_since_reset,60-300_s,10.0,35-65,18.231900687786748,21.470103505294734,-18.231900687786748
T6_plain,FUDS,2,cold_start_time_since_reset,60-300_s,10.0,<=35,2.315661715242606,2.4789028366584263,-2.315378598589187
T6_plain,FUDS,2,cold_start_time_since_reset,60-300_s,10.0,>65,25.910493525471722,28.492746312484552,-25.910493525471722
T6_plain,FUDS,2,cold_start_time_since_reset,60-300_s,20.0,35-65,15.91501449210091,16.65793064489943,-15.91501449210091
T6_plain,FUDS,2,cold_start_time_since_reset,60-300_s,20.0,<=35,2.413569014012623,2.438213356885004,-2.413569014012623
T6_plain,FUDS,2,cold_start_time_since_reset,60-300_s,20.0,>65,12.405488347512666,12.67250783415411,-12.405488347512666
T6_plain,FUDS,2,cold_start_time_since_reset,60-300_s,25.0,35-65,12.10284365677815,14.241376351438657,-12.10284365677815
T6_plain,FUDS,2,cold_start_time_since_reset,60-300_s,25.0,<=35,4.754179501157593,4.793417692584341,-4.754179501157593
T6_plain,FUDS,2,cold_start_time_since_reset,60-300_s,25.0,>65,14.94323885649339,14.962421121141917,-14.94323885649339
T6_plain,FUDS,2,cold_start_time_since_reset,60-300_s,30.0,35-65,14.232326585160132,14.25555951636423,-14.232326585160132
T6_plain,FUDS,2,cold_start_time_since_reset,60-300_s,30.0,<=35,9.342683564211942,9.437448679370235,-9.342683564211942
T6_plain,FUDS,2,cold_start_time_since_reset,60-300_s,30.0,>65,13.061857604321212,13.930702131596378,-13.061857604321212
T6_plain,FUDS,2,cold_start_time_since_reset,60-300_s,40.0,35-65,8.295530394396089,8.427518443491163,-8.295530394396089
T6_plain,FUDS,2,cold_start_time_since_reset,60-300_s,40.0,<=35,6.591648649203258,6.637477580722568,-6.591648649203258
T6_plain,FUDS,2,cold_start_time_since_reset,60-300_s,40.0,>65,17.826288010875768,18.119378121184837,-17.826288010875768
T6_plain,FUDS,2,cold_start_time_since_reset,60-300_s,50.0,35-65,11.068962596492957,11.496528401106753,-11.068962596492957
T6_plain,FUDS,2,cold_start_time_since_reset,60-300_s,50.0,<=35,4.13998445733916,4.286176433281231,-4.13998445733916
T6_plain,FUDS,2,cold_start_time_since_reset,60-300_s,50.0,>65,16.850932022437632,17.223158620897326,-16.850932022437632
T6_plain,FUDS,2,cold_start_time_since_reset,900-1800_s,-10.0,35-65,4.381037346632504,4.921584040625478,-4.377125007458431
T6_plain,FUDS,2,cold_start_time_since_reset,900-1800_s,-10.0,<=35,6.187051789503487,8.202150883865551,-6.075024374747788
T6_plain,FUDS,2,cold_start_time_since_reset,900-1800_s,-10.0,>65,3.533883363964482,3.5504577724940765,-3.533883363964482
T6_plain,FUDS,2,cold_start_time_since_reset,900-1800_s,0.0,35-65,1.8043058188811345,1.9730947085350379,-1.7937521180369562
T6_plain,FUDS,2,cold_start_time_since_reset,900-1800_s,0.0,<=35,0.8244816125405554,1.1555726058626423,-0.6464779370584581
T6_plain,FUDS,2,cold_start_time_since_reset,900-1800_s,0.0,>65,7.974728241880537,8.056710168285276,-7.974728241880537
T6_plain,FUDS,2,cold_start_time_since_reset,900-1800_s,10.0,35-65,8.44759596696162,9.704458143896632,-8.44759596696162
T6_plain,FUDS,2,cold_start_time_since_reset,900-1800_s,10.0,<=35,0.4811272475293855,0.6702992654297643,0.06949548984425724
T6_plain,FUDS,2,cold_start_time_since_reset,900-1800_s,10.0,>65,21.041067702045233,21.05157311012739,-21.041067702045233
T6_plain,FUDS,2,cold_start_time_since_reset,900-1800_s,20.0,35-65,6.193965024115975,6.503479685893727,-6.193965024115975
T6_plain,FUDS,2,cold_start_time_since_reset,900-1800_s,20.0,<=35,2.234825728662239,3.331947963027449,-2.228120951554718
T6_plain,FUDS,2,cold_start_time_since_reset,900-1800_s,20.0,>65,5.167564003041405,5.173372581244279,-5.167564003041405
T6_plain,FUDS,2,cold_start_time_since_reset,900-1800_s,25.0,35-65,5.431834524269086,5.982246764267339,-5.431834524269086
T6_plain,FUDS,2,cold_start_time_since_reset,900-1800_s,25.0,<=35,0.9593188631374995,1.0572917099399401,-0.5168068839790438
T6_plain,FUDS,2,cold_start_time_since_reset,900-1800_s,25.0,>65,6.481098616818107,6.5122981641514555,-6.481098616818107
T6_plain,FUDS,2,cold_start_time_since_reset,900-1800_s,30.0,35-65,5.905929307544077,6.259396819372818,-5.905929307544077
T6_plain,FUDS,2,cold_start_time_since_reset,900-1800_s,30.0,<=35,1.5521352539858893,1.6851868952328481,-1.5520312886068652
T6_plain,FUDS,2,cold_start_time_since_reset,900-1800_s,30.0,>65,5.511878035170717,5.514588334822222,-5.511878035170717
T6_plain,FUDS,2,cold_start_time_since_reset,900-1800_s,40.0,35-65,8.53574121749218,8.732026016099793,-8.53574121749218
T6_plain,FUDS,2,cold_start_time_since_reset,900-1800_s,40.0,<=35,1.2580018677009077,1.5380804409444195,-1.2349091287363676
T6_plain,FUDS,2,cold_start_time_since_reset,900-1800_s,40.0,>65,10.582670182717662,10.583367928241495,-10.582670182717662
T6_plain,FUDS,2,cold_start_time_since_reset,900-1800_s,50.0,35-65,8.00262970479952,8.188780051548955,-8.00262970479952
T6_plain,FUDS,2,cold_start_time_since_reset,900-1800_s,50.0,<=35,1.6589854039733662,1.975824284610632,-1.6564842775538264
T6_plain,FUDS,2,cold_start_time_since_reset,900-1800_s,50.0,>65,7.955156859293069,7.95593330735259,-7.955156859293069
T6_plain,FUDS,2,cold_start_time_since_reset,<=60_s,-10.0,35-65,20.093672785457482,20.47392789659404,-20.093672785457482
T6_plain,FUDS,2,cold_start_time_since_reset,<=60_s,-10.0,>65,17.18635438857849,19.077510322706726,-17.18635438857849
T6_plain,FUDS,2,cold_start_time_since_reset,<=60_s,0.0,35-65,13.576045834724773,13.827143716715357,-13.576045834724773
T6_plain,FUDS,2,cold_start_time_since_reset,<=60_s,0.0,<=35,3.2717425839222996,3.274599956106217,-3.2717425839222996
T6_plain,FUDS,2,cold_start_time_since_reset,<=60_s,0.0,>65,12.736420417685771,14.19698544182294,-12.736420417685771
T6_plain,FUDS,2,cold_start_time_since_reset,<=60_s,10.0,35-65,18.109631571027236,22.3306591914144,-18.109631571027236
T6_plain,FUDS,2,cold_start_time_since_reset,<=60_s,10.0,<=35,3.50971589135326,3.5141012885580767,-3.50971589135326
T6_plain,FUDS,2,cold_start_time_since_reset,<=60_s,10.0,>65,26.977900312086273,29.74214116372696,-26.977900312086273
T6_plain,FUDS,2,cold_start_time_since_reset,<=60_s,20.0,35-65,17.761151748860797,18.58722871478267,-17.761151748860797
T6_plain,FUDS,2,cold_start_time_since_reset,<=60_s,20.0,<=35,2.9845463290502376,2.986667595046037,-2.9845463290502376
T6_plain,FUDS,2,cold_start_time_since_reset,<=60_s,20.0,>65,13.418762367095946,13.673793615321642,-13.418762367095946
T6_plain,FUDS,2,cold_start_time_since_reset,<=60_s,25.0,35-65,13.37871432870021,15.55834649512966,-13.37871432870021
T6_plain,FUDS,2,cold_start_time_since_reset,<=60_s,25.0,<=35,5.9020433475608804,5.902062771424173,-5.9020433475608804
T6_plain,FUDS,2,cold_start_time_since_reset,<=60_s,25.0,>65,16.452829753503973,16.452887346691146,-16.452829753503973
T6_plain,FUDS,2,cold_start_time_since_reset,<=60_s,30.0,35-65,15.938988319268658,15.939103324976847,-15.938988319268658
T6_plain,FUDS,2,cold_start_time_since_reset,<=60_s,30.0,<=35,10.773298527463824,10.832824858843434,-10.773298527463824
T6_plain,FUDS,2,cold_start_time_since_reset,<=60_s,30.0,>65,14.190470736896863,14.980988339431892,-14.190470736896863
T6_plain,FUDS,2,cold_start_time_since_reset,<=60_s,40.0,35-65,9.40986852240233,9.491429620260616,-9.40986852240233
T6_plain,FUDS,2,cold_start_time_since_reset,<=60_s,40.0,<=35,9.078106525835905,9.078586721134206,-9.078106525835905
T6_plain,FUDS,2,cold_start_time_since_reset,<=60_s,40.0,>65,19.420236959398792,19.67663752425008,-19.420236959398792
T6_plain,FUDS,2,cold_start_time_since_reset,<=60_s,50.0,35-65,13.293651915599476,13.293693289142196,-13.293651915599476
T6_plain,FUDS,2,cold_start_time_since_reset,<=60_s,50.0,<=35,6.026378107095718,6.1533596444548815,-6.026378107095718
T6_plain,FUDS,2,cold_start_time_since_reset,<=60_s,50.0,>65,18.57173918139024,18.792554433077395,-18.57173918139024
T6_plain,FUDS,2,cold_start_time_since_reset,>3600_s,-10.0,35-65,3.150934853411594,3.188081731810298,3.150934853411594
T6_plain,FUDS,2,cold_start_time_since_reset,>3600_s,-10.0,<=35,1.2389005050506492,1.549455067671623,0.782393778511765
T6_plain,FUDS,2,cold_start_time_since_reset,>3600_s,0.0,35-65,1.9595986881198288,2.051337264981832,1.9595986881198288
T6_plain,FUDS,2,cold_start_time_since_reset,>3600_s,0.0,<=35,0.6759665219966832,0.9322106890311981,0.5167469010049808
T6_plain,FUDS,2,cold_start_time_since_reset,>3600_s,10.0,<=35,0.4036003546459036,0.5905381106342962,0.24865106916975588
T6_plain,FUDS,2,cold_start_time_since_reset,>3600_s,20.0,35-65,0.32933577962682037,0.3950787617604696,0.3214714693976994
T6_plain,FUDS,2,cold_start_time_since_reset,>3600_s,20.0,<=35,0.35896365049728246,0.5104312415658742,0.04325372109233225
T6_plain,FUDS,2,cold_start_time_since_reset,>3600_s,25.0,35-65,0.46362569471550763,0.6481383729929778,0.07712100133349152
T6_plain,FUDS,2,cold_start_time_since_reset,>3600_s,25.0,<=35,0.3602153807173135,0.45038964946047905,0.08922615540185078
T6_plain,FUDS,2,cold_start_time_since_reset,>3600_s,30.0,<=35,0.45539746757148686,0.5688940910607847,-0.29699661999533755
T6_plain,FUDS,2,cold_start_time_since_reset,>3600_s,40.0,<=35,0.491010956681324,0.6347670723932759,-0.33780805595897884
T6_plain,FUDS,2,cold_start_time_since_reset,>3600_s,50.0,35-65,1.0781928602010553,1.078943473932439,-1.0781928602010553
T6_plain,FUDS,2,cold_start_time_since_reset,>3600_s,50.0,<=35,0.6888998975699212,0.8804595833734381,-0.6469638724470671
T6_plain,US06,0,baseline,unperturbed,-10.0,35-65,3.1306293298228813,3.182680115324763,-3.1306293298228813
T6_plain,US06,0,baseline,unperturbed,-10.0,<=35,2.201859474332649,2.247519266028778,-2.201859474332649
T6_plain,US06,0,baseline,unperturbed,-10.0,>65,1.2801316395959597,1.4110184701616295,-1.2795016395959597
T6_plain,US06,0,baseline,unperturbed,0.0,35-65,1.300020398272553,1.389831315919976,-1.2997872840690978
T6_plain,US06,0,baseline,unperturbed,0.0,<=35,0.9210911847748815,0.9882250842067584,-0.9210911847748815
T6_plain,US06,0,baseline,unperturbed,0.0,>65,0.611515266043867,0.7118477634419189,-0.6046929841592202
T6_plain,US06,0,baseline,unperturbed,10.0,35-65,0.939997374519231,1.116386582942428,-0.9273309245192309
T6_plain,US06,0,baseline,unperturbed,10.0,<=35,0.6584807866935485,0.768653227681444,-0.5552816146505376
T6_plain,US06,0,baseline,unperturbed,10.0,>65,0.5306197022774326,0.6190760546750363,-0.5183238306418219
T6_plain,US06,0,baseline,unperturbed,20.0,35-65,0.6600354124643196,0.8084022673739003,-0.5884155104662226
T6_plain,US06,0,baseline,unperturbed,20.0,<=35,0.4481497933481152,0.521440194137972,-0.4025171766740577
T6_plain,US06,0,baseline,unperturbed,20.0,>65,0.47115510353130036,0.6047344617458319,-0.4493042118780098
T6_plain,US06,0,baseline,unperturbed,25.0,35-65,0.4778514655172414,0.5499467473389568,-0.2661430450191571
T6_plain,US06,0,baseline,unperturbed,25.0,<=35,0.3755258305484147,0.42988636633054317,-0.20964607459297338
T6_plain,US06,0,baseline,unperturbed,25.0,>65,0.3748020884955753,0.4785400747213779,-0.20249054143201922
T6_plain,US06,0,baseline,unperturbed,30.0,35-65,0.4916579239230064,0.5647546077763465,-0.25433094592117333
T6_plain,US06,0,baseline,unperturbed,30.0,<=35,0.2704533137461573,0.33476211359258307,-0.19710155731225298
T6_plain,US06,0,baseline,unperturbed,30.0,>65,0.4268513055332798,0.5478327332922254,-0.2738302068965518
T6_plain,US06,0,baseline,unperturbed,40.0,35-65,0.36724884584086814,0.4520379599742337,0.07927636211573247
T6_plain,US06,0,baseline,unperturbed,40.0,<=35,0.22136158906184264,0.26088154757250165,-0.05139723500210345
T6_plain,US06,0,baseline,unperturbed,40.0,>65,0.42908898044692745,0.5237463118336858,-0.14580794134078215
T6_plain,US06,0,baseline,unperturbed,50.0,35-65,0.33556253052917223,0.42552618744560716,0.18576139439167785
T6_plain,US06,0,baseline,unperturbed,50.0,<=35,0.22794763766666667,0.293820561512556,0.045068358249999996
T6_plain,US06,0,baseline,unperturbed,50.0,>65,0.40959642035928134,0.5107167607321191,-0.07420835648702595
T6_plain,US06,0,cold_start_time_since_reset,1800-3600_s,-10.0,35-65,4.453954897049845,4.602747563944798,-4.453954897049845
T6_plain,US06,0,cold_start_time_since_reset,1800-3600_s,-10.0,<=35,2.5660729003262297,2.613156166762173,-2.5660729003262297
T6_plain,US06,0,cold_start_time_since_reset,1800-3600_s,0.0,35-65,4.0027605867852865,4.234145279803902,-4.0027605867852865
T6_plain,US06,0,cold_start_time_since_reset,1800-3600_s,0.0,<=35,1.3294117713342184,1.4809123230229944,-1.3294117713342184
T6_plain,US06,0,cold_start_time_since_reset,1800-3600_s,10.0,35-65,3.4918298601093087,3.5826950007669964,-3.4918298601093087
T6_plain,US06,0,cold_start_time_since_reset,1800-3600_s,10.0,<=35,0.9799670832156196,1.1626159379874994,-0.9172465273819106
T6_plain,US06,0,cold_start_time_since_reset,1800-3600_s,20.0,35-65,4.204995718038591,4.358130920765986,-4.204995718038591
T6_plain,US06,0,cold_start_time_since_reset,1800-3600_s,20.0,<=35,0.8223905863990649,0.9677602827465702,-0.7961645249233018
T6_plain,US06,0,cold_start_time_since_reset,1800-3600_s,20.0,>65,6.405239640613851,6.40615782295347,-6.405239640613851
T6_plain,US06,0,cold_start_time_since_reset,1800-3600_s,25.0,35-65,3.105892867591267,3.3216186011508158,-3.105892867591267
T6_plain,US06,0,cold_start_time_since_reset,1800-3600_s,25.0,<=35,0.7006610186482225,0.8400296181244801,-0.6279997092379149
T6_plain,US06,0,cold_start_time_since_reset,1800-3600_s,30.0,35-65,3.396365158008669,3.5712165371748728,-3.396365158008669
T6_plain,US06,0,cold_start_time_since_reset,1800-3600_s,30.0,<=35,0.535031957937138,0.6599601847083216,-0.4987018664713948
T6_plain,US06,0,cold_start_time_since_reset,1800-3600_s,40.0,35-65,3.0095546010213856,3.230833010998588,-3.0095546010213856
T6_plain,US06,0,cold_start_time_since_reset,1800-3600_s,40.0,<=35,0.2893422078648944,0.3805654708146601,-0.17240049647347452
T6_plain,US06,0,cold_start_time_since_reset,1800-3600_s,50.0,35-65,2.914250570734639,3.332643861988188,-2.9107136921563574
T6_plain,US06,0,cold_start_time_since_reset,1800-3600_s,50.0,<=35,0.2825362935524597,0.35448045876301276,-0.0710071202552779
T6_plain,US06,0,cold_start_time_since_reset,300-900_s,-10.0,35-65,9.396937832962305,12.508886470517105,-9.396515135581888
T6_plain,US06,0,cold_start_time_since_reset,300-900_s,-10.0,<=35,1.7119621611413287,1.7450022239485976,-1.7119621611413287
T6_plain,US06,0,cold_start_time_since_reset,300-900_s,-10.0,>65,13.435018058924062,15.282128148983636,-13.435018058924062
T6_plain,US06,0,cold_start_time_since_reset,300-900_s,0.0,35-65,11.659533786485175,11.960419880641226,-11.659533786485175
T6_plain,US06,0,cold_start_time_since_reset,300-900_s,0.0,<=35,4.500933882600728,4.859175782670286,-4.500933882600728
T6_plain,US06,0,cold_start_time_since_reset,300-900_s,0.0,>65,17.726643919809455,17.8887943369429,-17.726643919809455
T6_plain,US06,0,cold_start_time_since_reset,300-900_s,10.0,35-65,8.973748995956964,11.142991340102373,-8.973748995956964
T6_plain,US06,0,cold_start_time_since_reset,300-900_s,10.0,<=35,2.1173544735288212,2.3316684312998355,-2.1173544735288212
T6_plain,US06,0,cold_start_time_since_reset,300-900_s,10.0,>65,6.862961782217464,7.125213723343275,-6.862961782217464
T6_plain,US06,0,cold_start_time_since_reset,300-900_s,20.0,35-65,12.734870031255813,13.198843813456461,-12.734870031255813
T6_plain,US06,0,cold_start_time_since_reset,300-900_s,20.0,<=35,3.522328832863351,3.7197555174475245,-3.522328832863351
T6_plain,US06,0,cold_start_time_since_reset,300-900_s,20.0,>65,13.642088710054438,13.987321269153034,-13.642088710054438
T6_plain,US06,0,cold_start_time_since_reset,300-900_s,25.0,35-65,11.39277172161907,11.665541188312366,-11.39277172161907
T6_plain,US06,0,cold_start_time_since_reset,300-900_s,25.0,<=35,2.3535158316451716,2.527405021810426,-2.3535158316451716
T6_plain,US06,0,cold_start_time_since_reset,300-900_s,25.0,>65,8.45671552075527,8.468763478451505,-8.45671552075527
T6_plain,US06,0,cold_start_time_since_reset,300-900_s,30.0,35-65,11.439429396939746,11.584945145336,-11.439429396939746
T6_plain,US06,0,cold_start_time_since_reset,300-900_s,30.0,<=35,2.0889332269753806,2.3410670922436783,-2.0889332269753806
T6_plain,US06,0,cold_start_time_since_reset,300-900_s,30.0,>65,10.013266597639971,10.215156649424983,-10.013266597639971
T6_plain,US06,0,cold_start_time_since_reset,300-900_s,40.0,35-65,9.93703362178823,11.310370653976728,-9.93703362178823
T6_plain,US06,0,cold_start_time_since_reset,300-900_s,40.0,<=35,1.9537117032425853,2.0895258818095073,-1.9537117032425853
T6_plain,US06,0,cold_start_time_since_reset,300-900_s,40.0,>65,9.426507936559279,9.645371390266465,-9.426507936559279
T6_plain,US06,0,cold_start_time_since_reset,300-900_s,50.0,35-65,6.529519633161312,6.919741318996413,-6.529519633161312
T6_plain,US06,0,cold_start_time_since_reset,300-900_s,50.0,<=35,2.0536822190199233,2.298270419132926,-2.0536822190199233
T6_plain,US06,0,cold_start_time_since_reset,300-900_s,50.0,>65,8.911993410342111,8.947404852610351,-8.911993410342111
T6_plain,US06,0,cold_start_time_since_reset,60-300_s,-10.0,35-65,6.443491092584231,11.446947676529565,-6.329043532828436
T6_plain,US06,0,cold_start_time_since_reset,60-300_s,-10.0,>65,19.194118538274356,21.301763185461223,-19.194118538274356
T6_plain,US06,0,cold_start_time_since_reset,60-300_s,0.0,35-65,15.967844056503683,16.24608684510462,-15.967844056503683
T6_plain,US06,0,cold_start_time_since_reset,60-300_s,0.0,<=35,8.726725054945975,8.745680898215015,-8.726725054945975
T6_plain,US06,0,cold_start_time_since_reset,60-300_s,0.0,>65,21.21727324956808,21.542884930273555,-21.21727324956808
T6_plain,US06,0,cold_start_time_since_reset,60-300_s,10.0,35-65,3.649458276975879,3.673884938130428,-3.649458276975879
T6_plain,US06,0,cold_start_time_since_reset,60-300_s,10.0,<=35,4.833386782912566,4.8939491166023155,-4.833386782912566
T6_plain,US06,0,cold_start_time_since_reset,60-300_s,10.0,>65,14.528905666616156,16.101028152070892,-14.528905666616156
T6_plain,US06,0,cold_start_time_since_reset,60-300_s,20.0,35-65,15.491965446451696,15.529189135169156,-15.491965446451696
T6_plain,US06,0,cold_start_time_since_reset,60-300_s,20.0,<=35,6.990353689511088,7.055572310195104,-6.990353689511088
T6_plain,US06,0,cold_start_time_since_reset,60-300_s,20.0,>65,20.889561084519084,20.93722046610759,-20.889561084519084
T6_plain,US06,0,cold_start_time_since_reset,60-300_s,25.0,35-65,17.042082978742965,17.10408463386911,-17.042082978742965
T6_plain,US06,0,cold_start_time_since_reset,60-300_s,25.0,<=35,4.77753305084713,4.876836021222096,-4.77753305084713
T6_plain,US06,0,cold_start_time_since_reset,60-300_s,25.0,>65,10.785094912908999,10.80392182470876,-10.785094912908999
T6_plain,US06,0,cold_start_time_since_reset,60-300_s,30.0,35-65,17.022076862964855,17.064876401642326,-17.022076862964855
T6_plain,US06,0,cold_start_time_since_reset,60-300_s,30.0,<=35,4.738428036562572,4.95417177700726,-4.738428036562572
T6_plain,US06,0,cold_start_time_since_reset,60-300_s,30.0,>65,15.303877482791343,15.329387498299573,-15.303877482791343
T6_plain,US06,0,cold_start_time_since_reset,60-300_s,40.0,35-65,11.252343048917824,13.141100676856903,-11.252343048917824
T6_plain,US06,0,cold_start_time_since_reset,60-300_s,40.0,<=35,4.88298965505058,4.963034769826815,-4.88298965505058
T6_plain,US06,0,cold_start_time_since_reset,60-300_s,40.0,>65,14.60435320416279,14.637301027912628,-14.60435320416279
T6_plain,US06,0,cold_start_time_since_reset,60-300_s,50.0,35-65,8.928352893598381,9.321466437767471,-8.928352893598381
T6_plain,US06,0,cold_start_time_since_reset,60-300_s,50.0,<=35,3.1327298902210057,3.184809367020121,-3.1327298902210057
T6_plain,US06,0,cold_start_time_since_reset,60-300_s,50.0,>65,13.072350789047686,13.145484425580367,-13.072350789047686
T6_plain,US06,0,cold_start_time_since_reset,900-1800_s,-10.0,35-65,8.64656548058526,9.198786919982222,-8.64656548058526
T6_plain,US06,0,cold_start_time_since_reset,900-1800_s,-10.0,<=35,1.677328861546947,1.7098345428241013,-1.677328861546947
T6_plain,US06,0,cold_start_time_since_reset,900-1800_s,-10.0,>65,7.307563100824758,7.308729250100416,-7.307563100824758
T6_plain,US06,0,cold_start_time_since_reset,900-1800_s,0.0,35-65,7.398931584701125,7.875690039535927,-7.398931584701125
T6_plain,US06,0,cold_start_time_since_reset,900-1800_s,0.0,<=35,2.5392730386270146,2.836884426065652,-2.5392730386270146
T6_plain,US06,0,cold_start_time_since_reset,900-1800_s,0.0,>65,13.952277656837131,13.952641230598877,-13.952277656837131
T6_plain,US06,0,cold_start_time_since_reset,900-1800_s,10.0,35-65,5.82710732651139,6.509353065730074,-5.82710732651139
T6_plain,US06,0,cold_start_time_since_reset,900-1800_s,10.0,<=35,0.7892291036623053,0.9580871245131987,-0.6889581010679475
T6_plain,US06,0,cold_start_time_since_reset,900-1800_s,20.0,35-65,7.070989521062183,7.575000292795061,-7.070989521062183
T6_plain,US06,0,cold_start_time_since_reset,900-1800_s,20.0,<=35,1.2009497650229826,1.4371532663005402,-1.2009497650229826
T6_plain,US06,0,cold_start_time_since_reset,900-1800_s,20.0,>65,7.241758204229069,7.282299509018474,-7.241758204229069
T6_plain,US06,0,cold_start_time_since_reset,900-1800_s,25.0,35-65,5.508726543692943,5.754996958607345,-5.508726543692943
T6_plain,US06,0,cold_start_time_since_reset,900-1800_s,25.0,<=35,0.8304405511877095,1.1106640865640447,-0.7404675161336144
T6_plain,US06,0,cold_start_time_since_reset,900-1800_s,30.0,35-65,5.74747891784582,6.0843375261005255,-5.74747891784582
T6_plain,US06,0,cold_start_time_since_reset,900-1800_s,30.0,<=35,0.841780333557833,1.021793604194993,-0.8359818550061207
T6_plain,US06,0,cold_start_time_since_reset,900-1800_s,30.0,>65,5.524122339467006,5.5507371901800555,-5.524122339467006
T6_plain,US06,0,cold_start_time_since_reset,900-1800_s,40.0,35-65,6.666935280722195,7.049951530458954,-6.666935280722195
T6_plain,US06,0,cold_start_time_since_reset,900-1800_s,40.0,<=35,0.8150047985001961,0.9861661348099874,-0.8099809356233849
T6_plain,US06,0,cold_start_time_since_reset,900-1800_s,40.0,>65,5.2279240829364175,5.2418521956951585,-5.2279240829364175
T6_plain,US06,0,cold_start_time_since_reset,900-1800_s,50.0,35-65,4.578574388612885,5.170858147665857,-4.578574388612885
T6_plain,US06,0,cold_start_time_since_reset,900-1800_s,50.0,<=35,0.7171443464852644,0.9078432314567901,-0.659932116446147
T6_plain,US06,0,cold_start_time_since_reset,900-1800_s,50.0,>65,8.152678397842893,8.15542675122245,-8.152678397842893
T6_plain,US06,0,cold_start_time_since_reset,<=60_s,-10.0,35-65,2.0696194123961713,2.401180987710721,-2.0696194123961713
T6_plain,US06,0,cold_start_time_since_reset,<=60_s,-10.0,>65,21.454087746493396,23.125268383813353,-21.454087746493396
T6_plain,US06,0,cold_start_time_since_reset,<=60_s,0.0,35-65,18.433590271341842,18.72416293169356,-18.433590271341842
T6_plain,US06,0,cold_start_time_since_reset,<=60_s,0.0,<=35,9.497779968132711,9.497995887020457,-9.497779968132711
T6_plain,US06,0,cold_start_time_since_reset,<=60_s,0.0,>65,20.438501534504766,21.039622031651337,-20.438501534504766
T6_plain,US06,0,cold_start_time_since_reset,<=60_s,10.0,35-65,4.603048831358476,4.612059607002457,-4.603048831358476
T6_plain,US06,0,cold_start_time_since_reset,<=60_s,10.0,<=35,5.846753590204902,5.9220559381036,-5.846753590204902
T6_plain,US06,0,cold_start_time_since_reset,<=60_s,10.0,>65,15.83242129045521,17.608779018140197,-15.83242129045521
T6_plain,US06,0,cold_start_time_since_reset,<=60_s,20.0,35-65,17.46228095576546,17.46250209944528,-17.46228095576546
T6_plain,US06,0,cold_start_time_since_reset,<=60_s,20.0,<=35,8.513570582712694,8.518703973161628,-8.513570582712694
T6_plain,US06,0,cold_start_time_since_reset,<=60_s,20.0,>65,23.230816554028255,23.234319576846637,-23.230816554028255
T6_plain,US06,0,cold_start_time_since_reset,<=60_s,25.0,35-65,18.996207252650176,19.015334084884945,-18.996207252650176
T6_plain,US06,0,cold_start_time_since_reset,<=60_s,25.0,<=35,5.906779429705185,6.006741555003791,-5.906779429705185
T6_plain,US06,0,cold_start_time_since_reset,<=60_s,25.0,>65,12.021839736723466,12.022117477132124,-12.021839736723466
T6_plain,US06,0,cold_start_time_since_reset,<=60_s,30.0,35-65,19.236413931282044,19.236677543837,-19.236413931282044
T6_plain,US06,0,cold_start_time_since_reset,<=60_s,30.0,<=35,5.694231459295853,5.920553879786218,-5.694231459295853
T6_plain,US06,0,cold_start_time_since_reset,<=60_s,30.0,>65,16.81248253762124,16.817284292932573,-16.81248253762124
T6_plain,US06,0,cold_start_time_since_reset,<=60_s,40.0,35-65,13.169857383480418,14.891067297785561,-13.169857383480418
T6_plain,US06,0,cold_start_time_since_reset,<=60_s,40.0,<=35,6.30721850771852,6.30751352275625,-6.30721850771852
T6_plain,US06,0,cold_start_time_since_reset,<=60_s,40.0,>65,16.308627547517258,16.30878740805105,-16.308627547517258
T6_plain,US06,0,cold_start_time_since_reset,<=60_s,50.0,35-65,10.355118509702347,10.663653930364033,-10.355118509702347
T6_plain,US06,0,cold_start_time_since_reset,<=60_s,50.0,<=35,3.350647573467255,3.35237969779693,-3.350647573467255
T6_plain,US06,0,cold_start_time_since_reset,<=60_s,50.0,>65,15.883682526032883,15.88425882292542,-15.883682526032883
T6_plain,US06,0,cold_start_time_since_reset,>3600_s,-10.0,<=35,1.7729815657002217,1.7772467012013435,-1.7729815657002217
T6_plain,US06,0,cold_start_time_since_reset,>3600_s,0.0,<=35,0.7456747067870856,0.8007765031206971,-0.7456747067870856
T6_plain,US06,0,cold_start_time_since_reset,>3600_s,10.0,<=35,0.45544950211772367,0.5603391428431882,-0.24168215965313494
T6_plain,US06,0,cold_start_time_since_reset,>3600_s,20.0,35-65,1.895886575973126,1.917134846192566,-1.895886575973126
T6_plain,US06,0,cold_start_time_since_reset,>3600_s,20.0,<=35,0.4680309194063471,0.58948449264537,-0.4155464184105754
T6_plain,US06,0,cold_start_time_since_reset,>3600_s,25.0,<=35,0.3256358283260129,0.3750481147805545,0.010238038724443432
T6_plain,US06,0,cold_start_time_since_reset,>3600_s,30.0,35-65,1.1454281695404054,1.181581215400136,-1.1454281695404054
T6_plain,US06,0,cold_start_time_since_reset,>3600_s,30.0,<=35,0.27005592247976523,0.36547087975647635,-0.18245735671904476
T6_plain,US06,0,cold_start_time_since_reset,>3600_s,40.0,35-65,0.6189432645075533,0.703241156577186,-0.6122011789677663
T6_plain,US06,0,cold_start_time_since_reset,>3600_s,40.0,<=35,0.2365100559948237,0.28822206358210606,-0.0708951564579313
T6_plain,US06,0,cold_start_time_since_reset,>3600_s,50.0,<=35,0.2325206873603075,0.3099495002614686,0.04816799483871117
T6_plain,US06,1,baseline,unperturbed,-10.0,35-65,3.1466916792723794,3.1904776635186205,-3.1466916792723794
T6_plain,US06,1,baseline,unperturbed,-10.0,<=35,2.219261659137577,2.255403699355564,-2.219261659137577
T6_plain,US06,1,baseline,unperturbed,-10.0,>65,1.3582991474747474,1.4870744050095335,-1.3581626917171716
T6_plain,US06,1,baseline,unperturbed,0.0,35-65,1.2911168286948178,1.371023733718866,-1.2911168286948178
T6_plain,US06,1,baseline,unperturbed,0.0,<=35,0.8682471206753556,0.9499221954400816,-0.8682471206753556
T6_plain,US06,1,baseline,unperturbed,0.0,>65,0.6158547798537775,0.7016003912334627,-0.6047417944760358
T6_plain,US06,1,baseline,unperturbed,10.0,35-65,0.9711340524038461,1.1089073540592245,-0.9706981947115384
T6_plain,US06,1,baseline,unperturbed,10.0,<=35,0.7335619630376344,0.8501508516499222,-0.5903500820340501
T6_plain,US06,1,baseline,unperturbed,10.0,>65,0.4862896741200827,0.5830825085704462,-0.47254946128364383
T6_plain,US06,1,baseline,unperturbed,20.0,35-65,0.5224036983824929,0.6606712895896861,-0.4604221294005709
T6_plain,US06,1,baseline,unperturbed,20.0,<=35,0.44516133175166295,0.5082388394341801,-0.4171822539689578
T6_plain,US06,1,baseline,unperturbed,20.0,>65,0.38435023073836294,0.5158913110112441,-0.34327430056179786
T6_plain,US06,1,baseline,unperturbed,25.0,35-65,0.4184900790229885,0.48414643198147517,-0.1631978836206897
T6_plain,US06,1,baseline,unperturbed,25.0,<=35,0.3549339398886033,0.3946834083957153,-0.16857198581833766
T6_plain,US06,1,baseline,unperturbed,25.0,>65,0.3454479267900242,0.43795981696373604,-0.10406085760257446
T6_plain,US06,1,baseline,unperturbed,30.0,35-65,0.3887537607699358,0.44620964182601996,-0.08471795967002754
T6_plain,US06,1,baseline,unperturbed,30.0,<=35,0.21638906381203338,0.25852922404807205,-0.13651142569169958
T6_plain,US06,1,baseline,unperturbed,30.0,>65,0.3910300589414597,0.5040880918252179,-0.1738489370489175
T6_plain,US06,1,baseline,unperturbed,40.0,35-65,0.3807568074141049,0.4770622905898965,0.2054931636528029
T6_plain,US06,1,baseline,unperturbed,40.0,<=35,0.1743884925957088,0.21310277305608757,0.03256969545645777
T6_plain,US06,1,baseline,unperturbed,40.0,>65,0.4771575063846768,0.5711720590567652,0.029535566241021584
T6_plain,US06,1,baseline,unperturbed,50.0,35-65,0.4222432650384441,0.5182831651925627,0.3734819154228855
T6_plain,US06,1,baseline,unperturbed,50.0,<=35,0.2285321042916667,0.2864171811307857,0.11570768279166668
T6_plain,US06,1,baseline,unperturbed,50.0,>65,0.49446562674650696,0.5930187650788264,0.06296759560878241
T6_plain,US06,1,cold_start_time_since_reset,1800-3600_s,-10.0,35-65,4.531809332578666,4.680018784049602,-4.531809332578666
T6_plain,US06,1,cold_start_time_since_reset,1800-3600_s,-10.0,<=35,2.6234532221443154,2.663019098732146,-2.6234532221443154
T6_plain,US06,1,cold_start_time_since_reset,1800-3600_s,0.0,35-65,3.9313663413711137,4.17827186727533,-3.9313663413711137
T6_plain,US06,1,cold_start_time_since_reset,1800-3600_s,0.0,<=35,1.2602849783138692,1.4305695600447867,-1.2602849783138692
T6_plain,US06,1,cold_start_time_since_reset,1800-3600_s,10.0,35-65,3.4987828695438834,3.590984942524711,-3.4987828695438834
T6_plain,US06,1,cold_start_time_since_reset,1800-3600_s,10.0,<=35,1.061893562144503,1.2460077397658809,-0.9693712820233357
T6_plain,US06,1,cold_start_time_since_reset,1800-3600_s,20.0,35-65,4.022747862146671,4.186857185197913,-4.022747862146671
T6_plain,US06,1,cold_start_time_since_reset,1800-3600_s,20.0,<=35,0.7770794892857528,0.9084231751341731,-0.7605223250627373
T6_plain,US06,1,cold_start_time_since_reset,1800-3600_s,20.0,>65,6.117824668015114,6.118921972209956,-6.117824668015114
T6_plain,US06,1,cold_start_time_since_reset,1800-3600_s,25.0,35-65,3.010502082297035,3.232705785342177,-3.010502082297035
T6_plain,US06,1,cold_start_time_since_reset,1800-3600_s,25.0,<=35,0.6705896007780073,0.7910869427145416,-0.584550337286256
T6_plain,US06,1,cold_start_time_since_reset,1800-3600_s,30.0,35-65,3.0760178535606224,3.265290571021358,-3.0760178535606224
T6_plain,US06,1,cold_start_time_since_reset,1800-3600_s,30.0,<=35,0.42877973388106416,0.5284305177290262,-0.38991760092762084
T6_plain,US06,1,cold_start_time_since_reset,1800-3600_s,40.0,35-65,2.665118502206197,2.914433499661244,-2.665118502206197
T6_plain,US06,1,cold_start_time_since_reset,1800-3600_s,40.0,<=35,0.21084321907781917,0.26708468378138905,-0.059724826780689286
T6_plain,US06,1,cold_start_time_since_reset,1800-3600_s,50.0,35-65,2.5195782578703776,2.981411112318259,-2.4999238282255494
T6_plain,US06,1,cold_start_time_since_reset,1800-3600_s,50.0,<=35,0.22966073220540884,0.2841634678166489,0.04551894983313703
T6_plain,US06,1,cold_start_time_since_reset,300-900_s,-10.0,35-65,9.470277962391762,12.654011141069375,-9.467483165075148
T6_plain,US06,1,cold_start_time_since_reset,300-900_s,-10.0,<=35,1.669954293769324,1.6985478615023277,-1.669954293769324
T6_plain,US06,1,cold_start_time_since_reset,300-900_s,-10.0,>65,13.523432221104363,15.451138046710723,-13.523432221104363
T6_plain,US06,1,cold_start_time_since_reset,300-900_s,0.0,35-65,11.524015407332351,11.826780538596095,-11.524015407332351
T6_plain,US06,1,cold_start_time_since_reset,300-900_s,0.0,<=35,4.040039592871845,4.471610469347137,-4.040039592871845
T6_plain,US06,1,cold_start_time_since_reset,300-900_s,0.0,>65,17.492531690856236,17.654142302940407,-17.492531690856236
T6_plain,US06,1,cold_start_time_since_reset,300-900_s,10.0,35-65,8.983012070801923,11.206881936326058,-8.983012070801923
T6_plain,US06,1,cold_start_time_since_reset,300-900_s,10.0,<=35,1.991019961389777,2.1758475427932717,-1.991019961389777
T6_plain,US06,1,cold_start_time_since_reset,300-900_s,10.0,>65,6.509353770506625,6.807839845951568,-6.509353770506625
T6_plain,US06,1,cold_start_time_since_reset,300-900_s,20.0,35-65,12.593074326266706,13.079087533502886,-12.593074326266706
T6_plain,US06,1,cold_start_time_since_reset,300-900_s,20.0,<=35,3.3509985112862912,3.5895706015453115,-3.3509985112862912
T6_plain,US06,1,cold_start_time_since_reset,300-900_s,20.0,>65,13.167750241063649,13.525212680308396,-13.167750241063649
T6_plain,US06,1,cold_start_time_since_reset,300-900_s,25.0,35-65,11.106855193685744,11.384043785579113,-11.106855193685744
T6_plain,US06,1,cold_start_time_since_reset,300-900_s,25.0,<=35,2.168769220516888,2.3687238303295635,-2.168769220516888
T6_plain,US06,1,cold_start_time_since_reset,300-900_s,25.0,>65,8.003187146730003,8.013215119657714,-8.003187146730003
T6_plain,US06,1,cold_start_time_since_reset,300-900_s,30.0,35-65,10.98071056063222,11.135639477740964,-10.98071056063222
T6_plain,US06,1,cold_start_time_since_reset,300-900_s,30.0,<=35,1.7684128902636949,2.0523129811030056,-1.7684128902636949
T6_plain,US06,1,cold_start_time_since_reset,300-900_s,30.0,>65,9.477884910115245,9.680255127515654,-9.477884910115245
T6_plain,US06,1,cold_start_time_since_reset,300-900_s,40.0,35-65,8.908253982053264,10.347129834110367,-8.908253982053264
T6_plain,US06,1,cold_start_time_since_reset,300-900_s,40.0,<=35,1.3378908902175115,1.4882730597128102,-1.3378908902175115
T6_plain,US06,1,cold_start_time_since_reset,300-900_s,40.0,>65,8.667564482307217,8.905679831214893,-8.667564482307217
T6_plain,US06,1,cold_start_time_since_reset,300-900_s,50.0,35-65,5.510091807720028,5.9935931523124175,-5.510091807720028
T6_plain,US06,1,cold_start_time_since_reset,300-900_s,50.0,<=35,1.2799010608907682,1.596704060897706,-1.2778931330864833
T6_plain,US06,1,cold_start_time_since_reset,300-900_s,50.0,>65,7.7058315461156335,7.739739488950204,-7.7058315461156335
T6_plain,US06,1,cold_start_time_since_reset,60-300_s,-10.0,35-65,6.629456302970086,11.62138475099219,-6.45550735202292
T6_plain,US06,1,cold_start_time_since_reset,60-300_s,-10.0,>65,19.18769205958727,21.48533437200922,-19.18769205958727
T6_plain,US06,1,cold_start_time_since_reset,60-300_s,0.0,35-65,16.008473186560288,16.311462118339012,-16.008473186560288
T6_plain,US06,1,cold_start_time_since_reset,60-300_s,0.0,<=35,8.655610697151296,8.700409473946584,-8.655610697151296
T6_plain,US06,1,cold_start_time_since_reset,60-300_s,0.0,>65,21.216385684737713,21.553126528164995,-21.216385684737713
T6_plain,US06,1,cold_start_time_since_reset,60-300_s,10.0,35-65,3.5096518043691405,3.5319388582564004,-3.5096518043691405
T6_plain,US06,1,cold_start_time_since_reset,60-300_s,10.0,<=35,4.640329740440033,4.698012844106646,-4.640329740440033
T6_plain,US06,1,cold_start_time_since_reset,60-300_s,10.0,>65,14.35549247190018,16.155206960513215,-14.35549247190018
T6_plain,US06,1,cold_start_time_since_reset,60-300_s,20.0,35-65,15.248828402240466,15.286550776202459,-15.248828402240466
T6_plain,US06,1,cold_start_time_since_reset,60-300_s,20.0,<=35,6.987393775626488,7.059309041051634,-6.987393775626488
T6_plain,US06,1,cold_start_time_since_reset,60-300_s,20.0,>65,20.461830836798537,20.521749730388162,-20.461830836798537
T6_plain,US06,1,cold_start_time_since_reset,60-300_s,25.0,35-65,16.672518365372802,16.73299641155709,-16.672518365372802
T6_plain,US06,1,cold_start_time_since_reset,60-300_s,25.0,<=35,4.675946840917492,4.803241640292332,-4.675946840917492
T6_plain,US06,1,cold_start_time_since_reset,60-300_s,25.0,>65,9.754945626917015,9.766725848025395,-9.754945626917015
T6_plain,US06,1,cold_start_time_since_reset,60-300_s,30.0,35-65,16.317531335268246,16.35907910735284,-16.317531335268246
T6_plain,US06,1,cold_start_time_since_reset,60-300_s,30.0,<=35,4.3992565232709895,4.668108096989527,-4.3992565232709895
T6_plain,US06,1,cold_start_time_since_reset,60-300_s,30.0,>65,14.82590544217602,14.85240387193321,-14.82590544217602
T6_plain,US06,1,cold_start_time_since_reset,60-300_s,40.0,35-65,10.345642508458265,12.331519095508904,-10.345642508458265
T6_plain,US06,1,cold_start_time_since_reset,60-300_s,40.0,<=35,4.163981753659377,4.263264505246668,-4.163981753659377
T6_plain,US06,1,cold_start_time_since_reset,60-300_s,40.0,>65,13.739825315286165,13.771651150474138,-13.739825315286165
T6_plain,US06,1,cold_start_time_since_reset,60-300_s,50.0,35-65,7.814458859992346,8.26674497423268,-7.814458859992346
T6_plain,US06,1,cold_start_time_since_reset,60-300_s,50.0,<=35,1.9319482695368815,2.038267907863456,-1.9319482695368815
T6_plain,US06,1,cold_start_time_since_reset,60-300_s,50.0,>65,11.530945717232832,11.602646169575298,-11.530945717232832
T6_plain,US06,1,cold_start_time_since_reset,900-1800_s,-10.0,35-65,8.760099518047749,9.31731690508381,-8.760099518047749
T6_plain,US06,1,cold_start_time_since_reset,900-1800_s,-10.0,<=35,1.647146018842278,1.6710639224132706,-1.647146018842278
T6_plain,US06,1,cold_start_time_since_reset,900-1800_s,-10.0,>65,7.24053838361931,7.242394730905136,-7.24053838361931
T6_plain,US06,1,cold_start_time_since_reset,900-1800_s,0.0,35-65,7.277443805203786,7.749053325063359,-7.277443805203786
T6_plain,US06,1,cold_start_time_since_reset,900-1800_s,0.0,<=35,2.3821820559739044,2.716699288326144,-2.3821820559739044
T6_plain,US06,1,cold_start_time_since_reset,900-1800_s,0.0,>65,13.85549267125337,13.855578277642469,-13.85549267125337
T6_plain,US06,1,cold_start_time_since_reset,900-1800_s,10.0,35-65,5.814746036689149,6.512551044053819,-5.814746036689149
T6_plain,US06,1,cold_start_time_since_reset,900-1800_s,10.0,<=35,0.8322988862027771,1.0017735127269118,-0.6693584371312218
T6_plain,US06,1,cold_start_time_since_reset,900-1800_s,20.0,35-65,6.8919432919494055,7.417823385376963,-6.8919432919494055
T6_plain,US06,1,cold_start_time_since_reset,900-1800_s,20.0,<=35,1.138174931460997,1.3534953813499953,-1.138174931460997
T6_plain,US06,1,cold_start_time_since_reset,900-1800_s,20.0,>65,6.93216322310562,6.967223005523237,-6.93216322310562
T6_plain,US06,1,cold_start_time_since_reset,900-1800_s,25.0,35-65,5.346935254824909,5.596954823213112,-5.346935254824909
T6_plain,US06,1,cold_start_time_since_reset,900-1800_s,25.0,<=35,0.7345216621847326,1.0143438555422828,-0.5861837790016743
T6_plain,US06,1,cold_start_time_since_reset,900-1800_s,30.0,35-65,5.358416421270698,5.734248570344639,-5.358416421270698
T6_plain,US06,1,cold_start_time_since_reset,900-1800_s,30.0,<=35,0.6791058785661046,0.8555141761509487,-0.6697770384429741
T6_plain,US06,1,cold_start_time_since_reset,900-1800_s,30.0,>65,5.022475362176056,5.0465885104816905,-5.022475362176056
T6_plain,US06,1,cold_start_time_since_reset,900-1800_s,40.0,35-65,5.92069261898831,6.289628750417158,-5.92069261898831
T6_plain,US06,1,cold_start_time_since_reset,900-1800_s,40.0,<=35,0.5157062916331866,0.6587933852201668,-0.5008306785990552
T6_plain,US06,1,cold_start_time_since_reset,900-1800_s,40.0,>65,4.585167200469649,4.600269696179771,-4.585167200469649
T6_plain,US06,1,cold_start_time_since_reset,900-1800_s,50.0,35-65,4.057127844725238,4.679589329352991,-4.0534989786480855
T6_plain,US06,1,cold_start_time_since_reset,900-1800_s,50.0,<=35,0.45214092069263934,0.5848920855692056,-0.32643342543013637
T6_plain,US06,1,cold_start_time_since_reset,900-1800_s,50.0,>65,7.164805017696563,7.1669698065726655,-7.164805017696563
T6_plain,US06,1,cold_start_time_since_reset,<=60_s,-10.0,35-65,2.105058979528601,2.5628371191416575,-2.105058979528601
T6_plain,US06,1,cold_start_time_since_reset,<=60_s,-10.0,>65,22.08286836392683,23.823297746912868,-22.08286836392683
T6_plain,US06,1,cold_start_time_since_reset,<=60_s,0.0,35-65,18.327615109442622,18.6262219842367,-18.327615109442622
T6_plain,US06,1,cold_start_time_since_reset,<=60_s,0.0,<=35,9.78149970284479,9.781519836316937,-9.78149970284479
T6_plain,US06,1,cold_start_time_since_reset,<=60_s,0.0,>65,20.36040338250998,20.963368011935977,-20.36040338250998
T6_plain,US06,1,cold_start_time_since_reset,<=60_s,10.0,35-65,4.06126374290605,4.061920904939953,-4.06126374290605
T6_plain,US06,1,cold_start_time_since_reset,<=60_s,10.0,<=35,5.707008524505449,5.73956891048076,-5.707008524505449
T6_plain,US06,1,cold_start_time_since_reset,<=60_s,10.0,>65,15.7105884482786,17.687594941802963,-15.7105884482786
T6_plain,US06,1,cold_start_time_since_reset,<=60_s,20.0,35-65,17.106911832219904,17.106945293458494,-17.106911832219904
T6_plain,US06,1,cold_start_time_since_reset,<=60_s,20.0,<=35,8.724064859864841,8.728423145919043,-8.724064859864841
T6_plain,US06,1,cold_start_time_since_reset,<=60_s,20.0,>65,22.63930710346257,22.655071933544335,-22.63930710346257
T6_plain,US06,1,cold_start_time_since_reset,<=60_s,25.0,35-65,18.68689626370378,18.7080963770454,-18.68689626370378
T6_plain,US06,1,cold_start_time_since_reset,<=60_s,25.0,<=35,5.933091222815773,6.03769695763524,-5.933091222815773
T6_plain,US06,1,cold_start_time_since_reset,<=60_s,25.0,>65,10.915994220345238,10.9167305933877,-10.915994220345238
T6_plain,US06,1,cold_start_time_since_reset,<=60_s,30.0,35-65,18.42650005760956,18.4270871469242,-18.42650005760956
T6_plain,US06,1,cold_start_time_since_reset,<=60_s,30.0,<=35,5.486993559992416,5.749406464942955,-5.486993559992416
T6_plain,US06,1,cold_start_time_since_reset,<=60_s,30.0,>65,16.283249374567898,16.284930516777973,-16.283249374567898
T6_plain,US06,1,cold_start_time_since_reset,<=60_s,40.0,35-65,11.92685173567662,13.817751385933578,-11.92685173567662
T6_plain,US06,1,cold_start_time_since_reset,<=60_s,40.0,<=35,5.642169659219569,5.642908605424368,-5.642169659219569
T6_plain,US06,1,cold_start_time_since_reset,<=60_s,40.0,>65,15.465521472750577,15.46582576255003,-15.465521472750577
T6_plain,US06,1,cold_start_time_since_reset,<=60_s,50.0,35-65,9.105445511302051,9.463415541623137,-9.105445511302051
T6_plain,US06,1,cold_start_time_since_reset,<=60_s,50.0,<=35,2.156037600903598,2.1593998881844203,-2.156037600903598
T6_plain,US06,1,cold_start_time_since_reset,<=60_s,50.0,>65,14.173099662832088,14.173501033602394,-14.173099662832088
T6_plain,US06,1,cold_start_time_since_reset,>3600_s,-10.0,<=35,1.8608905714839215,1.8672342545202865,-1.8608905714839215
T6_plain,US06,1,cold_start_time_since_reset,>3600_s,0.0,<=35,0.6813589411679735,0.7495887037182632,-0.6813589411679735
T6_plain,US06,1,cold_start_time_since_reset,>3600_s,10.0,<=35,0.5047348748279573,0.6097788248713467,-0.21428211352083432
T6_plain,US06,1,cold_start_time_since_reset,>3600_s,20.0,35-65,1.7342902697412828,1.7699837725304797,-1.7342902697412828
T6_plain,US06,1,cold_start_time_since_reset,>3600_s,20.0,<=35,0.46707659970563026,0.5705732352161814,-0.4344646362914497
T6_plain,US06,1,cold_start_time_since_reset,>3600_s,25.0,<=35,0.3471977531892619,0.38294513121663026,0.04050040629205285
T6_plain,US06,1,cold_start_time_since_reset,>3600_s,30.0,35-65,0.8920237906494141,0.9358658670077931,-0.8920237906494141
T6_plain,US06,1,cold_start_time_since_reset,>3600_s,30.0,<=35,0.23759931871114787,0.29654172645485916,-0.1306335619295209
T6_plain,US06,1,cold_start_time_since_reset,>3600_s,40.0,35-65,0.40027824303707,0.4836090941826106,-0.3862507165512576
T6_plain,US06,1,cold_start_time_since_reset,>3600_s,40.0,<=35,0.17760732479035268,0.21635594963335206,0.009751845536121989
T6_plain,US06,1,cold_start_time_since_reset,>3600_s,50.0,<=35,0.22887019676321968,0.2867928653571194,0.10422163514407447
T6_plain,US06,2,baseline,unperturbed,-10.0,35-65,3.1271794700813786,3.1792491754389305,-3.1271794700813786
T6_plain,US06,2,baseline,unperturbed,-10.0,<=35,2.2681008008213555,2.295539914185778,-2.2681008008213555
T6_plain,US06,2,baseline,unperturbed,-10.0,>65,1.191264679191919,1.3269750306837529,-1.1897220173737373
T6_plain,US06,2,baseline,unperturbed,0.0,35-65,1.3055023061420346,1.3773027272319018,-1.3055023061420346
T6_plain,US06,2,baseline,unperturbed,0.0,<=35,1.06040464792654,1.1195400990778548,-1.06040464792654
T6_plain,US06,2,baseline,unperturbed,0.0,>65,0.5400698935824534,0.6244924204945315,-0.530754461413485
T6_plain,US06,2,baseline,unperturbed,10.0,35-65,0.76380361875,0.9100885483071421,-0.7578833485576925
T6_plain,US06,2,baseline,unperturbed,10.0,<=35,0.662756176030466,0.7672938709601944,-0.5627457197580645
T6_plain,US06,2,baseline,unperturbed,10.0,>65,0.4384046629399584,0.5337494338102831,-0.4288279573498963
T6_plain,US06,2,baseline,unperturbed,20.0,35-65,0.5001051194100856,0.5880317703074599,-0.24242995004757387
T6_plain,US06,2,baseline,unperturbed,20.0,<=35,0.44957143804878047,0.5115813165431897,-0.4060392439911308
T6_plain,US06,2,baseline,unperturbed,20.0,>65,0.36719278651685394,0.4945786772444136,-0.3456575345104334
T6_plain,US06,2,baseline,unperturbed,25.0,35-65,0.3599039272030652,0.40606357069750815,-0.020737313218390886
T6_plain,US06,2,baseline,unperturbed,25.0,<=35,0.3017020098114825,0.34929190907250135,-0.09810994228791772
T6_plain,US06,2,baseline,unperturbed,25.0,>65,0.2988985748189863,0.39136691485334046,-0.06622961504424778
T6_plain,US06,2,baseline,unperturbed,30.0,35-65,0.4143645760769935,0.4784646552261061,-0.07660629376718621
T6_plain,US06,2,baseline,unperturbed,30.0,<=35,0.2530125190601669,0.3021992394480922,-0.17239994918752743
T6_plain,US06,2,baseline,unperturbed,30.0,>65,0.33951745589414606,0.4427120346753766,-0.13053371892542107
T6_plain,US06,2,baseline,unperturbed,40.0,35-65,0.4099498435804702,0.5014260060782363,0.3654988598553346
T6_plain,US06,2,baseline,unperturbed,40.0,<=35,0.21739431009676063,0.26916950188472877,0.055165512789230146
T6_plain,US06,2,baseline,unperturbed,40.0,>65,0.40882298164405423,0.49416268353658904,0.029139984836392553
T6_plain,US06,2,baseline,unperturbed,50.0,35-65,0.6209145115332428,0.6913672315006637,0.6150226553595658
T6_plain,US06,2,baseline,unperturbed,50.0,<=35,0.2559994487083334,0.3094062599719945,0.15284912845833337
T6_plain,US06,2,baseline,unperturbed,50.0,>65,0.43830284870259484,0.5268084760892773,0.11857639041916165
T6_plain,US06,2,cold_start_time_since_reset,1800-3600_s,-10.0,35-65,4.570004916729711,4.707305897050823,-4.570004916729711
T6_plain,US06,2,cold_start_time_since_reset,1800-3600_s,-10.0,<=35,2.646280696352029,2.6755918518230617,-2.646280696352029
T6_plain,US06,2,cold_start_time_since_reset,1800-3600_s,0.0,35-65,4.047696076187385,4.27909107755781,-4.047696076187385
T6_plain,US06,2,cold_start_time_since_reset,1800-3600_s,0.0,<=35,1.406386713292273,1.5489422685352021,-1.406386713292273
T6_plain,US06,2,cold_start_time_since_reset,1800-3600_s,10.0,35-65,3.2559210284047975,3.3523986530042795,-3.2559210284047975
T6_plain,US06,2,cold_start_time_since_reset,1800-3600_s,10.0,<=35,0.9845302018894247,1.1548577923972139,-0.9197726502423541
T6_plain,US06,2,cold_start_time_since_reset,1800-3600_s,20.0,35-65,3.9491648073369103,4.11778735534455,-3.9491648073369103
T6_plain,US06,2,cold_start_time_since_reset,1800-3600_s,20.0,<=35,0.7631462613567047,0.8906526988162575,-0.7359152746152274
T6_plain,US06,2,cold_start_time_since_reset,1800-3600_s,20.0,>65,6.363554788417231,6.364182784716016,-6.363554788417231
T6_plain,US06,2,cold_start_time_since_reset,1800-3600_s,25.0,35-65,2.8212267920052576,3.046714632381698,-2.8212267920052576
T6_plain,US06,2,cold_start_time_since_reset,1800-3600_s,25.0,<=35,0.5663890598725779,0.6869295216026795,-0.47327720574955207
T6_plain,US06,2,cold_start_time_since_reset,1800-3600_s,30.0,35-65,3.117710277111827,3.2865884519392976,-3.117710277111827
T6_plain,US06,2,cold_start_time_since_reset,1800-3600_s,30.0,<=35,0.47890115307008974,0.5765363398808883,-0.4394915904030955
T6_plain,US06,2,cold_start_time_since_reset,1800-3600_s,40.0,35-65,2.59028528687939,2.816768494138317,-2.59028528687939
T6_plain,US06,2,cold_start_time_since_reset,1800-3600_s,40.0,<=35,0.256510369144187,0.3186127271872631,-0.031669679282135266
T6_plain,US06,2,cold_start_time_since_reset,1800-3600_s,50.0,35-65,2.351501619041544,2.783557914888972,-2.3504949651471936
T6_plain,US06,2,cold_start_time_since_reset,1800-3600_s,50.0,<=35,0.2518091933642788,0.30516899751388243,0.0760205441865609
T6_plain,US06,2,cold_start_time_since_reset,300-900_s,-10.0,35-65,9.521482424478325,12.670115300299031,-9.521260597603767
T6_plain,US06,2,cold_start_time_since_reset,300-900_s,-10.0,<=35,1.7382366355415952,1.7554748031447585,-1.7382366355415952
T6_plain,US06,2,cold_start_time_since_reset,300-900_s,-10.0,>65,13.565568651720671,15.483809845670748,-13.565568651720671
T6_plain,US06,2,cold_start_time_since_reset,300-900_s,0.0,35-65,11.551782693750216,11.868205064290553,-11.551782693750216
T6_plain,US06,2,cold_start_time_since_reset,300-900_s,0.0,<=35,3.4181349665766816,3.8877524555175986,-3.4181349665766816
T6_plain,US06,2,cold_start_time_since_reset,300-900_s,0.0,>65,17.964008330962493,18.119854454980292,-17.964008330962493
T6_plain,US06,2,cold_start_time_since_reset,300-900_s,10.0,35-65,8.89104744188111,11.149777079608294,-8.89104744188111
T6_plain,US06,2,cold_start_time_since_reset,300-900_s,10.0,<=35,1.9344293586659265,2.1047242057002764,-1.9344293586659265
T6_plain,US06,2,cold_start_time_since_reset,300-900_s,10.0,>65,6.854638225641845,7.122284468443224,-6.854638225641845
T6_plain,US06,2,cold_start_time_since_reset,300-900_s,20.0,35-65,12.86166539459822,13.341888498152437,-12.86166539459822
T6_plain,US06,2,cold_start_time_since_reset,300-900_s,20.0,<=35,3.1024410812735095,3.3054866585193414,-3.1024410812735095
T6_plain,US06,2,cold_start_time_since_reset,300-900_s,20.0,>65,12.818518402245994,13.226061220036726,-12.818518402245994
T6_plain,US06,2,cold_start_time_since_reset,300-900_s,25.0,35-65,11.204627529888949,11.488044137060886,-11.204627529888949
T6_plain,US06,2,cold_start_time_since_reset,300-900_s,25.0,<=35,1.862934338231603,2.040305467298355,-1.862934338231603
T6_plain,US06,2,cold_start_time_since_reset,300-900_s,25.0,>65,7.906675203846943,7.9103172250118945,-7.906675203846943
T6_plain,US06,2,cold_start_time_since_reset,300-900_s,30.0,35-65,11.099926625476861,11.256245450099446,-11.099926625476861
T6_plain,US06,2,cold_start_time_since_reset,300-900_s,30.0,<=35,1.823737192994546,2.0656996685934064,-1.823737192994546
T6_plain,US06,2,cold_start_time_since_reset,300-900_s,30.0,>65,8.3706984323967,8.602731634549722,-8.3706984323967
T6_plain,US06,2,cold_start_time_since_reset,300-900_s,40.0,35-65,9.312638709134616,10.565600548190893,-9.312638709134616
T6_plain,US06,2,cold_start_time_since_reset,300-900_s,40.0,<=35,1.6195105866195996,1.7453713476325803,-1.6195105866195996
T6_plain,US06,2,cold_start_time_since_reset,300-900_s,40.0,>65,7.889337850795587,8.119345539982328,-7.889337850795587
T6_plain,US06,2,cold_start_time_since_reset,300-900_s,50.0,35-65,5.993606459650433,6.323487905145262,-5.993606459650433
T6_plain,US06,2,cold_start_time_since_reset,300-900_s,50.0,<=35,1.4474770851307923,1.752875540674752,-1.4467206224503542
T6_plain,US06,2,cold_start_time_since_reset,300-900_s,50.0,>65,7.659075220757501,7.686217040399698,-7.659075220757501
T6_plain,US06,2,cold_start_time_since_reset,60-300_s,-10.0,35-65,6.551805311029032,11.501643597342133,-6.531422566200645
T6_plain,US06,2,cold_start_time_since_reset,60-300_s,-10.0,>65,19.282860003893095,21.453382796427462,-19.282860003893095
T6_plain,US06,2,cold_start_time_since_reset,60-300_s,0.0,35-65,15.863102139832145,16.193859504746495,-15.863102139832145
T6_plain,US06,2,cold_start_time_since_reset,60-300_s,0.0,<=35,6.091856181234065,6.138025178563542,-6.091856181234065
T6_plain,US06,2,cold_start_time_since_reset,60-300_s,0.0,>65,21.40384066865268,21.736406020740635,-21.40384066865268
T6_plain,US06,2,cold_start_time_since_reset,60-300_s,10.0,35-65,3.678828952003,3.7208959537826662,-3.678828952003
T6_plain,US06,2,cold_start_time_since_reset,60-300_s,10.0,<=35,4.492555930241417,4.540431745303685,-4.492555930241417
T6_plain,US06,2,cold_start_time_since_reset,60-300_s,10.0,>65,14.392264396445546,16.05502086393889,-14.392264396445546
T6_plain,US06,2,cold_start_time_since_reset,60-300_s,20.0,35-65,15.375676163613191,15.414346755011758,-15.375676163613191
T6_plain,US06,2,cold_start_time_since_reset,60-300_s,20.0,<=35,6.415877894170054,6.479324759599244,-6.415877894170054
T6_plain,US06,2,cold_start_time_since_reset,60-300_s,20.0,>65,20.582196033376974,20.658427731044075,-20.582196033376974
T6_plain,US06,2,cold_start_time_since_reset,60-300_s,25.0,35-65,16.71716641912342,16.77863640702403,-16.71716641912342
T6_plain,US06,2,cold_start_time_since_reset,60-300_s,25.0,<=35,4.1398860743472525,4.250708887538803,-4.1398860743472525
T6_plain,US06,2,cold_start_time_since_reset,60-300_s,25.0,>65,9.39164861148847,9.411723790506533,-9.39164861148847
T6_plain,US06,2,cold_start_time_since_reset,60-300_s,30.0,35-65,16.618345832242394,16.66272170276966,-16.618345832242394
T6_plain,US06,2,cold_start_time_since_reset,60-300_s,30.0,<=35,4.205461365183531,4.435883454063484,-4.205461365183531
T6_plain,US06,2,cold_start_time_since_reset,60-300_s,30.0,>65,14.136027641813143,14.181019617836283,-14.136027641813143
T6_plain,US06,2,cold_start_time_since_reset,60-300_s,40.0,35-65,10.899170736291147,12.689081996533023,-10.899170736291147
T6_plain,US06,2,cold_start_time_since_reset,60-300_s,40.0,<=35,4.346325158779604,4.448132823370352,-4.346325158779604
T6_plain,US06,2,cold_start_time_since_reset,60-300_s,40.0,>65,12.994507015230505,13.029923041023954,-12.994507015230505
T6_plain,US06,2,cold_start_time_since_reset,60-300_s,50.0,35-65,8.520474358961152,8.882111079134168,-8.520474358961152
T6_plain,US06,2,cold_start_time_since_reset,60-300_s,50.0,<=35,2.2260819246360866,2.333541077280023,-2.2260819246360866
T6_plain,US06,2,cold_start_time_since_reset,60-300_s,50.0,>65,11.735074191229948,11.817882676945299,-11.735074191229948
T6_plain,US06,2,cold_start_time_since_reset,900-1800_s,-10.0,35-65,8.810774470956414,9.382141913364253,-8.810774470956414
T6_plain,US06,2,cold_start_time_since_reset,900-1800_s,-10.0,<=35,1.6982376835367181,1.7193052502970665,-1.6982376835367181
T6_plain,US06,2,cold_start_time_since_reset,900-1800_s,-10.0,>65,7.192590544716836,7.1945164738896334,-7.192590544716836
T6_plain,US06,2,cold_start_time_since_reset,900-1800_s,0.0,35-65,7.452864492763231,7.939060099043433,-7.452864492763231
T6_plain,US06,2,cold_start_time_since_reset,900-1800_s,0.0,<=35,2.2349841007492723,2.521430804568015,-2.2349841007492723
T6_plain,US06,2,cold_start_time_since_reset,900-1800_s,0.0,>65,13.812680468965613,13.813060194947667,-13.812680468965613
T6_plain,US06,2,cold_start_time_since_reset,900-1800_s,10.0,35-65,5.657279168455901,6.3730378097328515,-5.657279168455901
T6_plain,US06,2,cold_start_time_since_reset,900-1800_s,10.0,<=35,0.7947466508887127,0.9510536863418455,-0.6770308018167221
T6_plain,US06,2,cold_start_time_since_reset,900-1800_s,20.0,35-65,7.002797064877414,7.534791098033834,-7.002797064877414
T6_plain,US06,2,cold_start_time_since_reset,900-1800_s,20.0,<=35,1.151044818648917,1.3726392956756943,-1.151044818648917
T6_plain,US06,2,cold_start_time_since_reset,900-1800_s,20.0,>65,6.982289381951601,7.009440651343351,-6.982289381951601
T6_plain,US06,2,cold_start_time_since_reset,900-1800_s,25.0,35-65,5.225869774098445,5.492170800097855,-5.225869774098445
T6_plain,US06,2,cold_start_time_since_reset,900-1800_s,25.0,<=35,0.6976937347684873,0.9376616493096964,-0.5413454850414958
T6_plain,US06,2,cold_start_time_since_reset,900-1800_s,30.0,35-65,5.463892073062291,5.8143451355119815,-5.463892073062291
T6_plain,US06,2,cold_start_time_since_reset,900-1800_s,30.0,<=35,0.6849080205590712,0.8363779562496965,-0.6724755083349617
T6_plain,US06,2,cold_start_time_since_reset,900-1800_s,30.0,>65,4.589757604159099,4.605167674943981,-4.589757604159099
T6_plain,US06,2,cold_start_time_since_reset,900-1800_s,40.0,35-65,6.133126812100525,6.46937089371645,-6.133126812100525
T6_plain,US06,2,cold_start_time_since_reset,900-1800_s,40.0,<=35,0.616764121603315,0.7685668952091563,-0.5919130637010311
T6_plain,US06,2,cold_start_time_since_reset,900-1800_s,40.0,>65,4.303755861676046,4.311850635131037,-4.303755861676046
T6_plain,US06,2,cold_start_time_since_reset,900-1800_s,50.0,35-65,4.032553708152449,4.594587560146408,-4.032553708152449
T6_plain,US06,2,cold_start_time_since_reset,900-1800_s,50.0,<=35,0.49349610977129993,0.6498507483378252,-0.37792541765099363
T6_plain,US06,2,cold_start_time_since_reset,900-1800_s,50.0,>65,7.2670390936364075,7.269186007771172,-7.2670390936364075
T6_plain,US06,2,cold_start_time_since_reset,<=60_s,-10.0,35-65,2.299190223841234,2.613859157175982,-2.299190223841234
T6_plain,US06,2,cold_start_time_since_reset,<=60_s,-10.0,>65,21.951539872323202,23.633033164012044,-21.951539872323202
T6_plain,US06,2,cold_start_time_since_reset,<=60_s,0.0,35-65,18.02605123420091,18.40378161227656,-18.02605123420091
T6_plain,US06,2,cold_start_time_since_reset,<=60_s,0.0,<=35,7.251589766980256,7.251688225214608,-7.251589766980256
T6_plain,US06,2,cold_start_time_since_reset,<=60_s,0.0,>65,20.63083639377229,21.24369044182747,-20.63083639377229
T6_plain,US06,2,cold_start_time_since_reset,<=60_s,10.0,35-65,4.502878078139565,4.508185653146958,-4.502878078139565
T6_plain,US06,2,cold_start_time_since_reset,<=60_s,10.0,<=35,5.589221647972107,5.603170531404642,-5.589221647972107
T6_plain,US06,2,cold_start_time_since_reset,<=60_s,10.0,>65,15.576234837676308,17.506418611754253,-15.576234837676308
T6_plain,US06,2,cold_start_time_since_reset,<=60_s,20.0,35-65,17.392946394590897,17.393246204399027,-17.392946394590897
T6_plain,US06,2,cold_start_time_since_reset,<=60_s,20.0,<=35,7.970918111213684,7.976926451612252,-7.970918111213684
T6_plain,US06,2,cold_start_time_since_reset,<=60_s,20.0,>65,22.926197263416295,22.936423909222963,-22.926197263416295
T6_plain,US06,2,cold_start_time_since_reset,<=60_s,25.0,35-65,18.677297206592907,18.69848014611345,-18.677297206592907
T6_plain,US06,2,cold_start_time_since_reset,<=60_s,25.0,<=35,5.22564586141829,5.318607369909822,-5.22564586141829
T6_plain,US06,2,cold_start_time_since_reset,<=60_s,25.0,>65,10.605165751328903,10.605565796739606,-10.605165751328903
T6_plain,US06,2,cold_start_time_since_reset,<=60_s,30.0,35-65,18.728578293842663,18.72871191678544,-18.728578293842663
T6_plain,US06,2,cold_start_time_since_reset,<=60_s,30.0,<=35,5.145062315391042,5.395485773872715,-5.145062315391042
T6_plain,US06,2,cold_start_time_since_reset,<=60_s,30.0,>65,15.558092763905613,15.558948183254207,-15.558092763905613
T6_plain,US06,2,cold_start_time_since_reset,<=60_s,40.0,35-65,12.341936224140744,14.145289491397726,-12.341936224140744
T6_plain,US06,2,cold_start_time_since_reset,<=60_s,40.0,<=35,6.131442175101714,6.131629951567994,-6.131442175101714
T6_plain,US06,2,cold_start_time_since_reset,<=60_s,40.0,>65,14.78794616629167,14.788003030194231,-14.78794616629167
T6_plain,US06,2,cold_start_time_since_reset,<=60_s,50.0,35-65,9.611343001719307,9.922053856456941,-9.611343001719307
T6_plain,US06,2,cold_start_time_since_reset,<=60_s,50.0,<=35,2.245151150656267,2.246132935333007,-2.245151150656267
T6_plain,US06,2,cold_start_time_since_reset,<=60_s,50.0,>65,14.43846821113864,14.4387004276475,-14.43846821113864
T6_plain,US06,2,cold_start_time_since_reset,>3600_s,-10.0,<=35,1.938888549153096,1.9408873596401504,-1.938888549153096
T6_plain,US06,2,cold_start_time_since_reset,>3600_s,0.0,<=35,0.8605987858341181,0.9007560577633649,-0.8605987858341181
T6_plain,US06,2,cold_start_time_since_reset,>3600_s,10.0,<=35,0.46555698429776365,0.5668978561019694,-0.2544251456413139
T6_plain,US06,2,cold_start_time_since_reset,>3600_s,20.0,35-65,1.6275904090108577,1.6750718388488708,-1.6275904090108577
T6_plain,US06,2,cold_start_time_since_reset,>3600_s,20.0,<=35,0.47223714937135713,0.5774046003320995,-0.4203334607196561
T6_plain,US06,2,cold_start_time_since_reset,>3600_s,25.0,<=35,0.31797693059746146,0.3676744238888675,0.0963543333400075
T6_plain,US06,2,cold_start_time_since_reset,>3600_s,30.0,35-65,0.9321525213251676,0.9679252619466681,-0.9321525213251676
T6_plain,US06,2,cold_start_time_since_reset,>3600_s,30.0,<=35,0.26496241736222137,0.32585657835086024,-0.15344503418068026
T6_plain,US06,2,cold_start_time_since_reset,>3600_s,40.0,35-65,0.4398852582656422,0.4987619918166616,-0.43030868610261747
T6_plain,US06,2,cold_start_time_since_reset,>3600_s,40.0,<=35,0.21729261882544215,0.27290891209693446,0.049827019664793845
T6_plain,US06,2,cold_start_time_since_reset,>3600_s,50.0,<=35,0.25283339872246585,0.30864228003152255,0.14151089635477582
