feature,fold,seed,perturbation_type,level,temp,soc_band,mae,rmse,bias
T6_plain,DST,0,baseline,unperturbed,-10.0,35-65,1.0374118304405875,1.2989302228611472,0.21811410547396523
T6_plain,DST,0,baseline,unperturbed,-10.0,<=35,1.1255567305555556,1.490500510902571,1.0789709638888891
T6_plain,DST,0,baseline,unperturbed,-10.0,>65,0.6867619996194825,0.8413430187758764,-0.625938847412481
T6_plain,DST,0,baseline,unperturbed,0.0,35-65,0.5986201968014214,0.7334188495258611,0.06295933496223896
T6_plain,DST,0,baseline,unperturbed,0.0,<=35,0.48221693071786315,0.650039202055572,0.20678764691151919
T6_plain,DST,0,baseline,unperturbed,0.0,>65,0.6153852756385817,0.7436038415235896,-0.5503407990850172
T6_plain,DST,0,baseline,unperturbed,10.0,35-65,0.3767406326438849,0.462262053063335,-0.022751987859712223
T6_plain,DST,0,baseline,unperturbed,10.0,<=35,0.3724568507844016,0.4946142311780698,0.2929475080681309
T6_plain,DST,0,baseline,unperturbed,10.0,>65,0.5153012849378883,0.6330168563788802,-0.4619812461180124
T6_plain,DST,0,baseline,unperturbed,20.0,35-65,0.22433184137622866,0.2996008893066842,-0.0051497913315460995
T6_plain,DST,0,baseline,unperturbed,20.0,<=35,0.36606624297138046,0.45252998669955513,0.12639170795454543
T6_plain,DST,0,baseline,unperturbed,20.0,>65,0.5149582738636364,0.664912726423435,-0.4634557215909091
T6_plain,DST,0,baseline,unperturbed,25.0,35-65,0.19841677802590443,0.26909294581560395,0.06727083072800355
T6_plain,DST,0,baseline,unperturbed,25.0,<=35,0.3188080657248158,0.38303778024210383,0.2620853967649468
T6_plain,DST,0,baseline,unperturbed,25.0,>65,0.4193941046247156,0.5696892430584709,-0.2587514131918118
T6_plain,DST,0,baseline,unperturbed,30.0,35-65,0.23820809206349206,0.32971171856777903,0.1444138671201814
T6_plain,DST,0,baseline,unperturbed,30.0,<=35,0.3883791685429142,0.4530980892888869,0.2763376422355289
T6_plain,DST,0,baseline,unperturbed,30.0,>65,0.46482586572174567,0.6134959670998973,-0.28663013875419613
T6_plain,DST,0,baseline,unperturbed,40.0,35-65,0.43013017290145994,0.5410525016570092,0.40670614461678833
T6_plain,DST,0,baseline,unperturbed,40.0,<=35,0.45846136308858737,0.5459365257856093,0.41374959836392666
T6_plain,DST,0,baseline,unperturbed,40.0,>65,0.49942869544275653,0.6440767379396294,-0.23811884809188588
T6_plain,DST,0,baseline,unperturbed,50.0,35-65,0.46927512368781393,0.607753089826413,0.42276766316750347
T6_plain,DST,0,baseline,unperturbed,50.0,<=35,0.483645268821896,0.5729198690982922,0.4352289333201111
T6_plain,DST,0,baseline,unperturbed,50.0,>65,0.5066096207917129,0.6563993604934439,-0.25296717240103583
T6_plain,DST,0,r0_scale,r0_scale_0.5,-10.0,35-65,14.854396594106944,15.69473589893705,-14.854396594106944
T6_plain,DST,0,r0_scale,r0_scale_0.5,-10.0,<=35,6.147570993180466,6.265785475658487,-6.147570993180466
T6_plain,DST,0,r0_scale,r0_scale_0.5,-10.0,>65,11.332369770637314,13.290740681377354,-11.332369770637314
T6_plain,DST,0,r0_scale,r0_scale_0.5,0.0,35-65,19.573606426120893,20.230098445512184,-19.573606426120893
T6_plain,DST,0,r0_scale,r0_scale_0.5,0.0,<=35,5.10312177480115,6.139394194778253,-5.099698101898597
T6_plain,DST,0,r0_scale,r0_scale_0.5,0.0,>65,10.812429144068087,12.741645303588552,-10.812429144068087
T6_plain,DST,0,r0_scale,r0_scale_0.5,10.0,35-65,23.768351970582327,24.197888379761974,-23.768351970582327
T6_plain,DST,0,r0_scale,r0_scale_0.5,10.0,<=35,7.811637643710552,9.262130758965922,-7.811637643710552
T6_plain,DST,0,r0_scale,r0_scale_0.5,10.0,>65,11.35698148725681,13.352108764793536,-11.35698148725681
T6_plain,DST,0,r0_scale,r0_scale_0.5,20.0,35-65,24.302625135888352,24.838989200840647,-24.302625135888352
T6_plain,DST,0,r0_scale,r0_scale_0.5,20.0,<=35,8.720215122137354,9.984668648397662,-8.720215122137354
T6_plain,DST,0,r0_scale,r0_scale_0.5,20.0,>65,12.308859725458895,14.279523512909616,-12.308859725458895
T6_plain,DST,0,r0_scale,r0_scale_0.5,25.0,35-65,24.25679980818011,24.908159617261656,-24.25679980818011
T6_plain,DST,0,r0_scale,r0_scale_0.5,25.0,<=35,8.392606476754763,9.755993329208927,-8.392606476754763
T6_plain,DST,0,r0_scale,r0_scale_0.5,25.0,>65,12.69922258144145,14.779011302610552,-12.69922258144145
T6_plain,DST,0,r0_scale,r0_scale_0.5,30.0,35-65,23.683148715573346,24.4051790776094,-23.683148715573346
T6_plain,DST,0,r0_scale,r0_scale_0.5,30.0,<=35,8.294862879270466,9.561446245859132,-8.294862879270466
T6_plain,DST,0,r0_scale,r0_scale_0.5,30.0,>65,12.908102738320313,14.970935556674002,-12.908102738320313
T6_plain,DST,0,r0_scale,r0_scale_0.5,40.0,35-65,22.94544668662156,23.78489115257655,-22.94544668662156
T6_plain,DST,0,r0_scale,r0_scale_0.5,40.0,<=35,8.212877331893207,9.304548245741245,-8.212877331893207
T6_plain,DST,0,r0_scale,r0_scale_0.5,40.0,>65,13.593869300250995,15.756908358996771,-13.593869300250995
T6_plain,DST,0,r0_scale,r0_scale_0.5,50.0,35-65,22.259145396987627,23.176581414672892,-22.259145396987627
T6_plain,DST,0,r0_scale,r0_scale_0.5,50.0,<=35,7.970180406552325,9.017978681896972,-7.968014931664136
T6_plain,DST,0,r0_scale,r0_scale_0.5,50.0,>65,14.08279427866534,16.292124899288176,-14.08279427866534
T6_plain,DST,0,r0_scale,r0_scale_0.8,-10.0,35-65,7.613435224729567,8.063707280414254,-7.613435224729567
T6_plain,DST,0,r0_scale,r0_scale_0.8,-10.0,<=35,2.5479087688523823,2.7159063342082086,-2.5386794845349843
T6_plain,DST,0,r0_scale,r0_scale_0.8,-10.0,>65,4.487269555691462,5.1516019393817984,-4.487269555691462
T6_plain,DST,0,r0_scale,r0_scale_0.8,0.0,35-65,9.749993681787204,9.911823081089507,-9.749993681787204
T6_plain,DST,0,r0_scale,r0_scale_0.8,0.0,<=35,2.9107546593832105,3.539830002706819,-2.886320166819548
T6_plain,DST,0,r0_scale,r0_scale_0.8,0.0,>65,4.104211365696787,4.665145314781039,-4.104211365696787
T6_plain,DST,0,r0_scale,r0_scale_0.8,10.0,35-65,10.97840255094881,11.118543071806611,-10.97840255094881
T6_plain,DST,0,r0_scale,r0_scale_0.8,10.0,<=35,4.025323413627254,4.74386687733646,-4.025323413627254
T6_plain,DST,0,r0_scale,r0_scale_0.8,10.0,>65,4.1331594970648755,4.659593440024176,-4.1331594970648755
T6_plain,DST,0,r0_scale,r0_scale_0.8,20.0,35-65,11.254723410793122,11.446820876331719,-11.254723410793122
T6_plain,DST,0,r0_scale,r0_scale_0.8,20.0,<=35,4.219927381642887,4.843600686322301,-4.219927381642887
T6_plain,DST,0,r0_scale,r0_scale_0.8,20.0,>65,4.4295322948150755,4.897890354894938,-4.4295322948150755
T6_plain,DST,0,r0_scale,r0_scale_0.8,25.0,35-65,11.498906469254182,11.72493360417857,-11.498906469254182
T6_plain,DST,0,r0_scale,r0_scale_0.8,25.0,<=35,3.9588474804306486,4.644293157212408,-3.9490291680771543
T6_plain,DST,0,r0_scale,r0_scale_0.8,25.0,>65,4.419705322357021,4.9105599041485135,-4.419705322357021
T6_plain,DST,0,r0_scale,r0_scale_0.8,30.0,35-65,11.31412593733586,11.577566633969642,-11.31412593733586
T6_plain,DST,0,r0_scale,r0_scale_0.8,30.0,<=35,3.811191588898045,4.4023329344528745,-3.811191588898045
T6_plain,DST,0,r0_scale,r0_scale_0.8,30.0,>65,4.496479687110203,4.960521391259562,-4.496479687110203
T6_plain,DST,0,r0_scale,r0_scale_0.8,40.0,35-65,11.293672793761866,11.649111130705553,-11.293672793761866
T6_plain,DST,0,r0_scale,r0_scale_0.8,40.0,<=35,3.6068504283400373,4.063705277837397,-3.60674631807444
T6_plain,DST,0,r0_scale,r0_scale_0.8,40.0,>65,4.623441731918504,5.084707449682686,-4.623441731918504
T6_plain,DST,0,r0_scale,r0_scale_0.8,50.0,35-65,11.38475262125138,11.843198618399269,-11.38475262125138
T6_plain,DST,0,r0_scale,r0_scale_0.8,50.0,<=35,3.4586350026958055,3.8598817684459097,-3.4555474565799904
T6_plain,DST,0,r0_scale,r0_scale_0.8,50.0,>65,4.753300500976043,5.234787689718823,-4.753300500976043
T6_plain,DST,0,r0_scale,r0_scale_1.2,-10.0,35-65,9.317754928313013,9.553397513443354,9.317754928313013
T6_plain,DST,0,r0_scale,r0_scale_1.2,-10.0,<=35,7.2087628205530585,7.490593740454693,7.2087628205530585
T6_plain,DST,0,r0_scale,r0_scale_1.2,-10.0,>65,2.6044131359742337,3.1540053223361633,2.5931324529646727
T6_plain,DST,0,r0_scale,r0_scale_1.2,0.0,35-65,9.702511826300526,9.904843883238556,9.702511826300526
T6_plain,DST,0,r0_scale,r0_scale_1.2,0.0,<=35,5.2928765700952045,6.363815633549407,5.2928765700952045
T6_plain,DST,0,r0_scale,r0_scale_1.2,0.0,>65,2.41703203597642,2.940934584774357,2.4073350903853177
T6_plain,DST,0,r0_scale,r0_scale_1.2,10.0,35-65,10.237225391848282,10.473817976320106,10.237225391848282
T6_plain,DST,0,r0_scale,r0_scale_1.2,10.0,<=35,6.5178528853964055,7.567704974532445,6.5178528853964055
T6_plain,DST,0,r0_scale,r0_scale_1.2,10.0,>65,2.6199170022300167,3.1272327529515422,2.6113434435610037
T6_plain,DST,0,r0_scale,r0_scale_1.2,20.0,35-65,11.02259390784941,11.214767968541157,11.02259390784941
T6_plain,DST,0,r0_scale,r0_scale_1.2,20.0,<=35,5.994112844217165,7.004108413521695,5.894234230318233
T6_plain,DST,0,r0_scale,r0_scale_1.2,20.0,>65,2.836874802664462,3.4010124616380875,2.8271092827755204
T6_plain,DST,0,r0_scale,r0_scale_1.2,25.0,35-65,11.805181408711526,12.027199195844187,11.805181408711526
T6_plain,DST,0,r0_scale,r0_scale_1.2,25.0,<=35,5.957190112903581,7.046764963351375,5.95708778511418
T6_plain,DST,0,r0_scale,r0_scale_1.2,25.0,>65,3.1731315155464386,3.749232952512201,3.163782843478142
T6_plain,DST,0,r0_scale,r0_scale_1.2,30.0,35-65,12.009301206755827,12.222040898311638,12.009301206755827
T6_plain,DST,0,r0_scale,r0_scale_1.2,30.0,<=35,5.726263762333296,6.837281318873251,5.726263762333296
T6_plain,DST,0,r0_scale,r0_scale_1.2,30.0,>65,3.186152577261971,3.7697153291745686,3.1757703391786243
T6_plain,DST,0,r0_scale,r0_scale_1.2,40.0,35-65,12.89992064171704,13.185249327677221,12.89992064171704
T6_plain,DST,0,r0_scale,r0_scale_1.2,40.0,<=35,5.873741063636462,6.963578654692504,5.873741063636462
T6_plain,DST,0,r0_scale,r0_scale_1.2,40.0,>65,3.3719356926917934,3.9635692442615174,3.3603681035090953
T6_plain,DST,0,r0_scale,r0_scale_1.2,50.0,35-65,13.260391319228939,13.625579993057434,13.260391319228939
T6_plain,DST,0,r0_scale,r0_scale_1.2,50.0,<=35,5.7387014133642245,6.78395041858249,5.7387014133642245
T6_plain,DST,0,r0_scale,r0_scale_1.2,50.0,>65,3.458014032524439,4.054895960097236,3.444101092560746
T6_plain,DST,0,r0_scale,r0_scale_1.5,-10.0,35-65,21.68739413759856,22.12859060462024,21.68739413759856
T6_plain,DST,0,r0_scale,r0_scale_1.5,-10.0,<=35,21.919076804642486,22.259100171016577,21.919076804642486
T6_plain,DST,0,r0_scale,r0_scale_1.5,-10.0,>65,7.226268067747595,8.510520949891616,7.2155905604506545
T6_plain,DST,0,r0_scale,r0_scale_1.5,0.0,35-65,21.497460160572885,21.958973257517304,21.497460160572885
T6_plain,DST,0,r0_scale,r0_scale_1.5,0.0,<=35,15.915933301039983,18.35478450928225,15.915933301039983
T6_plain,DST,0,r0_scale,r0_scale_1.5,0.0,>65,6.515281694212011,7.612461146652744,6.506533853782191
T6_plain,DST,0,r0_scale,r0_scale_1.5,10.0,35-65,22.169314515321176,22.719981266552537,22.169314515321176
T6_plain,DST,0,r0_scale,r0_scale_1.5,10.0,<=35,18.344594557590447,20.658024151182012,18.344594557590447
T6_plain,DST,0,r0_scale,r0_scale_1.5,10.0,>65,6.701885065270815,7.741184714743303,6.694119651662596
T6_plain,DST,0,r0_scale,r0_scale_1.5,20.0,35-65,23.080441861629605,23.643873302648288,23.080441861629605
T6_plain,DST,0,r0_scale,r0_scale_1.5,20.0,<=35,17.285943884534447,19.933283060728787,17.210731377602205
T6_plain,DST,0,r0_scale,r0_scale_1.5,20.0,>65,7.060701640863568,8.12531925091742,7.05252498760384
T6_plain,DST,0,r0_scale,r0_scale_1.5,25.0,35-65,23.981404501953502,24.625485766278764,23.981404501953502
T6_plain,DST,0,r0_scale,r0_scale_1.5,25.0,<=35,17.60426983513871,20.47935820506637,17.60426983513871
T6_plain,DST,0,r0_scale,r0_scale_1.5,25.0,>65,7.536713538307439,8.662864445094787,7.528277668086459
T6_plain,DST,0,r0_scale,r0_scale_1.5,30.0,35-65,23.961446956505338,24.6029071093232,23.961446956505338
T6_plain,DST,0,r0_scale,r0_scale_1.5,30.0,<=35,17.01128020788415,19.954118587282373,17.01128020788415
T6_plain,DST,0,r0_scale,r0_scale_1.5,30.0,>65,7.627553579992002,8.772667021525457,7.618596211478235
T6_plain,DST,0,r0_scale,r0_scale_1.5,40.0,35-65,24.441653779273278,25.156554746200406,24.441653779273278
T6_plain,DST,0,r0_scale,r0_scale_1.5,40.0,<=35,17.389035237212774,20.25248748271532,17.389035237212774
T6_plain,DST,0,r0_scale,r0_scale_1.5,40.0,>65,8.053367518471887,9.276906140208169,8.042907859739142
T6_plain,DST,0,r0_scale,r0_scale_1.5,50.0,35-65,24.64528451742941,25.3993286953779,24.64528451742941
T6_plain,DST,0,r0_scale,r0_scale_1.5,50.0,<=35,16.992989383227552,19.772995932193922,16.992989383227552
T6_plain,DST,0,r0_scale,r0_scale_1.5,50.0,>65,8.258108214482874,9.525766914229905,8.245640019869738
T6_plain,DST,0,r0_scale,r0_scale_2,-10.0,35-65,35.88314674301642,36.3967177804834,35.88314674301642
T6_plain,DST,0,r0_scale,r0_scale_2,-10.0,<=35,41.7017902079469,42.01377089547439,41.7017902079469
T6_plain,DST,0,r0_scale,r0_scale_2,-10.0,>65,12.952752655524327,15.128143563358417,12.936175968182395
T6_plain,DST,0,r0_scale,r0_scale_2,0.0,35-65,34.41273837777332,35.062519336181786,34.41273837777332
T6_plain,DST,0,r0_scale,r0_scale_2,0.0,<=35,33.75527301900554,36.840915645154816,33.75527301900554
T6_plain,DST,0,r0_scale,r0_scale_2,0.0,>65,12.172398490763495,14.16215314403818,12.16051492687666
T6_plain,DST,0,r0_scale,r0_scale_2,10.0,35-65,34.56984362013543,35.31212256104285,34.56984362013543
T6_plain,DST,0,r0_scale,r0_scale_2,10.0,<=35,37.19715142747901,40.18540612173148,37.19715142747901
T6_plain,DST,0,r0_scale,r0_scale_2,10.0,>65,12.315002873441571,14.310226971176029,12.304998694907024
T6_plain,DST,0,r0_scale,r0_scale_2,20.0,35-65,34.90069671536228,35.56100827445193,34.90069671536228
T6_plain,DST,0,r0_scale,r0_scale_2,20.0,<=35,36.190696984815155,39.67646129110677,36.16154086642151
T6_plain,DST,0,r0_scale,r0_scale_2,20.0,>65,12.675295705077303,14.722017470128751,12.665446991378772
T6_plain,DST,0,r0_scale,r0_scale_2,25.0,35-65,35.7610990293278,36.42725424350322,35.7610990293278
T6_plain,DST,0,r0_scale,r0_scale_2,25.0,<=35,37.06180970792907,40.64912047179498,37.06180970792907
T6_plain,DST,0,r0_scale,r0_scale_2,25.0,>65,13.088286189707626,15.224225380662505,13.078117733451137
T6_plain,DST,0,r0_scale,r0_scale_2,30.0,35-65,35.692898257582655,36.31178733070335,35.692898257582655
T6_plain,DST,0,r0_scale,r0_scale_2,30.0,<=35,36.09402738149685,39.77076108451344,36.09402738149685
T6_plain,DST,0,r0_scale,r0_scale_2,30.0,>65,13.195981991546358,15.35252759525145,13.18555017502866
T6_plain,DST,0,r0_scale,r0_scale_2,40.0,35-65,36.39038801290498,36.99529283228912,36.39038801290498
T6_plain,DST,0,r0_scale,r0_scale_2,40.0,<=35,37.07746062334554,40.34980702819997,37.07746062334554
T6_plain,DST,0,r0_scale,r0_scale_2,40.0,>65,13.528110429995305,15.778941814971486,13.516216555033727
T6_plain,DST,0,r0_scale,r0_scale_2,50.0,35-65,36.73579602933699,37.3445992681123,36.73579602933699
T6_plain,DST,0,r0_scale,r0_scale_2,50.0,<=35,36.73148245390185,39.845287505775474,36.73148245390185
T6_plain,DST,0,r0_scale,r0_scale_2,50.0,>65,13.592733282490489,15.87579673821907,13.578898254085015
T6_plain,DST,1,baseline,unperturbed,-10.0,35-65,1.152845214953271,1.4960120465747049,0.8393493929684024
T6_plain,DST,1,baseline,unperturbed,-10.0,<=35,1.2822184250000002,1.571725477560035,1.2804288527777778
T6_plain,DST,1,baseline,unperturbed,-10.0,>65,0.5183416845509894,0.6504789557175132,-0.261470347412481
T6_plain,DST,1,baseline,unperturbed,0.0,35-65,0.6839953229675698,0.9965639025710307,0.5370988218569525
T6_plain,DST,1,baseline,unperturbed,0.0,<=35,0.6037318063439064,0.8617721510580825,0.4326899205342237
T6_plain,DST,1,baseline,unperturbed,0.0,>65,0.41943144567289364,0.5201197872235155,-0.22854533587495235
T6_plain,DST,1,baseline,unperturbed,10.0,35-65,0.5661765044964029,0.8081116665952283,0.399836320143885
T6_plain,DST,1,baseline,unperturbed,10.0,<=35,0.447846889376961,0.6829041376061615,0.31034754639175255
T6_plain,DST,1,baseline,unperturbed,10.0,>65,0.3763469013975156,0.476074128724527,-0.23103428649068322
T6_plain,DST,1,baseline,unperturbed,20.0,35-65,0.5599902234137623,0.6613205185913925,0.5488737747989275
T6_plain,DST,1,baseline,unperturbed,20.0,<=35,0.4071054456228957,0.5402502816714658,0.22413503619528624
T6_plain,DST,1,baseline,unperturbed,20.0,>65,0.3405022708333334,0.4697343041763147,-0.20994829128787876
T6_plain,DST,1,baseline,unperturbed,25.0,35-65,0.5500918133095132,0.6458433425367996,0.5486100794997768
T6_plain,DST,1,baseline,unperturbed,25.0,<=35,0.34925605094185097,0.452732970718378,0.31214757952497957
T6_plain,DST,1,baseline,unperturbed,25.0,>65,0.3587595382865809,0.45968186810218814,-0.02053979302501873
T6_plain,DST,1,baseline,unperturbed,30.0,35-65,0.7033970172335602,0.7515144378810746,0.7033970172335602
T6_plain,DST,1,baseline,unperturbed,30.0,<=35,0.4306886716566867,0.5122162998858694,0.3471582897804391
T6_plain,DST,1,baseline,unperturbed,30.0,>65,0.39121040358075354,0.5024479625914583,-0.07147371130175305
T6_plain,DST,1,baseline,unperturbed,40.0,35-65,0.7590187235401461,0.8163322857047043,0.758632879562044
T6_plain,DST,1,baseline,unperturbed,40.0,<=35,0.524972791500399,0.6064498899046483,0.45994564409417404
T6_plain,DST,1,baseline,unperturbed,40.0,>65,0.43719879362726943,0.5394861680559628,-0.008650677287884387
T6_plain,DST,1,baseline,unperturbed,50.0,35-65,0.8757492099497948,0.9468077624621793,0.8638785609310817
T6_plain,DST,1,baseline,unperturbed,50.0,<=35,0.5904389986909957,0.663489987629564,0.5418175007140025
T6_plain,DST,1,baseline,unperturbed,50.0,>65,0.43757646614872353,0.5335252995935696,0.020336932297447326
T6_plain,DST,1,r0_scale,r0_scale_0.5,-10.0,35-65,16.094274146046892,16.85895477674621,-16.094274146046892
T6_plain,DST,1,r0_scale,r0_scale_0.5,-10.0,<=35,7.2695803955284015,7.431729970099307,-7.2695803955284015
T6_plain,DST,1,r0_scale,r0_scale_0.5,-10.0,>65,12.796113259266246,14.813989473898166,-12.796113259266246
T6_plain,DST,1,r0_scale,r0_scale_0.5,0.0,35-65,19.519020036331636,20.1153058324912,-19.519020036331636
T6_plain,DST,1,r0_scale,r0_scale_0.5,0.0,<=35,5.389584826983473,6.360922390946223,-5.389584826983473
T6_plain,DST,1,r0_scale,r0_scale_0.5,0.0,>65,11.56834808012853,13.71669338455044,-11.56834808012853
T6_plain,DST,1,r0_scale,r0_scale_0.5,10.0,35-65,22.74686693524112,23.207937212530833,-22.74686693524112
T6_plain,DST,1,r0_scale,r0_scale_0.5,10.0,<=35,7.325926146046367,8.78416753312696,-7.325926146046367
T6_plain,DST,1,r0_scale,r0_scale_0.5,10.0,>65,11.642103419975136,13.821664889433928,-11.642103419975136
T6_plain,DST,1,r0_scale,r0_scale_0.5,20.0,35-65,23.06669505990786,23.741282672691398,-23.06669505990786
T6_plain,DST,1,r0_scale,r0_scale_0.5,20.0,<=35,8.195167321793605,9.427037957002678,-8.195167321793605
T6_plain,DST,1,r0_scale,r0_scale_0.5,20.0,>65,12.735184000640041,15.030317284461834,-12.735184000640041
T6_plain,DST,1,r0_scale,r0_scale_0.5,25.0,35-65,23.2086183439675,23.981065597840697,-23.2086183439675
T6_plain,DST,1,r0_scale,r0_scale_0.5,25.0,<=35,7.900499961990794,9.256970759974992,-7.900499961990794
T6_plain,DST,1,r0_scale,r0_scale_0.5,25.0,>65,13.352423808967577,15.762086836538666,-13.352423808967577
T6_plain,DST,1,r0_scale,r0_scale_0.5,30.0,35-65,22.612130960711518,23.46012841958686,-22.612130960711518
T6_plain,DST,1,r0_scale,r0_scale_0.5,30.0,<=35,7.923583517908238,9.105319535692493,-7.923583517908238
T6_plain,DST,1,r0_scale,r0_scale_0.5,30.0,>65,13.877921271787653,16.251919111392542,-13.877921271787653
T6_plain,DST,1,r0_scale,r0_scale_0.5,40.0,35-65,22.50121710520786,23.47961663155774,-22.50121710520786
T6_plain,DST,1,r0_scale,r0_scale_0.5,40.0,<=35,8.052721289781056,9.071184984104285,-8.052721289781056
T6_plain,DST,1,r0_scale,r0_scale_0.5,40.0,>65,15.020931622015839,17.481080028874544,-15.020931622015839
T6_plain,DST,1,r0_scale,r0_scale_0.5,50.0,35-65,22.027957296566285,23.128183273373434,-22.027957296566285
T6_plain,DST,1,r0_scale,r0_scale_0.5,50.0,<=35,7.889205348803544,8.862854016547292,-7.888904255862795
T6_plain,DST,1,r0_scale,r0_scale_0.5,50.0,>65,15.567228499286848,18.01375243213397,-15.567228499286848
T6_plain,DST,1,r0_scale,r0_scale_0.8,-10.0,35-65,7.600156520800194,7.945063408438944,-7.600156520800194
T6_plain,DST,1,r0_scale,r0_scale_0.8,-10.0,<=35,2.99249720474951,3.1213222507809704,-2.99249720474951
T6_plain,DST,1,r0_scale,r0_scale_0.8,-10.0,>65,4.613149802528851,5.249728480806272,-4.613149802528851
T6_plain,DST,1,r0_scale,r0_scale_0.8,0.0,35-65,9.161868891241792,9.307462164355174,-9.161868891241792
T6_plain,DST,1,r0_scale,r0_scale_0.8,0.0,<=35,2.7269722943261723,3.292627527741036,-2.7174085047901104
T6_plain,DST,1,r0_scale,r0_scale_0.8,0.0,>65,4.048596546313728,4.648163540555354,-4.048596546313728
T6_plain,DST,1,r0_scale,r0_scale_0.8,10.0,35-65,10.280218283404748,10.432163559493938,-10.280218283404748
T6_plain,DST,1,r0_scale,r0_scale_0.8,10.0,<=35,3.779166996730011,4.504083411263891,-3.7791000878583443
T6_plain,DST,1,r0_scale,r0_scale_0.8,10.0,>65,4.142142280306176,4.736670453169494,-4.142142280306176
T6_plain,DST,1,r0_scale,r0_scale_0.8,20.0,35-65,10.553705332182568,10.787019753510616,-10.553705332182568
T6_plain,DST,1,r0_scale,r0_scale_0.8,20.0,<=35,3.929589557787858,4.550736312521406,-3.929589557787858
T6_plain,DST,1,r0_scale,r0_scale_0.8,20.0,>65,4.488036658167678,5.0798939465566075,-4.488036658167678
T6_plain,DST,1,r0_scale,r0_scale_0.8,25.0,35-65,10.877657826668372,11.157737507732872,-10.877657826668372
T6_plain,DST,1,r0_scale,r0_scale_0.8,25.0,<=35,3.7594146247539966,4.4537553043387845,-3.752232874730374
T6_plain,DST,1,r0_scale,r0_scale_0.8,25.0,>65,4.530789023395309,5.155199173307822,-4.530789023395309
T6_plain,DST,1,r0_scale,r0_scale_0.8,30.0,35-65,10.73847941172796,11.066775617440513,-10.73847941172796
T6_plain,DST,1,r0_scale,r0_scale_0.8,30.0,<=35,3.6194939885836845,4.1657339968840885,-3.6194939885836845
T6_plain,DST,1,r0_scale,r0_scale_0.8,30.0,>65,4.69970543625656,5.297497698776211,-4.69970543625656
T6_plain,DST,1,r0_scale,r0_scale_0.8,40.0,35-65,11.279200976353701,11.734713856863747,-11.279200976353701
T6_plain,DST,1,r0_scale,r0_scale_0.8,40.0,<=35,3.5424588412798554,3.9968708306977767,-3.5424588412798554
T6_plain,DST,1,r0_scale,r0_scale_0.8,40.0,>65,4.88915734352226,5.47509545640368,-4.88915734352226
T6_plain,DST,1,r0_scale,r0_scale_0.8,50.0,35-65,11.497594091696415,12.082694901663986,-11.497594091696415
T6_plain,DST,1,r0_scale,r0_scale_0.8,50.0,<=35,3.3444274247475634,3.768438209348736,-3.343962105510041
T6_plain,DST,1,r0_scale,r0_scale_0.8,50.0,>65,4.95440501783206,5.528768434281921,-4.95440501783206
T6_plain,DST,1,r0_scale,r0_scale_1.2,-10.0,35-65,9.868054600317551,10.072099894059907,9.868054600317551
T6_plain,DST,1,r0_scale,r0_scale_1.2,-10.0,<=35,7.682292848154513,7.919570789032632,7.682292848154513
T6_plain,DST,1,r0_scale,r0_scale_1.2,-10.0,>65,3.003491591952494,3.5267077319094895,2.9886031676970646
T6_plain,DST,1,r0_scale,r0_scale_1.2,0.0,35-65,10.102548136242673,10.309653347707968,10.102548136242673
T6_plain,DST,1,r0_scale,r0_scale_1.2,0.0,<=35,5.366370664242524,6.384087021334853,5.360753296815826
T6_plain,DST,1,r0_scale,r0_scale_1.2,0.0,>65,2.8622237528230157,3.3636241265273754,2.8523140204328916
T6_plain,DST,1,r0_scale,r0_scale_1.2,10.0,35-65,10.609171630848026,10.861724122122766,10.609171630848026
T6_plain,DST,1,r0_scale,r0_scale_1.2,10.0,<=35,6.322442408370197,7.459570815157747,6.322315061271145
T6_plain,DST,1,r0_scale,r0_scale_1.2,10.0,>65,3.0155581836051946,3.544073544208773,3.0081130831515157
T6_plain,DST,1,r0_scale,r0_scale_1.2,20.0,35-65,11.692572020763912,11.902800126945882,11.692572020763912
T6_plain,DST,1,r0_scale,r0_scale_1.2,20.0,<=35,6.074737025894933,7.227585041465825,5.9924234938663705
T6_plain,DST,1,r0_scale,r0_scale_1.2,20.0,>65,3.2188412202277217,3.7849858271854364,3.211626938003644
T6_plain,DST,1,r0_scale,r0_scale_1.2,25.0,35-65,12.49929907618529,12.74713077449647,12.49929907618529
T6_plain,DST,1,r0_scale,r0_scale_1.2,25.0,<=35,6.039120731735253,7.238235984872387,6.039120731735253
T6_plain,DST,1,r0_scale,r0_scale_1.2,25.0,>65,3.5400819164024977,4.114427472058247,3.532888140050523
T6_plain,DST,1,r0_scale,r0_scale_1.2,30.0,35-65,12.895021385409692,13.137252064157343,12.895021385409692
T6_plain,DST,1,r0_scale,r0_scale_1.2,30.0,<=35,5.7808239159687345,7.00212810854551,5.7808239159687345
T6_plain,DST,1,r0_scale,r0_scale_1.2,30.0,>65,3.5447833806344997,4.123336702963795,3.5370215366143722
T6_plain,DST,1,r0_scale,r0_scale_1.2,40.0,35-65,13.804203697032092,14.110778319191454,13.804203697032092
T6_plain,DST,1,r0_scale,r0_scale_1.2,40.0,<=35,5.912606774269651,7.083262341764013,5.912606774269651
T6_plain,DST,1,r0_scale,r0_scale_1.2,40.0,>65,3.7560938218469726,4.3387310876956935,3.7466682995790226
T6_plain,DST,1,r0_scale,r0_scale_1.2,50.0,35-65,14.206324230075003,14.583085567687808,14.206324230075003
T6_plain,DST,1,r0_scale,r0_scale_1.2,50.0,<=35,5.844145346972736,6.979770057747597,5.844145346972736
T6_plain,DST,1,r0_scale,r0_scale_1.2,50.0,>65,3.8497684880642398,4.436843410413724,3.837718949164715
T6_plain,DST,1,r0_scale,r0_scale_1.5,-10.0,35-65,21.883188008105133,22.240338502475396,21.883188008105133
T6_plain,DST,1,r0_scale,r0_scale_1.5,-10.0,<=35,22.00615109436175,22.316264529988562,22.00615109436175
T6_plain,DST,1,r0_scale,r0_scale_1.5,-10.0,>65,7.6751224141358625,8.848028814785337,7.662144519691125
T6_plain,DST,1,r0_scale,r0_scale_1.5,0.0,35-65,21.770510317233573,22.185049124215773,21.770510317233573
T6_plain,DST,1,r0_scale,r0_scale_1.5,0.0,<=35,15.890541986888227,18.268710014612473,15.890541986888227
T6_plain,DST,1,r0_scale,r0_scale_1.5,0.0,>65,7.224094066799402,8.339635247189673,7.214958335244271
T6_plain,DST,1,r0_scale,r0_scale_1.5,10.0,35-65,22.793051879363755,23.323852657175788,22.793051879363755
T6_plain,DST,1,r0_scale,r0_scale_1.5,10.0,<=35,18.061141160641892,20.59366747014032,18.061141160641892
T6_plain,DST,1,r0_scale,r0_scale_1.5,10.0,>65,7.351317303948089,8.503608422327531,7.344437019314784
T6_plain,DST,1,r0_scale,r0_scale_1.5,20.0,35-65,24.007827197902124,24.589811288143636,24.007827197902124
T6_plain,DST,1,r0_scale,r0_scale_1.5,20.0,<=35,17.637372621998505,20.59443908742236,17.588370727283916
T6_plain,DST,1,r0_scale,r0_scale_1.5,20.0,>65,7.576638057895273,8.700839294979001,7.570045926011131
T6_plain,DST,1,r0_scale,r0_scale_1.5,25.0,35-65,24.859629656412793,25.518390912374112,24.859629656412793
T6_plain,DST,1,r0_scale,r0_scale_1.5,25.0,<=35,18.098323229555703,21.2441715413064,18.098323229555703
T6_plain,DST,1,r0_scale,r0_scale_1.5,25.0,>65,7.992369210652228,9.142738428337607,7.985729097934339
T6_plain,DST,1,r0_scale,r0_scale_1.5,30.0,35-65,24.92743724685518,25.58124280634924,24.92743724685518
T6_plain,DST,1,r0_scale,r0_scale_1.5,30.0,<=35,17.42111314878764,20.634959306139258,17.42111314878764
T6_plain,DST,1,r0_scale,r0_scale_1.5,30.0,>65,8.042207734316362,9.183029991702218,8.0351315061878
T6_plain,DST,1,r0_scale,r0_scale_1.5,40.0,35-65,25.373369168075993,26.09129573495709,25.373369168075993
T6_plain,DST,1,r0_scale,r0_scale_1.5,40.0,<=35,17.648540628648835,20.761579910426654,17.648540628648835
T6_plain,DST,1,r0_scale,r0_scale_1.5,40.0,>65,8.377674241924154,9.55031154221144,8.369061381985377
T6_plain,DST,1,r0_scale,r0_scale_1.5,50.0,35-65,25.393940513160075,26.151816113927914,25.393940513160075
T6_plain,DST,1,r0_scale,r0_scale_1.5,50.0,<=35,17.133478839469518,20.12970136451607,17.133478839469518
T6_plain,DST,1,r0_scale,r0_scale_1.5,50.0,>65,8.498530230726168,9.693333243857206,8.48767085875249
T6_plain,DST,1,r0_scale,r0_scale_2,-10.0,35-65,36.32263873173029,36.73073314016141,36.32263873173029
T6_plain,DST,1,r0_scale,r0_scale_2,-10.0,<=35,41.23299330240283,41.50697174234338,41.23299330240283
T6_plain,DST,1,r0_scale,r0_scale_2,-10.0,>65,13.285135122869477,15.426695832594891,13.26687725484451
T6_plain,DST,1,r0_scale,r0_scale_2,0.0,35-65,35.480368386384406,36.005981153898894,35.480368386384406
T6_plain,DST,1,r0_scale,r0_scale_2,0.0,<=35,33.61823286397741,36.66355018664669,33.61823286397741
T6_plain,DST,1,r0_scale,r0_scale_2,0.0,>65,12.635366801460531,14.60838255351917,12.623641201146249
T6_plain,DST,1,r0_scale,r0_scale_2,10.0,35-65,35.6896315683013,36.36331249642705,35.6896315683013
T6_plain,DST,1,r0_scale,r0_scale_2,10.0,<=35,37.41170448481159,40.55289113510937,37.41170448481159
T6_plain,DST,1,r0_scale,r0_scale_2,10.0,>65,12.52284842081112,14.465096468027985,12.514113066896847
T6_plain,DST,1,r0_scale,r0_scale_2,20.0,35-65,35.58214344906286,36.23253070623241,35.58214344906286
T6_plain,DST,1,r0_scale,r0_scale_2,20.0,<=35,36.42726957705816,40.252380309178285,36.41882010880728
T6_plain,DST,1,r0_scale,r0_scale_2,20.0,>65,12.715323746150032,14.661195905714928,12.70734354322623
T6_plain,DST,1,r0_scale,r0_scale_2,25.0,35-65,36.16326030467266,36.823379348940456,36.16326030467266
T6_plain,DST,1,r0_scale,r0_scale_2,25.0,<=35,37.233816651170066,41.10247039658125,37.233816651170066
T6_plain,DST,1,r0_scale,r0_scale_2,25.0,>65,13.075724164810776,15.085324409555222,13.067624518754965
T6_plain,DST,1,r0_scale,r0_scale_2,30.0,35-65,35.88535489225985,36.50016724079286,35.88535489225985
T6_plain,DST,1,r0_scale,r0_scale_2,30.0,<=35,36.08085332333005,39.994714748052495,36.08085332333005
T6_plain,DST,1,r0_scale,r0_scale_2,30.0,>65,13.170361488409517,15.193382604130774,13.162085969568858
T6_plain,DST,1,r0_scale,r0_scale_2,40.0,35-65,36.12968307221698,36.71208093262575,36.12968307221698
T6_plain,DST,1,r0_scale,r0_scale_2,40.0,<=35,36.62434591976845,40.10528610964256,36.62434591976845
T6_plain,DST,1,r0_scale,r0_scale_2,40.0,>65,13.461157809376331,15.56906187439509,13.451483223188065
T6_plain,DST,1,r0_scale,r0_scale_2,50.0,35-65,36.22523560504504,36.79431001706566,36.22523560504504
T6_plain,DST,1,r0_scale,r0_scale_2,50.0,<=35,36.051431134461815,39.35130354634761,36.051431134461815
T6_plain,DST,1,r0_scale,r0_scale_2,50.0,>65,13.503930271573928,15.65334542935073,13.492201723796894
T6_plain,DST,2,baseline,unperturbed,-10.0,35-65,0.9757102830440587,1.1814966663951563,-0.08575888829550507
T6_plain,DST,2,baseline,unperturbed,-10.0,<=35,0.6861439083333333,0.9675942208111153,0.382279886111111
T6_plain,DST,2,baseline,unperturbed,-10.0,>65,0.6501419368340943,0.8106742557244957,-0.49651519254185694
T6_plain,DST,2,baseline,unperturbed,0.0,35-65,0.5925416281652599,0.7147203001483098,-0.148565651266104
T6_plain,DST,2,baseline,unperturbed,0.0,<=35,0.5204320703394547,0.6407919315815817,-0.1691034070116861
T6_plain,DST,2,baseline,unperturbed,0.0,>65,0.4865623244376667,0.6173755650556376,-0.38618777849790314
T6_plain,DST,2,baseline,unperturbed,10.0,35-65,0.3909404006294965,0.49261854759278867,-0.12673423875899278
T6_plain,DST,2,baseline,unperturbed,10.0,<=35,0.3507205482743164,0.47587533945438065,0.06299534271627068
T6_plain,DST,2,baseline,unperturbed,10.0,>65,0.4524178392857143,0.555978731969942,-0.36870292857142856
T6_plain,DST,2,baseline,unperturbed,20.0,35-65,0.24264244593386955,0.3165281806895781,0.05140451742627334
T6_plain,DST,2,baseline,unperturbed,20.0,<=35,0.31505315050505045,0.41597440252898016,0.00018765732323228182
T6_plain,DST,2,baseline,unperturbed,20.0,>65,0.39669855151515154,0.544227187030615,-0.3656664462121212
T6_plain,DST,2,baseline,unperturbed,25.0,35-65,0.30467290308173295,0.40572976278014966,0.22449068602054484
T6_plain,DST,2,baseline,unperturbed,25.0,<=35,0.3150328759213759,0.44500018916135214,0.2920056833742834
T6_plain,DST,2,baseline,unperturbed,25.0,>65,0.28001976762699005,0.42183189272390675,-0.16911231880212252
T6_plain,DST,2,baseline,unperturbed,30.0,35-65,0.2520944943310657,0.3327820633055204,0.17114957732426317
T6_plain,DST,2,baseline,unperturbed,30.0,<=35,0.3000273910978044,0.39993417016870997,0.1642240458682635
T6_plain,DST,2,baseline,unperturbed,30.0,>65,0.33535359418127586,0.4601388169385039,-0.17450567474822823
T6_plain,DST,2,baseline,unperturbed,40.0,35-65,0.4189909265510949,0.5143793076177395,0.41271781249999995
T6_plain,DST,2,baseline,unperturbed,40.0,<=35,0.4703873070630487,0.5676323115428972,0.38069818774940145
T6_plain,DST,2,baseline,unperturbed,40.0,>65,0.3649314334938866,0.46591689771719447,-0.0873063093738422
T6_plain,DST,2,baseline,unperturbed,50.0,35-65,0.5740353048836149,0.6457302640692163,0.5691615531720676
T6_plain,DST,2,baseline,unperturbed,50.0,<=35,0.47107845946053156,0.5700799050965104,0.4572892907179691
T6_plain,DST,2,baseline,unperturbed,50.0,>65,0.4052780418054015,0.5144617580375772,-0.0843802563817981
T6_plain,DST,2,r0_scale,r0_scale_0.5,-10.0,35-65,15.787415550203265,16.668886303560242,-15.787415550203265
T6_plain,DST,2,r0_scale,r0_scale_0.5,-10.0,<=35,6.807790384367498,7.088571203501627,-6.807790384367498
T6_plain,DST,2,r0_scale,r0_scale_0.5,-10.0,>65,11.714270268903768,13.830678203585784,-11.714270268903768
T6_plain,DST,2,r0_scale,r0_scale_0.5,0.0,35-65,19.82633598643192,20.55571455838602,-19.82633598643192
T6_plain,DST,2,r0_scale,r0_scale_0.5,0.0,<=35,5.271868434181926,6.33850114563132,-5.267118705809812
T6_plain,DST,2,r0_scale,r0_scale_0.5,0.0,>65,11.530741280530565,13.64013706576971,-11.530741280530565
T6_plain,DST,2,r0_scale,r0_scale_0.5,10.0,35-65,23.55469488252719,24.061928483889567,-23.55469488252719
T6_plain,DST,2,r0_scale,r0_scale_0.5,10.0,<=35,7.829491071417285,9.420790193147795,-7.829491071417285
T6_plain,DST,2,r0_scale,r0_scale_0.5,10.0,>65,11.722586057403854,13.731835916031145,-11.722586057403854
T6_plain,DST,2,r0_scale,r0_scale_0.5,20.0,35-65,23.624500690315415,24.227247207175633,-23.624500690315415
T6_plain,DST,2,r0_scale,r0_scale_0.5,20.0,<=35,8.328241184250647,9.62349816229369,-8.328241184250647
T6_plain,DST,2,r0_scale,r0_scale_0.5,20.0,>65,12.956847455582672,15.078389521355888,-12.956847455582672
T6_plain,DST,2,r0_scale,r0_scale_0.5,25.0,35-65,23.679498751336652,24.352013029498504,-23.679498751336652
T6_plain,DST,2,r0_scale,r0_scale_0.5,25.0,<=35,8.010299095141526,9.396426649957403,-8.004018474566733
T6_plain,DST,2,r0_scale,r0_scale_0.5,25.0,>65,13.486528249539534,15.68203642614684,-13.486528249539534
T6_plain,DST,2,r0_scale,r0_scale_0.5,30.0,35-65,23.54556850410262,24.268284337104735,-23.54556850410262
T6_plain,DST,2,r0_scale,r0_scale_0.5,30.0,<=35,8.173992452363551,9.481498628114903,-8.173992452363551
T6_plain,DST,2,r0_scale,r0_scale_0.5,30.0,>65,14.080056639440818,16.264010616557844,-14.080056639440818
T6_plain,DST,2,r0_scale,r0_scale_0.5,40.0,35-65,23.246535821015158,24.107726414866654,-23.246535821015158
T6_plain,DST,2,r0_scale,r0_scale_0.5,40.0,<=35,8.26314958946218,9.41144292331614,-8.26314958946218
T6_plain,DST,2,r0_scale,r0_scale_0.5,40.0,>65,15.286965670716578,17.502411143951512,-15.286965670716578
T6_plain,DST,2,r0_scale,r0_scale_0.5,50.0,35-65,22.761624844711964,23.7314317992098,-22.761624844711964
T6_plain,DST,2,r0_scale,r0_scale_0.5,50.0,<=35,8.063160429335444,9.18060285771285,-8.062000396308209
T6_plain,DST,2,r0_scale,r0_scale_0.5,50.0,>65,16.01987216249617,18.223180725722777,-16.01987216249617
T6_plain,DST,2,r0_scale,r0_scale_0.8,-10.0,35-65,8.33211609904521,8.693704927307511,-8.33211609904521
T6_plain,DST,2,r0_scale,r0_scale_0.8,-10.0,<=35,3.3197934452117073,3.5148769680484966,-3.3197934452117073
T6_plain,DST,2,r0_scale,r0_scale_0.8,-10.0,>65,4.519708406076149,5.206528174933075,-4.519708406076149
T6_plain,DST,2,r0_scale,r0_scale_0.8,0.0,35-65,9.991522585362002,10.158026377089495,-9.991522585362002
T6_plain,DST,2,r0_scale,r0_scale_0.8,0.0,<=35,3.2423553667944227,3.857469244077304,-3.2300247752124487
T6_plain,DST,2,r0_scale,r0_scale_0.8,0.0,>65,4.183931101033964,4.767827247890887,-4.183931101033964
T6_plain,DST,2,r0_scale,r0_scale_0.8,10.0,35-65,10.78023500588449,10.9123506013894,-10.78023500588449
T6_plain,DST,2,r0_scale,r0_scale_0.8,10.0,<=35,4.214683934329089,4.93202295366077,-4.214683934329089
T6_plain,DST,2,r0_scale,r0_scale_0.8,10.0,>65,4.218980004623852,4.759149577469229,-4.218980004623852
T6_plain,DST,2,r0_scale,r0_scale_0.8,20.0,35-65,10.883765383472273,11.065917389501001,-10.883765383472273
T6_plain,DST,2,r0_scale,r0_scale_0.8,20.0,<=35,3.998468649856141,4.579735962845216,-3.998468649856141
T6_plain,DST,2,r0_scale,r0_scale_0.8,20.0,>65,4.61584198960736,5.148825791699851,-4.61584198960736
T6_plain,DST,2,r0_scale,r0_scale_0.8,25.0,35-65,11.054495067056159,11.261289521956343,-11.054495067056159
T6_plain,DST,2,r0_scale,r0_scale_0.8,25.0,<=35,3.665753508816133,4.31695752902373,-3.6449822397162794
T6_plain,DST,2,r0_scale,r0_scale_0.8,25.0,>65,4.6594557014957045,5.2063174199870765,-4.6594557014957045
T6_plain,DST,2,r0_scale,r0_scale_0.8,30.0,35-65,11.23955115351977,11.47489915775541,-11.23955115351977
T6_plain,DST,2,r0_scale,r0_scale_0.8,30.0,<=35,3.73868168320338,4.319328468699095,-3.737999744792681
T6_plain,DST,2,r0_scale,r0_scale_0.8,30.0,>65,4.848191955952355,5.376897536039971,-4.848191955952355
T6_plain,DST,2,r0_scale,r0_scale_0.8,40.0,35-65,11.69648259427403,12.020434474094706,-11.69648259427403
T6_plain,DST,2,r0_scale,r0_scale_0.8,40.0,<=35,3.6109870278543266,4.103348309237807,-3.6109870278543266
T6_plain,DST,2,r0_scale,r0_scale_0.8,40.0,>65,5.116684016294713,5.645188225444437,-5.116684016294713
T6_plain,DST,2,r0_scale,r0_scale_0.8,50.0,35-65,11.98199338721341,12.391394895823913,-11.98199338721341
T6_plain,DST,2,r0_scale,r0_scale_0.8,50.0,<=35,3.4676514678626402,3.954849987396531,-3.464730619600583
T6_plain,DST,2,r0_scale,r0_scale_0.8,50.0,>65,5.258800282543344,5.777726573461943,-5.258800282543344
T6_plain,DST,2,r0_scale,r0_scale_1.2,-10.0,35-65,9.1613197753836,9.360090590140098,9.1613197753836
T6_plain,DST,2,r0_scale,r0_scale_1.2,-10.0,<=35,6.953299026679272,7.182874841287024,6.953299026679272
T6_plain,DST,2,r0_scale,r0_scale_1.2,-10.0,>65,2.7296307767262333,3.165231202774091,2.7201215752690517
T6_plain,DST,2,r0_scale,r0_scale_1.2,0.0,35-65,9.424944719240562,9.600459538602129,9.424944719240562
T6_plain,DST,2,r0_scale,r0_scale_1.2,0.0,<=35,4.848773361423801,5.931236177181747,4.7982335218223
T6_plain,DST,2,r0_scale,r0_scale_1.2,0.0,>65,2.7577185137915077,3.1711419720228053,2.750147114518922
T6_plain,DST,2,r0_scale,r0_scale_1.2,10.0,35-65,9.95771413110852,10.161226715439922,9.95771413110852
T6_plain,DST,2,r0_scale,r0_scale_1.2,10.0,<=35,5.980265402512208,7.073809482437387,5.97721450198694
T6_plain,DST,2,r0_scale,r0_scale_1.2,10.0,>65,2.955830833166087,3.375261303463303,2.9490174981384873
T6_plain,DST,2,r0_scale,r0_scale_1.2,20.0,35-65,11.016705448339527,11.180848983611845,11.016705448339527
T6_plain,DST,2,r0_scale,r0_scale_1.2,20.0,<=35,5.503140934806658,6.639536572554456,5.398019906895107
T6_plain,DST,2,r0_scale,r0_scale_1.2,20.0,>65,3.2227068314638885,3.6899708267885867,3.21496919621137
T6_plain,DST,2,r0_scale,r0_scale_1.2,25.0,35-65,12.066201243857792,12.267558903405865,12.066201243857792
T6_plain,DST,2,r0_scale,r0_scale_1.2,25.0,<=35,5.672073325820945,6.8274011178151115,5.671599560744756
T6_plain,DST,2,r0_scale,r0_scale_1.2,25.0,>65,3.6089058811146097,4.07762607635363,3.6007807722710536
T6_plain,DST,2,r0_scale,r0_scale_1.2,30.0,35-65,12.475607942084363,12.664389613137361,12.475607942084363
T6_plain,DST,2,r0_scale,r0_scale_1.2,30.0,<=35,5.35488806741725,6.514910329508129,5.351331500870599
T6_plain,DST,2,r0_scale,r0_scale_1.2,30.0,>65,3.688221132282865,4.166901103331392,3.6792114047395907
T6_plain,DST,2,r0_scale,r0_scale_1.2,40.0,35-65,13.687157441549717,13.97571843797199,13.687157441549717
T6_plain,DST,2,r0_scale,r0_scale_1.2,40.0,<=35,5.6298973411875695,6.724800891397058,5.627379998976503
T6_plain,DST,2,r0_scale,r0_scale_1.2,40.0,>65,3.990998315872142,4.489990118558854,3.9798066094238465
T6_plain,DST,2,r0_scale,r0_scale_1.2,50.0,35-65,14.316713827683532,14.70571836448176,14.316713827683532
T6_plain,DST,2,r0_scale,r0_scale_1.2,50.0,<=35,5.5699965773699365,6.571197459732137,5.5699965773699365
T6_plain,DST,2,r0_scale,r0_scale_1.2,50.0,>65,4.090338611616411,4.6422487526141705,4.076021326773081
T6_plain,DST,2,r0_scale,r0_scale_1.5,-10.0,35-65,21.391856154187625,21.81073800809284,21.391856154187625
T6_plain,DST,2,r0_scale,r0_scale_1.5,-10.0,<=35,21.80896036922065,22.117398522276204,21.80896036922065
T6_plain,DST,2,r0_scale,r0_scale_1.5,-10.0,>65,7.600779417384788,8.732992629989566,7.593502481684001
T6_plain,DST,2,r0_scale,r0_scale_1.5,0.0,35-65,21.259121259986024,21.688619765153994,21.259121259986024
T6_plain,DST,2,r0_scale,r0_scale_1.5,0.0,<=35,15.128436958987315,17.6745190165901,15.128436958987315
T6_plain,DST,2,r0_scale,r0_scale_1.5,0.0,>65,7.259188560066581,8.27767453127386,7.252944277647093
T6_plain,DST,2,r0_scale,r0_scale_1.5,10.0,35-65,22.351344425760388,22.88934826091198,22.351344425760388
T6_plain,DST,2,r0_scale,r0_scale_1.5,10.0,<=35,17.17866664107904,19.701142859499285,17.17866664107904
T6_plain,DST,2,r0_scale,r0_scale_1.5,10.0,>65,7.588421311099277,8.621967447669318,7.582533795808372
T6_plain,DST,2,r0_scale,r0_scale_1.5,20.0,35-65,23.8879558573499,24.482910103958055,23.8879558573499
T6_plain,DST,2,r0_scale,r0_scale_1.5,20.0,<=35,16.46172064511436,19.48038524789173,16.383203426259666
T6_plain,DST,2,r0_scale,r0_scale_1.5,20.0,>65,8.083949591771477,9.1500359805038,8.076989216443424
T6_plain,DST,2,r0_scale,r0_scale_1.5,25.0,35-65,25.036830272164902,25.734050098321276,25.036830272164902
T6_plain,DST,2,r0_scale,r0_scale_1.5,25.0,<=35,17.06660330582846,20.304850752926896,17.06660330582846
T6_plain,DST,2,r0_scale,r0_scale_1.5,25.0,>65,8.693204995232177,9.836300962089512,8.685677718513634
T6_plain,DST,2,r0_scale,r0_scale_1.5,30.0,35-65,25.215167797404916,25.908206591013,25.215167797404916
T6_plain,DST,2,r0_scale,r0_scale_1.5,30.0,<=35,16.478504776838125,19.794777033365207,16.478309061945772
T6_plain,DST,2,r0_scale,r0_scale_1.5,30.0,>65,8.849448633368908,10.018111791439335,8.841025212200401
T6_plain,DST,2,r0_scale,r0_scale_1.5,40.0,35-65,25.75523131182399,26.526993774220795,25.75523131182399
T6_plain,DST,2,r0_scale,r0_scale_1.5,40.0,<=35,16.999427495515377,20.224163452101635,16.999427495515377
T6_plain,DST,2,r0_scale,r0_scale_1.5,40.0,>65,9.358893339882826,10.65588088233893,9.34814213295499
T6_plain,DST,2,r0_scale,r0_scale_1.5,50.0,35-65,25.97011282451722,26.785471508111883,25.97011282451722
T6_plain,DST,2,r0_scale,r0_scale_1.5,50.0,<=35,16.62890266506833,19.737444167563396,16.62890266506833
T6_plain,DST,2,r0_scale,r0_scale_1.5,50.0,>65,9.476344935494454,10.864588754800744,9.46258221527165
T6_plain,DST,2,r0_scale,r0_scale_2,-10.0,35-65,36.12002749840909,36.560987578481004,36.12002749840909
T6_plain,DST,2,r0_scale,r0_scale_2,-10.0,<=35,41.08252228729388,41.43376839837913,41.08252228729388
T6_plain,DST,2,r0_scale,r0_scale_2,-10.0,>65,13.730107717587615,15.855132795651413,13.720034959650004
T6_plain,DST,2,r0_scale,r0_scale_2,0.0,35-65,35.4908987185879,36.0549187242558,35.4908987185879
T6_plain,DST,2,r0_scale,r0_scale_2,0.0,<=35,32.92555851633687,36.335617859437484,32.92555851633687
T6_plain,DST,2,r0_scale,r0_scale_2,0.0,>65,13.30432638607676,15.307139109736626,13.29672454577194
T6_plain,DST,2,r0_scale,r0_scale_2,10.0,35-65,36.11678536865417,36.82084002332933,36.11678536865417
T6_plain,DST,2,r0_scale,r0_scale_2,10.0,<=35,36.4228391950663,39.91260954044236,36.4228391950663
T6_plain,DST,2,r0_scale,r0_scale_2,10.0,>65,13.635601394816765,15.700582917497435,13.628615870591235
T6_plain,DST,2,r0_scale,r0_scale_2,20.0,35-65,36.720751336372686,37.35539961373757,36.720751336372686
T6_plain,DST,2,r0_scale,r0_scale_2,20.0,<=35,35.62961341672547,39.83983438894273,35.604491897206145
T6_plain,DST,2,r0_scale,r0_scale_2,20.0,>65,14.126274214078286,16.302548280944997,14.118350867629214
T6_plain,DST,2,r0_scale,r0_scale_2,25.0,35-65,37.77461104962204,38.40058781825634,37.77461104962204
T6_plain,DST,2,r0_scale,r0_scale_2,25.0,<=35,36.576687313718786,40.937651865963446,36.576687313718786
T6_plain,DST,2,r0_scale,r0_scale_2,25.0,>65,14.541641431381949,16.848698762678985,14.53293445480265
T6_plain,DST,2,r0_scale,r0_scale_2,30.0,35-65,37.78789342483265,38.358361898845,37.78789342483265
T6_plain,DST,2,r0_scale,r0_scale_2,30.0,<=35,35.57482714925255,40.03446482926099,35.57482714925255
T6_plain,DST,2,r0_scale,r0_scale_2,30.0,>65,14.65196780880286,17.008420197287403,14.642438021099956
T6_plain,DST,2,r0_scale,r0_scale_2,40.0,35-65,38.80683176425491,39.333767378847384,38.80683176425491
T6_plain,DST,2,r0_scale,r0_scale_2,40.0,<=35,36.50162865738969,40.50639446555532,36.50162865738969
T6_plain,DST,2,r0_scale,r0_scale_2,40.0,>65,14.766971086554246,17.23414118594031,14.754832958307444
T6_plain,DST,2,r0_scale,r0_scale_2,50.0,35-65,39.315635840548886,39.85011382207601,39.315635840548886
T6_plain,DST,2,r0_scale,r0_scale_2,50.0,<=35,36.137483828222386,39.95847521103444,36.137483828222386
T6_plain,DST,2,r0_scale,r0_scale_2,50.0,>65,14.575521187129652,17.060028255870165,14.560130058028452
T6_plain,FUDS,0,baseline,unperturbed,-10.0,35-65,2.624457291058394,2.877118733566025,2.125182158759124
T6_plain,FUDS,0,baseline,unperturbed,-10.0,<=35,1.4513116572164948,1.7893389836708358,1.2369481752577318
T6_plain,FUDS,0,baseline,unperturbed,-10.0,>65,0.9606607915567285,1.0962443169821317,0.9193509001130796
T6_plain,FUDS,0,baseline,unperturbed,0.0,35-65,1.1575602091324202,1.4234044138649742,0.8932536009132422
T6_plain,FUDS,0,baseline,unperturbed,0.0,<=35,0.8858712479342723,1.14018655708328,0.5792216437089202
T6_plain,FUDS,0,baseline,unperturbed,0.0,>65,0.5461500037807184,0.6455040194429282,0.4500741860113422
T6_plain,FUDS,0,baseline,unperturbed,10.0,35-65,0.8151250168105406,1.0567130772401174,0.6778231285779193
T6_plain,FUDS,0,baseline,unperturbed,10.0,<=35,0.6434459192118226,0.8169143939357344,0.5707859561128527
T6_plain,FUDS,0,baseline,unperturbed,10.0,>65,0.5365089748743719,0.6400613646617338,0.45969089447236183
T6_plain,FUDS,0,baseline,unperturbed,20.0,35-65,0.5609404945404914,0.7464031469039403,0.14534925796178338
T6_plain,FUDS,0,baseline,unperturbed,20.0,<=35,0.4481877413807532,0.5910651524594532,0.21584566698744773
T6_plain,FUDS,0,baseline,unperturbed,20.0,>65,0.4648781161217587,0.563761656532821,0.20247659263434808
T6_plain,FUDS,0,baseline,unperturbed,25.0,35-65,0.5380181230628989,0.7371588504071084,0.030148647219690048
T6_plain,FUDS,0,baseline,unperturbed,25.0,<=35,0.4087915192229867,0.5296076885202397,0.14787701181707807
T6_plain,FUDS,0,baseline,unperturbed,25.0,>65,0.5307051753197893,0.642011224420827,0.20357174341610226
T6_plain,FUDS,0,baseline,unperturbed,30.0,35-65,0.5660708156093108,0.7692421942531148,-0.3621670438156094
T6_plain,FUDS,0,baseline,unperturbed,30.0,<=35,0.3979890071314102,0.48815060780600045,-0.16416818717948717
T6_plain,FUDS,0,baseline,unperturbed,30.0,>65,0.5589235653136531,0.6744580352043822,-0.04102336236162366
T6_plain,FUDS,0,baseline,unperturbed,40.0,35-65,0.6307746039783002,0.8233135700466678,-0.48560682188065096
T6_plain,FUDS,0,baseline,unperturbed,40.0,<=35,0.44794866564915,0.5643346774746678,-0.3229792862055641
T6_plain,FUDS,0,baseline,unperturbed,40.0,>65,0.6262972572370832,0.7569680636725974,-0.09503868633198971
T6_plain,FUDS,0,baseline,unperturbed,50.0,35-65,0.8296684513794662,1.0649276828870469,-0.8088264649479872
T6_plain,FUDS,0,baseline,unperturbed,50.0,<=35,0.6045196812738368,0.7744334645697601,-0.5465908955377574
T6_plain,FUDS,0,baseline,unperturbed,50.0,>65,0.686213147144949,0.8352453590743187,-0.1458737430453882
T6_plain,FUDS,0,r0_scale,r0_scale_0.5,-10.0,35-65,18.423397668191008,18.99359405623772,-18.423397668191008
T6_plain,FUDS,0,r0_scale,r0_scale_0.5,-10.0,<=35,11.081620293159853,11.129944673980518,-11.081620293159853
T6_plain,FUDS,0,r0_scale,r0_scale_0.5,-10.0,>65,9.978406837465334,12.017414653887998,-9.978406837465334
T6_plain,FUDS,0,r0_scale,r0_scale_0.5,0.0,35-65,20.348872950870483,20.840167968151995,-20.348872950870483
T6_plain,FUDS,0,r0_scale,r0_scale_0.5,0.0,<=35,8.158843104176698,9.289523506206862,-8.158843104176698
T6_plain,FUDS,0,r0_scale,r0_scale_0.5,0.0,>65,9.114881064501937,10.901308041034818,-9.114881064501937
T6_plain,FUDS,0,r0_scale,r0_scale_0.5,10.0,35-65,22.387950895173102,22.72139245954867,-22.387950895173102
T6_plain,FUDS,0,r0_scale,r0_scale_0.5,10.0,<=35,9.13999854546349,10.225773992910385,-9.13999854546349
T6_plain,FUDS,0,r0_scale,r0_scale_0.5,10.0,>65,9.255570123561878,10.942672189742074,-9.255570123561878
T6_plain,FUDS,0,r0_scale,r0_scale_0.5,20.0,35-65,23.483837012667692,23.871292867766257,-23.483837012667692
T6_plain,FUDS,0,r0_scale,r0_scale_0.5,20.0,<=35,9.604006228412192,10.596441123998524,-9.604006228412192
T6_plain,FUDS,0,r0_scale,r0_scale_0.5,20.0,>65,9.866851154935349,11.542419291274129,-9.866851154935349
T6_plain,FUDS,0,r0_scale,r0_scale_0.5,25.0,35-65,24.280071177495635,24.69808403797574,-24.280071177495635
T6_plain,FUDS,0,r0_scale,r0_scale_0.5,25.0,<=35,9.588920947119728,10.708270566354196,-9.587805942951887
T6_plain,FUDS,0,r0_scale,r0_scale_0.5,25.0,>65,10.286268394892511,12.048050016008872,-10.286268394892511
T6_plain,FUDS,0,r0_scale,r0_scale_0.5,30.0,35-65,24.361567473713677,24.827212997847777,-24.361567473713677
T6_plain,FUDS,0,r0_scale,r0_scale_0.5,30.0,<=35,9.611081915761138,10.6871837788841,-9.611081915761138
T6_plain,FUDS,0,r0_scale,r0_scale_0.5,30.0,>65,10.644316203627723,12.398207076694243,-10.644316203627723
T6_plain,FUDS,0,r0_scale,r0_scale_0.5,40.0,35-65,24.492479490136738,25.01148503387589,-24.492479490136738
T6_plain,FUDS,0,r0_scale,r0_scale_0.5,40.0,<=35,9.399429713555186,10.565032844256088,-9.399429713555186
T6_plain,FUDS,0,r0_scale,r0_scale_0.5,40.0,>65,10.983235797991991,12.816173303714553,-10.983235797991991
T6_plain,FUDS,0,r0_scale,r0_scale_0.5,50.0,35-65,24.436532607505796,24.986139769869418,-24.436532607505796
T6_plain,FUDS,0,r0_scale,r0_scale_0.5,50.0,<=35,9.307530973375837,10.51346639121924,-9.306744973431387
T6_plain,FUDS,0,r0_scale,r0_scale_0.5,50.0,>65,11.220300307538945,13.12453273172509,-11.220300307538945
T6_plain,FUDS,0,r0_scale,r0_scale_0.8,-10.0,35-65,7.24989202215713,7.871542205129818,-7.24989202215713
T6_plain,FUDS,0,r0_scale,r0_scale_0.8,-10.0,<=35,4.681607979915585,4.76654103540298,-4.681607979915585
T6_plain,FUDS,0,r0_scale,r0_scale_0.8,-10.0,>65,3.0656229045008927,3.862802744313388,-3.0656229045008927
T6_plain,FUDS,0,r0_scale,r0_scale_0.8,0.0,35-65,8.667612638749818,9.01313439478588,-8.667612638749818
T6_plain,FUDS,0,r0_scale,r0_scale_0.8,0.0,<=35,3.802379191319726,4.438794218691987,-3.802379191319726
T6_plain,FUDS,0,r0_scale,r0_scale_0.8,0.0,>65,3.069755907241221,3.690349704910095,-3.069755907241221
T6_plain,FUDS,0,r0_scale,r0_scale_0.8,10.0,35-65,9.754985630824564,9.98168369746068,-9.754985630824564
T6_plain,FUDS,0,r0_scale,r0_scale_0.8,10.0,<=35,4.427389960059911,4.908186527083923,-4.427389960059911
T6_plain,FUDS,0,r0_scale,r0_scale_0.8,10.0,>65,3.077506836145614,3.6652993335100117,-3.0769201446790366
T6_plain,FUDS,0,r0_scale,r0_scale_0.8,20.0,35-65,10.667086182277476,10.898555664565485,-10.667086182277476
T6_plain,FUDS,0,r0_scale,r0_scale_0.8,20.0,<=35,4.659716075945744,5.122951815060875,-4.659716075945744
T6_plain,FUDS,0,r0_scale,r0_scale_0.8,20.0,>65,3.3634919550541102,3.941771368263325,-3.362796765553724
T6_plain,FUDS,0,r0_scale,r0_scale_0.8,25.0,35-65,11.29032282090175,11.527019280582538,-11.29032282090175
T6_plain,FUDS,0,r0_scale,r0_scale_0.8,25.0,<=35,4.6887838007681895,5.229472588382862,-4.68128821831756
T6_plain,FUDS,0,r0_scale,r0_scale_0.8,25.0,>65,3.457919512231079,4.073540226927276,-3.456833602422692
T6_plain,FUDS,0,r0_scale,r0_scale_0.8,30.0,35-65,11.619497206256398,11.85964156202306,-11.619497206256398
T6_plain,FUDS,0,r0_scale,r0_scale_0.8,30.0,<=35,4.75404264094913,5.2795518394579535,-4.75404264094913
T6_plain,FUDS,0,r0_scale,r0_scale_0.8,30.0,>65,3.692363223144008,4.291718583458338,-3.6917950844572007
T6_plain,FUDS,0,r0_scale,r0_scale_0.8,40.0,35-65,11.904276156858922,12.157993854558766,-11.904276156858922
T6_plain,FUDS,0,r0_scale,r0_scale_0.8,40.0,<=35,4.677070015076357,5.235459071561736,-4.677070015076357
T6_plain,FUDS,0,r0_scale,r0_scale_0.8,40.0,>65,3.79083627498542,4.402945967504272,-3.7907025758246076
T6_plain,FUDS,0,r0_scale,r0_scale_0.8,50.0,35-65,12.260371074130026,12.542434937973308,-12.260371074130026
T6_plain,FUDS,0,r0_scale,r0_scale_0.8,50.0,<=35,4.74152991792318,5.301342458457197,-4.737486930262548
T6_plain,FUDS,0,r0_scale,r0_scale_0.8,50.0,>65,3.878079560696425,4.503745426034578,-3.878079560696425
T6_plain,FUDS,0,r0_scale,r0_scale_1.2,-10.0,35-65,11.259890680389354,11.440089013733958,11.259890680389354
T6_plain,FUDS,0,r0_scale,r0_scale_1.2,-10.0,<=35,8.783629205520226,9.046868768492205,8.783629205520226
T6_plain,FUDS,0,r0_scale,r0_scale_1.2,-10.0,>65,4.365781206446091,4.7863277992980215,4.362775382395492
T6_plain,FUDS,0,r0_scale,r0_scale_1.2,0.0,35-65,10.00456914145783,10.219910527940307,10.00456914145783
T6_plain,FUDS,0,r0_scale,r0_scale_1.2,0.0,<=35,6.333331771111805,7.2130870161063205,6.333331771111805
T6_plain,FUDS,0,r0_scale,r0_scale_1.2,0.0,>65,3.549215652570174,3.87559157581759,3.547496788747396
T6_plain,FUDS,0,r0_scale,r0_scale_1.2,10.0,35-65,10.240391196376647,10.545254891928204,10.240391196376647
T6_plain,FUDS,0,r0_scale,r0_scale_1.2,10.0,<=35,7.485869562708433,8.228816435153808,7.485869562708433
T6_plain,FUDS,0,r0_scale,r0_scale_1.2,10.0,>65,3.5227866534910492,3.8103723272650347,3.5215680786110104
T6_plain,FUDS,0,r0_scale,r0_scale_1.2,20.0,35-65,9.94116407962132,10.292986130380893,9.94116407962132
T6_plain,FUDS,0,r0_scale,r0_scale_1.2,20.0,<=35,6.677958419408159,7.484077305492657,6.677947532513255
T6_plain,FUDS,0,r0_scale,r0_scale_1.2,20.0,>65,3.267861858737118,3.4978534340058136,3.2663723269973466
T6_plain,FUDS,0,r0_scale,r0_scale_1.2,25.0,35-65,10.087756066043603,10.50600411934281,10.087756066043603
T6_plain,FUDS,0,r0_scale,r0_scale_1.2,25.0,<=35,6.60026788589468,7.4537200770937595,6.60026788589468
T6_plain,FUDS,0,r0_scale,r0_scale_1.2,25.0,>65,3.338183173292397,3.5502378223757023,3.3368080424864215
T6_plain,FUDS,0,r0_scale,r0_scale_1.2,30.0,35-65,9.745959958255769,10.14555028889909,9.745959958255769
T6_plain,FUDS,0,r0_scale,r0_scale_1.2,30.0,<=35,5.795880339484677,6.657370500646352,5.795880339484677
T6_plain,FUDS,0,r0_scale,r0_scale_1.2,30.0,>65,3.0788404422188504,3.27127976908193,3.076877788716052
T6_plain,FUDS,0,r0_scale,r0_scale_1.2,40.0,35-65,9.908137705725807,10.369074796224643,9.908137705725807
T6_plain,FUDS,0,r0_scale,r0_scale_1.2,40.0,<=35,5.285890425742045,6.212030937504345,5.285887045475476
T6_plain,FUDS,0,r0_scale,r0_scale_1.2,40.0,>65,3.0794150572801633,3.2720513528903497,3.076158167712365
T6_plain,FUDS,0,r0_scale,r0_scale_1.2,50.0,35-65,9.847014199358679,10.352530916757438,9.847014199358679
T6_plain,FUDS,0,r0_scale,r0_scale_1.2,50.0,<=35,4.850930333892239,5.743729045371316,4.850930333892239
T6_plain,FUDS,0,r0_scale,r0_scale_1.2,50.0,>65,3.075891255510981,3.276783605834742,3.070435081991103
T6_plain,FUDS,0,r0_scale,r0_scale_1.5,-10.0,35-65,22.399653979302865,22.677673787064617,22.399653979302865
T6_plain,FUDS,0,r0_scale,r0_scale_1.5,-10.0,<=35,21.606658528857235,21.832851810000385,21.606658528857235
T6_plain,FUDS,0,r0_scale,r0_scale_1.5,-10.0,>65,8.72850767629997,9.692859090422692,8.724524401292165
T6_plain,FUDS,0,r0_scale,r0_scale_1.5,0.0,35-65,20.932443497557834,21.34106641926711,20.932443497557834
T6_plain,FUDS,0,r0_scale,r0_scale_1.5,0.0,<=35,16.449986848075046,18.29039252448264,16.449986848075046
T6_plain,FUDS,0,r0_scale,r0_scale_1.5,0.0,>65,7.532594374860414,8.280919408810172,7.530409753288825
T6_plain,FUDS,0,r0_scale,r0_scale_1.5,10.0,35-65,20.88130445120896,21.458002496139127,20.88130445120896
T6_plain,FUDS,0,r0_scale,r0_scale_1.5,10.0,<=35,19.87379895002898,21.19510144301326,19.87379895002898
T6_plain,FUDS,0,r0_scale,r0_scale_1.5,10.0,>65,7.426633821344637,8.106677652688068,7.425018892888739
T6_plain,FUDS,0,r0_scale,r0_scale_1.5,20.0,35-65,20.21912845639545,20.82538852308873,20.21912845639545
T6_plain,FUDS,0,r0_scale,r0_scale_1.5,20.0,<=35,18.343722942284316,20.011345496613558,18.343722942284316
T6_plain,FUDS,0,r0_scale,r0_scale_1.5,20.0,>65,7.2076641083298725,7.809992502897595,7.206105913779968
T6_plain,FUDS,0,r0_scale,r0_scale_1.5,25.0,35-65,20.296292370217124,20.954595817337125,20.296292370217124
T6_plain,FUDS,0,r0_scale,r0_scale_1.5,25.0,<=35,18.266667195889013,20.14132195417368,18.266667195889013
T6_plain,FUDS,0,r0_scale,r0_scale_1.5,25.0,>65,7.395294402491992,7.9959150208458905,7.393707073400039
T6_plain,FUDS,0,r0_scale,r0_scale_1.5,30.0,35-65,19.88208458732913,20.518752268099202,19.88208458732913
T6_plain,FUDS,0,r0_scale,r0_scale_1.5,30.0,<=35,16.82277861743799,18.825124532293938,16.82277861743799
T6_plain,FUDS,0,r0_scale,r0_scale_1.5,30.0,>65,7.144052172351137,7.699544009282309,7.14242297242216
T6_plain,FUDS,0,r0_scale,r0_scale_1.5,40.0,35-65,20.001513297532885,20.67907369812963,20.001513297532885
T6_plain,FUDS,0,r0_scale,r0_scale_1.5,40.0,<=35,15.96616355728252,18.21792561589824,15.96616355728252
T6_plain,FUDS,0,r0_scale,r0_scale_1.5,40.0,>65,7.2344753594505615,7.8033618093354065,7.232251784344734
T6_plain,FUDS,0,r0_scale,r0_scale_1.5,50.0,35-65,20.00814157654051,20.702865546640513,20.00814157654051
T6_plain,FUDS,0,r0_scale,r0_scale_1.5,50.0,<=35,15.3352202283453,17.59209319636414,15.3352202283453
T6_plain,FUDS,0,r0_scale,r0_scale_1.5,50.0,>65,7.278872614718882,7.864134662274424,7.275188433063021
T6_plain,FUDS,0,r0_scale,r0_scale_2,-10.0,35-65,35.36339387879983,35.82783601443741,35.36339387879983
T6_plain,FUDS,0,r0_scale,r0_scale_2,-10.0,<=35,38.360362764122165,38.50575795930882,38.360362764122165
T6_plain,FUDS,0,r0_scale,r0_scale_2,-10.0,>65,13.7557508054556,15.544196398455734,13.742040754132233
T6_plain,FUDS,0,r0_scale,r0_scale_2,0.0,35-65,32.958996583507705,33.58050142865009,32.958996583507705
T6_plain,FUDS,0,r0_scale,r0_scale_2,0.0,<=35,31.857649668583267,34.202764064304226,31.857649668583267
T6_plain,FUDS,0,r0_scale,r0_scale_2,0.0,>65,12.494357022592128,13.942288210655729,12.488391067974987
T6_plain,FUDS,0,r0_scale,r0_scale_2,10.0,35-65,32.24836708855019,33.01892990249369,32.24836708855019
T6_plain,FUDS,0,r0_scale,r0_scale_2,10.0,<=35,38.96393091688743,39.90455593041681,38.96393091688743
T6_plain,FUDS,0,r0_scale,r0_scale_2,10.0,>65,12.392315637978164,13.789780407225892,12.388532365552344
T6_plain,FUDS,0,r0_scale,r0_scale_2,20.0,35-65,31.537266917816474,32.27500576034008,31.537266917816474
T6_plain,FUDS,0,r0_scale,r0_scale_2,20.0,<=35,36.82313112218121,38.382594363763694,36.82313112218121
T6_plain,FUDS,0,r0_scale,r0_scale_2,20.0,>65,12.30544541974318,13.652671152529107,12.302232855982691
T6_plain,FUDS,0,r0_scale,r0_scale_2,25.0,35-65,31.842984750061667,32.6031457009001,31.842984750061667
T6_plain,FUDS,0,r0_scale,r0_scale_2,25.0,<=35,36.62286221979577,38.52296599375479,36.62286221979577
T6_plain,FUDS,0,r0_scale,r0_scale_2,25.0,>65,12.630423884368899,14.034908160258437,12.627168879562435
T6_plain,FUDS,0,r0_scale,r0_scale_2,30.0,35-65,31.446317878429294,32.16604811202066,31.446317878429294
T6_plain,FUDS,0,r0_scale,r0_scale_2,30.0,<=35,34.57410220722445,36.833052512989866,34.57410220722445
T6_plain,FUDS,0,r0_scale,r0_scale_2,30.0,>65,12.497148025244536,13.852813972247946,12.493982131482845
T6_plain,FUDS,0,r0_scale,r0_scale_2,40.0,35-65,31.71190559729622,32.439536359774145,31.71190559729622
T6_plain,FUDS,0,r0_scale,r0_scale_2,40.0,<=35,33.196487823642904,35.969717385102875,33.196487823642904
T6_plain,FUDS,0,r0_scale,r0_scale_2,40.0,>65,12.71108979473206,14.128685183292053,12.707457222915991
T6_plain,FUDS,0,r0_scale,r0_scale_2,50.0,35-65,31.846685377112767,32.575495038869335,31.846685377112767
T6_plain,FUDS,0,r0_scale,r0_scale_2,50.0,<=35,32.48256411470649,35.36601577010215,32.48256411470649
T6_plain,FUDS,0,r0_scale,r0_scale_2,50.0,>65,12.787679181519488,14.247812860622485,12.782934756635266
T6_plain,FUDS,1,baseline,unperturbed,-10.0,35-65,2.315705323448905,2.7194967621187884,1.8741119685218977
T6_plain,FUDS,1,baseline,unperturbed,-10.0,<=35,1.2885532474226804,1.6588645985929973,0.6460115283505155
T6_plain,FUDS,1,baseline,unperturbed,-10.0,>65,0.8232575133810782,0.9575087717875582,0.730788001884659
T6_plain,FUDS,1,baseline,unperturbed,0.0,35-65,1.043228791324201,1.321221308524528,0.5846812680365298
T6_plain,FUDS,1,baseline,unperturbed,0.0,<=35,0.816755051971831,1.020465289791716,0.43228863347417845
T6_plain,FUDS,1,baseline,unperturbed,0.0,>65,0.49772164612476366,0.6164175728451681,0.3423744710775048
T6_plain,FUDS,1,baseline,unperturbed,10.0,35-65,0.6997384834166288,0.8747034805596348,0.323205862789641
T6_plain,FUDS,1,baseline,unperturbed,10.0,<=35,0.5308901188087776,0.6666695951644421,0.46405645727720557
T6_plain,FUDS,1,baseline,unperturbed,10.0,>65,0.5294274441437959,0.6606664654562661,0.4320182033243139
T6_plain,FUDS,1,baseline,unperturbed,20.0,35-65,0.5090917224749771,0.6942377747423542,-0.05262697452229301
T6_plain,FUDS,1,baseline,unperturbed,20.0,<=35,0.3048420776150628,0.41855190480251453,0.10124845610878663
T6_plain,FUDS,1,baseline,unperturbed,20.0,>65,0.4820729440060128,0.5878467278848414,0.19739685606914692
T6_plain,FUDS,1,baseline,unperturbed,25.0,35-65,0.5119812433910664,0.7184598804783541,-0.12914288422971731
T6_plain,FUDS,1,baseline,unperturbed,25.0,<=35,0.32475359781464996,0.4028838089196184,0.10635962938081744
T6_plain,FUDS,1,baseline,unperturbed,25.0,>65,0.5562343991723099,0.6819869482175056,0.23199846162528215
T6_plain,FUDS,1,baseline,unperturbed,30.0,35-65,0.5934612350524875,0.7572173884847913,-0.41796113829301684
T6_plain,FUDS,1,baseline,unperturbed,30.0,<=35,0.35336127704326925,0.43517211472890155,-0.1746542764823718
T6_plain,FUDS,1,baseline,unperturbed,30.0,>65,0.5668136804428043,0.6932009533575718,0.018737380073800675
T6_plain,FUDS,1,baseline,unperturbed,40.0,35-65,0.6555083743218806,0.8422065763726412,-0.5797555533453889
T6_plain,FUDS,1,baseline,unperturbed,40.0,<=35,0.4951667113601237,0.6261393379750947,-0.40020556862442036
T6_plain,FUDS,1,baseline,unperturbed,40.0,>65,0.6634443983144008,0.7944837777168262,-0.018697264565774988
T6_plain,FUDS,1,baseline,unperturbed,50.0,35-65,0.8549926512890095,1.0601489903029762,-0.8451108141112619
T6_plain,FUDS,1,baseline,unperturbed,50.0,<=35,0.6647222966437835,0.8412470544861517,-0.602548594126621
T6_plain,FUDS,1,baseline,unperturbed,50.0,>65,0.7168206368960469,0.8541374801019378,-0.07168462225475851
T6_plain,FUDS,1,r0_scale,r0_scale_0.5,-10.0,35-65,18.957706937575534,19.504435888215333,-18.957706937575534
T6_plain,FUDS,1,r0_scale,r0_scale_0.5,-10.0,<=35,12.583588928655644,12.63315592826749,-12.583588928655644
T6_plain,FUDS,1,r0_scale,r0_scale_0.5,-10.0,>65,9.559500709638456,11.679832605252896,-9.559500709638456
T6_plain,FUDS,1,r0_scale,r0_scale_0.5,0.0,35-65,20.467576235770963,20.86668963173294,-20.467576235770963
T6_plain,FUDS,1,r0_scale,r0_scale_0.5,0.0,<=35,8.17205049200295,9.25009577746689,-8.17205049200295
T6_plain,FUDS,1,r0_scale,r0_scale_0.5,0.0,>65,9.20095166223709,11.018921802563266,-9.20095166223709
T6_plain,FUDS,1,r0_scale,r0_scale_0.5,10.0,35-65,22.65051513578645,22.95833821446674,-22.65051513578645
T6_plain,FUDS,1,r0_scale,r0_scale_0.5,10.0,<=35,9.132402243455044,10.242261206141938,-9.132402243455044
T6_plain,FUDS,1,r0_scale,r0_scale_0.5,10.0,>65,9.494498838473698,11.154669548818369,-9.494498838473698
T6_plain,FUDS,1,r0_scale,r0_scale_0.5,20.0,35-65,23.360292605169388,23.760600064646756,-23.360292605169388
T6_plain,FUDS,1,r0_scale,r0_scale_0.5,20.0,<=35,9.211559471986929,10.289645890699722,-9.211559471986929
T6_plain,FUDS,1,r0_scale,r0_scale_0.5,20.0,>65,10.240546636032137,11.8769902004061,-10.240546636032137
T6_plain,FUDS,1,r0_scale,r0_scale_0.5,25.0,35-65,23.999585268440406,24.43173480620061,-23.999585268440406
T6_plain,FUDS,1,r0_scale,r0_scale_0.5,25.0,<=35,9.04895291950118,10.267636264522261,-9.045431511977554
T6_plain,FUDS,1,r0_scale,r0_scale_0.5,25.0,>65,10.587864999073618,12.316026825032493,-10.587864999073618
T6_plain,FUDS,1,r0_scale,r0_scale_0.5,30.0,35-65,24.018441554557278,24.503119019544055,-24.018441554557278
T6_plain,FUDS,1,r0_scale,r0_scale_0.5,30.0,<=35,9.108298493307283,10.262165156838902,-9.108298493307283
T6_plain,FUDS,1,r0_scale,r0_scale_0.5,30.0,>65,11.018482139777518,12.741525201326805,-11.018482139777518
T6_plain,FUDS,1,r0_scale,r0_scale_0.5,40.0,35-65,24.224822747822852,24.781904686324285,-24.224822747822852
T6_plain,FUDS,1,r0_scale,r0_scale_0.5,40.0,<=35,8.96147626829222,10.163254240115291,-8.96147626829222
T6_plain,FUDS,1,r0_scale,r0_scale_0.5,40.0,>65,11.672247392882097,13.576798870798877,-11.672247392882097
T6_plain,FUDS,1,r0_scale,r0_scale_0.5,50.0,35-65,24.25149944205158,24.859612154321404,-24.25149944205158
T6_plain,FUDS,1,r0_scale,r0_scale_0.5,50.0,<=35,8.978161619449942,10.197870196182114,-8.973162469885025
T6_plain,FUDS,1,r0_scale,r0_scale_0.5,50.0,>65,12.168043742526983,14.197683565797133,-12.168043742526983
T6_plain,FUDS,1,r0_scale,r0_scale_0.8,-10.0,35-65,7.457119486568946,8.07416290598394,-7.457119486568946
T6_plain,FUDS,1,r0_scale,r0_scale_0.8,-10.0,<=35,5.812557242176361,5.911944165123803,-5.812557242176361
T6_plain,FUDS,1,r0_scale,r0_scale_0.8,-10.0,>65,3.14568602917087,4.034370216565456,-3.14568602917087
T6_plain,FUDS,1,r0_scale,r0_scale_0.8,0.0,35-65,8.925598821241346,9.247247177703313,-8.925598821241346
T6_plain,FUDS,1,r0_scale,r0_scale_0.8,0.0,<=35,3.8757881591919072,4.4156629277234085,-3.8757881591919072
T6_plain,FUDS,1,r0_scale,r0_scale_0.8,0.0,>65,3.2470612604022886,3.937038501163887,-3.2470612604022886
T6_plain,FUDS,1,r0_scale,r0_scale_0.8,10.0,35-65,9.967531348794905,10.202531488643045,-9.967531348794905
T6_plain,FUDS,1,r0_scale,r0_scale_0.8,10.0,<=35,4.453732689429213,4.9627573376984015,-4.453732689429213
T6_plain,FUDS,1,r0_scale,r0_scale_0.8,10.0,>65,3.1615332910340572,3.737541193462084,-3.1610075505123425
T6_plain,FUDS,1,r0_scale,r0_scale_0.8,20.0,35-65,10.718344526673922,10.95647048750943,-10.718344526673922
T6_plain,FUDS,1,r0_scale,r0_scale_0.8,20.0,<=35,4.524006311782629,5.042153524327699,-4.524006311782629
T6_plain,FUDS,1,r0_scale,r0_scale_0.8,20.0,>65,3.43477452798818,3.965483568709695,-3.433872647886607
T6_plain,FUDS,1,r0_scale,r0_scale_0.8,25.0,35-65,11.2243236219421,11.457671603026707,-11.2243236219421
T6_plain,FUDS,1,r0_scale,r0_scale_0.8,25.0,<=35,4.450142886506312,5.047422288062997,-4.423287951378436
T6_plain,FUDS,1,r0_scale,r0_scale_0.8,25.0,>65,3.483766597748618,4.058783451000139,-3.482277567256023
T6_plain,FUDS,1,r0_scale,r0_scale_0.8,30.0,35-65,11.487240816340753,11.72834693167447,-11.487240816340753
T6_plain,FUDS,1,r0_scale,r0_scale_0.8,30.0,<=35,4.516699971801115,5.069658882861815,-4.516638254370525
T6_plain,FUDS,1,r0_scale,r0_scale_0.8,30.0,>65,3.690807287018549,4.24277527275829,-3.6897745133925155
T6_plain,FUDS,1,r0_scale,r0_scale_0.8,40.0,35-65,11.998547046942415,12.268823314200924,-11.998547046942415
T6_plain,FUDS,1,r0_scale,r0_scale_0.8,40.0,<=35,4.481253824726668,5.052280366739151,-4.481166271921182
T6_plain,FUDS,1,r0_scale,r0_scale_0.8,40.0,>65,3.8483960032966866,4.451746142084157,-3.84801844810715
T6_plain,FUDS,1,r0_scale,r0_scale_0.8,50.0,35-65,12.456995459960748,12.77312757170249,-12.456995459960748
T6_plain,FUDS,1,r0_scale,r0_scale_0.8,50.0,<=35,4.573316790373869,5.143993348904149,-4.566069319427665
T6_plain,FUDS,1,r0_scale,r0_scale_0.8,50.0,>65,3.9807476122729692,4.600146993277727,-3.9807476122729692
T6_plain,FUDS,1,r0_scale,r0_scale_1.2,-10.0,35-65,10.841066841230882,11.036312375158921,10.841066841230882
T6_plain,FUDS,1,r0_scale,r0_scale_1.2,-10.0,<=35,8.863342087850963,9.152044267403612,8.863342087850963
T6_plain,FUDS,1,r0_scale,r0_scale_1.2,-10.0,>65,4.21585031919506,4.570619702538738,4.214006529638216
T6_plain,FUDS,1,r0_scale,r0_scale_1.2,0.0,35-65,9.549397442881046,9.788145244094443,9.549397442881046
T6_plain,FUDS,1,r0_scale,r0_scale_1.2,0.0,<=35,6.190035902367059,7.071048808916662,6.188229316858599
T6_plain,FUDS,1,r0_scale,r0_scale_1.2,0.0,>65,3.492077622125313,3.7624972487932653,3.4911449508428385
T6_plain,FUDS,1,r0_scale,r0_scale_1.2,10.0,35-65,9.525741469867304,9.859231791703477,9.525741469867304
T6_plain,FUDS,1,r0_scale,r0_scale_1.2,10.0,<=35,7.154222247299264,7.924008574872643,7.154222247299264
T6_plain,FUDS,1,r0_scale,r0_scale_1.2,10.0,>65,3.513063617587986,3.7471878648581614,3.512513674572361
T6_plain,FUDS,1,r0_scale,r0_scale_1.2,20.0,35-65,9.432611976010332,9.807689224129946,9.432611976010332
T6_plain,FUDS,1,r0_scale,r0_scale_1.2,20.0,<=35,6.364727416166075,7.155819680872696,6.36460755140697
T6_plain,FUDS,1,r0_scale,r0_scale_1.2,20.0,>65,3.2561828098021817,3.454284510465601,3.2553523913500135
T6_plain,FUDS,1,r0_scale,r0_scale_1.2,25.0,35-65,9.638264059989487,10.077970113406268,9.638264059989487
T6_plain,FUDS,1,r0_scale,r0_scale_1.2,25.0,<=35,6.319134222462272,7.14786653910725,6.319134222462272
T6_plain,FUDS,1,r0_scale,r0_scale_1.2,25.0,>65,3.342900204625017,3.5248363342737314,3.3421770171993597
T6_plain,FUDS,1,r0_scale,r0_scale_1.2,30.0,35-65,9.484908274059439,9.902248669566433,9.484908274059439
T6_plain,FUDS,1,r0_scale,r0_scale_1.2,30.0,<=35,5.615296221684632,6.47230784132265,5.615296221684632
T6_plain,FUDS,1,r0_scale,r0_scale_1.2,30.0,>65,3.090676226592426,3.2595912398532363,3.0895630977531234
T6_plain,FUDS,1,r0_scale,r0_scale_1.2,40.0,35-65,9.873102603459722,10.340754122704723,9.873102603459722
T6_plain,FUDS,1,r0_scale,r0_scale_1.2,40.0,<=35,4.984998589178659,5.89839691207482,4.983140427426944
T6_plain,FUDS,1,r0_scale,r0_scale_1.2,40.0,>65,3.120597060368075,3.302656217838139,3.1184418119220454
T6_plain,FUDS,1,r0_scale,r0_scale_1.2,50.0,35-65,10.032080120409294,10.543475260001888,10.032080120409294
T6_plain,FUDS,1,r0_scale,r0_scale_1.2,50.0,<=35,4.510095202752903,5.371456208867591,4.510095202752903
T6_plain,FUDS,1,r0_scale,r0_scale_1.2,50.0,>65,3.0996408597871214,3.3009772801604025,3.0950347523077073
T6_plain,FUDS,1,r0_scale,r0_scale_1.5,-10.0,35-65,21.692952177444187,21.96457014025352,21.692952177444187
T6_plain,FUDS,1,r0_scale,r0_scale_1.5,-10.0,<=35,21.9749216212485,22.154038914415143,21.9749216212485
T6_plain,FUDS,1,r0_scale,r0_scale_1.5,-10.0,>65,8.815345291277342,9.686229626337306,8.813345310784378
T6_plain,FUDS,1,r0_scale,r0_scale_1.5,0.0,35-65,20.109243277715436,20.508894405346513,20.109243277715436
T6_plain,FUDS,1,r0_scale,r0_scale_1.5,0.0,<=35,16.40693058047718,18.03833691777256,16.40693058047718
T6_plain,FUDS,1,r0_scale,r0_scale_1.5,0.0,>65,7.680802401147569,8.3567347875955,7.6797111880238695
T6_plain,FUDS,1,r0_scale,r0_scale_1.5,10.0,35-65,19.896945062480555,20.446053804245356,19.896945062480555
T6_plain,FUDS,1,r0_scale,r0_scale_1.5,10.0,<=35,19.049713418425345,20.45250187939221,19.049713418425345
T6_plain,FUDS,1,r0_scale,r0_scale_1.5,10.0,>65,7.621812723567159,8.25084854221173,7.621077579911552
T6_plain,FUDS,1,r0_scale,r0_scale_1.5,20.0,35-65,19.558100406624472,20.15173049224002,19.558100406624472
T6_plain,FUDS,1,r0_scale,r0_scale_1.5,20.0,<=35,17.769449256534962,19.469766481733192,17.769449256534962
T6_plain,FUDS,1,r0_scale,r0_scale_1.5,20.0,>65,7.295410664413355,7.847832236258469,7.294556646382041
T6_plain,FUDS,1,r0_scale,r0_scale_1.5,25.0,35-65,19.7342395815305,20.38129796125345,19.7342395815305
T6_plain,FUDS,1,r0_scale,r0_scale_1.5,25.0,<=35,17.74294642527303,19.6660781815707,17.74294642527303
T6_plain,FUDS,1,r0_scale,r0_scale_1.5,25.0,>65,7.454115943699391,7.999053336145969,7.4531423001576425
T6_plain,FUDS,1,r0_scale,r0_scale_1.5,30.0,35-65,19.416205853245415,20.04970862435655,19.416205853245415
T6_plain,FUDS,1,r0_scale,r0_scale_1.5,30.0,<=35,16.51643502558836,18.579750567274207,16.51643502558836
T6_plain,FUDS,1,r0_scale,r0_scale_1.5,30.0,>65,7.1473152589892335,7.636318431247717,7.14618813844792
T6_plain,FUDS,1,r0_scale,r0_scale_1.5,40.0,35-65,19.813152175756795,20.493342211568184,19.813152175756795
T6_plain,FUDS,1,r0_scale,r0_scale_1.5,40.0,<=35,15.527640797624509,17.88028251121374,15.527640797624509
T6_plain,FUDS,1,r0_scale,r0_scale_1.5,40.0,>65,7.175890136926447,7.666848947818573,7.174123272950148
T6_plain,FUDS,1,r0_scale,r0_scale_1.5,50.0,35-65,19.975785212647036,20.68271522289375,19.975785212647036
T6_plain,FUDS,1,r0_scale,r0_scale_1.5,50.0,<=35,14.871027874221435,17.233267924561027,14.871027874221435
T6_plain,FUDS,1,r0_scale,r0_scale_1.5,50.0,>65,7.101152041574051,7.6038213924967195,7.097628620170264
T6_plain,FUDS,1,r0_scale,r0_scale_2,-10.0,35-65,35.01563773576589,35.428613156147755,35.01563773576589
T6_plain,FUDS,1,r0_scale,r0_scale_2,-10.0,<=35,38.08250631862532,38.22565789348076,38.08250631862532
T6_plain,FUDS,1,r0_scale,r0_scale_2,-10.0,>65,14.194655558085746,15.974124070586011,14.187809522588006
T6_plain,FUDS,1,r0_scale,r0_scale_2,0.0,35-65,32.81401038894501,33.374047001277084,32.81401038894501
T6_plain,FUDS,1,r0_scale,r0_scale_2,0.0,<=35,32.174516746997256,33.99463427819755,32.174516746997256
T6_plain,FUDS,1,r0_scale,r0_scale_2,0.0,>65,12.959655449035349,14.39212705821582,12.956879312318332
T6_plain,FUDS,1,r0_scale,r0_scale_2,10.0,35-65,32.24376000697444,32.95290660557493,32.24376000697444
T6_plain,FUDS,1,r0_scale,r0_scale_2,10.0,<=35,37.90271518306759,38.970046925208074,37.90271518306759
T6_plain,FUDS,1,r0_scale,r0_scale_2,10.0,>65,12.791192280409208,14.172707463244882,12.789329784073711
T6_plain,FUDS,1,r0_scale,r0_scale_2,20.0,35-65,31.36382053903483,32.05598517350402,31.36382053903483
T6_plain,FUDS,1,r0_scale,r0_scale_2,20.0,<=35,36.04126659798184,37.61455357128563,36.04126659798184
T6_plain,FUDS,1,r0_scale,r0_scale_2,20.0,>65,12.457361420358284,13.74311796991003,12.455402029650193
T6_plain,FUDS,1,r0_scale,r0_scale_2,25.0,35-65,31.635902199099153,32.348197896374636,31.635902199099153
T6_plain,FUDS,1,r0_scale,r0_scale_2,25.0,<=35,35.87737740269657,37.76473440397186,35.87737740269657
T6_plain,FUDS,1,r0_scale,r0_scale_2,25.0,>65,12.670113283208021,13.99316077582514,12.667843068975001
T6_plain,FUDS,1,r0_scale,r0_scale_2,30.0,35-65,31.097459768206885,31.76760580266545,31.097459768206885
T6_plain,FUDS,1,r0_scale,r0_scale_2,30.0,<=35,33.893569426623166,36.15882933879472,33.893569426623166
T6_plain,FUDS,1,r0_scale,r0_scale_2,30.0,>65,12.438368683004512,13.69459833666621,12.435867453265368
T6_plain,FUDS,1,r0_scale,r0_scale_2,40.0,35-65,31.2178773224169,31.898299541053426,31.2178773224169
T6_plain,FUDS,1,r0_scale,r0_scale_2,40.0,<=35,32.3459109487781,35.199577837282646,32.3459109487781
T6_plain,FUDS,1,r0_scale,r0_scale_2,40.0,>65,12.453804560131868,13.732503931347464,12.45011845871064
T6_plain,FUDS,1,r0_scale,r0_scale_2,50.0,35-65,31.143940174889952,31.835009647954983,31.143940174889952
T6_plain,FUDS,1,r0_scale,r0_scale_2,50.0,<=35,31.546640823763877,34.53498326164335,31.546640823763877
T6_plain,FUDS,1,r0_scale,r0_scale_2,50.0,>65,12.301688964898709,13.585458687908337,12.295966970906818
T6_plain,FUDS,2,baseline,unperturbed,-10.0,35-65,2.5869006008211675,2.9669997036632276,2.0967750606751827
T6_plain,FUDS,2,baseline,unperturbed,-10.0,<=35,1.3407200824742267,1.682153697616442,0.9576747938144331
T6_plain,FUDS,2,baseline,unperturbed,-10.0,>65,0.8912234545797213,1.0306484092180226,0.8125996671692425
T6_plain,FUDS,2,baseline,unperturbed,0.0,35-65,1.2550713365296804,1.666881939468628,0.7837009310502284
T6_plain,FUDS,2,baseline,unperturbed,0.0,<=35,0.7618652289201879,1.0309140047153884,0.6237599933333333
T6_plain,FUDS,2,baseline,unperturbed,0.0,>65,0.530345945179584,0.6532665759072078,0.38730579017013217
T6_plain,FUDS,2,baseline,unperturbed,10.0,35-65,0.8858868559745572,1.1462562256509783,0.5216784407087689
T6_plain,FUDS,2,baseline,unperturbed,10.0,<=35,0.6001486866099418,0.7852358541012815,0.4954379383788626
T6_plain,FUDS,2,baseline,unperturbed,10.0,>65,0.5242794518747586,0.6521384472324949,0.45759242520293775
T6_plain,FUDS,2,baseline,unperturbed,20.0,35-65,0.5739898698817107,0.7811177201832771,0.07682282984531384
T6_plain,FUDS,2,baseline,unperturbed,20.0,<=35,0.34849338163179916,0.507202364380498,0.12786281125523008
T6_plain,FUDS,2,baseline,unperturbed,20.0,>65,0.4303055685832396,0.5415905045344589,0.24054613904547165
T6_plain,FUDS,2,baseline,unperturbed,25.0,35-65,0.5773467857793984,0.7710685553625777,0.08970793618960807
T6_plain,FUDS,2,baseline,unperturbed,25.0,<=35,0.3975029033184945,0.5118552362759257,0.1815453603804127
T6_plain,FUDS,2,baseline,unperturbed,25.0,>65,0.5023982039127162,0.6299004123989355,0.3088208412340105
T6_plain,FUDS,2,baseline,unperturbed,30.0,35-65,0.6160516969420357,0.7848511844647765,-0.4635489949794615
T6_plain,FUDS,2,baseline,unperturbed,30.0,<=35,0.47146021830929485,0.574779475814993,-0.3020539674278846
T6_plain,FUDS,2,baseline,unperturbed,30.0,>65,0.5138642852398524,0.6297106081079901,0.025073223985239815
T6_plain,FUDS,2,baseline,unperturbed,40.0,35-65,0.5948558422242314,0.7507784223020484,-0.40793961708860754
T6_plain,FUDS,2,baseline,unperturbed,40.0,<=35,0.4740743017774343,0.5887060683772072,-0.3104450763523957
T6_plain,FUDS,2,baseline,unperturbed,40.0,>65,0.5677203525100769,0.6837288472659339,0.0015037764748992587
T6_plain,FUDS,2,baseline,unperturbed,50.0,35-65,0.8622063156942561,1.060385852589663,-0.7996717684305743
T6_plain,FUDS,2,baseline,unperturbed,50.0,<=35,0.6746987381388254,0.8477853635764616,-0.6101507209000763
T6_plain,FUDS,2,baseline,unperturbed,50.0,>65,0.6416197855051246,0.775548823174376,-0.08054977379209385
T6_plain,FUDS,2,r0_scale,r0_scale_0.5,-10.0,35-65,18.061591229104756,18.6262891380064,-18.061591229104756
T6_plain,FUDS,2,r0_scale,r0_scale_0.5,-10.0,<=35,10.825530254175762,10.927703859187503,-10.825530254175762
T6_plain,FUDS,2,r0_scale,r0_scale_0.5,-10.0,>65,9.546464543629964,11.976455780740682,-9.546464543629964
T6_plain,FUDS,2,r0_scale,r0_scale_0.5,0.0,35-65,19.740573084347652,20.249830460595852,-19.740573084347652
T6_plain,FUDS,2,r0_scale,r0_scale_0.5,0.0,<=35,7.07468569381474,8.295921523265603,-7.07468569381474
T6_plain,FUDS,2,r0_scale,r0_scale_0.5,0.0,>65,9.418700584312893,11.609521410985502,-9.418700584312893
T6_plain,FUDS,2,r0_scale,r0_scale_0.5,10.0,35-65,22.829429675630774,23.24238144179503,-22.829429675630774
T6_plain,FUDS,2,r0_scale,r0_scale_0.5,10.0,<=35,9.08530989119405,10.261484373859103,-9.08530989119405
T6_plain,FUDS,2,r0_scale,r0_scale_0.5,10.0,>65,10.118619898751092,12.320525474365102,-10.118619898751092
T6_plain,FUDS,2,r0_scale,r0_scale_0.5,20.0,35-65,23.969373923335777,24.44106845515209,-23.969373923335777
T6_plain,FUDS,2,r0_scale,r0_scale_0.5,20.0,<=35,9.61465033079555,10.636948772823668,-9.61465033079555
T6_plain,FUDS,2,r0_scale,r0_scale_0.5,20.0,>65,11.042642990953212,13.179191864912621,-11.042642990953212
T6_plain,FUDS,2,r0_scale,r0_scale_0.5,25.0,35-65,24.788463115125424,25.26562722247699,-24.788463115125424
T6_plain,FUDS,2,r0_scale,r0_scale_0.5,25.0,<=35,9.675639975539987,10.841698258739669,-9.673127213206937
T6_plain,FUDS,2,r0_scale,r0_scale_0.5,25.0,>65,11.420006607499488,13.584389223624328,-11.420006607499488
T6_plain,FUDS,2,r0_scale,r0_scale_0.5,30.0,35-65,25.003015953939112,25.51931004839759,-25.003015953939112
T6_plain,FUDS,2,r0_scale,r0_scale_0.5,30.0,<=35,9.861627548413479,10.986053590400894,-9.861627548413479
T6_plain,FUDS,2,r0_scale,r0_scale_0.5,30.0,>65,11.867317164663984,13.966402027960799,-11.867317164663984
T6_plain,FUDS,2,r0_scale,r0_scale_0.5,40.0,35-65,25.038014052072274,25.6176553911522,-25.038014052072274
T6_plain,FUDS,2,r0_scale,r0_scale_0.5,40.0,<=35,9.619254067804414,10.772222067961922,-9.619254067804414
T6_plain,FUDS,2,r0_scale,r0_scale_0.5,40.0,>65,12.163751195631002,14.272108344439822,-12.163751195631002
T6_plain,FUDS,2,r0_scale,r0_scale_0.5,50.0,35-65,25.05338362148013,25.673451624215385,-25.05338362148013
T6_plain,FUDS,2,r0_scale,r0_scale_0.5,50.0,<=35,9.553384895575714,10.721947511690018,-9.553253619275656
T6_plain,FUDS,2,r0_scale,r0_scale_0.5,50.0,>65,12.388401773912971,14.517913044696375,-12.388401773912971
T6_plain,FUDS,2,r0_scale,r0_scale_0.8,-10.0,35-65,7.133257518660741,7.829531167071218,-7.133257518660741
T6_plain,FUDS,2,r0_scale,r0_scale_0.8,-10.0,<=35,4.945456060762651,5.085050974161305,-4.945456060762651
T6_plain,FUDS,2,r0_scale,r0_scale_0.8,-10.0,>65,3.0794010292623484,4.032050636201581,-3.0794010292623484
T6_plain,FUDS,2,r0_scale,r0_scale_0.8,0.0,35-65,8.610489321728059,9.101832860214458,-8.610489321728059
T6_plain,FUDS,2,r0_scale,r0_scale_0.8,0.0,<=35,3.3188209140306535,4.077992331628638,-3.3188209140306535
T6_plain,FUDS,2,r0_scale,r0_scale_0.8,0.0,>65,3.2534083821259467,4.042500521931398,-3.2534083821259467
T6_plain,FUDS,2,r0_scale,r0_scale_0.8,10.0,35-65,10.004936504952562,10.406289020009167,-10.004936504952562
T6_plain,FUDS,2,r0_scale,r0_scale_0.8,10.0,<=35,4.5005691054047645,5.064672376311834,-4.5005691054047645
T6_plain,FUDS,2,r0_scale,r0_scale_0.8,10.0,>65,3.370226838199204,4.107925723240382,-3.369813293318039
T6_plain,FUDS,2,r0_scale,r0_scale_0.8,20.0,35-65,10.988522284175307,11.361021136732457,-10.988522284175307
T6_plain,FUDS,2,r0_scale,r0_scale_0.8,20.0,<=35,4.68782373556422,5.205008004526824,-4.68782373556422
T6_plain,FUDS,2,r0_scale,r0_scale_0.8,20.0,>65,3.7129783747643117,4.379865973457341,-3.712364773631088
T6_plain,FUDS,2,r0_scale,r0_scale_0.8,25.0,35-65,11.474664423153294,11.819912004780807,-11.474664423153294
T6_plain,FUDS,2,r0_scale,r0_scale_0.8,25.0,<=35,4.707144284232109,5.302245931697842,-4.680068938491656
T6_plain,FUDS,2,r0_scale,r0_scale_0.8,25.0,>65,3.7431597975322415,4.415378233188487,-3.7420066681083988
T6_plain,FUDS,2,r0_scale,r0_scale_0.8,30.0,35-65,11.983338395973187,12.301115996340018,-11.983338395973187
T6_plain,FUDS,2,r0_scale,r0_scale_0.8,30.0,<=35,4.910483865365664,5.490016697750911,-4.910452011002379
T6_plain,FUDS,2,r0_scale,r0_scale_0.8,30.0,>65,4.032897304378085,4.670050567352165,-4.03215091269667
T6_plain,FUDS,2,r0_scale,r0_scale_0.8,40.0,35-65,12.159300595384117,12.460162053666641,-12.159300595384117
T6_plain,FUDS,2,r0_scale,r0_scale_0.8,40.0,<=35,4.691198674494932,5.269199413584732,-4.691198674494932
T6_plain,FUDS,2,r0_scale,r0_scale_0.8,40.0,>65,4.061029691013637,4.656174790457546,-4.060693300623741
T6_plain,FUDS,2,r0_scale,r0_scale_0.8,50.0,35-65,12.565587422123338,12.865259180846996,-12.565587422123338
T6_plain,FUDS,2,r0_scale,r0_scale_0.8,50.0,<=35,4.806387553111771,5.393231660166688,-4.80469743403187
T6_plain,FUDS,2,r0_scale,r0_scale_0.8,50.0,>65,4.128021665091083,4.721697751482871,-4.127991486150516
T6_plain,FUDS,2,r0_scale,r0_scale_1.2,-10.0,35-65,11.114879684894296,11.317227246443347,11.114879684894296
T6_plain,FUDS,2,r0_scale,r0_scale_1.2,-10.0,<=35,8.886924703961402,9.167642300510773,8.886924703961402
T6_plain,FUDS,2,r0_scale,r0_scale_1.2,-10.0,>65,4.251321933786639,4.631567183849703,4.249965153596219
T6_plain,FUDS,2,r0_scale,r0_scale_1.2,0.0,35-65,9.775552279226527,9.999012538776189,9.775552279226527
T6_plain,FUDS,2,r0_scale,r0_scale_1.2,0.0,<=35,6.061562852422377,6.982027199052226,6.061562852422377
T6_plain,FUDS,2,r0_scale,r0_scale_1.2,0.0,>65,3.5615156096975746,3.853602470425293,3.559835934988294
T6_plain,FUDS,2,r0_scale,r0_scale_1.2,10.0,35-65,9.935403630129775,10.232897280891349,9.935403630129775
T6_plain,FUDS,2,r0_scale,r0_scale_1.2,10.0,<=35,7.343328233820425,8.071668069633258,7.343328233820425
T6_plain,FUDS,2,r0_scale,r0_scale_1.2,10.0,>65,3.686723937374591,3.9397472286798823,3.685815414204223
T6_plain,FUDS,2,r0_scale,r0_scale_1.2,20.0,35-65,9.838001001777036,10.166182450460838,9.838001001777036
T6_plain,FUDS,2,r0_scale,r0_scale_1.2,20.0,<=35,6.461589534306231,7.258690123333389,6.461589534306231
T6_plain,FUDS,2,r0_scale,r0_scale_1.2,20.0,>65,3.499368698280796,3.710499675278286,3.498006369888455
T6_plain,FUDS,2,r0_scale,r0_scale_1.2,25.0,35-65,10.130468780298406,10.512378459802727,10.130468780298406
T6_plain,FUDS,2,r0_scale,r0_scale_1.2,25.0,<=35,6.5398197215715905,7.379750529897835,6.5398197215715905
T6_plain,FUDS,2,r0_scale,r0_scale_1.2,25.0,>65,3.634710617522986,3.839547467897061,3.633632443838861
T6_plain,FUDS,2,r0_scale,r0_scale_1.2,30.0,35-65,9.722507705521293,10.077425564455265,9.722507705521293
T6_plain,FUDS,2,r0_scale,r0_scale_1.2,30.0,<=35,5.578298373028604,6.42766621983846,5.578298373028604
T6_plain,FUDS,2,r0_scale,r0_scale_1.2,30.0,>65,3.356586162286202,3.5423852361130814,3.354958813860763
T6_plain,FUDS,2,r0_scale,r0_scale_1.2,40.0,35-65,10.0835494327964,10.489153581141787,10.0835494327964
T6_plain,FUDS,2,r0_scale,r0_scale_1.2,40.0,<=35,5.231459299152227,6.156005620164335,5.231456081635445
T6_plain,FUDS,2,r0_scale,r0_scale_1.2,40.0,>65,3.364543804049712,3.560010855619228,3.361842349920305
T6_plain,FUDS,2,r0_scale,r0_scale_1.2,50.0,35-65,9.971039731567005,10.404617769088,9.971039731567005
T6_plain,FUDS,2,r0_scale,r0_scale_1.2,50.0,<=35,4.665887802488637,5.5176120281210865,4.665887802488637
T6_plain,FUDS,2,r0_scale,r0_scale_1.2,50.0,>65,3.2936640864867996,3.498103140991205,3.2889220053282604
T6_plain,FUDS,2,r0_scale,r0_scale_1.5,-10.0,35-65,21.941872431472813,22.19762219503013,21.941872431472813
T6_plain,FUDS,2,r0_scale,r0_scale_1.5,-10.0,<=35,22.05416681450505,22.26727158798256,22.05416681450505
T6_plain,FUDS,2,r0_scale,r0_scale_1.5,-10.0,>65,8.807925977294266,9.69878658353277,8.807021305154167
T6_plain,FUDS,2,r0_scale,r0_scale_1.5,0.0,35-65,20.535157844526253,20.92264802758331,20.535157844526253
T6_plain,FUDS,2,r0_scale,r0_scale_1.5,0.0,<=35,15.529746969073011,17.60263887054796,15.529746969073011
T6_plain,FUDS,2,r0_scale,r0_scale_1.5,0.0,>65,7.7324070105622145,8.427888199028517,7.731714751037649
T6_plain,FUDS,2,r0_scale,r0_scale_1.5,10.0,35-65,20.70201845405392,21.25905076606608,20.70201845405392
T6_plain,FUDS,2,r0_scale,r0_scale_1.5,10.0,<=35,19.05908800318944,20.39840381980275,19.05908800318944
T6_plain,FUDS,2,r0_scale,r0_scale_1.5,10.0,>65,7.890762318855872,8.541549682743703,7.890053513504076
T6_plain,FUDS,2,r0_scale,r0_scale_1.5,20.0,35-65,20.539470932379412,21.149971822598655,20.539470932379412
T6_plain,FUDS,2,r0_scale,r0_scale_1.5,20.0,<=35,17.548852501136093,19.227654432029013,17.548852501136093
T6_plain,FUDS,2,r0_scale,r0_scale_1.5,20.0,>65,7.781074071497215,8.381033898416385,7.78008252664157
T6_plain,FUDS,2,r0_scale,r0_scale_1.5,25.0,35-65,20.845683198055042,21.518825073149504,20.845683198055042
T6_plain,FUDS,2,r0_scale,r0_scale_1.5,25.0,<=35,17.651357704382683,19.495961369638525,17.651357704382683
T6_plain,FUDS,2,r0_scale,r0_scale_1.5,25.0,>65,8.031851363039044,8.654603112397506,8.030676805508058
T6_plain,FUDS,2,r0_scale,r0_scale_1.5,30.0,35-65,20.44106174215272,21.07853808491848,20.44106174215272
T6_plain,FUDS,2,r0_scale,r0_scale_1.5,30.0,<=35,16.12675116660137,18.099206758531036,16.12675116660137
T6_plain,FUDS,2,r0_scale,r0_scale_1.5,30.0,>65,7.745885945853912,8.329180617500102,7.744521352489852
T6_plain,FUDS,2,r0_scale,r0_scale_1.5,40.0,35-65,20.699181797871816,21.378382620558725,20.699181797871816
T6_plain,FUDS,2,r0_scale,r0_scale_1.5,40.0,<=35,15.388644541782785,17.62914350905477,15.388644541782785
T6_plain,FUDS,2,r0_scale,r0_scale_1.5,40.0,>65,7.78144301611531,8.395968856107714,7.779215362219806
T6_plain,FUDS,2,r0_scale,r0_scale_1.5,50.0,35-65,20.62087535688079,21.316680910796514,20.62087535688079
T6_plain,FUDS,2,r0_scale,r0_scale_1.5,50.0,<=35,14.64404134095898,16.88629632551317,14.64404134095898
T6_plain,FUDS,2,r0_scale,r0_scale_1.5,50.0,>65,7.704202392064509,8.341037722749315,7.700165841384172
T6_plain,FUDS,2,r0_scale,r0_scale_2,-10.0,35-65,35.30021530471807,35.7300977620564,35.30021530471807
T6_plain,FUDS,2,r0_scale,r0_scale_2,-10.0,<=35,37.84098949623314,38.00058023334144,37.84098949623314
T6_plain,FUDS,2,r0_scale,r0_scale_2,-10.0,>65,14.297382315614461,16.052901864226012,14.293470582020426
T6_plain,FUDS,2,r0_scale,r0_scale_2,0.0,35-65,33.37234137445411,33.997438753523646,33.37234137445411
T6_plain,FUDS,2,r0_scale,r0_scale_2,0.0,<=35,29.983251188934105,32.836311726840734,29.983251188934105
T6_plain,FUDS,2,r0_scale,r0_scale_2,0.0,>65,13.205395137396373,14.656498529011369,13.20375001483471
T6_plain,FUDS,2,r0_scale,r0_scale_2,10.0,35-65,33.058088323585416,33.855759542349816,33.058088323585416
T6_plain,FUDS,2,r0_scale,r0_scale_2,10.0,<=35,37.26191202395689,38.546768866124914,37.26191202395689
T6_plain,FUDS,2,r0_scale,r0_scale_2,10.0,>65,13.398231479975998,14.8598707119178,13.396744911192018
T6_plain,FUDS,2,r0_scale,r0_scale_2,20.0,35-65,32.632055030057685,33.40956712992572,32.632055030057685
T6_plain,FUDS,2,r0_scale,r0_scale_2,20.0,<=35,35.52145317893881,37.38769062769987,35.52145317893881
T6_plain,FUDS,2,r0_scale,r0_scale_2,20.0,>65,13.416337579979796,14.870795489928588,13.414489487131442
T6_plain,FUDS,2,r0_scale,r0_scale_2,25.0,35-65,33.14864500503652,33.961154700117866,33.14864500503652
T6_plain,FUDS,2,r0_scale,r0_scale_2,25.0,<=35,35.585420099767724,37.76915321337425,35.585420099767724
T6_plain,FUDS,2,r0_scale,r0_scale_2,25.0,>65,13.758778947770478,15.305352222755102,13.756479514292439
T6_plain,FUDS,2,r0_scale,r0_scale_2,30.0,35-65,32.77345299408716,33.53967676928366,32.77345299408716
T6_plain,FUDS,2,r0_scale,r0_scale_2,30.0,<=35,33.53076086227368,36.07450525466335,33.53076086227368
T6_plain,FUDS,2,r0_scale,r0_scale_2,30.0,>65,13.566842017303266,15.07187843591931,13.564151012001798
T6_plain,FUDS,2,r0_scale,r0_scale_2,40.0,35-65,33.113185903212106,33.88935581088433,33.113185903212106
T6_plain,FUDS,2,r0_scale,r0_scale_2,40.0,<=35,32.224895684121115,35.329067422147844,32.224895684121115
T6_plain,FUDS,2,r0_scale,r0_scale_2,40.0,>65,13.609744545504036,15.18981695168615,13.605545942482115
T6_plain,FUDS,2,r0_scale,r0_scale_2,50.0,35-65,33.162674776004366,33.93610228286574,33.162674776004366
T6_plain,FUDS,2,r0_scale,r0_scale_2,50.0,<=35,31.41973009964297,34.617982680365664,31.41973009964297
T6_plain,FUDS,2,r0_scale,r0_scale_2,50.0,>65,13.47031891610101,15.08665796142241,13.46383509011451
T6_plain,US06,0,baseline,unperturbed,-10.0,35-65,3.1306293298228813,3.182680115324763,-3.1306293298228813
T6_plain,US06,0,baseline,unperturbed,-10.0,<=35,2.201859474332649,2.247519266028778,-2.201859474332649
T6_plain,US06,0,baseline,unperturbed,-10.0,>65,1.2801316395959597,1.4110184701616295,-1.2795016395959597
T6_plain,US06,0,baseline,unperturbed,0.0,35-65,1.300020398272553,1.389831315919976,-1.2997872840690978
T6_plain,US06,0,baseline,unperturbed,0.0,<=35,0.9210911847748815,0.9882250842067584,-0.9210911847748815
T6_plain,US06,0,baseline,unperturbed,0.0,>65,0.611515266043867,0.7118477634419189,-0.6046929841592202
T6_plain,US06,0,baseline,unperturbed,10.0,35-65,0.939997374519231,1.116386582942428,-0.9273309245192309
T6_plain,US06,0,baseline,unperturbed,10.0,<=35,0.6584807866935485,0.768653227681444,-0.5552816146505376
T6_plain,US06,0,baseline,unperturbed,10.0,>65,0.5306197022774326,0.6190760546750363,-0.5183238306418219
T6_plain,US06,0,baseline,unperturbed,20.0,35-65,0.6600354124643196,0.8084022673739003,-0.5884155104662226
T6_plain,US06,0,baseline,unperturbed,20.0,<=35,0.4481497933481152,0.521440194137972,-0.4025171766740577
T6_plain,US06,0,baseline,unperturbed,20.0,>65,0.47115510353130036,0.6047344617458319,-0.4493042118780098
T6_plain,US06,0,baseline,unperturbed,25.0,35-65,0.4778514655172414,0.5499467473389568,-0.2661430450191571
T6_plain,US06,0,baseline,unperturbed,25.0,<=35,0.3755258305484147,0.42988636633054317,-0.20964607459297338
T6_plain,US06,0,baseline,unperturbed,25.0,>65,0.3748020884955753,0.4785400747213779,-0.20249054143201922
T6_plain,US06,0,baseline,unperturbed,30.0,35-65,0.4916579239230064,0.5647546077763465,-0.25433094592117333
T6_plain,US06,0,baseline,unperturbed,30.0,<=35,0.2704533137461573,0.33476211359258307,-0.19710155731225298
T6_plain,US06,0,baseline,unperturbed,30.0,>65,0.4268513055332798,0.5478327332922254,-0.2738302068965518
T6_plain,US06,0,baseline,unperturbed,40.0,35-65,0.36724884584086814,0.4520379599742337,0.07927636211573247
T6_plain,US06,0,baseline,unperturbed,40.0,<=35,0.22136158906184264,0.26088154757250165,-0.05139723500210345
T6_plain,US06,0,baseline,unperturbed,40.0,>65,0.42908898044692745,0.5237463118336858,-0.14580794134078215
T6_plain,US06,0,baseline,unperturbed,50.0,35-65,0.33556253052917223,0.42552618744560716,0.18576139439167785
T6_plain,US06,0,baseline,unperturbed,50.0,<=35,0.22794763766666667,0.293820561512556,0.045068358249999996
T6_plain,US06,0,baseline,unperturbed,50.0,>65,0.40959642035928134,0.5107167607321191,-0.07420835648702595
T6_plain,US06,0,r0_scale,r0_scale_0.5,-10.0,35-65,20.327819236113175,20.90529237896148,-20.327819236113175
T6_plain,US06,0,r0_scale,r0_scale_0.5,-10.0,<=35,10.411839164134031,10.539190586855668,-10.411839164134031
T6_plain,US06,0,r0_scale,r0_scale_0.5,-10.0,>65,15.988833465734011,17.70509267604911,-15.988833465734011
T6_plain,US06,0,r0_scale,r0_scale_0.5,0.0,35-65,22.999598293888294,23.306178103190728,-22.999598293888294
T6_plain,US06,0,r0_scale,r0_scale_0.5,0.0,<=35,8.329148866797366,9.248310740534873,-8.329148866797366
T6_plain,US06,0,r0_scale,r0_scale_0.5,0.0,>65,13.230515140252002,14.70997515600358,-13.230515140252002
T6_plain,US06,0,r0_scale,r0_scale_0.5,10.0,35-65,24.683414418523675,24.909667355320163,-24.683414418523675
T6_plain,US06,0,r0_scale,r0_scale_0.5,10.0,<=35,8.806929303002935,10.29955502785008,-8.757979138144552
T6_plain,US06,0,r0_scale,r0_scale_0.5,10.0,>65,12.595788122006683,13.962198081527578,-12.595788122006683
T6_plain,US06,0,r0_scale,r0_scale_0.5,20.0,35-65,24.36041062728622,24.637121554327248,-24.36041062728622
T6_plain,US06,0,r0_scale,r0_scale_0.5,20.0,<=35,9.4245308137278,10.550572975425846,-9.4245308137278
T6_plain,US06,0,r0_scale,r0_scale_0.5,20.0,>65,13.095409196322038,14.469706747095728,-13.095409196322038
T6_plain,US06,0,r0_scale,r0_scale_0.5,25.0,35-65,24.713326486262396,25.068580805070813,-24.713326486262396
T6_plain,US06,0,r0_scale,r0_scale_0.5,25.0,<=35,9.293913316032388,10.46629819724205,-9.288992749125558
T6_plain,US06,0,r0_scale,r0_scale_0.5,25.0,>65,13.455301754842566,14.93214009625669,-13.455301754842566
T6_plain,US06,0,r0_scale,r0_scale_0.5,30.0,35-65,23.97439878206729,24.415209671677417,-23.97439878206729
T6_plain,US06,0,r0_scale,r0_scale_0.5,30.0,<=35,9.071321313676208,10.086930521059454,-9.071168634651393
T6_plain,US06,0,r0_scale,r0_scale_0.5,30.0,>65,13.548857892026454,14.994221845562604,-13.548857892026454
T6_plain,US06,0,r0_scale,r0_scale_0.5,40.0,35-65,23.314019610521274,23.863168971861956,-23.314019610521274
T6_plain,US06,0,r0_scale,r0_scale_0.5,40.0,<=35,8.546160015678208,9.64058684880023,-8.546160015678208
T6_plain,US06,0,r0_scale,r0_scale_0.5,40.0,>65,13.66512946987769,15.140100489038728,-13.66512946987769
T6_plain,US06,0,r0_scale,r0_scale_0.5,50.0,35-65,23.0014646908102,23.629529283172708,-23.0014646908102
T6_plain,US06,0,r0_scale,r0_scale_0.5,50.0,<=35,8.424520609875392,9.593144820822362,-8.42433853575854
T6_plain,US06,0,r0_scale,r0_scale_0.5,50.0,>65,13.933215608639879,15.505942897284415,-13.933215608639879
T6_plain,US06,0,r0_scale,r0_scale_0.8,-10.0,35-65,11.798015720462748,12.051431939612767,-11.798015720462748
T6_plain,US06,0,r0_scale,r0_scale_0.8,-10.0,<=35,5.9186445690017555,5.9980116182931456,-5.9186445690017555
T6_plain,US06,0,r0_scale,r0_scale_0.8,-10.0,>65,6.652771511235721,7.371596826958018,-6.652771511235721
T6_plain,US06,0,r0_scale,r0_scale_0.8,0.0,35-65,11.494444082506716,11.584711736457619,-11.494444082506716
T6_plain,US06,0,r0_scale,r0_scale_0.8,0.0,<=35,4.6317510765131304,5.14209763117172,-4.6317510765131304
T6_plain,US06,0,r0_scale,r0_scale_0.8,0.0,>65,5.111383999750312,5.560908890453455,-5.111383999750312
T6_plain,US06,0,r0_scale,r0_scale_0.8,10.0,35-65,11.820205038400198,11.925653051222316,-11.820205038400198
T6_plain,US06,0,r0_scale,r0_scale_0.8,10.0,<=35,4.766923355728309,5.548307666248228,-4.716773983499473
T6_plain,US06,0,r0_scale,r0_scale_0.8,10.0,>65,4.855328110189358,5.259997232581118,-4.8553232759603615
T6_plain,US06,0,r0_scale,r0_scale_0.8,20.0,35-65,11.714189019589563,11.83127150966711,-11.714189019589563
T6_plain,US06,0,r0_scale,r0_scale_0.8,20.0,<=35,4.79764076253471,5.364149723754117,-4.79764076253471
T6_plain,US06,0,r0_scale,r0_scale_0.8,20.0,>65,4.932060571749306,5.304245923388582,-4.931989910565794
T6_plain,US06,0,r0_scale,r0_scale_0.8,25.0,35-65,11.921832431678187,12.064713030649985,-11.921832431678187
T6_plain,US06,0,r0_scale,r0_scale_0.8,25.0,<=35,4.599982478793726,5.188969001269272,-4.590028572283987
T6_plain,US06,0,r0_scale,r0_scale_0.8,25.0,>65,4.820057222293771,5.192889075157592,-4.819884988850808
T6_plain,US06,0,r0_scale,r0_scale_0.8,30.0,35-65,11.634473074806595,11.818643227305845,-11.634473074806595
T6_plain,US06,0,r0_scale,r0_scale_0.8,30.0,<=35,4.396751323164193,4.866294927911009,-4.395399207325613
T6_plain,US06,0,r0_scale,r0_scale_0.8,30.0,>65,4.8548932884728035,5.196976247255078,-4.854836539620248
T6_plain,US06,0,r0_scale,r0_scale_0.8,40.0,35-65,11.425607918876537,11.706195628947548,-11.425607918876537
T6_plain,US06,0,r0_scale,r0_scale_0.8,40.0,<=35,4.02976816030085,4.51549565408712,-4.02976816030085
T6_plain,US06,0,r0_scale,r0_scale_0.8,40.0,>65,4.751678835864348,5.077013522730051,-4.751678835864348
T6_plain,US06,0,r0_scale,r0_scale_0.8,50.0,35-65,11.502874959997495,11.8750976129163,-11.502874959997495
T6_plain,US06,0,r0_scale,r0_scale_0.8,50.0,<=35,3.9285060653137376,4.43079059721342,-3.924611532171751
T6_plain,US06,0,r0_scale,r0_scale_0.8,50.0,>65,4.744087036284389,5.088614874919199,-4.744087036284389
T6_plain,US06,0,r0_scale,r0_scale_1.2,-10.0,35-65,7.018166926007893,7.108501717903042,7.018166926007893
T6_plain,US06,0,r0_scale,r0_scale_1.2,-10.0,<=35,2.7656140162241187,2.7994904481974303,2.7656140162241187
T6_plain,US06,0,r0_scale,r0_scale_1.2,-10.0,>65,3.2369562172827027,3.6506676428221927,3.2350910506933843
T6_plain,US06,0,r0_scale,r0_scale_1.2,0.0,35-65,9.235893365153496,9.318465055812775,9.235893365153496
T6_plain,US06,0,r0_scale,r0_scale_1.2,0.0,<=35,4.35540710949672,5.0413580394398885,4.35540710949672
T6_plain,US06,0,r0_scale,r0_scale_1.2,0.0,>65,3.3450659609308806,3.7676080909146092,3.343730537732023
T6_plain,US06,0,r0_scale,r0_scale_1.2,10.0,35-65,9.89414410996497,10.038563718426177,9.89414410996497
T6_plain,US06,0,r0_scale,r0_scale_1.2,10.0,<=35,5.403816967620655,6.193443733757788,5.403816967620655
T6_plain,US06,0,r0_scale,r0_scale_1.2,10.0,>65,3.304775065010586,3.680103322346198,3.303611548748217
T6_plain,US06,0,r0_scale,r0_scale_1.2,20.0,35-65,10.67744922097738,10.854436840874687,10.67744922097738
T6_plain,US06,0,r0_scale,r0_scale_1.2,20.0,<=35,5.650332592191064,6.379955098845245,5.650332592191064
T6_plain,US06,0,r0_scale,r0_scale_1.2,20.0,>65,3.408187210614622,3.7937207885215445,3.406892685356759
T6_plain,US06,0,r0_scale,r0_scale_1.2,25.0,35-65,11.366771270532189,11.595072427110043,11.366771270532189
T6_plain,US06,0,r0_scale,r0_scale_1.2,25.0,<=35,5.9703346277981755,6.771296404309857,5.9703346277981755
T6_plain,US06,0,r0_scale,r0_scale_1.2,25.0,>65,3.7477255142481183,4.141652775946645,3.74643825513586
T6_plain,US06,0,r0_scale,r0_scale_1.2,30.0,35-65,11.374754103194023,11.60401048338586,11.374754103194023
T6_plain,US06,0,r0_scale,r0_scale_1.2,30.0,<=35,5.556432235851585,6.302929220056014,5.556432235851585
T6_plain,US06,0,r0_scale,r0_scale_1.2,30.0,>65,3.6448723404955334,4.035444308913968,3.643426121592469
T6_plain,US06,0,r0_scale,r0_scale_1.2,40.0,35-65,12.108720400511777,12.409139055555316,12.108720400511777
T6_plain,US06,0,r0_scale,r0_scale_1.2,40.0,<=35,5.354234450321748,6.195756776833689,5.354183337406489
T6_plain,US06,0,r0_scale,r0_scale_1.2,40.0,>65,3.7841772029593943,4.184283660260526,3.782375923154376
T6_plain,US06,0,r0_scale,r0_scale_1.2,50.0,35-65,12.622909728114875,12.995991804270346,12.622909728114875
T6_plain,US06,0,r0_scale,r0_scale_1.2,50.0,<=35,5.364086260122995,6.157808990713078,5.364086260122995
T6_plain,US06,0,r0_scale,r0_scale_1.2,50.0,>65,3.8677174926442954,4.291249431475531,3.8651394536868704
T6_plain,US06,0,r0_scale,r0_scale_1.5,-10.0,35-65,21.055542491128634,21.17214084553478,21.055542491128634
T6_plain,US06,0,r0_scale,r0_scale_1.5,-10.0,<=35,15.411447378768216,15.57958106094724,15.411447378768216
T6_plain,US06,0,r0_scale,r0_scale_1.5,-10.0,>65,8.637317685685943,9.702976953940494,8.635382515238895
T6_plain,US06,0,r0_scale,r0_scale_1.5,0.0,35-65,21.86243358984522,22.15185311239714,21.86243358984522
T6_plain,US06,0,r0_scale,r0_scale_1.5,0.0,<=35,15.932249500804039,17.90700689155901,15.932249500804039
T6_plain,US06,0,r0_scale,r0_scale_1.5,0.0,>65,8.263766236758018,9.214770102210409,8.262438041837921
T6_plain,US06,0,r0_scale,r0_scale_1.5,10.0,35-65,21.819758599064127,22.24593072771547,21.819758599064127
T6_plain,US06,0,r0_scale,r0_scale_1.5,10.0,<=35,17.826788908290137,20.070047290858795,17.826788908290137
T6_plain,US06,0,r0_scale,r0_scale_1.5,10.0,>65,8.121973113477807,8.992204280291448,8.120845404428126
T6_plain,US06,0,r0_scale,r0_scale_1.5,20.0,35-65,22.337984029377168,22.8559276655419,22.337984029377168
T6_plain,US06,0,r0_scale,r0_scale_1.5,20.0,<=35,18.336131371981846,20.458264413318858,18.336131371981846
T6_plain,US06,0,r0_scale,r0_scale_1.5,20.0,>65,8.246385021336705,9.103887447229926,8.245148020175677
T6_plain,US06,0,r0_scale,r0_scale_1.5,25.0,35-65,22.815027415281897,23.383367914612275,22.815027415281897
T6_plain,US06,0,r0_scale,r0_scale_1.5,25.0,<=35,18.85733560298844,21.141291265096392,18.85733560298844
T6_plain,US06,0,r0_scale,r0_scale_1.5,25.0,>65,8.70189481284657,9.607783241200147,8.700643973467876
T6_plain,US06,0,r0_scale,r0_scale_1.5,30.0,35-65,22.783596355087056,23.394737597871636,22.783596355087056
T6_plain,US06,0,r0_scale,r0_scale_1.5,30.0,<=35,17.848659134054525,20.14870261210602,17.848659134054525
T6_plain,US06,0,r0_scale,r0_scale_1.5,30.0,>65,8.583204050516363,9.479014399054101,8.581812015915878
T6_plain,US06,0,r0_scale,r0_scale_1.5,40.0,35-65,23.240298998137593,23.92047967434157,23.240298998137593
T6_plain,US06,0,r0_scale,r0_scale_1.5,40.0,<=35,17.041028357502505,19.63553038898801,17.041028357502505
T6_plain,US06,0,r0_scale,r0_scale_1.5,40.0,>65,8.720765304919974,9.654174750442742,8.719049382643533
T6_plain,US06,0,r0_scale,r0_scale_1.5,50.0,35-65,23.62965506024659,24.337130081514196,23.62965506024659
T6_plain,US06,0,r0_scale,r0_scale_1.5,50.0,<=35,16.881880980873916,19.38138256225219,16.881880980873916
T6_plain,US06,0,r0_scale,r0_scale_1.5,50.0,>65,8.76993691349659,9.754488903835782,8.767660306813228
T6_plain,US06,0,r0_scale,r0_scale_2,-10.0,35-65,36.77349431970952,37.099104797310275,36.77349431970952
T6_plain,US06,0,r0_scale,r0_scale_2,-10.0,<=35,39.36775509863334,39.410444686910516,39.36775509863334
T6_plain,US06,0,r0_scale,r0_scale_2,-10.0,>65,14.223885107796374,16.240269403665533,14.215356961872745
T6_plain,US06,0,r0_scale,r0_scale_2,0.0,35-65,35.75464198139907,36.18864743906125,35.75464198139907
T6_plain,US06,0,r0_scale,r0_scale_2,0.0,<=35,36.062629132107254,37.88650410467454,36.062629132107254
T6_plain,US06,0,r0_scale,r0_scale_2,0.0,>65,13.79248522807045,15.656888470658565,13.7900166399487
T6_plain,US06,0,r0_scale,r0_scale_2,10.0,35-65,34.64002573190575,35.12142944047242,34.64002573190575
T6_plain,US06,0,r0_scale,r0_scale_2,10.0,<=35,37.46952686407976,39.91445447864818,37.46952686407976
T6_plain,US06,0,r0_scale,r0_scale_2,10.0,>65,13.678846833503544,15.476424604571926,13.67728161141161
T6_plain,US06,0,r0_scale,r0_scale_2,20.0,35-65,34.481468898911295,35.007201862143106,34.481468898911295
T6_plain,US06,0,r0_scale,r0_scale_2,20.0,<=35,38.29168927426141,40.34688314834942,38.29168927426141
T6_plain,US06,0,r0_scale,r0_scale_2,20.0,>65,13.803592256399284,15.608221142030876,13.802079827259707
T6_plain,US06,0,r0_scale,r0_scale_2,25.0,35-65,35.060742071177245,35.58129835925454,35.060742071177245
T6_plain,US06,0,r0_scale,r0_scale_2,25.0,<=35,38.909415513491844,41.09459846300777,38.909415513491844
T6_plain,US06,0,r0_scale,r0_scale_2,25.0,>65,14.201510116739007,16.10546398874847,14.199910189749021
T6_plain,US06,0,r0_scale,r0_scale_2,30.0,35-65,34.90973779474258,35.4639427680657,34.90973779474258
T6_plain,US06,0,r0_scale,r0_scale_2,30.0,<=35,37.755054349875415,40.02135837644556,37.755054349875415
T6_plain,US06,0,r0_scale,r0_scale_2,30.0,>65,14.074498310058171,15.976655127611995,14.072769478139483
T6_plain,US06,0,r0_scale,r0_scale_2,40.0,35-65,35.210715183790825,35.79454350385861,35.210715183790825
T6_plain,US06,0,r0_scale,r0_scale_2,40.0,<=35,36.220207347901116,39.08778989586413,36.220207347901116
T6_plain,US06,0,r0_scale,r0_scale_2,40.0,>65,14.08053907695973,16.025941893202848,14.078390067112622
T6_plain,US06,0,r0_scale,r0_scale_2,50.0,35-65,35.68480087559167,36.27555267429513,35.68480087559167
T6_plain,US06,0,r0_scale,r0_scale_2,50.0,<=35,36.19955614111803,39.04099991558318,36.19955614111803
T6_plain,US06,0,r0_scale,r0_scale_2,50.0,>65,14.009700826396601,15.998674919156016,14.006845710972103
T6_plain,US06,1,baseline,unperturbed,-10.0,35-65,3.1466916792723794,3.1904776635186205,-3.1466916792723794
T6_plain,US06,1,baseline,unperturbed,-10.0,<=35,2.219261659137577,2.255403699355564,-2.219261659137577
T6_plain,US06,1,baseline,unperturbed,-10.0,>65,1.3582991474747474,1.4870744050095335,-1.3581626917171716
T6_plain,US06,1,baseline,unperturbed,0.0,35-65,1.2911168286948178,1.371023733718866,-1.2911168286948178
T6_plain,US06,1,baseline,unperturbed,0.0,<=35,0.8682471206753556,0.9499221954400816,-0.8682471206753556
T6_plain,US06,1,baseline,unperturbed,0.0,>65,0.6158547798537775,0.7016003912334627,-0.6047417944760358
T6_plain,US06,1,baseline,unperturbed,10.0,35-65,0.9711340524038461,1.1089073540592245,-0.9706981947115384
T6_plain,US06,1,baseline,unperturbed,10.0,<=35,0.7335619630376344,0.8501508516499222,-0.5903500820340501
T6_plain,US06,1,baseline,unperturbed,10.0,>65,0.4862896741200827,0.5830825085704462,-0.47254946128364383
T6_plain,US06,1,baseline,unperturbed,20.0,35-65,0.5224036983824929,0.6606712895896861,-0.4604221294005709
T6_plain,US06,1,baseline,unperturbed,20.0,<=35,0.44516133175166295,0.5082388394341801,-0.4171822539689578
T6_plain,US06,1,baseline,unperturbed,20.0,>65,0.38435023073836294,0.5158913110112441,-0.34327430056179786
T6_plain,US06,1,baseline,unperturbed,25.0,35-65,0.4184900790229885,0.48414643198147517,-0.1631978836206897
T6_plain,US06,1,baseline,unperturbed,25.0,<=35,0.3549339398886033,0.3946834083957153,-0.16857198581833766
T6_plain,US06,1,baseline,unperturbed,25.0,>65,0.3454479267900242,0.43795981696373604,-0.10406085760257446
T6_plain,US06,1,baseline,unperturbed,30.0,35-65,0.3887537607699358,0.44620964182601996,-0.08471795967002754
T6_plain,US06,1,baseline,unperturbed,30.0,<=35,0.21638906381203338,0.25852922404807205,-0.13651142569169958
T6_plain,US06,1,baseline,unperturbed,30.0,>65,0.3910300589414597,0.5040880918252179,-0.1738489370489175
T6_plain,US06,1,baseline,unperturbed,40.0,35-65,0.3807568074141049,0.4770622905898965,0.2054931636528029
T6_plain,US06,1,baseline,unperturbed,40.0,<=35,0.1743884925957088,0.21310277305608757,0.03256969545645777
T6_plain,US06,1,baseline,unperturbed,40.0,>65,0.4771575063846768,0.5711720590567652,0.029535566241021584
T6_plain,US06,1,baseline,unperturbed,50.0,35-65,0.4222432650384441,0.5182831651925627,0.3734819154228855
T6_plain,US06,1,baseline,unperturbed,50.0,<=35,0.2285321042916667,0.2864171811307857,0.11570768279166668
T6_plain,US06,1,baseline,unperturbed,50.0,>65,0.49446562674650696,0.5930187650788264,0.06296759560878241
T6_plain,US06,1,r0_scale,r0_scale_0.5,-10.0,35-65,20.56609697962528,21.10512286512894,-20.56609697962528
T6_plain,US06,1,r0_scale,r0_scale_0.5,-10.0,<=35,10.618304347965859,10.70694071231059,-10.618304347965859
T6_plain,US06,1,r0_scale,r0_scale_0.5,-10.0,>65,16.250812231664803,17.853889109490353,-16.250812231664803
T6_plain,US06,1,r0_scale,r0_scale_0.5,0.0,35-65,22.93133233844358,23.246792709263794,-22.93133233844358
T6_plain,US06,1,r0_scale,r0_scale_0.5,0.0,<=35,8.024140148486003,9.053374947212992,-8.024140148486003
T6_plain,US06,1,r0_scale,r0_scale_0.5,0.0,>65,13.665265785612164,15.152465453550121,-13.665265785612164
T6_plain,US06,1,r0_scale,r0_scale_0.5,10.0,35-65,24.864343663664364,25.10296034804603,-24.864343663664364
T6_plain,US06,1,r0_scale,r0_scale_0.5,10.0,<=35,8.685395222133948,10.210539092361136,-8.603501440464266
T6_plain,US06,1,r0_scale,r0_scale_0.5,10.0,>65,13.090609307164096,14.5465274296307,-13.090609307164096
T6_plain,US06,1,r0_scale,r0_scale_0.5,20.0,35-65,24.421997117993545,24.718547367022136,-24.421997117993545
T6_plain,US06,1,r0_scale,r0_scale_0.5,20.0,<=35,9.466512630944736,10.573869634001069,-9.466512630944736
T6_plain,US06,1,r0_scale,r0_scale_0.5,20.0,>65,13.285200481242162,14.673784933593245,-13.285200481242162
T6_plain,US06,1,r0_scale,r0_scale_0.5,25.0,35-65,24.667689463487147,25.022374664582216,-24.667689463487147
T6_plain,US06,1,r0_scale,r0_scale_0.5,25.0,<=35,9.19903648217849,10.4026404758757,-9.190996704687626
T6_plain,US06,1,r0_scale,r0_scale_0.5,25.0,>65,13.556950618136666,14.976545306897721,-13.556950618136666
T6_plain,US06,1,r0_scale,r0_scale_0.5,30.0,35-65,23.880485671662274,24.345487973441166,-23.880485671662274
T6_plain,US06,1,r0_scale,r0_scale_0.5,30.0,<=35,8.946724512838701,9.990563521130095,-8.946418146012856
T6_plain,US06,1,r0_scale,r0_scale_0.5,30.0,>65,13.821829881184712,15.246798849686273,-13.821829881184712
T6_plain,US06,1,r0_scale,r0_scale_0.5,40.0,35-65,23.072723293840678,23.700507548483092,-23.072723293840678
T6_plain,US06,1,r0_scale,r0_scale_0.5,40.0,<=35,8.254471735091416,9.361899871947559,-8.254471735091416
T6_plain,US06,1,r0_scale,r0_scale_0.5,40.0,>65,14.13863720562213,15.68102489373088,-14.13863720562213
T6_plain,US06,1,r0_scale,r0_scale_0.5,50.0,35-65,22.678645303884117,23.414860275198393,-22.678645303884117
T6_plain,US06,1,r0_scale,r0_scale_0.5,50.0,<=35,8.17076043386667,9.319986698447273,-8.170678750576634
T6_plain,US06,1,r0_scale,r0_scale_0.5,50.0,>65,14.487449837088118,16.130547508666282,-14.487449837088118
T6_plain,US06,1,r0_scale,r0_scale_0.8,-10.0,35-65,11.88306780935728,12.117800238760406,-11.88306780935728
T6_plain,US06,1,r0_scale,r0_scale_0.8,-10.0,<=35,6.0766187734901145,6.132825309108892,-6.0766187734901145
T6_plain,US06,1,r0_scale,r0_scale_0.8,-10.0,>65,6.888714633579304,7.592767726667454,-6.888714633579304
T6_plain,US06,1,r0_scale,r0_scale_0.8,0.0,35-65,11.534354959383508,11.620652582254282,-11.534354959383508
T6_plain,US06,1,r0_scale,r0_scale_0.8,0.0,<=35,4.49603054779796,5.057187260330937,-4.49603054779796
T6_plain,US06,1,r0_scale,r0_scale_0.8,0.0,>65,5.237952443829564,5.705277515906579,-5.237952443829564
T6_plain,US06,1,r0_scale,r0_scale_0.8,10.0,35-65,12.00492257637872,12.090869042529036,-12.00492257637872
T6_plain,US06,1,r0_scale,r0_scale_0.8,10.0,<=35,4.793829221649961,5.581853573128678,-4.718147213461728
T6_plain,US06,1,r0_scale,r0_scale_0.8,10.0,>65,4.906620549902666,5.332738237967961,-4.906620279645185
T6_plain,US06,1,r0_scale,r0_scale_0.8,20.0,35-65,11.58206206085186,11.68969449875169,-11.58206206085186
T6_plain,US06,1,r0_scale,r0_scale_0.8,20.0,<=35,4.772994062346226,5.3128792109763605,-4.772994062346226
T6_plain,US06,1,r0_scale,r0_scale_0.8,20.0,>65,4.831121294087001,5.182613913898179,-4.830848015860188
T6_plain,US06,1,r0_scale,r0_scale_0.8,25.0,35-65,11.740734925799972,11.877853773413811,-11.740734925799972
T6_plain,US06,1,r0_scale,r0_scale_0.8,25.0,<=35,4.529707095318728,5.1409264308824785,-4.51642035011305
T6_plain,US06,1,r0_scale,r0_scale_0.8,25.0,>65,4.726657994955687,5.079878247245876,-4.726133437691477
T6_plain,US06,1,r0_scale,r0_scale_0.8,30.0,35-65,11.474889531528694,11.665758464986592,-11.474889531528694
T6_plain,US06,1,r0_scale,r0_scale_0.8,30.0,<=35,4.28766252358305,4.765690958094533,-4.2862093284136416
T6_plain,US06,1,r0_scale,r0_scale_0.8,30.0,>65,4.786132233060444,5.1248488127802005,-4.7857637519904825
T6_plain,US06,1,r0_scale,r0_scale_0.8,40.0,35-65,11.419089145882984,11.753920591748283,-11.419089145882984
T6_plain,US06,1,r0_scale,r0_scale_0.8,40.0,<=35,3.840396584783328,4.332410380883915,-3.8402059310328447
T6_plain,US06,1,r0_scale,r0_scale_0.8,40.0,>65,4.609759019295353,4.940361103199433,-4.609589806314747
T6_plain,US06,1,r0_scale,r0_scale_0.8,50.0,35-65,11.449427988581668,11.9071398287692,-11.449427988581668
T6_plain,US06,1,r0_scale,r0_scale_0.8,50.0,<=35,3.7687282380209823,4.261383170961938,-3.761453012978221
T6_plain,US06,1,r0_scale,r0_scale_0.8,50.0,>65,4.623386676464022,4.960090796673378,-4.623386676464022
T6_plain,US06,1,r0_scale,r0_scale_1.2,-10.0,35-65,7.066164496376714,7.1503327627804305,7.066164496376714
T6_plain,US06,1,r0_scale,r0_scale_1.2,-10.0,<=35,2.902251765102958,2.932724795238302,2.902251765102958
T6_plain,US06,1,r0_scale,r0_scale_1.2,-10.0,>65,3.2741519940698427,3.6765895938257485,3.2714644660719934
T6_plain,US06,1,r0_scale,r0_scale_1.2,0.0,35-65,9.30579876651652,9.394851709986854,9.30579876651652
T6_plain,US06,1,r0_scale,r0_scale_1.2,0.0,<=35,4.350775006738604,5.054536282312383,4.350775006738604
T6_plain,US06,1,r0_scale,r0_scale_1.2,0.0,>65,3.376584126161366,3.799103706150957,3.375000286769938
T6_plain,US06,1,r0_scale,r0_scale_1.2,10.0,35-65,9.996970638789263,10.14178141537863,9.996970638789263
T6_plain,US06,1,r0_scale,r0_scale_1.2,10.0,<=35,5.392848828058633,6.176164722602691,5.392848828058633
T6_plain,US06,1,r0_scale,r0_scale_1.2,10.0,>65,3.3349937139580708,3.715468200913758,3.3339865076434716
T6_plain,US06,1,r0_scale,r0_scale_1.2,20.0,35-65,10.824756070602692,11.007082723012031,10.824756070602692
T6_plain,US06,1,r0_scale,r0_scale_1.2,20.0,<=35,5.504412091337954,6.327159167197212,5.504412091337954
T6_plain,US06,1,r0_scale,r0_scale_1.2,20.0,>65,3.4415696075384097,3.823626387397149,3.4405810607631917
T6_plain,US06,1,r0_scale,r0_scale_1.2,25.0,35-65,11.604845932546175,11.830393858053649,11.604845932546175
T6_plain,US06,1,r0_scale,r0_scale_1.2,25.0,<=35,5.900487806502093,6.755789660715551,5.900487806502093
T6_plain,US06,1,r0_scale,r0_scale_1.2,25.0,>65,3.729475169022491,4.121361977068726,3.7285481559725433
T6_plain,US06,1,r0_scale,r0_scale_1.2,30.0,35-65,11.732505744360441,11.976461667822715,11.732505744360441
T6_plain,US06,1,r0_scale,r0_scale_1.2,30.0,<=35,5.446167004285852,6.224520180905024,5.446167004285852
T6_plain,US06,1,r0_scale,r0_scale_1.2,30.0,>65,3.589556522804401,3.9770270532897776,3.588477976168879
T6_plain,US06,1,r0_scale,r0_scale_1.2,40.0,35-65,12.595252170654891,12.921019020590935,12.595252170654891
T6_plain,US06,1,r0_scale,r0_scale_1.2,40.0,<=35,5.150841792807358,5.974372928532584,5.150841792807358
T6_plain,US06,1,r0_scale,r0_scale_1.2,40.0,>65,3.748711492239566,4.161209390761024,3.7470826643861557
T6_plain,US06,1,r0_scale,r0_scale_1.2,50.0,35-65,13.118589790824254,13.530584637196743,13.118589790824254
T6_plain,US06,1,r0_scale,r0_scale_1.2,50.0,<=35,5.200787591705536,6.00261619691577,5.200787591705536
T6_plain,US06,1,r0_scale,r0_scale_1.2,50.0,>65,3.8002178841695824,4.235915306216257,3.79738931191871
T6_plain,US06,1,r0_scale,r0_scale_1.5,-10.0,35-65,21.11266193322246,21.232123906749184,21.11266193322246
T6_plain,US06,1,r0_scale,r0_scale_1.5,-10.0,<=35,15.589571765684877,15.73790868230552,15.589571765684877
T6_plain,US06,1,r0_scale,r0_scale_1.5,-10.0,>65,8.851338244083363,9.907934099203494,8.849206380397284
T6_plain,US06,1,r0_scale,r0_scale_1.5,0.0,35-65,21.99518052427835,22.273996952298564,21.99518052427835
T6_plain,US06,1,r0_scale,r0_scale_1.5,0.0,<=35,15.912667424955924,17.901919725480525,15.912667424955924
T6_plain,US06,1,r0_scale,r0_scale_1.5,0.0,>65,8.427314082418683,9.406013761718691,8.426041178282476
T6_plain,US06,1,r0_scale,r0_scale_1.5,10.0,35-65,22.156066760290727,22.576982781887455,22.156066760290727
T6_plain,US06,1,r0_scale,r0_scale_1.5,10.0,<=35,17.69415475270436,19.985924074190223,17.69415475270436
T6_plain,US06,1,r0_scale,r0_scale_1.5,10.0,>65,8.098235357609555,8.976752488099027,8.097361166982319
T6_plain,US06,1,r0_scale,r0_scale_1.5,20.0,35-65,22.504575824292193,23.028115917965646,22.504575824292193
T6_plain,US06,1,r0_scale,r0_scale_1.5,20.0,<=35,17.9084582193773,20.294234986917548,17.9084582193773
T6_plain,US06,1,r0_scale,r0_scale_1.5,20.0,>65,8.131046905170024,8.992329250034807,8.130168679960695
T6_plain,US06,1,r0_scale,r0_scale_1.5,25.0,35-65,23.126375568652904,23.702323774842668,23.126375568652904
T6_plain,US06,1,r0_scale,r0_scale_1.5,25.0,<=35,18.619336748226875,21.109755688579884,18.619336748226875
T6_plain,US06,1,r0_scale,r0_scale_1.5,25.0,>65,8.460493848450284,9.359824417811188,8.459651610180302
T6_plain,US06,1,r0_scale,r0_scale_1.5,30.0,35-65,23.061090725860506,23.693079724577444,23.061090725860506
T6_plain,US06,1,r0_scale,r0_scale_1.5,30.0,<=35,17.596862622752017,20.10342291114075,17.596862622752017
T6_plain,US06,1,r0_scale,r0_scale_1.5,30.0,>65,8.235367055013434,9.11055691095932,8.234413045182688
T6_plain,US06,1,r0_scale,r0_scale_1.5,40.0,35-65,23.522594765833762,24.228001437231846,23.522594765833762
T6_plain,US06,1,r0_scale,r0_scale_1.5,40.0,<=35,16.65491968874716,19.45246704194585,16.65491968874716
T6_plain,US06,1,r0_scale,r0_scale_1.5,40.0,>65,8.282063372072997,9.187210735752311,8.28083364388503
T6_plain,US06,1,r0_scale,r0_scale_1.5,50.0,35-65,23.78177269691296,24.513108017475535,23.78177269691296
T6_plain,US06,1,r0_scale,r0_scale_1.5,50.0,<=35,16.55227345332609,19.27285919452464,16.55227345332609
T6_plain,US06,1,r0_scale,r0_scale_1.5,50.0,>65,8.292688897241595,9.24332966613512,8.290934608106122
T6_plain,US06,1,r0_scale,r0_scale_2,-10.0,35-65,37.312150359629996,37.6564331571095,37.312150359629996
T6_plain,US06,1,r0_scale,r0_scale_2,-10.0,<=35,39.64310574372606,39.71010833130069,39.64310574372606
T6_plain,US06,1,r0_scale,r0_scale_2,-10.0,>65,14.48801902194315,16.56016381555589,14.47804774682801
T6_plain,US06,1,r0_scale,r0_scale_2,0.0,35-65,36.59684616513955,37.04403985185712,36.59684616513955
T6_plain,US06,1,r0_scale,r0_scale_2,0.0,<=35,36.27281416064925,38.12970106872442,36.27281416064925
T6_plain,US06,1,r0_scale,r0_scale_2,0.0,>65,14.005603273414488,15.925942921109016,14.002987129749693
T6_plain,US06,1,r0_scale,r0_scale_2,10.0,35-65,35.28626125063635,35.79878495480116,35.28626125063635
T6_plain,US06,1,r0_scale,r0_scale_2,10.0,<=35,37.54669715723038,40.13660905154131,37.54669715723038
T6_plain,US06,1,r0_scale,r0_scale_2,10.0,>65,13.616279213453204,15.415783142472188,13.615059115829077
T6_plain,US06,1,r0_scale,r0_scale_2,20.0,35-65,34.82039193681413,35.36439891949712,34.82039193681413
T6_plain,US06,1,r0_scale,r0_scale_2,20.0,<=35,37.92251471816096,40.36763876713054,37.92251471816096
T6_plain,US06,1,r0_scale,r0_scale_2,20.0,>65,13.502707753646266,15.270063343138094,13.501596364265497
T6_plain,US06,1,r0_scale,r0_scale_2,25.0,35-65,35.26988121877221,35.82651252825938,35.26988121877221
T6_plain,US06,1,r0_scale,r0_scale_2,25.0,<=35,38.570077917612124,41.169512044981,38.570077917612124
T6_plain,US06,1,r0_scale,r0_scale_2,25.0,>65,13.771019151881703,15.616023578085017,13.769832731515445
T6_plain,US06,1,r0_scale,r0_scale_2,30.0,35-65,34.95937855340733,35.55920838910544,34.95937855340733
T6_plain,US06,1,r0_scale,r0_scale_2,30.0,<=35,37.23976726407715,39.92581833733616,37.23976726407715
T6_plain,US06,1,r0_scale,r0_scale_2,30.0,>65,13.528228733716787,15.354805213382045,13.526910404177832
T6_plain,US06,1,r0_scale,r0_scale_2,40.0,35-65,34.96914862525559,35.60370771656772,34.96914862525559
T6_plain,US06,1,r0_scale,r0_scale_2,40.0,<=35,35.62098682383042,38.89034404717913,35.62098682383042
T6_plain,US06,1,r0_scale,r0_scale_2,40.0,>65,13.397960619364344,15.257861029840562,13.396097344275118
T6_plain,US06,1,r0_scale,r0_scale_2,50.0,35-65,35.202514275799665,35.845216713041765,35.202514275799665
T6_plain,US06,1,r0_scale,r0_scale_2,50.0,<=35,35.6936746534157,38.89363221057371,35.6936746534157
T6_plain,US06,1,r0_scale,r0_scale_2,50.0,>65,13.281361839086376,15.187371385527543,13.278080417938328
T6_plain,US06,2,baseline,unperturbed,-10.0,35-65,3.1271794700813786,3.1792491754389305,-3.1271794700813786
T6_plain,US06,2,baseline,unperturbed,-10.0,<=35,2.2681008008213555,2.295539914185778,-2.2681008008213555
T6_plain,US06,2,baseline,unperturbed,-10.0,>65,1.191264679191919,1.3269750306837529,-1.1897220173737373
T6_plain,US06,2,baseline,unperturbed,0.0,35-65,1.3055023061420346,1.3773027272319018,-1.3055023061420346
T6_plain,US06,2,baseline,unperturbed,0.0,<=35,1.06040464792654,1.1195400990778548,-1.06040464792654
T6_plain,US06,2,baseline,unperturbed,0.0,>65,0.5400698935824534,0.6244924204945315,-0.530754461413485
T6_plain,US06,2,baseline,unperturbed,10.0,35-65,0.76380361875,0.9100885483071421,-0.7578833485576925
T6_plain,US06,2,baseline,unperturbed,10.0,<=35,0.662756176030466,0.7672938709601944,-0.5627457197580645
T6_plain,US06,2,baseline,unperturbed,10.0,>65,0.4384046629399584,0.5337494338102831,-0.4288279573498963
T6_plain,US06,2,baseline,unperturbed,20.0,35-65,0.5001051194100856,0.5880317703074599,-0.24242995004757387
T6_plain,US06,2,baseline,unperturbed,20.0,<=35,0.44957143804878047,0.5115813165431897,-0.4060392439911308
T6_plain,US06,2,baseline,unperturbed,20.0,>65,0.36719278651685394,0.4945786772444136,-0.3456575345104334
T6_plain,US06,2,baseline,unperturbed,25.0,35-65,0.3599039272030652,0.40606357069750815,-0.020737313218390886
T6_plain,US06,2,baseline,unperturbed,25.0,<=35,0.3017020098114825,0.34929190907250135,-0.09810994228791772
T6_plain,US06,2,baseline,unperturbed,25.0,>65,0.2988985748189863,0.39136691485334046,-0.06622961504424778
T6_plain,US06,2,baseline,unperturbed,30.0,35-65,0.4143645760769935,0.4784646552261061,-0.07660629376718621
T6_plain,US06,2,baseline,unperturbed,30.0,<=35,0.2530125190601669,0.3021992394480922,-0.17239994918752743
T6_plain,US06,2,baseline,unperturbed,30.0,>65,0.33951745589414606,0.4427120346753766,-0.13053371892542107
T6_plain,US06,2,baseline,unperturbed,40.0,35-65,0.4099498435804702,0.5014260060782363,0.3654988598553346
T6_plain,US06,2,baseline,unperturbed,40.0,<=35,0.21739431009676063,0.26916950188472877,0.055165512789230146
T6_plain,US06,2,baseline,unperturbed,40.0,>65,0.40882298164405423,0.49416268353658904,0.029139984836392553
T6_plain,US06,2,baseline,unperturbed,50.0,35-65,0.6209145115332428,0.6913672315006637,0.6150226553595658
T6_plain,US06,2,baseline,unperturbed,50.0,<=35,0.2559994487083334,0.3094062599719945,0.15284912845833337
T6_plain,US06,2,baseline,unperturbed,50.0,>65,0.43830284870259484,0.5268084760892773,0.11857639041916165
T6_plain,US06,2,r0_scale,r0_scale_0.5,-10.0,35-65,20.35032262521673,20.920715691431713,-20.35032262521673
T6_plain,US06,2,r0_scale,r0_scale_0.5,-10.0,<=35,10.018966034818098,10.069459689750001,-10.018966034818098
T6_plain,US06,2,r0_scale,r0_scale_0.5,-10.0,>65,16.068496969987745,17.68889622898255,-16.068496969987745
T6_plain,US06,2,r0_scale,r0_scale_0.5,0.0,35-65,22.781180994316554,23.157112106448977,-22.781180994316554
T6_plain,US06,2,r0_scale,r0_scale_0.5,0.0,<=35,7.43884135259737,8.37365128452906,-7.43884135259737
T6_plain,US06,2,r0_scale,r0_scale_0.5,0.0,>65,13.967890977104698,15.424643443587952,-13.967890977104698
T6_plain,US06,2,r0_scale,r0_scale_0.5,10.0,35-65,24.76609226056988,25.015718660261015,-24.76609226056988
T6_plain,US06,2,r0_scale,r0_scale_0.5,10.0,<=35,8.502154866144533,10.063698430520926,-8.447091128270996
T6_plain,US06,2,r0_scale,r0_scale_0.5,10.0,>65,13.6015013002642,15.000504960719274,-13.6015013002642
T6_plain,US06,2,r0_scale,r0_scale_0.5,20.0,35-65,24.347631668627827,24.665231981170017,-24.347631668627827
T6_plain,US06,2,r0_scale,r0_scale_0.5,20.0,<=35,9.3185412318989,10.352576321559702,-9.3185412318989
T6_plain,US06,2,r0_scale,r0_scale_0.5,20.0,>65,13.944996383182081,15.265736852506064,-13.944996383182081
T6_plain,US06,2,r0_scale,r0_scale_0.5,25.0,35-65,24.506801261398373,24.914728967466157,-24.506801261398373
T6_plain,US06,2,r0_scale,r0_scale_0.5,25.0,<=35,9.076649799523265,10.175998977117958,-9.071165568260604
T6_plain,US06,2,r0_scale,r0_scale_0.5,25.0,>65,14.233508880184084,15.651163072476093,-14.233508880184084
T6_plain,US06,2,r0_scale,r0_scale_0.5,30.0,35-65,23.8756996180974,24.373626888209106,-23.8756996180974
T6_plain,US06,2,r0_scale,r0_scale_0.5,30.0,<=35,9.008831974577,9.994408344230155,-9.00877937807886
T6_plain,US06,2,r0_scale,r0_scale_0.5,30.0,>65,14.34535140590503,15.745789637174191,-14.34535140590503
T6_plain,US06,2,r0_scale,r0_scale_0.5,40.0,35-65,23.089251000311563,23.700533848836624,-23.089251000311563
T6_plain,US06,2,r0_scale,r0_scale_0.5,40.0,<=35,8.377026523945567,9.432701554426087,-8.377026523945567
T6_plain,US06,2,r0_scale,r0_scale_0.5,40.0,>65,14.325555062136155,15.707050081385203,-14.325555062136155
T6_plain,US06,2,r0_scale,r0_scale_0.5,50.0,35-65,22.610968946083865,23.310811297999727,-22.610968946083865
T6_plain,US06,2,r0_scale,r0_scale_0.5,50.0,<=35,8.27020157180999,9.38379987225801,-8.27014785465989
T6_plain,US06,2,r0_scale,r0_scale_0.5,50.0,>65,14.526080629330918,15.973880471742303,-14.526080629330918
T6_plain,US06,2,r0_scale,r0_scale_0.8,-10.0,35-65,11.854520601291204,12.089868028428372,-11.854520601291204
T6_plain,US06,2,r0_scale,r0_scale_0.8,-10.0,<=35,5.956897697897525,5.995715066831035,-5.956897697897525
T6_plain,US06,2,r0_scale,r0_scale_0.8,-10.0,>65,6.580172772131884,7.286573351314083,-6.580172772131884
T6_plain,US06,2,r0_scale,r0_scale_0.8,0.0,35-65,11.534852425068603,11.620836232613366,-11.534852425068603
T6_plain,US06,2,r0_scale,r0_scale_0.8,0.0,<=35,4.375046112398681,4.913636997965452,-4.375046112398681
T6_plain,US06,2,r0_scale,r0_scale_0.8,0.0,>65,5.259944795274778,5.746052854264818,-5.259944795274778
T6_plain,US06,2,r0_scale,r0_scale_0.8,10.0,35-65,11.76070814764669,11.850987596657093,-11.76070814764669
T6_plain,US06,2,r0_scale,r0_scale_0.8,10.0,<=35,4.757503241608432,5.532713244662195,-4.700487174208329
T6_plain,US06,2,r0_scale,r0_scale_0.8,10.0,>65,4.9870516533303775,5.411666416804155,-4.986948834979367
T6_plain,US06,2,r0_scale,r0_scale_0.8,20.0,35-65,11.3826354509106,11.510405558792687,-11.3826354509106
T6_plain,US06,2,r0_scale,r0_scale_0.8,20.0,<=35,4.732154043466942,5.2518570875164405,-4.732154043466942
T6_plain,US06,2,r0_scale,r0_scale_0.8,20.0,>65,4.975807399284056,5.339392341131105,-4.9754254153543656
T6_plain,US06,2,r0_scale,r0_scale_0.8,25.0,35-65,11.618602580793588,11.766734002082565,-11.618602580793588
T6_plain,US06,2,r0_scale,r0_scale_0.8,25.0,<=35,4.435703886659635,4.993009030870983,-4.421331942236951
T6_plain,US06,2,r0_scale,r0_scale_0.8,25.0,>65,4.86598136405237,5.255241560647258,-4.865413008946174
T6_plain,US06,2,r0_scale,r0_scale_0.8,30.0,35-65,11.455121910595867,11.651020288726512,-11.455121910595867
T6_plain,US06,2,r0_scale,r0_scale_0.8,30.0,<=35,4.346660282515481,4.807097661264849,-4.345293629237449
T6_plain,US06,2,r0_scale,r0_scale_0.8,30.0,>65,4.907895027554155,5.264821540737401,-4.907494977633625
T6_plain,US06,2,r0_scale,r0_scale_0.8,40.0,35-65,11.228715895789989,11.525689330750376,-11.228715895789989
T6_plain,US06,2,r0_scale,r0_scale_0.8,40.0,<=35,3.8645199339123573,4.360909571316686,-3.8645199339123573
T6_plain,US06,2,r0_scale,r0_scale_0.8,40.0,>65,4.7479749402861176,5.069476964617752,-4.7478013016031
T6_plain,US06,2,r0_scale,r0_scale_0.8,50.0,35-65,11.294182267268447,11.695108405290492,-11.294182267268447
T6_plain,US06,2,r0_scale,r0_scale_0.8,50.0,<=35,3.781581995360406,4.283564384948521,-3.776361686375176
T6_plain,US06,2,r0_scale,r0_scale_0.8,50.0,>65,4.666017281819016,4.970129446662152,-4.666017281819016
T6_plain,US06,2,r0_scale,r0_scale_1.2,-10.0,35-65,7.034777904501007,7.119356727591489,7.034777904501007
T6_plain,US06,2,r0_scale,r0_scale_1.2,-10.0,<=35,2.758567339709789,2.790386715628973,2.758567339709789
T6_plain,US06,2,r0_scale,r0_scale_1.2,-10.0,>65,3.221609909202597,3.6504683290175093,3.220430494786414
T6_plain,US06,2,r0_scale,r0_scale_1.2,0.0,35-65,9.282936381094357,9.358532907466962,9.282936381094357
T6_plain,US06,2,r0_scale,r0_scale_1.2,0.0,<=35,4.088444580869721,4.923763284300852,4.080736747536193
T6_plain,US06,2,r0_scale,r0_scale_1.2,0.0,>65,3.394299817088191,3.8363163693285043,3.393264406420208
T6_plain,US06,2,r0_scale,r0_scale_1.2,10.0,35-65,9.960771636190922,10.101680627183063,9.960771636190922
T6_plain,US06,2,r0_scale,r0_scale_1.2,10.0,<=35,5.496660114014511,6.3121667765529965,5.496660114014511
T6_plain,US06,2,r0_scale,r0_scale_1.2,10.0,>65,3.3630375216719917,3.746010242860095,3.362415405738075
T6_plain,US06,2,r0_scale,r0_scale_1.2,20.0,35-65,10.907588398748477,11.082520677715994,10.907588398748477
T6_plain,US06,2,r0_scale,r0_scale_1.2,20.0,<=35,5.618286177560159,6.457420167256594,5.618286177560159
T6_plain,US06,2,r0_scale,r0_scale_1.2,20.0,>65,3.443329933712066,3.819532184400029,3.4425204959252844
T6_plain,US06,2,r0_scale,r0_scale_1.2,25.0,35-65,11.786144141650675,11.997755699001758,11.786144141650675
T6_plain,US06,2,r0_scale,r0_scale_1.2,25.0,<=35,5.952210233232482,6.814355036205476,5.952210233232482
T6_plain,US06,2,r0_scale,r0_scale_1.2,25.0,>65,3.8231334990374872,4.21858863011653,3.8222839907824584
T6_plain,US06,2,r0_scale,r0_scale_1.2,30.0,35-65,11.878588488676924,12.092613578152392,11.878588488676924
T6_plain,US06,2,r0_scale,r0_scale_1.2,30.0,<=35,5.420461910120894,6.207874122150673,5.420461910120894
T6_plain,US06,2,r0_scale,r0_scale_1.2,30.0,>65,3.7329824764742447,4.126223527481931,3.7319382327997164
T6_plain,US06,2,r0_scale,r0_scale_1.2,40.0,35-65,12.650901271203427,12.951077934436833,12.650901271203427
T6_plain,US06,2,r0_scale,r0_scale_1.2,40.0,<=35,5.314189857205267,6.19895628431215,5.314131618727159
T6_plain,US06,2,r0_scale,r0_scale_1.2,40.0,>65,3.894188384302661,4.302527134322314,3.8925908432668215
T6_plain,US06,2,r0_scale,r0_scale_1.2,50.0,35-65,13.179920487445221,13.570270757909212,13.179920487445221
T6_plain,US06,2,r0_scale,r0_scale_1.2,50.0,<=35,5.375203938181018,6.224121542264993,5.375203938181018
T6_plain,US06,2,r0_scale,r0_scale_1.2,50.0,>65,3.985025610070716,4.416176978906354,3.9823926377674703
T6_plain,US06,2,r0_scale,r0_scale_1.5,-10.0,35-65,20.86026802225885,20.983946500744356,20.86026802225885
T6_plain,US06,2,r0_scale,r0_scale_1.5,-10.0,<=35,15.46545312793998,15.614725019675209,15.46545312793998
T6_plain,US06,2,r0_scale,r0_scale_1.5,-10.0,>65,8.426907541699787,9.465332085841995,8.42620652635762
T6_plain,US06,2,r0_scale,r0_scale_1.5,0.0,35-65,21.87063113905379,22.169102673016003,21.87063113905379
T6_plain,US06,2,r0_scale,r0_scale_1.5,0.0,<=35,15.627470096621186,17.75247156231857,15.627470096621186
T6_plain,US06,2,r0_scale,r0_scale_1.5,0.0,>65,8.180391970281136,9.146150518641686,8.179829952805372
T6_plain,US06,2,r0_scale,r0_scale_1.5,10.0,35-65,21.958367653061018,22.389825008812892,21.958367653061018
T6_plain,US06,2,r0_scale,r0_scale_1.5,10.0,<=35,17.722339677553194,19.987331153192848,17.722339677553194
T6_plain,US06,2,r0_scale,r0_scale_1.5,10.0,>65,8.07379499491272,8.961708718975403,8.073247706871983
T6_plain,US06,2,r0_scale,r0_scale_1.5,20.0,35-65,22.58705930080032,23.137227664009455,22.58705930080032
T6_plain,US06,2,r0_scale,r0_scale_1.5,20.0,<=35,18.142918260898963,20.45043431396685,18.142918260898963
T6_plain,US06,2,r0_scale,r0_scale_1.5,20.0,>65,8.184320372007862,9.049366359345397,8.183587285858517
T6_plain,US06,2,r0_scale,r0_scale_1.5,25.0,35-65,23.436623165648488,24.052991095682227,23.436623165648488
T6_plain,US06,2,r0_scale,r0_scale_1.5,25.0,<=35,18.618973537370675,21.09780384190083,18.618973537370675
T6_plain,US06,2,r0_scale,r0_scale_1.5,25.0,>65,8.652377269460633,9.5822456975247,8.651571572521629
T6_plain,US06,2,r0_scale,r0_scale_1.5,30.0,35-65,23.552372042623826,24.215910043428618,23.552372042623826
T6_plain,US06,2,r0_scale,r0_scale_1.5,30.0,<=35,17.469183757604814,19.974086311419512,17.469183757604814
T6_plain,US06,2,r0_scale,r0_scale_1.5,30.0,>65,8.536731472460582,9.459702146485029,8.535742075538526
T6_plain,US06,2,r0_scale,r0_scale_1.5,40.0,35-65,23.951967872350483,24.67328144598072,23.951967872350483
T6_plain,US06,2,r0_scale,r0_scale_1.5,40.0,<=35,16.676984230481295,19.481768894861798,16.676984230481295
T6_plain,US06,2,r0_scale,r0_scale_1.5,40.0,>65,8.675655272823008,9.63925672575993,8.67423072842714
T6_plain,US06,2,r0_scale,r0_scale_1.5,50.0,35-65,24.137509300212034,24.87615917125429,24.137509300212034
T6_plain,US06,2,r0_scale,r0_scale_1.5,50.0,<=35,16.64371392669883,19.36941216261641,16.64371392669883
T6_plain,US06,2,r0_scale,r0_scale_1.5,50.0,>65,8.754652089129456,9.770892619730132,8.752585590218587
T6_plain,US06,2,r0_scale,r0_scale_2,-10.0,35-65,36.289034843065096,36.6220634606909,36.289034843065096
T6_plain,US06,2,r0_scale,r0_scale_2,-10.0,<=35,38.86814859895161,38.918916156711674,38.86814859895161
T6_plain,US06,2,r0_scale,r0_scale_2,-10.0,>65,14.149340704859245,16.104657823255284,14.14764229238505
T6_plain,US06,2,r0_scale,r0_scale_2,0.0,35-65,35.62064969600467,36.07344952779723,35.62064969600467
T6_plain,US06,2,r0_scale,r0_scale_2,0.0,<=35,35.58356398370905,37.62473080427421,35.58356398370905
T6_plain,US06,2,r0_scale,r0_scale_2,0.0,>65,13.677063672755176,15.520959980247852,13.676402602061554
T6_plain,US06,2,r0_scale,r0_scale_2,10.0,35-65,34.74220033492781,35.24413799297279,34.74220033492781
T6_plain,US06,2,r0_scale,r0_scale_2,10.0,<=35,36.95273638935815,39.69629908505636,36.95273638935815
T6_plain,US06,2,r0_scale,r0_scale_2,10.0,>65,13.567317154220607,15.367488275084602,13.566680358020557
T6_plain,US06,2,r0_scale,r0_scale_2,20.0,35-65,34.66451235274306,35.18776576901791,34.66451235274306
T6_plain,US06,2,r0_scale,r0_scale_2,20.0,<=35,37.62778285913408,40.1101152178439,37.62778285913408
T6_plain,US06,2,r0_scale,r0_scale_2,20.0,>65,13.718044294875767,15.550294979101716,13.717200990517716
T6_plain,US06,2,r0_scale,r0_scale_2,25.0,35-65,35.391977599740414,35.91690254371326,35.391977599740414
T6_plain,US06,2,r0_scale,r0_scale_2,25.0,<=35,38.23138765524446,40.916209026404545,38.23138765524446
T6_plain,US06,2,r0_scale,r0_scale_2,25.0,>65,14.087099893390572,16.024838207684425,14.08608237004756
T6_plain,US06,2,r0_scale,r0_scale_2,30.0,35-65,35.36526133449028,35.93009669864649,35.36526133449028
T6_plain,US06,2,r0_scale,r0_scale_2,30.0,<=35,36.99586410547401,39.794773844884254,36.99586410547401
T6_plain,US06,2,r0_scale,r0_scale_2,30.0,>65,13.946383223871644,15.890751806915668,13.94513161144322
T6_plain,US06,2,r0_scale,r0_scale_2,40.0,35-65,35.70445154680858,36.29901006707442,35.70445154680858
T6_plain,US06,2,r0_scale,r0_scale_2,40.0,<=35,35.51385528588866,38.87115455287034,35.51385528588866
T6_plain,US06,2,r0_scale,r0_scale_2,40.0,>65,13.976911326346846,15.993864110734126,13.974993195305338
T6_plain,US06,2,r0_scale,r0_scale_2,50.0,35-65,36.16322760151754,36.76218204346196,36.16322760151754
T6_plain,US06,2,r0_scale,r0_scale_2,50.0,<=35,35.55719475816421,38.85721661614652,35.55719475816421
T6_plain,US06,2,r0_scale,r0_scale_2,50.0,>65,13.954639013448592,16.040561081823885,13.951663290645063
