feature,fold,seed,perturbation_type,level,temp,soc_band,mae,rmse,bias
T6_plain,DST,0,baseline,unperturbed,-10.0,35-65,1.0374118304405875,1.2989302228611472,0.21811410547396523
T6_plain,DST,0,baseline,unperturbed,-10.0,<=35,1.1255567305555556,1.490500510902571,1.0789709638888891
T6_plain,DST,0,baseline,unperturbed,-10.0,>65,0.6867619996194825,0.8413430187758764,-0.625938847412481
T6_plain,DST,0,baseline,unperturbed,0.0,35-65,0.5986201968014214,0.7334188495258611,0.06295933496223896
T6_plain,DST,0,baseline,unperturbed,0.0,<=35,0.48221693071786315,0.650039202055572,0.20678764691151919
T6_plain,DST,0,baseline,unperturbed,0.0,>65,0.6153852756385817,0.7436038415235896,-0.5503407990850172
T6_plain,DST,0,baseline,unperturbed,10.0,35-65,0.3767406326438849,0.462262053063335,-0.022751987859712223
T6_plain,DST,0,baseline,unperturbed,10.0,<=35,0.3724568507844016,0.4946142311780698,0.2929475080681309
T6_plain,DST,0,baseline,unperturbed,10.0,>65,0.5153012849378883,0.6330168563788802,-0.4619812461180124
T6_plain,DST,0,baseline,unperturbed,20.0,35-65,0.22433184137622866,0.2996008893066842,-0.0051497913315460995
T6_plain,DST,0,baseline,unperturbed,20.0,<=35,0.36606624297138046,0.45252998669955513,0.12639170795454543
T6_plain,DST,0,baseline,unperturbed,20.0,>65,0.5149582738636364,0.664912726423435,-0.4634557215909091
T6_plain,DST,0,baseline,unperturbed,25.0,35-65,0.19841677802590443,0.26909294581560395,0.06727083072800355
T6_plain,DST,0,baseline,unperturbed,25.0,<=35,0.3188080657248158,0.38303778024210383,0.2620853967649468
T6_plain,DST,0,baseline,unperturbed,25.0,>65,0.4193941046247156,0.5696892430584709,-0.2587514131918118
T6_plain,DST,0,baseline,unperturbed,30.0,35-65,0.23820809206349206,0.32971171856777903,0.1444138671201814
T6_plain,DST,0,baseline,unperturbed,30.0,<=35,0.3883791685429142,0.4530980892888869,0.2763376422355289
T6_plain,DST,0,baseline,unperturbed,30.0,>65,0.46482586572174567,0.6134959670998973,-0.28663013875419613
T6_plain,DST,0,baseline,unperturbed,40.0,35-65,0.43013017290145994,0.5410525016570092,0.40670614461678833
T6_plain,DST,0,baseline,unperturbed,40.0,<=35,0.45846136308858737,0.5459365257856093,0.41374959836392666
T6_plain,DST,0,baseline,unperturbed,40.0,>65,0.49942869544275653,0.6440767379396294,-0.23811884809188588
T6_plain,DST,0,baseline,unperturbed,50.0,35-65,0.46927512368781393,0.607753089826413,0.42276766316750347
T6_plain,DST,0,baseline,unperturbed,50.0,<=35,0.483645268821896,0.5729198690982922,0.4352289333201111
T6_plain,DST,0,baseline,unperturbed,50.0,>65,0.5066096207917129,0.6563993604934439,-0.25296717240103583
T6_plain,DST,0,current_bias,I_bias_+10_mA,-10.0,35-65,1.2507450059146243,1.5063785876011706,-0.7045461105360057
T6_plain,DST,0,current_bias,I_bias_+10_mA,-10.0,<=35,0.8330567420122359,1.1473037503518975,0.5809659570368872
T6_plain,DST,0,current_bias,I_bias_+10_mA,-10.0,>65,1.018957868260028,1.2018112193645047,-1.0133403385466835
T6_plain,DST,0,current_bias,I_bias_+10_mA,0.0,35-65,1.0150910960669703,1.1868939099721196,-0.9300771260423358
T6_plain,DST,0,current_bias,I_bias_+10_mA,0.0,<=35,0.5336677978457866,0.645925928515645,-0.18927513874253732
T6_plain,DST,0,current_bias,I_bias_+10_mA,0.0,>65,0.9054584440981203,1.052915199934596,-0.8976654762964689
T6_plain,DST,0,current_bias,I_bias_+10_mA,10.0,35-65,1.1020703332110995,1.1863162486844692,-1.093599662379165
T6_plain,DST,0,current_bias,I_bias_+10_mA,10.0,<=35,0.37143945214422647,0.4598614099215205,-0.19445830979401418
T6_plain,DST,0,current_bias,I_bias_+10_mA,10.0,>65,0.8274925595480699,0.9450058725299705,-0.8172133311529751
T6_plain,DST,0,current_bias,I_bias_+10_mA,20.0,35-65,1.1324911219766016,1.1924855493417517,-1.131626387113634
T6_plain,DST,0,current_bias,I_bias_+10_mA,20.0,<=35,0.4005599935204711,0.49339428102988253,-0.3344721868010049
T6_plain,DST,0,current_bias,I_bias_+10_mA,20.0,>65,0.844602538371352,0.9574200225444384,-0.8382909798078653
T6_plain,DST,0,current_bias,I_bias_+10_mA,25.0,35-65,1.1344458847011756,1.1857402065347877,-1.1337146657602806
T6_plain,DST,0,current_bias,I_bias_+10_mA,25.0,<=35,0.29118576937703233,0.35788648101619325,-0.18569038443566982
T6_plain,DST,0,current_bias,I_bias_+10_mA,25.0,>65,0.6760720324059196,0.8019716003212484,-0.648720013206638
T6_plain,DST,0,current_bias,I_bias_+10_mA,30.0,35-65,1.075465325314566,1.1408128694749629,-1.0701302354205764
T6_plain,DST,0,current_bias,I_bias_+10_mA,30.0,<=35,0.22255996152533333,0.31431325055754766,-0.15370721772011817
T6_plain,DST,0,current_bias,I_bias_+10_mA,30.0,>65,0.7224068943453272,0.8424119305962452,-0.6801246720267399
T6_plain,DST,0,current_bias,I_bias_+10_mA,40.0,35-65,0.9341344079016178,1.0127224796698815,-0.8966430495318184
T6_plain,DST,0,current_bias,I_bias_+10_mA,40.0,<=35,0.17338197308379452,0.24935568605099007,-0.01047357433257009
T6_plain,DST,0,current_bias,I_bias_+10_mA,40.0,>65,0.7311149552503815,0.84404730360512,-0.6397831157051814
T6_plain,DST,0,current_bias,I_bias_+10_mA,50.0,35-65,0.9906171828156527,1.098627709648592,-0.949146177897155
T6_plain,DST,0,current_bias,I_bias_+10_mA,50.0,<=35,0.21763210327919946,0.3006739023718332,0.01806397662823498
T6_plain,DST,0,current_bias,I_bias_+10_mA,50.0,>65,0.7741254372920616,0.8800537437868153,-0.6667225138520168
T6_plain,DST,0,current_bias,I_bias_+20_mA,-10.0,35-65,1.8329675794517069,2.143487681602544,-1.6199704764526803
T6_plain,DST,0,current_bias,I_bias_+20_mA,-10.0,<=35,0.7448954123642816,0.9599203573849524,0.09962485663553866
T6_plain,DST,0,current_bias,I_bias_+20_mA,-10.0,>65,1.4087499936974002,1.6120549143129164,-1.4083013859369635
T6_plain,DST,0,current_bias,I_bias_+20_mA,0.0,35-65,1.9234633356632485,2.0682129391460804,-1.9219735577351975
T6_plain,DST,0,current_bias,I_bias_+20_mA,0.0,<=35,0.7553322537716352,0.905818200213144,-0.5709565608862972
T6_plain,DST,0,current_bias,I_bias_+20_mA,0.0,>65,1.2513514179653817,1.4130272639032093,-1.250972028654057
T6_plain,DST,0,current_bias,I_bias_+20_mA,10.0,35-65,2.1648170692686826,2.2224843837160866,-2.1648170692686826
T6_plain,DST,0,current_bias,I_bias_+20_mA,10.0,<=35,0.6997953396874771,0.883021898671247,-0.6646599829212607
T6_plain,DST,0,current_bias,I_bias_+20_mA,10.0,>65,1.1845825232325546,1.3149709552365143,-1.1787285194071597
T6_plain,DST,0,current_bias,I_bias_+20_mA,20.0,35-65,2.25149901915309,2.3046303115426237,-2.25149901915309
T6_plain,DST,0,current_bias,I_bias_+20_mA,20.0,<=35,0.7839770441155822,0.9033765096063406,-0.7813682594725246
T6_plain,DST,0,current_bias,I_bias_+20_mA,20.0,>65,1.2247999995841807,1.331588165330287,-1.2209574592653738
T6_plain,DST,0,current_bias,I_bias_+20_mA,25.0,35-65,2.322996402302853,2.3745272763224543,-2.322996402302853
T6_plain,DST,0,current_bias,I_bias_+20_mA,25.0,<=35,0.6643249244266355,0.7844418542828056,-0.6201262761050873
T6_plain,DST,0,current_bias,I_bias_+20_mA,25.0,>65,1.055274194748214,1.1722900144404282,-1.047573210731003
T6_plain,DST,0,current_bias,I_bias_+20_mA,30.0,35-65,2.26813099194165,2.3335030292940098,-2.26813099194165
T6_plain,DST,0,current_bias,I_bias_+20_mA,30.0,<=35,0.5807643027341689,0.6754156291985665,-0.5725002783045767
T6_plain,DST,0,current_bias,I_bias_+20_mA,30.0,>65,1.0917591110533416,1.2084395806158423,-1.0828859980727938
T6_plain,DST,0,current_bias,I_bias_+20_mA,40.0,35-65,2.1751097256970335,2.269221644268749,-2.172243032637948
T6_plain,DST,0,current_bias,I_bias_+20_mA,40.0,<=35,0.4574086454649645,0.5089610369637321,-0.4249584802782349
T6_plain,DST,0,current_bias,I_bias_+20_mA,40.0,>65,1.077389491671788,1.198368266754215,-1.0512000112298923
T6_plain,DST,0,current_bias,I_bias_+20_mA,50.0,35-65,2.2883023645251304,2.4141027572395144,-2.284592679752644
T6_plain,DST,0,current_bias,I_bias_+20_mA,50.0,<=35,0.44727952603754156,0.5092480463426213,-0.3905688027083175
T6_plain,DST,0,current_bias,I_bias_+20_mA,50.0,>65,1.124636071888615,1.2526097430796201,-1.0903272555500727
T6_plain,DST,0,current_bias,I_bias_-10_mA,-10.0,35-65,1.3053315362906768,1.696831691427217,1.14622311960247
T6_plain,DST,0,current_bias,I_bias_-10_mA,-10.0,<=35,1.5957974295280457,1.9212047069136098,1.5945983240915085
T6_plain,DST,0,current_bias,I_bias_-10_mA,-10.0,>65,0.4874605074728177,0.6048237863187231,-0.24567169913066367
T6_plain,DST,0,current_bias,I_bias_-10_mA,0.0,35-65,1.073164523223982,1.2923011006139375,1.0553093460322396
T6_plain,DST,0,current_bias,I_bias_-10_mA,0.0,<=35,0.7058774040286089,0.9408854264747696,0.6177386123951638
T6_plain,DST,0,current_bias,I_bias_-10_mA,0.0,>65,0.4356928590669271,0.5593314649571327,-0.2088602102008431
T6_plain,DST,0,current_bias,I_bias_-10_mA,10.0,35-65,1.0471579913942215,1.1649030323573177,1.0454320705715427
T6_plain,DST,0,current_bias,I_bias_-10_mA,10.0,<=35,0.8201048235752699,0.9743995309717444,0.7982261938182967
T6_plain,DST,0,current_bias,I_bias_-10_mA,10.0,>65,0.3661502609219522,0.4842080314720154,-0.11290846415118097
T6_plain,DST,0,current_bias,I_bias_-10_mA,20.0,35-65,1.1251028329839359,1.1651515045168221,1.1251028329839359
T6_plain,DST,0,current_bias,I_bias_-10_mA,20.0,<=35,0.7591815968574415,0.8694904873299166,0.6021405651673255
T6_plain,DST,0,current_bias,I_bias_-10_mA,20.0,>65,0.4428418103462451,0.5707827381098909,-0.09624315110103723
T6_plain,DST,0,current_bias,I_bias_-10_mA,25.0,35-65,1.2759766262685852,1.3087956257775184,1.2759766262685852
T6_plain,DST,0,current_bias,I_bias_-10_mA,25.0,<=35,0.7346403214204983,0.8511783771089712,0.724405574691182
T6_plain,DST,0,current_bias,I_bias_-10_mA,25.0,>65,0.5229116891957617,0.6245679873276242,0.12264576075136147
T6_plain,DST,0,current_bias,I_bias_-10_mA,30.0,35-65,1.3705670125992928,1.4047890007008046,1.3705670125992928
T6_plain,DST,0,current_bias,I_bias_-10_mA,30.0,<=35,0.7816415879796027,0.9047173137258226,0.7187662524476053
T6_plain,DST,0,current_bias,I_bias_-10_mA,30.0,>65,0.5311200010025839,0.6559852920368665,0.09803211369633913
T6_plain,DST,0,current_bias,I_bias_-10_mA,40.0,35-65,1.7258950090584615,1.7694584017298323,1.7258950090584615
T6_plain,DST,0,current_bias,I_bias_-10_mA,40.0,<=35,0.8645399320445398,1.0020949640326144,0.8490573358748122
T6_plain,DST,0,current_bias,I_bias_-10_mA,40.0,>65,0.5513488443373079,0.715435574832765,0.1546516591840632
T6_plain,DST,0,current_bias,I_bias_-10_mA,50.0,35-65,1.8126300049730875,1.8868658870432131,1.8126300049730875
T6_plain,DST,0,current_bias,I_bias_-10_mA,50.0,<=35,0.8893586253088517,1.002202419945353,0.8621445235337887
T6_plain,DST,0,current_bias,I_bias_-10_mA,50.0,>65,0.5268861205233771,0.7112079194818955,0.15185678583693982
T6_plain,DST,0,current_bias,I_bias_-20_mA,-10.0,35-65,2.082809972042442,2.4213968583181247,2.077997490528502
T6_plain,DST,0,current_bias,I_bias_-20_mA,-10.0,<=35,2.128853439613787,2.405037435382969,2.128853439613787
T6_plain,DST,0,current_bias,I_bias_-20_mA,-10.0,>65,0.472886414117636,0.6302782851878572,0.1278166729165342
T6_plain,DST,0,current_bias,I_bias_-20_mA,0.0,35-65,2.045143279605335,2.1900524039483362,2.045143279605335
T6_plain,DST,0,current_bias,I_bias_-20_mA,0.0,<=35,1.0961189170836871,1.3630882995538007,1.0440765363430409
T6_plain,DST,0,current_bias,I_bias_-20_mA,0.0,>65,0.45339411805663443,0.6102545174225814,0.1269056132426755
T6_plain,DST,0,current_bias,I_bias_-20_mA,10.0,35-65,2.108619189432429,2.194599056519801,2.108619189432429
T6_plain,DST,0,current_bias,I_bias_-20_mA,10.0,<=35,1.334454091847919,1.549940569382478,1.322008975958015
T6_plain,DST,0,current_bias,I_bias_-20_mA,10.0,>65,0.4897586755509584,0.6142520231308993,0.2301184230346444
T6_plain,DST,0,current_bias,I_bias_-20_mA,20.0,35-65,2.2559958884433855,2.2897629997775635,2.2559958884433855
T6_plain,DST,0,current_bias,I_bias_-20_mA,20.0,<=35,1.2344150450938198,1.4003134519601337,1.093785090189794
T6_plain,DST,0,current_bias,I_bias_-20_mA,20.0,>65,0.6168849173996201,0.7384312692161418,0.26356875365446836
T6_plain,DST,0,current_bias,I_bias_-20_mA,25.0,35-65,2.4878848902668853,2.5227071480822536,2.4878848902668853
T6_plain,DST,0,current_bias,I_bias_-20_mA,25.0,<=35,1.205566447011678,1.387576390665165,1.2027271758786278
T6_plain,DST,0,current_bias,I_bias_-20_mA,25.0,>65,0.7305186471371424,0.9019117256071384,0.49580076815710894
T6_plain,DST,0,current_bias,I_bias_-20_mA,30.0,35-65,2.602093174677614,2.6356940916040754,2.602093174677614
T6_plain,DST,0,current_bias,I_bias_-20_mA,30.0,<=35,1.2093380348716285,1.4111629768301028,1.175078672350027
T6_plain,DST,0,current_bias,I_bias_-20_mA,30.0,>65,0.7328652009695495,0.9187991406536875,0.4742928011555257
T6_plain,DST,0,current_bias,I_bias_-20_mA,40.0,35-65,3.051315216354871,3.095665258032711,3.051315216354871
T6_plain,DST,0,current_bias,I_bias_-20_mA,40.0,<=35,1.3017240255854425,1.4934822127150649,1.2973132655098931
T6_plain,DST,0,current_bias,I_bias_-20_mA,40.0,>65,0.7605156760444486,0.988534552071161,0.5392427014507449
T6_plain,DST,0,current_bias,I_bias_-20_mA,50.0,35-65,3.2087792767296204,3.2854838157165625,3.2087792767296204
T6_plain,DST,0,current_bias,I_bias_-20_mA,50.0,<=35,1.3187428462857866,1.470401024603314,1.3005696177333428
T6_plain,DST,0,current_bias,I_bias_-20_mA,50.0,>65,0.7467250020390269,0.9862790103962535,0.5485134429136863
T6_plain,DST,0,voltage_bias,V_bias_+10_mV,-10.0,35-65,3.8670633040374462,4.072451966840438,3.8670633040374462
T6_plain,DST,0,voltage_bias,V_bias_+10_mV,-10.0,<=35,3.153868008975792,3.3889051719332874,3.153868008975792
T6_plain,DST,0,voltage_bias,V_bias_+10_mV,-10.0,>65,0.9501162323867878,1.2152998725768458,0.8548551666281886
T6_plain,DST,0,voltage_bias,V_bias_+10_mV,0.0,35-65,5.168348630354513,5.269506948124271,5.168348630354513
T6_plain,DST,0,voltage_bias,V_bias_+10_mV,0.0,<=35,2.474019912804923,2.9749235455313308,2.462252077609682
T6_plain,DST,0,voltage_bias,V_bias_+10_mV,0.0,>65,1.241491231823699,1.5697802213326018,1.1929082254057115
T6_plain,DST,0,voltage_bias,V_bias_+10_mV,10.0,35-65,6.223571805879596,6.334834491490025,6.223571805879596
T6_plain,DST,0,voltage_bias,V_bias_+10_mV,10.0,<=35,3.5480127694637043,4.10280167290839,3.547246750672034
T6_plain,DST,0,voltage_bias,V_bias_+10_mV,10.0,>65,1.573161458943284,1.9364809189575056,1.5599154226350074
T6_plain,DST,0,voltage_bias,V_bias_+10_mV,20.0,35-65,7.128290268652252,7.217546827167544,7.128290268652252
T6_plain,DST,0,voltage_bias,V_bias_+10_mV,20.0,<=35,3.550030664869028,4.088274837272242,3.438491339362258
T6_plain,DST,0,voltage_bias,V_bias_+10_mV,20.0,>65,1.807041096443743,2.255713277046539,1.7941698198247853
T6_plain,DST,0,voltage_bias,V_bias_+10_mV,25.0,35-65,7.743405682612951,7.846400886635137,7.743405682612951
T6_plain,DST,0,voltage_bias,V_bias_+10_mV,25.0,<=35,3.529624962768546,4.0950997300517935,3.529455908041298
T6_plain,DST,0,voltage_bias,V_bias_+10_mV,25.0,>65,2.1040777460460878,2.5607009696288756,2.0928496198940434
T6_plain,DST,0,voltage_bias,V_bias_+10_mV,30.0,35-65,8.118632131215964,8.219392448686229,8.118632131215964
T6_plain,DST,0,voltage_bias,V_bias_+10_mV,30.0,<=35,3.486347162931363,4.087866170238794,3.4861041646616218
T6_plain,DST,0,voltage_bias,V_bias_+10_mV,30.0,>65,2.1558982221298932,2.6285906615393153,2.1435882440113154
T6_plain,DST,0,voltage_bias,V_bias_+10_mV,40.0,35-65,8.962130676703957,9.095954032119796,8.962130676703957
T6_plain,DST,0,voltage_bias,V_bias_+10_mV,40.0,<=35,3.645868510776411,4.19163029920238,3.645868510776411
T6_plain,DST,0,voltage_bias,V_bias_+10_mV,40.0,>65,2.2920160712703495,2.7611330313216196,2.2775434608747123
T6_plain,DST,0,voltage_bias,V_bias_+10_mV,50.0,35-65,9.343138942464918,9.530206504657269,9.343138942464918
T6_plain,DST,0,voltage_bias,V_bias_+10_mV,50.0,<=35,3.605213986023771,4.0869178217279885,3.605213986023771
T6_plain,DST,0,voltage_bias,V_bias_+10_mV,50.0,>65,2.357037790655285,2.8146558955893894,2.339103414717132
T6_plain,DST,0,voltage_bias,V_bias_+1_mV,-10.0,35-65,1.0739306331227996,1.3925251509443848,0.5800112993170955
T6_plain,DST,0,voltage_bias,V_bias_+1_mV,-10.0,<=35,1.2864104865523445,1.6477217277709377,1.2721770316275702
T6_plain,DST,0,voltage_bias,V_bias_+1_mV,-10.0,>65,0.5890690726164088,0.7246180888044298,-0.4732507199676085
T6_plain,DST,0,voltage_bias,V_bias_+1_mV,0.0,35-65,0.7314635535034559,0.9358338449549367,0.5778766431619109
T6_plain,DST,0,voltage_bias,V_bias_+1_mV,0.0,<=35,0.5649705323271969,0.7742423733368716,0.4121085458968706
T6_plain,DST,0,voltage_bias,V_bias_+1_mV,0.0,>65,0.5085288094150661,0.6223783869342434,-0.36923965953037197
T6_plain,DST,0,voltage_bias,V_bias_+1_mV,10.0,35-65,0.6468609977355415,0.7830529735915261,0.6133044810374589
T6_plain,DST,0,voltage_bias,V_bias_+1_mV,10.0,<=35,0.6195802017430886,0.7569578824971857,0.5876159254621176
T6_plain,DST,0,voltage_bias,V_bias_+1_mV,10.0,>65,0.397189423752998,0.5119615936858849,-0.2506964960261575
T6_plain,DST,0,voltage_bias,V_bias_+1_mV,20.0,35-65,0.7183165942472879,0.7715749426406731,0.7144672087665451
T6_plain,DST,0,voltage_bias,V_bias_+1_mV,20.0,<=35,0.5974837381153179,0.6937899944565384,0.42624875929126654
T6_plain,DST,0,voltage_bias,V_bias_+1_mV,20.0,>65,0.41703829382562335,0.5711065339405823,-0.2251843348414797
T6_plain,DST,0,voltage_bias,V_bias_+1_mV,25.0,35-65,0.8407052489415041,0.8813628234578422,0.8407052489415041
T6_plain,DST,0,voltage_bias,V_bias_+1_mV,25.0,<=35,0.5724909021741063,0.6679256950548448,0.5551890281888605
T6_plain,DST,0,voltage_bias,V_bias_+1_mV,25.0,>65,0.45743055590771725,0.5689898324839842,-0.009552998671779493
T6_plain,DST,0,voltage_bias,V_bias_+1_mV,30.0,35-65,0.9476422036516152,0.9905725723212946,0.9475370135258925
T6_plain,DST,0,voltage_bias,V_bias_+1_mV,30.0,<=35,0.6378610750608752,0.7383349899139335,0.5643964853541135
T6_plain,DST,0,voltage_bias,V_bias_+1_mV,30.0,>65,0.4765791375658093,0.6079711035833365,-0.028756365533460903
T6_plain,DST,0,voltage_bias,V_bias_+1_mV,40.0,35-65,1.2782030714626382,1.3283347692762133,1.2782030714626382
T6_plain,DST,0,voltage_bias,V_bias_+1_mV,40.0,<=35,0.722792158975625,0.8424047592131227,0.7009051705577621
T6_plain,DST,0,voltage_bias,V_bias_+1_mV,40.0,>65,0.5026371138546503,0.6613921123507608,0.028003829218770742
T6_plain,DST,0,voltage_bias,V_bias_+1_mV,50.0,35-65,1.339603404899712,1.4209219261620234,1.339603404899712
T6_plain,DST,0,voltage_bias,V_bias_+1_mV,50.0,<=35,0.7496991283631058,0.851366511626556,0.71733880956
T6_plain,DST,0,voltage_bias,V_bias_+1_mV,50.0,>65,0.482883908743539,0.66022260811205,0.020804212138597535
T6_plain,DST,0,voltage_bias,V_bias_+2_mV,-10.0,35-65,1.1932779118490893,1.5696000910570818,0.9428728536755434
T6_plain,DST,0,voltage_bias,V_bias_+2_mV,-10.0,<=35,1.4725857513557223,1.8148546296385868,1.4683768543845497
T6_plain,DST,0,voltage_bias,V_bias_+2_mV,-10.0,>65,0.5144749080496371,0.6349386683806442,-0.32164313523203425
T6_plain,DST,0,voltage_bias,V_bias_+2_mV,0.0,35-65,1.105902842502406,1.3236244440117426,1.0925140158579556
T6_plain,DST,0,voltage_bias,V_bias_+2_mV,0.0,<=35,0.7121901722612081,0.9498721534808362,0.6217341145627291
T6_plain,DST,0,voltage_bias,V_bias_+2_mV,0.0,>65,0.42802347006999863,0.5538066546522534,-0.1896941628359039
T6_plain,DST,0,voltage_bias,V_bias_+2_mV,10.0,35-65,1.248095090943076,1.355245330328171,1.248095090943076
T6_plain,DST,0,voltage_bias,V_bias_+2_mV,10.0,<=35,0.9075649730060376,1.0721760160183185,0.8888212400477469
T6_plain,DST,0,voltage_bias,V_bias_+2_mV,10.0,>65,0.37018810905054933,0.487333583704983,-0.04149306183206065
T6_plain,DST,0,voltage_bias,V_bias_+2_mV,20.0,35-65,1.4349984977836712,1.4702568534179248,1.4349984977836712
T6_plain,DST,0,voltage_bias,V_bias_+2_mV,20.0,<=35,0.8819294338442789,1.00488407325333,0.7323181252666477
T6_plain,DST,0,voltage_bias,V_bias_+2_mV,20.0,>65,0.4866558865184437,0.5940615317537653,0.010157375733219514
T6_plain,DST,0,voltage_bias,V_bias_+2_mV,25.0,35-65,1.6163216210363338,1.6470770699755852,1.6163216210363338
T6_plain,DST,0,voltage_bias,V_bias_+2_mV,25.0,<=35,0.861403725137047,0.9936756031549219,0.8544907980112573
T6_plain,DST,0,voltage_bias,V_bias_+2_mV,25.0,>65,0.5799348418040938,0.6910742890959344,0.23630817156408648
T6_plain,DST,0,voltage_bias,V_bias_+2_mV,30.0,35-65,1.7540561201983567,1.7851638930962528,1.7540561201983567
T6_plain,DST,0,voltage_bias,V_bias_+2_mV,30.0,<=35,0.9099359464920882,1.0557611284172082,0.8580602935489333
T6_plain,DST,0,voltage_bias,V_bias_+2_mV,30.0,>65,0.5922169981793836,0.725714278815653,0.22552414561047493
T6_plain,DST,0,voltage_bias,V_bias_+2_mV,40.0,35-65,2.1532279211067453,2.194453882282701,2.1532279211067453
T6_plain,DST,0,voltage_bias,V_bias_+2_mV,40.0,<=35,1.0018229871960804,1.1575964998298605,0.9933394673105824
T6_plain,DST,0,voltage_bias,V_bias_+2_mV,40.0,>65,0.6179922811018105,0.7944846760280704,0.2905040230983918
T6_plain,DST,0,voltage_bias,V_bias_+2_mV,50.0,35-65,2.2593221997746373,2.331141053712948,2.2593221997746373
T6_plain,DST,0,voltage_bias,V_bias_+2_mV,50.0,<=35,1.0269018779791648,1.1510246866716398,1.0041233623631662
T6_plain,DST,0,voltage_bias,V_bias_+2_mV,50.0,>65,0.596057970044835,0.7889026634818644,0.29094380324061897
T6_plain,DST,0,voltage_bias,V_bias_+5_mV,-10.0,35-65,2.040653204650278,2.3845432271959903,2.0361381339555953
T6_plain,DST,0,voltage_bias,V_bias_+5_mV,-10.0,<=35,2.0755792882620705,2.362273711812879,2.0755792882620705
T6_plain,DST,0,voltage_bias,V_bias_+5_mV,-10.0,>65,0.46852782358451733,0.6246193756813805,0.12693546088307808
T6_plain,DST,0,voltage_bias,V_bias_+5_mV,0.0,35-65,2.6321435706700407,2.7553801777628433,2.6321435706700407
T6_plain,DST,0,voltage_bias,V_bias_+5_mV,0.0,<=35,1.3224408485952472,1.6263676857948968,1.2771881518809083
T6_plain,DST,0,voltage_bias,V_bias_+5_mV,0.0,>65,0.573748415741025,0.7432558170525857,0.3398009767096778
T6_plain,DST,0,voltage_bias,V_bias_+5_mV,10.0,35-65,3.1399844953145637,3.2224922170773933,3.1399844953145637
T6_plain,DST,0,voltage_bias,V_bias_+5_mV,10.0,<=35,1.8393848341656214,2.1304574509575347,1.8329569444665805
T6_plain,DST,0,voltage_bias,V_bias_+5_mV,10.0,>65,0.7180694589654851,0.9020832493511617,0.5738667786313466
T6_plain,DST,0,voltage_bias,V_bias_+5_mV,20.0,35-65,3.5937603811728858,3.6362114002603683,3.5937603811728858
T6_plain,DST,0,voltage_bias,V_bias_+5_mV,20.0,<=35,1.8144329703628241,2.0703542913787185,1.690564027460314
T6_plain,DST,0,voltage_bias,V_bias_+5_mV,20.0,>65,0.8734703281031811,1.1114354335012904,0.6991770787854801
T6_plain,DST,0,voltage_bias,V_bias_+5_mV,25.0,35-65,3.944041761105458,3.990951879209374,3.944041761105458
T6_plain,DST,0,voltage_bias,V_bias_+5_mV,25.0,<=35,1.794569757463929,2.062551834398614,1.7939281943749137
T6_plain,DST,0,voltage_bias,V_bias_+5_mV,25.0,>65,1.0546850391044646,1.3427677261223743,0.9547561894891783
T6_plain,DST,0,voltage_bias,V_bias_+5_mV,30.0,35-65,4.1789307584119495,4.2228596779575565,4.1789307584119495
T6_plain,DST,0,voltage_bias,V_bias_+5_mV,30.0,<=35,1.7876875424257106,2.092687656716893,1.7778328392983702
T6_plain,DST,0,voltage_bias,V_bias_+5_mV,30.0,>65,1.0740817506247624,1.3823324767069334,0.9680409131400518
T6_plain,DST,0,voltage_bias,V_bias_+5_mV,40.0,35-65,4.786180556249236,4.842850734851478,4.786180556249236
T6_plain,DST,0,voltage_bias,V_bias_+5_mV,40.0,<=35,1.909720408541256,2.174539196575319,1.9092239381110778
T6_plain,DST,0,voltage_bias,V_bias_+5_mV,40.0,>65,1.1399609147751346,1.47420655471578,1.0580336168880002
T6_plain,DST,0,voltage_bias,V_bias_+5_mV,50.0,35-65,5.028913875064649,5.121590715763318,5.028913875064649
T6_plain,DST,0,voltage_bias,V_bias_+5_mV,50.0,<=35,1.9066284778458045,2.1233532426187662,1.8992574596689704
T6_plain,DST,0,voltage_bias,V_bias_+5_mV,50.0,>65,1.1494505495413252,1.4844422357767015,1.0813344676965564
T6_plain,DST,0,voltage_bias,V_bias_-10_mV,-10.0,35-65,3.34743970803413,3.690549169532285,-3.3231390734703328
T6_plain,DST,0,voltage_bias,V_bias_-10_mV,-10.0,<=35,0.9930968170194625,1.1198515972458816,-0.7029488457660463
T6_plain,DST,0,voltage_bias,V_bias_-10_mV,-10.0,>65,2.217855204915457,2.491240596726863,-2.217855204915457
T6_plain,DST,0,voltage_bias,V_bias_-10_mV,0.0,35-65,5.045786485293109,5.133503503981675,-5.045786485293109
T6_plain,DST,0,voltage_bias,V_bias_-10_mV,0.0,<=35,1.6837063863927082,2.021939815067318,-1.6261361163010775
T6_plain,DST,0,voltage_bias,V_bias_-10_mV,0.0,>65,2.451703830040842,2.7232574047752576,-2.451703830040842
T6_plain,DST,0,voltage_bias,V_bias_-10_mV,10.0,35-65,6.3518011659291425,6.409588189577503,-6.3518011659291425
T6_plain,DST,0,voltage_bias,V_bias_-10_mV,10.0,<=35,2.3264408153225706,2.742015679483225,-2.3264408153225706
T6_plain,DST,0,voltage_bias,V_bias_-10_mV,10.0,>65,2.6961803097461026,2.9805991316118408,-2.6958523409515105
T6_plain,DST,0,voltage_bias,V_bias_-10_mV,20.0,35-65,7.005346314193617,7.088063730917942,-7.005346314193617
T6_plain,DST,0,voltage_bias,V_bias_-10_mV,20.0,<=35,2.578832159650117,2.891710070933675,-2.578832159650117
T6_plain,DST,0,voltage_bias,V_bias_-10_mV,20.0,>65,3.0188620737401903,3.2873228804927206,-3.0187781208210107
T6_plain,DST,0,voltage_bias,V_bias_-10_mV,25.0,35-65,7.34260790986387,7.45044634344206,-7.34260790986387
T6_plain,DST,0,voltage_bias,V_bias_-10_mV,25.0,<=35,2.40316892811788,2.7681348393246745,-2.390309001919099
T6_plain,DST,0,voltage_bias,V_bias_-10_mV,25.0,>65,2.952314759049468,3.2423495724421625,-2.9515261863620337
T6_plain,DST,0,voltage_bias,V_bias_-10_mV,30.0,35-65,7.4327735002797475,7.567483784310012,-7.4327735002797475
T6_plain,DST,0,voltage_bias,V_bias_-10_mV,30.0,<=35,2.357092680395979,2.6498465441192733,-2.357092680395979
T6_plain,DST,0,voltage_bias,V_bias_-10_mV,30.0,>65,3.08638216110855,3.374100248220535,-3.0863500863668913
T6_plain,DST,0,voltage_bias,V_bias_-10_mV,40.0,35-65,7.60380909103089,7.807681088788053,-7.60380909103089
T6_plain,DST,0,voltage_bias,V_bias_-10_mV,40.0,<=35,2.2394053302314565,2.457687848284733,-2.2390564841583163
T6_plain,DST,0,voltage_bias,V_bias_-10_mV,40.0,>65,3.1496644691188114,3.4432927219880978,-3.1496644691188114
T6_plain,DST,0,voltage_bias,V_bias_-10_mV,50.0,35-65,7.8650794905965915,8.152834034387654,-7.8650794905965915
T6_plain,DST,0,voltage_bias,V_bias_-10_mV,50.0,<=35,2.196705643254484,2.391841968384604,-2.192296990461549
T6_plain,DST,0,voltage_bias,V_bias_-10_mV,50.0,>65,3.248103491334447,3.566699572873294,-3.248103491334447
T6_plain,DST,0,voltage_bias,V_bias_-1_mV,-10.0,35-65,1.0721512327166134,1.3061964538668118,-0.14270556412369267
T6_plain,DST,0,voltage_bias,V_bias_-1_mV,-10.0,<=35,0.9871428690819211,1.345317057273716,0.8886828829758114
T6_plain,DST,0,voltage_bias,V_bias_-1_mV,-10.0,>65,0.8073024345105025,0.9761252398620359,-0.7797246894735922
T6_plain,DST,0,voltage_bias,V_bias_-1_mV,0.0,35-65,0.7359470117311074,0.8594452553534253,-0.451983411368534
T6_plain,DST,0,voltage_bias,V_bias_-1_mV,0.0,<=35,0.4802565274471025,0.6034306573055686,0.005701094622139991
T6_plain,DST,0,voltage_bias,V_bias_-1_mV,0.0,>65,0.7557247876391335,0.8976422147252096,-0.7330209385536302
T6_plain,DST,0,voltage_bias,V_bias_-1_mV,10.0,35-65,0.7035837418172411,0.8007743302457554,-0.6596000367482207
T6_plain,DST,0,voltage_bias,V_bias_-1_mV,10.0,<=35,0.30662226215203253,0.38559292153621294,0.004673824190914912
T6_plain,DST,0,voltage_bias,V_bias_-1_mV,10.0,>65,0.6924105899223009,0.8104540015970173,-0.6753754621515037
T6_plain,DST,0,voltage_bias,V_bias_-1_mV,20.0,35-65,0.7305543984469942,0.7990573517608126,-0.7230799216754188
T6_plain,DST,0,voltage_bias,V_bias_-1_mV,20.0,<=35,0.3084089476351381,0.40536468435304146,-0.1675055467398046
T6_plain,DST,0,voltage_bias,V_bias_-1_mV,20.0,>65,0.7132948326351397,0.8405265725728914,-0.7047214479878281
T6_plain,DST,0,voltage_bias,V_bias_-1_mV,25.0,35-65,0.7109974977567638,0.766461998506148,-0.7028426596123004
T6_plain,DST,0,voltage_bias,V_bias_-1_mV,25.0,<=35,0.2085398893348617,0.27094964841839414,-0.025182997102777004
T6_plain,DST,0,voltage_bias,V_bias_-1_mV,25.0,>65,0.5686845287913855,0.6977837739472428,-0.5113791466181582
T6_plain,DST,0,voltage_bias,V_bias_-1_mV,30.0,35-65,0.6758345169158935,0.7422481742213225,-0.6535063489402234
T6_plain,DST,0,voltage_bias,V_bias_-1_mV,30.0,<=35,0.2085703107060734,0.28496481968966575,-0.006512441831693257
T6_plain,DST,0,voltage_bias,V_bias_-1_mV,30.0,>65,0.6225136949132503,0.744768930308387,-0.5482216073800599
T6_plain,DST,0,voltage_bias,V_bias_-1_mV,40.0,35-65,0.5418720716259844,0.6208960592348367,-0.45781828991230394
T6_plain,DST,0,voltage_bias,V_bias_-1_mV,40.0,<=35,0.2228958698910501,0.303104186308809,0.13137900765245714
T6_plain,DST,0,voltage_bias,V_bias_-1_mV,40.0,>65,0.6353690549346427,0.7557695922793809,-0.5080705428152068
T6_plain,DST,0,voltage_bias,V_bias_-1_mV,50.0,35-65,0.5979703042457473,0.6938625903637007,-0.4864098096634252
T6_plain,DST,0,voltage_bias,V_bias_-1_mV,50.0,<=35,0.2583944268492972,0.35159635900817754,0.15732729760402378
T6_plain,DST,0,voltage_bias,V_bias_-1_mV,50.0,>65,0.6742610143212004,0.7843420225804747,-0.5305979222680705
T6_plain,DST,0,voltage_bias,V_bias_-2_mV,-10.0,35-65,1.170646181897172,1.412026986070067,-0.5023302732602413
T6_plain,DST,0,voltage_bias,V_bias_-2_mV,-10.0,<=35,0.8730358428080028,1.2150604995484269,0.7012469298223072
T6_plain,DST,0,voltage_bias,V_bias_-2_mV,-10.0,>65,0.9441169716714602,1.1230953964084847,-0.9346365261877343
T6_plain,DST,0,voltage_bias,V_bias_-2_mV,0.0,35-65,1.0432158954339081,1.2154511286505112,-0.9666879975030798
T6_plain,DST,0,voltage_bias,V_bias_-2_mV,0.0,<=35,0.5328652592234817,0.6457877250713425,-0.19122987920420628
T6_plain,DST,0,voltage_bias,V_bias_-2_mV,0.0,>65,0.9241853082207734,1.0715092432000282,-0.9172928654298771
T6_plain,DST,0,voltage_bias,V_bias_-2_mV,10.0,35-65,1.2999408579583065,1.3771248162249292,-1.2967693718124909
T6_plain,DST,0,voltage_bias,V_bias_-2_mV,10.0,<=35,0.4157858229755409,0.5196627012454648,-0.2773434845351436
T6_plain,DST,0,voltage_bias,V_bias_-2_mV,10.0,>65,0.8991279751999008,1.0169109957491775,-0.8909094811404388
T6_plain,DST,0,voltage_bias,V_bias_-2_mV,20.0,35-65,1.4385979220804175,1.4936541566724715,-1.4385979220804175
T6_plain,DST,0,voltage_bias,V_bias_-2_mV,20.0,<=35,0.4894624224321967,0.5877456465772766,-0.45568307263411334
T6_plain,DST,0,voltage_bias,V_bias_-2_mV,20.0,>65,0.9539993829124682,1.060776670292989,-0.9490395096936197
T6_plain,DST,0,voltage_bias,V_bias_-2_mV,25.0,35-65,1.4685754781587406,1.5176640540447663,-1.4685754781587406
T6_plain,DST,0,voltage_bias,V_bias_-2_mV,25.0,<=35,0.38152899977883586,0.46067015222841884,-0.30694261136344136
T6_plain,DST,0,voltage_bias,V_bias_-2_mV,25.0,>65,0.7831622882750584,0.9044805588070949,-0.7675180397463226
T6_plain,DST,0,voltage_bias,V_bias_-2_mV,30.0,35-65,1.4467853529523647,1.5094789499214163,-1.4447017826368753
T6_plain,DST,0,voltage_bias,V_bias_-2_mV,30.0,<=35,0.3139360863583102,0.40096617474862994,-0.28447217991456475
T6_plain,DST,0,voltage_bias,V_bias_-2_mV,30.0,>65,0.8374576519811815,0.9554306860221411,-0.813653347200706
T6_plain,DST,0,voltage_bias,V_bias_-2_mV,40.0,35-65,1.3257040782783365,1.4119336859363532,-1.311188868640757
T6_plain,DST,0,voltage_bias,V_bias_-2_mV,40.0,<=35,0.22637151104770709,0.28289329792263546,-0.14660910299197205
T6_plain,DST,0,voltage_bias,V_bias_-2_mV,40.0,>65,0.8421411950632036,0.9567126058563803,-0.7820960555550405
T6_plain,DST,0,voltage_bias,V_bias_-2_mV,50.0,35-65,1.3979927773271958,1.5126754787235714,-1.3809200687084606
T6_plain,DST,0,voltage_bias,V_bias_-2_mV,50.0,<=35,0.24284665725383967,0.3187947429435877,-0.11672693562753395
T6_plain,DST,0,voltage_bias,V_bias_-2_mV,50.0,>65,0.8887126719609527,0.9989480501785243,-0.8123436094006966
T6_plain,DST,0,voltage_bias,V_bias_-5_mV,-10.0,35-65,1.7953793264418032,2.108048104006409,-1.5729379407133808
T6_plain,DST,0,voltage_bias,V_bias_-5_mV,-10.0,<=35,0.7322544359258653,0.9553203808526961,0.15543386935320952
T6_plain,DST,0,voltage_bias,V_bias_-5_mV,-10.0,>65,1.4066666394013356,1.6071982045113746,-1.4064022476852045
T6_plain,DST,0,voltage_bias,V_bias_-5_mV,0.0,35-65,2.5068334370030962,2.6266455015010584,-2.5068334370030962
T6_plain,DST,0,voltage_bias,V_bias_-5_mV,0.0,<=35,0.8975460360667359,1.0848801945941022,-0.7578465767199285
T6_plain,DST,0,voltage_bias,V_bias_-5_mV,0.0,>65,1.479904742330623,1.6544052407797327,-1.4799034889237188
T6_plain,DST,0,voltage_bias,V_bias_-5_mV,10.0,35-65,3.2055260223143667,3.2557416133332295,-3.2055260223143667
T6_plain,DST,0,voltage_bias,V_bias_-5_mV,10.0,<=35,1.0960583397789618,1.3415323801132228,-1.0873943602250298
T6_plain,DST,0,voltage_bias,V_bias_-5_mV,10.0,>65,1.5535489558561335,1.7118862582446674,-1.5506361407515838
T6_plain,DST,0,voltage_bias,V_bias_-5_mV,20.0,35-65,3.564199282023913,3.621180243852854,-3.564199282023913
T6_plain,DST,0,voltage_bias,V_bias_-5_mV,20.0,<=35,1.2880871600737953,1.4456538828192271,-1.2880515074423085
T6_plain,DST,0,voltage_bias,V_bias_-5_mV,20.0,>65,1.7024226286143271,1.8358368888607324,-1.7008105221840655
T6_plain,DST,0,voltage_bias,V_bias_-5_mV,25.0,35-65,3.730613113913406,3.7935386758863037,-3.730613113913406
T6_plain,DST,0,voltage_bias,V_bias_-5_mV,25.0,<=35,1.1464905801384428,1.3348279485499375,-1.1218099010316605
T6_plain,DST,0,voltage_bias,V_bias_-5_mV,25.0,>65,1.5618582061838375,1.7035648334467963,-1.5578209188209746
T6_plain,DST,0,voltage_bias,V_bias_-5_mV,30.0,35-65,3.768946239674145,3.8477522864215747,-3.768946239674145
T6_plain,DST,0,voltage_bias,V_bias_-5_mV,30.0,<=35,1.092841968663646,1.2327023686802454,-1.0914982280292405
T6_plain,DST,0,voltage_bias,V_bias_-5_mV,30.0,>65,1.6353457883170786,1.7768499609891035,-1.6341516607345696
T6_plain,DST,0,voltage_bias,V_bias_-5_mV,40.0,35-65,3.7929047609939537,3.909874635126057,-3.7929047609939537
T6_plain,DST,0,voltage_bias,V_bias_-5_mV,40.0,<=35,0.9624281680613979,1.0592653428309822,-0.9570289993761157
T6_plain,DST,0,voltage_bias,V_bias_-5_mV,40.0,>65,1.6323394829678448,1.7832272273851282,-1.63123869195629
T6_plain,DST,0,voltage_bias,V_bias_-5_mV,50.0,35-65,3.9664108355140426,4.130209986065073,-3.9664108355140426
T6_plain,DST,0,voltage_bias,V_bias_-5_mV,50.0,<=35,0.9340381829809205,1.0287714025539065,-0.9182426455540335
T6_plain,DST,0,voltage_bias,V_bias_-5_mV,50.0,>65,1.6864805718921152,1.856247727411593,-1.6850947547758994
T6_plain,DST,1,baseline,unperturbed,-10.0,35-65,1.152845214953271,1.4960120465747049,0.8393493929684024
T6_plain,DST,1,baseline,unperturbed,-10.0,<=35,1.2822184250000002,1.571725477560035,1.2804288527777778
T6_plain,DST,1,baseline,unperturbed,-10.0,>65,0.5183416845509894,0.6504789557175132,-0.261470347412481
T6_plain,DST,1,baseline,unperturbed,0.0,35-65,0.6839953229675698,0.9965639025710307,0.5370988218569525
T6_plain,DST,1,baseline,unperturbed,0.0,<=35,0.6037318063439064,0.8617721510580825,0.4326899205342237
T6_plain,DST,1,baseline,unperturbed,0.0,>65,0.41943144567289364,0.5201197872235155,-0.22854533587495235
T6_plain,DST,1,baseline,unperturbed,10.0,35-65,0.5661765044964029,0.8081116665952283,0.399836320143885
T6_plain,DST,1,baseline,unperturbed,10.0,<=35,0.447846889376961,0.6829041376061615,0.31034754639175255
T6_plain,DST,1,baseline,unperturbed,10.0,>65,0.3763469013975156,0.476074128724527,-0.23103428649068322
T6_plain,DST,1,baseline,unperturbed,20.0,35-65,0.5599902234137623,0.6613205185913925,0.5488737747989275
T6_plain,DST,1,baseline,unperturbed,20.0,<=35,0.4071054456228957,0.5402502816714658,0.22413503619528624
T6_plain,DST,1,baseline,unperturbed,20.0,>65,0.3405022708333334,0.4697343041763147,-0.20994829128787876
T6_plain,DST,1,baseline,unperturbed,25.0,35-65,0.5500918133095132,0.6458433425367996,0.5486100794997768
T6_plain,DST,1,baseline,unperturbed,25.0,<=35,0.34925605094185097,0.452732970718378,0.31214757952497957
T6_plain,DST,1,baseline,unperturbed,25.0,>65,0.3587595382865809,0.45968186810218814,-0.02053979302501873
T6_plain,DST,1,baseline,unperturbed,30.0,35-65,0.7033970172335602,0.7515144378810746,0.7033970172335602
T6_plain,DST,1,baseline,unperturbed,30.0,<=35,0.4306886716566867,0.5122162998858694,0.3471582897804391
T6_plain,DST,1,baseline,unperturbed,30.0,>65,0.39121040358075354,0.5024479625914583,-0.07147371130175305
T6_plain,DST,1,baseline,unperturbed,40.0,35-65,0.7590187235401461,0.8163322857047043,0.758632879562044
T6_plain,DST,1,baseline,unperturbed,40.0,<=35,0.524972791500399,0.6064498899046483,0.45994564409417404
T6_plain,DST,1,baseline,unperturbed,40.0,>65,0.43719879362726943,0.5394861680559628,-0.008650677287884387
T6_plain,DST,1,baseline,unperturbed,50.0,35-65,0.8757492099497948,0.9468077624621793,0.8638785609310817
T6_plain,DST,1,baseline,unperturbed,50.0,<=35,0.5904389986909957,0.663489987629564,0.5418175007140025
T6_plain,DST,1,baseline,unperturbed,50.0,>65,0.43757646614872353,0.5335252995935696,0.020336932297447326
T6_plain,DST,1,current_bias,I_bias_+10_mA,-10.0,35-65,1.0577072572561859,1.2758192755514304,-0.09350618070465411
T6_plain,DST,1,current_bias,I_bias_+10_mA,-10.0,<=35,0.8406610700871997,1.1633655819584632,0.7562757260182911
T6_plain,DST,1,current_bias,I_bias_+10_mA,-10.0,>65,0.7439562852930276,0.8982474356565886,-0.6539133145784876
T6_plain,DST,1,current_bias,I_bias_+10_mA,0.0,35-65,0.8480921870824271,0.9638033093335463,-0.46823797665112427
T6_plain,DST,1,current_bias,I_bias_+10_mA,0.0,<=35,0.5717476716037492,0.735021305217794,0.035183826904995066
T6_plain,DST,1,current_bias,I_bias_+10_mA,0.0,>65,0.65421368214057,0.7690658890426658,-0.5860210617735874
T6_plain,DST,1,current_bias,I_bias_+10_mA,10.0,35-65,0.8783662687325923,0.9716610961248723,-0.6806449735029413
T6_plain,DST,1,current_bias,I_bias_+10_mA,10.0,<=35,0.485844270590415,0.6171293721201024,-0.16652844454607058
T6_plain,DST,1,current_bias,I_bias_+10_mA,10.0,>65,0.6385484592285156,0.7479958364001223,-0.5984474145840827
T6_plain,DST,1,current_bias,I_bias_+10_mA,20.0,35-65,0.6289846690850108,0.7026422772050546,-0.593422406636239
T6_plain,DST,1,current_bias,I_bias_+10_mA,20.0,<=35,0.37015492591008503,0.4570526887779922,-0.2242787916793233
T6_plain,DST,1,current_bias,I_bias_+10_mA,20.0,>65,0.6087316440545515,0.707261453113933,-0.5949950271301385
T6_plain,DST,1,current_bias,I_bias_+10_mA,25.0,35-65,0.700253319659766,0.7812335928505741,-0.6708167445554474
T6_plain,DST,1,current_bias,I_bias_+10_mA,25.0,<=35,0.27051227477228634,0.342989291746085,-0.1262022232485848
T6_plain,DST,1,current_bias,I_bias_+10_mA,25.0,>65,0.4677102017865183,0.5768887069468902,-0.42138820080139505
T6_plain,DST,1,current_bias,I_bias_+10_mA,30.0,35-65,0.5671230562634283,0.6369641741333704,-0.5373132585035432
T6_plain,DST,1,current_bias,I_bias_+10_mA,30.0,<=35,0.20463147855748348,0.2754781841597904,-0.07121091352872201
T6_plain,DST,1,current_bias,I_bias_+10_mA,30.0,>65,0.5204122270307985,0.6389431594120214,-0.47973368288037743
T6_plain,DST,1,current_bias,I_bias_+10_mA,40.0,35-65,0.6357902862253432,0.7144053708610065,-0.5847345089779632
T6_plain,DST,1,current_bias,I_bias_+10_mA,40.0,<=35,0.22287562334117753,0.28639362512340377,0.04884120004500619
T6_plain,DST,1,current_bias,I_bias_+10_mA,40.0,>65,0.49768924630784805,0.6279909757797019,-0.43088707492124234
T6_plain,DST,1,current_bias,I_bias_+10_mA,50.0,35-65,0.6175643599276139,0.7279283888303354,-0.5608533844116885
T6_plain,DST,1,current_bias,I_bias_+10_mA,50.0,<=35,0.25079036164446805,0.311820481607052,0.13417413999260377
T6_plain,DST,1,current_bias,I_bias_+10_mA,50.0,>65,0.49785354149566996,0.6155711718688821,-0.41458015382947516
T6_plain,DST,1,current_bias,I_bias_+20_mA,-10.0,35-65,1.4062578295106807,1.6740190011488145,-1.0217921917846808
T6_plain,DST,1,current_bias,I_bias_+20_mA,-10.0,<=35,0.6878207456676696,0.895346777746605,0.24812525112556874
T6_plain,DST,1,current_bias,I_bias_+20_mA,-10.0,>65,1.0702769179067686,1.269502551292782,-1.0553141493994367
T6_plain,DST,1,current_bias,I_bias_+20_mA,0.0,35-65,1.5797511803035116,1.708884928677451,-1.4735045139509733
T6_plain,DST,1,current_bias,I_bias_+20_mA,0.0,<=35,0.7144547355237366,0.865415851668253,-0.3482187763759008
T6_plain,DST,1,current_bias,I_bias_+20_mA,0.0,>65,0.9643394230629343,1.1214657464957267,-0.9498953108628652
T6_plain,DST,1,current_bias,I_bias_+20_mA,10.0,35-65,1.7903052345571724,1.9028147387435694,-1.7627082629291546
T6_plain,DST,1,current_bias,I_bias_+20_mA,10.0,<=35,0.75733656413854,0.9404417752120846,-0.626542393304389
T6_plain,DST,1,current_bias,I_bias_+20_mA,10.0,>65,0.9799726662859234,1.120200792302487,-0.9724780927526698
T6_plain,DST,1,current_bias,I_bias_+20_mA,20.0,35-65,1.7286357987729088,1.7826193585981476,-1.7286357987729088
T6_plain,DST,1,current_bias,I_bias_+20_mA,20.0,<=35,0.6747352432338573,0.8000231974802164,-0.6594210615453563
T6_plain,DST,1,current_bias,I_bias_+20_mA,20.0,>65,0.9912158909069986,1.0850602607451452,-0.9889105105759708
T6_plain,DST,1,current_bias,I_bias_+20_mA,25.0,35-65,1.8772496869497637,1.947025155952788,-1.8772050594044285
T6_plain,DST,1,current_bias,I_bias_+20_mA,25.0,<=35,0.6116821926640383,0.7243385499854811,-0.5520390569931912
T6_plain,DST,1,current_bias,I_bias_+20_mA,25.0,>65,0.8371664422115819,0.9385774360915857,-0.8322476062083499
T6_plain,DST,1,current_bias,I_bias_+20_mA,30.0,35-65,1.7601311035885834,1.828019981958906,-1.7601311035885834
T6_plain,DST,1,current_bias,I_bias_+20_mA,30.0,<=35,0.5045236044900562,0.5777669778000181,-0.4794080798339433
T6_plain,DST,1,current_bias,I_bias_+20_mA,30.0,>65,0.9018545357823384,1.0015338252847075,-0.8987949717460101
T6_plain,DST,1,current_bias,I_bias_+20_mA,40.0,35-65,1.907482862194747,2.00512252263804,-1.9061862882425666
T6_plain,DST,1,current_bias,I_bias_+20_mA,40.0,<=35,0.38358451749243605,0.44938713778433614,-0.3540859470383172
T6_plain,DST,1,current_bias,I_bias_+20_mA,40.0,>65,0.8713544498006532,0.9788925841429262,-0.8644066072227929
T6_plain,DST,1,current_bias,I_bias_+20_mA,50.0,35-65,1.9618428381363255,2.087583181628509,-1.9598458235681029
T6_plain,DST,1,current_bias,I_bias_+20_mA,50.0,<=35,0.31212293933468077,0.37692988669011285,-0.26564360142761223
T6_plain,DST,1,current_bias,I_bias_+20_mA,50.0,>65,0.8708478916094657,0.9801954484269183,-0.8610619366029661
T6_plain,DST,1,current_bias,I_bias_-10_mA,-10.0,35-65,1.7872975045946917,2.155975083930441,1.774959185688581
T6_plain,DST,1,current_bias,I_bias_-10_mA,-10.0,<=35,1.8213378283625918,2.0507748673156057,1.8213378283625918
T6_plain,DST,1,current_bias,I_bias_-10_mA,-10.0,>65,0.47448057933499643,0.6578381167093219,0.12249004078408383
T6_plain,DST,1,current_bias,I_bias_-10_mA,0.0,35-65,1.5407721764327889,1.763512408043468,1.5404912988154758
T6_plain,DST,1,current_bias,I_bias_-10_mA,0.0,<=35,0.8895312020193369,1.1851079986446,0.8448560256344385
T6_plain,DST,1,current_bias,I_bias_-10_mA,0.0,>65,0.3659687578023896,0.5256513306607523,0.1228121603011358
T6_plain,DST,1,current_bias,I_bias_-10_mA,10.0,35-65,1.4770646619654937,1.6543385962568693,1.4763894968416778
T6_plain,DST,1,current_bias,I_bias_-10_mA,10.0,<=35,0.8326258610803061,1.1000056818562682,0.8048901136626613
T6_plain,DST,1,current_bias,I_bias_-10_mA,10.0,>65,0.35417237590605577,0.4869008853704315,0.1299464752407134
T6_plain,DST,1,current_bias,I_bias_-10_mA,20.0,35-65,1.6952602642830108,1.7463166206726666,1.6952602642830108
T6_plain,DST,1,current_bias,I_bias_-10_mA,20.0,<=35,0.8203279467303719,0.970892954470721,0.6869198169543719
T6_plain,DST,1,current_bias,I_bias_-10_mA,20.0,>65,0.45117020207499303,0.5570124651948687,0.16660987122508542
T6_plain,DST,1,current_bias,I_bias_-10_mA,25.0,35-65,1.7777705740165965,1.815312714509305,1.7777705740165965
T6_plain,DST,1,current_bias,I_bias_-10_mA,25.0,<=35,0.7676434823061936,0.9147637462090202,0.7641186509223366
T6_plain,DST,1,current_bias,I_bias_-10_mA,25.0,>65,0.5613696809257583,0.6952975169655998,0.3709344465080709
T6_plain,DST,1,current_bias,I_bias_-10_mA,30.0,35-65,1.959114448617132,1.9825357205610898,1.959114448617132
T6_plain,DST,1,current_bias,I_bias_-10_mA,30.0,<=35,0.8199973732154642,0.965740520207887,0.7766200030495813
T6_plain,DST,1,current_bias,I_bias_-10_mA,30.0,>65,0.5644082010181205,0.7069354759647895,0.3268239824141403
T6_plain,DST,1,current_bias,I_bias_-10_mA,40.0,35-65,2.1220882562109673,2.1505303539268903,2.1220882562109673
T6_plain,DST,1,current_bias,I_bias_-10_mA,40.0,<=35,0.8992613844328778,1.0442958776868405,0.8805498732365477
T6_plain,DST,1,current_bias,I_bias_-10_mA,40.0,>65,0.6120516799392106,0.7818806832174563,0.4033058795877395
T6_plain,DST,1,current_bias,I_bias_-10_mA,50.0,35-65,2.303996839985745,2.362725664281795,2.303996839985745
T6_plain,DST,1,current_bias,I_bias_-10_mA,50.0,<=35,0.9832702108669046,1.0951818792486423,0.9583980626106416
T6_plain,DST,1,current_bias,I_bias_-10_mA,50.0,>65,0.6230989781779671,0.7998675031970445,0.44472210204234736
T6_plain,DST,1,current_bias,I_bias_-20_mA,-10.0,35-65,2.7115185416319014,2.976607147669439,2.7115185416319014
T6_plain,DST,1,current_bias,I_bias_-20_mA,-10.0,<=35,2.379795318833266,2.572511259679293,2.379795318833266
T6_plain,DST,1,current_bias,I_bias_-20_mA,-10.0,>65,0.645132231820558,0.9003044271294999,0.49842282244774333
T6_plain,DST,1,current_bias,I_bias_-20_mA,0.0,35-65,2.539927030937581,2.694664562355374,2.539927030937581
T6_plain,DST,1,current_bias,I_bias_-20_mA,0.0,<=35,1.301256672980217,1.6057501468494466,1.2722453139877083
T6_plain,DST,1,current_bias,I_bias_-20_mA,0.0,>65,0.5756557776488442,0.7692457462967728,0.4683066093261579
T6_plain,DST,1,current_bias,I_bias_-20_mA,10.0,35-65,2.5466462089846185,2.6767909702221644,2.5466462089846185
T6_plain,DST,1,current_bias,I_bias_-20_mA,10.0,<=35,1.336309567699899,1.6395632584395332,1.3178946685048645
T6_plain,DST,1,current_bias,I_bias_-20_mA,10.0,>65,0.6012971138957894,0.7567557413122863,0.48466395274892654
T6_plain,DST,1,current_bias,I_bias_-20_mA,20.0,35-65,2.8421986570772813,2.8887848824416844,2.8421986570772813
T6_plain,DST,1,current_bias,I_bias_-20_mA,20.0,<=35,1.289429594480818,1.4915730998800791,1.165437638307765
T6_plain,DST,1,current_bias,I_bias_-20_mA,20.0,>65,0.6876833717869499,0.8622333229183288,0.5350939108749043
T6_plain,DST,1,current_bias,I_bias_-20_mA,25.0,35-65,3.0121090920873135,3.048825158285153,3.0121090920873135
T6_plain,DST,1,current_bias,I_bias_-20_mA,25.0,<=35,1.2322142322531355,1.440009151521306,1.2312161560958212
T6_plain,DST,1,current_bias,I_bias_-20_mA,25.0,>65,0.8457025188176907,1.05855249610698,0.7536525130482258
T6_plain,DST,1,current_bias,I_bias_-20_mA,30.0,35-65,3.222798136960379,3.251124108969949,3.222798136960379
T6_plain,DST,1,current_bias,I_bias_-20_mA,30.0,<=35,1.2401017326002006,1.4613960456279882,1.2186607303058823
T6_plain,DST,1,current_bias,I_bias_-20_mA,30.0,>65,0.8255275047192457,1.0582014858533486,0.7159319030298605
T6_plain,DST,1,current_bias,I_bias_-20_mA,40.0,35-65,3.4965129782838194,3.5319034891248084,3.4965129782838194
T6_plain,DST,1,current_bias,I_bias_-20_mA,40.0,<=35,1.3198146505545885,1.5143272296798873,1.3126490179401826
T6_plain,DST,1,current_bias,I_bias_-20_mA,40.0,>65,0.8881425177017217,1.1509176704002055,0.8058757895297614
T6_plain,DST,1,current_bias,I_bias_-20_mA,50.0,35-65,3.757835443822895,3.8289721452499426,3.757835443822895
T6_plain,DST,1,current_bias,I_bias_-20_mA,50.0,<=35,1.4016498580509518,1.5534013200480943,1.3855381168810834
T6_plain,DST,1,current_bias,I_bias_-20_mA,50.0,>65,0.9233864008375104,1.1885482097681668,0.8595039560565446
T6_plain,DST,1,voltage_bias,V_bias_+10_mV,-10.0,35-65,4.487724927577984,4.671506566343462,4.487724927577984
T6_plain,DST,1,voltage_bias,V_bias_+10_mV,-10.0,<=35,3.434160953751479,3.6009857051249043,3.434160953751479
T6_plain,DST,1,voltage_bias,V_bias_+10_mV,-10.0,>65,1.2787143786100041,1.5967199057212829,1.2224354618723157
T6_plain,DST,1,voltage_bias,V_bias_+10_mV,0.0,35-65,5.6353843462236535,5.755753405845455,5.6353843462236535
T6_plain,DST,1,voltage_bias,V_bias_+10_mV,0.0,<=35,2.677273088286335,3.163366921114632,2.662073737397948
T6_plain,DST,1,voltage_bias,V_bias_+10_mV,0.0,>65,1.5684446541858519,1.8833155382760005,1.5527060894332403
T6_plain,DST,1,voltage_bias,V_bias_+10_mV,10.0,35-65,6.639869779314727,6.774840011908915,6.639869779314727
T6_plain,DST,1,voltage_bias,V_bias_+10_mV,10.0,<=35,3.491671061381613,4.120206539823722,3.4881333255808245
T6_plain,DST,1,voltage_bias,V_bias_+10_mV,10.0,>65,1.8618291905395914,2.201769234832155,1.8508690613033938
T6_plain,DST,1,voltage_bias,V_bias_+10_mV,20.0,35-65,7.73988904502768,7.836892468131379,7.73988904502768
T6_plain,DST,1,voltage_bias,V_bias_+10_mV,20.0,<=35,3.5521888726973883,4.137690638398807,3.454467971482791
T6_plain,DST,1,voltage_bias,V_bias_+10_mV,20.0,>65,2.105320070035021,2.5117597996492202,2.0938521525355713
T6_plain,DST,1,voltage_bias,V_bias_+10_mV,25.0,35-65,8.326052859805294,8.433064501383772,8.326052859805294
T6_plain,DST,1,voltage_bias,V_bias_+10_mV,25.0,<=35,3.5036361019841715,4.100821304525955,3.5036361019841715
T6_plain,DST,1,voltage_bias,V_bias_+10_mV,25.0,>65,2.3917982220004927,2.8089190584828057,2.3819820631203585
T6_plain,DST,1,voltage_bias,V_bias_+10_mV,30.0,35-65,8.818367200166486,8.927583049754853,8.818367200166486
T6_plain,DST,1,voltage_bias,V_bias_+10_mV,30.0,<=35,3.478096088380937,4.106357267659834,3.476630437943134
T6_plain,DST,1,voltage_bias,V_bias_+10_mV,30.0,>65,2.438509118615611,2.873099683586197,2.4279840452808923
T6_plain,DST,1,voltage_bias,V_bias_+10_mV,40.0,35-65,9.555210908283943,9.69755673031488,9.555210908283943
T6_plain,DST,1,voltage_bias,V_bias_+10_mV,40.0,<=35,3.593770295329524,4.14401498630354,3.593770295329524
T6_plain,DST,1,voltage_bias,V_bias_+10_mV,40.0,>65,2.6152125337100176,3.053608502950375,2.602766538936382
T6_plain,DST,1,voltage_bias,V_bias_+10_mV,50.0,35-65,10.047989343770897,10.246685483065992,10.047989343770897
T6_plain,DST,1,voltage_bias,V_bias_+10_mV,50.0,<=35,3.631777581071746,4.124377011563314,3.631777581071746
T6_plain,DST,1,voltage_bias,V_bias_+10_mV,50.0,>65,2.722709402234511,3.157779579145308,2.7065790225330426
T6_plain,DST,1,voltage_bias,V_bias_+1_mV,-10.0,35-65,1.3381612238322056,1.7216619855677182,1.2030201561562572
T6_plain,DST,1,voltage_bias,V_bias_+1_mV,-10.0,<=35,1.482964048112043,1.7484333836824884,1.482964048112043
T6_plain,DST,1,voltage_bias,V_bias_+1_mV,-10.0,>65,0.47655932584877536,0.617554231865962,-0.10778797498769202
T6_plain,DST,1,voltage_bias,V_bias_+1_mV,0.0,35-65,1.0640376989139844,1.3521888619547808,1.0524724191411043
T6_plain,DST,1,voltage_bias,V_bias_+1_mV,0.0,<=35,0.71982179262359,1.0086144788447178,0.636529229574026
T6_plain,DST,1,voltage_bias,V_bias_+1_mV,0.0,>65,0.35256966023150843,0.4834674295130717,-0.04396774167749111
T6_plain,DST,1,voltage_bias,V_bias_+1_mV,10.0,35-65,1.0437441908596163,1.2640983759713693,1.0362199502761142
T6_plain,DST,1,voltage_bias,V_bias_+1_mV,10.0,<=35,0.6449907795251282,0.9040548633659912,0.5972992420180855
T6_plain,DST,1,voltage_bias,V_bias_+1_mV,10.0,>65,0.31434522968712203,0.4385611726305027,-0.013787464713499337
T6_plain,DST,1,voltage_bias,V_bias_+1_mV,20.0,35-65,1.2757044923210519,1.3346633570516007,1.2751488331961272
T6_plain,DST,1,voltage_bias,V_bias_+1_mV,20.0,<=35,0.6542370742505533,0.7944214470407631,0.5148377173799891
T6_plain,DST,1,voltage_bias,V_bias_+1_mV,20.0,>65,0.3869301956096592,0.4871209345720291,0.0336670167700623
T6_plain,DST,1,voltage_bias,V_bias_+1_mV,25.0,35-65,1.330293038611623,1.3746501782024356,1.330293038611623
T6_plain,DST,1,voltage_bias,V_bias_+1_mV,25.0,<=35,0.6067218366612797,0.7339581729603373,0.5982152392479003
T6_plain,DST,1,voltage_bias,V_bias_+1_mV,25.0,>65,0.4800300380308255,0.586615981285641,0.23411327006084234
T6_plain,DST,1,voltage_bias,V_bias_+1_mV,30.0,35-65,1.5218434821002604,1.5468294034353687,1.5218434821002604
T6_plain,DST,1,voltage_bias,V_bias_+1_mV,30.0,<=35,0.6801752250230739,0.8007878372862625,0.6272265507144397
T6_plain,DST,1,voltage_bias,V_bias_+1_mV,30.0,>65,0.49576520827896486,0.6108452561172071,0.19412489006636097
T6_plain,DST,1,voltage_bias,V_bias_+1_mV,40.0,35-65,1.6548279125153236,1.684870632676953,1.6548279125153236
T6_plain,DST,1,voltage_bias,V_bias_+1_mV,40.0,<=35,0.7647032277651566,0.8901819040532515,0.7371155271932547
T6_plain,DST,1,voltage_bias,V_bias_+1_mV,40.0,>65,0.5418827139954654,0.6784696916628286,0.2686800043578174
T6_plain,DST,1,voltage_bias,V_bias_+1_mV,50.0,35-65,1.8095389940606574,1.8677289584372336,1.8095389940606574
T6_plain,DST,1,voltage_bias,V_bias_+1_mV,50.0,<=35,0.8451314496569106,0.9438696616477604,0.8157853943783122
T6_plain,DST,1,voltage_bias,V_bias_+1_mV,50.0,>65,0.5472136998765659,0.6884596517156489,0.30554398633733776
T6_plain,DST,1,voltage_bias,V_bias_+2_mV,-10.0,35-65,1.6049484537271825,1.991001391584885,1.5672339680140945
T6_plain,DST,1,voltage_bias,V_bias_+2_mV,-10.0,<=35,1.6882034285114287,1.932979566172093,1.6882034285114287
T6_plain,DST,1,voltage_bias,V_bias_+2_mV,-10.0,>65,0.46734693295366475,0.6323264827209517,0.04464130105482236
T6_plain,DST,1,voltage_bias,V_bias_+2_mV,0.0,35-65,1.5674386123254098,1.789718266723926,1.5673167968354735
T6_plain,DST,1,voltage_bias,V_bias_+2_mV,0.0,<=35,0.8913882044690423,1.189746631054309,0.8443775893171167
T6_plain,DST,1,voltage_bias,V_bias_+2_mV,0.0,>65,0.37105479610247943,0.532308539460011,0.13910285960512672
T6_plain,DST,1,voltage_bias,V_bias_+2_mV,10.0,35-65,1.6714430373829599,1.8348333803585262,1.6711271269272285
T6_plain,DST,1,voltage_bias,V_bias_+2_mV,10.0,<=35,0.9159330294617475,1.1870555065678448,0.8906726467091456
T6_plain,DST,1,voltage_bias,V_bias_+2_mV,10.0,>65,0.3945793495784073,0.5263756961426899,0.2013699783308492
T6_plain,DST,1,voltage_bias,V_bias_+2_mV,20.0,35-65,2.0026584212259184,2.0503406333361776,2.0026584212259184
T6_plain,DST,1,voltage_bias,V_bias_+2_mV,20.0,<=35,0.940676740200344,1.100441381850897,0.8115476114070358
T6_plain,DST,1,voltage_bias,V_bias_+2_mV,20.0,>65,0.5090120492934315,0.6323996526180261,0.27407628263504147
T6_plain,DST,1,voltage_bias,V_bias_+2_mV,25.0,35-65,2.1153878430112405,2.1504013057462616,2.1153878430112405
T6_plain,DST,1,voltage_bias,V_bias_+2_mV,25.0,<=35,0.8920780444887493,1.0515432871538697,0.8899934878385122
T6_plain,DST,1,voltage_bias,V_bias_+2_mV,25.0,>65,0.6415423817760421,0.7962160458397649,0.4852134558477339
T6_plain,DST,1,voltage_bias,V_bias_+2_mV,30.0,35-65,2.3454941922667074,2.368903827627651,2.3454941922667074
T6_plain,DST,1,voltage_bias,V_bias_+2_mV,30.0,<=35,0.9449800331959648,1.112748142014563,0.9121731803544296
T6_plain,DST,1,voltage_bias,V_bias_+2_mV,30.0,>65,0.6391076725619131,0.8138436127331835,0.45578873816358484
T6_plain,DST,1,voltage_bias,V_bias_+2_mV,40.0,35-65,2.5585309401309053,2.58754980446406,2.5585309401309053
T6_plain,DST,1,voltage_bias,V_bias_+2_mV,40.0,<=35,1.0295878803847005,1.1906715041729912,1.0187192666496792
T6_plain,DST,1,voltage_bias,V_bias_+2_mV,40.0,>65,0.6936439426311762,0.9003295179235354,0.5418994608944485
T6_plain,DST,1,voltage_bias,V_bias_+2_mV,50.0,35-65,2.7628526438767484,2.8238927899214965,2.7628526438767484
T6_plain,DST,1,voltage_bias,V_bias_+2_mV,50.0,<=35,1.1139232178634269,1.2375614874228589,1.093903960110106
T6_plain,DST,1,voltage_bias,V_bias_+2_mV,50.0,>65,0.7126093821820574,0.9246434212529311,0.5865462516162065
T6_plain,DST,1,voltage_bias,V_bias_+5_mV,-10.0,35-65,2.662055107249139,2.934437344612871,2.662055107249139
T6_plain,DST,1,voltage_bias,V_bias_+5_mV,-10.0,<=35,2.3206700775271734,2.523302061444899,2.3206700775271734
T6_plain,DST,1,voltage_bias,V_bias_+5_mV,-10.0,>65,0.6422208421212927,0.8955453615653888,0.4947192919271344
T6_plain,DST,1,voltage_bias,V_bias_+5_mV,0.0,35-65,3.106042574706814,3.2458710067212464,3.106042574706814
T6_plain,DST,1,voltage_bias,V_bias_+5_mV,0.0,<=35,1.5195130104668253,1.8511263371376316,1.492865079205303
T6_plain,DST,1,voltage_bias,V_bias_+5_mV,0.0,>65,0.7527805633463711,0.9640066754030552,0.6795683124188835
T6_plain,DST,1,voltage_bias,V_bias_+5_mV,10.0,35-65,3.56215228404996,3.679527520514154,3.56215228404996
T6_plain,DST,1,voltage_bias,V_bias_+5_mV,10.0,<=35,1.8244760112407554,2.190725066495459,1.8111070451980988
T6_plain,DST,1,voltage_bias,V_bias_+5_mV,10.0,>65,0.8913340309959199,1.1006853464027133,0.8346042313567926
T6_plain,DST,1,voltage_bias,V_bias_+5_mV,20.0,35-65,4.182325200914923,4.234921058979775,4.182325200914923
T6_plain,DST,1,voltage_bias,V_bias_+5_mV,20.0,<=35,1.8547669500928827,2.1401124039963633,1.741975049484813
T6_plain,DST,1,voltage_bias,V_bias_+5_mV,20.0,>65,1.0392276109090979,1.3058102483409568,0.9770771401580348
T6_plain,DST,1,voltage_bias,V_bias_+5_mV,25.0,35-65,4.475670678028177,4.5225336451630245,4.475670678028177
T6_plain,DST,1,voltage_bias,V_bias_+5_mV,25.0,<=35,1.8048868348355582,2.0951870366206173,1.804787155190731
T6_plain,DST,1,voltage_bias,V_bias_+5_mV,25.0,>65,1.2512061651702373,1.5427565761541993,1.2186507224072045
T6_plain,DST,1,voltage_bias,V_bias_+5_mV,30.0,35-65,4.819417645394424,4.861800536657901,4.819417645394424
T6_plain,DST,1,voltage_bias,V_bias_+5_mV,30.0,<=35,1.8121590725775605,2.123731290388748,1.8030283688824125
T6_plain,DST,1,voltage_bias,V_bias_+5_mV,30.0,>65,1.2542999122164087,1.5709768574074559,1.2191032581290246
T6_plain,DST,1,voltage_bias,V_bias_+5_mV,40.0,35-65,5.264210924934957,5.319360394003176,5.264210924934957
T6_plain,DST,1,voltage_bias,V_bias_+5_mV,40.0,<=35,1.900264736311175,2.1607656619732,1.8992587909480099
T6_plain,DST,1,voltage_bias,V_bias_+5_mV,40.0,>65,1.3665336154917054,1.6947696998575394,1.3390939970887146
T6_plain,DST,1,voltage_bias,V_bias_+5_mV,50.0,35-65,5.6209262935182265,5.716879474297342,5.6209262935182265
T6_plain,DST,1,voltage_bias,V_bias_+5_mV,50.0,<=35,1.9654622969670452,2.1781725516597445,1.9606074943451464
T6_plain,DST,1,voltage_bias,V_bias_+5_mV,50.0,>65,1.4325115255790426,1.7522217920056473,1.4065569470366188
T6_plain,DST,1,voltage_bias,V_bias_-10_mV,-10.0,35-65,2.779235174064008,3.116987707273935,-2.7437573509428317
T6_plain,DST,1,voltage_bias,V_bias_-10_mV,-10.0,<=35,0.9051610171540788,1.004081490062198,-0.6085125711315791
T6_plain,DST,1,voltage_bias,V_bias_-10_mV,-10.0,>65,1.8735373732380685,2.1267756523553567,-1.8735373732380685
T6_plain,DST,1,voltage_bias,V_bias_-10_mV,0.0,35-65,4.5884704758106025,4.6998265214979895,-4.5884704758106025
T6_plain,DST,1,voltage_bias,V_bias_-10_mV,0.0,<=35,1.5044410640888248,1.8442800340523477,-1.4034946839262128
T6_plain,DST,1,voltage_bias,V_bias_-10_mV,0.0,>65,2.1653837225222836,2.4375003857448276,-2.1653837225222836
T6_plain,DST,1,voltage_bias,V_bias_-10_mV,10.0,35-65,5.946040615633866,6.02691171275024,-5.946040615633866
T6_plain,DST,1,voltage_bias,V_bias_-10_mV,10.0,<=35,2.2574606186235604,2.689590970115665,-2.244798303583092
T6_plain,DST,1,voltage_bias,V_bias_-10_mV,10.0,>65,2.5266895491575747,2.824234094814627,-2.526676910374517
T6_plain,DST,1,voltage_bias,V_bias_-10_mV,20.0,35-65,6.497698499057299,6.568944683440142,-6.497698499057299
T6_plain,DST,1,voltage_bias,V_bias_-10_mV,20.0,<=35,2.4097192080863765,2.7160709651568866,-2.4097192080863765
T6_plain,DST,1,voltage_bias,V_bias_-10_mV,20.0,>65,2.839103214158648,3.1134559014734586,-2.8390953607449214
T6_plain,DST,1,voltage_bias,V_bias_-10_mV,25.0,35-65,6.905156261716079,7.0155417695880375,-6.905156261716079
T6_plain,DST,1,voltage_bias,V_bias_-10_mV,25.0,<=35,2.3024272936862626,2.6670718929734853,-2.2909171229986613
T6_plain,DST,1,voltage_bias,V_bias_-10_mV,25.0,>65,2.794979781227505,3.0835333217771788,-2.794364678603692
T6_plain,DST,1,voltage_bias,V_bias_-10_mV,30.0,35-65,6.974537786649711,7.115961749180381,-6.974537786649711
T6_plain,DST,1,voltage_bias,V_bias_-10_mV,30.0,<=35,2.2341936603387405,2.504532545004024,-2.2341936603387405
T6_plain,DST,1,voltage_bias,V_bias_-10_mV,30.0,>65,2.988703022704674,3.2715984440334576,-2.9887001369846944
T6_plain,DST,1,voltage_bias,V_bias_-10_mV,40.0,35-65,7.482142349833763,7.716331416499785,-7.482142349833763
T6_plain,DST,1,voltage_bias,V_bias_-10_mV,40.0,<=35,2.1360815776629387,2.3250599109526866,-2.1360815776629387
T6_plain,DST,1,voltage_bias,V_bias_-10_mV,40.0,>65,3.0664906372554364,3.3414150504749527,-3.0664906372554364
T6_plain,DST,1,voltage_bias,V_bias_-10_mV,50.0,35-65,7.754115867069615,8.079019017652564,-7.754115867069615
T6_plain,DST,1,voltage_bias,V_bias_-10_mV,50.0,<=35,2.0296587932689527,2.189859451097124,-2.029130100760157
T6_plain,DST,1,voltage_bias,V_bias_-10_mV,50.0,>65,3.1240622011959003,3.410294999817553,-3.1240622011959003
T6_plain,DST,1,voltage_bias,V_bias_-1_mV,-10.0,35-65,1.0534930926574009,1.3360642784419572,0.47633001977263023
T6_plain,DST,1,voltage_bias,V_bias_-1_mV,-10.0,<=35,1.096170440170712,1.4045850504637292,1.080528180789227
T6_plain,DST,1,voltage_bias,V_bias_-1_mV,-10.0,>65,0.5915191045864576,0.7256880818366146,-0.4164296098351675
T6_plain,DST,1,voltage_bias,V_bias_-1_mV,0.0,35-65,0.6429485902945858,0.8357669908709257,0.021459030621766306
T6_plain,DST,1,voltage_bias,V_bias_-1_mV,0.0,<=35,0.5587847465115289,0.7645478495662569,0.23277516306189638
T6_plain,DST,1,voltage_bias,V_bias_-1_mV,0.0,>65,0.5301632281794604,0.6292551966500656,-0.4146662885681164
T6_plain,DST,1,voltage_bias,V_bias_-1_mV,10.0,35-65,0.6000653390269279,0.7320850701661035,-0.23755370721691113
T6_plain,DST,1,voltage_bias,V_bias_-1_mV,10.0,<=35,0.4307128320315997,0.5836973608125948,0.02963431831651495
T6_plain,DST,1,voltage_bias,V_bias_-1_mV,10.0,>65,0.5215205590016738,0.619340582285357,-0.4504030222100915
T6_plain,DST,1,voltage_bias,V_bias_-1_mV,20.0,35-65,0.3329363120468759,0.4062629729944332,-0.17534286806079297
T6_plain,DST,1,voltage_bias,V_bias_-1_mV,20.0,<=35,0.333060503570732,0.4217818291163995,-0.06090476537334976
T6_plain,DST,1,voltage_bias,V_bias_-1_mV,20.0,>65,0.4893424314075701,0.5971081277872204,-0.45687322443165634
T6_plain,DST,1,voltage_bias,V_bias_-1_mV,25.0,35-65,0.364239576185982,0.4349913238239527,-0.2286477215374448
T6_plain,DST,1,voltage_bias,V_bias_-1_mV,25.0,<=35,0.2308933839637252,0.30006726496847264,0.031429324334482464
T6_plain,DST,1,voltage_bias,V_bias_-1_mV,25.0,>65,0.3695517177122924,0.4929692307118875,-0.27890707302918316
T6_plain,DST,1,voltage_bias,V_bias_-1_mV,30.0,35-65,0.2709378462632436,0.3216796212936909,-0.10818961168522208
T6_plain,DST,1,voltage_bias,V_bias_-1_mV,30.0,<=35,0.2281701525006682,0.29843832266964493,0.07160597942461103
T6_plain,DST,1,voltage_bias,V_bias_-1_mV,30.0,>65,0.42801788929568685,0.5557761619153657,-0.3412180909477271
T6_plain,DST,1,voltage_bias,V_bias_-1_mV,40.0,35-65,0.3020103505125951,0.37870863491599416,-0.12827410000279002
T6_plain,DST,1,voltage_bias,V_bias_-1_mV,40.0,<=35,0.313345429982056,0.36445002168212876,0.18671514790919197
T6_plain,DST,1,voltage_bias,V_bias_-1_mV,40.0,>65,0.43673846793626403,0.5582824996381163,-0.2903368822617873
T6_plain,DST,1,voltage_bias,V_bias_-1_mV,50.0,35-65,0.3084944944986633,0.41527108871124896,-0.07513364334080325
T6_plain,DST,1,voltage_bias,V_bias_-1_mV,50.0,<=35,0.35169837434762546,0.4119134673275199,0.2715909233035348
T6_plain,DST,1,voltage_bias,V_bias_-1_mV,50.0,>65,0.4361580828910317,0.5442342867773904,-0.26933243738798374
T6_plain,DST,1,voltage_bias,V_bias_-2_mV,-10.0,35-65,1.0341169346460226,1.266515756554169,0.11406933302089835
T6_plain,DST,1,voltage_bias,V_bias_-2_mV,-10.0,<=35,0.92927161315119,1.2495408713223022,0.8832136187201818
T6_plain,DST,1,voltage_bias,V_bias_-2_mV,-10.0,>65,0.6881745845360778,0.8327512038396403,-0.5726959530295862
T6_plain,DST,1,voltage_bias,V_bias_-2_mV,0.0,35-65,0.8593690048750983,0.9719736955910354,-0.49417754470086994
T6_plain,DST,1,voltage_bias,V_bias_-2_mV,0.0,<=35,0.5697573136644062,0.7322929915409323,0.0366992302202956
T6_plain,DST,1,voltage_bias,V_bias_-2_mV,0.0,>65,0.6668386888359265,0.7825633064163202,-0.6023584154032315
T6_plain,DST,1,voltage_bias,V_bias_-2_mV,10.0,35-65,1.0256396690796674,1.1173144800378474,-0.8754785231135148
T6_plain,DST,1,voltage_bias,V_bias_-2_mV,10.0,<=35,0.5191411061956144,0.6525250098992365,-0.24501643339299561
T6_plain,DST,1,voltage_bias,V_bias_-2_mV,10.0,>65,0.7013279707013893,0.8166155189289834,-0.6719311790614808
T6_plain,DST,1,voltage_bias,V_bias_-2_mV,20.0,35-65,0.9092141841188964,0.9765214036511611,-0.896755729216234
T6_plain,DST,1,voltage_bias,V_bias_-2_mV,20.0,<=35,0.4263855762829767,0.5248471935070649,-0.3405824113194908
T6_plain,DST,1,voltage_bias,V_bias_-2_mV,20.0,>65,0.7133037111271251,0.8074095419442179,-0.7072040807837978
T6_plain,DST,1,voltage_bias,V_bias_-2_mV,25.0,35-65,1.0131607275603014,1.0879659459496915,-1.0006548713334644
T6_plain,DST,1,voltage_bias,V_bias_-2_mV,25.0,<=35,0.34582253257933643,0.4255007927202721,-0.2442397996978585
T6_plain,DST,1,voltage_bias,V_bias_-2_mV,25.0,>65,0.5666772142784863,0.6689169099157491,-0.5411452995155743
T6_plain,DST,1,voltage_bias,V_bias_-2_mV,30.0,35-65,0.9172569739124117,0.9884977898938869,-0.9121241528338857
T6_plain,DST,1,voltage_bias,V_bias_-2_mV,30.0,<=35,0.26346255671822033,0.3324644435125326,-0.19969146064205495
T6_plain,DST,1,voltage_bias,V_bias_-2_mV,30.0,>65,0.6325744206495899,0.7429676933274342,-0.6153319242517229
T6_plain,DST,1,voltage_bias,V_bias_-2_mV,40.0,35-65,1.023001064538336,1.1094290069116055,-1.0058262831166191
T6_plain,DST,1,voltage_bias,V_bias_-2_mV,40.0,<=35,0.1998798509869347,0.2803381649149942,-0.08295135389260498
T6_plain,DST,1,voltage_bias,V_bias_-2_mV,40.0,>65,0.6113553316627213,0.7295771475330911,-0.5766508631127081
T6_plain,DST,1,voltage_bias,V_bias_-2_mV,50.0,35-65,1.0251945206806143,1.1377539524123312,-1.006073105089352
T6_plain,DST,1,voltage_bias,V_bias_-2_mV,50.0,<=35,0.2083155932470083,0.26664834802508686,0.004789485017680509
T6_plain,DST,1,voltage_bias,V_bias_-2_mV,50.0,>65,0.6066680235675976,0.7204086602953871,-0.5637447025100308
T6_plain,DST,1,voltage_bias,V_bias_-5_mV,-10.0,35-65,1.3702996507599257,1.636254281364572,-0.9670764608285358
T6_plain,DST,1,voltage_bias,V_bias_-5_mV,-10.0,<=35,0.6715929070541383,0.9008270432084124,0.306246692264684
T6_plain,DST,1,voltage_bias,V_bias_-5_mV,-10.0,>65,1.0655190410468394,1.2614039586291004,-1.0496476324400417
T6_plain,DST,1,voltage_bias,V_bias_-5_mV,0.0,35-65,2.064909336202119,2.2171612779864542,-2.0384921728757353
T6_plain,DST,1,voltage_bias,V_bias_-5_mV,0.0,<=35,0.8128658837601701,0.9941556686628664,-0.5293414611266462
T6_plain,DST,1,voltage_bias,V_bias_-5_mV,0.0,>65,1.1779788617179716,1.3538862262339084,-1.175261936174219
T6_plain,DST,1,voltage_bias,V_bias_-5_mV,10.0,35-65,2.78793750111725,2.889114282666983,-2.78793750111725
T6_plain,DST,1,voltage_bias,V_bias_-5_mV,10.0,<=35,1.0926606731098905,1.3467552346161598,-1.0344297498547057
T6_plain,DST,1,voltage_bias,V_bias_-5_mV,10.0,>65,1.3512738755324405,1.5211743231328794,-1.3498370817907523
T6_plain,DST,1,voltage_bias,V_bias_-5_mV,20.0,35-65,3.037601331279881,3.0861383637698703,-3.037601331279881
T6_plain,DST,1,voltage_bias,V_bias_-5_mV,20.0,<=35,1.1536353335103344,1.3110562878437455,-1.1498446466611159
T6_plain,DST,1,voltage_bias,V_bias_-5_mV,20.0,>65,1.480616576909025,1.6032542297334298,-1.4794003203780552
T6_plain,DST,1,voltage_bias,V_bias_-5_mV,25.0,35-65,3.2776867263331204,3.348836394029177,-3.2776867263331204
T6_plain,DST,1,voltage_bias,V_bias_-5_mV,25.0,<=35,1.0762641112119007,1.2566343333391288,-1.0432283180266269
T6_plain,DST,1,voltage_bias,V_bias_-5_mV,25.0,>65,1.3552517998608637,1.4799942471785903,-1.352692030908418
T6_plain,DST,1,voltage_bias,V_bias_-5_mV,30.0,35-65,3.271146125200357,3.3496605794398913,-3.271146125200357
T6_plain,DST,1,voltage_bias,V_bias_-5_mV,30.0,<=35,0.9938406157313658,1.118381714114998,-0.989845336247011
T6_plain,DST,1,voltage_bias,V_bias_-5_mV,30.0,>65,1.4672626050753907,1.5855848470522025,-1.4662304541204694
T6_plain,DST,1,voltage_bias,V_bias_-5_mV,40.0,35-65,3.5643975641777397,3.6875418875861263,-3.5643975641777397
T6_plain,DST,1,voltage_bias,V_bias_-5_mV,40.0,<=35,0.8765954505641345,0.9642183809477564,-0.8732203669587322
T6_plain,DST,1,voltage_bias,V_bias_-5_mV,40.0,>65,1.4664080399936423,1.5859216698662113,-1.4662723984460708
T6_plain,DST,1,voltage_bias,V_bias_-5_mV,50.0,35-65,3.697990920889753,3.8653506743625394,-3.697990920889753
T6_plain,DST,1,voltage_bias,V_bias_-5_mV,50.0,<=35,0.7877675520730145,0.8618196444101063,-0.7774645174386848
T6_plain,DST,1,voltage_bias,V_bias_-5_mV,50.0,>65,1.4784437886864046,1.606130590131117,-1.4783885678243918
T6_plain,DST,2,baseline,unperturbed,-10.0,35-65,0.9757102830440587,1.1814966663951563,-0.08575888829550507
T6_plain,DST,2,baseline,unperturbed,-10.0,<=35,0.6861439083333333,0.9675942208111153,0.382279886111111
T6_plain,DST,2,baseline,unperturbed,-10.0,>65,0.6501419368340943,0.8106742557244957,-0.49651519254185694
T6_plain,DST,2,baseline,unperturbed,0.0,35-65,0.5925416281652599,0.7147203001483098,-0.148565651266104
T6_plain,DST,2,baseline,unperturbed,0.0,<=35,0.5204320703394547,0.6407919315815817,-0.1691034070116861
T6_plain,DST,2,baseline,unperturbed,0.0,>65,0.4865623244376667,0.6173755650556376,-0.38618777849790314
T6_plain,DST,2,baseline,unperturbed,10.0,35-65,0.3909404006294965,0.49261854759278867,-0.12673423875899278
T6_plain,DST,2,baseline,unperturbed,10.0,<=35,0.3507205482743164,0.47587533945438065,0.06299534271627068
T6_plain,DST,2,baseline,unperturbed,10.0,>65,0.4524178392857143,0.555978731969942,-0.36870292857142856
T6_plain,DST,2,baseline,unperturbed,20.0,35-65,0.24264244593386955,0.3165281806895781,0.05140451742627334
T6_plain,DST,2,baseline,unperturbed,20.0,<=35,0.31505315050505045,0.41597440252898016,0.00018765732323228182
T6_plain,DST,2,baseline,unperturbed,20.0,>65,0.39669855151515154,0.544227187030615,-0.3656664462121212
T6_plain,DST,2,baseline,unperturbed,25.0,35-65,0.30467290308173295,0.40572976278014966,0.22449068602054484
T6_plain,DST,2,baseline,unperturbed,25.0,<=35,0.3150328759213759,0.44500018916135214,0.2920056833742834
T6_plain,DST,2,baseline,unperturbed,25.0,>65,0.28001976762699005,0.42183189272390675,-0.16911231880212252
T6_plain,DST,2,baseline,unperturbed,30.0,35-65,0.2520944943310657,0.3327820633055204,0.17114957732426317
T6_plain,DST,2,baseline,unperturbed,30.0,<=35,0.3000273910978044,0.39993417016870997,0.1642240458682635
T6_plain,DST,2,baseline,unperturbed,30.0,>65,0.33535359418127586,0.4601388169385039,-0.17450567474822823
T6_plain,DST,2,baseline,unperturbed,40.0,35-65,0.4189909265510949,0.5143793076177395,0.41271781249999995
T6_plain,DST,2,baseline,unperturbed,40.0,<=35,0.4703873070630487,0.5676323115428972,0.38069818774940145
T6_plain,DST,2,baseline,unperturbed,40.0,>65,0.3649314334938866,0.46591689771719447,-0.0873063093738422
T6_plain,DST,2,baseline,unperturbed,50.0,35-65,0.5740353048836149,0.6457302640692163,0.5691615531720676
T6_plain,DST,2,baseline,unperturbed,50.0,<=35,0.47107845946053156,0.5700799050965104,0.4572892907179691
T6_plain,DST,2,baseline,unperturbed,50.0,>65,0.4052780418054015,0.5144617580375772,-0.0843802563817981
T6_plain,DST,2,current_bias,I_bias_+10_mA,-10.0,35-65,1.3371197807186688,1.5894624027447124,-1.0250727762583693
T6_plain,DST,2,current_bias,I_bias_+10_mA,-10.0,<=35,0.6354705559967677,0.8464236534739964,-0.12654567163062633
T6_plain,DST,2,current_bias,I_bias_+10_mA,-10.0,>65,0.9178951242217787,1.1432259745963804,-0.8838970040659216
T6_plain,DST,2,current_bias,I_bias_+10_mA,0.0,35-65,1.2325403671700719,1.3576490554526712,-1.1549399010145611
T6_plain,DST,2,current_bias,I_bias_+10_mA,0.0,<=35,0.7156909934546866,0.8208012856322313,-0.5581430585948901
T6_plain,DST,2,current_bias,I_bias_+10_mA,0.0,>65,0.7749466261392783,0.9293951984161916,-0.7447967916666802
T6_plain,DST,2,current_bias,I_bias_+10_mA,10.0,35-65,1.2036005385366446,1.2784444896734368,-1.1906877493272854
T6_plain,DST,2,current_bias,I_bias_+10_mA,10.0,<=35,0.519547552388621,0.6314490750044345,-0.4219686351074301
T6_plain,DST,2,current_bias,I_bias_+10_mA,10.0,>65,0.7637421262654369,0.8882027224805157,-0.7362144760826774
T6_plain,DST,2,current_bias,I_bias_+10_mA,20.0,35-65,1.0641683391869199,1.1121967784598819,-1.0629738012057823
T6_plain,DST,2,current_bias,I_bias_+10_mA,20.0,<=35,0.4772644649424662,0.5398155289483503,-0.43699171125090763
T6_plain,DST,2,current_bias,I_bias_+10_mA,20.0,>65,0.7636613043035217,0.8747714240687843,-0.7594129496269342
T6_plain,DST,2,current_bias,I_bias_+10_mA,25.0,35-65,0.9756113597654962,1.0322190270960518,-0.9721059821818266
T6_plain,DST,2,current_bias,I_bias_+10_mA,25.0,<=35,0.31555048309829836,0.3854062144300564,-0.14250412608797244
T6_plain,DST,2,current_bias,I_bias_+10_mA,25.0,>65,0.5985784004934047,0.7091736143987599,-0.5851676588140953
T6_plain,DST,2,current_bias,I_bias_+10_mA,30.0,35-65,1.0639939615329594,1.1234911622863928,-1.0622850180120695
T6_plain,DST,2,current_bias,I_bias_+10_mA,30.0,<=35,0.3376362398495296,0.3963250291703923,-0.25820045679298165
T6_plain,DST,2,current_bias,I_bias_+10_mA,30.0,>65,0.6088737649923606,0.729042858449619,-0.6023659220040593
T6_plain,DST,2,current_bias,I_bias_+10_mA,40.0,35-65,0.9587237383641466,1.0272724646714149,-0.9483465697597762
T6_plain,DST,2,current_bias,I_bias_+10_mA,40.0,<=35,0.20346313722575876,0.30129479416866484,-0.03599724368431567
T6_plain,DST,2,current_bias,I_bias_+10_mA,40.0,>65,0.5676421336673372,0.6881077176928089,-0.5341635924105002
T6_plain,DST,2,current_bias,I_bias_+10_mA,50.0,35-65,0.912180693786224,0.9947819209675429,-0.8954205302102224
T6_plain,DST,2,current_bias,I_bias_+10_mA,50.0,<=35,0.17068917055701727,0.2654809033055805,0.04618035187751168
T6_plain,DST,2,current_bias,I_bias_+10_mA,50.0,>65,0.6055922405779433,0.7299455255664713,-0.5450962967504854
T6_plain,DST,2,current_bias,I_bias_+20_mA,-10.0,35-65,2.0480752747930837,2.3331150120743342,-1.9583464891584608
T6_plain,DST,2,current_bias,I_bias_+20_mA,-10.0,<=35,0.8659084809162989,0.9986144731733021,-0.61397509675098
T6_plain,DST,2,current_bias,I_bias_+20_mA,-10.0,>65,1.284883056119219,1.539008820994083,-1.2788497117956674
T6_plain,DST,2,current_bias,I_bias_+20_mA,0.0,35-65,2.164092663495115,2.2866925780443736,-2.161384546228515
T6_plain,DST,2,current_bias,I_bias_+20_mA,0.0,<=35,1.00414634994117,1.1522023624556363,-0.93159930096531
T6_plain,DST,2,current_bias,I_bias_+20_mA,0.0,>65,1.117125921306661,1.3030422562835917,-1.1105516593301927
T6_plain,DST,2,current_bias,I_bias_+20_mA,10.0,35-65,2.2576569127594275,2.311575911227711,-2.257610159149043
T6_plain,DST,2,current_bias,I_bias_+20_mA,10.0,<=35,0.9005194173091032,1.0808622282718605,-0.8896169231312706
T6_plain,DST,2,current_bias,I_bias_+20_mA,10.0,>65,1.1155558358227569,1.2774769059777613,-1.110314391432383
T6_plain,DST,2,current_bias,I_bias_+20_mA,20.0,35-65,2.1727935559375546,2.2093759728504963,-2.1727935559375546
T6_plain,DST,2,current_bias,I_bias_+20_mA,20.0,<=35,0.8631432695342408,0.9511323787482835,-0.8601423270708601
T6_plain,DST,2,current_bias,I_bias_+20_mA,20.0,>65,1.1620447072440176,1.283811653569118,-1.160763159737281
T6_plain,DST,2,current_bias,I_bias_+20_mA,25.0,35-65,2.1565794647401484,2.1980583505309497,-2.1565794647401484
T6_plain,DST,2,current_bias,I_bias_+20_mA,25.0,<=35,0.6336377648075051,0.766451496537566,-0.5630012391655357
T6_plain,DST,2,current_bias,I_bias_+20_mA,25.0,>65,1.0138127087632034,1.1343539475256341,-1.0099213746271196
T6_plain,DST,2,current_bias,I_bias_+20_mA,30.0,35-65,2.2771084475587284,2.330803231013479,-2.2771084475587284
T6_plain,DST,2,current_bias,I_bias_+20_mA,30.0,<=35,0.6902192010957181,0.7811404309339628,-0.6691225781462358
T6_plain,DST,2,current_bias,I_bias_+20_mA,30.0,>65,1.0416262202434547,1.1553100099275242,-1.0400703320981644
T6_plain,DST,2,current_bias,I_bias_+20_mA,40.0,35-65,2.282142222151478,2.351418222732676,-2.282142222151478
T6_plain,DST,2,current_bias,I_bias_+20_mA,40.0,<=35,0.47933139241798634,0.5371815640841604,-0.44381452203598903
T6_plain,DST,2,current_bias,I_bias_+20_mA,40.0,>65,0.9951566591961392,1.1164872492164497,-0.9922382176759261
T6_plain,DST,2,current_bias,I_bias_+20_mA,50.0,35-65,2.329728541847605,2.4198119757658754,-2.329728541847605
T6_plain,DST,2,current_bias,I_bias_+20_mA,50.0,<=35,0.4119024035538145,0.47229466517338914,-0.35689620862461907
T6_plain,DST,2,current_bias,I_bias_+20_mA,50.0,>65,1.0287406541866595,1.1615616562356765,-1.017542092121583
T6_plain,DST,2,current_bias,I_bias_-10_mA,-10.0,35-65,1.0523451883262802,1.4418988571540625,0.857749224302892
T6_plain,DST,2,current_bias,I_bias_-10_mA,-10.0,<=35,0.9930907209137598,1.312693656577199,0.9133857548150168
T6_plain,DST,2,current_bias,I_bias_-10_mA,-10.0,>65,0.5062109599645026,0.6286049295156334,-0.11636406954757489
T6_plain,DST,2,current_bias,I_bias_-10_mA,0.0,35-65,0.875406383777681,1.109310563261539,0.8557444809423893
T6_plain,DST,2,current_bias,I_bias_-10_mA,0.0,<=35,0.5645339810565596,0.7679596079216179,0.2360162477147669
T6_plain,DST,2,current_bias,I_bias_-10_mA,0.0,>65,0.3580769116466899,0.4785507210350666,-0.03449253695739209
T6_plain,DST,2,current_bias,I_bias_-10_mA,10.0,35-65,0.9324458616218498,1.072456604812364,0.9322839382190226
T6_plain,DST,2,current_bias,I_bias_-10_mA,10.0,<=35,0.6710989377590924,0.849736800268915,0.5659692715869501
T6_plain,DST,2,current_bias,I_bias_-10_mA,10.0,>65,0.30172757519708954,0.41610002485051334,-0.00760505391874365
T6_plain,DST,2,current_bias,I_bias_-10_mA,20.0,35-65,1.1685651497117657,1.2234429241031168,1.1685651497117657
T6_plain,DST,2,current_bias,I_bias_-10_mA,20.0,<=35,0.6423420514301993,0.7777538199270685,0.45255142301040385
T6_plain,DST,2,current_bias,I_bias_-10_mA,20.0,>65,0.36502665513458826,0.4656200248790858,0.02058000873451811
T6_plain,DST,2,current_bias,I_bias_-10_mA,25.0,35-65,1.4304512594632943,1.4842637229316176,1.4304512594632943
T6_plain,DST,2,current_bias,I_bias_-10_mA,25.0,<=35,0.7453302653954725,0.8892670974578089,0.7415178322101241
T6_plain,DST,2,current_bias,I_bias_-10_mA,25.0,>65,0.45927164274803683,0.5310624299746356,0.238338152573517
T6_plain,DST,2,current_bias,I_bias_-10_mA,30.0,35-65,1.4190518418769715,1.447767459105982,1.4190518418769715
T6_plain,DST,2,current_bias,I_bias_-10_mA,30.0,<=35,0.6800080148706781,0.8138152293679407,0.5988609757588563
T6_plain,DST,2,current_bias,I_bias_-10_mA,30.0,>65,0.47889754663702894,0.5828577856239812,0.24372154815194605
T6_plain,DST,2,current_bias,I_bias_-10_mA,40.0,35-65,1.7935360961523892,1.8243111888395103,1.7935360961523892
T6_plain,DST,2,current_bias,I_bias_-10_mA,40.0,<=35,0.860093224659422,1.0082582627890522,0.8074129637634102
T6_plain,DST,2,current_bias,I_bias_-10_mA,40.0,>65,0.5104322175251755,0.6606268298844755,0.34915760167465965
T6_plain,DST,2,current_bias,I_bias_-10_mA,50.0,35-65,2.0529362585499538,2.084259493188108,2.0529362585499538
T6_plain,DST,2,current_bias,I_bias_-10_mA,50.0,<=35,0.882041712069913,1.008555838606977,0.8779628043559194
T6_plain,DST,2,current_bias,I_bias_-10_mA,50.0,>65,0.5377275064564774,0.7093095571835824,0.36578337978469444
T6_plain,DST,2,current_bias,I_bias_-20_mA,-10.0,35-65,1.8049209317097004,2.1424523999040312,1.8036042508726913
T6_plain,DST,2,current_bias,I_bias_-20_mA,-10.0,<=35,1.4826575822657693,1.7748955564712847,1.4675930781410216
T6_plain,DST,2,current_bias,I_bias_-20_mA,-10.0,>65,0.5175605561367193,0.706360160547232,0.25682788959910186
T6_plain,DST,2,current_bias,I_bias_-20_mA,0.0,35-65,1.8559873820237947,1.9965888178025504,1.8559873820237947
T6_plain,DST,2,current_bias,I_bias_-20_mA,0.0,<=35,0.8737503823595054,1.1254832036240563,0.657691534889428
T6_plain,DST,2,current_bias,I_bias_-20_mA,0.0,>65,0.49565729938651637,0.6226918549301618,0.3105198984175932
T6_plain,DST,2,current_bias,I_bias_-20_mA,10.0,35-65,1.9844544235843276,2.079095378474855,1.9844544235843276
T6_plain,DST,2,current_bias,I_bias_-20_mA,10.0,<=35,1.153251968304977,1.400915439559223,1.0876016625461775
T6_plain,DST,2,current_bias,I_bias_-20_mA,10.0,>65,0.5033281828992974,0.6021282798601184,0.3472163707580212
T6_plain,DST,2,current_bias,I_bias_-20_mA,20.0,35-65,2.2865177092046287,2.3317667845468244,2.2865177092046287
T6_plain,DST,2,current_bias,I_bias_-20_mA,20.0,<=35,1.088344902006258,1.2849222858653504,0.921331778764176
T6_plain,DST,2,current_bias,I_bias_-20_mA,20.0,>65,0.5880005374299484,0.7095573094597197,0.39940066781927164
T6_plain,DST,2,current_bias,I_bias_-20_mA,25.0,35-65,2.642495918002791,2.6887834062129983,2.642495918002791
T6_plain,DST,2,current_bias,I_bias_-20_mA,25.0,<=35,1.2102039495698815,1.41112298295303,1.2071470586047501
T6_plain,DST,2,current_bias,I_bias_-20_mA,25.0,>65,0.7337611194270773,0.8867322244913075,0.6373043729766142
T6_plain,DST,2,current_bias,I_bias_-20_mA,30.0,35-65,2.6768497391444757,2.7012045106767286,2.6768497391444757
T6_plain,DST,2,current_bias,I_bias_-20_mA,30.0,<=35,1.1030531883183445,1.3099075581061739,1.046750701676327
T6_plain,DST,2,current_bias,I_bias_-20_mA,30.0,>65,0.7517377213899071,0.9390468487391959,0.6526020857868984
T6_plain,DST,2,current_bias,I_bias_-20_mA,40.0,35-65,3.185321701589083,3.216456185168517,3.185321701589083
T6_plain,DST,2,current_bias,I_bias_-20_mA,40.0,<=35,1.2748035769243142,1.4892444164613114,1.2458928693085984
T6_plain,DST,2,current_bias,I_bias_-20_mA,40.0,>65,0.8323869435278773,1.0475385697041215,0.7760887956281493
T6_plain,DST,2,current_bias,I_bias_-20_mA,50.0,35-65,3.5438682433743396,3.586248502180115,3.5438682433743396
T6_plain,DST,2,current_bias,I_bias_-20_mA,50.0,<=35,1.3121978082930585,1.4797908081864872,1.3104210783277948
T6_plain,DST,2,current_bias,I_bias_-20_mA,50.0,>65,0.8626161567963979,1.1023384396931586,0.80653556850218
T6_plain,DST,2,voltage_bias,V_bias_+10_mV,-10.0,35-65,3.629597993399569,3.819180564998219,3.629597993399569
T6_plain,DST,2,voltage_bias,V_bias_+10_mV,-10.0,<=35,2.5503581904616035,2.784899043499988,2.5503581904616035
T6_plain,DST,2,voltage_bias,V_bias_+10_mV,-10.0,>65,1.0594341355776677,1.2988942671596937,0.9741889500508011
T6_plain,DST,2,voltage_bias,V_bias_+10_mV,0.0,35-65,4.976872719286095,5.071655341078748,4.976872719286095
T6_plain,DST,2,voltage_bias,V_bias_+10_mV,0.0,<=35,2.1916056910831885,2.6842414677222464,2.060559877806461
T6_plain,DST,2,voltage_bias,V_bias_+10_mV,0.0,>65,1.4206535283950474,1.679947207663334,1.3895469253433874
T6_plain,DST,2,voltage_bias,V_bias_+10_mV,10.0,35-65,6.027927992228782,6.133918482412025,6.027927992228782
T6_plain,DST,2,voltage_bias,V_bias_+10_mV,10.0,<=35,3.3068911595752595,3.9147906315981524,3.2845259160362117
T6_plain,DST,2,voltage_bias,V_bias_+10_mV,10.0,>65,1.7279184011461248,2.016268687413919,1.7194728663256038
T6_plain,DST,2,voltage_bias,V_bias_+10_mV,20.0,35-65,7.106067106970632,7.183722330776153,7.106067106970632
T6_plain,DST,2,voltage_bias,V_bias_+10_mV,20.0,<=35,3.2793866828277447,3.8806234858651396,3.152488740562142
T6_plain,DST,2,voltage_bias,V_bias_+10_mV,20.0,>65,2.009624517778911,2.369605759607165,2.0004031167068077
T6_plain,DST,2,voltage_bias,V_bias_+10_mV,25.0,35-65,7.925197651606019,8.013672744663562,7.925197651606019
T6_plain,DST,2,voltage_bias,V_bias_+10_mV,25.0,<=35,3.4417099146800263,4.036389853490254,3.440652292907037
T6_plain,DST,2,voltage_bias,V_bias_+10_mV,25.0,>65,2.3370817801659842,2.692665355166778,2.327825664726755
T6_plain,DST,2,voltage_bias,V_bias_+10_mV,30.0,35-65,8.358422840326579,8.433370873253773,8.358422840326579
T6_plain,DST,2,voltage_bias,V_bias_+10_mV,30.0,<=35,3.2756014930461426,3.9086905275760038,3.2677430363838575
T6_plain,DST,2,voltage_bias,V_bias_+10_mV,30.0,>65,2.449113113849667,2.8262899359700073,2.4388916419174045
T6_plain,DST,2,voltage_bias,V_bias_+10_mV,40.0,35-65,9.415116346985545,9.540775700735368,9.415116346985545
T6_plain,DST,2,voltage_bias,V_bias_+10_mV,40.0,<=35,3.4908428463738854,4.063526148938004,3.489301894161878
T6_plain,DST,2,voltage_bias,V_bias_+10_mV,40.0,>65,2.684183591281819,3.06073235133231,2.6713971599005766
T6_plain,DST,2,voltage_bias,V_bias_+10_mV,50.0,35-65,10.109435358564324,10.299434671101066,10.109435358564324
T6_plain,DST,2,voltage_bias,V_bias_+10_mV,50.0,<=35,3.534546723020097,4.008530462491967,3.534546723020097
T6_plain,DST,2,voltage_bias,V_bias_+10_mV,50.0,>65,2.7808125219255815,3.1884103402671062,2.764118920956983
T6_plain,DST,2,voltage_bias,V_bias_+1_mV,-10.0,35-65,0.9403473828614408,1.2017579489693353,0.2841026198451438
T6_plain,DST,2,voltage_bias,V_bias_+1_mV,-10.0,<=35,0.7758815852909723,1.081270337789905,0.5821495976626291
T6_plain,DST,2,voltage_bias,V_bias_+1_mV,-10.0,>65,0.5812544518250418,0.7126051452900416,-0.3446781780477725
T6_plain,DST,2,voltage_bias,V_bias_+1_mV,0.0,35-65,0.5500648074262731,0.792670077460347,0.37001949436314163
T6_plain,DST,2,voltage_bias,V_bias_+1_mV,0.0,<=35,0.5028837478498663,0.6673825785250638,0.03344846644644378
T6_plain,DST,2,voltage_bias,V_bias_+1_mV,0.0,>65,0.3968023655036696,0.511300245173694,-0.20104957937341675
T6_plain,DST,2,voltage_bias,V_bias_+1_mV,10.0,35-65,0.5409286533778693,0.7094384815129594,0.500743804184454
T6_plain,DST,2,voltage_bias,V_bias_+1_mV,10.0,<=35,0.49699975240219885,0.6568060208000785,0.35537937911599055
T6_plain,DST,2,voltage_bias,V_bias_+1_mV,10.0,>65,0.3172221913652775,0.43257538971027043,-0.15038769124757867
T6_plain,DST,2,voltage_bias,V_bias_+1_mV,20.0,35-65,0.75988956494203,0.8304207390220961,0.7591700198649423
T6_plain,DST,2,voltage_bias,V_bias_+1_mV,20.0,<=35,0.49031048360239554,0.6130457193390666,0.28357343882392877
T6_plain,DST,2,voltage_bias,V_bias_+1_mV,20.0,>65,0.3180455325889933,0.4488117094623337,-0.11606955246475684
T6_plain,DST,2,voltage_bias,V_bias_+1_mV,25.0,35-65,0.9914978378160622,1.0570802484834128,0.9914978378160622
T6_plain,DST,2,voltage_bias,V_bias_+1_mV,25.0,<=35,0.5798218478924838,0.711083274656852,0.5750251307912613
T6_plain,DST,2,voltage_bias,V_bias_+1_mV,25.0,>65,0.3754620414665633,0.4444628564620389,0.09518136841973705
T6_plain,DST,2,voltage_bias,V_bias_+1_mV,30.0,35-65,0.9841009287158647,1.0217734443551916,0.9841009287158647
T6_plain,DST,2,voltage_bias,V_bias_+1_mV,30.0,<=35,0.5378391014401352,0.6520902485254786,0.44526721838501226
T6_plain,DST,2,voltage_bias,V_bias_+1_mV,30.0,>65,0.40273026789813854,0.4978315881839591,0.1032577247139441
T6_plain,DST,2,voltage_bias,V_bias_+1_mV,40.0,35-65,1.3206672980013205,1.3568354399524956,1.3206672980013205
T6_plain,DST,2,voltage_bias,V_bias_+1_mV,40.0,<=35,0.7223685968454153,0.850371822533886,0.6602220953370136
T6_plain,DST,2,voltage_bias,V_bias_+1_mV,40.0,>65,0.4310011859586193,0.559030441761626,0.2048244464196582
T6_plain,DST,2,voltage_bias,V_bias_+1_mV,50.0,35-65,1.5440102515629361,1.5765333879128456,1.5440102515629361
T6_plain,DST,2,voltage_bias,V_bias_+1_mV,50.0,<=35,0.7389075083370767,0.8536600428353152,0.7333553246641067
T6_plain,DST,2,voltage_bias,V_bias_+1_mV,50.0,>65,0.4615443285636605,0.6072550065586412,0.21633088091086988
T6_plain,DST,2,voltage_bias,V_bias_+2_mV,-10.0,35-65,0.9773483670597797,1.3317265628183412,0.6546512714423539
T6_plain,DST,2,voltage_bias,V_bias_+2_mV,-10.0,<=35,0.9054014258189519,1.2202288116794797,0.7856452524575339
T6_plain,DST,2,voltage_bias,V_bias_+2_mV,-10.0,>65,0.526089508410734,0.6464183674145176,-0.1939516329730135
T6_plain,DST,2,voltage_bias,V_bias_+2_mV,0.0,35-65,0.9048021021309085,1.1360701784243703,0.8879760500736753
T6_plain,DST,2,voltage_bias,V_bias_+2_mV,0.0,<=35,0.571425936286174,0.7755468410052708,0.24037030855529398
T6_plain,DST,2,voltage_bias,V_bias_+2_mV,0.0,>65,0.35786834525871203,0.47860833466048086,-0.017685533721638762
T6_plain,DST,2,voltage_bias,V_bias_+2_mV,10.0,35-65,1.1265044939910493,1.2502623554336916,1.1265044939910493
T6_plain,DST,2,voltage_bias,V_bias_+2_mV,10.0,<=35,0.7470644836565891,0.9384211641359138,0.6541078954572082
T6_plain,DST,2,voltage_bias,V_bias_+2_mV,10.0,>65,0.3265074107738756,0.43040827395199205,0.06575686579975586
T6_plain,DST,2,voltage_bias,V_bias_+2_mV,20.0,35-65,1.4679742361773882,1.516738802992029,1.4679742361773882
T6_plain,DST,2,voltage_bias,V_bias_+2_mV,20.0,<=35,0.7527686538820602,0.9007713276259606,0.5732038999004729
T6_plain,DST,2,voltage_bias,V_bias_+2_mV,20.0,>65,0.4242250947768587,0.5111004559126081,0.1305882624786724
T6_plain,DST,2,voltage_bias,V_bias_+2_mV,25.0,35-65,1.7619084310141626,1.810248492297858,1.7619084310141626
T6_plain,DST,2,voltage_bias,V_bias_+2_mV,25.0,<=35,0.8672363031842714,1.0225001056229905,0.8642134820537413
T6_plain,DST,2,voltage_bias,V_bias_+2_mV,25.0,>65,0.5308575898299952,0.6228225975311226,0.35605761747569353
T6_plain,DST,2,voltage_bias,V_bias_+2_mV,30.0,35-65,1.802339083006079,1.8270704786122192,1.802339083006079
T6_plain,DST,2,voltage_bias,V_bias_+2_mV,30.0,<=35,0.8028431317507542,0.9557601297292907,0.7315450256376239
T6_plain,DST,2,voltage_bias,V_bias_+2_mV,30.0,>65,0.5576024808376248,0.6852616106635103,0.3770273562011263
T6_plain,DST,2,voltage_bias,V_bias_+2_mV,40.0,35-65,2.2350554303033157,2.2636523555766668,2.2350554303033157
T6_plain,DST,2,voltage_bias,V_bias_+2_mV,40.0,<=35,0.9861717069454234,1.1552854478965284,0.9443685249971854
T6_plain,DST,2,voltage_bias,V_bias_+2_mV,40.0,>65,0.6033850347121678,0.7802184522989967,0.49271008846252135
T6_plain,DST,2,voltage_bias,V_bias_+2_mV,50.0,35-65,2.523884861430051,2.55647369964818,2.523884861430051
T6_plain,DST,2,voltage_bias,V_bias_+2_mV,50.0,<=35,1.0167086409609638,1.1543546622712124,1.014031216109571
T6_plain,DST,2,voltage_bias,V_bias_+2_mV,50.0,>65,0.6276066915292968,0.8288248442747793,0.5128231254175194
T6_plain,DST,2,voltage_bias,V_bias_+5_mV,-10.0,35-65,1.7707278001393556,2.111052696795349,1.7692388414536777
T6_plain,DST,2,voltage_bias,V_bias_+5_mV,-10.0,<=35,1.4380760260441252,1.7366666396536443,1.418419709793006
T6_plain,DST,2,voltage_bias,V_bias_+5_mV,-10.0,>65,0.5169946838244027,0.7010624336048814,0.2517781605058957
T6_plain,DST,2,voltage_bias,V_bias_+5_mV,0.0,35-65,2.4353648374513024,2.5532858161167313,2.4353648374513024
T6_plain,DST,2,voltage_bias,V_bias_+5_mV,0.0,<=35,1.086989266857523,1.3697370905993003,0.8880063305863689
T6_plain,DST,2,voltage_bias,V_bias_+5_mV,0.0,>65,0.6505340266487973,0.7940427821742085,0.5221111495240154
T6_plain,DST,2,voltage_bias,V_bias_+5_mV,10.0,35-65,2.9897710591646987,3.0757151967764864,2.9897710591646987
T6_plain,DST,2,voltage_bias,V_bias_+5_mV,10.0,<=35,1.6369615940345938,1.9644000410987748,1.5896373575854041
T6_plain,DST,2,voltage_bias,V_bias_+5_mV,10.0,>65,0.7741164134714175,0.9293028666878645,0.7014071269257054
T6_plain,DST,2,voltage_bias,V_bias_+5_mV,20.0,35-65,3.5953551037101814,3.6430801901522707,3.5953551037101814
T6_plain,DST,2,voltage_bias,V_bias_+5_mV,20.0,<=35,1.6334138347309026,1.9213969327785876,1.4827698077909455
T6_plain,DST,2,voltage_bias,V_bias_+5_mV,20.0,>65,0.9281424180514538,1.1441162669149556,0.8530676921390938
T6_plain,DST,2,voltage_bias,V_bias_+5_mV,25.0,35-65,4.084630259742771,4.133725358289868,4.084630259742771
T6_plain,DST,2,voltage_bias,V_bias_+5_mV,25.0,<=35,1.7737792969665716,2.0595982004721076,1.7717692088216699
T6_plain,DST,2,voltage_bias,V_bias_+5_mV,25.0,>65,1.1453653289358734,1.3826415744707659,1.1186767035431477
T6_plain,DST,2,voltage_bias,V_bias_+5_mV,30.0,35-65,4.276334475290775,4.305826430871116,4.276334475290775
T6_plain,DST,2,voltage_bias,V_bias_+5_mV,30.0,<=35,1.6537684254625178,1.9695735353742267,1.6254475897429026
T6_plain,DST,2,voltage_bias,V_bias_+5_mV,30.0,>65,1.2000759487416184,1.4701963078286886,1.175500108304466
T6_plain,DST,2,voltage_bias,V_bias_+5_mV,40.0,35-65,4.988001137041054,5.031889147502188,4.988001137041054
T6_plain,DST,2,voltage_bias,V_bias_+5_mV,40.0,<=35,1.8438562254553679,2.1427459033419205,1.8312883791123598
T6_plain,DST,2,voltage_bias,V_bias_+5_mV,40.0,>65,1.348044666163922,1.618459124495833,1.3334334594735777
T6_plain,DST,2,voltage_bias,V_bias_+5_mV,50.0,35-65,5.457829793890183,5.526840021320054,5.457829793890183
T6_plain,DST,2,voltage_bias,V_bias_+5_mV,50.0,<=35,1.8916764799137822,2.1224163658552597,1.8916373063254253
T6_plain,DST,2,voltage_bias,V_bias_+5_mV,50.0,>65,1.3990708405266639,1.6880352078758953,1.379989163423347
T6_plain,DST,2,voltage_bias,V_bias_-10_mV,-10.0,35-65,3.7211127382037033,3.987549865300081,-3.7206453143201523
T6_plain,DST,2,voltage_bias,V_bias_-10_mV,-10.0,<=35,1.4768648581079484,1.5856829429606412,-1.4310492018945271
T6_plain,DST,2,voltage_bias,V_bias_-10_mV,-10.0,>65,2.0811145563322673,2.3997754722698486,-2.0811145563322673
T6_plain,DST,2,voltage_bias,V_bias_-10_mV,0.0,35-65,5.30996535247644,5.3903897189202725,-5.30996535247644
T6_plain,DST,2,voltage_bias,V_bias_-10_mV,0.0,<=35,2.002961063916568,2.288922628535426,-1.9694785477006573
T6_plain,DST,2,voltage_bias,V_bias_-10_mV,0.0,>65,2.342837028013601,2.6520149074665107,-2.342837028013601
T6_plain,DST,2,voltage_bias,V_bias_-10_mV,10.0,35-65,6.412534632626397,6.4637577789987795,-6.412534632626397
T6_plain,DST,2,voltage_bias,V_bias_-10_mV,10.0,<=35,2.544430043796683,2.9377486573461824,-2.544420379810585
T6_plain,DST,2,voltage_bias,V_bias_-10_mV,10.0,>65,2.679545981746324,3.0063920723529347,-2.679545981746324
T6_plain,DST,2,voltage_bias,V_bias_-10_mV,20.0,35-65,6.879846735812691,6.946722801421171,-6.879846735812691
T6_plain,DST,2,voltage_bias,V_bias_-10_mV,20.0,<=35,2.551583618462158,2.855044469728571,-2.551583618462158
T6_plain,DST,2,voltage_bias,V_bias_-10_mV,20.0,>65,3.0308255538613698,3.3346150346804158,-3.0308255538613698
T6_plain,DST,2,voltage_bias,V_bias_-10_mV,25.0,35-65,7.129489375443504,7.216240887133617,-7.129489375443504
T6_plain,DST,2,voltage_bias,V_bias_-10_mV,25.0,<=35,2.273340883296141,2.661910978348862,-2.251861415048007
T6_plain,DST,2,voltage_bias,V_bias_-10_mV,25.0,>65,3.0057725947403284,3.3275214083919558,-3.005685822566705
T6_plain,DST,2,voltage_bias,V_bias_-10_mV,30.0,35-65,7.458713322747024,7.576445423475447,-7.458713322747024
T6_plain,DST,2,voltage_bias,V_bias_-10_mV,30.0,<=35,2.3970515057391406,2.711420466829447,-2.3949164677602774
T6_plain,DST,2,voltage_bias,V_bias_-10_mV,30.0,>65,3.1827394653204317,3.5010201261442773,-3.1827394653204317
T6_plain,DST,2,voltage_bias,V_bias_-10_mV,40.0,35-65,7.895425846167498,8.083339577411808,-7.895425846167498
T6_plain,DST,2,voltage_bias,V_bias_-10_mV,40.0,<=35,2.217987982607736,2.4425342666723524,-2.216169772247486
T6_plain,DST,2,voltage_bias,V_bias_-10_mV,40.0,>65,3.2867926661481826,3.613461307221801,-3.2867926661481826
T6_plain,DST,2,voltage_bias,V_bias_-10_mV,50.0,35-65,8.283819008579803,8.525341861332102,-8.283819008579803
T6_plain,DST,2,voltage_bias,V_bias_-10_mV,50.0,<=35,2.1346581251281425,2.357304351032162,-2.125800143621001
T6_plain,DST,2,voltage_bias,V_bias_-10_mV,50.0,>65,3.3892732511497323,3.7302259046231856,-3.3892732511497323
T6_plain,DST,2,voltage_bias,V_bias_-1_mV,-10.0,35-65,1.065589988877117,1.2756264611429347,-0.4548158855616285
T6_plain,DST,2,voltage_bias,V_bias_-1_mV,-10.0,<=35,0.6395161998632855,0.8865086154625881,0.1859685506998909
T6_plain,DST,2,voltage_bias,V_bias_-1_mV,-10.0,>65,0.7369252687885105,0.9313492347469582,-0.6494803710834092
T6_plain,DST,2,voltage_bias,V_bias_-1_mV,0.0,35-65,0.8657552127391861,0.969186431566709,-0.6675114674403776
T6_plain,DST,2,voltage_bias,V_bias_-1_mV,0.0,<=35,0.5983429763713132,0.6997737654097376,-0.3673504481313619
T6_plain,DST,2,voltage_bias,V_bias_-1_mV,0.0,>65,0.6277592076171223,0.7687371503330247,-0.5731365986258666
T6_plain,DST,2,voltage_bias,V_bias_-1_mV,10.0,35-65,0.8125439068516346,0.8867354932698824,-0.7555569714579925
T6_plain,DST,2,voltage_bias,V_bias_-1_mV,10.0,<=35,0.4084958994489366,0.500490518776896,-0.2231924697258152
T6_plain,DST,2,voltage_bias,V_bias_-1_mV,10.0,>65,0.6328885060645097,0.7450063039609317,-0.5892169249902274
T6_plain,DST,2,voltage_bias,V_bias_-1_mV,20.0,35-65,0.6686642508702486,0.7261513794214333,-0.6548664286440116
T6_plain,DST,2,voltage_bias,V_bias_-1_mV,20.0,<=35,0.37615657544086883,0.43319009681373577,-0.2772711087334806
T6_plain,DST,2,voltage_bias,V_bias_-1_mV,20.0,>65,0.6279178544941758,0.742610160514048,-0.618224614388853
T6_plain,DST,2,voltage_bias,V_bias_-1_mV,25.0,35-65,0.5670390101790128,0.6347276185115415,-0.538330307412141
T6_plain,DST,2,voltage_bias,V_bias_-1_mV,25.0,<=35,0.2505956663529226,0.32726356061841855,0.01489303452827856
T6_plain,DST,2,voltage_bias,V_bias_-1_mV,25.0,>65,0.4594552960441941,0.5801729074017109,-0.4368543114480747
T6_plain,DST,2,voltage_bias,V_bias_-1_mV,30.0,35-65,0.6510821404849305,0.716136802332568,-0.635267295201052
T6_plain,DST,2,voltage_bias,V_bias_-1_mV,30.0,<=35,0.2570463024763832,0.3230181820851547,-0.11183331615817459
T6_plain,DST,2,voltage_bias,V_bias_-1_mV,30.0,>65,0.4753899496255466,0.6089282942986367,-0.4563428504937416
T6_plain,DST,2,voltage_bias,V_bias_-1_mV,40.0,35-65,0.5439412454109575,0.6011082867021205,-0.48639663418256457
T6_plain,DST,2,voltage_bias,V_bias_-1_mV,40.0,<=35,0.24137141971530277,0.3470580183365238,0.10534018461414131
T6_plain,DST,2,voltage_bias,V_bias_-1_mV,40.0,>65,0.44869115943852733,0.5767171009798655,-0.3839306064359052
T6_plain,DST,2,voltage_bias,V_bias_-1_mV,50.0,35-65,0.4731783512738956,0.545993957873011,-0.3973234466623247
T6_plain,DST,2,voltage_bias,V_bias_-1_mV,50.0,<=35,0.23004026911058176,0.3319935138310619,0.1852415282725591
T6_plain,DST,2,voltage_bias,V_bias_-1_mV,50.0,>65,0.4929723592439991,0.6200815296066878,-0.38963573788847317
T6_plain,DST,2,voltage_bias,V_bias_-2_mV,-10.0,35-65,1.2225476587218727,1.4616252849113174,-0.8229454944548427
T6_plain,DST,2,voltage_bias,V_bias_-2_mV,-10.0,<=35,0.6226617893209246,0.8449521050713722,-0.006842483092074995
T6_plain,DST,2,voltage_bias,V_bias_-2_mV,-10.0,>65,0.851232159502822,1.0676670157700268,-0.8035968849685472
T6_plain,DST,2,voltage_bias,V_bias_-2_mV,0.0,35-65,1.2575004279076005,1.3834560520033126,-1.186542006966993
T6_plain,DST,2,voltage_bias,V_bias_-2_mV,0.0,<=35,0.7165871318471855,0.821862014235283,-0.5613641187240495
T6_plain,DST,2,voltage_bias,V_bias_-2_mV,0.0,>65,0.7905108047726829,0.9453316622845683,-0.7619257167938326
T6_plain,DST,2,voltage_bias,V_bias_-2_mV,10.0,35-65,1.3905607317633248,1.4619733148102505,-1.3853436937128312
T6_plain,DST,2,voltage_bias,V_bias_-2_mV,10.0,<=35,0.5740237792550346,0.6992614326162715,-0.5033290443549366
T6_plain,DST,2,voltage_bias,V_bias_-2_mV,10.0,>65,0.832353255789745,0.9637427481991759,-0.8119616852962126
T6_plain,DST,2,voltage_bias,V_bias_-2_mV,20.0,35-65,1.3592527505887997,1.4013129748543893,-1.35922092918021
T6_plain,DST,2,voltage_bias,V_bias_-2_mV,20.0,<=35,0.5680017302382825,0.6369570846273045,-0.5491061775888526
T6_plain,DST,2,voltage_bias,V_bias_-2_mV,20.0,>65,0.8755678648666845,0.9865933060073471,-0.8737679330506294
T6_plain,DST,2,voltage_bias,V_bias_-2_mV,25.0,35-65,1.2976067994697507,1.346310293516879,-1.2962639460393541
T6_plain,DST,2,voltage_bias,V_bias_-2_mV,25.0,<=35,0.38354336270972517,0.46775297644303304,-0.25655766802121294
T6_plain,DST,2,voltage_bias,V_bias_-2_mV,25.0,>65,0.7167840213024493,0.8253163434324959,-0.7080678744843244
T6_plain,DST,2,voltage_bias,V_bias_-2_mV,30.0,35-65,1.4341263905923476,1.4891735182351573,-1.4339880883196046
T6_plain,DST,2,voltage_bias,V_bias_-2_mV,30.0,<=35,0.4305319662633814,0.49647991501346345,-0.3830902139128295
T6_plain,DST,2,voltage_bias,V_bias_-2_mV,30.0,>65,0.7448889198854269,0.8572805299027357,-0.7423207537901102
T6_plain,DST,2,voltage_bias,V_bias_-2_mV,40.0,35-65,1.3759772977659477,1.4438244228987194,-1.3745277539284908
T6_plain,DST,2,voltage_bias,V_bias_-2_mV,40.0,<=35,0.2610987063424431,0.32900405681053146,-0.16619644049295637
T6_plain,DST,2,voltage_bias,V_bias_-2_mV,40.0,>65,0.7006319407906635,0.8188612147243685,-0.6852890933449837
T6_plain,DST,2,voltage_bias,V_bias_-2_mV,50.0,35-65,1.3562374655592346,1.440584521298041,-1.3522632790384854
T6_plain,DST,2,voltage_bias,V_bias_-2_mV,50.0,<=35,0.20188314234590288,0.2748531668319337,-0.08324980956502649
T6_plain,DST,2,voltage_bias,V_bias_-2_mV,50.0,>65,0.7330969625057512,0.8600471787284536,-0.6997671679410549
T6_plain,DST,2,voltage_bias,V_bias_-5_mV,-10.0,35-65,2.015935035346418,2.3040702523224024,-1.9206145831414747
T6_plain,DST,2,voltage_bias,V_bias_-5_mV,-10.0,<=35,0.8300609857895321,0.9639482890443708,-0.564895357365799
T6_plain,DST,2,voltage_bias,V_bias_-5_mV,-10.0,>65,1.279705204447353,1.5318591885331043,-1.2731019733014912
T6_plain,DST,2,voltage_bias,V_bias_-5_mV,0.0,35-65,2.7414786290150954,2.846186546232698,-2.7414786290150954
T6_plain,DST,2,voltage_bias,V_bias_-5_mV,0.0,<=35,1.1753857320039314,1.3438481547669199,-1.1187006910557737
T6_plain,DST,2,voltage_bias,V_bias_-5_mV,0.0,>65,1.3420756179820739,1.5455861809890283,-1.339694074140193
T6_plain,DST,2,voltage_bias,V_bias_-5_mV,10.0,35-65,3.2766375219879667,3.322427586789762,-3.2766375219879667
T6_plain,DST,2,voltage_bias,V_bias_-5_mV,10.0,<=35,1.3092387715639946,1.5355650434751744,-1.309005031123462
T6_plain,DST,2,voltage_bias,V_bias_-5_mV,10.0,>65,1.4954683400114368,1.6906130157486414,-1.4939726080391391
T6_plain,DST,2,voltage_bias,V_bias_-5_mV,20.0,35-65,3.456878541031821,3.49641938769379,-3.456878541031821
T6_plain,DST,2,voltage_bias,V_bias_-5_mV,20.0,<=35,1.333938117185174,1.4693151511989977,-1.3336795829114054
T6_plain,DST,2,voltage_bias,V_bias_-5_mV,20.0,>65,1.6589413272222056,1.8168754197356056,-1.658656293135539
T6_plain,DST,2,voltage_bias,V_bias_-5_mV,25.0,35-65,3.5352934488441154,3.58166856835169,-3.5352934488441154
T6_plain,DST,2,voltage_bias,V_bias_-5_mV,25.0,<=35,1.0795802696374999,1.2835074614322814,-1.0392854454513034
T6_plain,DST,2,voltage_bias,V_bias_-5_mV,25.0,>65,1.544473652486487,1.7051859583702393,-1.542758131430966
T6_plain,DST,2,voltage_bias,V_bias_-5_mV,30.0,35-65,3.7748694911202874,3.8392833733305376,-3.7748694911202874
T6_plain,DST,2,voltage_bias,V_bias_-5_mV,30.0,<=35,1.1804644030021063,1.3248392829343925,-1.1693851957352308
T6_plain,DST,2,voltage_bias,V_bias_-5_mV,30.0,>65,1.625856084401934,1.7775533469954512,-1.6255212461011945
T6_plain,DST,2,voltage_bias,V_bias_-5_mV,40.0,35-65,3.9545516834052292,4.045406580558144,-3.9545516834052292
T6_plain,DST,2,voltage_bias,V_bias_-5_mV,40.0,<=35,0.9692818968260578,1.0630712978579209,-0.9598686848555192
T6_plain,DST,2,voltage_bias,V_bias_-5_mV,40.0,>65,1.6200676279102397,1.7748733129970602,-1.619863793665532
T6_plain,DST,2,voltage_bias,V_bias_-5_mV,50.0,35-65,4.119469177085305,4.237647055649254,-4.119469177085305
T6_plain,DST,2,voltage_bias,V_bias_-5_mV,50.0,<=35,0.890603987677515,0.9921832350582865,-0.8702750108194734
T6_plain,DST,2,voltage_bias,V_bias_-5_mV,50.0,>65,1.6627793157090032,1.8319709337979648,-1.6625644901278684
T6_plain,FUDS,0,baseline,unperturbed,-10.0,35-65,2.624457291058394,2.877118733566025,2.125182158759124
T6_plain,FUDS,0,baseline,unperturbed,-10.0,<=35,1.4513116572164948,1.7893389836708358,1.2369481752577318
T6_plain,FUDS,0,baseline,unperturbed,-10.0,>65,0.9606607915567285,1.0962443169821317,0.9193509001130796
T6_plain,FUDS,0,baseline,unperturbed,0.0,35-65,1.1575602091324202,1.4234044138649742,0.8932536009132422
T6_plain,FUDS,0,baseline,unperturbed,0.0,<=35,0.8858712479342723,1.14018655708328,0.5792216437089202
T6_plain,FUDS,0,baseline,unperturbed,0.0,>65,0.5461500037807184,0.6455040194429282,0.4500741860113422
T6_plain,FUDS,0,baseline,unperturbed,10.0,35-65,0.8151250168105406,1.0567130772401174,0.6778231285779193
T6_plain,FUDS,0,baseline,unperturbed,10.0,<=35,0.6434459192118226,0.8169143939357344,0.5707859561128527
T6_plain,FUDS,0,baseline,unperturbed,10.0,>65,0.5365089748743719,0.6400613646617338,0.45969089447236183
T6_plain,FUDS,0,baseline,unperturbed,20.0,35-65,0.5609404945404914,0.7464031469039403,0.14534925796178338
T6_plain,FUDS,0,baseline,unperturbed,20.0,<=35,0.4481877413807532,0.5910651524594532,0.21584566698744773
T6_plain,FUDS,0,baseline,unperturbed,20.0,>65,0.4648781161217587,0.563761656532821,0.20247659263434808
T6_plain,FUDS,0,baseline,unperturbed,25.0,35-65,0.5380181230628989,0.7371588504071084,0.030148647219690048
T6_plain,FUDS,0,baseline,unperturbed,25.0,<=35,0.4087915192229867,0.5296076885202397,0.14787701181707807
T6_plain,FUDS,0,baseline,unperturbed,25.0,>65,0.5307051753197893,0.642011224420827,0.20357174341610226
T6_plain,FUDS,0,baseline,unperturbed,30.0,35-65,0.5660708156093108,0.7692421942531148,-0.3621670438156094
T6_plain,FUDS,0,baseline,unperturbed,30.0,<=35,0.3979890071314102,0.48815060780600045,-0.16416818717948717
T6_plain,FUDS,0,baseline,unperturbed,30.0,>65,0.5589235653136531,0.6744580352043822,-0.04102336236162366
T6_plain,FUDS,0,baseline,unperturbed,40.0,35-65,0.6307746039783002,0.8233135700466678,-0.48560682188065096
T6_plain,FUDS,0,baseline,unperturbed,40.0,<=35,0.44794866564915,0.5643346774746678,-0.3229792862055641
T6_plain,FUDS,0,baseline,unperturbed,40.0,>65,0.6262972572370832,0.7569680636725974,-0.09503868633198971
T6_plain,FUDS,0,baseline,unperturbed,50.0,35-65,0.8296684513794662,1.0649276828870469,-0.8088264649479872
T6_plain,FUDS,0,baseline,unperturbed,50.0,<=35,0.6045196812738368,0.7744334645697601,-0.5465908955377574
T6_plain,FUDS,0,baseline,unperturbed,50.0,>65,0.686213147144949,0.8352453590743187,-0.1458737430453882
T6_plain,FUDS,0,current_bias,I_bias_+10_mA,-10.0,35-65,1.8844392673767327,2.228248359120912,1.1640423659796468
T6_plain,FUDS,0,current_bias,I_bias_+10_mA,-10.0,<=35,1.0456034412835407,1.358965683470114,0.5580622041700796
T6_plain,FUDS,0,current_bias,I_bias_+10_mA,-10.0,>65,0.6573948961795616,0.7673159365270223,0.5139037453847196
T6_plain,FUDS,0,current_bias,I_bias_+10_mA,0.0,35-65,0.8035656075388277,1.078547611464309,-0.08483836323572781
T6_plain,FUDS,0,current_bias,I_bias_+10_mA,0.0,<=35,0.7577387604049399,0.923198299579828,0.06645338078561847
T6_plain,FUDS,0,current_bias,I_bias_+10_mA,0.0,>65,0.41842505044221634,0.5124691581642704,0.08763289617232843
T6_plain,FUDS,0,current_bias,I_bias_+10_mA,10.0,35-65,0.6881999923096223,0.8322305095832654,-0.3715936455043427
T6_plain,FUDS,0,current_bias,I_bias_+10_mA,10.0,<=35,0.3778262300705666,0.4927232061846345,-0.011066702395489734
T6_plain,FUDS,0,current_bias,I_bias_+10_mA,10.0,>65,0.4186526855959191,0.5153906582024479,0.10378691620159118
T6_plain,FUDS,0,current_bias,I_bias_+10_mA,20.0,35-65,0.9952174462117966,1.143943314755531,-0.9414006324266916
T6_plain,FUDS,0,current_bias,I_bias_+10_mA,20.0,<=35,0.5010912773053726,0.6022531125094098,-0.3304770129496541
T6_plain,FUDS,0,current_bias,I_bias_+10_mA,20.0,>65,0.5280593658444742,0.6350448708263039,-0.15437836060076066
T6_plain,FUDS,0,current_bias,I_bias_+10_mA,25.0,35-65,1.1173479600155953,1.272414897001679,-1.104905108677971
T6_plain,FUDS,0,current_bias,I_bias_+10_mA,25.0,<=35,0.5744632510709592,0.6743054005544274,-0.3914108767330011
T6_plain,FUDS,0,current_bias,I_bias_+10_mA,25.0,>65,0.6124861771128636,0.7269372334023828,-0.1614944686276082
T6_plain,FUDS,0,current_bias,I_bias_+10_mA,30.0,35-65,1.4965289729065192,1.6217332699536529,-1.4965289729065192
T6_plain,FUDS,0,current_bias,I_bias_+10_mA,30.0,<=35,0.6933437496105742,0.8461340297885455,-0.6699062991312628
T6_plain,FUDS,0,current_bias,I_bias_+10_mA,30.0,>65,0.7240271505169689,0.8803418952036509,-0.40604758189445583
T6_plain,FUDS,0,current_bias,I_bias_+10_mA,40.0,35-65,1.6494389743282634,1.777257893685776,-1.6494389743282634
T6_plain,FUDS,0,current_bias,I_bias_+10_mA,40.0,<=35,0.8013256435606523,0.9712179084599849,-0.796849331494034
T6_plain,FUDS,0,current_bias,I_bias_+10_mA,40.0,>65,0.7837910534888938,0.9769494374319171,-0.46418119823317416
T6_plain,FUDS,0,current_bias,I_bias_+10_mA,50.0,35-65,2.008238485556293,2.151722799339684,-2.008238485556293
T6_plain,FUDS,0,current_bias,I_bias_+10_mA,50.0,<=35,1.0155790684913908,1.210172134974852,-1.0062822616101372
T6_plain,FUDS,0,current_bias,I_bias_+10_mA,50.0,>65,0.835220243043584,1.0715093592986307,-0.5230459042696359
T6_plain,FUDS,0,current_bias,I_bias_+20_mA,-10.0,35-65,1.4123098110719876,1.880442211626287,0.19924328585404016
T6_plain,FUDS,0,current_bias,I_bias_+20_mA,-10.0,<=35,0.9117134355339905,1.1945699507542658,-0.10502283380673098
T6_plain,FUDS,0,current_bias,I_bias_+20_mA,-10.0,>65,0.5063860721717948,0.6175853612309481,0.10213746316759537
T6_plain,FUDS,0,current_bias,I_bias_+20_mA,0.0,35-65,1.297390306178618,1.5062424568205446,-1.0677408337525598
T6_plain,FUDS,0,current_bias,I_bias_+20_mA,0.0,<=35,0.9260900384700278,1.0278652605682337,-0.43242752130100665
T6_plain,FUDS,0,current_bias,I_bias_+20_mA,0.0,>65,0.5481540355954896,0.6650543656200367,-0.28007145204027606
T6_plain,FUDS,0,current_bias,I_bias_+20_mA,10.0,35-65,1.4781425189948838,1.599064506864247,-1.4282761172978886
T6_plain,FUDS,0,current_bias,I_bias_+20_mA,10.0,<=35,0.6552275645598696,0.7808872396223572,-0.5727209661516613
T6_plain,FUDS,0,current_bias,I_bias_+20_mA,10.0,>65,0.5625798340883613,0.6644297745945713,-0.2579727432009737
T6_plain,FUDS,0,current_bias,I_bias_+20_mA,20.0,35-65,2.0330398079632173,2.1274629033522165,-2.0330398079632173
T6_plain,FUDS,0,current_bias,I_bias_+20_mA,20.0,<=35,0.8790127877419942,1.0327264778741898,-0.860682425588889
T6_plain,FUDS,0,current_bias,I_bias_+20_mA,20.0,>65,0.7366899443539889,0.8990081410273987,-0.5172480691325443
T6_plain,FUDS,0,current_bias,I_bias_+20_mA,25.0,35-65,2.2468957579108615,2.3261036104651502,-2.2468957579108615
T6_plain,FUDS,0,current_bias,I_bias_+20_mA,25.0,<=35,0.965822147021376,1.141600977253486,-0.9146380732197954
T6_plain,FUDS,0,current_bias,I_bias_+20_mA,25.0,>65,0.8151885241568848,0.988167483223847,-0.5327783691052451
T6_plain,FUDS,0,current_bias,I_bias_+20_mA,30.0,35-65,2.6355762591242686,2.7158351653081128,-2.6355762591242686
T6_plain,FUDS,0,current_bias,I_bias_+20_mA,30.0,<=35,1.163185256415688,1.3362529260870564,-1.1621093827459383
T6_plain,FUDS,0,current_bias,I_bias_+20_mA,30.0,>65,0.9626103038374672,1.1952060014551151,-0.7773067138890903
T6_plain,FUDS,0,current_bias,I_bias_+20_mA,40.0,35-65,2.8164487923540453,2.918378094801822,-2.8164487923540453
T6_plain,FUDS,0,current_bias,I_bias_+20_mA,40.0,<=35,1.2597180330739695,1.4476751371313,-1.2591893567483072
T6_plain,FUDS,0,current_bias,I_bias_+20_mA,40.0,>65,1.0233776121556502,1.2942379001489146,-0.8394719499961655
T6_plain,FUDS,0,current_bias,I_bias_+20_mA,50.0,35-65,3.2097596483575757,3.3487074766539737,-3.2097596483575757
T6_plain,FUDS,0,current_bias,I_bias_+20_mA,50.0,<=35,1.463460956958099,1.6790945215143407,-1.4552843783354747
T6_plain,FUDS,0,current_bias,I_bias_+20_mA,50.0,>65,1.0812252589135176,1.3979075188267667,-0.9064388885817017
T6_plain,FUDS,0,current_bias,I_bias_-10_mA,-10.0,35-65,3.4204102147521347,3.6662469118860725,3.080907968006538
T6_plain,FUDS,0,current_bias,I_bias_-10_mA,-10.0,<=35,2.0094692470919715,2.3576030072252707,1.9318736236472474
T6_plain,FUDS,0,current_bias,I_bias_-10_mA,-10.0,>65,1.3285546509907675,1.484026329966469,1.3186145289854818
T6_plain,FUDS,0,current_bias,I_bias_-10_mA,0.0,35-65,1.965103390935095,2.1966094921173847,1.8648664773394512
T6_plain,FUDS,0,current_bias,I_bias_-10_mA,0.0,<=35,1.2581031166238412,1.56690982780417,1.1059659205490242
T6_plain,FUDS,0,current_bias,I_bias_-10_mA,0.0,>65,0.8234587571611255,0.9433291474510128,0.8072930449011011
T6_plain,FUDS,0,current_bias,I_bias_-10_mA,10.0,35-65,1.7296766229718428,1.9439736719698633,1.7173076196582036
T6_plain,FUDS,0,current_bias,I_bias_-10_mA,10.0,<=35,1.1866802016693845,1.4029469542775754,1.173477313398742
T6_plain,FUDS,0,current_bias,I_bias_-10_mA,10.0,>65,0.820207659902566,0.9258426078187513,0.8098232342274492
T6_plain,FUDS,0,current_bias,I_bias_-10_mA,20.0,35-65,1.3102542825263268,1.4949877420777804,1.222899823470677
T6_plain,FUDS,0,current_bias,I_bias_-10_mA,20.0,<=35,0.8771800768656256,1.0462884002014081,0.7790165501656933
T6_plain,FUDS,0,current_bias,I_bias_-10_mA,20.0,>65,0.6226610233748421,0.7314373817381667,0.553497602661907
T6_plain,FUDS,0,current_bias,I_bias_-10_mA,25.0,35-65,1.3072929202596375,1.4594386544473197,1.1531973974766796
T6_plain,FUDS,0,current_bias,I_bias_-10_mA,25.0,<=35,0.7581306909182102,0.922447578680492,0.704277936235364
T6_plain,FUDS,0,current_bias,I_bias_-10_mA,25.0,>65,0.6409984921271479,0.7810877332779561,0.5626604551759523
T6_plain,FUDS,0,current_bias,I_bias_-10_mA,30.0,35-65,1.0214609865398399,1.1081451501253534,0.7628205780484205
T6_plain,FUDS,0,current_bias,I_bias_-10_mA,30.0,<=35,0.4917063620093807,0.6390550940319493,0.3560093566567953
T6_plain,FUDS,0,current_bias,I_bias_-10_mA,30.0,>65,0.5557467594267335,0.6709677532140065,0.31803445299780586
T6_plain,FUDS,0,current_bias,I_bias_-10_mA,40.0,35-65,0.9379081035724938,1.0282438522657056,0.6720143629379963
T6_plain,FUDS,0,current_bias,I_bias_-10_mA,40.0,<=35,0.41203649936431297,0.5159820208157861,0.16325579996539571
T6_plain,FUDS,0,current_bias,I_bias_-10_mA,40.0,>65,0.6100210355833452,0.7161740456491292,0.26826552113598373
T6_plain,FUDS,0,current_bias,I_bias_-10_mA,50.0,35-65,0.7127760787700548,0.8495205519482593,0.38705112239969464
T6_plain,FUDS,0,current_bias,I_bias_-10_mA,50.0,<=35,0.4185905924079064,0.5137799938879712,-0.07550159681908747
T6_plain,FUDS,0,current_bias,I_bias_-10_mA,50.0,>65,0.6626274394605868,0.7642769655982689,0.2253939619562196
T6_plain,FUDS,0,current_bias,I_bias_-20_mA,-10.0,35-65,4.24347028313005,4.517735247859358,4.029575022472191
T6_plain,FUDS,0,current_bias,I_bias_-20_mA,-10.0,<=35,2.673570586560495,2.9975583051224635,2.6430427597400823
T6_plain,FUDS,0,current_bias,I_bias_-20_mA,-10.0,>65,1.718834800388283,1.8903550507004492,1.7118252090308013
T6_plain,FUDS,0,current_bias,I_bias_-20_mA,0.0,35-65,2.8432177988282024,3.084660676289001,2.828414937302618
T6_plain,FUDS,0,current_bias,I_bias_-20_mA,0.0,<=35,1.7263404291978426,2.0916671546026073,1.6467485360214775
T6_plain,FUDS,0,current_bias,I_bias_-20_mA,0.0,>65,1.1635887302856733,1.2914765721131178,1.1593066202332523
T6_plain,FUDS,0,current_bias,I_bias_-20_mA,10.0,35-65,2.744432521821445,2.9339028940988023,2.744432521821445
T6_plain,FUDS,0,current_bias,I_bias_-20_mA,10.0,<=35,1.798089003802944,2.0581940164968375,1.7975057739046767
T6_plain,FUDS,0,current_bias,I_bias_-20_mA,10.0,>65,1.156229345287115,1.2618885346621842,1.1542622354435341
T6_plain,FUDS,0,current_bias,I_bias_-20_mA,20.0,35-65,2.2910003913124855,2.503513405977028,2.2872558745238885
T6_plain,FUDS,0,current_bias,I_bias_-20_mA,20.0,<=35,1.404668403351858,1.635521619064857,1.3599136736289268
T6_plain,FUDS,0,current_bias,I_bias_-20_mA,20.0,>65,0.9089760817759163,1.0193690389389813,0.8988526420018579
T6_plain,FUDS,0,current_bias,I_bias_-20_mA,25.0,35-65,2.2701464353540577,2.505946271466421,2.2596763871986543
T6_plain,FUDS,0,current_bias,I_bias_-20_mA,25.0,<=35,1.2834098799849583,1.4991006277439727,1.2790764598854139
T6_plain,FUDS,0,current_bias,I_bias_-20_mA,25.0,>65,0.9275088631299365,1.0516957710150998,0.9159969082549635
T6_plain,FUDS,0,current_bias,I_bias_-20_mA,30.0,35-65,1.926922188936151,2.1129525274272587,1.8741308985887783
T6_plain,FUDS,0,current_bias,I_bias_-20_mA,30.0,<=35,0.918127769125234,1.136247848767044,0.891820985513587
T6_plain,FUDS,0,current_bias,I_bias_-20_mA,30.0,>65,0.7295000220834542,0.8628966487095897,0.6713979062399775
T6_plain,FUDS,0,current_bias,I_bias_-20_mA,40.0,35-65,1.9122328396842776,2.0612430518072977,1.8191559143920677
T6_plain,FUDS,0,current_bias,I_bias_-20_mA,40.0,<=35,0.6992296966586092,0.9163789478296733,0.6630798772852965
T6_plain,FUDS,0,current_bias,I_bias_-20_mA,40.0,>65,0.7265276464743329,0.8706940421294362,0.6260118368198707
T6_plain,FUDS,0,current_bias,I_bias_-20_mA,50.0,35-65,1.7157072241904208,1.8383888499979548,1.5779796353758007
T6_plain,FUDS,0,current_bias,I_bias_-20_mA,50.0,<=35,0.5356476932015422,0.7092805164959985,0.40805665995389373
T6_plain,FUDS,0,current_bias,I_bias_-20_mA,50.0,>65,0.7512098856490876,0.8893443313299795,0.591023210920884
T6_plain,FUDS,0,voltage_bias,V_bias_+10_mV,-10.0,35-65,5.843602096750523,6.185386518864812,5.798124473954312
T6_plain,FUDS,0,voltage_bias,V_bias_+10_mV,-10.0,<=35,3.9544738958529932,4.244750003312521,3.95197641674843
T6_plain,FUDS,0,voltage_bias,V_bias_+10_mV,-10.0,>65,2.4601069858215596,2.684379551595631,2.455157180668428
T6_plain,FUDS,0,voltage_bias,V_bias_+10_mV,0.0,35-65,5.852760958787185,6.052648617162538,5.852760958787185
T6_plain,FUDS,0,voltage_bias,V_bias_+10_mV,0.0,<=35,3.4243364841383417,3.9931364282300175,3.412411769812637
T6_plain,FUDS,0,voltage_bias,V_bias_+10_mV,0.0,>65,2.2747811897734156,2.4796604693339708,2.273171403085829
T6_plain,FUDS,0,voltage_bias,V_bias_+10_mV,10.0,35-65,6.672693096753708,6.877919162683379,6.672693096753708
T6_plain,FUDS,0,voltage_bias,V_bias_+10_mV,10.0,<=35,4.4756146845797415,4.951639529520765,4.4756146845797415
T6_plain,FUDS,0,voltage_bias,V_bias_+10_mV,10.0,>65,2.4913258633263955,2.678579362183875,2.490246842144
T6_plain,FUDS,0,voltage_bias,V_bias_+10_mV,20.0,35-65,6.732367754889231,6.980111321296919,6.732367754889231
T6_plain,FUDS,0,voltage_bias,V_bias_+10_mV,20.0,<=35,4.1518394466144635,4.669520862740162,4.148325861298244
T6_plain,FUDS,0,voltage_bias,V_bias_+10_mV,20.0,>65,2.3760323450106764,2.531020122882995,2.374852609715986
T6_plain,FUDS,0,voltage_bias,V_bias_+10_mV,25.0,35-65,6.855704949049386,7.150282843514244,6.855704949049386
T6_plain,FUDS,0,voltage_bias,V_bias_+10_mV,25.0,<=35,4.081203690540061,4.584273979059487,4.081203690540061
T6_plain,FUDS,0,voltage_bias,V_bias_+10_mV,25.0,>65,2.4330996337786663,2.568853903094559,2.4318783462734697
T6_plain,FUDS,0,voltage_bias,V_bias_+10_mV,30.0,35-65,6.6626014266394575,6.945879725960613,6.6626014266394575
T6_plain,FUDS,0,voltage_bias,V_bias_+10_mV,30.0,<=35,3.5989984801303367,4.122432720796394,3.5989984801303367
T6_plain,FUDS,0,voltage_bias,V_bias_+10_mV,30.0,>65,2.238283023141367,2.363829660606262,2.23672657552408
T6_plain,FUDS,0,voltage_bias,V_bias_+10_mV,40.0,35-65,6.7940611407110705,7.117520146794006,6.7940611407110705
T6_plain,FUDS,0,voltage_bias,V_bias_+10_mV,40.0,<=35,3.2267854905515954,3.7627717930477216,3.2264480329019705
T6_plain,FUDS,0,voltage_bias,V_bias_+10_mV,40.0,>65,2.2284643166135942,2.3511313582557554,2.2256179996777314
T6_plain,FUDS,0,voltage_bias,V_bias_+10_mV,50.0,35-65,6.730605955495698,7.088778572900907,6.730605955495698
T6_plain,FUDS,0,voltage_bias,V_bias_+10_mV,50.0,<=35,2.869452387624741,3.3596759754769474,2.869452387624741
T6_plain,FUDS,0,voltage_bias,V_bias_+10_mV,50.0,>65,2.226220027938396,2.3540628439979314,2.220959864567043
T6_plain,FUDS,0,voltage_bias,V_bias_+1_mV,-10.0,35-65,2.92928945618855,3.1716924166536526,2.4965765004763845
T6_plain,FUDS,0,voltage_bias,V_bias_+1_mV,-10.0,<=35,1.648296607409703,1.9928040364704482,1.4965149959383306
T6_plain,FUDS,0,voltage_bias,V_bias_+1_mV,-10.0,>65,1.0996520653639419,1.2447880956064392,1.0769632078360434
T6_plain,FUDS,0,voltage_bias,V_bias_+1_mV,0.0,35-65,1.5671534943311787,1.800985374017906,1.3997635331395537
T6_plain,FUDS,0,voltage_bias,V_bias_+1_mV,0.0,<=35,1.0564519255760862,1.3405557293456687,0.8451874918159552
T6_plain,FUDS,0,voltage_bias,V_bias_+1_mV,0.0,>65,0.6794466546502617,0.7917255965239016,0.638603963417033
T6_plain,FUDS,0,voltage_bias,V_bias_+1_mV,10.0,35-65,1.3388372345139028,1.5629862579642493,1.3002574460733596
T6_plain,FUDS,0,voltage_bias,V_bias_+1_mV,10.0,<=35,0.9556376011572657,1.1536061937178665,0.9273717537513649
T6_plain,FUDS,0,voltage_bias,V_bias_+1_mV,10.0,>65,0.6970082677092728,0.8026825662950156,0.6714679904362075
T6_plain,FUDS,0,voltage_bias,V_bias_+1_mV,20.0,35-65,1.0216268169664553,1.1626988008327677,0.8351734179555356
T6_plain,FUDS,0,voltage_bias,V_bias_+1_mV,20.0,<=35,0.7016765871860605,0.8567415798695074,0.5747117184319297
T6_plain,FUDS,0,voltage_bias,V_bias_+1_mV,20.0,>65,0.5402654901832372,0.651606914772139,0.42930516545377356
T6_plain,FUDS,0,voltage_bias,V_bias_+1_mV,25.0,35-65,1.0088418961608319,1.1215100300326426,0.7516241693252314
T6_plain,FUDS,0,voltage_bias,V_bias_+1_mV,25.0,<=35,0.5962004906204826,0.7458845722445006,0.5038688504466721
T6_plain,FUDS,0,voltage_bias,V_bias_+1_mV,25.0,>65,0.5790115173186738,0.7112604363262598,0.43606256668293464
T6_plain,FUDS,0,voltage_bias,V_bias_+1_mV,30.0,35-65,0.7373192510072473,0.842196717741763,0.37732561189838304
T6_plain,FUDS,0,voltage_bias,V_bias_+1_mV,30.0,<=35,0.40524701490177445,0.5225704872276347,0.1772989390586676
T6_plain,FUDS,0,voltage_bias,V_bias_+1_mV,30.0,>65,0.5378840252804351,0.6469672615061415,0.19659887937769588
T6_plain,FUDS,0,voltage_bias,V_bias_+1_mV,40.0,35-65,0.6386709467441947,0.7798457211887644,0.2798250333771974
T6_plain,FUDS,0,voltage_bias,V_bias_+1_mV,40.0,<=35,0.3808643717198096,0.4648250114465125,-0.0013637330687868855
T6_plain,FUDS,0,voltage_bias,V_bias_+1_mV,40.0,>65,0.6015209104753314,0.7067134079756663,0.14666499108540618
T6_plain,FUDS,0,voltage_bias,V_bias_+1_mV,50.0,35-65,0.513062346020247,0.7177092251106578,-0.02098130357821836
T6_plain,FUDS,0,voltage_bias,V_bias_+1_mV,50.0,<=35,0.4395696004727243,0.561800657356796,-0.23637458045094514
T6_plain,FUDS,0,voltage_bias,V_bias_+1_mV,50.0,>65,0.6596530570660168,0.7662493730720922,0.10059127392588169
T6_plain,FUDS,0,voltage_bias,V_bias_+2_mV,-10.0,35-65,3.2382615592196107,3.4812155162624228,2.867318514004784
T6_plain,FUDS,0,voltage_bias,V_bias_+2_mV,-10.0,<=35,1.8604242753600384,2.2107450573903304,1.7586842939149228
T6_plain,FUDS,0,voltage_bias,V_bias_+2_mV,-10.0,>65,1.2462573272495667,1.3985570839082664,1.2336677910957379
T6_plain,FUDS,0,voltage_bias,V_bias_+2_mV,0.0,35-65,1.999990579369748,2.231633979295759,1.9044804182838615
T6_plain,FUDS,0,voltage_bias,V_bias_+2_mV,0.0,<=35,1.2679022996413003,1.5770123896500619,1.1149855664856365
T6_plain,FUDS,0,voltage_bias,V_bias_+2_mV,0.0,>65,0.8403973515970038,0.9606686773310152,0.8257416807523789
T6_plain,FUDS,0,voltage_bias,V_bias_+2_mV,10.0,35-65,1.9246418366863869,2.134052974163108,1.9187105336352517
T6_plain,FUDS,0,voltage_bias,V_bias_+2_mV,10.0,<=35,1.299551566082223,1.5242485553643403,1.2913495050059733
T6_plain,FUDS,0,voltage_bias,V_bias_+2_mV,10.0,>65,0.8880131002835752,0.9926753685529615,0.8812548759222454
T6_plain,FUDS,0,voltage_bias,V_bias_+2_mV,20.0,35-65,1.5600059886055029,1.7666431273760306,1.5202686585827692
T6_plain,FUDS,0,voltage_bias,V_bias_+2_mV,20.0,<=35,1.0189762842753916,1.2032887056481802,0.9405532271541353
T6_plain,FUDS,0,voltage_bias,V_bias_+2_mV,20.0,>65,0.6970548317395497,0.8077076440835544,0.6538912693310567
T6_plain,FUDS,0,voltage_bias,V_bias_+2_mV,25.0,35-65,1.5512911215010707,1.7441637420184977,1.4670348515392222
T6_plain,FUDS,0,voltage_bias,V_bias_+2_mV,25.0,<=35,0.8998552635131558,1.07680014575653,0.8671105040813045
T6_plain,FUDS,0,voltage_bias,V_bias_+2_mV,25.0,>65,0.7128498710241439,0.8519591057566922,0.6662724290884404
T6_plain,FUDS,0,voltage_bias,V_bias_+2_mV,30.0,35-65,1.2884754228381492,1.3998355559508058,1.1116669496107567
T6_plain,FUDS,0,voltage_bias,V_bias_+2_mV,30.0,<=35,0.6072679657590805,0.7783589944978148,0.5252101969793349
T6_plain,FUDS,0,voltage_bias,V_bias_+2_mV,30.0,>65,0.5938427995427769,0.7172532184381658,0.43186421001256964
T6_plain,FUDS,0,voltage_bias,V_bias_+2_mV,40.0,35-65,1.2395882030307361,1.3321853495410665,1.041593992206608
T6_plain,FUDS,0,voltage_bias,V_bias_+2_mV,40.0,<=35,0.4706075126977899,0.616125453758703,0.325883680241221
T6_plain,FUDS,0,voltage_bias,V_bias_+2_mV,40.0,>65,0.6336420363039021,0.7498370535771668,0.38604630423465114
T6_plain,FUDS,0,voltage_bias,V_bias_+2_mV,50.0,35-65,1.0179208472333863,1.108969009344758,0.7654841378853263
T6_plain,FUDS,0,voltage_bias,V_bias_+2_mV,50.0,<=35,0.4267299175906106,0.5235679428812187,0.07899783964175142
T6_plain,FUDS,0,voltage_bias,V_bias_+2_mV,50.0,>65,0.6780559234880306,0.7868413734789674,0.3447139259001255
T6_plain,FUDS,0,voltage_bias,V_bias_+5_mV,-10.0,35-65,4.193141569354698,4.465156353426962,3.9746128494222877
T6_plain,FUDS,0,voltage_bias,V_bias_+5_mV,-10.0,<=35,2.5964923699398827,2.9254345769402854,2.5610225286111143
T6_plain,FUDS,0,voltage_bias,V_bias_+5_mV,-10.0,>65,1.7053088988543645,1.8756097048032574,1.6983908994973618
T6_plain,FUDS,0,voltage_bias,V_bias_+5_mV,0.0,35-65,3.406768987828172,3.6384181182437922,3.405741774770439
T6_plain,FUDS,0,voltage_bias,V_bias_+5_mV,0.0,<=35,2.0069744317504408,2.4073969710461953,1.9475261283110936
T6_plain,FUDS,0,voltage_bias,V_bias_+5_mV,0.0,>65,1.382062428732311,1.5187771381424877,1.3788617827604124
T6_plain,FUDS,0,voltage_bias,V_bias_+5_mV,10.0,35-65,3.7455360874396035,3.9268651255224136,3.7455360874396035
T6_plain,FUDS,0,voltage_bias,V_bias_+5_mV,10.0,<=35,2.428454721713155,2.733458367035618,2.428454721713155
T6_plain,FUDS,0,voltage_bias,V_bias_+5_mV,10.0,>65,1.5002030848268406,1.617268036770873,1.4988889048904226
T6_plain,FUDS,0,voltage_bias,V_bias_+5_mV,20.0,35-65,3.537873921268394,3.7441986633355726,3.537873921268394
T6_plain,FUDS,0,voltage_bias,V_bias_+5_mV,20.0,<=35,2.105433007002247,2.403913511966291,2.0824627071243493
T6_plain,FUDS,0,voltage_bias,V_bias_+5_mV,20.0,>65,1.3166905845562844,1.422879407743259,1.3146536046255888
T6_plain,FUDS,0,voltage_bias,V_bias_+5_mV,25.0,35-65,3.566093993351595,3.8054625149437604,3.566093993351595
T6_plain,FUDS,0,voltage_bias,V_bias_+5_mV,25.0,<=35,2.0041598758778063,2.2742024009976634,2.0041598758778063
T6_plain,FUDS,0,voltage_bias,V_bias_+5_mV,25.0,>65,1.345566700760542,1.4508057206442404,1.343755023394789
T6_plain,FUDS,0,voltage_bias,V_bias_+5_mV,30.0,35-65,3.274162781109781,3.494901659358639,3.2718887857217376
T6_plain,FUDS,0,voltage_bias,V_bias_+5_mV,30.0,<=35,1.6141130091680433,1.89766893599139,1.6117741853800298
T6_plain,FUDS,0,voltage_bias,V_bias_+5_mV,30.0,>65,1.1308339491547532,1.2468876758162535,1.1242025992368014
T6_plain,FUDS,0,voltage_bias,V_bias_+5_mV,40.0,35-65,3.291278341822681,3.5253995354270558,3.2880534781392807
T6_plain,FUDS,0,voltage_bias,V_bias_+5_mV,40.0,<=35,1.3499030527751115,1.6272771640299701,1.3462713127745993
T6_plain,FUDS,0,voltage_bias,V_bias_+5_mV,40.0,>65,1.1016423584172916,1.2364178901679275,1.0910124124281937
T6_plain,FUDS,0,voltage_bias,V_bias_+5_mV,50.0,35-65,3.1027171929679227,3.35234461893869,3.098661949356117
T6_plain,FUDS,0,voltage_bias,V_bias_+5_mV,50.0,<=35,1.0625963375592158,1.3270323628747551,1.06043120004084
T6_plain,FUDS,0,voltage_bias,V_bias_+5_mV,50.0,>65,1.0771210222125855,1.23626511712657,1.0637060322875416
T6_plain,FUDS,0,voltage_bias,V_bias_-10_mV,-10.0,35-65,1.916531270616789,2.443351663914459,-1.6007650552721582
T6_plain,FUDS,0,voltage_bias,V_bias_-10_mV,-10.0,<=35,1.4148681764317492,1.6414469513892798,-1.2203836898629443
T6_plain,FUDS,0,voltage_bias,V_bias_-10_mV,-10.0,>65,0.8520015503182524,1.0876831797838649,-0.7082659616730737
T6_plain,FUDS,0,voltage_bias,V_bias_-10_mV,0.0,35-65,4.217354364965389,4.368169197620239,-4.217354364965389
T6_plain,FUDS,0,voltage_bias,V_bias_-10_mV,0.0,<=35,1.8878258039878058,2.292538181472121,-1.8744749816992103
T6_plain,FUDS,0,voltage_bias,V_bias_-10_mV,0.0,>65,1.5212991040091157,1.8689357228885386,-1.512350961853264
T6_plain,FUDS,0,voltage_bias,V_bias_-10_mV,10.0,35-65,5.640340528059558,5.714922800305049,-5.640340528059558
T6_plain,FUDS,0,voltage_bias,V_bias_-10_mV,10.0,<=35,2.619785733920906,2.9010545952786315,-2.619785733920906
T6_plain,FUDS,0,voltage_bias,V_bias_-10_mV,10.0,>65,1.7800590831249872,2.167520656872748,-1.771252448668832
T6_plain,FUDS,0,voltage_bias,V_bias_-10_mV,20.0,35-65,6.7797089835902336,6.852806063847969,-6.7797089835902336
T6_plain,FUDS,0,voltage_bias,V_bias_-10_mV,20.0,<=35,3.0265510308694097,3.3081380962921356,-3.0265510308694097
T6_plain,FUDS,0,voltage_bias,V_bias_-10_mV,20.0,>65,2.205649758552961,2.6255907820760416,-2.1994144037843606
T6_plain,FUDS,0,voltage_bias,V_bias_-10_mV,25.0,35-65,7.231362700004293,7.3125560433407095,-7.231362700004293
T6_plain,FUDS,0,voltage_bias,V_bias_-10_mV,25.0,<=35,3.0811445698497555,3.4251107304208026,-3.0666713866894195
T6_plain,FUDS,0,voltage_bias,V_bias_-10_mV,25.0,>65,2.269819434019486,2.7326501008190283,-2.261319575216823
T6_plain,FUDS,0,voltage_bias,V_bias_-10_mV,30.0,35-65,7.743566099738416,7.846836003695931,-7.743566099738416
T6_plain,FUDS,0,voltage_bias,V_bias_-10_mV,30.0,<=35,3.2741562817065035,3.6113387574833906,-3.2741562817065035
T6_plain,FUDS,0,voltage_bias,V_bias_-10_mV,30.0,>65,2.5718551785419086,3.041320066917048,-2.5652731816866265
T6_plain,FUDS,0,voltage_bias,V_bias_-10_mV,40.0,35-65,8.058508645073136,8.21470173848475,-8.058508645073136
T6_plain,FUDS,0,voltage_bias,V_bias_-10_mV,40.0,<=35,3.2749874823679717,3.6469066805843937,-3.27497239843514
T6_plain,FUDS,0,voltage_bias,V_bias_-10_mV,40.0,>65,2.6678215481094636,3.1596936984171617,-2.6598530553136026
T6_plain,FUDS,0,voltage_bias,V_bias_-10_mV,50.0,35-65,8.52138576339048,8.73350769559681,-8.52138576339048
T6_plain,FUDS,0,voltage_bias,V_bias_-10_mV,50.0,<=35,3.409062602333114,3.805347054999002,-3.403531830244662
T6_plain,FUDS,0,voltage_bias,V_bias_-10_mV,50.0,>65,2.768311635111517,3.293160153922307,-2.759121110529842
T6_plain,FUDS,0,voltage_bias,V_bias_-1_mV,-10.0,35-65,2.3270240018066417,2.6029364935416885,1.7532395249018908
T6_plain,FUDS,0,voltage_bias,V_bias_-1_mV,-10.0,<=35,1.2742248821778543,1.6045752240730318,0.9799669152420575
T6_plain,FUDS,0,voltage_bias,V_bias_-1_mV,-10.0,>65,0.8294307087809667,0.955884157591331,0.7608197293497453
T6_plain,FUDS,0,voltage_bias,V_bias_-1_mV,0.0,35-65,0.854874427776828,1.1546161448458536,0.38518911535467565
T6_plain,FUDS,0,voltage_bias,V_bias_-1_mV,0.0,<=35,0.7727886897075067,0.9938746086387775,0.31707300898556745
T6_plain,FUDS,0,voltage_bias,V_bias_-1_mV,0.0,>65,0.43958195336886374,0.5426246057781934,0.26015888300422424
T6_plain,FUDS,0,voltage_bias,V_bias_-1_mV,10.0,35-65,0.5483978957006965,0.7677788714190206,0.05193493552737686
T6_plain,FUDS,0,voltage_bias,V_bias_-1_mV,10.0,<=35,0.40990782158596195,0.5605857116253373,0.2214767690894462
T6_plain,FUDS,0,voltage_bias,V_bias_-1_mV,10.0,>65,0.4268547034911697,0.533748885246629,0.2459142769167458
T6_plain,FUDS,0,voltage_bias,V_bias_-1_mV,20.0,35-65,0.7137621617437611,0.8685317532892601,-0.5481554740706592
T6_plain,FUDS,0,voltage_bias,V_bias_-1_mV,20.0,<=35,0.41728475625017863,0.5242539588282851,-0.13626663416139834
T6_plain,FUDS,0,voltage_bias,V_bias_-1_mV,20.0,>65,0.4818444008117297,0.5797558996275068,-0.02662963835733515
T6_plain,FUDS,0,voltage_bias,V_bias_-1_mV,25.0,35-65,0.7947637881074973,0.9606538650938277,-0.6961943642252989
T6_plain,FUDS,0,voltage_bias,V_bias_-1_mV,25.0,<=35,0.47312291529903006,0.5580176221609298,-0.20119052066705692
T6_plain,FUDS,0,voltage_bias,V_bias_-1_mV,25.0,>65,0.5626758383815699,0.6699599474054004,-0.031266101137148325
T6_plain,FUDS,0,voltage_bias,V_bias_-1_mV,30.0,35-65,1.1061691168984604,1.2750046432619102,-1.105623186333911
T6_plain,FUDS,0,voltage_bias,V_bias_-1_mV,30.0,<=35,0.5666518187580567,0.6956563015110664,-0.4995121728800423
T6_plain,FUDS,0,voltage_bias,V_bias_-1_mV,30.0,>65,0.6530771533066921,0.7924137798516431,-0.28108292502943094
T6_plain,FUDS,0,voltage_bias,V_bias_-1_mV,40.0,35-65,1.2536153094862754,1.4122961671370775,-1.2536153094862754
T6_plain,FUDS,0,voltage_bias,V_bias_-1_mV,40.0,<=35,0.6591910265162713,0.8199180805004983,-0.6392878581154764
T6_plain,FUDS,0,voltage_bias,V_bias_-1_mV,40.0,>65,0.7160093026681622,0.8873466841999316,-0.33913277645939993
T6_plain,FUDS,0,voltage_bias,V_bias_-1_mV,50.0,35-65,1.5980597774642882,1.757470912103413,-1.5980597774642882
T6_plain,FUDS,0,voltage_bias,V_bias_-1_mV,50.0,<=35,0.8635868676077402,1.055477560480373,-0.8519257605030296
T6_plain,FUDS,0,voltage_bias,V_bias_-1_mV,50.0,>65,0.7690225309552965,0.9773460615083375,-0.3947573219313895
T6_plain,FUDS,0,voltage_bias,V_bias_-2_mV,-10.0,35-65,2.041170074049438,2.3566119476532914,1.3808577242385938
T6_plain,FUDS,0,voltage_bias,V_bias_-2_mV,-10.0,<=35,1.124403011454877,1.4442737840402387,0.7255467933215799
T6_plain,FUDS,0,voltage_bias,V_bias_-2_mV,-10.0,>65,0.7132186736864478,0.8285053901329076,0.6013741210180313
T6_plain,FUDS,0,voltage_bias,V_bias_-2_mV,0.0,35-65,0.810407390599823,1.0812387026817218,-0.12417979664323697
T6_plain,FUDS,0,voltage_bias,V_bias_-2_mV,0.0,<=35,0.7598056377463565,0.9233262491564624,0.05872376999886706
T6_plain,FUDS,0,voltage_bias,V_bias_-2_mV,0.0,>65,0.4187027998187405,0.5120030744882152,0.06885230639258459
T6_plain,FUDS,0,voltage_bias,V_bias_-2_mV,10.0,35-65,0.8142370453130712,0.9342705822900985,-0.5768598029834794
T6_plain,FUDS,0,voltage_bias,V_bias_-2_mV,10.0,<=35,0.40125507615429445,0.503568820530104,-0.12068881822784074
T6_plain,FUDS,0,voltage_bias,V_bias_-2_mV,10.0,>65,0.4296438373523266,0.522822818251523,0.030117208799724276
T6_plain,FUDS,0,voltage_bias,V_bias_-2_mV,20.0,35-65,1.2582335213176532,1.3981560648890805,-1.2442386370708756
T6_plain,FUDS,0,voltage_bias,V_bias_-2_mV,20.0,<=35,0.5894969107349717,0.7018794647110206,-0.4818203635795804
T6_plain,FUDS,0,voltage_bias,V_bias_-2_mV,20.0,>65,0.5788501181778762,0.6954573554097232,-0.25806410760544485
T6_plain,FUDS,0,voltage_bias,V_bias_-2_mV,25.0,35-65,1.4263057976132465,1.5532650046199121,-1.4261277222138808
T6_plain,FUDS,0,voltage_bias,V_bias_-2_mV,25.0,<=35,0.665901608103468,0.793952737454787,-0.5436251302389727
T6_plain,FUDS,0,voltage_bias,V_bias_-2_mV,25.0,>65,0.6618168610073345,0.787591345086836,-0.2685055128952153
T6_plain,FUDS,0,voltage_bias,V_bias_-2_mV,30.0,35-65,1.8518002599819292,1.9551408249976872,-1.8518002599819292
T6_plain,FUDS,0,voltage_bias,V_bias_-2_mV,30.0,<=35,0.8331606946883651,0.9970562866124153,-0.8289954098214557
T6_plain,FUDS,0,voltage_bias,V_bias_-2_mV,30.0,>65,0.7930235516177918,0.9707859645884621,-0.5236470731581234
T6_plain,FUDS,0,voltage_bias,V_bias_-2_mV,40.0,35-65,2.023456911763858,2.136498865802235,-2.023456911763858
T6_plain,FUDS,0,voltage_bias,V_bias_-2_mV,40.0,<=35,0.9519832563894756,1.1244517167297199,-0.950536058100921
T6_plain,FUDS,0,voltage_bias,V_bias_-2_mV,40.0,>65,0.854599321121663,1.0711609833073623,-0.585708671641645
T6_plain,FUDS,0,voltage_bias,V_bias_-2_mV,50.0,35-65,2.3886962797211604,2.5265041882794383,-2.3886962797211604
T6_plain,FUDS,0,voltage_bias,V_bias_-2_mV,50.0,<=35,1.1612345584653008,1.3591384592126095,-1.1525887162055855
T6_plain,FUDS,0,voltage_bias,V_bias_-2_mV,50.0,>65,0.9077401269847877,1.1682409381435686,-0.6461457146520938
T6_plain,FUDS,0,voltage_bias,V_bias_-5_mV,-10.0,35-65,1.4297965200482807,1.893281330476684,0.26216572039547104
T6_plain,FUDS,0,voltage_bias,V_bias_-5_mV,-10.0,<=35,0.9013146263640838,1.1875503286637112,-0.02257331097718369
T6_plain,FUDS,0,voltage_bias,V_bias_-5_mV,-10.0,>65,0.5059095858165226,0.6159286999518222,0.1174457243099278
T6_plain,FUDS,0,voltage_bias,V_bias_-5_mV,0.0,35-65,1.7208508096651571,1.9693656944421802,-1.6577871527234185
T6_plain,FUDS,0,voltage_bias,V_bias_-5_mV,0.0,<=35,1.0578603631937666,1.1969049885262926,-0.6937872670687613
T6_plain,FUDS,0,voltage_bias,V_bias_-5_mV,0.0,>65,0.6971576544298025,0.8517654307017982,-0.5134694519137348
T6_plain,FUDS,0,voltage_bias,V_bias_-5_mV,10.0,35-65,2.4747908870270763,2.57959737198859,-2.4747908870270763
T6_plain,FUDS,0,voltage_bias,V_bias_-5_mV,10.0,<=35,1.1119391967901464,1.2879930465580092,-1.1058036226505945
T6_plain,FUDS,0,voltage_bias,V_bias_-5_mV,10.0,>65,0.799641548365802,0.9765944244882082,-0.6295901629750443
T6_plain,FUDS,0,voltage_bias,V_bias_-5_mV,20.0,35-65,3.336727495584104,3.4041610423120447,-3.336727495584104
T6_plain,FUDS,0,voltage_bias,V_bias_-5_mV,20.0,<=35,1.4807384684496303,1.6547473137828947,-1.4807384684496303
T6_plain,FUDS,0,voltage_bias,V_bias_-5_mV,20.0,>65,1.0595946488780437,1.3217425951516544,-0.9668329556146367
T6_plain,FUDS,0,voltage_bias,V_bias_-5_mV,25.0,35-65,3.623493869605114,3.685087481008767,-3.623493869605114
T6_plain,FUDS,0,voltage_bias,V_bias_-5_mV,25.0,<=35,1.5656448627080128,1.7751399543292115,-1.5333971000212223
T6_plain,FUDS,0,voltage_bias,V_bias_-5_mV,25.0,>65,1.1291605551337305,1.411170872400506,-0.9953087217457915
T6_plain,FUDS,0,voltage_bias,V_bias_-5_mV,30.0,35-65,4.092202118701703,4.1678621638251645,-4.092202118701703
T6_plain,FUDS,0,voltage_bias,V_bias_-5_mV,30.0,<=35,1.7845490675273998,1.9929172912286717,-1.7843608896676302
T6_plain,FUDS,0,voltage_bias,V_bias_-5_mV,30.0,>65,1.3395222115500642,1.6697121131608774,-1.267247368196804
T6_plain,FUDS,0,voltage_bias,V_bias_-5_mV,40.0,35-65,4.331629665912321,4.442904164799278,-4.331629665912321
T6_plain,FUDS,0,voltage_bias,V_bias_-5_mV,40.0,<=35,1.8558091164429473,2.0870770380706176,-1.8556486886604642
T6_plain,FUDS,0,voltage_bias,V_bias_-5_mV,40.0,>65,1.412372558130518,1.7761761104391132,-1.3412749472113554
T6_plain,FUDS,0,voltage_bias,V_bias_-5_mV,50.0,35-65,4.752071383987396,4.912823961948182,-4.752071383987396
T6_plain,FUDS,0,voltage_bias,V_bias_-5_mV,50.0,<=35,2.0349979730022985,2.2936943660690248,-2.02796685969972
T6_plain,FUDS,0,voltage_bias,V_bias_-5_mV,50.0,>65,1.4845703463317512,1.8869813808313989,-1.4162363310297885
T6_plain,FUDS,1,baseline,unperturbed,-10.0,35-65,2.315705323448905,2.7194967621187884,1.8741119685218977
T6_plain,FUDS,1,baseline,unperturbed,-10.0,<=35,1.2885532474226804,1.6588645985929973,0.6460115283505155
T6_plain,FUDS,1,baseline,unperturbed,-10.0,>65,0.8232575133810782,0.9575087717875582,0.730788001884659
T6_plain,FUDS,1,baseline,unperturbed,0.0,35-65,1.043228791324201,1.321221308524528,0.5846812680365298
T6_plain,FUDS,1,baseline,unperturbed,0.0,<=35,0.816755051971831,1.020465289791716,0.43228863347417845
T6_plain,FUDS,1,baseline,unperturbed,0.0,>65,0.49772164612476366,0.6164175728451681,0.3423744710775048
T6_plain,FUDS,1,baseline,unperturbed,10.0,35-65,0.6997384834166288,0.8747034805596348,0.323205862789641
T6_plain,FUDS,1,baseline,unperturbed,10.0,<=35,0.5308901188087776,0.6666695951644421,0.46405645727720557
T6_plain,FUDS,1,baseline,unperturbed,10.0,>65,0.5294274441437959,0.6606664654562661,0.4320182033243139
T6_plain,FUDS,1,baseline,unperturbed,20.0,35-65,0.5090917224749771,0.6942377747423542,-0.05262697452229301
T6_plain,FUDS,1,baseline,unperturbed,20.0,<=35,0.3048420776150628,0.41855190480251453,0.10124845610878663
T6_plain,FUDS,1,baseline,unperturbed,20.0,>65,0.4820729440060128,0.5878467278848414,0.19739685606914692
T6_plain,FUDS,1,baseline,unperturbed,25.0,35-65,0.5119812433910664,0.7184598804783541,-0.12914288422971731
T6_plain,FUDS,1,baseline,unperturbed,25.0,<=35,0.32475359781464996,0.4028838089196184,0.10635962938081744
T6_plain,FUDS,1,baseline,unperturbed,25.0,>65,0.5562343991723099,0.6819869482175056,0.23199846162528215
T6_plain,FUDS,1,baseline,unperturbed,30.0,35-65,0.5934612350524875,0.7572173884847913,-0.41796113829301684
T6_plain,FUDS,1,baseline,unperturbed,30.0,<=35,0.35336127704326925,0.43517211472890155,-0.1746542764823718
T6_plain,FUDS,1,baseline,unperturbed,30.0,>65,0.5668136804428043,0.6932009533575718,0.018737380073800675
T6_plain,FUDS,1,baseline,unperturbed,40.0,35-65,0.6555083743218806,0.8422065763726412,-0.5797555533453889
T6_plain,FUDS,1,baseline,unperturbed,40.0,<=35,0.4951667113601237,0.6261393379750947,-0.40020556862442036
T6_plain,FUDS,1,baseline,unperturbed,40.0,>65,0.6634443983144008,0.7944837777168262,-0.018697264565774988
T6_plain,FUDS,1,baseline,unperturbed,50.0,35-65,0.8549926512890095,1.0601489903029762,-0.8451108141112619
T6_plain,FUDS,1,baseline,unperturbed,50.0,<=35,0.6647222966437835,0.8412470544861517,-0.602548594126621
T6_plain,FUDS,1,baseline,unperturbed,50.0,>65,0.7168206368960469,0.8541374801019378,-0.07168462225475851
T6_plain,FUDS,1,current_bias,I_bias_+10_mA,-10.0,35-65,1.704981763459028,2.1473222385879436,0.9154340234378167
T6_plain,FUDS,1,current_bias,I_bias_+10_mA,-10.0,<=35,1.1349173682243996,1.4692730031787686,-0.08782758315976136
T6_plain,FUDS,1,current_bias,I_bias_+10_mA,-10.0,>65,0.5948986826871147,0.713136510624291,0.3259170920851759
T6_plain,FUDS,1,current_bias,I_bias_+10_mA,0.0,35-65,0.9501798874650372,1.2117111175092083,-0.3804943886454263
T6_plain,FUDS,1,current_bias,I_bias_+10_mA,0.0,<=35,0.7289496229200744,0.8410164200229474,-0.07550782263896512
T6_plain,FUDS,1,current_bias,I_bias_+10_mA,0.0,>65,0.46683474027298055,0.5688424721964117,-0.026570948547109438
T6_plain,FUDS,1,current_bias,I_bias_+10_mA,10.0,35-65,0.8708217626083283,1.0202973881022042,-0.699127644897135
T6_plain,FUDS,1,current_bias,I_bias_+10_mA,10.0,<=35,0.3330237532918219,0.41248246380567494,-0.10774172244207192
T6_plain,FUDS,1,current_bias,I_bias_+10_mA,10.0,>65,0.45080026433403686,0.560409349112765,0.07018027609696485
T6_plain,FUDS,1,current_bias,I_bias_+10_mA,20.0,35-65,1.1256045795069447,1.2700427614435015,-1.1137736191460157
T6_plain,FUDS,1,current_bias,I_bias_+10_mA,20.0,<=35,0.4942960335810626,0.616363144483332,-0.42899306836751305
T6_plain,FUDS,1,current_bias,I_bias_+10_mA,20.0,>65,0.532751401490336,0.6524202807556483,-0.16482141243604262
T6_plain,FUDS,1,current_bias,I_bias_+10_mA,25.0,35-65,1.2420538486902521,1.3806213951715802,-1.2386108998488268
T6_plain,FUDS,1,current_bias,I_bias_+10_mA,25.0,<=35,0.5564959345422626,0.6748496690910328,-0.4127008064624914
T6_plain,FUDS,1,current_bias,I_bias_+10_mA,25.0,>65,0.6164827960795681,0.7397904718860758,-0.1379686992166604
T6_plain,FUDS,1,current_bias,I_bias_+10_mA,30.0,35-65,1.5352649828198675,1.647157573454132,-1.5352649828198675
T6_plain,FUDS,1,current_bias,I_bias_+10_mA,30.0,<=35,0.6854190166052541,0.836195055775244,-0.6645484943872599
T6_plain,FUDS,1,current_bias,I_bias_+10_mA,30.0,>65,0.6997186949552078,0.8556304865253926,-0.3498553646165911
T6_plain,FUDS,1,current_bias,I_bias_+10_mA,40.0,35-65,1.7557261520410126,1.8632753237237951,-1.7557261520410126
T6_plain,FUDS,1,current_bias,I_bias_+10_mA,40.0,<=35,0.8637463273947968,1.0448234993251375,-0.8552171580827047
T6_plain,FUDS,1,current_bias,I_bias_+10_mA,40.0,>65,0.7742588777693834,0.9732537396856517,-0.39812323785152126
T6_plain,FUDS,1,current_bias,I_bias_+10_mA,50.0,35-65,2.075151794722596,2.199023523172907,-2.075151794722596
T6_plain,FUDS,1,current_bias,I_bias_+10_mA,50.0,<=35,1.0586982063657266,1.2677441758306323,-1.0454068042173008
T6_plain,FUDS,1,current_bias,I_bias_+10_mA,50.0,>65,0.8154447284216538,1.0547462445830988,-0.46033417321207104
T6_plain,FUDS,1,current_bias,I_bias_+20_mA,-10.0,35-65,1.5504012133651475,1.9238827287663256,-0.048223048552871746
T6_plain,FUDS,1,current_bias,I_bias_+20_mA,-10.0,<=35,1.3489102516722975,1.6222865684147003,-0.8049372918320932
T6_plain,FUDS,1,current_bias,I_bias_+20_mA,-10.0,>65,0.5610275826838408,0.7059052104516937,-0.08455665004219771
T6_plain,FUDS,1,current_bias,I_bias_+20_mA,0.0,35-65,1.5080494121607286,1.7641711782358576,-1.3503921299697073
T6_plain,FUDS,1,current_bias,I_bias_+20_mA,0.0,<=35,0.905035938913995,1.0024347391469555,-0.5687036539948794
T6_plain,FUDS,1,current_bias,I_bias_+20_mA,0.0,>65,0.6316179297776797,0.7766261418476342,-0.4010980387603587
T6_plain,FUDS,1,current_bias,I_bias_+20_mA,10.0,35-65,1.7325289062962823,1.8705091062194685,-1.7293785669524464
T6_plain,FUDS,1,current_bias,I_bias_+20_mA,10.0,<=35,0.6791851243787275,0.8199465253820204,-0.6605185336669321
T6_plain,FUDS,1,current_bias,I_bias_+20_mA,10.0,>65,0.5990512154834986,0.7136716199477938,-0.29774639043412054
T6_plain,FUDS,1,current_bias,I_bias_+20_mA,20.0,35-65,2.1818326873971485,2.259148720254777,-2.1818326873971485
T6_plain,FUDS,1,current_bias,I_bias_+20_mA,20.0,<=35,0.9472060849861196,1.113099378757343,-0.942014361070186
T6_plain,FUDS,1,current_bias,I_bias_+20_mA,20.0,>65,0.7303510901111774,0.9081151830445188,-0.5335031158974642
T6_plain,FUDS,1,current_bias,I_bias_+20_mA,25.0,35-65,2.35599269974361,2.428387589277962,-2.35599269974361
T6_plain,FUDS,1,current_bias,I_bias_+20_mA,25.0,<=35,1.0087984320356185,1.1748737542407515,-0.9144073996564163
T6_plain,FUDS,1,current_bias,I_bias_+20_mA,25.0,>65,0.7955865268407496,0.9801766910334813,-0.5146546350271716
T6_plain,FUDS,1,current_bias,I_bias_+20_mA,30.0,35-65,2.6575272446923965,2.734994515530778,-2.6575272446923965
T6_plain,FUDS,1,current_bias,I_bias_+20_mA,30.0,<=35,1.1450902258263493,1.3296237670869089,-1.1395593860352216
T6_plain,FUDS,1,current_bias,I_bias_+20_mA,30.0,>65,0.905501599320984,1.1464617094759013,-0.7253246476008849
T6_plain,FUDS,1,current_bias,I_bias_+20_mA,40.0,35-65,2.9338908755942477,3.0257999434439307,-2.9338908755942477
T6_plain,FUDS,1,current_bias,I_bias_+20_mA,40.0,<=35,1.2995656377732243,1.5091176137942064,-1.2978203241438053
T6_plain,FUDS,1,current_bias,I_bias_+20_mA,40.0,>65,0.9774476407559548,1.2716777328644953,-0.7848204315445265
T6_plain,FUDS,1,current_bias,I_bias_+20_mA,50.0,35-65,3.3066963373910667,3.4315888726639896,-3.3066963373910667
T6_plain,FUDS,1,current_bias,I_bias_+20_mA,50.0,<=35,1.4884022294240642,1.72114403515993,-1.477490375389307
T6_plain,FUDS,1,current_bias,I_bias_+20_mA,50.0,>65,1.0192287554340613,1.3676188090207744,-0.8566742266915295
T6_plain,FUDS,1,current_bias,I_bias_-10_mA,-10.0,35-65,3.097384725184416,3.4668481565792684,2.8262525901351743
T6_plain,FUDS,1,current_bias,I_bias_-10_mA,-10.0,<=35,1.6776108838722779,2.1178234585771025,1.3966493876369712
T6_plain,FUDS,1,current_bias,I_bias_-10_mA,-10.0,>65,1.1562251284683118,1.306428091024864,1.1301176729574538
T6_plain,FUDS,1,current_bias,I_bias_-10_mA,0.0,35-65,1.709016852638931,1.978427568406377,1.5432845298625546
T6_plain,FUDS,1,current_bias,I_bias_-10_mA,0.0,<=35,1.1814859079738531,1.4363737451681824,0.9549050355119691
T6_plain,FUDS,1,current_bias,I_bias_-10_mA,0.0,>65,0.7399187292283517,0.8697761289073698,0.7058196616195592
T6_plain,FUDS,1,current_bias,I_bias_-10_mA,10.0,35-65,1.3965328675962083,1.6192788816858414,1.3352415216794185
T6_plain,FUDS,1,current_bias,I_bias_-10_mA,10.0,<=35,1.0703195930733878,1.2547826710346663,1.0552864384713254
T6_plain,FUDS,1,current_bias,I_bias_-10_mA,10.0,>65,0.8073548256772355,0.927311502530024,0.7879256443481681
T6_plain,FUDS,1,current_bias,I_bias_-10_mA,20.0,35-65,1.1582487761248343,1.291393796174569,0.9984656411109798
T6_plain,FUDS,1,current_bias,I_bias_-10_mA,20.0,<=35,0.6983701591048677,0.8344571186707306,0.649348079615661
T6_plain,FUDS,1,current_bias,I_bias_-10_mA,20.0,>65,0.6227792154375297,0.7527510467497761,0.5533788077601535
T6_plain,FUDS,1,current_bias,I_bias_-10_mA,25.0,35-65,1.1817295858473695,1.2943748852200911,0.9684921253906673
T6_plain,FUDS,1,current_bias,I_bias_-10_mA,25.0,<=35,0.6586844219892003,0.7583672728349357,0.6437506623349643
T6_plain,FUDS,1,current_bias,I_bias_-10_mA,25.0,>65,0.6762467789825313,0.833943759109833,0.5955466070702626
T6_plain,FUDS,1,current_bias,I_bias_-10_mA,30.0,35-65,0.9229882623191809,1.0153807202848215,0.6901379410531355
T6_plain,FUDS,1,current_bias,I_bias_-10_mA,30.0,<=35,0.41426191865552614,0.5459901354157872,0.33104113827009674
T6_plain,FUDS,1,current_bias,I_bias_-10_mA,30.0,>65,0.5990335685581671,0.7349459907136598,0.38077597805662255
T6_plain,FUDS,1,current_bias,I_bias_-10_mA,40.0,35-65,0.8337293896681596,0.9241088861256138,0.5896450336682836
T6_plain,FUDS,1,current_bias,I_bias_-10_mA,40.0,<=35,0.3753768288823786,0.47477147222834803,0.06815969065998373
T6_plain,FUDS,1,current_bias,I_bias_-10_mA,40.0,>65,0.6703695922270231,0.804665329036337,0.3538061278503183
T6_plain,FUDS,1,current_bias,I_bias_-10_mA,50.0,35-65,0.6757858763487189,0.7929614280922276,0.37982215731760804
T6_plain,FUDS,1,current_bias,I_bias_-10_mA,50.0,<=35,0.43401509222301454,0.5493536714258395,-0.1482452790993726
T6_plain,FUDS,1,current_bias,I_bias_-10_mA,50.0,>65,0.7171575169634505,0.835467173105196,0.30965134089046265
T6_plain,FUDS,1,current_bias,I_bias_-20_mA,-10.0,35-65,3.915706524099311,4.293365181596471,3.770355855357146
T6_plain,FUDS,1,current_bias,I_bias_-20_mA,-10.0,<=35,2.2742533331062376,2.7265733780851082,2.1640743091901307
T6_plain,FUDS,1,current_bias,I_bias_-20_mA,-10.0,>65,1.5299086895437402,1.6919352451008753,1.5239770371143961
T6_plain,FUDS,1,current_bias,I_bias_-20_mA,0.0,35-65,2.5444168451378912,2.815883450499244,2.4935294698974295
T6_plain,FUDS,1,current_bias,I_bias_-20_mA,0.0,<=35,1.6314145464116683,1.9573590044260807,1.492523786419415
T6_plain,FUDS,1,current_bias,I_bias_-20_mA,0.0,>65,1.069879916829504,1.1991588938833444,1.0638269538352345
T6_plain,FUDS,1,current_bias,I_bias_-20_mA,10.0,35-65,2.334715037020561,2.5580272784716427,2.334715037020561
T6_plain,FUDS,1,current_bias,I_bias_-20_mA,10.0,<=35,1.6675814328757375,1.9088837946183617,1.6662726916754493
T6_plain,FUDS,1,current_bias,I_bias_-20_mA,10.0,>65,1.140925359165028,1.2524651789627816,1.1380565366273283
T6_plain,FUDS,1,current_bias,I_bias_-20_mA,20.0,35-65,2.050532422126073,2.2586097882046943,2.03655497330973
T6_plain,FUDS,1,current_bias,I_bias_-20_mA,20.0,<=35,1.22547775052269,1.4220184695133744,1.2159983938020682
T6_plain,FUDS,1,current_bias,I_bias_-20_mA,20.0,>65,0.9196430352125029,1.0356016439873574,0.903348767520932
T6_plain,FUDS,1,current_bias,I_bias_-20_mA,25.0,35-65,2.0804418884856224,2.301760805732666,2.0506350412424306
T6_plain,FUDS,1,current_bias,I_bias_-20_mA,25.0,<=35,1.2005580477013065,1.3336502408055673,1.2005580477013065
T6_plain,FUDS,1,current_bias,I_bias_-20_mA,25.0,>65,0.9656030715360906,1.1051457543192256,0.9529616705465381
T6_plain,FUDS,1,current_bias,I_bias_-20_mA,30.0,35-65,1.8559656492485768,2.004836300180815,1.7851440856820913
T6_plain,FUDS,1,current_bias,I_bias_-20_mA,30.0,<=35,0.8582683282636222,1.0463491985800366,0.8536679808272866
T6_plain,FUDS,1,current_bias,I_bias_-20_mA,30.0,>65,0.7912959632335028,0.945184995046562,0.7365947159734633
T6_plain,FUDS,1,current_bias,I_bias_-20_mA,40.0,35-65,1.8419993339727585,1.962757271830559,1.7481766608835534
T6_plain,FUDS,1,current_bias,I_bias_-20_mA,40.0,<=35,0.600780154123513,0.8049440950250777,0.5511959402078119
T6_plain,FUDS,1,current_bias,I_bias_-20_mA,40.0,>65,0.8188943209934088,0.9882292569662904,0.7197131013190472
T6_plain,FUDS,1,current_bias,I_bias_-20_mA,50.0,35-65,1.7205304444878147,1.8194528828963794,1.5971047211025382
T6_plain,FUDS,1,current_bias,I_bias_-20_mA,50.0,<=35,0.4959581065462144,0.6588156012247823,0.31852379929044916
T6_plain,FUDS,1,current_bias,I_bias_-20_mA,50.0,>65,0.8391395435238861,0.9983196394442555,0.683988965905297
T6_plain,FUDS,1,voltage_bias,V_bias_+10_mV,-10.0,35-65,5.543304400202678,5.937343302820834,5.528915050369218
T6_plain,FUDS,1,voltage_bias,V_bias_+10_mV,-10.0,<=35,3.617624392853255,4.02005031289518,3.5982037665348447
T6_plain,FUDS,1,voltage_bias,V_bias_+10_mV,-10.0,>65,2.2699363787907365,2.459379348294515,2.2672662992044477
T6_plain,FUDS,1,voltage_bias,V_bias_+10_mV,0.0,35-65,5.451380469381208,5.690318375790214,5.451380469381208
T6_plain,FUDS,1,voltage_bias,V_bias_+10_mV,0.0,<=35,3.315562539260092,3.8781617819206486,3.276629812092829
T6_plain,FUDS,1,voltage_bias,V_bias_+10_mV,0.0,>65,2.1908324760693785,2.3595672398447243,2.1900361177714243
T6_plain,FUDS,1,voltage_bias,V_bias_+10_mV,10.0,35-65,6.123401886397165,6.354479190710472,6.123401886397165
T6_plain,FUDS,1,voltage_bias,V_bias_+10_mV,10.0,<=35,4.279655458835666,4.768035135452217,4.279655458835666
T6_plain,FUDS,1,voltage_bias,V_bias_+10_mV,10.0,>65,2.4900061239018627,2.6447339297578014,2.489570196945433
T6_plain,FUDS,1,voltage_bias,V_bias_+10_mV,20.0,35-65,6.358078257928968,6.618537797182548,6.358078257928968
T6_plain,FUDS,1,voltage_bias,V_bias_+10_mV,20.0,<=35,3.949961884223598,4.438458252025874,3.9494781586912926
T6_plain,FUDS,1,voltage_bias,V_bias_+10_mV,20.0,>65,2.387683098106806,2.523047932386211,2.387154461853721
T6_plain,FUDS,1,voltage_bias,V_bias_+10_mV,25.0,35-65,6.531533862987549,6.839457643390016,6.531533862987549
T6_plain,FUDS,1,voltage_bias,V_bias_+10_mV,25.0,<=35,3.9244200297243332,4.383535940087083,3.9244200297243332
T6_plain,FUDS,1,voltage_bias,V_bias_+10_mV,25.0,>65,2.4764622798108284,2.6016094329072423,2.4758732319879235
T6_plain,FUDS,1,voltage_bias,V_bias_+10_mV,30.0,35-65,6.484167084942409,6.768579831062472,6.484167084942409
T6_plain,FUDS,1,voltage_bias,V_bias_+10_mV,30.0,<=35,3.502279949129885,4.008011858205869,3.502279949129885
T6_plain,FUDS,1,voltage_bias,V_bias_+10_mV,30.0,>65,2.302100739875602,2.4262999875835516,2.3013652988306306
T6_plain,FUDS,1,voltage_bias,V_bias_+10_mV,40.0,35-65,6.755320787917917,7.06179775055332,6.755320787917917
T6_plain,FUDS,1,voltage_bias,V_bias_+10_mV,40.0,<=35,3.038261828854711,3.566154948567622,3.035027201459354
T6_plain,FUDS,1,voltage_bias,V_bias_+10_mV,40.0,>65,2.340871445429001,2.47610053700806,2.3396392891530127
T6_plain,FUDS,1,voltage_bias,V_bias_+10_mV,50.0,35-65,6.856466507407876,7.189355964856711,6.856466507407876
T6_plain,FUDS,1,voltage_bias,V_bias_+10_mV,50.0,<=35,2.679036798132101,3.1582343559066377,2.679036798132101
T6_plain,FUDS,1,voltage_bias,V_bias_+10_mV,50.0,>65,2.334227645782454,2.4815375461338824,2.331039173383358
T6_plain,FUDS,1,voltage_bias,V_bias_+1_mV,-10.0,35-65,2.614573518103109,2.9963486548715537,2.2451337069100044
T6_plain,FUDS,1,voltage_bias,V_bias_+1_mV,-10.0,<=35,1.411840748784488,1.8094753292186356,0.9289505355182135
T6_plain,FUDS,1,voltage_bias,V_bias_+1_mV,-10.0,>65,0.9469831433424218,1.0868689224397607,0.8877910354514181
T6_plain,FUDS,1,voltage_bias,V_bias_+1_mV,0.0,35-65,1.3530827714220612,1.6254718283610115,1.0833094630679023
T6_plain,FUDS,1,voltage_bias,V_bias_+1_mV,0.0,<=35,0.9882175429917344,1.2166097131676772,0.6984831312530845
T6_plain,FUDS,1,voltage_bias,V_bias_+1_mV,0.0,>65,0.6007054751033155,0.7338001170187759,0.5330815814055473
T6_plain,FUDS,1,voltage_bias,V_bias_+1_mV,10.0,35-65,1.0788744498907987,1.2725539554104934,0.9267562011020181
T6_plain,FUDS,1,voltage_bias,V_bias_+1_mV,10.0,<=35,0.842198415298778,1.0047292274570903,0.8140981495752107
T6_plain,FUDS,1,voltage_bias,V_bias_+1_mV,10.0,>65,0.6818651374645374,0.8098383570166171,0.6459705219331616
T6_plain,FUDS,1,voltage_bias,V_bias_+1_mV,20.0,35-65,0.8793234791485385,0.9878665422160304,0.6189906322553459
T6_plain,FUDS,1,voltage_bias,V_bias_+1_mV,20.0,<=35,0.5242378743882968,0.6484698306413833,0.4508620690287946
T6_plain,FUDS,1,voltage_bias,V_bias_+1_mV,20.0,>65,0.5514277094056403,0.6744406024596267,0.42615170791610507
T6_plain,FUDS,1,voltage_bias,V_bias_+1_mV,25.0,35-65,0.881606453109543,0.9848703265335231,0.574213678521152
T6_plain,FUDS,1,voltage_bias,V_bias_+1_mV,25.0,<=35,0.4858823606390174,0.584372770312525,0.4499901785774767
T6_plain,FUDS,1,voltage_bias,V_bias_+1_mV,25.0,>65,0.6141737529667437,0.7616211379076541,0.4664336896028827
T6_plain,FUDS,1,voltage_bias,V_bias_+1_mV,30.0,35-65,0.6365673413342084,0.7636783423133444,0.30844845670846843
T6_plain,FUDS,1,voltage_bias,V_bias_+1_mV,30.0,<=35,0.3338706622118515,0.4320272292979027,0.15676832632535698
T6_plain,FUDS,1,voltage_bias,V_bias_+1_mV,30.0,>65,0.5699549170560773,0.698440599723655,0.25764262441507035
T6_plain,FUDS,1,voltage_bias,V_bias_+1_mV,40.0,35-65,0.5296059443493822,0.693059369436873,0.19148423351911445
T6_plain,FUDS,1,voltage_bias,V_bias_+1_mV,40.0,<=35,0.37433345733404466,0.4673141164011684,-0.09112205052574904
T6_plain,FUDS,1,voltage_bias,V_bias_+1_mV,40.0,>65,0.6511768222567516,0.7798045157961216,0.22887269127730794
T6_plain,FUDS,1,voltage_bias,V_bias_+1_mV,50.0,35-65,0.4680114287541949,0.6614575850430195,-0.03979371832723966
T6_plain,FUDS,1,voltage_bias,V_bias_+1_mV,50.0,<=35,0.47399219820226096,0.6182901779966206,-0.30462453718190574
T6_plain,FUDS,1,voltage_bias,V_bias_+1_mV,50.0,>65,0.7042324680673704,0.8202306715079406,0.18114329259204437
T6_plain,FUDS,1,voltage_bias,V_bias_+2_mV,-10.0,35-65,2.920000790847138,3.291871644082093,2.6151595551320446
T6_plain,FUDS,1,voltage_bias,V_bias_+2_mV,-10.0,<=35,1.5651003552277603,1.991435677182348,1.2146109860474057
T6_plain,FUDS,1,voltage_bias,V_bias_+2_mV,-10.0,>65,1.0800095682669884,1.2260427903563569,1.0440398262836903
T6_plain,FUDS,1,voltage_bias,V_bias_+2_mV,0.0,35-65,1.7402416629159627,2.0106525684617624,1.5798680509129601
T6_plain,FUDS,1,voltage_bias,V_bias_+2_mV,0.0,<=35,1.1964625335799692,1.4525662847656535,0.9686941552268314
T6_plain,FUDS,1,voltage_bias,V_bias_+2_mV,0.0,>65,0.7542893268850114,0.8842833786776315,0.7224367943400738
T6_plain,FUDS,1,voltage_bias,V_bias_+2_mV,10.0,35-65,1.558501038816886,1.7932087285793088,1.526173555554904
T6_plain,FUDS,1,voltage_bias,V_bias_+2_mV,10.0,<=35,1.181725196050734,1.3766612763634907,1.1710547909839275
T6_plain,FUDS,1,voltage_bias,V_bias_+2_mV,10.0,>65,0.871501839408913,0.9897206141449265,0.8580128338142635
T6_plain,FUDS,1,voltage_bias,V_bias_+2_mV,20.0,35-65,1.390751040777708,1.5478169305045066,1.2856650194500026
T6_plain,FUDS,1,voltage_bias,V_bias_+2_mV,20.0,<=35,0.8401298883858995,0.9914662056822519,0.8078265111751677
T6_plain,FUDS,1,voltage_bias,V_bias_+2_mV,20.0,>65,0.6965124285516292,0.8264028565004579,0.6525808362404051
T6_plain,FUDS,1,voltage_bias,V_bias_+2_mV,25.0,35-65,1.4257103005446101,1.5638413825747297,1.2716940583499328
T6_plain,FUDS,1,voltage_bias,V_bias_+2_mV,25.0,<=35,0.8068641407749954,0.9124406252907094,0.8013090831263239
T6_plain,FUDS,1,voltage_bias,V_bias_+2_mV,25.0,>65,0.7426772905004254,0.9050762698367139,0.6984542236116464
T6_plain,FUDS,1,voltage_bias,V_bias_+2_mV,30.0,35-65,1.2028687373320501,1.299605118634585,1.0297579230291174
T6_plain,FUDS,1,voltage_bias,V_bias_+2_mV,30.0,<=35,0.5295940538678838,0.6852416471167293,0.49518285586383154
T6_plain,FUDS,1,voltage_bias,V_bias_+2_mV,30.0,>65,0.6444559635166462,0.7900337552940425,0.4939616420013032
T6_plain,FUDS,1,voltage_bias,V_bias_+2_mV,40.0,35-65,1.1461457192555269,1.2247668787397286,0.9586366733556819
T6_plain,FUDS,1,voltage_bias,V_bias_+2_mV,40.0,<=35,0.4082848773919948,0.5412781143854407,0.2240516637476774
T6_plain,FUDS,1,voltage_bias,V_bias_+2_mV,40.0,>65,0.706540855492133,0.851204174047473,0.47361032155390226
T6_plain,FUDS,1,voltage_bias,V_bias_+2_mV,50.0,35-65,0.9913850817690486,1.0625178959127608,0.7627555876744279
T6_plain,FUDS,1,voltage_bias,V_bias_+2_mV,50.0,<=35,0.4253251554063601,0.5307907426916181,-0.0015610613843774872
T6_plain,FUDS,1,voltage_bias,V_bias_+2_mV,50.0,>65,0.7437069173726072,0.8733101959413149,0.43096977963127253
T6_plain,FUDS,1,voltage_bias,V_bias_+5_mV,-10.0,35-65,3.870374975739862,4.247094450749434,3.7183386303365875
T6_plain,FUDS,1,voltage_bias,V_bias_+5_mV,-10.0,<=35,2.2121565203225244,2.6651904686411148,2.087997141208452
T6_plain,FUDS,1,voltage_bias,V_bias_+5_mV,-10.0,>65,1.514380697589913,1.6748864524241267,1.5083009661113222
T6_plain,FUDS,1,voltage_bias,V_bias_+5_mV,0.0,35-65,3.0695978447763457,3.345880001351478,3.054850723815507
T6_plain,FUDS,1,voltage_bias,V_bias_+5_mV,0.0,<=35,1.9157641986598397,2.2866932614305506,1.8036402590755933
T6_plain,FUDS,1,voltage_bias,V_bias_+5_mV,0.0,>65,1.284540001119874,1.4154242885506758,1.2825286003840484
T6_plain,FUDS,1,voltage_bias,V_bias_+5_mV,10.0,35-65,3.295228041297975,3.5051115440321103,3.295228041297975
T6_plain,FUDS,1,voltage_bias,V_bias_+5_mV,10.0,<=35,2.28413888194027,2.580164778331205,2.2839450341805434
T6_plain,FUDS,1,voltage_bias,V_bias_+5_mV,10.0,>65,1.4835510098085585,1.5961845238179098,1.483036659083328
T6_plain,FUDS,1,voltage_bias,V_bias_+5_mV,20.0,35-65,3.248888751976572,3.4615564773105474,3.248888751976572
T6_plain,FUDS,1,voltage_bias,V_bias_+5_mV,20.0,<=35,1.9287093060216538,2.189067095782673,1.924722686864945
T6_plain,FUDS,1,voltage_bias,V_bias_+5_mV,20.0,>65,1.321270925408118,1.4291918936630514,1.318522129746103
T6_plain,FUDS,1,voltage_bias,V_bias_+5_mV,25.0,35-65,3.3197090442890356,3.565529712354898,3.3197090442890356
T6_plain,FUDS,1,voltage_bias,V_bias_+5_mV,25.0,<=35,1.9044770198628647,2.1027636950903883,1.9044770198628647
T6_plain,FUDS,1,voltage_bias,V_bias_+5_mV,25.0,>65,1.3825016853006793,1.4974502567920278,1.3807410823496982
T6_plain,FUDS,1,voltage_bias,V_bias_+5_mV,30.0,35-65,3.152386485341329,3.364099613205785,3.152386485341329
T6_plain,FUDS,1,voltage_bias,V_bias_+5_mV,30.0,<=35,1.5568576901303577,1.8035970303900086,1.5561166347023965
T6_plain,FUDS,1,voltage_bias,V_bias_+5_mV,30.0,>65,1.195983520989354,1.3283317995491175,1.1882793761108228
T6_plain,FUDS,1,voltage_bias,V_bias_+5_mV,40.0,35-65,3.221106469362145,3.4342542864722874,3.2210430667293197
T6_plain,FUDS,1,voltage_bias,V_bias_+5_mV,40.0,<=35,1.2237368150636445,1.482659181255826,1.2110254680384107
T6_plain,FUDS,1,voltage_bias,V_bias_+5_mV,40.0,>65,1.2038703564628304,1.3644338619106695,1.1917468939636442
T6_plain,FUDS,1,voltage_bias,V_bias_+5_mV,50.0,35-65,3.1442929017747066,3.360204700889017,3.1408003277746173
T6_plain,FUDS,1,voltage_bias,V_bias_+5_mV,50.0,<=35,0.9479103991374417,1.2160672071378464,0.9426026202181415
T6_plain,FUDS,1,voltage_bias,V_bias_+5_mV,50.0,>65,1.1842540213003703,1.3631015438806964,1.1632769375072998
T6_plain,FUDS,1,voltage_bias,V_bias_-10_mV,-10.0,35-65,2.203035477518889,2.671654620615283,-1.8696353129290977
T6_plain,FUDS,1,voltage_bias,V_bias_-10_mV,-10.0,<=35,2.142731631974977,2.4182542193688947,-2.0362190948888443
T6_plain,FUDS,1,voltage_bias,V_bias_-10_mV,-10.0,>65,0.9811986950961334,1.2744692397955806,-0.8817912744979485
T6_plain,FUDS,1,voltage_bias,V_bias_-10_mV,0.0,35-65,4.45947257170808,4.613655429081529,-4.45947257170808
T6_plain,FUDS,1,voltage_bias,V_bias_-10_mV,0.0,<=35,2.016235648135933,2.3379639729676547,-2.016026435022082
T6_plain,FUDS,1,voltage_bias,V_bias_-10_mV,0.0,>65,1.6420670577139957,1.9811401439480714,-1.6410411892969086
T6_plain,FUDS,1,voltage_bias,V_bias_-10_mV,10.0,35-65,5.833192259372044,5.901944124025528,-5.833192259372044
T6_plain,FUDS,1,voltage_bias,V_bias_-10_mV,10.0,<=35,2.6779861723705265,2.9848360789430726,-2.677843809664529
T6_plain,FUDS,1,voltage_bias,V_bias_-10_mV,10.0,>65,1.8238017932638633,2.172776540432601,-1.8191438844873804
T6_plain,FUDS,1,voltage_bias,V_bias_-10_mV,20.0,35-65,6.866748046413043,6.932345255642376,-6.866748046413043
T6_plain,FUDS,1,voltage_bias,V_bias_-10_mV,20.0,<=35,3.0246293239086723,3.3648633715990917,-3.024510200097367
T6_plain,FUDS,1,voltage_bias,V_bias_-10_mV,20.0,>65,2.2354749606045474,2.604653025153771,-2.230333996310928
T6_plain,FUDS,1,voltage_bias,V_bias_-10_mV,25.0,35-65,7.260976824937012,7.3398584481989335,-7.260976824937012
T6_plain,FUDS,1,voltage_bias,V_bias_-10_mV,25.0,<=35,3.0060414558958413,3.399951614171865,-2.959388259139105
T6_plain,FUDS,1,voltage_bias,V_bias_-10_mV,25.0,>65,2.268461558348432,2.689224778682889,-2.262115622381591
T6_plain,FUDS,1,voltage_bias,V_bias_-10_mV,30.0,35-65,7.7019987345368985,7.808957828960262,-7.7019987345368985
T6_plain,FUDS,1,voltage_bias,V_bias_-10_mV,30.0,<=35,3.15705758232494,3.53602395717856,-3.1568053537434864
T6_plain,FUDS,1,voltage_bias,V_bias_-10_mV,30.0,>65,2.53904766915585,2.95665036817988,-2.5335016318072214
T6_plain,FUDS,1,voltage_bias,V_bias_-10_mV,40.0,35-65,8.21202723986109,8.370493541998085,-8.21202723986109
T6_plain,FUDS,1,voltage_bias,V_bias_-10_mV,40.0,<=35,3.2094930658693834,3.6099572114898257,-3.209274360733834
T6_plain,FUDS,1,voltage_bias,V_bias_-10_mV,40.0,>65,2.6775925006136116,3.158114447849456,-2.6730056883711377
T6_plain,FUDS,1,voltage_bias,V_bias_-10_mV,50.0,35-65,8.733464394880828,8.95150807204399,-8.733464394880828
T6_plain,FUDS,1,voltage_bias,V_bias_-10_mV,50.0,<=35,3.34482739426096,3.7562304037264904,-3.3366323735812085
T6_plain,FUDS,1,voltage_bias,V_bias_-10_mV,50.0,>65,2.7918216398154243,3.30592326224282,-2.78915765386353
T6_plain,FUDS,1,voltage_bias,V_bias_-1_mV,-10.0,35-65,2.040381396555249,2.468099894851258,1.5021868616822198
T6_plain,FUDS,1,voltage_bias,V_bias_-1_mV,-10.0,<=35,1.2034859651460206,1.5472904500444316,0.36579195481130755
T6_plain,FUDS,1,voltage_bias,V_bias_-1_mV,-10.0,>65,0.7125425894538083,0.8429906060406219,0.5730211126406455
T6_plain,FUDS,1,voltage_bias,V_bias_-1_mV,0.0,35-65,0.8777219776554022,1.1657821944633961,0.08423537468387499
T6_plain,FUDS,1,voltage_bias,V_bias_-1_mV,0.0,<=35,0.7243608087754089,0.8862669919366656,0.17008490757705225
T6_plain,FUDS,1,voltage_bias,V_bias_-1_mV,0.0,>65,0.4602833702722618,0.5553905992998227,0.1503147090428084
T6_plain,FUDS,1,voltage_bias,V_bias_-1_mV,10.0,35-65,0.6348414989055198,0.8163344118273114,-0.2840095148454083
T6_plain,FUDS,1,voltage_bias,V_bias_-1_mV,10.0,<=35,0.3201711262212578,0.4274569734115846,0.12085258981791135
T6_plain,FUDS,1,voltage_bias,V_bias_-1_mV,10.0,>65,0.4552201520029193,0.5697053887630168,0.21613297628316455
T6_plain,FUDS,1,voltage_bias,V_bias_-1_mV,20.0,35-65,0.8040181360291057,0.9649293789551705,-0.7284434762774635
T6_plain,FUDS,1,voltage_bias,V_bias_-1_mV,20.0,<=35,0.3792884240134335,0.4765682072499332,-0.24119048894214412
T6_plain,FUDS,1,voltage_bias,V_bias_-1_mV,20.0,>65,0.48871688610901204,0.5992191788053135,-0.03372872850487325
T6_plain,FUDS,1,voltage_bias,V_bias_-1_mV,25.0,35-65,0.8835852576402823,1.0514425385722255,-0.83742638960955
T6_plain,FUDS,1,voltage_bias,V_bias_-1_mV,25.0,<=35,0.4375472551906075,0.5230325354893334,-0.22986376621109683
T6_plain,FUDS,1,voltage_bias,V_bias_-1_mV,25.0,>65,0.5726972268206537,0.6917809156439259,-0.004931425840534316
T6_plain,FUDS,1,voltage_bias,V_bias_-1_mV,30.0,35-65,1.149764028431219,1.2949554548216604,-1.1483892986053368
T6_plain,FUDS,1,voltage_bias,V_bias_-1_mV,30.0,<=35,0.5451127144494115,0.6774778582634836,-0.49939842540934054
T6_plain,FUDS,1,voltage_bias,V_bias_-1_mV,30.0,>65,0.6383950610473069,0.7791437209935471,-0.2228518417999718
T6_plain,FUDS,1,voltage_bias,V_bias_-1_mV,40.0,35-65,1.353896902921556,1.4834520955110213,-1.353896902921556
T6_plain,FUDS,1,voltage_bias,V_bias_-1_mV,40.0,<=35,0.7274872150090181,0.8936593000736249,-0.7035613044301465
T6_plain,FUDS,1,voltage_bias,V_bias_-1_mV,40.0,>65,0.7255765291823977,0.8940829297176306,-0.2691834256096068
T6_plain,FUDS,1,voltage_bias,V_bias_-1_mV,50.0,35-65,1.6526119392279526,1.7884745277996708,-1.6526119392279526
T6_plain,FUDS,1,voltage_bias,V_bias_-1_mV,50.0,<=35,0.9170759584635333,1.1162209570559025,-0.8956025678599014
T6_plain,FUDS,1,voltage_bias,V_bias_-1_mV,50.0,>65,0.7686259618236881,0.9690091328360769,-0.32760877994610527
T6_plain,FUDS,1,voltage_bias,V_bias_-2_mV,-10.0,35-65,1.812325681351303,2.2511915297831186,1.1294540693334627
T6_plain,FUDS,1,voltage_bias,V_bias_-2_mV,-10.0,<=35,1.1452728458892292,1.4820217683187593,0.08827786541314467
T6_plain,FUDS,1,voltage_bias,V_bias_-2_mV,-10.0,>65,0.6257545919733375,0.7507256682120333,0.4144975991723801
T6_plain,FUDS,1,voltage_bias,V_bias_-2_mV,0.0,35-65,0.9605178134381924,1.2195532574737307,-0.4177658670501638
T6_plain,FUDS,1,voltage_bias,V_bias_-2_mV,0.0,<=35,0.7296718041855856,0.8393735584840588,-0.08815706788432107
T6_plain,FUDS,1,voltage_bias,V_bias_-2_mV,0.0,>65,0.4678951495820245,0.5709034785509634,-0.04311130958375984
T6_plain,FUDS,1,voltage_bias,V_bias_-2_mV,10.0,35-65,1.0007473655558077,1.1552612893260157,-0.8944143992652459
T6_plain,FUDS,1,voltage_bias,V_bias_-2_mV,10.0,<=35,0.36713129142474693,0.455496345708539,-0.21559895104875768
T6_plain,FUDS,1,voltage_bias,V_bias_-2_mV,10.0,>65,0.46323614714278566,0.5685798071896638,-0.0017196019002576847
T6_plain,FUDS,1,voltage_bias,V_bias_-2_mV,20.0,35-65,1.409937897423648,1.5284723068454353,-1.4076854106229242
T6_plain,FUDS,1,voltage_bias,V_bias_-2_mV,20.0,<=35,0.6081246701551042,0.7467260128366207,-0.5766183468775729
T6_plain,FUDS,1,voltage_bias,V_bias_-2_mV,20.0,>65,0.5775762168606454,0.7068345641249011,-0.2672889713136657
T6_plain,FUDS,1,voltage_bias,V_bias_-2_mV,25.0,35-65,1.5499573372204065,1.659462699447554,-1.5496637561246165
T6_plain,FUDS,1,voltage_bias,V_bias_-2_mV,25.0,<=35,0.6733036136650695,0.809678379956253,-0.5589480689210206
T6_plain,FUDS,1,voltage_bias,V_bias_-2_mV,25.0,>65,0.6590807589294284,0.7905737459231488,-0.24442567817100727
T6_plain,FUDS,1,voltage_bias,V_bias_-2_mV,30.0,35-65,1.8816923321111028,1.9760220671841848,-1.8816923321111028
T6_plain,FUDS,1,voltage_bias,V_bias_-2_mV,30.0,<=35,0.827283718315819,0.9891769120795662,-0.8177334978542118
T6_plain,FUDS,1,voltage_bias,V_bias_-2_mV,30.0,>65,0.7571819287531327,0.934110823718955,-0.4672092517522833
T6_plain,FUDS,1,voltage_bias,V_bias_-2_mV,40.0,35-65,2.129759223721064,2.2273421494727708,-2.129759223721064
T6_plain,FUDS,1,voltage_bias,V_bias_-2_mV,40.0,<=35,1.004272816457578,1.1935256508310588,-1.001472753044499
T6_plain,FUDS,1,voltage_bias,V_bias_-2_mV,40.0,>65,0.8323914282914296,1.057615036974053,-0.5226928523905227
T6_plain,FUDS,1,voltage_bias,V_bias_-2_mV,50.0,35-65,2.4614883699305072,2.5823353653817627,-2.4614883699305072
T6_plain,FUDS,1,voltage_bias,V_bias_-2_mV,50.0,<=35,1.1954398933784045,1.4093351710319024,-1.1839908993921524
T6_plain,FUDS,1,voltage_bias,V_bias_-2_mV,50.0,>65,0.8698331369986527,1.1434591180252722,-0.5867363558120561
T6_plain,FUDS,1,voltage_bias,V_bias_-5_mV,-10.0,35-65,1.549080080753678,1.9227528506579539,0.007383530379319585
T6_plain,FUDS,1,voltage_bias,V_bias_-5_mV,-10.0,<=35,1.316197218030143,1.5869935933968746,-0.7281632430114943
T6_plain,FUDS,1,voltage_bias,V_bias_-5_mV,-10.0,>65,0.5572667704954007,0.6971802209711018,-0.06570077346468164
T6_plain,FUDS,1,voltage_bias,V_bias_-5_mV,0.0,35-65,1.9654640772818437,2.234793922479252,-1.9306425779854341
T6_plain,FUDS,1,voltage_bias,V_bias_-5_mV,0.0,<=35,1.0556080800817789,1.197854053015304,-0.8394746747996519
T6_plain,FUDS,1,voltage_bias,V_bias_-5_mV,0.0,>65,0.7815494794738711,0.9659248394044461,-0.6317047745270814
T6_plain,FUDS,1,voltage_bias,V_bias_-5_mV,10.0,35-65,2.7398163756565195,2.83143101048768,-2.7398163756565195
T6_plain,FUDS,1,voltage_bias,V_bias_-5_mV,10.0,<=35,1.1865207550912238,1.3570629366593554,-1.1854571253423636
T6_plain,FUDS,1,voltage_bias,V_bias_-5_mV,10.0,>65,0.8194286902362069,1.008515727171633,-0.6674057365711508
T6_plain,FUDS,1,voltage_bias,V_bias_-5_mV,20.0,35-65,3.457798702174602,3.514271068249133,-3.457798702174602
T6_plain,FUDS,1,voltage_bias,V_bias_-5_mV,20.0,<=35,1.54382343414339,1.746388801006847,-1.5423648717576948
T6_plain,FUDS,1,voltage_bias,V_bias_-5_mV,20.0,>65,1.0396838017196857,1.3151059183188902,-0.9831620657985534
T6_plain,FUDS,1,voltage_bias,V_bias_-5_mV,25.0,35-65,3.6994930313719,3.757391759716019,-3.6994930313719
T6_plain,FUDS,1,voltage_bias,V_bias_-5_mV,25.0,<=35,1.584020093545961,1.8035985628785376,-1.5056696061820762
T6_plain,FUDS,1,voltage_bias,V_bias_-5_mV,25.0,>65,1.0755361227356657,1.3828721512502982,-0.9790851716338617
T6_plain,FUDS,1,voltage_bias,V_bias_-5_mV,30.0,35-65,4.086387867872745,4.162678102032486,-4.086387867872745
T6_plain,FUDS,1,voltage_bias,V_bias_-5_mV,30.0,<=35,1.7385621780882299,1.971825780012651,-1.7365360113145778
T6_plain,FUDS,1,voltage_bias,V_bias_-5_mV,30.0,>65,1.2546205046021124,1.599914574152579,-1.217880311635232
T6_plain,FUDS,1,voltage_bias,V_bias_-5_mV,40.0,35-65,4.453216492318269,4.558590119787831,-4.453216492318269
T6_plain,FUDS,1,voltage_bias,V_bias_-5_mV,40.0,<=35,1.8654290132971152,2.1214154900155364,-1.8646359339442433
T6_plain,FUDS,1,voltage_bias,V_bias_-5_mV,40.0,>65,1.3411972353634665,1.7458021840674618,-1.302440350124545
T6_plain,FUDS,1,voltage_bias,V_bias_-5_mV,50.0,35-65,4.878593662029054,5.030181545785015,-4.878593662029054
T6_plain,FUDS,1,voltage_bias,V_bias_-5_mV,50.0,<=35,2.032025211808588,2.3072339880773765,-2.0225481576404816
T6_plain,FUDS,1,voltage_bias,V_bias_-5_mV,50.0,>65,1.4238013841833446,1.8545201448266486,-1.384434922963032
T6_plain,FUDS,2,baseline,unperturbed,-10.0,35-65,2.5869006008211675,2.9669997036632276,2.0967750606751827
T6_plain,FUDS,2,baseline,unperturbed,-10.0,<=35,1.3407200824742267,1.682153697616442,0.9576747938144331
T6_plain,FUDS,2,baseline,unperturbed,-10.0,>65,0.8912234545797213,1.0306484092180226,0.8125996671692425
T6_plain,FUDS,2,baseline,unperturbed,0.0,35-65,1.2550713365296804,1.666881939468628,0.7837009310502284
T6_plain,FUDS,2,baseline,unperturbed,0.0,<=35,0.7618652289201879,1.0309140047153884,0.6237599933333333
T6_plain,FUDS,2,baseline,unperturbed,0.0,>65,0.530345945179584,0.6532665759072078,0.38730579017013217
T6_plain,FUDS,2,baseline,unperturbed,10.0,35-65,0.8858868559745572,1.1462562256509783,0.5216784407087689
T6_plain,FUDS,2,baseline,unperturbed,10.0,<=35,0.6001486866099418,0.7852358541012815,0.4954379383788626
T6_plain,FUDS,2,baseline,unperturbed,10.0,>65,0.5242794518747586,0.6521384472324949,0.45759242520293775
T6_plain,FUDS,2,baseline,unperturbed,20.0,35-65,0.5739898698817107,0.7811177201832771,0.07682282984531384
T6_plain,FUDS,2,baseline,unperturbed,20.0,<=35,0.34849338163179916,0.507202364380498,0.12786281125523008
T6_plain,FUDS,2,baseline,unperturbed,20.0,>65,0.4303055685832396,0.5415905045344589,0.24054613904547165
T6_plain,FUDS,2,baseline,unperturbed,25.0,35-65,0.5773467857793984,0.7710685553625777,0.08970793618960807
T6_plain,FUDS,2,baseline,unperturbed,25.0,<=35,0.3975029033184945,0.5118552362759257,0.1815453603804127
T6_plain,FUDS,2,baseline,unperturbed,25.0,>65,0.5023982039127162,0.6299004123989355,0.3088208412340105
T6_plain,FUDS,2,baseline,unperturbed,30.0,35-65,0.6160516969420357,0.7848511844647765,-0.4635489949794615
T6_plain,FUDS,2,baseline,unperturbed,30.0,<=35,0.47146021830929485,0.574779475814993,-0.3020539674278846
T6_plain,FUDS,2,baseline,unperturbed,30.0,>65,0.5138642852398524,0.6297106081079901,0.025073223985239815
T6_plain,FUDS,2,baseline,unperturbed,40.0,35-65,0.5948558422242314,0.7507784223020484,-0.40793961708860754
T6_plain,FUDS,2,baseline,unperturbed,40.0,<=35,0.4740743017774343,0.5887060683772072,-0.3104450763523957
T6_plain,FUDS,2,baseline,unperturbed,40.0,>65,0.5677203525100769,0.6837288472659339,0.0015037764748992587
T6_plain,FUDS,2,baseline,unperturbed,50.0,35-65,0.8622063156942561,1.060385852589663,-0.7996717684305743
T6_plain,FUDS,2,baseline,unperturbed,50.0,<=35,0.6746987381388254,0.8477853635764616,-0.6101507209000763
T6_plain,FUDS,2,baseline,unperturbed,50.0,>65,0.6416197855051246,0.775548823174376,-0.08054977379209385
T6_plain,FUDS,2,current_bias,I_bias_+10_mA,-10.0,35-65,1.8744336386371145,2.354496669775272,1.1288947074779836
T6_plain,FUDS,2,current_bias,I_bias_+10_mA,-10.0,<=35,1.0844172052951793,1.358159844192175,0.27761680481197903
T6_plain,FUDS,2,current_bias,I_bias_+10_mA,-10.0,>65,0.622801579051461,0.7539598349450329,0.41091905582389165
T6_plain,FUDS,2,current_bias,I_bias_+10_mA,0.0,35-65,1.0592311998694501,1.455958592822283,-0.19265298521551527
T6_plain,FUDS,2,current_bias,I_bias_+10_mA,0.0,<=35,0.6388731934248273,0.822472693964566,0.15170502797760638
T6_plain,FUDS,2,current_bias,I_bias_+10_mA,0.0,>65,0.4693055058221597,0.5819040328169545,0.020209902254556763
T6_plain,FUDS,2,current_bias,I_bias_+10_mA,10.0,35-65,0.8263848924182682,1.0854312411115021,-0.5156422947042691
T6_plain,FUDS,2,current_bias,I_bias_+10_mA,10.0,<=35,0.4015329144287862,0.5753954509144216,-0.07675757447934028
T6_plain,FUDS,2,current_bias,I_bias_+10_mA,10.0,>65,0.4267863488340375,0.537144610152703,0.0871622729952252
T6_plain,FUDS,2,current_bias,I_bias_+10_mA,20.0,35-65,1.068803056683465,1.2328080788334175,-1.0087717651280828
T6_plain,FUDS,2,current_bias,I_bias_+10_mA,20.0,<=35,0.5305945148973722,0.6446337333619765,-0.40378692887706824
T6_plain,FUDS,2,current_bias,I_bias_+10_mA,20.0,>65,0.49028526160619845,0.5906568826193593,-0.13740787666387885
T6_plain,FUDS,2,current_bias,I_bias_+10_mA,25.0,35-65,1.080879339061928,1.239348159210204,-1.0371139506790452
T6_plain,FUDS,2,current_bias,I_bias_+10_mA,25.0,<=35,0.5561931360013299,0.657314008309525,-0.35239449534446277
T6_plain,FUDS,2,current_bias,I_bias_+10_mA,25.0,>65,0.5380048190027185,0.6451474381095411,-0.07824475321076962
T6_plain,FUDS,2,current_bias,I_bias_+10_mA,30.0,35-65,1.5984793852667623,1.7048348136277596,-1.5984793852667623
T6_plain,FUDS,2,current_bias,I_bias_+10_mA,30.0,<=35,0.8331463298427462,0.9943649402904478,-0.8024301973934113
T6_plain,FUDS,2,current_bias,I_bias_+10_mA,30.0,>65,0.6738005520040026,0.8249733951181243,-0.3657893005491588
T6_plain,FUDS,2,current_bias,I_bias_+10_mA,40.0,35-65,1.5902473328850177,1.7058050902372792,-1.5902473328850177
T6_plain,FUDS,2,current_bias,I_bias_+10_mA,40.0,<=35,0.8014236352099093,0.9759825146743981,-0.7802261044070852
T6_plain,FUDS,2,current_bias,I_bias_+10_mA,40.0,>65,0.7038768705315566,0.8869954235194952,-0.391283059925514
T6_plain,FUDS,2,current_bias,I_bias_+10_mA,50.0,35-65,2.027115040672154,2.1641010760702954,-2.027115040672154
T6_plain,FUDS,2,current_bias,I_bias_+10_mA,50.0,<=35,1.0717878670948087,1.282891559610536,-1.0631851523125668
T6_plain,FUDS,2,current_bias,I_bias_+10_mA,50.0,>65,0.7785324851079414,1.0124263190312421,-0.4772999939211209
T6_plain,FUDS,2,current_bias,I_bias_+20_mA,-10.0,35-65,1.593535063217772,2.048980119565851,0.15764952369860832
T6_plain,FUDS,2,current_bias,I_bias_+20_mA,-10.0,<=35,1.0829192317460394,1.3378352521604373,-0.38320807265721646
T6_plain,FUDS,2,current_bias,I_bias_+20_mA,-10.0,>65,0.5419081572169115,0.6892201474500724,0.003812189785367523
T6_plain,FUDS,2,current_bias,I_bias_+20_mA,0.0,35-65,1.5036873805362507,1.8502596447911865,-1.1733752607143104
T6_plain,FUDS,2,current_bias,I_bias_+20_mA,0.0,<=35,0.7604550339207583,0.9378882530676476,-0.3046956350327849
T6_plain,FUDS,2,current_bias,I_bias_+20_mA,0.0,>65,0.625417234490511,0.7692961202627211,-0.3526997860640528
T6_plain,FUDS,2,current_bias,I_bias_+20_mA,10.0,35-65,1.590089836095173,1.8097720457195685,-1.5603332990609202
T6_plain,FUDS,2,current_bias,I_bias_+20_mA,10.0,<=35,0.7188328143025646,0.9053925041424448,-0.6290443293542074
T6_plain,FUDS,2,current_bias,I_bias_+20_mA,10.0,>65,0.5907796504396338,0.7019135879570461,-0.2896889138234495
T6_plain,FUDS,2,current_bias,I_bias_+20_mA,20.0,35-65,2.1000927682221735,2.2093356304135874,-2.0997115189364415
T6_plain,FUDS,2,current_bias,I_bias_+20_mA,20.0,<=35,0.9340343556277008,1.10922480823028,-0.9180733786406337
T6_plain,FUDS,2,current_bias,I_bias_+20_mA,20.0,>65,0.7062322243814393,0.8709102825835164,-0.5224985685969785
T6_plain,FUDS,2,current_bias,I_bias_+20_mA,25.0,35-65,2.169617219391245,2.265328919420994,-2.169617219391245
T6_plain,FUDS,2,current_bias,I_bias_+20_mA,25.0,<=35,0.9611727094360125,1.129418224458477,-0.8692753682371498
T6_plain,FUDS,2,current_bias,I_bias_+20_mA,25.0,>65,0.7328104447296694,0.8968458151974419,-0.47275439959921167
T6_plain,FUDS,2,current_bias,I_bias_+20_mA,30.0,35-65,2.7337549107824874,2.80515350726556,-2.7337549107824874
T6_plain,FUDS,2,current_bias,I_bias_+20_mA,30.0,<=35,1.299348613217676,1.4925433739996403,-1.28868637876629
T6_plain,FUDS,2,current_bias,I_bias_+20_mA,30.0,>65,0.9132657114314287,1.159984609579275,-0.7642414879254275
T6_plain,FUDS,2,current_bias,I_bias_+20_mA,40.0,35-65,2.7711722984960048,2.858369118383639,-2.7711722984960048
T6_plain,FUDS,2,current_bias,I_bias_+20_mA,40.0,<=35,1.2380817601063654,1.441268835077548,-1.2378558162536109
T6_plain,FUDS,2,current_bias,I_bias_+20_mA,40.0,>65,0.9422348455456391,1.2205187465085134,-0.7915662642072242
T6_plain,FUDS,2,current_bias,I_bias_+20_mA,50.0,35-65,3.251726110104692,3.3740532913205814,-3.251726110104692
T6_plain,FUDS,2,current_bias,I_bias_+20_mA,50.0,<=35,1.5102827150554858,1.7444263539316727,-1.504684136273697
T6_plain,FUDS,2,current_bias,I_bias_+20_mA,50.0,>65,1.0246080979206482,1.3576144572890818,-0.8814860585630816
T6_plain,FUDS,2,current_bias,I_bias_-10_mA,-10.0,35-65,3.388768452968051,3.7345636402159954,3.059468170482855
T6_plain,FUDS,2,current_bias,I_bias_-10_mA,-10.0,<=35,1.8052415670795146,2.1968537207790373,1.6572818151806803
T6_plain,FUDS,2,current_bias,I_bias_-10_mA,-10.0,>65,1.2367361039014946,1.3928402120636387,1.2088580934984514
T6_plain,FUDS,2,current_bias,I_bias_-10_mA,0.0,35-65,2.0278602874981675,2.3170522534757687,1.7537580849984993
T6_plain,FUDS,2,current_bias,I_bias_-10_mA,0.0,<=35,1.1631197139715999,1.4495290855068026,1.1117114063937708
T6_plain,FUDS,2,current_bias,I_bias_-10_mA,0.0,>65,0.7891824775214499,0.9162900325061932,0.7486971225427811
T6_plain,FUDS,2,current_bias,I_bias_-10_mA,10.0,35-65,1.6753487750040355,1.905761922944843,1.5492912373415726
T6_plain,FUDS,2,current_bias,I_bias_-10_mA,10.0,<=35,1.1387200757060694,1.327046738459577,1.0881105915610836
T6_plain,FUDS,2,current_bias,I_bias_-10_mA,10.0,>65,0.8326027848117448,0.9404855492430961,0.8217591392239284
T6_plain,FUDS,2,current_bias,I_bias_-10_mA,20.0,35-65,1.2572260629100505,1.4541191257258326,1.1540188750165081
T6_plain,FUDS,2,current_bias,I_bias_-10_mA,20.0,<=35,0.7410076328570774,0.9109383660985637,0.6778176550833791
T6_plain,FUDS,2,current_bias,I_bias_-10_mA,20.0,>65,0.6376091409642143,0.7556163115533641,0.6116117617287965
T6_plain,FUDS,2,current_bias,I_bias_-10_mA,25.0,35-65,1.315559372553221,1.5062819055304133,1.2083362579688122
T6_plain,FUDS,2,current_bias,I_bias_-10_mA,25.0,<=35,0.7574758927395429,0.9167734915894444,0.7335519076802366
T6_plain,FUDS,2,current_bias,I_bias_-10_mA,25.0,>65,0.7109194443916222,0.8508446180613227,0.68875189031274
T6_plain,FUDS,2,current_bias,I_bias_-10_mA,30.0,35-65,0.8915866353632493,0.9979916312986431,0.6679900846894447
T6_plain,FUDS,2,current_bias,I_bias_-10_mA,30.0,<=35,0.43068626220226053,0.5568215334677575,0.21339238289974402
T6_plain,FUDS,2,current_bias,I_bias_-10_mA,30.0,>65,0.5539015252986836,0.6858205590504161,0.4086458056895971
T6_plain,FUDS,2,current_bias,I_bias_-10_mA,40.0,35-65,0.9455113892071294,1.0676469164645674,0.7700627169200112
T6_plain,FUDS,2,current_bias,I_bias_-10_mA,40.0,<=35,0.4260871985110278,0.5548903345090077,0.17302255627042057
T6_plain,FUDS,2,current_bias,I_bias_-10_mA,40.0,>65,0.5940911414992129,0.7135494332495917,0.38713469072696277
T6_plain,FUDS,2,current_bias,I_bias_-10_mA,50.0,35-65,0.6811576476849263,0.8578534964544594,0.42416827856905637
T6_plain,FUDS,2,current_bias,I_bias_-10_mA,50.0,<=35,0.4356383330345106,0.5519488383017261,-0.14402339566955727
T6_plain,FUDS,2,current_bias,I_bias_-10_mA,50.0,>65,0.6350019554607453,0.7415140636373148,0.30913775044361064
T6_plain,FUDS,2,current_bias,I_bias_-20_mA,-10.0,35-65,4.209306677311441,4.575046815643334,4.0152052834565835
T6_plain,FUDS,2,current_bias,I_bias_-20_mA,-10.0,<=35,2.4372788266449366,2.8140694637856547,2.3767005029458117
T6_plain,FUDS,2,current_bias,I_bias_-20_mA,-10.0,>65,1.607923196990041,1.7848756472493288,1.5997085464384653
T6_plain,FUDS,2,current_bias,I_bias_-20_mA,0.0,35-65,2.8615099668821364,3.1375742791800527,2.7156512613777686
T6_plain,FUDS,2,current_bias,I_bias_-20_mA,0.0,<=35,1.6451162035692164,1.9638472534479317,1.615733527403463
T6_plain,FUDS,2,current_bias,I_bias_-20_mA,0.0,>65,1.1127148252603916,1.2494401710680414,1.1044776843829323
T6_plain,FUDS,2,current_bias,I_bias_-20_mA,10.0,35-65,2.6062830899889615,2.8394937194077463,2.5649936662394808
T6_plain,FUDS,2,current_bias,I_bias_-20_mA,10.0,<=35,1.7263926940905805,1.96334599691779,1.7017193653871954
T6_plain,FUDS,2,current_bias,I_bias_-20_mA,10.0,>65,1.1838304756094953,1.2840638988494708,1.1798280545995337
T6_plain,FUDS,2,current_bias,I_bias_-20_mA,20.0,35-65,2.2219763945460267,2.443056808324902,2.2197856389314308
T6_plain,FUDS,2,current_bias,I_bias_-20_mA,20.0,<=35,1.2738212726536837,1.4887528738176645,1.2470296690402711
T6_plain,FUDS,2,current_bias,I_bias_-20_mA,20.0,>65,0.9839167822860381,1.0781677827204112,0.9760522867235187
T6_plain,FUDS,2,current_bias,I_bias_-20_mA,25.0,35-65,2.315721321402582,2.5481819338773715,2.3152717991661027
T6_plain,FUDS,2,current_bias,I_bias_-20_mA,25.0,<=35,1.3058681478682899,1.5008962326102515,1.304752972612057
T6_plain,FUDS,2,current_bias,I_bias_-20_mA,25.0,>65,1.0672418196297122,1.1736643135532348,1.0618693153257233
T6_plain,FUDS,2,current_bias,I_bias_-20_mA,30.0,35-65,1.8106727780694896,2.0029816816147195,1.79135618051223
T6_plain,FUDS,2,current_bias,I_bias_-20_mA,30.0,<=35,0.7755959665682409,0.997317816452747,0.7452011113623783
T6_plain,FUDS,2,current_bias,I_bias_-20_mA,30.0,>65,0.8026733990560384,0.9385241049506294,0.7852604963963358
T6_plain,FUDS,2,current_bias,I_bias_-20_mA,40.0,35-65,1.9704898631705998,2.1422803029818924,1.9372402915718085
T6_plain,FUDS,2,current_bias,I_bias_-20_mA,40.0,<=35,0.7162274810808167,0.9480392903418966,0.6722924790251924
T6_plain,FUDS,2,current_bias,I_bias_-20_mA,40.0,>65,0.7957600876199815,0.9440117767885092,0.7659534739576027
T6_plain,FUDS,2,current_bias,I_bias_-20_mA,50.0,35-65,1.7166074923773758,1.8655065722054645,1.637451512220261
T6_plain,FUDS,2,current_bias,I_bias_-20_mA,50.0,<=35,0.5150512282656295,0.6774168223785347,0.33716501121549947
T6_plain,FUDS,2,current_bias,I_bias_-20_mA,50.0,>65,0.772693001152111,0.9217623348583133,0.6920993232310338
T6_plain,FUDS,2,voltage_bias,V_bias_+10_mV,-10.0,35-65,5.853638983685418,6.256335672478654,5.811820212783277
T6_plain,FUDS,2,voltage_bias,V_bias_+10_mV,-10.0,<=35,3.7637249095406675,4.098610419492213,3.7545638937970782
T6_plain,FUDS,2,voltage_bias,V_bias_+10_mV,-10.0,>65,2.3390834569594885,2.5571441820322893,2.3345223268510207
T6_plain,FUDS,2,voltage_bias,V_bias_+10_mV,0.0,35-65,5.7386504941402485,6.027121105318778,5.7386504941402485
T6_plain,FUDS,2,voltage_bias,V_bias_+10_mV,0.0,<=35,3.323616498025396,3.868251330918784,3.321384644865971
T6_plain,FUDS,2,voltage_bias,V_bias_+10_mV,0.0,>65,2.2286848899688256,2.42078058592651,2.225296521986842
T6_plain,FUDS,2,voltage_bias,V_bias_+10_mV,10.0,35-65,6.465018914333716,6.702137070620869,6.465018914333716
T6_plain,FUDS,2,voltage_bias,V_bias_+10_mV,10.0,<=35,4.350800367956052,4.8350983717280265,4.350800367956052
T6_plain,FUDS,2,voltage_bias,V_bias_+10_mV,10.0,>65,2.5681522944840243,2.740244925463126,2.566814323700683
T6_plain,FUDS,2,voltage_bias,V_bias_+10_mV,20.0,35-65,6.696424301952619,6.927067910592079,6.696424301952619
T6_plain,FUDS,2,voltage_bias,V_bias_+10_mV,20.0,<=35,4.000348098436941,4.5114052068611015,3.999165913287919
T6_plain,FUDS,2,voltage_bias,V_bias_+10_mV,20.0,>65,2.528270628876346,2.6779696565024027,2.5266811985407402
T6_plain,FUDS,2,voltage_bias,V_bias_+10_mV,25.0,35-65,6.9543337341336295,7.219447662652846,6.9543337341336295
T6_plain,FUDS,2,voltage_bias,V_bias_+10_mV,25.0,<=35,4.08748630684573,4.5940850351089475,4.08748630684573
T6_plain,FUDS,2,voltage_bias,V_bias_+10_mV,25.0,>65,2.657246625931837,2.8006429635511148,2.656237723516649
T6_plain,FUDS,2,voltage_bias,V_bias_+10_mV,30.0,35-65,6.6670756611333974,6.90977217280144,6.6670756611333974
T6_plain,FUDS,2,voltage_bias,V_bias_+10_mV,30.0,<=35,3.434311124266112,3.9621201236477797,3.434248928589762
T6_plain,FUDS,2,voltage_bias,V_bias_+10_mV,30.0,>65,2.4469143863594365,2.5770241325601044,2.4452970510320067
T6_plain,FUDS,2,voltage_bias,V_bias_+10_mV,40.0,35-65,6.993243016885004,7.266529365741214,6.993243016885004
T6_plain,FUDS,2,voltage_bias,V_bias_+10_mV,40.0,<=35,3.2420948247558674,3.8091283753510914,3.2414446322763064
T6_plain,FUDS,2,voltage_bias,V_bias_+10_mV,40.0,>65,2.455873976903505,2.582709690257899,2.4531876095472582
T6_plain,FUDS,2,voltage_bias,V_bias_+10_mV,50.0,35-65,6.8735527880887215,7.1636671827022,6.8735527880887215
T6_plain,FUDS,2,voltage_bias,V_bias_+10_mV,50.0,<=35,2.8013143455335543,3.305716509022981,2.8013143455335543
T6_plain,FUDS,2,voltage_bias,V_bias_+10_mV,50.0,>65,2.398293504193011,2.5232435223974976,2.393587611276836
T6_plain,FUDS,2,voltage_bias,V_bias_+1_mV,-10.0,35-65,2.897009762815726,3.254203542366264,2.473095345838769
T6_plain,FUDS,2,voltage_bias,V_bias_+1_mV,-10.0,<=35,1.4928360708337762,1.8632853473592663,1.2231879888166841
T6_plain,FUDS,2,voltage_bias,V_bias_+1_mV,-10.0,>65,1.0208256147930377,1.1664031944525681,0.9682536797430252
T6_plain,FUDS,2,voltage_bias,V_bias_+1_mV,0.0,35-65,1.6432066347538463,1.9737171398757625,1.290561753218793
T6_plain,FUDS,2,voltage_bias,V_bias_+1_mV,0.0,<=35,0.9480818950272651,1.23054926008174,0.8738963963778174
T6_plain,FUDS,2,voltage_bias,V_bias_+1_mV,0.0,>65,0.6558016316070268,0.7772060504585312,0.5774010871331313
T6_plain,FUDS,2,voltage_bias,V_bias_+1_mV,10.0,35-65,1.3283671469311609,1.564138208102307,1.1381033741974715
T6_plain,FUDS,2,voltage_bias,V_bias_+1_mV,10.0,<=35,0.9149326618955792,1.09164489157991,0.8477985590093758
T6_plain,FUDS,2,voltage_bias,V_bias_+1_mV,10.0,>65,0.7005316280880263,0.8151002900711508,0.6774828985842546
T6_plain,FUDS,2,voltage_bias,V_bias_+1_mV,20.0,35-65,0.9780855255980869,1.1389960099984775,0.7661642313826632
T6_plain,FUDS,2,voltage_bias,V_bias_+1_mV,20.0,<=35,0.56656597690506,0.730730800079057,0.4789113220184459
T6_plain,FUDS,2,voltage_bias,V_bias_+1_mV,20.0,>65,0.5345089253648416,0.6597671493325642,0.4800362443360017
T6_plain,FUDS,2,voltage_bias,V_bias_+1_mV,25.0,35-65,1.0260515697813912,1.1707379344376148,0.8074853761710251
T6_plain,FUDS,2,voltage_bias,V_bias_+1_mV,25.0,<=35,0.5860724261268362,0.7360081949936219,0.5347748133777737
T6_plain,FUDS,2,voltage_bias,V_bias_+1_mV,25.0,>65,0.6087303283806161,0.7549497614883842,0.5546549459178284
T6_plain,FUDS,2,voltage_bias,V_bias_+1_mV,30.0,35-65,0.6211593982829899,0.7520366036917912,0.2788842074051286
T6_plain,FUDS,2,voltage_bias,V_bias_+1_mV,30.0,<=35,0.39755176960944666,0.48984540756757156,0.0356560431941776
T6_plain,FUDS,2,voltage_bias,V_bias_+1_mV,30.0,>65,0.5142573603538653,0.6382731530005479,0.2789152889954683
T6_plain,FUDS,2,voltage_bias,V_bias_+1_mV,40.0,35-65,0.6342575945382111,0.7857002586450228,0.3696449567168549
T6_plain,FUDS,2,voltage_bias,V_bias_+1_mV,40.0,<=35,0.4019896688711613,0.5027970754054164,0.007929577416498206
T6_plain,FUDS,2,voltage_bias,V_bias_+1_mV,40.0,>65,0.5671050858012165,0.6761057285985843,0.2583808148358864
T6_plain,FUDS,2,voltage_bias,V_bias_+1_mV,50.0,35-65,0.5657610213121149,0.7162166400563253,0.006166214182484094
T6_plain,FUDS,2,voltage_bias,V_bias_+1_mV,50.0,<=35,0.481169395415842,0.6200505598922769,-0.3039209729883087
T6_plain,FUDS,2,voltage_bias,V_bias_+1_mV,50.0,>65,0.623518173779154,0.7265353527277153,0.17843735735050711
T6_plain,FUDS,2,voltage_bias,V_bias_+2_mV,-10.0,35-65,3.211355111852785,3.558350937062518,2.848625368939372
T6_plain,FUDS,2,voltage_bias,V_bias_+2_mV,-10.0,<=35,1.679873915895206,2.0658100061113482,1.4918051613405563
T6_plain,FUDS,2,voltage_bias,V_bias_+2_mV,-10.0,>65,1.1581834272848188,1.310149530360453,1.1231383038108358
T6_plain,FUDS,2,voltage_bias,V_bias_+2_mV,0.0,35-65,2.0651058858127334,2.352179744353,1.7955521787750106
T6_plain,FUDS,2,voltage_bias,V_bias_+2_mV,0.0,<=35,1.1785734107384318,1.4659823446252929,1.1283694309326213
T6_plain,FUDS,2,voltage_bias,V_bias_+2_mV,0.0,>65,0.8040424396538948,0.931699700175331,0.766064354366102
T6_plain,FUDS,2,voltage_bias,V_bias_+2_mV,10.0,35-65,1.8551078802812673,2.085106762202387,1.750682895221119
T6_plain,FUDS,2,voltage_bias,V_bias_+2_mV,10.0,<=35,1.2512540357710087,1.446327140714033,1.2074273132790094
T6_plain,FUDS,2,voltage_bias,V_bias_+2_mV,10.0,>65,0.903749577561286,1.0081595295622658,0.8952895003205763
T6_plain,FUDS,2,voltage_bias,V_bias_+2_mV,20.0,35-65,1.5009634449150806,1.718957924285324,1.451357308505644
T6_plain,FUDS,2,voltage_bias,V_bias_+2_mV,20.0,<=35,0.8849805595526362,1.0633099504975436,0.8374378320062051
T6_plain,FUDS,2,voltage_bias,V_bias_+2_mV,20.0,>65,0.7342503237192068,0.8424641666514138,0.716925871341813
T6_plain,FUDS,2,voltage_bias,V_bias_+2_mV,25.0,35-65,1.5644899909186873,1.7903610552037383,1.521133153214179
T6_plain,FUDS,2,voltage_bias,V_bias_+2_mV,25.0,<=35,0.9075730202310587,1.0728005930092444,0.8954480892101392
T6_plain,FUDS,2,voltage_bias,V_bias_+2_mV,25.0,>65,0.8116343900944673,0.9389396599167117,0.7978079614212346
T6_plain,FUDS,2,voltage_bias,V_bias_+2_mV,30.0,35-65,1.153638229184442,1.286864458851358,1.0186441432525064
T6_plain,FUDS,2,voltage_bias,V_bias_+2_mV,30.0,<=35,0.5061968851089143,0.6653595351781372,0.37994846076278593
T6_plain,FUDS,2,voltage_bias,V_bias_+2_mV,30.0,>65,0.6113446621409905,0.7533027771184637,0.529896028659356
T6_plain,FUDS,2,voltage_bias,V_bias_+2_mV,40.0,35-65,1.263633076907263,1.3897551307028297,1.1435909369893549
T6_plain,FUDS,2,voltage_bias,V_bias_+2_mV,40.0,<=35,0.48343726159153305,0.6503565158087425,0.3326409017612832
T6_plain,FUDS,2,voltage_bias,V_bias_+2_mV,40.0,>65,0.6395191403140205,0.7743128483674757,0.5124123643266644
T6_plain,FUDS,2,voltage_bias,V_bias_+2_mV,50.0,35-65,0.9823679010930919,1.1256012225916598,0.808572595740368
T6_plain,FUDS,2,voltage_bias,V_bias_+2_mV,50.0,<=35,0.4317738339613788,0.5362062835084801,0.008357613118306236
T6_plain,FUDS,2,voltage_bias,V_bias_+2_mV,50.0,>65,0.6614778533174059,0.7818318623888232,0.4346257609855462
T6_plain,FUDS,2,voltage_bias,V_bias_+5_mV,-10.0,35-65,4.170613711662688,4.534643865645133,3.969388336437135
T6_plain,FUDS,2,voltage_bias,V_bias_+5_mV,-10.0,<=35,2.382891894848863,2.761927985235066,2.3164956294122185
T6_plain,FUDS,2,voltage_bias,V_bias_+5_mV,-10.0,>65,1.5919260381161733,1.7669669533872214,1.5831839820858078
T6_plain,FUDS,2,voltage_bias,V_bias_+5_mV,0.0,35-65,3.3904727520448557,3.6730696677137926,3.296750795249197
T6_plain,FUDS,2,voltage_bias,V_bias_+5_mV,0.0,<=35,1.9406486007476558,2.2907223177876115,1.9180101418797206
T6_plain,FUDS,2,voltage_bias,V_bias_+5_mV,0.0,>65,1.3284559514835004,1.4696371430893689,1.3236092077424075
T6_plain,FUDS,2,voltage_bias,V_bias_+5_mV,10.0,35-65,3.5658381654229587,3.8066989836240657,3.560956852549448
T6_plain,FUDS,2,voltage_bias,V_bias_+5_mV,10.0,<=35,2.3409890380246514,2.634107558992669,2.3306476369945273
T6_plain,FUDS,2,voltage_bias,V_bias_+5_mV,10.0,>65,1.539059495696479,1.6479990261674318,1.5365501446198773
T6_plain,FUDS,2,voltage_bias,V_bias_+5_mV,20.0,35-65,3.4744311183727707,3.6786047648381306,3.4744311183727707
T6_plain,FUDS,2,voltage_bias,V_bias_+5_mV,20.0,<=35,1.9674278672807362,2.251574742539912,1.9602400065589194
T6_plain,FUDS,2,voltage_bias,V_bias_+5_mV,20.0,>65,1.415580836700543,1.5109765595891003,1.412683372586313
T6_plain,FUDS,2,voltage_bias,V_bias_+5_mV,25.0,35-65,3.62639284886061,3.84886588421527,3.62639284886061
T6_plain,FUDS,2,voltage_bias,V_bias_+5_mV,25.0,<=35,2.025301023754258,2.279715300271163,2.025301023754258
T6_plain,FUDS,2,voltage_bias,V_bias_+5_mV,25.0,>65,1.513637579720238,1.6127076157342748,1.511989353034623
T6_plain,FUDS,2,voltage_bias,V_bias_+5_mV,30.0,35-65,3.206677237293009,3.401073640441938,3.206677237293009
T6_plain,FUDS,2,voltage_bias,V_bias_+5_mV,30.0,<=35,1.460546400949569,1.7389333946997374,1.4569633598560376
T6_plain,FUDS,2,voltage_bias,V_bias_+5_mV,30.0,>65,1.2698075280165386,1.375014242210273,1.266545988828849
T6_plain,FUDS,2,voltage_bias,V_bias_+5_mV,40.0,35-65,3.4244680283436697,3.6257830069411794,3.4244680283436697
T6_plain,FUDS,2,voltage_bias,V_bias_+5_mV,40.0,<=35,1.3580703132711534,1.6541196218433654,1.3519111223139193
T6_plain,FUDS,2,voltage_bias,V_bias_+5_mV,40.0,>65,1.2625257452633567,1.3755267034648901,1.258382704886286
T6_plain,FUDS,2,voltage_bias,V_bias_+5_mV,50.0,35-65,3.174952136691466,3.383619950176625,3.174952136691466
T6_plain,FUDS,2,voltage_bias,V_bias_+5_mV,50.0,<=35,0.9932699686522505,1.2701049234679789,0.9877888438806957
T6_plain,FUDS,2,voltage_bias,V_bias_+5_mV,50.0,>65,1.193820776854184,1.3238477124803714,1.187275131070116
T6_plain,FUDS,2,voltage_bias,V_bias_-10_mV,-10.0,35-65,2.1280081925729,2.6303589103953864,-1.6852181395539192
T6_plain,FUDS,2,voltage_bias,V_bias_-10_mV,-10.0,<=35,1.6514921144250052,1.9466126555750745,-1.5318127203649097
T6_plain,FUDS,2,voltage_bias,V_bias_-10_mV,-10.0,>65,0.9257277253332731,1.2057984155091248,-0.7864033283450186
T6_plain,FUDS,2,voltage_bias,V_bias_-10_mV,0.0,35-65,4.326841641608767,4.569934473684038,-4.326841641608767
T6_plain,FUDS,2,voltage_bias,V_bias_-10_mV,0.0,<=35,1.668144612191659,2.1797580727123993,-1.6478683435502937
T6_plain,FUDS,2,voltage_bias,V_bias_-10_mV,0.0,>65,1.6059905927862448,1.9780865842215976,-1.5947610400461931
T6_plain,FUDS,2,voltage_bias,V_bias_-10_mV,10.0,35-65,5.745067811660396,5.833809514116345,-5.745067811660396
T6_plain,FUDS,2,voltage_bias,V_bias_-10_mV,10.0,<=35,2.6554680188143,3.0003297990620683,-2.6554680188143
T6_plain,FUDS,2,voltage_bias,V_bias_-10_mV,10.0,>65,1.868860535785582,2.254603447391029,-1.861401273626763
T6_plain,FUDS,2,voltage_bias,V_bias_-10_mV,20.0,35-65,6.867423844580566,6.943619683489248,-6.867423844580566
T6_plain,FUDS,2,voltage_bias,V_bias_-10_mV,20.0,<=35,3.021524789549213,3.343732665413084,-3.021524789549213
T6_plain,FUDS,2,voltage_bias,V_bias_-10_mV,20.0,>65,2.3164773997359194,2.708848873157556,-2.309445919760221
T6_plain,FUDS,2,voltage_bias,V_bias_-10_mV,25.0,35-65,7.16168369120918,7.244515033258852,-7.16168369120918
T6_plain,FUDS,2,voltage_bias,V_bias_-10_mV,25.0,<=35,3.038945843888769,3.406306845903872,-2.9942419129532887
T6_plain,FUDS,2,voltage_bias,V_bias_-10_mV,25.0,>65,2.321324646781141,2.7468160855355235,-2.3131892907057936
T6_plain,FUDS,2,voltage_bias,V_bias_-10_mV,30.0,35-65,7.8689104143070825,7.973995325547766,-7.8689104143070825
T6_plain,FUDS,2,voltage_bias,V_bias_-10_mV,30.0,<=35,3.370432084929595,3.751867045709798,-3.370064395205078
T6_plain,FUDS,2,voltage_bias,V_bias_-10_mV,30.0,>65,2.695484193775918,3.14881550484823,-2.688511338329048
T6_plain,FUDS,2,voltage_bias,V_bias_-10_mV,40.0,35-65,8.070976740355887,8.221705621976685,-8.070976740355887
T6_plain,FUDS,2,voltage_bias,V_bias_-10_mV,40.0,<=35,3.2276524277037972,3.605649511728216,-3.2276524277037972
T6_plain,FUDS,2,voltage_bias,V_bias_-10_mV,40.0,>65,2.749547335971255,3.227855462946403,-2.7438499606995044
T6_plain,FUDS,2,voltage_bias,V_bias_-10_mV,50.0,35-65,8.667480574455599,8.858804686160017,-8.667480574455599
T6_plain,FUDS,2,voltage_bias,V_bias_-10_mV,50.0,<=35,3.425454210107266,3.8316555381134276,-3.4221037144746353
T6_plain,FUDS,2,voltage_bias,V_bias_-10_mV,50.0,>65,2.850798791637013,3.3796564767437363,-2.8459729452570834
T6_plain,FUDS,2,voltage_bias,V_bias_-1_mV,-10.0,35-65,2.285000451661423,2.7025408090944114,1.7197732136350683
T6_plain,FUDS,2,voltage_bias,V_bias_-1_mV,-10.0,<=35,1.2210812520878733,1.5283852267167217,0.6952493356874062
T6_plain,FUDS,2,voltage_bias,V_bias_-1_mV,-10.0,>65,0.7755751338439952,0.9069671036987897,0.6561715624480926
T6_plain,FUDS,2,voltage_bias,V_bias_-1_mV,0.0,35-65,1.0411192643436031,1.4789389810707858,0.2752465000503123
T6_plain,FUDS,2,voltage_bias,V_bias_-1_mV,0.0,<=35,0.6620749884822251,0.886354302453015,0.37793114643643483
T6_plain,FUDS,2,voltage_bias,V_bias_-1_mV,0.0,>65,0.4668133337278947,0.5816560900898261,0.1957745519049718
T6_plain,FUDS,2,voltage_bias,V_bias_-1_mV,10.0,35-65,0.67891880637943,0.9816220645914758,-0.09812064458795225
T6_plain,FUDS,2,voltage_bias,V_bias_-1_mV,10.0,<=35,0.3938295693041288,0.5898028175494665,0.1502439886623185
T6_plain,FUDS,2,voltage_bias,V_bias_-1_mV,10.0,>65,0.42860149882932,0.5501389116768082,0.23559475219670536
T6_plain,FUDS,2,voltage_bias,V_bias_-1_mV,20.0,35-65,0.7895961877892019,0.9532560365315726,-0.6158794727773623
T6_plain,FUDS,2,voltage_bias,V_bias_-1_mV,20.0,<=35,0.42016215512663846,0.5289385139836627,-0.21594835395109285
T6_plain,FUDS,2,voltage_bias,V_bias_-1_mV,20.0,>65,0.4386727200689018,0.5372992197165967,-0.0016001539801446761
T6_plain,FUDS,2,voltage_bias,V_bias_-1_mV,25.0,35-65,0.7899205261212212,0.9447336615069118,-0.6313503040964096
T6_plain,FUDS,2,voltage_bias,V_bias_-1_mV,25.0,<=35,0.4535146267629575,0.5389719311046357,-0.16452196029626007
T6_plain,FUDS,2,voltage_bias,V_bias_-1_mV,25.0,>65,0.49595849433731864,0.6059605935751551,0.06022163547153051
T6_plain,FUDS,2,voltage_bias,V_bias_-1_mV,30.0,35-65,1.2120165006068973,1.3471058504420552,-1.2073735871609192
T6_plain,FUDS,2,voltage_bias,V_bias_-1_mV,30.0,<=35,0.6902054626422076,0.8344061700599873,-0.6335184082554457
T6_plain,FUDS,2,voltage_bias,V_bias_-1_mV,30.0,>65,0.6049490286311695,0.7352780922179645,-0.23172219843714528
T6_plain,FUDS,2,voltage_bias,V_bias_-1_mV,40.0,35-65,1.1886256535308106,1.334657360622344,-1.1873488149711307
T6_plain,FUDS,2,voltage_bias,V_bias_-1_mV,40.0,<=35,0.6718208179402784,0.8293070396097832,-0.6230636327226263
T6_plain,FUDS,2,voltage_bias,V_bias_-1_mV,40.0,>65,0.6421789699924088,0.797727274341526,-0.2583058334801807
T6_plain,FUDS,2,voltage_bias,V_bias_-1_mV,50.0,35-65,1.6070329426718528,1.763119040356238,-1.6070329426718528
T6_plain,FUDS,2,voltage_bias,V_bias_-1_mV,50.0,<=35,0.9269983971303829,1.1294792919964118,-0.910870244197716
T6_plain,FUDS,2,voltage_bias,V_bias_-1_mV,50.0,>65,0.715443484755671,0.9152982792683712,-0.34242790402967316
T6_plain,FUDS,2,voltage_bias,V_bias_-2_mV,-10.0,35-65,2.0081681516547865,2.4685174057448975,1.3422049373759175
T6_plain,FUDS,2,voltage_bias,V_bias_-2_mV,-10.0,<=35,1.1265866370098074,1.409182789999192,0.43588978415135254
T6_plain,FUDS,2,voltage_bias,V_bias_-2_mV,-10.0,>65,0.672613135331713,0.8015388267313895,0.4989789602617422
T6_plain,FUDS,2,voltage_bias,V_bias_-2_mV,0.0,35-65,1.0665466704751907,1.4582176419303194,-0.23451565427192433
T6_plain,FUDS,2,voltage_bias,V_bias_-2_mV,0.0,<=35,0.6402891689289331,0.8209101539309093,0.13637728291720055
T6_plain,FUDS,2,voltage_bias,V_bias_-2_mV,0.0,>65,0.47111197482934386,0.5838769144590259,0.002794418837514502
T6_plain,FUDS,2,voltage_bias,V_bias_-2_mV,10.0,35-65,0.9421956253813691,1.186170653032917,-0.7208127394727006
T6_plain,FUDS,2,voltage_bias,V_bias_-2_mV,10.0,<=35,0.43815979321131815,0.6062156041348515,-0.18789980077357724
T6_plain,FUDS,2,voltage_bias,V_bias_-2_mV,10.0,>65,0.4418488862291889,0.5478831654730181,0.011460123238727669
T6_plain,FUDS,2,voltage_bias,V_bias_-2_mV,20.0,35-65,1.3292601020271502,1.4845800702916647,-1.3111677598412177
T6_plain,FUDS,2,voltage_bias,V_bias_-2_mV,20.0,<=35,0.6315709141590653,0.7630523596555883,-0.5527599059701424
T6_plain,FUDS,2,voltage_bias,V_bias_-2_mV,20.0,>65,0.5417264579029333,0.6530602205374447,-0.24646472790145438
T6_plain,FUDS,2,voltage_bias,V_bias_-2_mV,25.0,35-65,1.3627181826983463,1.5084832295889334,-1.3550353634091103
T6_plain,FUDS,2,voltage_bias,V_bias_-2_mV,25.0,<=35,0.6578768552186435,0.779467063410814,-0.5036913211111227
T6_plain,FUDS,2,voltage_bias,V_bias_-2_mV,25.0,>65,0.5836684530258466,0.697566344937838,-0.19121293189957664
T6_plain,FUDS,2,voltage_bias,V_bias_-2_mV,30.0,35-65,1.951648572129602,2.0403161491068817,-1.951648572129602
T6_plain,FUDS,2,voltage_bias,V_bias_-2_mV,30.0,<=35,0.9769896546478924,1.1495383222724362,-0.959008296082856
T6_plain,FUDS,2,voltage_bias,V_bias_-2_mV,30.0,>65,0.742771584245379,0.9196426712037481,-0.4915459095931107
T6_plain,FUDS,2,voltage_bias,V_bias_-2_mV,40.0,35-65,1.9669372896897448,2.0665117379799707,-1.9669372896897448
T6_plain,FUDS,2,voltage_bias,V_bias_-2_mV,40.0,<=35,0.9380045309302034,1.1235407268600848,-0.9303840963448828
T6_plain,FUDS,2,voltage_bias,V_bias_-2_mV,40.0,>65,0.7742674258063775,0.9848088570821262,-0.5211426249104377
T6_plain,FUDS,2,voltage_bias,V_bias_-2_mV,50.0,35-65,2.4140999195072235,2.5417734893336514,-2.4140999195072235
T6_plain,FUDS,2,voltage_bias,V_bias_-2_mV,50.0,<=35,1.213021865112852,1.429367110156157,-1.2065396024810655
T6_plain,FUDS,2,voltage_bias,V_bias_-2_mV,50.0,>65,0.8494583688017369,1.1148006394606569,-0.6072989873932801
T6_plain,FUDS,2,voltage_bias,V_bias_-5_mV,-10.0,35-65,1.5964187971633295,2.05198340958646,0.2072115947883702
T6_plain,FUDS,2,voltage_bias,V_bias_-5_mV,-10.0,<=35,1.0669661272818278,1.322222737853025,-0.32406031553440484
T6_plain,FUDS,2,voltage_bias,V_bias_-5_mV,-10.0,>65,0.5401115351605638,0.6842567923473328,0.022774694197072818
T6_plain,FUDS,2,voltage_bias,V_bias_-5_mV,0.0,35-65,1.9112698644197157,2.2701486594230604,-1.7689640101165003
T6_plain,FUDS,2,voltage_bias,V_bias_-5_mV,0.0,<=35,0.8905938175401503,1.1162330766469284,-0.5630767422164742
T6_plain,FUDS,2,voltage_bias,V_bias_-5_mV,0.0,>65,0.7753108164034694,0.9576628425183699,-0.5849778766329847
T6_plain,FUDS,2,voltage_bias,V_bias_-5_mV,10.0,35-65,2.6013172467363073,2.752250044489983,-2.6011309068978883
T6_plain,FUDS,2,voltage_bias,V_bias_-5_mV,10.0,<=35,1.174899118487737,1.4099516130010579,-1.1613241108876267
T6_plain,FUDS,2,voltage_bias,V_bias_-5_mV,10.0,>65,0.8345014178239774,1.0257758947820292,-0.6740278748138686
T6_plain,FUDS,2,voltage_bias,V_bias_-5_mV,20.0,35-65,3.4045559095339715,3.480285920423608,-3.4045559095339715
T6_plain,FUDS,2,voltage_bias,V_bias_-5_mV,20.0,<=35,1.523685665252169,1.7311237869881364,-1.52351736746213
T6_plain,FUDS,2,voltage_bias,V_bias_-5_mV,20.0,>65,1.0520149866227324,1.3223846287763603,-0.9979360390578035
T6_plain,FUDS,2,voltage_bias,V_bias_-5_mV,25.0,35-65,3.536315552439044,3.605058697341759,-3.536315552439044
T6_plain,FUDS,2,voltage_bias,V_bias_-5_mV,25.0,<=35,1.5505536856170514,1.7650318908646265,-1.4821264181072937
T6_plain,FUDS,2,voltage_bias,V_bias_-5_mV,25.0,>65,1.0537669012911748,1.3405394081451587,-0.9632729159955037
T6_plain,FUDS,2,voltage_bias,V_bias_-5_mV,30.0,35-65,4.182896471380083,4.252046882999691,-4.182896471380083
T6_plain,FUDS,2,voltage_bias,V_bias_-5_mV,30.0,<=35,1.9061143446452244,2.147217013007534,-1.9017862377668797
T6_plain,FUDS,2,voltage_bias,V_bias_-5_mV,30.0,>65,1.3236636344313504,1.671120315008612,-1.2900178315174058
T6_plain,FUDS,2,voltage_bias,V_bias_-5_mV,40.0,35-65,4.29317759400158,4.386881061484413,-4.29317759400158
T6_plain,FUDS,2,voltage_bias,V_bias_-5_mV,40.0,<=35,1.8237420460102374,2.0666834532358056,-1.8237420460102374
T6_plain,FUDS,2,voltage_bias,V_bias_-5_mV,40.0,>65,1.3631848498421204,1.7390769192600233,-1.3287611912019421
T6_plain,FUDS,2,voltage_bias,V_bias_-5_mV,50.0,35-65,4.8165411466898815,4.950641254134932,-4.8165411466898815
T6_plain,FUDS,2,voltage_bias,V_bias_-5_mV,50.0,<=35,2.071249871246097,2.346852013223775,-2.0666333243722472
T6_plain,FUDS,2,voltage_bias,V_bias_-5_mV,50.0,>65,1.4617767088053468,1.8805864369702807,-1.4208363653064913
T6_plain,US06,0,baseline,unperturbed,-10.0,35-65,3.1306293298228813,3.182680115324763,-3.1306293298228813
T6_plain,US06,0,baseline,unperturbed,-10.0,<=35,2.201859474332649,2.247519266028778,-2.201859474332649
T6_plain,US06,0,baseline,unperturbed,-10.0,>65,1.2801316395959597,1.4110184701616295,-1.2795016395959597
T6_plain,US06,0,baseline,unperturbed,0.0,35-65,1.300020398272553,1.389831315919976,-1.2997872840690978
T6_plain,US06,0,baseline,unperturbed,0.0,<=35,0.9210911847748815,0.9882250842067584,-0.9210911847748815
T6_plain,US06,0,baseline,unperturbed,0.0,>65,0.611515266043867,0.7118477634419189,-0.6046929841592202
T6_plain,US06,0,baseline,unperturbed,10.0,35-65,0.939997374519231,1.116386582942428,-0.9273309245192309
T6_plain,US06,0,baseline,unperturbed,10.0,<=35,0.6584807866935485,0.768653227681444,-0.5552816146505376
T6_plain,US06,0,baseline,unperturbed,10.0,>65,0.5306197022774326,0.6190760546750363,-0.5183238306418219
T6_plain,US06,0,baseline,unperturbed,20.0,35-65,0.6600354124643196,0.8084022673739003,-0.5884155104662226
T6_plain,US06,0,baseline,unperturbed,20.0,<=35,0.4481497933481152,0.521440194137972,-0.4025171766740577
T6_plain,US06,0,baseline,unperturbed,20.0,>65,0.47115510353130036,0.6047344617458319,-0.4493042118780098
T6_plain,US06,0,baseline,unperturbed,25.0,35-65,0.4778514655172414,0.5499467473389568,-0.2661430450191571
T6_plain,US06,0,baseline,unperturbed,25.0,<=35,0.3755258305484147,0.42988636633054317,-0.20964607459297338
T6_plain,US06,0,baseline,unperturbed,25.0,>65,0.3748020884955753,0.4785400747213779,-0.20249054143201922
T6_plain,US06,0,baseline,unperturbed,30.0,35-65,0.4916579239230064,0.5647546077763465,-0.25433094592117333
T6_plain,US06,0,baseline,unperturbed,30.0,<=35,0.2704533137461573,0.33476211359258307,-0.19710155731225298
T6_plain,US06,0,baseline,unperturbed,30.0,>65,0.4268513055332798,0.5478327332922254,-0.2738302068965518
T6_plain,US06,0,baseline,unperturbed,40.0,35-65,0.36724884584086814,0.4520379599742337,0.07927636211573247
T6_plain,US06,0,baseline,unperturbed,40.0,<=35,0.22136158906184264,0.26088154757250165,-0.05139723500210345
T6_plain,US06,0,baseline,unperturbed,40.0,>65,0.42908898044692745,0.5237463118336858,-0.14580794134078215
T6_plain,US06,0,baseline,unperturbed,50.0,35-65,0.33556253052917223,0.42552618744560716,0.18576139439167785
T6_plain,US06,0,baseline,unperturbed,50.0,<=35,0.22794763766666667,0.293820561512556,0.045068358249999996
T6_plain,US06,0,baseline,unperturbed,50.0,>65,0.40959642035928134,0.5107167607321191,-0.07420835648702595
T6_plain,US06,0,current_bias,I_bias_+10_mA,-10.0,35-65,4.05181667887202,4.10664011051961,-4.05181667887202
T6_plain,US06,0,current_bias,I_bias_+10_mA,-10.0,<=35,2.5845019402429164,2.6317509494716305,-2.5845019402429164
T6_plain,US06,0,current_bias,I_bias_+10_mA,-10.0,>65,1.770029435472893,1.9494443031499367,-1.7695020326593696
T6_plain,US06,0,current_bias,I_bias_+10_mA,0.0,35-65,2.326451368465006,2.3937608497921685,-2.326451368465006
T6_plain,US06,0,current_bias,I_bias_+10_mA,0.0,<=35,1.3287641336811922,1.4417888592369175,-1.3287641336811922
T6_plain,US06,0,current_bias,I_bias_+10_mA,0.0,>65,1.0318849026333015,1.1305447464239493,-1.026747805011424
T6_plain,US06,0,current_bias,I_bias_+10_mA,10.0,35-65,2.0183431911508376,2.1493272493909816,-2.0183431911508376
T6_plain,US06,0,current_bias,I_bias_+10_mA,10.0,<=35,1.0873924651277227,1.2842358832679333,-1.015122155950425
T6_plain,US06,0,current_bias,I_bias_+10_mA,10.0,>65,0.9307357430968543,1.0130081426869701,-0.92038616758287
T6_plain,US06,0,current_bias,I_bias_+10_mA,20.0,35-65,1.7152100757942854,1.8439781384415852,-1.7152100757942854
T6_plain,US06,0,current_bias,I_bias_+10_mA,20.0,<=35,0.8796865141559398,1.0235661677741643,-0.8684659243972422
T6_plain,US06,0,current_bias,I_bias_+10_mA,20.0,>65,0.8666810577008354,0.9587333337636903,-0.8574181923835289
T6_plain,US06,0,current_bias,I_bias_+10_mA,25.0,35-65,1.4541339612401072,1.5874845701376614,-1.453971062996908
T6_plain,US06,0,current_bias,I_bias_+10_mA,25.0,<=35,0.7693706620495709,0.8957108817694682,-0.6728848632393538
T6_plain,US06,0,current_bias,I_bias_+10_mA,25.0,>65,0.6305253683639858,0.7520609864534745,-0.6183607858564603
T6_plain,US06,0,current_bias,I_bias_+10_mA,30.0,35-65,1.4223416683269015,1.5669234528562876,-1.4216778419323683
T6_plain,US06,0,current_bias,I_bias_+10_mA,30.0,<=35,0.6473273781572644,0.7677409660688771,-0.6317139690565279
T6_plain,US06,0,current_bias,I_bias_+10_mA,30.0,>65,0.6930103438248378,0.8251707352936416,-0.6834853031759133
T6_plain,US06,0,current_bias,I_bias_+10_mA,40.0,35-65,1.1427141352085164,1.2977326308569586,-1.1388457240102399
T6_plain,US06,0,current_bias,I_bias_+10_mA,40.0,<=35,0.4696947775710568,0.5820523846633641,-0.45613092730148314
T6_plain,US06,0,current_bias,I_bias_+10_mA,40.0,>65,0.5741679173451125,0.7325522037106083,-0.5584799789793314
T6_plain,US06,0,current_bias,I_bias_+10_mA,50.0,35-65,1.0773791628769833,1.2283946955550369,-1.0753825087394733
T6_plain,US06,0,current_bias,I_bias_+10_mA,50.0,<=35,0.43490919270029915,0.5154186376064759,-0.35497103759913123
T6_plain,US06,0,current_bias,I_bias_+10_mA,50.0,>65,0.523023780495759,0.6785242724934499,-0.48979223347972023
T6_plain,US06,0,current_bias,I_bias_+20_mA,-10.0,35-65,4.957864196329857,5.022957076463917,-4.957864196329857
T6_plain,US06,0,current_bias,I_bias_+20_mA,-10.0,<=35,2.9564359211318156,3.0056186069334996,-2.9564359211318156
T6_plain,US06,0,current_bias,I_bias_+20_mA,-10.0,>65,2.2693639868153275,2.5035750267989165,-2.268890344507865
T6_plain,US06,0,current_bias,I_bias_+20_mA,0.0,35-65,3.348352507607195,3.409158495895711,-3.348352507607195
T6_plain,US06,0,current_bias,I_bias_+20_mA,0.0,<=35,1.7232562039380086,1.8838650457923167,-1.7232562039380086
T6_plain,US06,0,current_bias,I_bias_+20_mA,0.0,>65,1.4599840598545464,1.5838918235058763,-1.4553201432644174
T6_plain,US06,0,current_bias,I_bias_+20_mA,10.0,35-65,3.107880799086596,3.222595869200937,-3.107880799086596
T6_plain,US06,0,current_bias,I_bias_+20_mA,10.0,<=35,1.5159710384355485,1.7915404632991003,-1.4594639966001766
T6_plain,US06,0,current_bias,I_bias_+20_mA,10.0,>65,1.3373721360653072,1.440863018583023,-1.3281318008957508
T6_plain,US06,0,current_bias,I_bias_+20_mA,20.0,35-65,2.83665242750076,2.9472177214382396,-2.83665242750076
T6_plain,US06,0,current_bias,I_bias_+20_mA,20.0,<=35,1.3213999673567718,1.5235787446960687,-1.3213750888748526
T6_plain,US06,0,current_bias,I_bias_+20_mA,20.0,>65,1.2803268078779035,1.3730658383064924,-1.2718154955958496
T6_plain,US06,0,current_bias,I_bias_+20_mA,25.0,35-65,2.6359093980680304,2.7523220198115768,-2.6359093980680304
T6_plain,US06,0,current_bias,I_bias_+20_mA,25.0,<=35,1.1824251807271382,1.3825980324504712,-1.1224492418745344
T6_plain,US06,0,current_bias,I_bias_+20_mA,25.0,>65,1.0515725224539034,1.1511109022252621,-1.040788580143383
T6_plain,US06,0,current_bias,I_bias_+20_mA,30.0,35-65,2.579819523394157,2.7068314362230828,-2.579819523394157
T6_plain,US06,0,current_bias,I_bias_+20_mA,30.0,<=35,1.0587067742942349,1.222998550362927,-1.0552217536246447
T6_plain,US06,0,current_bias,I_bias_+20_mA,30.0,>65,1.108046833364583,1.2117463222505562,-1.0994008813733713
T6_plain,US06,0,current_bias,I_bias_+20_mA,40.0,35-65,2.33814955144906,2.4778839323324573,-2.33814955144906
T6_plain,US06,0,current_bias,I_bias_+20_mA,40.0,<=35,0.8522482209729998,0.997540983932757,-0.852112937379151
T6_plain,US06,0,current_bias,I_bias_+20_mA,40.0,>65,0.984913315274323,1.0987340365200193,-0.9772554297535525
T6_plain,US06,0,current_bias,I_bias_+20_mA,50.0,35-65,2.309705366509957,2.4610078431199174,-2.309705366509957
T6_plain,US06,0,current_bias,I_bias_+20_mA,50.0,<=35,0.7836213845796156,0.9067355875213189,-0.7472538329929707
T6_plain,US06,0,current_bias,I_bias_+20_mA,50.0,>65,0.9180429740982572,1.0375577992724303,-0.9120196994195751
T6_plain,US06,0,current_bias,I_bias_-10_mA,-10.0,35-65,2.1959478587299825,2.2592821007545334,-2.1959478587299825
T6_plain,US06,0,current_bias,I_bias_-10_mA,-10.0,<=35,1.8076782093139745,1.852444078229745,-1.8076782093139745
T6_plain,US06,0,current_bias,I_bias_-10_mA,-10.0,>65,0.7994265249603888,0.8965668718071359,-0.7985893329118025
T6_plain,US06,0,current_bias,I_bias_-10_mA,0.0,35-65,0.425645320247317,0.508124973929721,-0.27017149989108347
T6_plain,US06,0,current_bias,I_bias_-10_mA,0.0,<=35,0.5000519396576554,0.5329655765459184,-0.49964160478835196
T6_plain,US06,0,current_bias,I_bias_-10_mA,0.0,>65,0.29579044283742784,0.41770170020969527,-0.1890567360716138
T6_plain,US06,0,current_bias,I_bias_-10_mA,10.0,35-65,0.46515928492305464,0.5329195713644913,0.16263689030422798
T6_plain,US06,0,current_bias,I_bias_-10_mA,10.0,<=35,0.237777740625774,0.3028529894184701,-0.07917564086006224
T6_plain,US06,0,current_bias,I_bias_-10_mA,10.0,>65,0.25825769960613376,0.3617589603782789,-0.12183225554053254
T6_plain,US06,0,current_bias,I_bias_-10_mA,20.0,35-65,0.5772658770199965,0.6981080467216539,0.5405118872474575
T6_plain,US06,0,current_bias,I_bias_-10_mA,20.0,<=35,0.14869744621923,0.2023222586297514,0.07744190117792864
T6_plain,US06,0,current_bias,I_bias_-10_mA,20.0,>65,0.35880324408555986,0.4545073094930342,-0.04728322183489
T6_plain,US06,0,current_bias,I_bias_-10_mA,25.0,35-65,0.9240529077008747,0.9840703229804325,0.9236495161855083
T6_plain,US06,0,current_bias,I_bias_-10_mA,25.0,<=35,0.27559803113154074,0.33265620599596524,0.2688254803498527
T6_plain,US06,0,current_bias,I_bias_-10_mA,25.0,>65,0.45569635277662957,0.5442616026314033,0.20711346055684668
T6_plain,US06,0,current_bias,I_bias_-10_mA,30.0,35-65,0.9208992327542082,0.9912327270157306,0.9202053089061041
T6_plain,US06,0,current_bias,I_bias_-10_mA,30.0,<=35,0.26218819985487357,0.31905691413416193,0.24972965453264315
T6_plain,US06,0,current_bias,I_bias_-10_mA,30.0,>65,0.4673830517412017,0.5553280645145502,0.12994852112083766
T6_plain,US06,0,current_bias,I_bias_-10_mA,40.0,35-65,1.3155664413655335,1.3577675834842633,1.3155664413655335
T6_plain,US06,0,current_bias,I_bias_-10_mA,40.0,<=35,0.385837573403416,0.4590648567538817,0.36296087402443167
T6_plain,US06,0,current_bias,I_bias_-10_mA,40.0,>65,0.5298832502066331,0.635281129727436,0.2611943431748423
T6_plain,US06,0,current_bias,I_bias_-10_mA,50.0,35-65,1.4698470245172717,1.5111074351110854,1.4698470245172717
T6_plain,US06,0,current_bias,I_bias_-10_mA,50.0,<=35,0.46061259117592346,0.5542245090208681,0.4535301396354439
T6_plain,US06,0,current_bias,I_bias_-10_mA,50.0,>65,0.5747056516824992,0.6778273285269593,0.3351612959314891
T6_plain,US06,0,current_bias,I_bias_-20_mA,-10.0,35-65,1.2499872043676052,1.3627830091769604,-1.2493945782839904
T6_plain,US06,0,current_bias,I_bias_-20_mA,-10.0,<=35,1.4010724207442988,1.4464273223727702,-1.4010724207442988
T6_plain,US06,0,current_bias,I_bias_-20_mA,-10.0,>65,0.34803909049839216,0.4532829711415825,-0.3264979254249156
T6_plain,US06,0,current_bias,I_bias_-20_mA,0.0,35-65,0.761174578440635,0.8526188145255704,0.7604824040096927
T6_plain,US06,0,current_bias,I_bias_-20_mA,0.0,<=35,0.16369958583183877,0.21685306056573833,-0.06377210003335106
T6_plain,US06,0,current_bias,I_bias_-20_mA,0.0,>65,0.4377105805118043,0.5120082040352447,0.22024500895808669
T6_plain,US06,0,current_bias,I_bias_-20_mA,10.0,35-65,1.2488983690584181,1.3154650947408382,1.2488983690584181
T6_plain,US06,0,current_bias,I_bias_-20_mA,10.0,<=35,0.4142221329537164,0.4645321296779051,0.41400763151995906
T6_plain,US06,0,current_bias,I_bias_-20_mA,10.0,>65,0.4329616188548845,0.5033864757245738,0.2691839162919767
T6_plain,US06,0,current_bias,I_bias_-20_mA,20.0,35-65,1.6681911901531092,1.707685015517039,1.6681911901531092
T6_plain,US06,0,current_bias,I_bias_-20_mA,20.0,<=35,0.588959766318194,0.6398804627159331,0.5726265558493714
T6_plain,US06,0,current_bias,I_bias_-20_mA,20.0,>65,0.5490356234903289,0.6517023855560916,0.3488118389697924
T6_plain,US06,0,current_bias,I_bias_-20_mA,25.0,35-65,2.1108036530405347,2.128491647732026,2.1108036530405347
T6_plain,US06,0,current_bias,I_bias_-20_mA,25.0,<=35,0.7644263855075104,0.8025385882435145,0.7644263855075104
T6_plain,US06,0,current_bias,I_bias_-20_mA,25.0,>65,0.7139922317702277,0.8660097743550428,0.6107189591761103
T6_plain,US06,0,current_bias,I_bias_-20_mA,30.0,35-65,2.097952005623028,2.1204816253460095,2.097952005623028
T6_plain,US06,0,current_bias,I_bias_-20_mA,30.0,<=35,0.7141834031613616,0.7778649736955993,0.7102142718974318
T6_plain,US06,0,current_bias,I_bias_-20_mA,30.0,>65,0.6816740119418989,0.8307814875351929,0.5281782277619299
T6_plain,US06,0,current_bias,I_bias_-20_mA,40.0,35-65,2.5599900970272422,2.5921215436178406,2.5599900970272422
T6_plain,US06,0,current_bias,I_bias_-20_mA,40.0,<=35,0.8054253778810799,0.895008130781507,0.7882136820073214
T6_plain,US06,0,current_bias,I_bias_-20_mA,40.0,>65,0.7865348870373823,0.953963277735016,0.6628796390942135
T6_plain,US06,0,current_bias,I_bias_-20_mA,50.0,35-65,2.762458919648884,2.817752546428029,2.762458919648884
T6_plain,US06,0,current_bias,I_bias_-20_mA,50.0,<=35,0.8720075927062586,0.9778606036253066,0.871475373041943
T6_plain,US06,0,current_bias,I_bias_-20_mA,50.0,>65,0.8557052229368595,1.0198962659331388,0.7386713567843622
T6_plain,US06,0,voltage_bias,V_bias_+10_mV,-10.0,35-65,0.7493686764308733,0.9001422015219482,0.5972762493807406
T6_plain,US06,0,voltage_bias,V_bias_+10_mV,-10.0,<=35,0.5824081690877958,0.6471123211626503,-0.5824081690877958
T6_plain,US06,0,voltage_bias,V_bias_+10_mV,-10.0,>65,0.6394859291284796,0.7774413589721266,0.5675733067639159
T6_plain,US06,0,voltage_bias,V_bias_+10_mV,0.0,35-65,3.9480637802520095,3.974712710216118,3.9480637802520095
T6_plain,US06,0,voltage_bias,V_bias_+10_mV,0.0,<=35,1.40852857407536,1.655878529269247,1.3744919994151445
T6_plain,US06,0,voltage_bias,V_bias_+10_mV,0.0,>65,1.472140065050269,1.7494636035981062,1.4695904584452288
T6_plain,US06,0,voltage_bias,V_bias_+10_mV,10.0,35-65,5.413695491147181,5.45752358054899,5.413695491147181
T6_plain,US06,0,voltage_bias,V_bias_+10_mV,10.0,<=35,2.5138728762147875,2.837731282151803,2.5138728762147875
T6_plain,US06,0,voltage_bias,V_bias_+10_mV,10.0,>65,1.7732878576150837,2.036322688860528,1.7719666249082136
T6_plain,US06,0,voltage_bias,V_bias_+10_mV,20.0,35-65,6.465900532794786,6.52987007907295,6.465900532794786
T6_plain,US06,0,voltage_bias,V_bias_+10_mV,20.0,<=35,2.946986424671788,3.2898215023900335,2.944137295582905
T6_plain,US06,0,voltage_bias,V_bias_+10_mV,20.0,>65,2.0295559602412534,2.339624601420933,2.028050489684397
T6_plain,US06,0,voltage_bias,V_bias_+10_mV,25.0,35-65,7.128184507619303,7.22038453551768,7.128184507619303
T6_plain,US06,0,voltage_bias,V_bias_+10_mV,25.0,<=35,3.1937559278086143,3.542050966398167,3.1937559278086143
T6_plain,US06,0,voltage_bias,V_bias_+10_mV,25.0,>65,2.3344784746480745,2.647541796916128,2.3330408996227203
T6_plain,US06,0,voltage_bias,V_bias_+10_mV,30.0,35-65,7.282386114079624,7.379009360160835,7.282386114079624
T6_plain,US06,0,voltage_bias,V_bias_+10_mV,30.0,<=35,3.043955485698206,3.3829500821196397,3.043955485698206
T6_plain,US06,0,voltage_bias,V_bias_+10_mV,30.0,>65,2.292913376772601,2.6177524958495986,2.2911753304802374
T6_plain,US06,0,voltage_bias,V_bias_+10_mV,40.0,35-65,8.025857273382792,8.17197014130533,8.025857273382792
T6_plain,US06,0,voltage_bias,V_bias_+10_mV,40.0,<=35,2.995307076519003,3.3751221659516593,2.9945925138148066
T6_plain,US06,0,voltage_bias,V_bias_+10_mV,40.0,>65,2.467097863909716,2.8028825658267613,2.4647696335754454
T6_plain,US06,0,voltage_bias,V_bias_+10_mV,50.0,35-65,8.415685132131431,8.617384888143416,8.415685132131431
T6_plain,US06,0,voltage_bias,V_bias_+10_mV,50.0,<=35,3.0330427774425,3.383398669156929,3.0330427774425
T6_plain,US06,0,voltage_bias,V_bias_+10_mV,50.0,>65,2.543469746854125,2.8896841905864394,2.5400774661887833
T6_plain,US06,0,voltage_bias,V_bias_+1_mV,-10.0,35-65,2.7657351221437,2.81996691682963,-2.7657351221437
T6_plain,US06,0,voltage_bias,V_bias_+1_mV,-10.0,<=35,2.0487886051606448,2.0941049273756365,-2.0487886051606448
T6_plain,US06,0,voltage_bias,V_bias_+1_mV,-10.0,>65,1.0894800737044703,1.2047655970097813,-1.0887780885637195
T6_plain,US06,0,voltage_bias,V_bias_+1_mV,0.0,35-65,0.7785014684041219,0.9009277074893589,-0.774795206595679
T6_plain,US06,0,voltage_bias,V_bias_+1_mV,0.0,<=35,0.709256282400983,0.7560003234817214,-0.7092225991363187
T6_plain,US06,0,voltage_bias,V_bias_+1_mV,0.0,>65,0.4073402575878761,0.5312509741317614,-0.3899701673654949
T6_plain,US06,0,voltage_bias,V_bias_+1_mV,10.0,35-65,0.532115117454162,0.6222415055310393,-0.28336044643186425
T6_plain,US06,0,voltage_bias,V_bias_+1_mV,10.0,<=35,0.40926305572611454,0.4745500920006754,-0.2763901953079166
T6_plain,US06,0,voltage_bias,V_bias_+1_mV,10.0,>65,0.31509922150820774,0.4320191779050731,-0.28092115689840047
T6_plain,US06,0,voltage_bias,V_bias_+1_mV,20.0,35-65,0.4386850889387956,0.49900126072292095,0.12733343817794535
T6_plain,US06,0,voltage_bias,V_bias_+1_mV,20.0,<=35,0.19414197216276746,0.24224311800115192,-0.09830522103290386
T6_plain,US06,0,voltage_bias,V_bias_+1_mV,20.0,>65,0.35118053948059813,0.46802357108331255,-0.1911499411810665
T6_plain,US06,0,voltage_bias,V_bias_+1_mV,25.0,35-65,0.5203971180017661,0.6268055136491417,0.49152360329903866
T6_plain,US06,0,voltage_bias,V_bias_+1_mV,25.0,<=35,0.19867081905332531,0.26761394586018306,0.09486042154404706
T6_plain,US06,0,voltage_bias,V_bias_+1_mV,25.0,>65,0.3960724388210208,0.4757498158487566,0.06155374636535157
T6_plain,US06,0,voltage_bias,V_bias_+1_mV,30.0,35-65,0.5494708140667182,0.6577927207519055,0.5115852227549775
T6_plain,US06,0,voltage_bias,V_bias_+1_mV,30.0,<=35,0.16771547764081218,0.22460847535647452,0.0957058904363609
T6_plain,US06,0,voltage_bias,V_bias_+1_mV,30.0,>65,0.42889718390676335,0.5121793928490782,-0.007227314769270774
T6_plain,US06,0,voltage_bias,V_bias_+1_mV,40.0,35-65,0.8926825065902103,0.962692699913346,0.8925521467062828
T6_plain,US06,0,voltage_bias,V_bias_+1_mV,40.0,<=35,0.26249023809428595,0.3404893412986714,0.22452488433717244
T6_plain,US06,0,voltage_bias,V_bias_+1_mV,40.0,>65,0.47274375656440293,0.5636734843636625,0.1253370172921475
T6_plain,US06,0,voltage_bias,V_bias_+1_mV,50.0,35-65,1.0305932246202893,1.08249082380544,1.0305932246202893
T6_plain,US06,0,voltage_bias,V_bias_+1_mV,50.0,<=35,0.337892856394857,0.4336897014255234,0.3171048163943641
T6_plain,US06,0,voltage_bias,V_bias_+1_mV,50.0,>65,0.4933246107177491,0.5918080339826637,0.1983335443834986
T6_plain,US06,0,voltage_bias,V_bias_+2_mV,-10.0,35-65,2.3988288247028535,2.458037738240438,-2.3988288247028535
T6_plain,US06,0,voltage_bias,V_bias_+2_mV,-10.0,<=35,1.8938955875131973,1.9390040842635152,-1.8938955875131973
T6_plain,US06,0,voltage_bias,V_bias_+2_mV,-10.0,>65,0.9002109705330589,1.0030330137388992,-0.8994280663537043
T6_plain,US06,0,voltage_bias,V_bias_+2_mV,0.0,35-65,0.4202893248861133,0.49761926228417275,-0.24916557892537988
T6_plain,US06,0,voltage_bias,V_bias_+2_mV,0.0,<=35,0.4941004061663603,0.5267219739684013,-0.49367182443675606
T6_plain,US06,0,voltage_bias,V_bias_+2_mV,0.0,>65,0.2944694285724123,0.4133287583081714,-0.17688742618514935
T6_plain,US06,0,voltage_bias,V_bias_+2_mV,10.0,35-65,0.5146578576094774,0.6080640494865647,0.3598954361064177
T6_plain,US06,0,voltage_bias,V_bias_+2_mV,10.0,<=35,0.17890091243125839,0.25764201734920195,0.008249992937553406
T6_plain,US06,0,voltage_bias,V_bias_+2_mV,10.0,>65,0.26748828580133355,0.35402593497200036,-0.04540880402013792
T6_plain,US06,0,voltage_bias,V_bias_+2_mV,20.0,35-65,0.8447026105530989,0.9420353673694827,0.8433420697666751
T6_plain,US06,0,voltage_bias,V_bias_+2_mV,20.0,<=35,0.23521549976859868,0.2813880002679302,0.21165670415967322
T6_plain,US06,0,voltage_bias,V_bias_+2_mV,20.0,>65,0.393082846874635,0.4786209804874742,0.06459939158980607
T6_plain,US06,0,voltage_bias,V_bias_+2_mV,25.0,35-65,1.249144319588124,1.287851512176554,1.249144319588124
T6_plain,US06,0,voltage_bias,V_bias_+2_mV,25.0,<=35,0.406879450986563,0.4422325684069251,0.4057788507927907
T6_plain,US06,0,voltage_bias,V_bias_+2_mV,25.0,>65,0.5200883588741975,0.6208511858089606,0.32313162627795733
T6_plain,US06,0,voltage_bias,V_bias_+2_mV,30.0,35-65,1.2798478678190683,1.3247252548993818,1.2798478678190683
T6_plain,US06,0,voltage_bias,V_bias_+2_mV,30.0,<=35,0.3997598765467578,0.44997429180787873,0.3938815825758202
T6_plain,US06,0,voltage_bias,V_bias_+2_mV,30.0,>65,0.5224150628403494,0.6232248545449512,0.2569554270046512
T6_plain,US06,0,voltage_bias,V_bias_+2_mV,40.0,35-65,1.7116684035813952,1.744904021635563,1.7116684035813952
T6_plain,US06,0,voltage_bias,V_bias_+2_mV,40.0,<=35,0.5239360313735997,0.5972514942488241,0.5047831368423964
T6_plain,US06,0,voltage_bias,V_bias_+2_mV,40.0,>65,0.6056592178368596,0.727714963845181,0.3940672721047611
T6_plain,US06,0,voltage_bias,V_bias_+2_mV,50.0,35-65,1.8820956798015478,1.923865823191081,1.8820956798015478
T6_plain,US06,0,voltage_bias,V_bias_+2_mV,50.0,<=35,0.5949038009736131,0.6892588821946537,0.5929628049841178
T6_plain,US06,0,voltage_bias,V_bias_+2_mV,50.0,>65,0.6625907611129547,0.7812180340998831,0.46821158348656694
T6_plain,US06,0,voltage_bias,V_bias_+5_mV,-10.0,35-65,1.2874810112493982,1.397428588220013,-1.2869817608936909
T6_plain,US06,0,voltage_bias,V_bias_+5_mV,-10.0,<=35,1.4177402354592514,1.4636090627497627,-1.4177402354592514
T6_plain,US06,0,voltage_bias,V_bias_+5_mV,-10.0,>65,0.3579594795765887,0.4638663303177587,-0.33946953375060424
T6_plain,US06,0,voltage_bias,V_bias_+5_mV,0.0,35-65,1.3290455962344698,1.3811646571887042,1.3290455962344698
T6_plain,US06,0,voltage_bias,V_bias_+5_mV,0.0,<=35,0.29834625666736314,0.3533544408863327,0.175949567076439
T6_plain,US06,0,voltage_bias,V_bias_+5_mV,0.0,>65,0.5830359656257165,0.7004734255681789,0.45260600335750373
T6_plain,US06,0,voltage_bias,V_bias_+5_mV,10.0,35-65,2.279870556394093,2.3107597571700405,2.279870556394093
T6_plain,US06,0,voltage_bias,V_bias_+5_mV,10.0,<=35,0.8984107742054903,0.9847889495824538,0.8984107742054903
T6_plain,US06,0,voltage_bias,V_bias_+5_mV,10.0,>65,0.705902546327194,0.8500548479665312,0.6499097151851491
T6_plain,US06,0,voltage_bias,V_bias_+5_mV,20.0,35-65,2.984026967727552,3.0087568151829602,2.984026967727552
T6_plain,US06,0,voltage_bias,V_bias_+5_mV,20.0,<=35,1.1899966623086748,1.3027433026978348,1.1795174936542827
T6_plain,US06,0,voltage_bias,V_bias_+5_mV,20.0,>65,0.8773319545415935,1.0760442892046966,0.8177944515972597
T6_plain,US06,0,voltage_bias,V_bias_+5_mV,25.0,35-65,3.508095733493607,3.530622618434531,3.508095733493607
T6_plain,US06,0,voltage_bias,V_bias_+5_mV,25.0,<=35,1.3824487550300255,1.4772637412325134,1.3824487550300255
T6_plain,US06,0,voltage_bias,V_bias_+5_mV,25.0,>65,1.1075614889651213,1.3385808749990655,1.093643746424337
T6_plain,US06,0,voltage_bias,V_bias_+5_mV,30.0,35-65,3.5822116190071664,3.608865025843379,3.5822116190071664
T6_plain,US06,0,voltage_bias,V_bias_+5_mV,30.0,<=35,1.3262098356942364,1.4456394000439303,1.325263435280104
T6_plain,US06,0,voltage_bias,V_bias_+5_mV,30.0,>65,1.0675260726531026,1.3077438468765443,1.0357485039496523
T6_plain,US06,0,voltage_bias,V_bias_+5_mV,40.0,35-65,4.161067199919897,4.216520915848353,4.161067199919897
T6_plain,US06,0,voltage_bias,V_bias_+5_mV,40.0,<=35,1.3845195035567315,1.5342997701574363,1.3762570215358754
T6_plain,US06,0,voltage_bias,V_bias_+5_mV,40.0,>65,1.2116377322332894,1.461874696676034,1.1865651728110955
T6_plain,US06,0,voltage_bias,V_bias_+5_mV,50.0,35-65,4.424415821654231,4.518228705095066,4.424415821654231
T6_plain,US06,0,voltage_bias,V_bias_+5_mV,50.0,<=35,1.4478578002078486,1.5959053138033668,1.4478578002078486
T6_plain,US06,0,voltage_bias,V_bias_+5_mV,50.0,>65,1.2916530590907236,1.5398125529573194,1.2627053381913602
T6_plain,US06,0,voltage_bias,V_bias_-10_mV,-10.0,35-65,6.647161312663329,6.74439273891524,-6.647161312663329
T6_plain,US06,0,voltage_bias,V_bias_-10_mV,-10.0,<=35,3.643237814642183,3.6952906248618307,-3.643237814642183
T6_plain,US06,0,voltage_bias,V_bias_-10_mV,-10.0,>65,3.266612325889985,3.6114021699957264,-3.2662847087974285
T6_plain,US06,0,voltage_bias,V_bias_-10_mV,0.0,35-65,6.462498335907349,6.524848400343328,-6.462498335907349
T6_plain,US06,0,voltage_bias,V_bias_-10_mV,0.0,<=35,2.8542888769356254,3.1554548888206724,-2.8542888769356254
T6_plain,US06,0,voltage_bias,V_bias_-10_mV,0.0,>65,2.848301247383973,3.0915839858828815,-2.84477254917384
T6_plain,US06,0,voltage_bias,V_bias_-10_mV,10.0,35-65,7.300216285785205,7.400875407108907,-7.300216285785205
T6_plain,US06,0,voltage_bias,V_bias_-10_mV,10.0,<=35,3.1119490546217,3.631224162221179,-3.0608383356921784
T6_plain,US06,0,voltage_bias,V_bias_-10_mV,10.0,>65,3.0081670491582586,3.246629419423119,-3.001130682383864
T6_plain,US06,0,voltage_bias,V_bias_-10_mV,20.0,35-65,7.569575235928326,7.674286437233491,-7.569575235928326
T6_plain,US06,0,voltage_bias,V_bias_-10_mV,20.0,<=35,3.1748229957625687,3.5797494709636473,-3.1748229957625687
T6_plain,US06,0,voltage_bias,V_bias_-10_mV,20.0,>65,3.181078482839361,3.396571836140141,-3.1742776597422173
T6_plain,US06,0,voltage_bias,V_bias_-10_mV,25.0,35-65,7.629070554670319,7.754007778155193,-7.629070554670319
T6_plain,US06,0,voltage_bias,V_bias_-10_mV,25.0,<=35,2.996957665526121,3.425223534153313,-2.9782187158540725
T6_plain,US06,0,voltage_bias,V_bias_-10_mV,25.0,>65,3.003964523737213,3.2121658219855176,-2.996109692420904
T6_plain,US06,0,voltage_bias,V_bias_-10_mV,30.0,35-65,7.617716000565025,7.771583391629776,-7.617716000565025
T6_plain,US06,0,voltage_bias,V_bias_-10_mV,30.0,<=35,2.8904496278222527,3.22120596696077,-2.8883716464781415
T6_plain,US06,0,voltage_bias,V_bias_-10_mV,30.0,>65,3.104055654639146,3.2990996406530897,-3.0972141793930494
T6_plain,US06,0,voltage_bias,V_bias_-10_mV,40.0,35-65,7.561662130925483,7.782966975300641,-7.561662130925483
T6_plain,US06,0,voltage_bias,V_bias_-10_mV,40.0,<=35,2.616615781199904,2.930429809809052,-2.616615781199904
T6_plain,US06,0,voltage_bias,V_bias_-10_mV,40.0,>65,3.026086107667489,3.2140099441397227,-3.020000879538205
T6_plain,US06,0,voltage_bias,V_bias_-10_mV,50.0,35-65,7.5969962300780365,7.877489846315808,-7.5969962300780365
T6_plain,US06,0,voltage_bias,V_bias_-10_mV,50.0,<=35,2.504858933906996,2.8106576223507798,-2.4990673709774365
T6_plain,US06,0,voltage_bias,V_bias_-10_mV,50.0,>65,2.9803631764996497,3.1779214567264185,-2.9756251635668116
T6_plain,US06,0,voltage_bias,V_bias_-1_mV,-10.0,35-65,3.4934121264547606,3.545316879852054,-3.4934121264547606
T6_plain,US06,0,voltage_bias,V_bias_-1_mV,-10.0,<=35,2.353159075031398,2.3992638379880935,-2.353159075031398
T6_plain,US06,0,voltage_bias,V_bias_-1_mV,-10.0,>65,1.4721881108599977,1.6206928884188376,-1.471614671248477
T6_plain,US06,0,voltage_bias,V_bias_-1_mV,0.0,35-65,1.8238756547600423,1.8985091291422416,-1.8238756547600423
T6_plain,US06,0,voltage_bias,V_bias_-1_mV,0.0,<=35,1.129363532770158,1.2192930547214504,-1.129363532770158
T6_plain,US06,0,voltage_bias,V_bias_-1_mV,0.0,>65,0.8265407991294337,0.9202574856173056,-0.8210654501509865
T6_plain,US06,0,voltage_bias,V_bias_-1_mV,10.0,35-65,1.5714820255035145,1.7163906719640054,-1.5714820255035145
T6_plain,US06,0,voltage_bias,V_bias_-1_mV,10.0,<=35,0.9109921856018387,1.0726812386918636,-0.8285876267457213
T6_plain,US06,0,voltage_bias,V_bias_-1_mV,10.0,>65,0.7683744208105683,0.8475585748110416,-0.7576345817824147
T6_plain,US06,0,voltage_bias,V_bias_-1_mV,20.0,35-65,1.3032023202269398,1.4474391028364544,-1.3030847304924984
T6_plain,US06,0,voltage_bias,V_bias_-1_mV,20.0,<=35,0.7215083663904375,0.840099233251368,-0.7012723573184256
T6_plain,US06,0,voltage_bias,V_bias_-1_mV,20.0,>65,0.7194584948220965,0.8206444879131579,-0.7099046422558474
T6_plain,US06,0,voltage_bias,V_bias_-1_mV,25.0,35-65,1.030557163439009,1.1751379198235923,-1.022740574303331
T6_plain,US06,0,voltage_bias,V_bias_-1_mV,25.0,<=35,0.6238484982220814,0.7209952736206876,-0.5081975018594808
T6_plain,US06,0,voltage_bias,V_bias_-1_mV,25.0,>65,0.49152319381236953,0.6308538359854134,-0.4690687275907619
T6_plain,US06,0,voltage_bias,V_bias_-1_mV,30.0,35-65,1.028866076851024,1.1819941169618338,-1.0169693583985353
T6_plain,US06,0,voltage_bias,V_bias_-1_mV,30.0,<=35,0.5132786184210777,0.6126822986754515,-0.48489920972500766
T6_plain,US06,0,voltage_bias,V_bias_-1_mV,30.0,>65,0.557818276999118,0.7114838598870444,-0.5429408656168053
T6_plain,US06,0,voltage_bias,V_bias_-1_mV,40.0,35-65,0.7746415451558167,0.9145307931381589,-0.7259064035352152
T6_plain,US06,0,voltage_bias,V_bias_-1_mV,40.0,<=35,0.35963109154405615,0.45173899752213365,-0.32328860761112443
T6_plain,US06,0,voltage_bias,V_bias_-1_mV,40.0,>65,0.47720000767527454,0.6353443281973989,-0.4194678643981678
T6_plain,US06,0,voltage_bias,V_bias_-1_mV,50.0,35-65,0.6923758660550267,0.8259423483740187,-0.6488088664504439
T6_plain,US06,0,voltage_bias,V_bias_-1_mV,50.0,<=35,0.33124339180937873,0.40293509252900717,-0.22340044996595354
T6_plain,US06,0,voltage_bias,V_bias_-1_mV,50.0,>65,0.442879662900292,0.5890207494884269,-0.3495158999506419
T6_plain,US06,0,voltage_bias,V_bias_-2_mV,-10.0,35-65,3.853985614423625,3.907304621193595,-3.853985614423625
T6_plain,US06,0,voltage_bias,V_bias_-2_mV,-10.0,<=35,2.5027423652764074,2.549369493582283,-2.5027423652764074
T6_plain,US06,0,voltage_bias,V_bias_-2_mV,-10.0,>65,1.6656630561474364,1.8331830861485152,-1.6651331918541616
T6_plain,US06,0,voltage_bias,V_bias_-2_mV,0.0,35-65,2.3468237283801154,2.4136480437899914,-2.3468237283801154
T6_plain,US06,0,voltage_bias,V_bias_-2_mV,0.0,<=35,1.334124930146179,1.447819814670585,-1.334124930146179
T6_plain,US06,0,voltage_bias,V_bias_-2_mV,0.0,>65,1.0441153026519083,1.1424754622961155,-1.0390988485398345
T6_plain,US06,0,voltage_bias,V_bias_-2_mV,10.0,35-65,2.2152968864182765,2.3414863177615715,-2.2152968864182765
T6_plain,US06,0,voltage_bias,V_bias_-2_mV,10.0,<=35,1.1641234969209087,1.3757912616021526,-1.09646870982427
T6_plain,US06,0,voltage_bias,V_bias_-2_mV,10.0,>65,1.008797272504976,1.0932587278087216,-0.9988758468167447
T6_plain,US06,0,voltage_bias,V_bias_-2_mV,20.0,35-65,2.0158650588270675,2.136251472379785,-2.0158650588270675
T6_plain,US06,0,voltage_bias,V_bias_-2_mV,20.0,<=35,1.000599377086585,1.161201560644187,-0.9948167490874246
T6_plain,US06,0,voltage_bias,V_bias_-2_mV,20.0,>65,0.981873091878937,1.0709438121312833,-0.972999651927207
T6_plain,US06,0,voltage_bias,V_bias_-2_mV,25.0,35-65,1.7772696764556657,1.9018076228302931,-1.7772696764556657
T6_plain,US06,0,voltage_bias,V_bias_-2_mV,25.0,<=35,0.883455720475001,1.0312213485171235,-0.8011961544167573
T6_plain,US06,0,voltage_bias,V_bias_-2_mV,25.0,>65,0.7495797694933608,0.8591142225307759,-0.7382489617617385
T6_plain,US06,0,voltage_bias,V_bias_-2_mV,30.0,35-65,1.7757570570940004,1.910112590404566,-1.7757570570940004
T6_plain,US06,0,voltage_bias,V_bias_-2_mV,30.0,<=35,0.7756489825532632,0.9109650231547731,-0.7679921016017797
T6_plain,US06,0,voltage_bias,V_bias_-2_mV,30.0,>65,0.82359124003059,0.9409451776008567,-0.8146594723400492
T6_plain,US06,0,voltage_bias,V_bias_-2_mV,40.0,35-65,1.5225824410935345,1.6667581075087765,-1.5224945904575988
T6_plain,US06,0,voltage_bias,V_bias_-2_mV,40.0,<=35,0.5945569754570494,0.7183425388042258,-0.5913850185810259
T6_plain,US06,0,voltage_bias,V_bias_-2_mV,40.0,>65,0.7037600602892901,0.8429370578980603,-0.6957612969299585
T6_plain,US06,0,voltage_bias,V_bias_-2_mV,50.0,35-65,1.4715126783797678,1.6159903140926408,-1.4715126783797678
T6_plain,US06,0,voltage_bias,V_bias_-2_mV,50.0,<=35,0.5490650261982857,0.6399783767376125,-0.4884825829685328
T6_plain,US06,0,voltage_bias,V_bias_-2_mV,50.0,>65,0.6371180862924054,0.7835022553492806,-0.62771042404561
T6_plain,US06,0,voltage_bias,V_bias_-5_mV,-10.0,35-65,4.92147550505587,4.98573029101198,-4.92147550505587
T6_plain,US06,0,voltage_bias,V_bias_-5_mV,-10.0,<=35,2.941672015849433,2.9901661043768164,-2.941672015849433
T6_plain,US06,0,voltage_bias,V_bias_-5_mV,-10.0,>65,2.2547654992117834,2.484688189728198,-2.254315433852699
T6_plain,US06,0,voltage_bias,V_bias_-5_mV,0.0,35-65,3.90645208871106,3.9657129939877516,-3.90645208871106
T6_plain,US06,0,voltage_bias,V_bias_-5_mV,0.0,<=35,1.9280666568547606,2.113942159245702,-1.9280666568547606
T6_plain,US06,0,voltage_bias,V_bias_-5_mV,0.0,>65,1.7076110256220047,1.8483270272295833,-1.70326734070519
T6_plain,US06,0,voltage_bias,V_bias_-5_mV,10.0,35-65,4.139882371532778,4.247617426351456,-4.139882371532778
T6_plain,US06,0,voltage_bias,V_bias_-5_mV,10.0,<=35,1.9234976034391935,2.2594788632651155,-1.8690288601701308
T6_plain,US06,0,voltage_bias,V_bias_-5_mV,10.0,>65,1.7425041262634782,1.8735931219388398,-1.7343648410913186
T6_plain,US06,0,voltage_bias,V_bias_-5_mV,20.0,35-65,4.135306342472298,4.238907243712594,-4.135306342472298
T6_plain,US06,0,voltage_bias,V_bias_-5_mV,20.0,<=35,1.8461341001395033,2.1030847711033993,-1.8461341001395033
T6_plain,US06,0,voltage_bias,V_bias_-5_mV,20.0,>65,1.7854331987512138,1.9002911233173867,-1.7777600869642227
T6_plain,US06,0,voltage_bias,V_bias_-5_mV,25.0,35-65,4.018895167685633,4.132526934381032,-4.018895167685633
T6_plain,US06,0,voltage_bias,V_bias_-5_mV,25.0,<=35,1.6918277099171504,1.9583911199690582,-1.650209601207866
T6_plain,US06,0,voltage_bias,V_bias_-5_mV,25.0,>65,1.5715485127100128,1.6846949095982142,-1.5622228326721133
T6_plain,US06,0,voltage_bias,V_bias_-5_mV,30.0,35-65,4.0236335036208235,4.150912552624098,-4.0236335036208235
T6_plain,US06,0,voltage_bias,V_bias_-5_mV,30.0,<=35,1.5944402094331585,1.802984220676407,-1.5914930487409977
T6_plain,US06,0,voltage_bias,V_bias_-5_mV,30.0,>65,1.6543217710723943,1.7651239945064083,-1.6465906636834962
T6_plain,US06,0,voltage_bias,V_bias_-5_mV,40.0,35-65,3.867325634672358,4.019155825576712,-3.867325634672358
T6_plain,US06,0,voltage_bias,V_bias_-5_mV,40.0,<=35,1.374670550250336,1.5616878157859986,-1.374638839146252
T6_plain,US06,0,voltage_bias,V_bias_-5_mV,40.0,>65,1.5487359965018952,1.6588733680627563,-1.5418423533383343
T6_plain,US06,0,voltage_bias,V_bias_-5_mV,50.0,35-65,3.8730246311392746,4.0538894652374,-3.8730246311392746
T6_plain,US06,0,voltage_bias,V_bias_-5_mV,50.0,<=35,1.27618459434245,1.4561604734145759,-1.2646547732522684
T6_plain,US06,0,voltage_bias,V_bias_-5_mV,50.0,>65,1.4864639572110843,1.600170228457053,-1.480962137762189
T6_plain,US06,1,baseline,unperturbed,-10.0,35-65,3.1466916792723794,3.1904776635186205,-3.1466916792723794
T6_plain,US06,1,baseline,unperturbed,-10.0,<=35,2.219261659137577,2.255403699355564,-2.219261659137577
T6_plain,US06,1,baseline,unperturbed,-10.0,>65,1.3582991474747474,1.4870744050095335,-1.3581626917171716
T6_plain,US06,1,baseline,unperturbed,0.0,35-65,1.2911168286948178,1.371023733718866,-1.2911168286948178
T6_plain,US06,1,baseline,unperturbed,0.0,<=35,0.8682471206753556,0.9499221954400816,-0.8682471206753556
T6_plain,US06,1,baseline,unperturbed,0.0,>65,0.6158547798537775,0.7016003912334627,-0.6047417944760358
T6_plain,US06,1,baseline,unperturbed,10.0,35-65,0.9711340524038461,1.1089073540592245,-0.9706981947115384
T6_plain,US06,1,baseline,unperturbed,10.0,<=35,0.7335619630376344,0.8501508516499222,-0.5903500820340501
T6_plain,US06,1,baseline,unperturbed,10.0,>65,0.4862896741200827,0.5830825085704462,-0.47254946128364383
T6_plain,US06,1,baseline,unperturbed,20.0,35-65,0.5224036983824929,0.6606712895896861,-0.4604221294005709
T6_plain,US06,1,baseline,unperturbed,20.0,<=35,0.44516133175166295,0.5082388394341801,-0.4171822539689578
T6_plain,US06,1,baseline,unperturbed,20.0,>65,0.38435023073836294,0.5158913110112441,-0.34327430056179786
T6_plain,US06,1,baseline,unperturbed,25.0,35-65,0.4184900790229885,0.48414643198147517,-0.1631978836206897
T6_plain,US06,1,baseline,unperturbed,25.0,<=35,0.3549339398886033,0.3946834083957153,-0.16857198581833766
T6_plain,US06,1,baseline,unperturbed,25.0,>65,0.3454479267900242,0.43795981696373604,-0.10406085760257446
T6_plain,US06,1,baseline,unperturbed,30.0,35-65,0.3887537607699358,0.44620964182601996,-0.08471795967002754
T6_plain,US06,1,baseline,unperturbed,30.0,<=35,0.21638906381203338,0.25852922404807205,-0.13651142569169958
T6_plain,US06,1,baseline,unperturbed,30.0,>65,0.3910300589414597,0.5040880918252179,-0.1738489370489175
T6_plain,US06,1,baseline,unperturbed,40.0,35-65,0.3807568074141049,0.4770622905898965,0.2054931636528029
T6_plain,US06,1,baseline,unperturbed,40.0,<=35,0.1743884925957088,0.21310277305608757,0.03256969545645777
T6_plain,US06,1,baseline,unperturbed,40.0,>65,0.4771575063846768,0.5711720590567652,0.029535566241021584
T6_plain,US06,1,baseline,unperturbed,50.0,35-65,0.4222432650384441,0.5182831651925627,0.3734819154228855
T6_plain,US06,1,baseline,unperturbed,50.0,<=35,0.2285321042916667,0.2864171811307857,0.11570768279166668
T6_plain,US06,1,baseline,unperturbed,50.0,>65,0.49446562674650696,0.5930187650788264,0.06296759560878241
T6_plain,US06,1,current_bias,I_bias_+10_mA,-10.0,35-65,4.070945337302285,4.118214241499306,-4.070945337302285
T6_plain,US06,1,current_bias,I_bias_+10_mA,-10.0,<=35,2.6184237146508376,2.6551663884585452,-2.6184237146508376
T6_plain,US06,1,current_bias,I_bias_+10_mA,-10.0,>65,1.8601826636919363,2.0364059118824738,-1.8601603361224672
T6_plain,US06,1,current_bias,I_bias_+10_mA,0.0,35-65,2.324876391519671,2.384192782619846,-2.324876391519671
T6_plain,US06,1,current_bias,I_bias_+10_mA,0.0,<=35,1.2697993834328007,1.3993125554600327,-1.2697993834328007
T6_plain,US06,1,current_bias,I_bias_+10_mA,0.0,>65,1.0361904026841289,1.1224210609355756,-1.0304353642624113
T6_plain,US06,1,current_bias,I_bias_+10_mA,10.0,35-65,2.074157188275088,2.170344957604016,-2.074157188275088
T6_plain,US06,1,current_bias,I_bias_+10_mA,10.0,<=35,1.1515568530819966,1.357917743455824,-1.0467226260609857
T6_plain,US06,1,current_bias,I_bias_+10_mA,10.0,>65,0.8875652403673886,0.9657315855526379,-0.8772712748918047
T6_plain,US06,1,current_bias,I_bias_+10_mA,20.0,35-65,1.5920984882980007,1.694506024530484,-1.5920984882980007
T6_plain,US06,1,current_bias,I_bias_+10_mA,20.0,<=35,0.8755751774798565,1.00389939130155,-0.8721331480754377
T6_plain,US06,1,current_bias,I_bias_+10_mA,20.0,>65,0.7562413957939271,0.8372538508967764,-0.7471797893494718
T6_plain,US06,1,current_bias,I_bias_+10_mA,25.0,35-65,1.3550441731990581,1.4772201712792161,-1.3548023922371042
T6_plain,US06,1,current_bias,I_bias_+10_mA,25.0,<=35,0.7425223539021173,0.8503217089117567,-0.6256021956689312
T6_plain,US06,1,current_bias,I_bias_+10_mA,25.0,>65,0.5258776407942707,0.6440297660147235,-0.5131761671221634
T6_plain,US06,1,current_bias,I_bias_+10_mA,30.0,35-65,1.2659633652178226,1.3910425795143377,-1.2656882183490548
T6_plain,US06,1,current_bias,I_bias_+10_mA,30.0,<=35,0.5871388080922578,0.6847025726738456,-0.5636863043427145
T6_plain,US06,1,current_bias,I_bias_+10_mA,30.0,>65,0.5859230631894599,0.7229027807803184,-0.5763794274341183
T6_plain,US06,1,current_bias,I_bias_+10_mA,40.0,35-65,1.0470185461607031,1.2042244282386492,-1.0414503049597266
T6_plain,US06,1,current_bias,I_bias_+10_mA,40.0,<=35,0.37332697941740894,0.47174045157677064,-0.3599137321816474
T6_plain,US06,1,current_bias,I_bias_+10_mA,40.0,>65,0.4668377498297057,0.6343993934515361,-0.3742837642577614
T6_plain,US06,1,current_bias,I_bias_+10_mA,50.0,35-65,0.9285149517946455,1.093068391598504,-0.9216750051140098
T6_plain,US06,1,current_bias,I_bias_+10_mA,50.0,<=35,0.3532861492698161,0.42761869339804626,-0.2739353829953171
T6_plain,US06,1,current_bias,I_bias_+10_mA,50.0,>65,0.47320710934343474,0.6329058054874837,-0.34439771215859294
T6_plain,US06,1,current_bias,I_bias_+20_mA,-10.0,35-65,4.980091106478156,5.0374305905120815,-4.980091106478156
T6_plain,US06,1,current_bias,I_bias_+20_mA,-10.0,<=35,3.0069896556742237,3.0446716537022467,-3.0069896556742237
T6_plain,US06,1,current_bias,I_bias_+20_mA,-10.0,>65,2.3718712616581894,2.6007989563086897,-2.3718712616581894
T6_plain,US06,1,current_bias,I_bias_+20_mA,0.0,35-65,3.35345228559035,3.4068551479926574,-3.35345228559035
T6_plain,US06,1,current_bias,I_bias_+20_mA,0.0,<=35,1.6580678045146533,1.8370419736720336,-1.6580678045146533
T6_plain,US06,1,current_bias,I_bias_+20_mA,0.0,>65,1.4669405586880917,1.57944198437296,-1.4634787142233832
T6_plain,US06,1,current_bias,I_bias_+20_mA,10.0,35-65,3.175668300474468,3.2603415422345523,-3.175668300474468
T6_plain,US06,1,current_bias,I_bias_+20_mA,10.0,<=35,1.5709881395746763,1.8583049413400712,-1.486856353420234
T6_plain,US06,1,current_bias,I_bias_+20_mA,10.0,>65,1.2976971370906472,1.3926039888888226,-1.288925953576142
T6_plain,US06,1,current_bias,I_bias_+20_mA,20.0,35-65,2.717288935743261,2.8037827766230325,-2.717288935743261
T6_plain,US06,1,current_bias,I_bias_+20_mA,20.0,<=35,1.3144842994736121,1.4954324890330066,-1.3144842994736121
T6_plain,US06,1,current_bias,I_bias_+20_mA,20.0,>65,1.1670047039400593,1.240547276994343,-1.158711446186476
T6_plain,US06,1,current_bias,I_bias_+20_mA,25.0,35-65,2.5377254200187958,2.6399157782787523,-2.5377254200187958
T6_plain,US06,1,current_bias,I_bias_+20_mA,25.0,<=35,1.1476777023799107,1.3351954563648898,-1.0694399538321848
T6_plain,US06,1,current_bias,I_bias_+20_mA,25.0,>65,0.9404797625518454,1.0224311845087812,-0.9303171205267811
T6_plain,US06,1,current_bias,I_bias_+20_mA,30.0,35-65,2.4356228932143296,2.5438963642851578,-2.4356228932143296
T6_plain,US06,1,current_bias,I_bias_+20_mA,30.0,<=35,0.9930768126567104,1.1382251821628366,-0.9801944767094349
T6_plain,US06,1,current_bias,I_bias_+20_mA,30.0,>65,0.9956810842202498,1.0883818352979255,-0.9870810188271615
T6_plain,US06,1,current_bias,I_bias_+20_mA,40.0,35-65,2.273026900246722,2.420266026923691,-2.273026900246722
T6_plain,US06,1,current_bias,I_bias_+20_mA,40.0,<=35,0.7491086398315581,0.8775871442145879,-0.7444516061883759
T6_plain,US06,1,current_bias,I_bias_+20_mA,40.0,>65,0.7942516416242436,0.933242659199804,-0.7865615928297537
T6_plain,US06,1,current_bias,I_bias_+20_mA,50.0,35-65,2.1963698275966497,2.371612463474071,-2.1963698275966497
T6_plain,US06,1,current_bias,I_bias_+20_mA,50.0,<=35,0.6942949891521657,0.8041590873443181,-0.6567332903347262
T6_plain,US06,1,current_bias,I_bias_+20_mA,50.0,>65,0.7669177845364203,0.9214255851141591,-0.7601878502890094
T6_plain,US06,1,current_bias,I_bias_-10_mA,-10.0,35-65,2.2090435926656475,2.2616359875076717,-2.2090435926656475
T6_plain,US06,1,current_bias,I_bias_-10_mA,-10.0,<=35,1.8087351391921154,1.8449735300674464,-1.8087351391921154
T6_plain,US06,1,current_bias,I_bias_-10_mA,-10.0,>65,0.8663055736408213,0.9594092918779251,-0.8656211258318476
T6_plain,US06,1,current_bias,I_bias_-10_mA,0.0,35-65,0.3953818609523406,0.4768229034773197,-0.2542847226978713
T6_plain,US06,1,current_bias,I_bias_-10_mA,0.0,<=35,0.4535099311695438,0.49909163172875737,-0.45272967245454243
T6_plain,US06,1,current_bias,I_bias_-10_mA,0.0,>65,0.27999383231214925,0.4099614545975596,-0.18611194462873654
T6_plain,US06,1,current_bias,I_bias_-10_mA,10.0,35-65,0.4016735964485865,0.45819293942652456,0.13202273402824033
T6_plain,US06,1,current_bias,I_bias_-10_mA,10.0,<=35,0.3180837387095414,0.3883955308730514,-0.11706108478506526
T6_plain,US06,1,current_bias,I_bias_-10_mA,10.0,>65,0.2832367736687575,0.37416819669835844,-0.0744719103437592
T6_plain,US06,1,current_bias,I_bias_-10_mA,20.0,35-65,0.6915717218631378,0.7764708424684938,0.6742522802014372
T6_plain,US06,1,current_bias,I_bias_-10_mA,20.0,<=35,0.14621739229608843,0.1878784498518453,0.051448904699372106
T6_plain,US06,1,current_bias,I_bias_-10_mA,20.0,>65,0.3830486085413263,0.4595038830541334,0.05340308003253229
T6_plain,US06,1,current_bias,I_bias_-10_mA,25.0,35-65,1.0323521821988606,1.089745430282226,1.0323292398794583
T6_plain,US06,1,current_bias,I_bias_-10_mA,25.0,<=35,0.31050291291477533,0.36322250269763395,0.3028850274611809
T6_plain,US06,1,current_bias,I_bias_-10_mA,25.0,>65,0.5030507871695876,0.5937222878948268,0.29754887637489913
T6_plain,US06,1,current_bias,I_bias_-10_mA,30.0,35-65,1.1022837612174443,1.1559118599570621,1.1022837612174443
T6_plain,US06,1,current_bias,I_bias_-10_mA,30.0,<=35,0.3066694239667164,0.3559101764947883,0.302147187863305
T6_plain,US06,1,current_bias,I_bias_-10_mA,30.0,>65,0.5105700713090568,0.5960879927881549,0.22112279468057316
T6_plain,US06,1,current_bias,I_bias_-10_mA,40.0,35-65,1.4615547208711546,1.5110706975739219,1.4615547208711546
T6_plain,US06,1,current_bias,I_bias_-10_mA,40.0,<=35,0.4345138540452189,0.5129013659222438,0.4335296037289323
T6_plain,US06,1,current_bias,I_bias_-10_mA,40.0,>65,0.6692892879472141,0.7863073514945139,0.42558565883369787
T6_plain,US06,1,current_bias,I_bias_-10_mA,50.0,35-65,1.680582012034982,1.7237814427447802,1.680582012034982
T6_plain,US06,1,current_bias,I_bias_-10_mA,50.0,<=35,0.517070566099092,0.6029470839825228,0.5125040068487975
T6_plain,US06,1,current_bias,I_bias_-10_mA,50.0,>65,0.704604849097959,0.8238021907037366,0.46252683748479606
T6_plain,US06,1,current_bias,I_bias_-20_mA,-10.0,35-65,1.2602248571975074,1.3549947466596897,-1.259753969690019
T6_plain,US06,1,current_bias,I_bias_-20_mA,-10.0,<=35,1.386006808254861,1.4238755142892963,-1.386006808254861
T6_plain,US06,1,current_bias,I_bias_-20_mA,-10.0,>65,0.39632722628350775,0.489283696230533,-0.3822860739581299
T6_plain,US06,1,current_bias,I_bias_-20_mA,0.0,35-65,0.7846383324402609,0.863781125212057,0.7834096681152571
T6_plain,US06,1,current_bias,I_bias_-20_mA,0.0,<=35,0.17317426795538005,0.21106187426491324,-0.022513115200948966
T6_plain,US06,1,current_bias,I_bias_-20_mA,0.0,>65,0.4464461259717406,0.515132408093943,0.22571932517003812
T6_plain,US06,1,current_bias,I_bias_-20_mA,10.0,35-65,1.231212344177092,1.2849807780550186,1.231212344177092
T6_plain,US06,1,current_bias,I_bias_-20_mA,10.0,<=35,0.37695616272393173,0.4421879073835499,0.3738331881450805
T6_plain,US06,1,current_bias,I_bias_-20_mA,10.0,>65,0.47322162249603605,0.5596256214480896,0.3172256474728351
T6_plain,US06,1,current_bias,I_bias_-20_mA,20.0,35-65,1.8081965445194481,1.8403867074302471,1.8081965445194481
T6_plain,US06,1,current_bias,I_bias_-20_mA,20.0,<=35,0.5554029475153123,0.6284639206110373,0.5351189588144792
T6_plain,US06,1,current_bias,I_bias_-20_mA,20.0,>65,0.5918041566735537,0.717919027934997,0.44326198574287207
T6_plain,US06,1,current_bias,I_bias_-20_mA,25.0,35-65,2.227046298384593,2.249687361801141,2.227046298384593
T6_plain,US06,1,current_bias,I_bias_-20_mA,25.0,<=35,0.790454364429734,0.8444444272593724,0.790454364429734
T6_plain,US06,1,current_bias,I_bias_-20_mA,25.0,>65,0.7638954863768722,0.9360434853198593,0.6921739282615337
T6_plain,US06,1,current_bias,I_bias_-20_mA,30.0,35-65,2.2911814762606353,2.318688232354762,2.2911814762606353
T6_plain,US06,1,current_bias,I_bias_-20_mA,30.0,<=35,0.7533713308686857,0.8316727730650925,0.7533713308686857
T6_plain,US06,1,current_bias,I_bias_-20_mA,30.0,>65,0.7377435306966271,0.8977659319235634,0.6091146435864224
T6_plain,US06,1,current_bias,I_bias_-20_mA,40.0,35-65,2.722595993861897,2.7672752596279278,2.722595993861897
T6_plain,US06,1,current_bias,I_bias_-20_mA,40.0,<=35,0.8438602560925509,0.950824715692937,0.8438546555185129
T6_plain,US06,1,current_bias,I_bias_-20_mA,40.0,>65,0.9255420048734234,1.1217731515009595,0.814489019341325
T6_plain,US06,1,current_bias,I_bias_-20_mA,50.0,35-65,2.9931304558111163,3.056704983081706,2.9931304558111163
T6_plain,US06,1,current_bias,I_bias_-20_mA,50.0,<=35,0.9173482898320189,1.02456584247551,0.917126196549401
T6_plain,US06,1,current_bias,I_bias_-20_mA,50.0,>65,0.9722972381155902,1.1666972374336968,0.8548219667696833
T6_plain,US06,1,voltage_bias,V_bias_+10_mV,-10.0,35-65,0.7251702194241404,0.8709180418889791,0.602817839292527
T6_plain,US06,1,voltage_bias,V_bias_+10_mV,-10.0,<=35,0.5323694827621585,0.5937356770044027,-0.5322320489407174
T6_plain,US06,1,voltage_bias,V_bias_+10_mV,-10.0,>65,0.5932556054382262,0.7278533557210335,0.5305485270106645
T6_plain,US06,1,voltage_bias,V_bias_+10_mV,0.0,35-65,3.987169609739845,4.01482129816939,3.987169609739845
T6_plain,US06,1,voltage_bias,V_bias_+10_mV,0.0,<=35,1.4329906201528158,1.6829314267438367,1.405238815750417
T6_plain,US06,1,voltage_bias,V_bias_+10_mV,0.0,>65,1.4868975090218983,1.7591405776934381,1.4842385468392265
T6_plain,US06,1,voltage_bias,V_bias_+10_mV,10.0,35-65,5.455070687184565,5.502961737883402,5.455070687184565
T6_plain,US06,1,voltage_bias,V_bias_+10_mV,10.0,<=35,2.495714470729668,2.8043780646050895,2.495714470729668
T6_plain,US06,1,voltage_bias,V_bias_+10_mV,10.0,>65,1.8253527743326192,2.0922600022739783,1.8241739531793884
T6_plain,US06,1,voltage_bias,V_bias_+10_mV,20.0,35-65,6.62416080067132,6.691616998458146,6.62416080067132
T6_plain,US06,1,voltage_bias,V_bias_+10_mV,20.0,<=35,2.877523713175843,3.2834436926683983,2.875732706792373
T6_plain,US06,1,voltage_bias,V_bias_+10_mV,20.0,>65,2.1027813737695915,2.401340795235305,2.101586914126064
T6_plain,US06,1,voltage_bias,V_bias_+10_mV,25.0,35-65,7.304095183339083,7.393244738550517,7.304095183339083
T6_plain,US06,1,voltage_bias,V_bias_+10_mV,25.0,<=35,3.196700479459512,3.5907698050820622,3.196700479459512
T6_plain,US06,1,voltage_bias,V_bias_+10_mV,25.0,>65,2.383899754575249,2.6888658375055683,2.3828367633335854
T6_plain,US06,1,voltage_bias,V_bias_+10_mV,30.0,35-65,7.562159721943357,7.6649791362345985,7.562159721943357
T6_plain,US06,1,voltage_bias,V_bias_+10_mV,30.0,<=35,3.0307788711626027,3.3988282156351364,3.0307788711626027
T6_plain,US06,1,voltage_bias,V_bias_+10_mV,30.0,>65,2.3286708938544605,2.6457811033701755,2.3273474320486294
T6_plain,US06,1,voltage_bias,V_bias_+10_mV,40.0,35-65,8.364603830836232,8.517130578283748,8.364603830836232
T6_plain,US06,1,voltage_bias,V_bias_+10_mV,40.0,<=35,2.93301416087175,3.3063847688003793,2.93301416087175
T6_plain,US06,1,voltage_bias,V_bias_+10_mV,40.0,>65,2.553332263901938,2.9006152792555224,2.551329403878701
T6_plain,US06,1,voltage_bias,V_bias_+10_mV,50.0,35-65,8.80282222656398,9.018303543995426,8.80282222656398
T6_plain,US06,1,voltage_bias,V_bias_+10_mV,50.0,<=35,2.9711418742821265,3.3155736706886336,2.9711418742821265
T6_plain,US06,1,voltage_bias,V_bias_+10_mV,50.0,>65,2.6029294597201775,2.9599944266253377,2.5993414150976064
T6_plain,US06,1,voltage_bias,V_bias_+1_mV,-10.0,35-65,2.7793705791337313,2.824612709195149,-2.7793705791337313
T6_plain,US06,1,voltage_bias,V_bias_+1_mV,-10.0,<=35,2.059378006740625,2.095491208430172,-2.059378006740625
T6_plain,US06,1,voltage_bias,V_bias_+1_mV,-10.0,>65,1.1633056645966873,1.2761152452756686,-1.1630663676828834
T6_plain,US06,1,voltage_bias,V_bias_+1_mV,0.0,35-65,0.7639708530724723,0.8753708438358396,-0.7624167819608189
T6_plain,US06,1,voltage_bias,V_bias_+1_mV,0.0,<=35,0.6591667925113931,0.7189187338321041,-0.6589885169151812
T6_plain,US06,1,voltage_bias,V_bias_+1_mV,0.0,>65,0.40438185681767796,0.5205496882129726,-0.38847928621492617
T6_plain,US06,1,voltage_bias,V_bias_+1_mV,10.0,35-65,0.46708093047045557,0.5735123049476576,-0.31808346608909094
T6_plain,US06,1,voltage_bias,V_bias_+1_mV,10.0,<=35,0.48543438679744666,0.5589316171437628,-0.31022902762488347
T6_plain,US06,1,voltage_bias,V_bias_+1_mV,10.0,>65,0.2998384069422815,0.41684207505323895,-0.23342076916956916
T6_plain,US06,1,voltage_bias,V_bias_+1_mV,20.0,35-65,0.4197402298439816,0.4885215042236998,0.258920464469583
T6_plain,US06,1,voltage_bias,V_bias_+1_mV,20.0,<=35,0.18455961318997316,0.2273427058655178,-0.11801392288215196
T6_plain,US06,1,voltage_bias,V_bias_+1_mV,20.0,>65,0.3371811360454651,0.43316564440973904,-0.08733314931446404
T6_plain,US06,1,voltage_bias,V_bias_+1_mV,25.0,35-65,0.6124498275122405,0.710452953750659,0.5982709375582619
T6_plain,US06,1,voltage_bias,V_bias_+1_mV,25.0,<=35,0.2070827995412877,0.2742352280662829,0.13374476848962702
T6_plain,US06,1,voltage_bias,V_bias_+1_mV,25.0,>65,0.4266090950202053,0.5025647999131941,0.1564823070404532
T6_plain,US06,1,voltage_bias,V_bias_+1_mV,30.0,35-65,0.6941637473255685,0.7830843764573222,0.6892479392590649
T6_plain,US06,1,voltage_bias,V_bias_+1_mV,30.0,<=35,0.18173043258194044,0.22849678217150457,0.1518578766108459
T6_plain,US06,1,voltage_bias,V_bias_+1_mV,30.0,>65,0.4501438732717189,0.5296573558415136,0.08854924516062665
T6_plain,US06,1,voltage_bias,V_bias_+1_mV,40.0,35-65,1.0309753078961674,1.0992859181933627,1.030655210000364
T6_plain,US06,1,voltage_bias,V_bias_+1_mV,40.0,<=35,0.3064950106992916,0.37993489311471995,0.29843408890480966
T6_plain,US06,1,voltage_bias,V_bias_+1_mV,40.0,>65,0.5965896326724554,0.6935186495238159,0.2945595248793155
T6_plain,US06,1,voltage_bias,V_bias_+1_mV,50.0,35-65,1.2315187123503837,1.2780923280621048,1.2315187123503837
T6_plain,US06,1,voltage_bias,V_bias_+1_mV,50.0,<=35,0.39471967746656117,0.4739660020521545,0.37813783161137526
T6_plain,US06,1,voltage_bias,V_bias_+1_mV,50.0,>65,0.6274841379156115,0.7269692740820533,0.32989993088235153
T6_plain,US06,1,voltage_bias,V_bias_+2_mV,-10.0,35-65,2.410070297799899,2.4592202672542314,-2.410070297799899
T6_plain,US06,1,voltage_bias,V_bias_+2_mV,-10.0,<=35,1.8976788791282075,1.9339037744675065,-1.8976788791282075
T6_plain,US06,1,voltage_bias,V_bias_+2_mV,-10.0,>65,0.9698749003017788,1.0691060129570664,-0.9693903318692726
T6_plain,US06,1,voltage_bias,V_bias_+2_mV,0.0,35-65,0.38922640134360365,0.4651625152879929,-0.23314111471672574
T6_plain,US06,1,voltage_bias,V_bias_+2_mV,0.0,<=35,0.44678972560976243,0.49123484677999524,-0.4459809625915701
T6_plain,US06,1,voltage_bias,V_bias_+2_mV,0.0,>65,0.27809874677683805,0.4042520249469169,-0.17393160473570846
T6_plain,US06,1,voltage_bias,V_bias_+2_mV,10.0,35-65,0.4687492024581432,0.5393845784743354,0.3338277673910691
T6_plain,US06,1,voltage_bias,V_bias_+2_mV,10.0,<=35,0.24625591696109864,0.3320017033621401,-0.02416194220415057
T6_plain,US06,1,voltage_bias,V_bias_+2_mV,10.0,>65,0.30298964263396655,0.3788461549350403,0.0034928876733122077
T6_plain,US06,1,voltage_bias,V_bias_+2_mV,20.0,35-65,0.97948047560802,1.0455089474251549,0.9785928464041944
T6_plain,US06,1,voltage_bias,V_bias_+2_mV,20.0,<=35,0.2272793494317259,0.2729874115074793,0.18674325633528177
T6_plain,US06,1,voltage_bias,V_bias_+2_mV,20.0,>65,0.4342661751091957,0.5101762187548738,0.16581539027231498
T6_plain,US06,1,voltage_bias,V_bias_+2_mV,25.0,35-65,1.360165214102314,1.4001218205227437,1.360165214102314
T6_plain,US06,1,voltage_bias,V_bias_+2_mV,25.0,<=35,0.442891872537978,0.4841487611360734,0.4420506345738219
T6_plain,US06,1,voltage_bias,V_bias_+2_mV,25.0,>65,0.5712303667383417,0.6839530541423458,0.4140919250095088
T6_plain,US06,1,voltage_bias,V_bias_+2_mV,30.0,35-65,1.464617995685011,1.5035897578497377,1.464617995685011
T6_plain,US06,1,voltage_bias,V_bias_+2_mV,30.0,<=35,0.44605072108509136,0.49913348427464654,0.44511794234892327
T6_plain,US06,1,voltage_bias,V_bias_+2_mV,30.0,>65,0.57570185935016,0.6803569147920618,0.3478638361255978
T6_plain,US06,1,voltage_bias,V_bias_+2_mV,40.0,35-65,1.8586817792348915,1.9028762241788975,1.8586817792348915
T6_plain,US06,1,voltage_bias,V_bias_+2_mV,40.0,<=35,0.568034278639823,0.6511478932310837,0.567891867485168
T6_plain,US06,1,voltage_bias,V_bias_+2_mV,40.0,>65,0.748324893327401,0.8906491398818185,0.5563701204518336
T6_plain,US06,1,voltage_bias,V_bias_+2_mV,50.0,35-65,2.0932046116561374,2.1408209967530385,2.0932046116561374
T6_plain,US06,1,voltage_bias,V_bias_+2_mV,50.0,<=35,0.6447503326554873,0.7347138031803149,0.6435592605618787
T6_plain,US06,1,voltage_bias,V_bias_+2_mV,50.0,>65,0.7872425406332659,0.9304196165898274,0.5935805407586378
T6_plain,US06,1,voltage_bias,V_bias_+5_mV,-10.0,35-65,1.2917618987292394,1.3841492615724453,-1.2913476713000638
T6_plain,US06,1,voltage_bias,V_bias_+5_mV,-10.0,<=35,1.4011763984156929,1.4392039489430528,-1.4011763984156929
T6_plain,US06,1,voltage_bias,V_bias_+5_mV,-10.0,>65,0.40945374400871515,0.5008325717909499,-0.3967430613391113
T6_plain,US06,1,voltage_bias,V_bias_+5_mV,0.0,35-65,1.355328199995755,1.4012427888269108,1.355328199995755
T6_plain,US06,1,voltage_bias,V_bias_+5_mV,0.0,<=35,0.31275905370054874,0.3734282959058472,0.216508756126275
T6_plain,US06,1,voltage_bias,V_bias_+5_mV,0.0,>65,0.5907356460783746,0.7047698727172828,0.45974015640440996
T6_plain,US06,1,voltage_bias,V_bias_+5_mV,10.0,35-65,2.279660802491034,2.307764150107248,2.279660802491034
T6_plain,US06,1,voltage_bias,V_bias_+5_mV,10.0,<=35,0.8713077047322697,0.9479076255327649,0.8711288735780118
T6_plain,US06,1,voltage_bias,V_bias_+5_mV,10.0,>65,0.7428417632804099,0.9120330278806759,0.7014055959992215
T6_plain,US06,1,voltage_bias,V_bias_+5_mV,20.0,35-65,3.1298394010220716,3.1549868949278124,3.1298394010220716
T6_plain,US06,1,voltage_bias,V_bias_+5_mV,20.0,<=35,1.1491960751915302,1.2962107218660042,1.138471706919852
T6_plain,US06,1,voltage_bias,V_bias_+5_mV,20.0,>65,0.937433193953188,1.1566657286679616,0.9094858911470257
T6_plain,US06,1,voltage_bias,V_bias_+5_mV,25.0,35-65,3.6357026338096956,3.661664559013608,3.6357026338096956
T6_plain,US06,1,voltage_bias,V_bias_+5_mV,25.0,<=35,1.4083177074703421,1.5280489089949314,1.4083177074703421
T6_plain,US06,1,voltage_bias,V_bias_+5_mV,25.0,>65,1.179868092953775,1.4114297873651733,1.1705444243431493
T6_plain,US06,1,voltage_bias,V_bias_+5_mV,30.0,35-65,3.7881197009888665,3.8228472418526467,3.7881197009888665
T6_plain,US06,1,voltage_bias,V_bias_+5_mV,30.0,<=35,1.3580701619197633,1.4981648876505282,1.3580701619197633
T6_plain,US06,1,voltage_bias,V_bias_+5_mV,30.0,>65,1.1306045430992326,1.376790805571081,1.108778009936292
T6_plain,US06,1,voltage_bias,V_bias_+5_mV,40.0,35-65,4.3462064211854585,4.411749511009388,4.3462064211854585
T6_plain,US06,1,voltage_bias,V_bias_+5_mV,40.0,<=35,1.4016640303093224,1.5621987797594556,1.4016640303093224
T6_plain,US06,1,voltage_bias,V_bias_+5_mV,40.0,>65,1.346110008281291,1.6200384918872879,1.3240713353700448
T6_plain,US06,1,voltage_bias,V_bias_+5_mV,50.0,35-65,4.677570429316637,4.78071752378315,4.677570429316637
T6_plain,US06,1,voltage_bias,V_bias_+5_mV,50.0,<=35,1.4613168076188021,1.6107955118643245,1.4613168076188021
T6_plain,US06,1,voltage_bias,V_bias_+5_mV,50.0,>65,1.39701138340328,1.6694862223089058,1.3663870110242833
T6_plain,US06,1,voltage_bias,V_bias_-10_mV,-10.0,35-65,6.688263096419878,6.776563106881409,-6.688263096419878
T6_plain,US06,1,voltage_bias,V_bias_-10_mV,-10.0,<=35,3.7285595443198423,3.768058373551386,-3.7285595443198423
T6_plain,US06,1,voltage_bias,V_bias_-10_mV,-10.0,>65,3.390885969377626,3.7273911952667467,-3.390885969377626
T6_plain,US06,1,voltage_bias,V_bias_-10_mV,0.0,35-65,6.48658607298758,6.542817305049032,-6.48658607298758
T6_plain,US06,1,voltage_bias,V_bias_-10_mV,0.0,<=35,2.7738202181540372,3.1040866621560035,-2.7738202181540372
T6_plain,US06,1,voltage_bias,V_bias_-10_mV,0.0,>65,2.871421097669984,3.1049943916718945,-2.8697450529653272
T6_plain,US06,1,voltage_bias,V_bias_-10_mV,10.0,35-65,7.422787834662059,7.498012091486241,-7.422787834662059
T6_plain,US06,1,voltage_bias,V_bias_-10_mV,10.0,<=35,3.169579838011183,3.6978681722942612,-3.093853665216465
T6_plain,US06,1,voltage_bias,V_bias_-10_mV,10.0,>65,3.0032391861375767,3.236028693796134,-2.99746956518556
T6_plain,US06,1,voltage_bias,V_bias_-10_mV,20.0,35-65,7.462993186119787,7.551229062010732,-7.462993186119787
T6_plain,US06,1,voltage_bias,V_bias_-10_mV,20.0,<=35,3.15406495050762,3.5371685586922226,-3.15406495050762
T6_plain,US06,1,voltage_bias,V_bias_-10_mV,20.0,>65,3.0816886482934964,3.2759386224170077,-3.0752821134655677
T6_plain,US06,1,voltage_bias,V_bias_-10_mV,25.0,35-65,7.5191032593187055,7.628807278189833,-7.5191032593187055
T6_plain,US06,1,voltage_bias,V_bias_-10_mV,25.0,<=35,2.9547714416070834,3.391775166804065,-2.9231892643326
T6_plain,US06,1,voltage_bias,V_bias_-10_mV,25.0,>65,2.905025360525774,3.090879643702864,-2.897292070133341
T6_plain,US06,1,voltage_bias,V_bias_-10_mV,30.0,35-65,7.490885863821836,7.631191040381562,-7.490885863821836
T6_plain,US06,1,voltage_bias,V_bias_-10_mV,30.0,<=35,2.7968256126772237,3.1311405264677323,-2.794235611263528
T6_plain,US06,1,voltage_bias,V_bias_-10_mV,30.0,>65,3.0088319716199066,3.1897564707674744,-3.0019879682199377
T6_plain,US06,1,voltage_bias,V_bias_-10_mV,40.0,35-65,7.526696371603732,7.767094119126977,-7.526696371603732
T6_plain,US06,1,voltage_bias,V_bias_-10_mV,40.0,<=35,2.4563020810219465,2.763927094396531,-2.455440185018113
T6_plain,US06,1,voltage_bias,V_bias_-10_mV,40.0,>65,2.84573336580801,3.0252351428696267,-2.839644236199381
T6_plain,US06,1,voltage_bias,V_bias_-10_mV,50.0,35-65,7.51373093521757,7.846702508540577,-7.51373093521757
T6_plain,US06,1,voltage_bias,V_bias_-10_mV,50.0,<=35,2.373193595885434,2.6560142604430736,-2.3586210663233547
T6_plain,US06,1,voltage_bias,V_bias_-10_mV,50.0,>65,2.8284094274774305,3.0137147788519476,-2.8239328749643904
T6_plain,US06,1,voltage_bias,V_bias_-1_mV,-10.0,35-65,3.5119256144482045,3.5560430865073465,-3.5119256144482045
T6_plain,US06,1,voltage_bias,V_bias_-1_mV,-10.0,<=35,2.3773818396673656,2.413657832925675,-2.3773818396673656
T6_plain,US06,1,voltage_bias,V_bias_-1_mV,-10.0,>65,1.5547697393917876,1.7011375953069547,-1.554696745115196
T6_plain,US06,1,voltage_bias,V_bias_-1_mV,0.0,35-65,1.8189436406850579,1.8850531386851668,-1.8189436406850579
T6_plain,US06,1,voltage_bias,V_bias_-1_mV,0.0,<=35,1.0738545070183199,1.1797769605076238,-1.0738545070183199
T6_plain,US06,1,voltage_bias,V_bias_-1_mV,0.0,>65,0.8305236007825666,0.911066159841214,-0.8227542419636633
T6_plain,US06,1,voltage_bias,V_bias_-1_mV,10.0,35-65,1.623465785170379,1.7297011482322582,-1.623465785170379
T6_plain,US06,1,voltage_bias,V_bias_-1_mV,10.0,<=35,0.9821003339467166,1.1523395201724786,-0.8646634177759889
T6_plain,US06,1,voltage_bias,V_bias_-1_mV,10.0,>65,0.7250820832316459,0.8038653977852533,-0.7139446955471125
T6_plain,US06,1,voltage_bias,V_bias_-1_mV,20.0,35-65,1.1788019399275158,1.2964753065965315,-1.1785425577955928
T6_plain,US06,1,voltage_bias,V_bias_-1_mV,20.0,<=35,0.7209792931900416,0.8252559404648439,-0.7110891136210858
T6_plain,US06,1,voltage_bias,V_bias_-1_mV,20.0,>65,0.6118412667749261,0.7079141664133105,-0.6021036721477172
T6_plain,US06,1,voltage_bias,V_bias_-1_mV,25.0,35-65,0.9309036386520341,1.0687941400595518,-0.9230694047016933
T6_plain,US06,1,voltage_bias,V_bias_-1_mV,25.0,<=35,0.6018332608738564,0.6792726294987399,-0.4652987469741452
T6_plain,US06,1,voltage_bias,V_bias_-1_mV,25.0,>65,0.4015455116353116,0.5394730311717129,-0.3676672367593484
T6_plain,US06,1,voltage_bias,V_bias_-1_mV,30.0,35-65,0.8641416663593428,1.004257189778527,-0.8561418645451805
T6_plain,US06,1,voltage_bias,V_bias_-1_mV,30.0,<=35,0.4550814749562923,0.5309516737562427,-0.42026114886096455
T6_plain,US06,1,voltage_bias,V_bias_-1_mV,30.0,>65,0.4647171297234641,0.6240338143643589,-0.4394868426624595
T6_plain,US06,1,voltage_bias,V_bias_-1_mV,40.0,35-65,0.6851454493899836,0.8157590461752218,-0.6157648518573837
T6_plain,US06,1,voltage_bias,V_bias_-1_mV,40.0,<=35,0.26897033849194085,0.3463823962186165,-0.22991806000444218
T6_plain,US06,1,voltage_bias,V_bias_-1_mV,40.0,>65,0.43862126805639623,0.57882481999103,-0.2388684760297698
T6_plain,US06,1,voltage_bias,V_bias_-1_mV,50.0,35-65,0.5665140919113366,0.6878425421165686,-0.47939726425333434
T6_plain,US06,1,voltage_bias,V_bias_-1_mV,50.0,<=35,0.2661345846842075,0.32620931176806,-0.14388460561527283
T6_plain,US06,1,voltage_bias,V_bias_-1_mV,50.0,>65,0.4428402288667782,0.5841379521090342,-0.2073632693102808
T6_plain,US06,1,voltage_bias,V_bias_-2_mV,-10.0,35-65,3.8749647973458208,3.920787756794957,-3.8749647973458208
T6_plain,US06,1,voltage_bias,V_bias_-2_mV,-10.0,<=35,2.5337864102997676,2.570275232603744,-2.5337864102997676
T6_plain,US06,1,voltage_bias,V_bias_-2_mV,-10.0,>65,1.7527130117596188,1.917830682327305,-1.75268386808439
T6_plain,US06,1,voltage_bias,V_bias_-2_mV,0.0,35-65,2.345624914231478,2.404817389363163,-2.345624914231478
T6_plain,US06,1,voltage_bias,V_bias_-2_mV,0.0,<=35,1.2759038842293584,1.4070415636502263,-1.2759038842293584
T6_plain,US06,1,voltage_bias,V_bias_-2_mV,0.0,>65,1.0479105820049592,1.1345910587305803,-1.0425530369649434
T6_plain,US06,1,voltage_bias,V_bias_-2_mV,10.0,35-65,2.275847042825908,2.36886347782572,-2.275847042825908
T6_plain,US06,1,voltage_bias,V_bias_-2_mV,10.0,<=35,1.232361275244836,1.4543474255605522,-1.133301979385921
T6_plain,US06,1,voltage_bias,V_bias_-2_mV,10.0,>65,0.9673970061043558,1.0471935985565066,-0.9576618215246543
T6_plain,US06,1,voltage_bias,V_bias_-2_mV,20.0,35-65,1.8945722806948764,1.990308331200235,-1.8945722806948764
T6_plain,US06,1,voltage_bias,V_bias_-2_mV,20.0,<=35,1.000662444898699,1.14363568470689,-1.0000091021533741
T6_plain,US06,1,voltage_bias,V_bias_-2_mV,20.0,>65,0.8725422132650165,0.9478276409160278,-0.8639187127337999
T6_plain,US06,1,voltage_bias,V_bias_-2_mV,25.0,35-65,1.680147239145721,1.7929667112372314,-1.680147239145721
T6_plain,US06,1,voltage_bias,V_bias_-2_mV,25.0,<=35,0.858038777228329,0.989476785602816,-0.7567558533374383
T6_plain,US06,1,voltage_bias,V_bias_-2_mV,25.0,>65,0.6453412585602727,0.7458473389015862,-0.63446288953326
T6_plain,US06,1,voltage_bias,V_bias_-2_mV,30.0,35-65,1.6237053911056518,1.7389808615335047,-1.6237053911056518
T6_plain,US06,1,voltage_bias,V_bias_-2_mV,30.0,<=35,0.716356501688194,0.8290942398279988,-0.6996172864596302
T6_plain,US06,1,voltage_bias,V_bias_-2_mV,30.0,>65,0.7173201345321178,0.8324302461142432,-0.708529913031926
T6_plain,US06,1,voltage_bias,V_bias_-2_mV,40.0,35-65,1.4316931625956177,1.5812495255156325,-1.431594606433713
T6_plain,US06,1,voltage_bias,V_bias_-2_mV,40.0,<=35,0.4950344973010801,0.6013161145303763,-0.48918012197107624
T6_plain,US06,1,voltage_bias,V_bias_-2_mV,40.0,>65,0.5398821946475919,0.7169502505293629,-0.5108444891676968
T6_plain,US06,1,voltage_bias,V_bias_-2_mV,50.0,35-65,1.3254149845800516,1.4898218451381273,-1.3252344974395878
T6_plain,US06,1,voltage_bias,V_bias_-2_mV,50.0,<=35,0.458345072104497,0.5410134709526818,-0.40072177129691816
T6_plain,US06,1,voltage_bias,V_bias_-2_mV,50.0,>65,0.536998306389059,0.7097240077510318,-0.48126321331494115
T6_plain,US06,1,voltage_bias,V_bias_-5_mV,-10.0,35-65,4.949903697854216,5.006756321043619,-4.949903697854216
T6_plain,US06,1,voltage_bias,V_bias_-5_mV,-10.0,<=35,2.9931612067382782,3.030596741800326,-2.9931612067382782
T6_plain,US06,1,voltage_bias,V_bias_-5_mV,-10.0,>65,2.3555297728874254,2.581398660867365,-2.3555297728874254
T6_plain,US06,1,voltage_bias,V_bias_-5_mV,0.0,35-65,3.9161009323669482,3.9686842915464475,-3.9161009323669482
T6_plain,US06,1,voltage_bias,V_bias_-5_mV,0.0,<=35,1.86153010753489,2.06914974311474,-1.86153010753489
T6_plain,US06,1,voltage_bias,V_bias_-5_mV,0.0,>65,1.7157345062671665,1.845794700752288,-1.7130192997304203
T6_plain,US06,1,voltage_bias,V_bias_-5_mV,10.0,35-65,4.225524842582619,4.305671083977049,-4.225524842582619
T6_plain,US06,1,voltage_bias,V_bias_-5_mV,10.0,<=35,1.9843387725442232,2.3352687828101346,-1.906500861797539
T6_plain,US06,1,voltage_bias,V_bias_-5_mV,10.0,>65,1.7105948393070194,1.8326103317112024,-1.7032662818084905
T6_plain,US06,1,voltage_bias,V_bias_-5_mV,20.0,35-65,4.022015743106628,4.104755630604247,-4.022015743106628
T6_plain,US06,1,voltage_bias,V_bias_-5_mV,20.0,<=35,1.8390378073704667,2.075626807442952,-1.8390378073704667
T6_plain,US06,1,voltage_bias,V_bias_-5_mV,20.0,>65,1.6757326757326325,1.7683309351929628,-1.6681414430764876
T6_plain,US06,1,voltage_bias,V_bias_-5_mV,25.0,35-65,3.9226273990363274,4.021661297772721,-3.9226273990363274
T6_plain,US06,1,voltage_bias,V_bias_-5_mV,25.0,<=35,1.6604789624158465,1.9211619794159018,-1.601941860422863
T6_plain,US06,1,voltage_bias,V_bias_-5_mV,25.0,>65,1.464296581920093,1.554631040854071,-1.4552297883958643
T6_plain,US06,1,voltage_bias,V_bias_-5_mV,30.0,35-65,3.8882656571100176,3.9990018567770997,-3.8882656571100176
T6_plain,US06,1,voltage_bias,V_bias_-5_mV,30.0,<=35,1.5182498453136806,1.7197954069704127,-1.5130438042506913
T6_plain,US06,1,voltage_bias,V_bias_-5_mV,30.0,>65,1.5456997882581955,1.6393607649700994,-1.5377160930006004
T6_plain,US06,1,voltage_bias,V_bias_-5_mV,40.0,35-65,3.819385529957573,3.9846700820687433,-3.819385529957573
T6_plain,US06,1,voltage_bias,V_bias_-5_mV,40.0,<=35,1.2508009572995222,1.4248461023675791,-1.2485361226789902
T6_plain,US06,1,voltage_bias,V_bias_-5_mV,40.0,>65,1.3573621927851915,1.4664805083841757,-1.3502012259315923
T6_plain,US06,1,voltage_bias,V_bias_-5_mV,50.0,35-65,3.7788151497968676,3.9936129902934185,-3.7788151497968676
T6_plain,US06,1,voltage_bias,V_bias_-5_mV,50.0,<=35,1.1811984559802544,1.3324867310738844,-1.155068168536633
T6_plain,US06,1,voltage_bias,V_bias_-5_mV,50.0,>65,1.3316390182127993,1.451021248160155,-1.326157582520256
T6_plain,US06,2,baseline,unperturbed,-10.0,35-65,3.1271794700813786,3.1792491754389305,-3.1271794700813786
T6_plain,US06,2,baseline,unperturbed,-10.0,<=35,2.2681008008213555,2.295539914185778,-2.2681008008213555
T6_plain,US06,2,baseline,unperturbed,-10.0,>65,1.191264679191919,1.3269750306837529,-1.1897220173737373
T6_plain,US06,2,baseline,unperturbed,0.0,35-65,1.3055023061420346,1.3773027272319018,-1.3055023061420346
T6_plain,US06,2,baseline,unperturbed,0.0,<=35,1.06040464792654,1.1195400990778548,-1.06040464792654
T6_plain,US06,2,baseline,unperturbed,0.0,>65,0.5400698935824534,0.6244924204945315,-0.530754461413485
T6_plain,US06,2,baseline,unperturbed,10.0,35-65,0.76380361875,0.9100885483071421,-0.7578833485576925
T6_plain,US06,2,baseline,unperturbed,10.0,<=35,0.662756176030466,0.7672938709601944,-0.5627457197580645
T6_plain,US06,2,baseline,unperturbed,10.0,>65,0.4384046629399584,0.5337494338102831,-0.4288279573498963
T6_plain,US06,2,baseline,unperturbed,20.0,35-65,0.5001051194100856,0.5880317703074599,-0.24242995004757387
T6_plain,US06,2,baseline,unperturbed,20.0,<=35,0.44957143804878047,0.5115813165431897,-0.4060392439911308
T6_plain,US06,2,baseline,unperturbed,20.0,>65,0.36719278651685394,0.4945786772444136,-0.3456575345104334
T6_plain,US06,2,baseline,unperturbed,25.0,35-65,0.3599039272030652,0.40606357069750815,-0.020737313218390886
T6_plain,US06,2,baseline,unperturbed,25.0,<=35,0.3017020098114825,0.34929190907250135,-0.09810994228791772
T6_plain,US06,2,baseline,unperturbed,25.0,>65,0.2988985748189863,0.39136691485334046,-0.06622961504424778
T6_plain,US06,2,baseline,unperturbed,30.0,35-65,0.4143645760769935,0.4784646552261061,-0.07660629376718621
T6_plain,US06,2,baseline,unperturbed,30.0,<=35,0.2530125190601669,0.3021992394480922,-0.17239994918752743
T6_plain,US06,2,baseline,unperturbed,30.0,>65,0.33951745589414606,0.4427120346753766,-0.13053371892542107
T6_plain,US06,2,baseline,unperturbed,40.0,35-65,0.4099498435804702,0.5014260060782363,0.3654988598553346
T6_plain,US06,2,baseline,unperturbed,40.0,<=35,0.21739431009676063,0.26916950188472877,0.055165512789230146
T6_plain,US06,2,baseline,unperturbed,40.0,>65,0.40882298164405423,0.49416268353658904,0.029139984836392553
T6_plain,US06,2,baseline,unperturbed,50.0,35-65,0.6209145115332428,0.6913672315006637,0.6150226553595658
T6_plain,US06,2,baseline,unperturbed,50.0,<=35,0.2559994487083334,0.3094062599719945,0.15284912845833337
T6_plain,US06,2,baseline,unperturbed,50.0,>65,0.43830284870259484,0.5268084760892773,0.11857639041916165
T6_plain,US06,2,current_bias,I_bias_+10_mA,-10.0,35-65,4.053838650175595,4.10494341049069,-4.053838650175595
T6_plain,US06,2,current_bias,I_bias_+10_mA,-10.0,<=35,2.661798528698054,2.6896897998558282,-2.661798528698054
T6_plain,US06,2,current_bias,I_bias_+10_mA,-10.0,>65,1.6783927591775298,1.8602892261735402,-1.6776182625162266
T6_plain,US06,2,current_bias,I_bias_+10_mA,0.0,35-65,2.338576603494472,2.390811085484363,-2.338576603494472
T6_plain,US06,2,current_bias,I_bias_+10_mA,0.0,<=35,1.43991727639332,1.547946823153233,-1.43991727639332
T6_plain,US06,2,current_bias,I_bias_+10_mA,0.0,>65,0.9617097764030538,1.0466108734625552,-0.9575896977512228
T6_plain,US06,2,current_bias,I_bias_+10_mA,10.0,35-65,1.8474537659877521,1.946418573700064,-1.8474537659877521
T6_plain,US06,2,current_bias,I_bias_+10_mA,10.0,<=35,1.1000243887373002,1.2849219064589625,-1.0259528077655913
T6_plain,US06,2,current_bias,I_bias_+10_mA,10.0,>65,0.8442003269803253,0.9188183733091346,-0.8363499022353081
T6_plain,US06,2,current_bias,I_bias_+10_mA,20.0,35-65,1.359392077227127,1.507459193905484,-1.359392077227127
T6_plain,US06,2,current_bias,I_bias_+10_mA,20.0,<=35,0.8766338864990969,1.0032860843379063,-0.863077745293004
T6_plain,US06,2,current_bias,I_bias_+10_mA,20.0,>65,0.7640974534204339,0.8349732991171805,-0.7558051363552761
T6_plain,US06,2,current_bias,I_bias_+10_mA,25.0,35-65,1.2083965279437099,1.322597711639676,-1.208362814923429
T6_plain,US06,2,current_bias,I_bias_+10_mA,25.0,<=35,0.6803751078832494,0.7745410725351406,-0.5509959409337788
T6_plain,US06,2,current_bias,I_bias_+10_mA,25.0,>65,0.49811525948897195,0.5971434039445508,-0.4868398931899558
T6_plain,US06,2,current_bias,I_bias_+10_mA,30.0,35-65,1.257674274116366,1.3967173748643256,-1.2576271804747017
T6_plain,US06,2,current_bias,I_bias_+10_mA,30.0,<=35,0.6287696074554064,0.7258734422054537,-0.5991394835910037
T6_plain,US06,2,current_bias,I_bias_+10_mA,30.0,>65,0.5564207050648609,0.6619496987776063,-0.5468364019806471
T6_plain,US06,2,current_bias,I_bias_+10_mA,40.0,35-65,0.8806093586421848,1.0090299842862656,-0.8782226524587013
T6_plain,US06,2,current_bias,I_bias_+10_mA,40.0,<=35,0.38640133605236615,0.5049779805119118,-0.3434129134672921
T6_plain,US06,2,current_bias,I_bias_+10_mA,40.0,>65,0.43253094567575184,0.5738882531723324,-0.3884031484571185
T6_plain,US06,2,current_bias,I_bias_+10_mA,50.0,35-65,0.6990507981269557,0.8349457257738874,-0.67881821455933
T6_plain,US06,2,current_bias,I_bias_+10_mA,50.0,<=35,0.34421228279373806,0.42691597669617126,-0.24576757860264156
T6_plain,US06,2,current_bias,I_bias_+10_mA,50.0,>65,0.38490505344665893,0.5256324647983999,-0.29843615417257524
T6_plain,US06,2,current_bias,I_bias_+20_mA,-10.0,35-65,4.965635015649184,5.023752019040844,-4.965635015649184
T6_plain,US06,2,current_bias,I_bias_+20_mA,-10.0,<=35,3.0444303010507388,3.072978533191082,-3.0444303010507388
T6_plain,US06,2,current_bias,I_bias_+20_mA,-10.0,>65,2.1761245042937922,2.41133532861364,-2.175392295147532
T6_plain,US06,2,current_bias,I_bias_+20_mA,0.0,35-65,3.36569491088086,3.4121770290591584,-3.36569491088086
T6_plain,US06,2,current_bias,I_bias_+20_mA,0.0,<=35,1.8039567223160167,1.9631795519812354,-1.8039567223160167
T6_plain,US06,2,current_bias,I_bias_+20_mA,0.0,>65,1.3962349762073583,1.510384383118103,-1.3927504337197747
T6_plain,US06,2,current_bias,I_bias_+20_mA,10.0,35-65,2.936856962583934,3.023247195649509,-2.936856962583934
T6_plain,US06,2,current_bias,I_bias_+20_mA,10.0,<=35,1.5372287316775612,1.7937510294525367,-1.472581826779087
T6_plain,US06,2,current_bias,I_bias_+20_mA,10.0,>65,1.258887839860367,1.3513565473496962,-1.2513432234151582
T6_plain,US06,2,current_bias,I_bias_+20_mA,20.0,35-65,2.4703480536235007,2.5880728602688037,-2.4703480536235007
T6_plain,US06,2,current_bias,I_bias_+20_mA,20.0,<=35,1.306599078371596,1.492797083772049,-1.3064503448588016
T6_plain,US06,2,current_bias,I_bias_+20_mA,20.0,>65,1.1818728666871807,1.253317260185896,-1.1739887050349693
T6_plain,US06,2,current_bias,I_bias_+20_mA,25.0,35-65,2.3839231161574115,2.4786520384915702,-2.3839231161574115
T6_plain,US06,2,current_bias,I_bias_+20_mA,25.0,<=35,1.076373635744605,1.2479491905619216,-0.9909154660543681
T6_plain,US06,2,current_bias,I_bias_+20_mA,25.0,>65,0.9264737446529362,0.9995338985348653,-0.9163924181601723
T6_plain,US06,2,current_bias,I_bias_+20_mA,30.0,35-65,2.420856473482819,2.5367630126994247,-2.420856473482819
T6_plain,US06,2,current_bias,I_bias_+20_mA,30.0,<=35,1.0335397851528476,1.176274257061847,-1.0157582162586218
T6_plain,US06,2,current_bias,I_bias_+20_mA,30.0,>65,0.9804370904023539,1.0524366192196122,-0.9721335624619448
T6_plain,US06,2,current_bias,I_bias_+20_mA,40.0,35-65,2.1043128301637175,2.222242756158766,-2.1043128301637175
T6_plain,US06,2,current_bias,I_bias_+20_mA,40.0,<=35,0.741770303616935,0.9045293505050399,-0.7335348325244176
T6_plain,US06,2,current_bias,I_bias_+20_mA,40.0,>65,0.8220468265797158,0.9155705122880722,-0.8149173585339947
T6_plain,US06,2,current_bias,I_bias_+20_mA,50.0,35-65,1.9525997421091803,2.091982278883675,-1.9525997421091803
T6_plain,US06,2,current_bias,I_bias_+20_mA,50.0,<=35,0.683578187884964,0.8045553377103246,-0.6362385356757142
T6_plain,US06,2,current_bias,I_bias_+20_mA,50.0,>65,0.7297702946731172,0.8347790010912567,-0.7240502894046137
T6_plain,US06,2,current_bias,I_bias_-10_mA,-10.0,35-65,2.187342789805086,2.2555890580406133,-2.187342789805086
T6_plain,US06,2,current_bias,I_bias_-10_mA,-10.0,<=35,1.8626280740285166,1.8900426350515578,-1.8626280740285166
T6_plain,US06,2,current_bias,I_bias_-10_mA,-10.0,>65,0.7199911787415846,0.8237646670883214,-0.7114621531013073
T6_plain,US06,2,current_bias,I_bias_-10_mA,0.0,35-65,0.38059082293255625,0.4728049796754411,-0.2685234457635825
T6_plain,US06,2,current_bias,I_bias_-10_mA,0.0,<=35,0.6645780859291531,0.6880057012864557,-0.6645780859291531
T6_plain,US06,2,current_bias,I_bias_-10_mA,0.0,>65,0.26641822181533703,0.3716016542118866,-0.11208968194548481
T6_plain,US06,2,current_bias,I_bias_-10_mA,10.0,35-65,0.44280141187273897,0.5179900980334163,0.3295667760492765
T6_plain,US06,2,current_bias,I_bias_-10_mA,10.0,<=35,0.23619088846040256,0.303830488784879,-0.08222722659486072
T6_plain,US06,2,current_bias,I_bias_-10_mA,10.0,>65,0.2795698429899608,0.3547098452465453,-0.02860582274023953
T6_plain,US06,2,current_bias,I_bias_-10_mA,20.0,35-65,0.8818130038183594,0.9826265752314777,0.878031560443849
T6_plain,US06,2,current_bias,I_bias_-10_mA,20.0,<=35,0.16112842453037032,0.21490550758467727,0.06574874093213474
T6_plain,US06,2,current_bias,I_bias_-10_mA,20.0,>65,0.3658166683904546,0.4344653025768327,0.05658784087400601
T6_plain,US06,2,current_bias,I_bias_-10_mA,25.0,35-65,1.1738836413461313,1.2154938348907085,1.1738836413461313
T6_plain,US06,2,current_bias,I_bias_-10_mA,25.0,<=35,0.3705044496661061,0.41790583598825637,0.3690368368969113
T6_plain,US06,2,current_bias,I_bias_-10_mA,25.0,>65,0.5171755552739077,0.6008734022104709,0.3457500856672304
T6_plain,US06,2,current_bias,I_bias_-10_mA,30.0,35-65,1.1157554107212833,1.1808925205020813,1.1157554107212833
T6_plain,US06,2,current_bias,I_bias_-10_mA,30.0,<=35,0.2752732906438957,0.33604397417021337,0.2653538507272299
T6_plain,US06,2,current_bias,I_bias_-10_mA,30.0,>65,0.509856584907079,0.5947235948898384,0.2772025369141371
T6_plain,US06,2,current_bias,I_bias_-10_mA,40.0,35-65,1.6176903799230014,1.6568636183178709,1.6176903799230014
T6_plain,US06,2,current_bias,I_bias_-10_mA,40.0,<=35,0.46882859498572865,0.5469856412324469,0.463083053843227
T6_plain,US06,2,current_bias,I_bias_-10_mA,40.0,>65,0.630015101847485,0.7461195207483176,0.4383001311111877
T6_plain,US06,2,current_bias,I_bias_-10_mA,50.0,35-65,1.917775633463811,1.959093513214027,1.917775633463811
T6_plain,US06,2,current_bias,I_bias_-10_mA,50.0,<=35,0.5607546652366127,0.643488729609232,0.5606643704583896
T6_plain,US06,2,current_bias,I_bias_-10_mA,50.0,>65,0.7042673692522425,0.8225149978400842,0.5275693817526447
T6_plain,US06,2,current_bias,I_bias_-20_mA,-10.0,35-65,1.2363423191710383,1.3627999913929427,-1.2360047843054722
T6_plain,US06,2,current_bias,I_bias_-20_mA,-10.0,<=35,1.4445873913807645,1.4729242729298604,-1.4445873913807645
T6_plain,US06,2,current_bias,I_bias_-20_mA,-10.0,>65,0.3244153218821887,0.4236376276175145,-0.2426159596335795
T6_plain,US06,2,current_bias,I_bias_-20_mA,0.0,35-65,0.7709811060408301,0.8473986482683649,0.7701974477187467
T6_plain,US06,2,current_bias,I_bias_-20_mA,0.0,<=35,0.26705606587345004,0.3310564707446391,-0.2515671491514145
T6_plain,US06,2,current_bias,I_bias_-20_mA,0.0,>65,0.4759625533042554,0.5602260180259445,0.2985608929540291
T6_plain,US06,2,current_bias,I_bias_-20_mA,10.0,35-65,1.412429188176441,1.4488504821456822,1.412429188176441
T6_plain,US06,2,current_bias,I_bias_-20_mA,10.0,<=35,0.42514363291185464,0.47988321983410726,0.416366671100749
T6_plain,US06,2,current_bias,I_bias_-20_mA,10.0,>65,0.4952236405159582,0.588113104412328,0.36448379106565376
T6_plain,US06,2,current_bias,I_bias_-20_mA,20.0,35-65,1.9982670612922218,2.037782692032806,1.9982670612922218
T6_plain,US06,2,current_bias,I_bias_-20_mA,20.0,<=35,0.5671590339430338,0.6488208162083021,0.5535397442156692
T6_plain,US06,2,current_bias,I_bias_-20_mA,20.0,>65,0.5946074484781293,0.7116857436183435,0.45111949480789076
T6_plain,US06,2,current_bias,I_bias_-20_mA,25.0,35-65,2.3686961172389065,2.3910241029303907,2.3686961172389065
T6_plain,US06,2,current_bias,I_bias_-20_mA,25.0,<=35,0.8520663454914402,0.9051596628353427,0.8520663454914402
T6_plain,US06,2,current_bias,I_bias_-20_mA,25.0,>65,0.8134809373191656,0.9771843779511388,0.7494856691459846
T6_plain,US06,2,current_bias,I_bias_-20_mA,30.0,35-65,2.3117007289734866,2.345609449200246,2.3117007289734866
T6_plain,US06,2,current_bias,I_bias_-20_mA,30.0,<=35,0.7156170202484335,0.7963016959591244,0.7152307813524057
T6_plain,US06,2,current_bias,I_bias_-20_mA,30.0,>65,0.7808186594717947,0.9417583532116072,0.6768391402144809
T6_plain,US06,2,current_bias,I_bias_-20_mA,40.0,35-65,2.870994715381802,2.91746719529535,2.870994715381802
T6_plain,US06,2,current_bias,I_bias_-20_mA,40.0,<=35,0.8849398970563088,0.9854651825491496,0.8818204619946611
T6_plain,US06,2,current_bias,I_bias_-20_mA,40.0,>65,0.9253721606389783,1.1155321832444351,0.8396783085089317
T6_plain,US06,2,current_bias,I_bias_-20_mA,50.0,35-65,3.2191766203181436,3.281531338881507,3.2191766203181436
T6_plain,US06,2,current_bias,I_bias_-20_mA,50.0,<=35,0.9792615548904392,1.082498279807191,0.9792615548904392
T6_plain,US06,2,current_bias,I_bias_-20_mA,50.0,>65,1.0124300623520233,1.2052160999772348,0.9290952813123203
T6_plain,US06,2,voltage_bias,V_bias_+10_mV,-10.0,35-65,0.7743578258361049,0.9319623097285773,0.6222886380848935
T6_plain,US06,2,voltage_bias,V_bias_+10_mV,-10.0,<=35,0.6008506600845619,0.640124879643607,-0.6008506600845619
T6_plain,US06,2,voltage_bias,V_bias_+10_mV,-10.0,>65,0.7110882458621369,0.8552378814421191,0.6363676150506407
T6_plain,US06,2,voltage_bias,V_bias_+10_mV,0.0,35-65,3.995892693730623,4.019226140514457,3.995892693730623
T6_plain,US06,2,voltage_bias,V_bias_+10_mV,0.0,<=35,1.2255409659164436,1.5244981345805468,1.1500028315881439
T6_plain,US06,2,voltage_bias,V_bias_+10_mV,0.0,>65,1.5481504380286715,1.8377154692639348,1.5438128542545977
T6_plain,US06,2,voltage_bias,V_bias_+10_mV,10.0,35-65,5.559017958132719,5.602834108088092,5.559017958132719
T6_plain,US06,2,voltage_bias,V_bias_+10_mV,10.0,<=35,2.565115375209516,2.906686118136751,2.565115375209516
T6_plain,US06,2,voltage_bias,V_bias_+10_mV,10.0,>65,1.863223832601316,2.1395156513853912,1.8618292504528229
T6_plain,US06,2,voltage_bias,V_bias_+10_mV,20.0,35-65,6.743445900411354,6.810113512106733,6.743445900411354
T6_plain,US06,2,voltage_bias,V_bias_+10_mV,20.0,<=35,2.9071625676418775,3.309601003051253,2.906805728839699
T6_plain,US06,2,voltage_bias,V_bias_+10_mV,20.0,>65,2.1051074325385972,2.411643078307122,2.1036636863306266
T6_plain,US06,2,voltage_bias,V_bias_+10_mV,25.0,35-65,7.459944519946329,7.5456839907118685,7.459944519946329
T6_plain,US06,2,voltage_bias,V_bias_+10_mV,25.0,<=35,3.2224076165577076,3.6054322725296437,3.2224076165577076
T6_plain,US06,2,voltage_bias,V_bias_+10_mV,25.0,>65,2.4513158280395793,2.77109133135419,2.450217080974005
T6_plain,US06,2,voltage_bias,V_bias_+10_mV,30.0,35-65,7.64629792533175,7.737662280182765,7.64629792533175
T6_plain,US06,2,voltage_bias,V_bias_+10_mV,30.0,<=35,2.9747184598877245,3.336149800612649,2.9747184598877245
T6_plain,US06,2,voltage_bias,V_bias_+10_mV,30.0,>65,2.4210899391345135,2.7551294248365106,2.4195264143106785
T6_plain,US06,2,voltage_bias,V_bias_+10_mV,40.0,35-65,8.469468560677424,8.617904492312478,8.469468560677424
T6_plain,US06,2,voltage_bias,V_bias_+10_mV,40.0,<=35,3.0402021837416005,3.449918288011355,3.039913047930392
T6_plain,US06,2,voltage_bias,V_bias_+10_mV,40.0,>65,2.6168522382792894,2.9732208245679,2.614583218160399
T6_plain,US06,2,voltage_bias,V_bias_+10_mV,50.0,35-65,8.944470986722928,9.152586308989953,8.944470986722928
T6_plain,US06,2,voltage_bias,V_bias_+10_mV,50.0,<=35,3.1213044283177114,3.5095612119004316,3.1213044283177114
T6_plain,US06,2,voltage_bias,V_bias_+10_mV,50.0,>65,2.702661209914034,3.074246527364607,2.6990103818934763
T6_plain,US06,2,voltage_bias,V_bias_+1_mV,-10.0,35-65,2.7597144638227666,2.8155129336701696,-2.7597144638227666
T6_plain,US06,2,voltage_bias,V_bias_+1_mV,-10.0,<=35,2.110268091395024,2.1375414988495063,-2.110268091395024
T6_plain,US06,2,voltage_bias,V_bias_+1_mV,-10.0,>65,1.0038517542111483,1.1243935898411914,-1.0006753625425213
T6_plain,US06,2,voltage_bias,V_bias_+1_mV,0.0,35-65,0.7753834407474679,0.878212639792639,-0.7753351334399079
T6_plain,US06,2,voltage_bias,V_bias_+1_mV,0.0,<=35,0.8604083968667883,0.8980711401731111,-0.8604083968667883
T6_plain,US06,2,voltage_bias,V_bias_+1_mV,0.0,>65,0.3366187937491609,0.45287506817930745,-0.31419604621658515
T6_plain,US06,2,voltage_bias,V_bias_+1_mV,10.0,35-65,0.4016114959754358,0.45523028028230694,-0.11461088246276564
T6_plain,US06,2,voltage_bias,V_bias_+1_mV,10.0,<=35,0.40860200143905534,0.47077285703392435,-0.27927133966495393
T6_plain,US06,2,voltage_bias,V_bias_+1_mV,10.0,>65,0.2610852028279496,0.37777046035768624,-0.18887944230713133
T6_plain,US06,2,voltage_bias,V_bias_+1_mV,20.0,35-65,0.5573266335215111,0.6627655240956515,0.46559891236537715
T6_plain,US06,2,voltage_bias,V_bias_+1_mV,20.0,<=35,0.19148219758296386,0.24402516211769262,-0.10633005174270806
T6_plain,US06,2,voltage_bias,V_bias_+1_mV,20.0,>65,0.30507649380131285,0.404918108018642,-0.08751604133544119
T6_plain,US06,2,voltage_bias,V_bias_+1_mV,25.0,35-65,0.7419735275899149,0.8140994981031081,0.7392450044528917
T6_plain,US06,2,voltage_bias,V_bias_+1_mV,25.0,<=35,0.22689172316317355,0.30305734394632394,0.20021590617064056
T6_plain,US06,2,voltage_bias,V_bias_+1_mV,25.0,>65,0.4251821067658146,0.4903109105559037,0.19935684391533628
T6_plain,US06,2,voltage_bias,V_bias_+1_mV,30.0,35-65,0.7107790856516389,0.8119094165858716,0.7011910396669074
T6_plain,US06,2,voltage_bias,V_bias_+1_mV,30.0,<=35,0.18192219344656252,0.22801026997358648,0.11467253684573066
T6_plain,US06,2,voltage_bias,V_bias_+1_mV,30.0,>65,0.4348144912099281,0.5056057928984672,0.13859264290576065
T6_plain,US06,2,voltage_bias,V_bias_+1_mV,40.0,35-65,1.1906266664159786,1.2363013096758977,1.1906266664159786
T6_plain,US06,2,voltage_bias,V_bias_+1_mV,40.0,<=35,0.3458338359542046,0.4187835556276882,0.3246677856718568
T6_plain,US06,2,voltage_bias,V_bias_+1_mV,40.0,>65,0.5397912255404108,0.638854370399455,0.3013934257366488
T6_plain,US06,2,voltage_bias,V_bias_+1_mV,50.0,35-65,1.4727641165395053,1.5126264299014287,1.4727641165395053
T6_plain,US06,2,voltage_bias,V_bias_+1_mV,50.0,<=35,0.42832547460620823,0.5089183657717025,0.42142919966746395
T6_plain,US06,2,voltage_bias,V_bias_+1_mV,50.0,>65,0.607193967644289,0.7056460203688489,0.3898902807642527
T6_plain,US06,2,voltage_bias,V_bias_+2_mV,-10.0,35-65,2.390320397191115,2.4528687670056324,-2.390320397191115
T6_plain,US06,2,voltage_bias,V_bias_+2_mV,-10.0,<=35,1.9505959867925469,1.977775648345815,-1.9505959867925469
T6_plain,US06,2,voltage_bias,V_bias_+2_mV,-10.0,>65,0.818978724935537,0.9275878264771291,-0.8130896209599783
T6_plain,US06,2,voltage_bias,V_bias_+2_mV,0.0,35-65,0.37452597067578136,0.4593214840166913,-0.24437671181146475
T6_plain,US06,2,voltage_bias,V_bias_+2_mV,0.0,<=35,0.6560494879760991,0.6790018461274454,-0.6560494879760991
T6_plain,US06,2,voltage_bias,V_bias_+2_mV,0.0,>65,0.2678293701000137,0.369073366755048,-0.09971872097545917
T6_plain,US06,2,voltage_bias,V_bias_+2_mV,10.0,35-65,0.5590894561404851,0.6515557843131651,0.5275148229375729
T6_plain,US06,2,voltage_bias,V_bias_+2_mV,10.0,<=35,0.17623100938941116,0.2602246753361676,0.010300357501148855
T6_plain,US06,2,voltage_bias,V_bias_+2_mV,10.0,>65,0.3093776430446776,0.37179732278773364,0.04855453470147507
T6_plain,US06,2,voltage_bias,V_bias_+2_mV,20.0,35-65,1.1744477316579554,1.2483231746446988,1.1744477316579554
T6_plain,US06,2,voltage_bias,V_bias_+2_mV,20.0,<=35,0.2381819946146229,0.2950564699213444,0.1993534297457101
T6_plain,US06,2,voltage_bias,V_bias_+2_mV,20.0,>65,0.4199003097718606,0.48874857220694995,0.16751262774861486
T6_plain,US06,2,voltage_bias,V_bias_+2_mV,25.0,35-65,1.5006875317420265,1.532122497797484,1.5006875317420265
T6_plain,US06,2,voltage_bias,V_bias_+2_mV,25.0,<=35,0.5045457932448945,0.5423440512224408,0.5044712572501009
T6_plain,US06,2,voltage_bias,V_bias_+2_mV,25.0,>65,0.5959649377693734,0.6999719545397708,0.4615346400221428
T6_plain,US06,2,voltage_bias,V_bias_+2_mV,30.0,35-65,1.4818817940337463,1.5303334073573223,1.4818817940337463
T6_plain,US06,2,voltage_bias,V_bias_+2_mV,30.0,<=35,0.4077238230620793,0.4701305999689998,0.40651534313002324
T6_plain,US06,2,voltage_bias,V_bias_+2_mV,30.0,>65,0.5870882712441805,0.6933428647198817,0.404197163380755
T6_plain,US06,2,voltage_bias,V_bias_+2_mV,40.0,35-65,2.0175286008236974,2.057280025742462,2.0175286008236974
T6_plain,US06,2,voltage_bias,V_bias_+2_mV,40.0,<=35,0.6017047865032032,0.6830564895519537,0.5984112349092566
T6_plain,US06,2,voltage_bias,V_bias_+2_mV,40.0,>65,0.7210047639319748,0.8601814864204869,0.5701830211830414
T6_plain,US06,2,voltage_bias,V_bias_+2_mV,50.0,35-65,2.3315545888039266,2.37848364789045,2.3315545888039266
T6_plain,US06,2,voltage_bias,V_bias_+2_mV,50.0,<=35,0.6942284248810909,0.7790596139702554,0.6942284248810909
T6_plain,US06,2,voltage_bias,V_bias_+2_mV,50.0,>65,0.8005811182336438,0.941197873812703,0.657915462490796
T6_plain,US06,2,voltage_bias,V_bias_+5_mV,-10.0,35-65,1.2718231707792125,1.3938494904939083,-1.2715573799133266
T6_plain,US06,2,voltage_bias,V_bias_+5_mV,-10.0,<=35,1.4600564612239393,1.4877279381775528,-1.4600564612239393
T6_plain,US06,2,voltage_bias,V_bias_+5_mV,-10.0,>65,0.33151371328077534,0.430297954461775,-0.2589750215394115
T6_plain,US06,2,voltage_bias,V_bias_+5_mV,0.0,35-65,1.3503715203518383,1.394030458623174,1.3503715203518383
T6_plain,US06,2,voltage_bias,V_bias_+5_mV,0.0,<=35,0.2818753479634913,0.3292572662145194,-0.01564216064304879
T6_plain,US06,2,voltage_bias,V_bias_+5_mV,0.0,>65,0.6355928763659839,0.7697875128891353,0.5314441155549025
T6_plain,US06,2,voltage_bias,V_bias_+5_mV,10.0,35-65,2.4417738706865237,2.4619485892580815,2.4417738706865237
T6_plain,US06,2,voltage_bias,V_bias_+5_mV,10.0,<=35,0.9208166748079679,1.0171887712012084,0.9171612221189072
T6_plain,US06,2,voltage_bias,V_bias_+5_mV,10.0,>65,0.789232663743721,0.9533766179847137,0.7460888065972372
T6_plain,US06,2,voltage_bias,V_bias_+5_mV,20.0,35-65,3.2948958559986226,3.325404474170792,3.2948958559986226
T6_plain,US06,2,voltage_bias,V_bias_+5_mV,20.0,<=35,1.1622537605198267,1.3105782538826585,1.1557398623920936
T6_plain,US06,2,voltage_bias,V_bias_+5_mV,20.0,>65,0.9512786960402437,1.1580898757902325,0.9144377670609917
T6_plain,US06,2,voltage_bias,V_bias_+5_mV,25.0,35-65,3.7765006514777806,3.8057333287294726,3.7765006514777806
T6_plain,US06,2,voltage_bias,V_bias_+5_mV,25.0,<=35,1.4577665692611488,1.5738795859281278,1.4577665692611488
T6_plain,US06,2,voltage_bias,V_bias_+5_mV,25.0,>65,1.2372037785507473,1.4670874851419253,1.2287123813943348
T6_plain,US06,2,voltage_bias,V_bias_+5_mV,30.0,35-65,3.8237170453558966,3.862037686662487,3.8237170453558966
T6_plain,US06,2,voltage_bias,V_bias_+5_mV,30.0,<=35,1.314405203380704,1.4529634318585585,1.314405203380704
T6_plain,US06,2,voltage_bias,V_bias_+5_mV,30.0,>65,1.1987138888285682,1.4449153225493694,1.1812852439651365
T6_plain,US06,2,voltage_bias,V_bias_+5_mV,40.0,35-65,4.491604983868577,4.560620490760783,4.491604983868577
T6_plain,US06,2,voltage_bias,V_bias_+5_mV,40.0,<=35,1.4529626926394137,1.6121049330585306,1.4511795001279402
T6_plain,US06,2,voltage_bias,V_bias_+5_mV,40.0,>65,1.3732514216009997,1.63892422663237,1.357445257979129
T6_plain,US06,2,voltage_bias,V_bias_+5_mV,50.0,35-65,4.889109888135388,4.987531922822787,4.889109888135388
T6_plain,US06,2,voltage_bias,V_bias_+5_mV,50.0,<=35,1.5439448553334327,1.6986440037330446,1.5439448553334327
T6_plain,US06,2,voltage_bias,V_bias_+5_mV,50.0,>65,1.4635285263374618,1.7327051703516314,1.4436576563676602
T6_plain,US06,2,voltage_bias,V_bias_-10_mV,-10.0,35-65,6.672902775453022,6.758761672171613,-6.672902775453022
T6_plain,US06,2,voltage_bias,V_bias_-10_mV,-10.0,<=35,3.7545055196254506,3.785023442630889,-3.7545055196254506
T6_plain,US06,2,voltage_bias,V_bias_-10_mV,-10.0,>65,3.164657511955412,3.510143241282478,-3.1640888052890785
T6_plain,US06,2,voltage_bias,V_bias_-10_mV,0.0,35-65,6.503398645597249,6.553048935363664,-6.503398645597249
T6_plain,US06,2,voltage_bias,V_bias_-10_mV,0.0,<=35,2.8446318329366442,3.155493281163362,-2.8446318329366442
T6_plain,US06,2,voltage_bias,V_bias_-10_mV,0.0,>65,2.8177961102473352,3.068057469329702,-2.8153185290215044
T6_plain,US06,2,voltage_bias,V_bias_-10_mV,10.0,35-65,7.154629015135625,7.2335725867476075,-7.154629015135625
T6_plain,US06,2,voltage_bias,V_bias_-10_mV,10.0,<=35,3.1516253092288733,3.6546567330216746,-3.0925930748808246
T6_plain,US06,2,voltage_bias,V_bias_-10_mV,10.0,>65,2.979786754148723,3.212486760039554,-2.9736428762255813
T6_plain,US06,2,voltage_bias,V_bias_-10_mV,20.0,35-65,7.161030458182007,7.273288413518433,-7.161030458182007
T6_plain,US06,2,voltage_bias,V_bias_-10_mV,20.0,<=35,3.129521681723962,3.5030703694526153,-3.129521681723962
T6_plain,US06,2,voltage_bias,V_bias_-10_mV,20.0,>65,3.108026489400071,3.309663581106324,-3.10152494070576
T6_plain,US06,2,voltage_bias,V_bias_-10_mV,25.0,35-65,7.322254997688308,7.434454221311058,-7.322254997688308
T6_plain,US06,2,voltage_bias,V_bias_-10_mV,25.0,<=35,2.8560404388119798,3.2553188470756225,-2.8203483080416794
T6_plain,US06,2,voltage_bias,V_bias_-10_mV,25.0,>65,2.931314094851235,3.1356240447183197,-2.9235910755780834
T6_plain,US06,2,voltage_bias,V_bias_-10_mV,30.0,35-65,7.4280252552292465,7.5764467743647606,-7.4280252552292465
T6_plain,US06,2,voltage_bias,V_bias_-10_mV,30.0,<=35,2.8320292296515475,3.155722805725359,-2.828412259011719
T6_plain,US06,2,voltage_bias,V_bias_-10_mV,30.0,>65,3.043984406308215,3.233760647687508,-3.037256165589303
T6_plain,US06,2,voltage_bias,V_bias_-10_mV,40.0,35-65,7.340005427483094,7.555330946329217,-7.340005427483094
T6_plain,US06,2,voltage_bias,V_bias_-10_mV,40.0,<=35,2.4545024941012263,2.7836994419639662,-2.454465763718436
T6_plain,US06,2,voltage_bias,V_bias_-10_mV,40.0,>65,2.923317171907076,3.102026882199574,-2.917558904584734
T6_plain,US06,2,voltage_bias,V_bias_-10_mV,50.0,35-65,7.352311619014615,7.634175052657277,-7.352311619014615
T6_plain,US06,2,voltage_bias,V_bias_-10_mV,50.0,<=35,2.3726042115207004,2.668049658516544,-2.355391331990744
T6_plain,US06,2,voltage_bias,V_bias_-10_mV,50.0,>65,2.814491607327295,2.989096133500192,-2.81042614123565
T6_plain,US06,2,voltage_bias,V_bias_-1_mV,-10.0,35-65,3.4926077034243073,3.5431367215534313,-3.4926077034243073
T6_plain,US06,2,voltage_bias,V_bias_-1_mV,-10.0,<=35,2.4241416651349392,2.451798884279012,-2.4241416651349392
T6_plain,US06,2,voltage_bias,V_bias_-1_mV,-10.0,>65,1.381060892569352,1.5337319754520156,-1.3802453843163507
T6_plain,US06,2,voltage_bias,V_bias_-1_mV,0.0,35-65,1.834575333451515,1.8932369751618394,-1.834575333451515
T6_plain,US06,2,voltage_bias,V_bias_-1_mV,0.0,<=35,1.256154964811003,1.3396407063237472,-1.256154964811003
T6_plain,US06,2,voltage_bias,V_bias_-1_mV,0.0,>65,0.7554458202970925,0.8332654384529867,-0.7494145468814953
T6_plain,US06,2,voltage_bias,V_bias_-1_mV,10.0,35-65,1.4018137447690489,1.5127486972413358,-1.4018137447690489
T6_plain,US06,2,voltage_bias,V_bias_-1_mV,10.0,<=35,0.9222516196163567,1.074913141800224,-0.8402714773583061
T6_plain,US06,2,voltage_bias,V_bias_-1_mV,10.0,>65,0.679364545367659,0.75443750396121,-0.6713213523656998
T6_plain,US06,2,voltage_bias,V_bias_-1_mV,20.0,35-65,0.9538049424707358,1.1268239533316908,-0.9487920975851247
T6_plain,US06,2,voltage_bias,V_bias_-1_mV,20.0,<=35,0.7223115561516482,0.8240468196503394,-0.7000798154056659
T6_plain,US06,2,voltage_bias,V_bias_-1_mV,20.0,>65,0.6153713959527666,0.6976690889837408,-0.6069468915687916
T6_plain,US06,2,voltage_bias,V_bias_-1_mV,25.0,35-65,0.7835904315488383,0.9171154176376307,-0.7775083850079386
T6_plain,US06,2,voltage_bias,V_bias_-1_mV,25.0,<=35,0.5411913491992698,0.6082022196799381,-0.3909004556920512
T6_plain,US06,2,voltage_bias,V_bias_-1_mV,25.0,>65,0.35929232298643393,0.48471112915326936,-0.335315264552269
T6_plain,US06,2,voltage_bias,V_bias_-1_mV,30.0,35-65,0.8549625219136735,1.0152157057287943,-0.8492069597333808
T6_plain,US06,2,voltage_bias,V_bias_-1_mV,30.0,<=35,0.4955747254635432,0.5727750217893449,-0.45499042207445456
T6_plain,US06,2,voltage_bias,V_bias_-1_mV,30.0,>65,0.4234917020615164,0.5556478505758532,-0.40330655083273464
T6_plain,US06,2,voltage_bias,V_bias_-1_mV,40.0,35-65,0.5193886480692161,0.6272046749721276,-0.4556840847807258
T6_plain,US06,2,voltage_bias,V_bias_-1_mV,40.0,<=35,0.2975063822683249,0.38529270689219924,-0.21046853774876953
T6_plain,US06,2,voltage_bias,V_bias_-1_mV,40.0,>65,0.3751669562944199,0.5046855147305271,-0.24674350544068988
T6_plain,US06,2,voltage_bias,V_bias_-1_mV,50.0,35-65,0.3809152364196743,0.47311795709138826,-0.23863070156675745
T6_plain,US06,2,voltage_bias,V_bias_-1_mV,50.0,<=35,0.26338856019120205,0.3290167098313534,-0.11192437024991686
T6_plain,US06,2,voltage_bias,V_bias_-1_mV,50.0,>65,0.36003401211325514,0.4802483277953901,-0.15617991852451713
T6_plain,US06,2,voltage_bias,V_bias_-2_mV,-10.0,35-65,3.8558944153668344,3.906551159542706,-3.8558944153668344
T6_plain,US06,2,voltage_bias,V_bias_-2_mV,-10.0,<=35,2.5784320455540968,2.606345282643333,-2.5784320455540968
T6_plain,US06,2,voltage_bias,V_bias_-2_mV,-10.0,>65,1.5730273696522414,1.7437991058697637,-1.572260762478465
T6_plain,US06,2,voltage_bias,V_bias_-2_mV,0.0,35-65,2.3622833813773685,2.414257423008902,-2.3622833813773685
T6_plain,US06,2,voltage_bias,V_bias_-2_mV,0.0,<=35,1.4477760318399018,1.5568649735532647,-1.4477760318399018
T6_plain,US06,2,voltage_bias,V_bias_-2_mV,0.0,>65,0.9739948132849044,1.0590715974980849,-0.9701995106566219
T6_plain,US06,2,voltage_bias,V_bias_-2_mV,10.0,35-65,2.0459364851661355,2.141559230855265,-2.0459364851661355
T6_plain,US06,2,voltage_bias,V_bias_-2_mV,10.0,<=35,1.1829181772921231,1.38163929971291,-1.1119954268722883
T6_plain,US06,2,voltage_bias,V_bias_-2_mV,10.0,>65,0.9240384095258944,1.0000591973132489,-0.9163908916905372
T6_plain,US06,2,voltage_bias,V_bias_-2_mV,20.0,35-65,1.652840307179285,1.7885650152885029,-1.652840307179285
T6_plain,US06,2,voltage_bias,V_bias_-2_mV,20.0,<=35,0.9966601163634801,1.1394687069954155,-0.9887239148856986
T6_plain,US06,2,voltage_bias,V_bias_-2_mV,20.0,>65,0.8794019501077702,0.9467994785447945,-0.8714054842568913
T6_plain,US06,2,voltage_bias,V_bias_-2_mV,25.0,35-65,1.5296602952092817,1.6337318037765596,-1.5296602952092817
T6_plain,US06,2,voltage_bias,V_bias_-2_mV,25.0,<=35,0.7914936662746213,0.9069274797299692,-0.6784940227863371
T6_plain,US06,2,voltage_bias,V_bias_-2_mV,25.0,>65,0.6184246146847824,0.7020080510383448,-0.607973146827624
T6_plain,US06,2,voltage_bias,V_bias_-2_mV,30.0,35-65,1.6145845501405347,1.7405635949544067,-1.6145845501405347
T6_plain,US06,2,voltage_bias,V_bias_-2_mV,30.0,<=35,0.7554156564327746,0.8674032067434634,-0.7333498131805354
T6_plain,US06,2,voltage_bias,V_bias_-2_mV,30.0,>65,0.6883292431079098,0.7754875935619223,-0.6798446830199976
T6_plain,US06,2,voltage_bias,V_bias_-2_mV,40.0,35-65,1.2702959604467112,1.3884252764853744,-1.2702959604467112
T6_plain,US06,2,voltage_bias,V_bias_-2_mV,40.0,<=35,0.4913841220813917,0.6287404967916921,-0.4724939175623847
T6_plain,US06,2,voltage_bias,V_bias_-2_mV,40.0,>65,0.5422444044225987,0.6685479153840543,-0.5264261850851049
T6_plain,US06,2,voltage_bias,V_bias_-2_mV,50.0,35-65,1.0856207322315439,1.2234860097923648,-1.0849014608201708
T6_plain,US06,2,voltage_bias,V_bias_-2_mV,50.0,<=35,0.4430555176551357,0.5377115327286272,-0.3732003297615148
T6_plain,US06,2,voltage_bias,V_bias_-2_mV,50.0,>65,0.46032677430894436,0.6032319600547839,-0.43454106674961235
T6_plain,US06,2,voltage_bias,V_bias_-5_mV,-10.0,35-65,4.931894653756196,4.990018735929758,-4.931894653756196
T6_plain,US06,2,voltage_bias,V_bias_-5_mV,-10.0,<=35,3.031226581003005,3.060047609972578,-3.031226581003005
T6_plain,US06,2,voltage_bias,V_bias_-5_mV,-10.0,>65,2.1581025161475593,2.3897571261972352,-2.157410115679204
T6_plain,US06,2,voltage_bias,V_bias_-5_mV,0.0,35-65,3.9344861537942717,3.979960731478257,-3.9344861537942717
T6_plain,US06,2,voltage_bias,V_bias_-5_mV,0.0,<=35,1.998927262294488,2.186153011216164,-1.998927262294488
T6_plain,US06,2,voltage_bias,V_bias_-5_mV,0.0,>65,1.6486581241676088,1.7825597436796328,-1.6454878351831381
T6_plain,US06,2,voltage_bias,V_bias_-5_mV,10.0,35-65,3.97501569340261,4.057321704842827,-3.97501569340261
T6_plain,US06,2,voltage_bias,V_bias_-5_mV,10.0,<=35,1.9564417850311318,2.274512272749713,-1.8937305668213151
T6_plain,US06,2,voltage_bias,V_bias_-5_mV,10.0,>65,1.6744092143647882,1.794509650986854,-1.667349813683785
T6_plain,US06,2,voltage_bias,V_bias_-5_mV,20.0,35-65,3.74731103162857,3.8561763184409203,-3.74731103162857
T6_plain,US06,2,voltage_bias,V_bias_-5_mV,20.0,<=35,1.8246793154094463,2.062380148345291,-1.8246793154094463
T6_plain,US06,2,voltage_bias,V_bias_-5_mV,20.0,>65,1.6912421076674056,1.7868159230138712,-1.6838712403838954
T6_plain,US06,2,voltage_bias,V_bias_-5_mV,25.0,35-65,3.7507996643206902,3.8437534342780704,-3.7507996643206902
T6_plain,US06,2,voltage_bias,V_bias_-5_mV,25.0,<=35,1.5732048698420156,1.815740342917678,-1.512852660043407
T6_plain,US06,2,voltage_bias,V_bias_-5_mV,25.0,>65,1.4567986595081075,1.5486669957172965,-1.4479625460279042
T6_plain,US06,2,voltage_bias,V_bias_-5_mV,30.0,35-65,3.858635600887009,3.973654082979636,-3.858635600887009
T6_plain,US06,2,voltage_bias,V_bias_-5_mV,30.0,<=35,1.5538978122076466,1.7508112160829898,-1.5450858074861753
T6_plain,US06,2,voltage_bias,V_bias_-5_mV,30.0,>65,1.5405780565358573,1.6250033498006151,-1.532984767593335
T6_plain,US06,2,voltage_bias,V_bias_-5_mV,40.0,35-65,3.649344426590224,3.7861213275071077,-3.649344426590224
T6_plain,US06,2,voltage_bias,V_bias_-5_mV,40.0,<=35,1.2416841537556607,1.4462431716980293,-1.2385782055910783
T6_plain,US06,2,voltage_bias,V_bias_-5_mV,40.0,>65,1.3964238998483958,1.4824085607032542,-1.3898218699141711
T6_plain,US06,2,voltage_bias,V_bias_-5_mV,50.0,35-65,3.5519498770182523,3.722601846588052,-3.5519498770182523
T6_plain,US06,2,voltage_bias,V_bias_-5_mV,50.0,<=35,1.169525495564985,1.3343608935215363,-1.1380655835030573
T6_plain,US06,2,voltage_bias,V_bias_-5_mV,50.0,>65,1.2977614582570576,1.3858579389042294,-1.2928692878365826
