feature,fold,seed,perturbation_type,level,temp,soc_band,mae,rmse,bias
T6_plain,DST,0,baseline,unperturbed,-10.0,35-65,1.0374118304405875,1.2989302228611472,0.21811410547396523
T6_plain,DST,0,baseline,unperturbed,-10.0,<=35,1.1255567305555556,1.490500510902571,1.0789709638888891
T6_plain,DST,0,baseline,unperturbed,-10.0,>65,0.6867619996194825,0.8413430187758764,-0.625938847412481
T6_plain,DST,0,baseline,unperturbed,0.0,35-65,0.5986201968014214,0.7334188495258611,0.06295933496223896
T6_plain,DST,0,baseline,unperturbed,0.0,<=35,0.48221693071786315,0.650039202055572,0.20678764691151919
T6_plain,DST,0,baseline,unperturbed,0.0,>65,0.6153852756385817,0.7436038415235896,-0.5503407990850172
T6_plain,DST,0,baseline,unperturbed,10.0,35-65,0.3767406326438849,0.462262053063335,-0.022751987859712223
T6_plain,DST,0,baseline,unperturbed,10.0,<=35,0.3724568507844016,0.4946142311780698,0.2929475080681309
T6_plain,DST,0,baseline,unperturbed,10.0,>65,0.5153012849378883,0.6330168563788802,-0.4619812461180124
T6_plain,DST,0,baseline,unperturbed,20.0,35-65,0.22433184137622866,0.2996008893066842,-0.0051497913315460995
T6_plain,DST,0,baseline,unperturbed,20.0,<=35,0.36606624297138046,0.45252998669955513,0.12639170795454543
T6_plain,DST,0,baseline,unperturbed,20.0,>65,0.5149582738636364,0.664912726423435,-0.4634557215909091
T6_plain,DST,0,baseline,unperturbed,25.0,35-65,0.19841677802590443,0.26909294581560395,0.06727083072800355
T6_plain,DST,0,baseline,unperturbed,25.0,<=35,0.3188080657248158,0.38303778024210383,0.2620853967649468
T6_plain,DST,0,baseline,unperturbed,25.0,>65,0.4193941046247156,0.5696892430584709,-0.2587514131918118
T6_plain,DST,0,baseline,unperturbed,30.0,35-65,0.23820809206349206,0.32971171856777903,0.1444138671201814
T6_plain,DST,0,baseline,unperturbed,30.0,<=35,0.3883791685429142,0.4530980892888869,0.2763376422355289
T6_plain,DST,0,baseline,unperturbed,30.0,>65,0.46482586572174567,0.6134959670998973,-0.28663013875419613
T6_plain,DST,0,baseline,unperturbed,40.0,35-65,0.43013017290145994,0.5410525016570092,0.40670614461678833
T6_plain,DST,0,baseline,unperturbed,40.0,<=35,0.45846136308858737,0.5459365257856093,0.41374959836392666
T6_plain,DST,0,baseline,unperturbed,40.0,>65,0.49942869544275653,0.6440767379396294,-0.23811884809188588
T6_plain,DST,0,baseline,unperturbed,50.0,35-65,0.46927512368781393,0.607753089826413,0.42276766316750347
T6_plain,DST,0,baseline,unperturbed,50.0,<=35,0.483645268821896,0.5729198690982922,0.4352289333201111
T6_plain,DST,0,baseline,unperturbed,50.0,>65,0.5066096207917129,0.6563993604934439,-0.25296717240103583
T6_plain,DST,0,current_noise,I_sigma_0.5_pct_reading,-10.0,35-65,1.0388104712202328,1.299536845119971,0.21178939031923577
T6_plain,DST,0,current_noise,I_sigma_0.5_pct_reading,-10.0,<=35,1.1270049899829016,1.4927003595754722,1.0806594048298588
T6_plain,DST,0,current_noise,I_sigma_0.5_pct_reading,-10.0,>65,0.6881476138537354,0.8434490006564631,-0.6283975187357899
T6_plain,DST,0,current_noise,I_sigma_0.5_pct_reading,0.0,35-65,0.5985907122613586,0.7331614424778446,0.06187142639506321
T6_plain,DST,0,current_noise,I_sigma_0.5_pct_reading,0.0,<=35,0.48311356836176333,0.6516203644036627,0.20906689540242235
T6_plain,DST,0,current_noise,I_sigma_0.5_pct_reading,0.0,>65,0.6148273934291191,0.7430014611624074,-0.5498817991254047
T6_plain,DST,0,current_noise,I_sigma_0.5_pct_reading,10.0,35-65,0.37860606984951284,0.46484748207983817,-0.02428608028371152
T6_plain,DST,0,current_noise,I_sigma_0.5_pct_reading,10.0,<=35,0.3717661109003563,0.4939346733696714,0.29154861864154114
T6_plain,DST,0,current_noise,I_sigma_0.5_pct_reading,10.0,>65,0.5154312855589512,0.6331467333554308,-0.4625491692590832
T6_plain,DST,0,current_noise,I_sigma_0.5_pct_reading,20.0,35-65,0.22424528886044934,0.29961542471822866,9.23205143346262e-05
T6_plain,DST,0,current_noise,I_sigma_0.5_pct_reading,20.0,<=35,0.36593530319531353,0.4522460609360294,0.12628390601002562
T6_plain,DST,0,current_noise,I_sigma_0.5_pct_reading,20.0,>65,0.5130820697981497,0.6632106529398508,-0.4602860291014604
T6_plain,DST,0,current_noise,I_sigma_0.5_pct_reading,25.0,35-65,0.19825950114941018,0.27013101100827747,0.07688579894614608
T6_plain,DST,0,current_noise,I_sigma_0.5_pct_reading,25.0,<=35,0.31680200561898436,0.3806935220063678,0.25931435994886665
T6_plain,DST,0,current_noise,I_sigma_0.5_pct_reading,25.0,>65,0.4187664832009775,0.5688034874941088,-0.2593787823237277
T6_plain,DST,0,current_noise,I_sigma_0.5_pct_reading,30.0,35-65,0.24163866181687566,0.33205981687458747,0.15170170198513167
T6_plain,DST,0,current_noise,I_sigma_0.5_pct_reading,30.0,<=35,0.38871940384388715,0.4534195484956533,0.27697136669016476
T6_plain,DST,0,current_noise,I_sigma_0.5_pct_reading,30.0,>65,0.465628608316511,0.6148734120386021,-0.28531365257155233
T6_plain,DST,0,current_noise,I_sigma_0.5_pct_reading,40.0,35-65,0.41805966391843136,0.5308310502262523,0.39129783236074905
T6_plain,DST,0,current_noise,I_sigma_0.5_pct_reading,40.0,<=35,0.4540759030718353,0.5411130151823224,0.4091351642212743
T6_plain,DST,0,current_noise,I_sigma_0.5_pct_reading,40.0,>65,0.49924817685801326,0.6438622378030785,-0.23925170154552416
T6_plain,DST,0,current_noise,I_sigma_0.5_pct_reading,50.0,35-65,0.48125527484031855,0.6199184635696703,0.43663800210431897
T6_plain,DST,0,current_noise,I_sigma_0.5_pct_reading,50.0,<=35,0.48297605424423956,0.5726438652825201,0.43462973153484097
T6_plain,DST,0,current_noise,I_sigma_0.5_pct_reading,50.0,>65,0.5073401989773153,0.657792303091606,-0.25188908333375487
T6_plain,DST,0,current_noise,I_sigma_1_pct_reading,-10.0,35-65,1.03702836700681,1.2979700878363913,0.20567987974554006
T6_plain,DST,0,current_noise,I_sigma_1_pct_reading,-10.0,<=35,1.116237018912605,1.4819900166587392,1.0678082074193458
T6_plain,DST,0,current_noise,I_sigma_1_pct_reading,-10.0,>65,0.6909732015683521,0.8454996431355236,-0.6313536044404462
T6_plain,DST,0,current_noise,I_sigma_1_pct_reading,0.0,35-65,0.598586861256192,0.7340023494475567,0.07324315058013406
T6_plain,DST,0,current_noise,I_sigma_1_pct_reading,0.0,<=35,0.4825968836539375,0.6513663940555341,0.2085911993951001
T6_plain,DST,0,current_noise,I_sigma_1_pct_reading,0.0,>65,0.6155525553213457,0.7429754079643074,-0.5492986325528543
T6_plain,DST,0,current_noise,I_sigma_1_pct_reading,10.0,35-65,0.3769532898827616,0.4622117247327259,-0.019071441704476715
T6_plain,DST,0,current_noise,I_sigma_1_pct_reading,10.0,<=35,0.371584128876357,0.493699098719494,0.2917217230244133
T6_plain,DST,0,current_noise,I_sigma_1_pct_reading,10.0,>65,0.5137728578044899,0.6316272849545326,-0.4604253720045504
T6_plain,DST,0,current_noise,I_sigma_1_pct_reading,20.0,35-65,0.22531111701750445,0.30022887374735374,0.0012134972878343191
T6_plain,DST,0,current_noise,I_sigma_1_pct_reading,20.0,<=35,0.3669626601711485,0.4537192186207704,0.12580530613309093
T6_plain,DST,0,current_noise,I_sigma_1_pct_reading,20.0,>65,0.5148481360542394,0.6636608131442122,-0.4650405471190847
T6_plain,DST,0,current_noise,I_sigma_1_pct_reading,25.0,35-65,0.20050969476419328,0.2724456922733524,0.07793752498852742
T6_plain,DST,0,current_noise,I_sigma_1_pct_reading,25.0,<=35,0.3196143628594631,0.38447083586407793,0.26307512600988187
T6_plain,DST,0,current_noise,I_sigma_1_pct_reading,25.0,>65,0.4222010774122309,0.5735112913105817,-0.2615427517728787
T6_plain,DST,0,current_noise,I_sigma_1_pct_reading,30.0,35-65,0.23363777751877973,0.32540391342554387,0.1297507038915057
T6_plain,DST,0,current_noise,I_sigma_1_pct_reading,30.0,<=35,0.39075266252821556,0.4550213926434678,0.2792482821397866
T6_plain,DST,0,current_noise,I_sigma_1_pct_reading,30.0,>65,0.461787697431952,0.6099564166843157,-0.28222890210972496
T6_plain,DST,0,current_noise,I_sigma_1_pct_reading,40.0,35-65,0.42217771888535566,0.5366018664625455,0.3955784247640218
T6_plain,DST,0,current_noise,I_sigma_1_pct_reading,40.0,<=35,0.45713667783211664,0.5446285882462365,0.41228732177862104
T6_plain,DST,0,current_noise,I_sigma_1_pct_reading,40.0,>65,0.49686514927783587,0.6417799802212895,-0.2301527164760957
T6_plain,DST,0,current_noise,I_sigma_1_pct_reading,50.0,35-65,0.46268913106147797,0.6036556085341821,0.419667358213042
T6_plain,DST,0,current_noise,I_sigma_1_pct_reading,50.0,<=35,0.48248812227654003,0.5721609576164137,0.4332252334033038
T6_plain,DST,0,current_noise,I_sigma_1_pct_reading,50.0,>65,0.5111423925077077,0.6600828907393883,-0.2604685534104058
T6_plain,DST,0,current_noise,I_sigma_2_pct_reading,-10.0,35-65,1.037681043012943,1.3034035259940098,0.2325515674843941
T6_plain,DST,0,current_noise,I_sigma_2_pct_reading,-10.0,<=35,1.1236435917622034,1.4889353404912287,1.0778478978873922
T6_plain,DST,0,current_noise,I_sigma_2_pct_reading,-10.0,>65,0.689102020537405,0.8425373358030512,-0.627394758285805
T6_plain,DST,0,current_noise,I_sigma_2_pct_reading,0.0,35-65,0.5981152423841797,0.7305466559600068,0.0451225754955071
T6_plain,DST,0,current_noise,I_sigma_2_pct_reading,0.0,<=35,0.4822188853681907,0.646557653075267,0.1957616025504855
T6_plain,DST,0,current_noise,I_sigma_2_pct_reading,0.0,>65,0.6152408933716963,0.7427784476955849,-0.5516281531054814
T6_plain,DST,0,current_noise,I_sigma_2_pct_reading,10.0,35-65,0.37705184952145177,0.4638657099782413,-0.011084647556773713
T6_plain,DST,0,current_noise,I_sigma_2_pct_reading,10.0,<=35,0.3802742535560569,0.5044171888791904,0.3027422485351202
T6_plain,DST,0,current_noise,I_sigma_2_pct_reading,10.0,>65,0.5319814653768105,0.6494688573353646,-0.481332504063701
T6_plain,DST,0,current_noise,I_sigma_2_pct_reading,20.0,35-65,0.22670630790577373,0.30267354605787883,0.003674919654663226
T6_plain,DST,0,current_noise,I_sigma_2_pct_reading,20.0,<=35,0.3736083814624502,0.460815739147638,0.1381294563969945
T6_plain,DST,0,current_noise,I_sigma_2_pct_reading,20.0,>65,0.5053232193287281,0.6541852727406945,-0.4515169132356277
T6_plain,DST,0,current_noise,I_sigma_2_pct_reading,25.0,35-65,0.20075080258992414,0.2735708666453799,0.08772811587805195
T6_plain,DST,0,current_noise,I_sigma_2_pct_reading,25.0,<=35,0.31503793435359795,0.37962709856108495,0.25411281274489106
T6_plain,DST,0,current_noise,I_sigma_2_pct_reading,25.0,>65,0.420890290032077,0.5705459410582178,-0.2574110834232143
T6_plain,DST,0,current_noise,I_sigma_2_pct_reading,30.0,35-65,0.25820624646210155,0.3513051874743545,0.16457497755526945
T6_plain,DST,0,current_noise,I_sigma_2_pct_reading,30.0,<=35,0.39099765478724585,0.4568826796660813,0.2765848556271363
T6_plain,DST,0,current_noise,I_sigma_2_pct_reading,30.0,>65,0.4634510906303602,0.6144864615081934,-0.2802240702767671
T6_plain,DST,0,current_noise,I_sigma_2_pct_reading,40.0,35-65,0.44394168303539694,0.5535805066826859,0.41730529125467125
T6_plain,DST,0,current_noise,I_sigma_2_pct_reading,40.0,<=35,0.46578233250443535,0.5564830468431702,0.4202867155316446
T6_plain,DST,0,current_noise,I_sigma_2_pct_reading,40.0,>65,0.49089403060648884,0.6327325458668231,-0.2474632200514314
T6_plain,DST,0,current_noise,I_sigma_2_pct_reading,50.0,35-65,0.49779833833312886,0.6371859859358351,0.459248202983085
T6_plain,DST,0,current_noise,I_sigma_2_pct_reading,50.0,<=35,0.48972370925800646,0.5797769509709827,0.44127748648354886
T6_plain,DST,0,current_noise,I_sigma_2_pct_reading,50.0,>65,0.5047253172054538,0.6571429281587342,-0.23567600104856054
T6_plain,DST,0,voltage_noise,V_sigma_10_mV,-10.0,35-65,1.0325761241484288,1.3016778332429255,0.242172435340766
T6_plain,DST,0,voltage_noise,V_sigma_10_mV,-10.0,<=35,1.1453649747883405,1.5142536511936988,1.106270687328607
T6_plain,DST,0,voltage_noise,V_sigma_10_mV,-10.0,>65,0.6870979243960679,0.8444557627111403,-0.6242573448791428
T6_plain,DST,0,voltage_noise,V_sigma_10_mV,0.0,35-65,0.6144276266217213,0.7565244550636855,0.04414616791639041
T6_plain,DST,0,voltage_noise,V_sigma_10_mV,0.0,<=35,0.48923351076706106,0.6674405017165649,0.24058801228143037
T6_plain,DST,0,voltage_noise,V_sigma_10_mV,0.0,>65,0.7261364502771502,0.8707397507603131,-0.6720622510710549
T6_plain,DST,0,voltage_noise,V_sigma_10_mV,10.0,35-65,0.4134346871429176,0.5089619772131052,-0.026526167468543204
T6_plain,DST,0,voltage_noise,V_sigma_10_mV,10.0,<=35,0.395297235798449,0.5236711913493702,0.3140120910332193
T6_plain,DST,0,voltage_noise,V_sigma_10_mV,10.0,>65,0.5978385625765744,0.7220101403191872,-0.560349972091888
T6_plain,DST,0,voltage_noise,V_sigma_10_mV,20.0,35-65,0.276814883828373,0.3651700150836098,0.14568236040051152
T6_plain,DST,0,voltage_noise,V_sigma_10_mV,20.0,<=35,0.40184006475404827,0.4917832607373846,0.18067645241803781
T6_plain,DST,0,voltage_noise,V_sigma_10_mV,20.0,>65,0.5991359411385373,0.7497692857025005,-0.5584064879018437
T6_plain,DST,0,voltage_noise,V_sigma_10_mV,25.0,35-65,0.29478937540187494,0.3526638245556438,-0.1355240897562533
T6_plain,DST,0,voltage_noise,V_sigma_10_mV,25.0,<=35,0.29957338221482693,0.36718431595520135,0.22508335542578936
T6_plain,DST,0,voltage_noise,V_sigma_10_mV,25.0,>65,0.5454324218340726,0.7214358987015049,-0.40571133644561524
T6_plain,DST,0,voltage_noise,V_sigma_10_mV,30.0,35-65,0.29022250432824026,0.37592093639637547,0.1512000957856552
T6_plain,DST,0,voltage_noise,V_sigma_10_mV,30.0,<=35,0.3729957026181392,0.44093331059784735,0.26104215532535235
T6_plain,DST,0,voltage_noise,V_sigma_10_mV,30.0,>65,0.48439578955774576,0.6383624869298079,-0.28471883853116214
T6_plain,DST,0,voltage_noise,V_sigma_10_mV,40.0,35-65,0.4959955538675791,0.6128240976834521,0.420493890037873
T6_plain,DST,0,voltage_noise,V_sigma_10_mV,40.0,<=35,0.4917004765312792,0.5915934287927204,0.449416481699266
T6_plain,DST,0,voltage_noise,V_sigma_10_mV,40.0,>65,0.5469441630335673,0.7175236260697454,-0.2844701679328881
T6_plain,DST,0,voltage_noise,V_sigma_10_mV,50.0,35-65,0.4709812784251717,0.6242720837171496,0.397985598292279
T6_plain,DST,0,voltage_noise,V_sigma_10_mV,50.0,<=35,0.46607492376661397,0.5637302726394865,0.4155734452311059
T6_plain,DST,0,voltage_noise,V_sigma_10_mV,50.0,>65,0.5527543823721328,0.6931774191739606,-0.3326070215114661
T6_plain,DST,0,voltage_noise,V_sigma_1_mV,-10.0,35-65,1.0389908732763138,1.3005757414562233,0.21726672028980903
T6_plain,DST,0,voltage_noise,V_sigma_1_mV,-10.0,<=35,1.1245924506941123,1.4894609214493162,1.0780921361977822
T6_plain,DST,0,voltage_noise,V_sigma_1_mV,-10.0,>65,0.6961593424804704,0.8524193062739776,-0.6383628384987045
T6_plain,DST,0,voltage_noise,V_sigma_1_mV,0.0,35-65,0.5989483483025545,0.7355624869427237,0.0730726541990441
T6_plain,DST,0,voltage_noise,V_sigma_1_mV,0.0,<=35,0.48332685837326256,0.6515248796484997,0.20904096030589744
T6_plain,DST,0,voltage_noise,V_sigma_1_mV,0.0,>65,0.6089898303418874,0.7363377136525844,-0.5413714988457867
T6_plain,DST,0,voltage_noise,V_sigma_1_mV,10.0,35-65,0.3758703493927411,0.4614397204783533,-0.023051769664875273
T6_plain,DST,0,voltage_noise,V_sigma_1_mV,10.0,<=35,0.3723702551455169,0.49470567183785624,0.2935518831190424
T6_plain,DST,0,voltage_noise,V_sigma_1_mV,10.0,>65,0.5151331054853909,0.6327926914410406,-0.46131794847493535
T6_plain,DST,0,voltage_noise,V_sigma_1_mV,20.0,35-65,0.2242777711351216,0.29947450480358656,-0.0017835749942289932
T6_plain,DST,0,voltage_noise,V_sigma_1_mV,20.0,<=35,0.364220317190231,0.4508984852331416,0.12319259074153377
T6_plain,DST,0,voltage_noise,V_sigma_1_mV,20.0,>65,0.5006316601855172,0.6502088869869181,-0.4457863834589004
T6_plain,DST,0,voltage_noise,V_sigma_1_mV,25.0,35-65,0.19906468804429256,0.26919043344422894,0.06279587764341314
T6_plain,DST,0,voltage_noise,V_sigma_1_mV,25.0,<=35,0.32089665060682065,0.38527691590738417,0.2644782395405342
T6_plain,DST,0,voltage_noise,V_sigma_1_mV,25.0,>65,0.4155803660279573,0.564837327051852,-0.252301302400893
T6_plain,DST,0,voltage_noise,V_sigma_1_mV,30.0,35-65,0.2475572562993137,0.33724015032250704,0.15981479429084056
T6_plain,DST,0,voltage_noise,V_sigma_1_mV,30.0,<=35,0.3913962902821758,0.45696227640082626,0.27947800795350153
T6_plain,DST,0,voltage_noise,V_sigma_1_mV,30.0,>65,0.4629991005246348,0.6104616211151787,-0.2851383520727711
T6_plain,DST,0,voltage_noise,V_sigma_1_mV,40.0,35-65,0.43120230933381865,0.5426896229464541,0.40808457688426153
T6_plain,DST,0,voltage_noise,V_sigma_1_mV,40.0,<=35,0.4520560966264717,0.5393526090895584,0.4074722531029447
T6_plain,DST,0,voltage_noise,V_sigma_1_mV,40.0,>65,0.49910715150377233,0.6434934419369313,-0.241683819128997
T6_plain,DST,0,voltage_noise,V_sigma_1_mV,50.0,35-65,0.47549717299506783,0.6141437795352933,0.42857800867497686
T6_plain,DST,0,voltage_noise,V_sigma_1_mV,50.0,<=35,0.48188583602613655,0.5717667639532563,0.4334346115392679
T6_plain,DST,0,voltage_noise,V_sigma_1_mV,50.0,>65,0.5066985179430734,0.6578616647902068,-0.2489872588772376
T6_plain,DST,0,voltage_noise,V_sigma_2_mV,-10.0,35-65,1.0372533319485138,1.2979661068173183,0.20835835827539617
T6_plain,DST,0,voltage_noise,V_sigma_2_mV,-10.0,<=35,1.1189081134025856,1.4843104339745277,1.0708652137519552
T6_plain,DST,0,voltage_noise,V_sigma_2_mV,-10.0,>65,0.7016071482115485,0.8589492162890002,-0.6448532853413103
T6_plain,DST,0,voltage_noise,V_sigma_2_mV,0.0,35-65,0.5967647220437788,0.733658252849429,0.080648223167581
T6_plain,DST,0,voltage_noise,V_sigma_2_mV,0.0,<=35,0.4831738100984559,0.6511533572775662,0.209349658549175
T6_plain,DST,0,voltage_noise,V_sigma_2_mV,0.0,>65,0.5946449384617439,0.7194001989622955,-0.520901008867057
T6_plain,DST,0,voltage_noise,V_sigma_2_mV,10.0,35-65,0.37711440251882355,0.46317670781672826,-0.007302072656439312
T6_plain,DST,0,voltage_noise,V_sigma_2_mV,10.0,<=35,0.3748447398851357,0.49719486975964783,0.29653912606138466
T6_plain,DST,0,voltage_noise,V_sigma_2_mV,10.0,>65,0.5033182494119659,0.6198981023215328,-0.4446347742278551
T6_plain,DST,0,voltage_noise,V_sigma_2_mV,20.0,35-65,0.23239819063446973,0.30767012781325254,-0.012998449468195084
T6_plain,DST,0,voltage_noise,V_sigma_2_mV,20.0,<=35,0.3656976625123034,0.452127699363768,0.1264668114921476
T6_plain,DST,0,voltage_noise,V_sigma_2_mV,20.0,>65,0.5047393014268778,0.6514065365235785,-0.45188248086441113
T6_plain,DST,0,voltage_noise,V_sigma_2_mV,25.0,35-65,0.202282862820967,0.27424454658645064,0.08193923238174147
T6_plain,DST,0,voltage_noise,V_sigma_2_mV,25.0,<=35,0.32833528177002763,0.39397397355305647,0.2720315867909295
T6_plain,DST,0,voltage_noise,V_sigma_2_mV,25.0,>65,0.42187970432144206,0.5739317971382305,-0.25913496362707444
T6_plain,DST,0,voltage_noise,V_sigma_2_mV,30.0,35-65,0.23694307656469138,0.3264413623767292,0.13696500590980176
T6_plain,DST,0,voltage_noise,V_sigma_2_mV,30.0,<=35,0.39002836797752966,0.45522769005847613,0.27950079902177627
T6_plain,DST,0,voltage_noise,V_sigma_2_mV,30.0,>65,0.47047121461205094,0.6187771242221852,-0.2956108792669099
T6_plain,DST,0,voltage_noise,V_sigma_2_mV,40.0,35-65,0.4179056965848396,0.5318129497652715,0.388184890960481
T6_plain,DST,0,voltage_noise,V_sigma_2_mV,40.0,<=35,0.4651814331729845,0.5535150788143492,0.42029510917854856
T6_plain,DST,0,voltage_noise,V_sigma_2_mV,40.0,>65,0.4998199590243095,0.6445852497287704,-0.2355691665561051
T6_plain,DST,0,voltage_noise,V_sigma_2_mV,50.0,35-65,0.48019874973156684,0.620246915317471,0.4349559160459465
T6_plain,DST,0,voltage_noise,V_sigma_2_mV,50.0,<=35,0.48609015398393307,0.5750627235591269,0.43734808534755887
T6_plain,DST,0,voltage_noise,V_sigma_2_mV,50.0,>65,0.4958156483850907,0.6481015605505868,-0.22855606488818023
T6_plain,DST,0,voltage_noise,V_sigma_5_mV,-10.0,35-65,1.0462511650075264,1.3081509531668918,0.19314258871715753
T6_plain,DST,0,voltage_noise,V_sigma_5_mV,-10.0,<=35,1.1305892910864301,1.4941535139140867,1.0886136088019687
T6_plain,DST,0,voltage_noise,V_sigma_5_mV,-10.0,>65,0.7480827555100021,0.9124673504866819,-0.7030934192190689
T6_plain,DST,0,voltage_noise,V_sigma_5_mV,0.0,35-65,0.6055008410220966,0.7396860307324429,0.03764918043303974
T6_plain,DST,0,voltage_noise,V_sigma_5_mV,0.0,<=35,0.48452311743785326,0.6509809549248975,0.2007090581175661
T6_plain,DST,0,voltage_noise,V_sigma_5_mV,0.0,>65,0.6748527223648961,0.8139007550373969,-0.6177006789944923
T6_plain,DST,0,voltage_noise,V_sigma_5_mV,10.0,35-65,0.37394840580344363,0.46372348260251645,0.03072511404961538
T6_plain,DST,0,voltage_noise,V_sigma_5_mV,10.0,<=35,0.3757314918366281,0.4977453671932798,0.28883846822396564
T6_plain,DST,0,voltage_noise,V_sigma_5_mV,10.0,>65,0.5078419421014253,0.6310998867605975,-0.43105229561303415
T6_plain,DST,0,voltage_noise,V_sigma_5_mV,20.0,35-65,0.2364176954087901,0.30900615579934476,-0.04401510374683976
T6_plain,DST,0,voltage_noise,V_sigma_5_mV,20.0,<=35,0.3785947120609689,0.46490304561966356,0.14444519433149539
T6_plain,DST,0,voltage_noise,V_sigma_5_mV,20.0,>65,0.530021572034383,0.6880322237313679,-0.47757363684835524
T6_plain,DST,0,voltage_noise,V_sigma_5_mV,25.0,35-65,0.20785352098284193,0.267374317640097,-0.007708876255376698
T6_plain,DST,0,voltage_noise,V_sigma_5_mV,25.0,<=35,0.31215983031275985,0.3763650584963243,0.25428783022397516
T6_plain,DST,0,voltage_noise,V_sigma_5_mV,25.0,>65,0.4565275186924195,0.6093798432347993,-0.3180657791736419
T6_plain,DST,0,voltage_noise,V_sigma_5_mV,30.0,35-65,0.24959156178657957,0.3449278418871616,0.13978328516534655
T6_plain,DST,0,voltage_noise,V_sigma_5_mV,30.0,<=35,0.3842445180246117,0.44887857588461294,0.27095043366237226
T6_plain,DST,0,voltage_noise,V_sigma_5_mV,30.0,>65,0.4517203720551411,0.599067830120357,-0.24362269059813743
T6_plain,DST,0,voltage_noise,V_sigma_5_mV,40.0,35-65,0.4393920128215433,0.5496999515181652,0.41275727512577737
T6_plain,DST,0,voltage_noise,V_sigma_5_mV,40.0,<=35,0.465236397912237,0.5594494854651662,0.42318326228029696
T6_plain,DST,0,voltage_noise,V_sigma_5_mV,40.0,>65,0.4822432947474854,0.6284291068978491,-0.2049584397026799
T6_plain,DST,0,voltage_noise,V_sigma_5_mV,50.0,35-65,0.4675176785767331,0.6000324952752318,0.38458879467447515
T6_plain,DST,0,voltage_noise,V_sigma_5_mV,50.0,<=35,0.4818075769234702,0.5745174697386476,0.4318059846885504
T6_plain,DST,0,voltage_noise,V_sigma_5_mV,50.0,>65,0.5553776570367545,0.7037977630760456,-0.3208327417398111
T6_plain,DST,1,baseline,unperturbed,-10.0,35-65,1.152845214953271,1.4960120465747049,0.8393493929684024
T6_plain,DST,1,baseline,unperturbed,-10.0,<=35,1.2822184250000002,1.571725477560035,1.2804288527777778
T6_plain,DST,1,baseline,unperturbed,-10.0,>65,0.5183416845509894,0.6504789557175132,-0.261470347412481
T6_plain,DST,1,baseline,unperturbed,0.0,35-65,0.6839953229675698,0.9965639025710307,0.5370988218569525
T6_plain,DST,1,baseline,unperturbed,0.0,<=35,0.6037318063439064,0.8617721510580825,0.4326899205342237
T6_plain,DST,1,baseline,unperturbed,0.0,>65,0.41943144567289364,0.5201197872235155,-0.22854533587495235
T6_plain,DST,1,baseline,unperturbed,10.0,35-65,0.5661765044964029,0.8081116665952283,0.399836320143885
T6_plain,DST,1,baseline,unperturbed,10.0,<=35,0.447846889376961,0.6829041376061615,0.31034754639175255
T6_plain,DST,1,baseline,unperturbed,10.0,>65,0.3763469013975156,0.476074128724527,-0.23103428649068322
T6_plain,DST,1,baseline,unperturbed,20.0,35-65,0.5599902234137623,0.6613205185913925,0.5488737747989275
T6_plain,DST,1,baseline,unperturbed,20.0,<=35,0.4071054456228957,0.5402502816714658,0.22413503619528624
T6_plain,DST,1,baseline,unperturbed,20.0,>65,0.3405022708333334,0.4697343041763147,-0.20994829128787876
T6_plain,DST,1,baseline,unperturbed,25.0,35-65,0.5500918133095132,0.6458433425367996,0.5486100794997768
T6_plain,DST,1,baseline,unperturbed,25.0,<=35,0.34925605094185097,0.452732970718378,0.31214757952497957
T6_plain,DST,1,baseline,unperturbed,25.0,>65,0.3587595382865809,0.45968186810218814,-0.02053979302501873
T6_plain,DST,1,baseline,unperturbed,30.0,35-65,0.7033970172335602,0.7515144378810746,0.7033970172335602
T6_plain,DST,1,baseline,unperturbed,30.0,<=35,0.4306886716566867,0.5122162998858694,0.3471582897804391
T6_plain,DST,1,baseline,unperturbed,30.0,>65,0.39121040358075354,0.5024479625914583,-0.07147371130175305
T6_plain,DST,1,baseline,unperturbed,40.0,35-65,0.7590187235401461,0.8163322857047043,0.758632879562044
T6_plain,DST,1,baseline,unperturbed,40.0,<=35,0.524972791500399,0.6064498899046483,0.45994564409417404
T6_plain,DST,1,baseline,unperturbed,40.0,>65,0.43719879362726943,0.5394861680559628,-0.008650677287884387
T6_plain,DST,1,baseline,unperturbed,50.0,35-65,0.8757492099497948,0.9468077624621793,0.8638785609310817
T6_plain,DST,1,baseline,unperturbed,50.0,<=35,0.5904389986909957,0.663489987629564,0.5418175007140025
T6_plain,DST,1,baseline,unperturbed,50.0,>65,0.43757646614872353,0.5335252995935696,0.020336932297447326
T6_plain,DST,1,current_noise,I_sigma_0.5_pct_reading,-10.0,35-65,1.1527119428161556,1.4938068012457852,0.8330684166490981
T6_plain,DST,1,current_noise,I_sigma_0.5_pct_reading,-10.0,<=35,1.2849890027852657,1.5751086530256309,1.283152934458683
T6_plain,DST,1,current_noise,I_sigma_0.5_pct_reading,-10.0,>65,0.5185205422627137,0.650796961329134,-0.2641727404544721
T6_plain,DST,1,current_noise,I_sigma_0.5_pct_reading,0.0,35-65,0.6835685309532399,0.995998070495476,0.53625330969867
T6_plain,DST,1,current_noise,I_sigma_0.5_pct_reading,0.0,<=35,0.604699699090859,0.8642321566399331,0.4347643223732929
T6_plain,DST,1,current_noise,I_sigma_0.5_pct_reading,0.0,>65,0.41885985139042603,0.5192965403546898,-0.22832194023365018
T6_plain,DST,1,current_noise,I_sigma_0.5_pct_reading,10.0,35-65,0.5677809536730312,0.8097602175261753,0.39799669574556423
T6_plain,DST,1,current_noise,I_sigma_0.5_pct_reading,10.0,<=35,0.4477248731365832,0.6824990208545672,0.3088321665444036
T6_plain,DST,1,current_noise,I_sigma_0.5_pct_reading,10.0,>65,0.37645137147200725,0.4759119803894809,-0.23161211765877893
T6_plain,DST,1,current_noise,I_sigma_0.5_pct_reading,20.0,35-65,0.5647836821303982,0.6655798252787976,0.5537514546889565
T6_plain,DST,1,current_noise,I_sigma_0.5_pct_reading,20.0,<=35,0.4065369179764336,0.539612739906714,0.2239659933389169
T6_plain,DST,1,current_noise,I_sigma_0.5_pct_reading,20.0,>65,0.34027524159113953,0.46903307645101344,-0.20685797316843282
T6_plain,DST,1,current_noise,I_sigma_0.5_pct_reading,25.0,35-65,0.5588833651902683,0.653361211050546,0.5575015885911663
T6_plain,DST,1,current_noise,I_sigma_0.5_pct_reading,25.0,<=35,0.3470920617982487,0.449435176155078,0.30924240607211356
T6_plain,DST,1,current_noise,I_sigma_0.5_pct_reading,25.0,>65,0.3576223818334754,0.45860174535755627,-0.020972881824517342
T6_plain,DST,1,current_noise,I_sigma_0.5_pct_reading,30.0,35-65,0.7105402696612289,0.7584016649952773,0.7105402696612289
T6_plain,DST,1,current_noise,I_sigma_0.5_pct_reading,30.0,<=35,0.43089517396491106,0.5128277413483827,0.3476284960369736
T6_plain,DST,1,current_noise,I_sigma_0.5_pct_reading,30.0,>65,0.3933858164265952,0.5052086481697116,-0.07029884057588348
T6_plain,DST,1,current_noise,I_sigma_0.5_pct_reading,40.0,35-65,0.7430981865729961,0.8021076412608482,0.7424235000164492
T6_plain,DST,1,current_noise,I_sigma_0.5_pct_reading,40.0,<=35,0.5211522634941067,0.6016673723899308,0.45527182175994413
T6_plain,DST,1,current_noise,I_sigma_0.5_pct_reading,40.0,>65,0.4364047895478905,0.5385060707393728,-0.009629783803718745
T6_plain,DST,1,current_noise,I_sigma_0.5_pct_reading,50.0,35-65,0.8890061935474378,0.9622595861727226,0.8789626182723005
T6_plain,DST,1,current_noise,I_sigma_0.5_pct_reading,50.0,<=35,0.5893278338510254,0.6627193272530906,0.5409014187614861
T6_plain,DST,1,current_noise,I_sigma_0.5_pct_reading,50.0,>65,0.4392416034159677,0.5357643767862755,0.021639553336825205
T6_plain,DST,1,current_noise,I_sigma_1_pct_reading,-10.0,35-65,1.1475515441066004,1.488779479647281,0.8263699386186895
T6_plain,DST,1,current_noise,I_sigma_1_pct_reading,-10.0,<=35,1.2704346828587922,1.5612039841604946,1.2676280906820154
T6_plain,DST,1,current_noise,I_sigma_1_pct_reading,-10.0,>65,0.5192520932812608,0.6506523246648215,-0.26748413984947467
T6_plain,DST,1,current_noise,I_sigma_1_pct_reading,0.0,35-65,0.6872336478400392,1.0005930400623777,0.5473690962347174
T6_plain,DST,1,current_noise,I_sigma_1_pct_reading,0.0,<=35,0.6045429153398996,0.8641982141291557,0.43451441558213194
T6_plain,DST,1,current_noise,I_sigma_1_pct_reading,0.0,>65,0.418936838449026,0.5198755746090838,-0.22740283948956733
T6_plain,DST,1,current_noise,I_sigma_1_pct_reading,10.0,35-65,0.5676700372001456,0.809709107117214,0.40394290317085557
T6_plain,DST,1,current_noise,I_sigma_1_pct_reading,10.0,<=35,0.44764693776954695,0.6818601474021931,0.3094229309056593
T6_plain,DST,1,current_noise,I_sigma_1_pct_reading,10.0,>65,0.37586672666345516,0.47558054974798525,-0.22925427499201673
T6_plain,DST,1,current_noise,I_sigma_1_pct_reading,20.0,35-65,0.5663723919656053,0.6669338047706174,0.5553685591521048
T6_plain,DST,1,current_noise,I_sigma_1_pct_reading,20.0,<=35,0.4086697619342672,0.5424750182795331,0.22383784944126256
T6_plain,DST,1,current_noise,I_sigma_1_pct_reading,20.0,>65,0.3387935532557478,0.4672436727168167,-0.21196195803491225
T6_plain,DST,1,current_noise,I_sigma_1_pct_reading,25.0,35-65,0.5597210338077361,0.6565980178183964,0.5583106056203611
T6_plain,DST,1,current_noise,I_sigma_1_pct_reading,25.0,<=35,0.34959553329760135,0.45378475388860157,0.31270950593779795
T6_plain,DST,1,current_noise,I_sigma_1_pct_reading,25.0,>65,0.3609317122653,0.462767160169781,-0.023638797848755055
T6_plain,DST,1,current_noise,I_sigma_1_pct_reading,30.0,35-65,0.6879945931007831,0.7382100640049101,0.6879233223422673
T6_plain,DST,1,current_noise,I_sigma_1_pct_reading,30.0,<=35,0.43304597545549595,0.5136735063182666,0.3503065759777736
T6_plain,DST,1,current_noise,I_sigma_1_pct_reading,30.0,>65,0.3886191385313474,0.4996219232972068,-0.06707748409398064
T6_plain,DST,1,current_noise,I_sigma_1_pct_reading,40.0,35-65,0.7469400437148076,0.8064471884746716,0.7463443494744487
T6_plain,DST,1,current_noise,I_sigma_1_pct_reading,40.0,<=35,0.5237996995511729,0.605134099514201,0.45866524718849283
T6_plain,DST,1,current_noise,I_sigma_1_pct_reading,40.0,>65,0.43818755804308435,0.5404273963120501,-0.000162902554041372
T6_plain,DST,1,current_noise,I_sigma_1_pct_reading,50.0,35-65,0.8724267089964407,0.9406649071364218,0.8603182627162994
T6_plain,DST,1,current_noise,I_sigma_1_pct_reading,50.0,<=35,0.5898079754524232,0.6629137994290708,0.5399790283867922
T6_plain,DST,1,current_noise,I_sigma_1_pct_reading,50.0,>65,0.43795598484369824,0.534608957686353,0.012302287638645496
T6_plain,DST,1,current_noise,I_sigma_2_pct_reading,-10.0,35-65,1.161572089810979,1.506396761355166,0.8537035190282274
T6_plain,DST,1,current_noise,I_sigma_2_pct_reading,-10.0,<=35,1.2827734679707068,1.5707081739519102,1.2802947289327196
T6_plain,DST,1,current_noise,I_sigma_2_pct_reading,-10.0,>65,0.5199426034642591,0.6523474385740631,-0.2637728185391091
T6_plain,DST,1,current_noise,I_sigma_2_pct_reading,0.0,35-65,0.6774207054588445,0.98674374842315,0.5199502800056303
T6_plain,DST,1,current_noise,I_sigma_2_pct_reading,0.0,<=35,0.6000964171172739,0.8554701034402011,0.42165703447073855
T6_plain,DST,1,current_noise,I_sigma_2_pct_reading,0.0,>65,0.4191042764555756,0.5173238198424177,-0.23038697795724913
T6_plain,DST,1,current_noise,I_sigma_2_pct_reading,10.0,35-65,0.5734006312279564,0.8149618309579161,0.4116077848889571
T6_plain,DST,1,current_noise,I_sigma_2_pct_reading,10.0,<=35,0.4507300099484747,0.6890457061695854,0.319326599523801
T6_plain,DST,1,current_noise,I_sigma_2_pct_reading,10.0,>65,0.38732845570379854,0.4868289747885864,-0.2510131850368902
T6_plain,DST,1,current_noise,I_sigma_2_pct_reading,20.0,35-65,0.5685879202934973,0.6701745119422393,0.5578301422046755
T6_plain,DST,1,current_noise,I_sigma_2_pct_reading,20.0,<=35,0.41553658720631237,0.5493437309540248,0.2351249046516203
T6_plain,DST,1,current_noise,I_sigma_2_pct_reading,20.0,>65,0.33457213025163585,0.4626319602618339,-0.19722279052525532
T6_plain,DST,1,current_noise,I_sigma_2_pct_reading,25.0,35-65,0.5702262650124165,0.6615168414568616,0.5687949299745331
T6_plain,DST,1,current_noise,I_sigma_2_pct_reading,25.0,<=35,0.34573262028924834,0.45039748842837424,0.3043815174191077
T6_plain,DST,1,current_noise,I_sigma_2_pct_reading,25.0,>65,0.35929445992071013,0.46216926612089104,-0.019600451363190045
T6_plain,DST,1,current_noise,I_sigma_2_pct_reading,30.0,35-65,0.7256387729297341,0.7798953907040851,0.7256251415610131
T6_plain,DST,1,current_noise,I_sigma_2_pct_reading,30.0,<=35,0.43109078638171133,0.5140524167183891,0.345878705818515
T6_plain,DST,1,current_noise,I_sigma_2_pct_reading,30.0,>65,0.3952498485165437,0.5063188572268096,-0.0649572935960431
T6_plain,DST,1,current_noise,I_sigma_2_pct_reading,40.0,35-65,0.773686806518282,0.8348302284134947,0.7727950444957578
T6_plain,DST,1,current_noise,I_sigma_2_pct_reading,40.0,<=35,0.5325968570602075,0.6167820063205713,0.4653526512525971
T6_plain,DST,1,current_noise,I_sigma_2_pct_reading,40.0,>65,0.42019555909518136,0.5194667331553804,-0.01970942318011372
T6_plain,DST,1,current_noise,I_sigma_2_pct_reading,50.0,35-65,0.9112413346612066,0.9830025347085725,0.9001439644189797
T6_plain,DST,1,current_noise,I_sigma_2_pct_reading,50.0,<=35,0.5961268587015285,0.6715832639650995,0.547825289242155
T6_plain,DST,1,current_noise,I_sigma_2_pct_reading,50.0,>65,0.4422677816802022,0.5436992569261964,0.038454790277913584
T6_plain,DST,1,voltage_noise,V_sigma_10_mV,-10.0,35-65,1.164021884732425,1.508927612216697,0.8625000076073452
T6_plain,DST,1,voltage_noise,V_sigma_10_mV,-10.0,<=35,1.3018532710622928,1.5917592433734398,1.2994469596193312
T6_plain,DST,1,voltage_noise,V_sigma_10_mV,-10.0,>65,0.5205705851269882,0.6550480415015223,-0.25706776473449766
T6_plain,DST,1,voltage_noise,V_sigma_10_mV,0.0,35-65,0.7031624011401945,1.0028185777767087,0.5211293239589145
T6_plain,DST,1,voltage_noise,V_sigma_10_mV,0.0,<=35,0.6185406790625151,0.8876477440002065,0.46693495781630434
T6_plain,DST,1,voltage_noise,V_sigma_10_mV,0.0,>65,0.5022362791025712,0.6180531584590722,-0.343387282187476
T6_plain,DST,1,voltage_noise,V_sigma_10_mV,10.0,35-65,0.5860322755458749,0.8263851705128445,0.3981026440736785
T6_plain,DST,1,voltage_noise,V_sigma_10_mV,10.0,<=35,0.46896879510427186,0.710112409092461,0.33060207721226276
T6_plain,DST,1,voltage_noise,V_sigma_10_mV,10.0,>65,0.44240437861207405,0.5431039673522194,-0.3290989988393585
T6_plain,DST,1,voltage_noise,V_sigma_10_mV,20.0,35-65,0.7137494721863785,0.8350352958020858,0.7082688454972075
T6_plain,DST,1,voltage_noise,V_sigma_10_mV,20.0,<=35,0.4460148980694986,0.5846156733260849,0.27409795308863494
T6_plain,DST,1,voltage_noise,V_sigma_10_mV,20.0,>65,0.40968541036015904,0.533142904206433,-0.3056700911905616
T6_plain,DST,1,voltage_noise,V_sigma_10_mV,25.0,35-65,0.4076913383089037,0.5370574081684254,0.34475452811768326
T6_plain,DST,1,voltage_noise,V_sigma_10_mV,25.0,<=35,0.3283452244973016,0.4304684388967676,0.27541418818910374
T6_plain,DST,1,voltage_noise,V_sigma_10_mV,25.0,>65,0.42867590427926394,0.562956289592705,-0.16809263827078885
T6_plain,DST,1,voltage_noise,V_sigma_10_mV,30.0,35-65,0.706688606881384,0.7769124786495952,0.7061688312239205
T6_plain,DST,1,voltage_noise,V_sigma_10_mV,30.0,<=35,0.41456400852803005,0.5036330281645629,0.33335695909460294
T6_plain,DST,1,voltage_noise,V_sigma_10_mV,30.0,>65,0.4190206831108568,0.5371846280992842,-0.06748027231881808
T6_plain,DST,1,voltage_noise,V_sigma_10_mV,40.0,35-65,0.7897153203823282,0.8925337755361474,0.7855543278257865
T6_plain,DST,1,voltage_noise,V_sigma_10_mV,40.0,<=35,0.5553316770971704,0.6516286334245326,0.4964082406783797
T6_plain,DST,1,voltage_noise,V_sigma_10_mV,40.0,>65,0.48001164326178736,0.6047763654507982,-0.05865197393022049
T6_plain,DST,1,voltage_noise,V_sigma_10_mV,50.0,35-65,0.8554725940222044,0.9489562963185698,0.8403056713403713
T6_plain,DST,1,voltage_noise,V_sigma_10_mV,50.0,<=35,0.5743168059850986,0.6571054181664366,0.5260618183223038
T6_plain,DST,1,voltage_noise,V_sigma_10_mV,50.0,>65,0.4394185629171263,0.5401508468461393,-0.06435536214379378
T6_plain,DST,1,voltage_noise,V_sigma_1_mV,-10.0,35-65,1.1541315190298096,1.4965567951416068,0.8383540152509064
T6_plain,DST,1,voltage_noise,V_sigma_1_mV,-10.0,<=35,1.2824278186980989,1.5714983519867913,1.2808518557550146
T6_plain,DST,1,voltage_noise,V_sigma_1_mV,-10.0,>65,0.5235377006956824,0.6567094110957427,-0.2732256086668483
T6_plain,DST,1,voltage_noise,V_sigma_1_mV,0.0,35-65,0.6900294439242517,1.0033410013215502,0.547281545899722
T6_plain,DST,1,voltage_noise,V_sigma_1_mV,0.0,<=35,0.6051316847614343,0.8631890852086669,0.4346661325384441
T6_plain,DST,1,voltage_noise,V_sigma_1_mV,0.0,>65,0.4149831838358875,0.5163099201289977,-0.2199843207226607
T6_plain,DST,1,voltage_noise,V_sigma_1_mV,10.0,35-65,0.5647644220456094,0.8071417182092151,0.39952038325202954
T6_plain,DST,1,voltage_noise,V_sigma_1_mV,10.0,<=35,0.44812043589808703,0.6831466789953521,0.31117396534454544
T6_plain,DST,1,voltage_noise,V_sigma_1_mV,10.0,>65,0.37616952985373586,0.4758302324945532,-0.23028400924688733
T6_plain,DST,1,voltage_noise,V_sigma_1_mV,20.0,35-65,0.562638205725626,0.661770671262374,0.5512205801271263
T6_plain,DST,1,voltage_noise,V_sigma_1_mV,20.0,<=35,0.4055631431931155,0.5386439185714732,0.22124558515131262
T6_plain,DST,1,voltage_noise,V_sigma_1_mV,20.0,>65,0.333476250715275,0.46139988316007646,-0.19192832817918795
T6_plain,DST,1,voltage_noise,V_sigma_1_mV,25.0,35-65,0.5464966291145869,0.6423863450983658,0.544707397904242
T6_plain,DST,1,voltage_noise,V_sigma_1_mV,25.0,<=35,0.35123150282797455,0.45560859549455696,0.3147963915702574
T6_plain,DST,1,voltage_noise,V_sigma_1_mV,25.0,>65,0.3592190600077832,0.4587047039348337,-0.013938968875168562
T6_plain,DST,1,voltage_noise,V_sigma_1_mV,30.0,35-65,0.719473810215953,0.7659271324327234,0.719473810215953
T6_plain,DST,1,voltage_noise,V_sigma_1_mV,30.0,<=35,0.4339773223345565,0.5164544948544366,0.3502454769785246
T6_plain,DST,1,voltage_noise,V_sigma_1_mV,30.0,>65,0.3897714505260222,0.4996547808227275,-0.07009382001401546
T6_plain,DST,1,voltage_noise,V_sigma_1_mV,40.0,35-65,0.7602131575536322,0.8172224533961194,0.7599430666978574
T6_plain,DST,1,voltage_noise,V_sigma_1_mV,40.0,<=35,0.5193357041123814,0.5998385634423475,0.4538007634140709
T6_plain,DST,1,voltage_noise,V_sigma_1_mV,40.0,>65,0.4348525684298459,0.5368145895165861,-0.012170851934867716
T6_plain,DST,1,voltage_noise,V_sigma_1_mV,50.0,35-65,0.8816049605264018,0.9539791228672155,0.8699859016883904
T6_plain,DST,1,voltage_noise,V_sigma_1_mV,50.0,<=35,0.5883880122462634,0.6620325482554396,0.5396669480412813
T6_plain,DST,1,voltage_noise,V_sigma_1_mV,50.0,>65,0.4408227097969954,0.5381044028509055,0.024506482357332285
T6_plain,DST,1,voltage_noise,V_sigma_2_mV,-10.0,35-65,1.1484305374273718,1.4916521194439547,0.8299052787908859
T6_plain,DST,1,voltage_noise,V_sigma_2_mV,-10.0,<=35,1.2761132234761274,1.5665659270383472,1.2740956333965583
T6_plain,DST,1,voltage_noise,V_sigma_2_mV,-10.0,>65,0.5270518533140558,0.6610779454247268,-0.2788882222931513
T6_plain,DST,1,voltage_noise,V_sigma_2_mV,0.0,35-65,0.6919419287897678,1.005889597065236,0.5551106181975684
T6_plain,DST,1,voltage_noise,V_sigma_2_mV,0.0,<=35,0.6050942725404409,0.8635176709062435,0.4355930295428152
T6_plain,DST,1,voltage_noise,V_sigma_2_mV,0.0,>65,0.40567268633737297,0.5085850150341037,-0.20063440412540023
T6_plain,DST,1,voltage_noise,V_sigma_2_mV,10.0,35-65,0.5731998507960065,0.8159492341526964,0.4154264455239848
T6_plain,DST,1,voltage_noise,V_sigma_2_mV,10.0,<=35,0.44880996079279295,0.6843402137344071,0.3136140156289517
T6_plain,DST,1,voltage_noise,V_sigma_2_mV,10.0,>65,0.36848029328544685,0.4690193959474639,-0.21357049663668284
T6_plain,DST,1,voltage_noise,V_sigma_2_mV,20.0,35-65,0.5529019535999145,0.658494792615824,0.5412368425206254
T6_plain,DST,1,voltage_noise,V_sigma_2_mV,20.0,<=35,0.4064703833699085,0.5399786090358034,0.22423390244071587
T6_plain,DST,1,voltage_noise,V_sigma_2_mV,20.0,>65,0.33190311609673734,0.45922542716640546,-0.19856506229032844
T6_plain,DST,1,voltage_noise,V_sigma_2_mV,25.0,35-65,0.5660833291958947,0.6608369733279708,0.5647342519624287
T6_plain,DST,1,voltage_noise,V_sigma_2_mV,25.0,<=35,0.3587768055455271,0.4638713865822795,0.32208289451206973
T6_plain,DST,1,voltage_noise,V_sigma_2_mV,25.0,>65,0.36341057925483106,0.464077668499634,-0.021087133851344954
T6_plain,DST,1,voltage_noise,V_sigma_2_mV,30.0,35-65,0.6965880019519429,0.7454032748154205,0.6965667279401242
T6_plain,DST,1,voltage_noise,V_sigma_2_mV,30.0,<=35,0.4338856700086796,0.5160527343135828,0.3513077752080378
T6_plain,DST,1,voltage_noise,V_sigma_2_mV,30.0,>65,0.3929604265422962,0.5045502755585566,-0.08036666016149752
T6_plain,DST,1,voltage_noise,V_sigma_2_mV,40.0,35-65,0.7405301845561882,0.8015959702438393,0.7400362968309314
T6_plain,DST,1,voltage_noise,V_sigma_2_mV,40.0,<=35,0.5318323264136652,0.6143070509123106,0.4663947614236463
T6_plain,DST,1,voltage_noise,V_sigma_2_mV,40.0,>65,0.43883317131818333,0.5416464165473116,-0.006058312062117927
T6_plain,DST,1,voltage_noise,V_sigma_2_mV,50.0,35-65,0.8865376585484163,0.9599144469663063,0.8752594224081905
T6_plain,DST,1,voltage_noise,V_sigma_2_mV,50.0,<=35,0.5931006494188028,0.6659135321205908,0.5442250792720368
T6_plain,DST,1,voltage_noise,V_sigma_2_mV,50.0,>65,0.4406748407550472,0.5379360447906082,0.04546326670811995
T6_plain,DST,1,voltage_noise,V_sigma_5_mV,-10.0,35-65,1.1537659660922104,1.4920060083377156,0.8131017961442862
T6_plain,DST,1,voltage_noise,V_sigma_5_mV,-10.0,<=35,1.2932329528670488,1.5793797560773024,1.2920143487190174
T6_plain,DST,1,voltage_noise,V_sigma_5_mV,-10.0,>65,0.5553176690762064,0.6930429615536339,-0.3335995653909348
T6_plain,DST,1,voltage_noise,V_sigma_5_mV,0.0,35-65,0.6812977720336428,0.9898526557358762,0.512066289437382
T6_plain,DST,1,voltage_noise,V_sigma_5_mV,0.0,<=35,0.6028620882216734,0.8601309011056438,0.42660274327676995
T6_plain,DST,1,voltage_noise,V_sigma_5_mV,0.0,>65,0.4620604828095964,0.5698815115746698,-0.29168865839499714
T6_plain,DST,1,voltage_noise,V_sigma_5_mV,10.0,35-65,0.5889705603924987,0.8381065041159289,0.4506459412335504
T6_plain,DST,1,voltage_noise,V_sigma_5_mV,10.0,<=35,0.4485621382741839,0.6841050146219805,0.30670671727617027
T6_plain,DST,1,voltage_noise,V_sigma_5_mV,10.0,>65,0.3808529554722788,0.49091023722650357,-0.19882651107088323
T6_plain,DST,1,voltage_noise,V_sigma_5_mV,20.0,35-65,0.5237763188240545,0.6301236460928183,0.5087527403531544
T6_plain,DST,1,voltage_noise,V_sigma_5_mV,20.0,<=35,0.4213197960182102,0.5562801439988512,0.2435338765674551
T6_plain,DST,1,voltage_noise,V_sigma_5_mV,20.0,>65,0.3551757588631312,0.4898203166992609,-0.22492639799896585
T6_plain,DST,1,voltage_noise,V_sigma_5_mV,25.0,35-65,0.4796756965889407,0.5857269752808477,0.47236781125132127
T6_plain,DST,1,voltage_noise,V_sigma_5_mV,25.0,<=35,0.3434304021874106,0.4423926780144364,0.305895671602144
T6_plain,DST,1,voltage_noise,V_sigma_5_mV,25.0,>65,0.35635591231255176,0.47124780925299686,-0.08094996073229091
T6_plain,DST,1,voltage_noise,V_sigma_5_mV,30.0,35-65,0.6964496839746536,0.7533508296773714,0.6963742999985734
T6_plain,DST,1,voltage_noise,V_sigma_5_mV,30.0,<=35,0.42516248973489895,0.5074450872180837,0.34181286093195984
T6_plain,DST,1,voltage_noise,V_sigma_5_mV,30.0,>65,0.39622754529941207,0.5042091270795485,-0.02773756260084876
T6_plain,DST,1,voltage_noise,V_sigma_5_mV,40.0,35-65,0.7644335391618051,0.8244772872181297,0.7636771068965373
T6_plain,DST,1,voltage_noise,V_sigma_5_mV,40.0,<=35,0.5314056951365382,0.6196351232437868,0.46937261783598194
T6_plain,DST,1,voltage_noise,V_sigma_5_mV,40.0,>65,0.4361448348473173,0.5353369139282671,0.024628949010252657
T6_plain,DST,1,voltage_noise,V_sigma_5_mV,50.0,35-65,0.8461949490762092,0.932927655313825,0.8313191897691302
T6_plain,DST,1,voltage_noise,V_sigma_5_mV,50.0,<=35,0.5888474415728285,0.665068830999257,0.5382469823202046
T6_plain,DST,1,voltage_noise,V_sigma_5_mV,50.0,>65,0.4569374217368411,0.5560795219969434,-0.05054174866569805
T6_plain,DST,2,baseline,unperturbed,-10.0,35-65,0.9757102830440587,1.1814966663951563,-0.08575888829550507
T6_plain,DST,2,baseline,unperturbed,-10.0,<=35,0.6861439083333333,0.9675942208111153,0.382279886111111
T6_plain,DST,2,baseline,unperturbed,-10.0,>65,0.6501419368340943,0.8106742557244957,-0.49651519254185694
T6_plain,DST,2,baseline,unperturbed,0.0,35-65,0.5925416281652599,0.7147203001483098,-0.148565651266104
T6_plain,DST,2,baseline,unperturbed,0.0,<=35,0.5204320703394547,0.6407919315815817,-0.1691034070116861
T6_plain,DST,2,baseline,unperturbed,0.0,>65,0.4865623244376667,0.6173755650556376,-0.38618777849790314
T6_plain,DST,2,baseline,unperturbed,10.0,35-65,0.3909404006294965,0.49261854759278867,-0.12673423875899278
T6_plain,DST,2,baseline,unperturbed,10.0,<=35,0.3507205482743164,0.47587533945438065,0.06299534271627068
T6_plain,DST,2,baseline,unperturbed,10.0,>65,0.4524178392857143,0.555978731969942,-0.36870292857142856
T6_plain,DST,2,baseline,unperturbed,20.0,35-65,0.24264244593386955,0.3165281806895781,0.05140451742627334
T6_plain,DST,2,baseline,unperturbed,20.0,<=35,0.31505315050505045,0.41597440252898016,0.00018765732323228182
T6_plain,DST,2,baseline,unperturbed,20.0,>65,0.39669855151515154,0.544227187030615,-0.3656664462121212
T6_plain,DST,2,baseline,unperturbed,25.0,35-65,0.30467290308173295,0.40572976278014966,0.22449068602054484
T6_plain,DST,2,baseline,unperturbed,25.0,<=35,0.3150328759213759,0.44500018916135214,0.2920056833742834
T6_plain,DST,2,baseline,unperturbed,25.0,>65,0.28001976762699005,0.42183189272390675,-0.16911231880212252
T6_plain,DST,2,baseline,unperturbed,30.0,35-65,0.2520944943310657,0.3327820633055204,0.17114957732426317
T6_plain,DST,2,baseline,unperturbed,30.0,<=35,0.3000273910978044,0.39993417016870997,0.1642240458682635
T6_plain,DST,2,baseline,unperturbed,30.0,>65,0.33535359418127586,0.4601388169385039,-0.17450567474822823
T6_plain,DST,2,baseline,unperturbed,40.0,35-65,0.4189909265510949,0.5143793076177395,0.41271781249999995
T6_plain,DST,2,baseline,unperturbed,40.0,<=35,0.4703873070630487,0.5676323115428972,0.38069818774940145
T6_plain,DST,2,baseline,unperturbed,40.0,>65,0.3649314334938866,0.46591689771719447,-0.0873063093738422
T6_plain,DST,2,baseline,unperturbed,50.0,35-65,0.5740353048836149,0.6457302640692163,0.5691615531720676
T6_plain,DST,2,baseline,unperturbed,50.0,<=35,0.47107845946053156,0.5700799050965104,0.4572892907179691
T6_plain,DST,2,baseline,unperturbed,50.0,>65,0.4052780418054015,0.5144617580375772,-0.0843802563817981
T6_plain,DST,2,current_noise,I_sigma_0.5_pct_reading,-10.0,35-65,0.9781050361558897,1.1837185258203637,-0.09230855397634212
T6_plain,DST,2,current_noise,I_sigma_0.5_pct_reading,-10.0,<=35,0.6871126677563703,0.9690919339523263,0.384149350382826
T6_plain,DST,2,current_noise,I_sigma_0.5_pct_reading,-10.0,>65,0.650988517614263,0.8125128398909297,-0.49870100286645763
T6_plain,DST,2,current_noise,I_sigma_0.5_pct_reading,0.0,35-65,0.5924381984817649,0.7148723242774385,-0.14946150066863345
T6_plain,DST,2,current_noise,I_sigma_0.5_pct_reading,0.0,<=35,0.5202767623125074,0.6407893822374798,-0.16678944502107212
T6_plain,DST,2,current_noise,I_sigma_0.5_pct_reading,0.0,>65,0.48664372562493474,0.6170559471514867,-0.385561576094817
T6_plain,DST,2,current_noise,I_sigma_0.5_pct_reading,10.0,35-65,0.39386397385889965,0.4954765780297923,-0.12880786341948927
T6_plain,DST,2,current_noise,I_sigma_0.5_pct_reading,10.0,<=35,0.3507842475378302,0.4756901920963942,0.06144641372528017
T6_plain,DST,2,current_noise,I_sigma_0.5_pct_reading,10.0,>65,0.4530323335259143,0.5562727268985543,-0.36925497659051587
T6_plain,DST,2,current_noise,I_sigma_0.5_pct_reading,20.0,35-65,0.24279272105513502,0.3176217338643279,0.05679912621865429
T6_plain,DST,2,current_noise,I_sigma_0.5_pct_reading,20.0,<=35,0.3143727305039888,0.4155277160820635,2.9843133042310084e-05
T6_plain,DST,2,current_noise,I_sigma_0.5_pct_reading,20.0,>65,0.39355589399533125,0.5418380408697139,-0.3620040530024942
T6_plain,DST,2,current_noise,I_sigma_0.5_pct_reading,25.0,35-65,0.3089527735516411,0.4120960174638427,0.23385359362657465
T6_plain,DST,2,current_noise,I_sigma_0.5_pct_reading,25.0,<=35,0.3130901852039527,0.4420295912931217,0.289583795907393
T6_plain,DST,2,current_noise,I_sigma_0.5_pct_reading,25.0,>65,0.28013003734342407,0.4211885871103863,-0.16931921509687142
T6_plain,DST,2,current_noise,I_sigma_0.5_pct_reading,30.0,35-65,0.25516601797371397,0.33674293468592476,0.17800903642009072
T6_plain,DST,2,current_noise,I_sigma_0.5_pct_reading,30.0,<=35,0.30040008781276506,0.4004961120119289,0.16468007439717866
T6_plain,DST,2,current_noise,I_sigma_0.5_pct_reading,30.0,>65,0.33846792092863837,0.4623870373507413,-0.17319817465471574
T6_plain,DST,2,current_noise,I_sigma_0.5_pct_reading,40.0,35-65,0.4052326500285686,0.502370495724148,0.39669190768945534
T6_plain,DST,2,current_noise,I_sigma_0.5_pct_reading,40.0,<=35,0.4659418494960582,0.5629267884895066,0.37606469207563237
T6_plain,DST,2,current_noise,I_sigma_0.5_pct_reading,40.0,>65,0.3642328581576306,0.4647359387519468,-0.0882051309411228
T6_plain,DST,2,current_noise,I_sigma_0.5_pct_reading,50.0,35-65,0.5876347495353278,0.6589531189414407,0.5835442756104393
T6_plain,DST,2,current_noise,I_sigma_0.5_pct_reading,50.0,<=35,0.470293030462916,0.569464082104734,0.45655078669205584
T6_plain,DST,2,current_noise,I_sigma_0.5_pct_reading,50.0,>65,0.4066236561204499,0.5163804113668443,-0.08315610852546615
T6_plain,DST,2,current_noise,I_sigma_1_pct_reading,-10.0,35-65,0.9765350710642189,1.1821023128159749,-0.09951795283565788
T6_plain,DST,2,current_noise,I_sigma_1_pct_reading,-10.0,<=35,0.681318609335645,0.9632222966510712,0.37009670821841906
T6_plain,DST,2,current_noise,I_sigma_1_pct_reading,-10.0,>65,0.6517953466071155,0.8133200749094958,-0.5010393957485604
T6_plain,DST,2,current_noise,I_sigma_1_pct_reading,0.0,35-65,0.5885015503398477,0.7120989775888177,-0.1378260009958659
T6_plain,DST,2,current_noise,I_sigma_1_pct_reading,0.0,<=35,0.5203976167444069,0.6409503031835545,-0.16748635389368746
T6_plain,DST,2,current_noise,I_sigma_1_pct_reading,0.0,>65,0.4862019273561939,0.6164257897123478,-0.38485761562327536
T6_plain,DST,2,current_noise,I_sigma_1_pct_reading,10.0,35-65,0.3888843671544941,0.4911983214835761,-0.12270104595445497
T6_plain,DST,2,current_noise,I_sigma_1_pct_reading,10.0,<=35,0.35098152056718007,0.475371996985954,0.06194900086035374
T6_plain,DST,2,current_noise,I_sigma_1_pct_reading,10.0,>65,0.451741813102264,0.5551252825991974,-0.3673090631046571
T6_plain,DST,2,current_noise,I_sigma_1_pct_reading,20.0,35-65,0.2454989162056871,0.31956579051968387,0.05759899897881337
T6_plain,DST,2,current_noise,I_sigma_1_pct_reading,20.0,<=35,0.3168515749983393,0.4174770363681267,-0.00044839453675976317
T6_plain,DST,2,current_noise,I_sigma_1_pct_reading,20.0,>65,0.3988062198576995,0.5440351096504591,-0.3675630034339134
T6_plain,DST,2,current_noise,I_sigma_1_pct_reading,25.0,35-65,0.31096505343121006,0.4139599144440352,0.2338100344066441
T6_plain,DST,2,current_noise,I_sigma_1_pct_reading,25.0,<=35,0.31611050027442517,0.4464893423659545,0.29279604424487177
T6_plain,DST,2,current_noise,I_sigma_1_pct_reading,25.0,>65,0.2825249106277319,0.4253955474490725,-0.17181140549838397
T6_plain,DST,2,current_noise,I_sigma_1_pct_reading,30.0,35-65,0.2468470244912191,0.3260491853537601,0.15583212410802644
T6_plain,DST,2,current_noise,I_sigma_1_pct_reading,30.0,<=35,0.30207319504239616,0.4009762725054122,0.16740289306682174
T6_plain,DST,2,current_noise,I_sigma_1_pct_reading,30.0,>65,0.33289907416988895,0.4564494210558048,-0.16942702442547383
T6_plain,DST,2,current_noise,I_sigma_1_pct_reading,40.0,35-65,0.4086511037348749,0.5076911302399675,0.39983458116636944
T6_plain,DST,2,current_noise,I_sigma_1_pct_reading,40.0,<=35,0.4688432067537217,0.5664690807993843,0.3790152809535901
T6_plain,DST,2,current_noise,I_sigma_1_pct_reading,40.0,>65,0.3631380014692442,0.463878924476953,-0.07798018196289896
T6_plain,DST,2,current_noise,I_sigma_1_pct_reading,50.0,35-65,0.5708672086652683,0.6414869791756492,0.5656165414481408
T6_plain,DST,2,current_noise,I_sigma_1_pct_reading,50.0,<=35,0.46965145906556155,0.5687855838937192,0.4551395781861886
T6_plain,DST,2,current_noise,I_sigma_1_pct_reading,50.0,>65,0.4094094545246896,0.5184352425062634,-0.09350147701133499
T6_plain,DST,2,current_noise,I_sigma_2_pct_reading,-10.0,35-65,0.9728133466039809,1.1808368350898297,-0.07184256441360172
T6_plain,DST,2,current_noise,I_sigma_2_pct_reading,-10.0,<=35,0.6852216284929347,0.9729014966076647,0.384258520704891
T6_plain,DST,2,current_noise,I_sigma_2_pct_reading,-10.0,>65,0.6520343100704714,0.8116006555834192,-0.4988084023620455
T6_plain,DST,2,current_noise,I_sigma_2_pct_reading,0.0,35-65,0.5975920029126753,0.7184999045401299,-0.16692034412621398
T6_plain,DST,2,current_noise,I_sigma_2_pct_reading,0.0,<=35,0.5218837249337186,0.640379133885143,-0.18046025553474454
T6_plain,DST,2,current_noise,I_sigma_2_pct_reading,0.0,>65,0.48872514234915393,0.6175746664291256,-0.3864330173618473
T6_plain,DST,2,current_noise,I_sigma_2_pct_reading,10.0,35-65,0.3882953496042453,0.49239975147964604,-0.1154505152332685
T6_plain,DST,2,current_noise,I_sigma_2_pct_reading,10.0,<=35,0.3539747615065883,0.48124770935878614,0.07222336291370908
T6_plain,DST,2,current_noise,I_sigma_2_pct_reading,10.0,>65,0.4681369248109169,0.5730825979977427,-0.3887294985177275
T6_plain,DST,2,current_noise,I_sigma_2_pct_reading,20.0,35-65,0.24777410540030698,0.3227746854276597,0.06174615460033603
T6_plain,DST,2,current_noise,I_sigma_2_pct_reading,20.0,<=35,0.3193506651274077,0.4221302137699765,0.011431220854835427
T6_plain,DST,2,current_noise,I_sigma_2_pct_reading,20.0,>65,0.38486492386997107,0.5311262041362892,-0.352058626678093
T6_plain,DST,2,current_noise,I_sigma_2_pct_reading,25.0,35-65,0.31315400845497643,0.4150572078909808,0.2448305347964713
T6_plain,DST,2,current_noise,I_sigma_2_pct_reading,25.0,<=35,0.31047865479408737,0.440472905821556,0.2842512101425115
T6_plain,DST,2,current_noise,I_sigma_2_pct_reading,25.0,>65,0.28385472893926367,0.4222505444797034,-0.1664895376835499
T6_plain,DST,2,current_noise,I_sigma_2_pct_reading,30.0,35-65,0.27742731098344353,0.3655531961129932,0.1927571605484771
T6_plain,DST,2,current_noise,I_sigma_2_pct_reading,30.0,<=35,0.30223147984842985,0.4032483208640663,0.16399258996787094
T6_plain,DST,2,current_noise,I_sigma_2_pct_reading,30.0,>65,0.3323826153313954,0.45981942457383435,-0.1681502733700107
T6_plain,DST,2,current_noise,I_sigma_2_pct_reading,40.0,35-65,0.4356327983272116,0.5311212931800066,0.4247213612517243
T6_plain,DST,2,current_noise,I_sigma_2_pct_reading,40.0,<=35,0.47784206705603544,0.5790346941410184,0.38698487615014865
T6_plain,DST,2,current_noise,I_sigma_2_pct_reading,40.0,>65,0.35175606154340006,0.45095698988040567,-0.09876321371673487
T6_plain,DST,2,current_noise,I_sigma_2_pct_reading,50.0,35-65,0.6108357853619315,0.6812616352126846,0.606375246725136
T6_plain,DST,2,current_noise,I_sigma_2_pct_reading,50.0,<=35,0.475723376031282,0.5764839140278476,0.4620481725137949
T6_plain,DST,2,current_noise,I_sigma_2_pct_reading,50.0,>65,0.4090583338074679,0.5212139667828761,-0.06368308584648548
T6_plain,DST,2,voltage_noise,V_sigma_10_mV,-10.0,35-65,0.9670050394011417,1.1799833889191016,-0.059430654465610064
T6_plain,DST,2,voltage_noise,V_sigma_10_mV,-10.0,<=35,0.7041516929582738,0.9855747438908794,0.40870275253736
T6_plain,DST,2,voltage_noise,V_sigma_10_mV,-10.0,>65,0.6516677385297319,0.8144625204724547,-0.49229273921652444
T6_plain,DST,2,voltage_noise,V_sigma_10_mV,0.0,35-65,0.6017199061355759,0.7349267995951146,-0.16885188679009328
T6_plain,DST,2,voltage_noise,V_sigma_10_mV,0.0,<=35,0.514859447744859,0.6410441629845657,-0.1353483927915275
T6_plain,DST,2,voltage_noise,V_sigma_10_mV,0.0,>65,0.5893345287367442,0.7317628020320924,-0.48042790302597044
T6_plain,DST,2,voltage_noise,V_sigma_10_mV,10.0,35-65,0.4281289981252809,0.5381752551707383,-0.13097588991095285
T6_plain,DST,2,voltage_noise,V_sigma_10_mV,10.0,<=35,0.3685843563621549,0.5026099664503055,0.0840945172482104
T6_plain,DST,2,voltage_noise,V_sigma_10_mV,10.0,>65,0.5337162326075195,0.6369792794111875,-0.443645564652666
T6_plain,DST,2,voltage_noise,V_sigma_10_mV,20.0,35-65,0.3345421526960215,0.43488962139856335,0.1988975803452004
T6_plain,DST,2,voltage_noise,V_sigma_10_mV,20.0,<=35,0.3434001182647561,0.44944299347652433,0.049049770672467054
T6_plain,DST,2,voltage_noise,V_sigma_10_mV,20.0,>65,0.4820576561675641,0.6190443779888152,-0.43040203104099306
T6_plain,DST,2,voltage_noise,V_sigma_10_mV,25.0,35-65,0.32129046869296063,0.3975361470203402,0.026827137962603706
T6_plain,DST,2,voltage_noise,V_sigma_10_mV,25.0,<=35,0.31022223662862813,0.43284703442390254,0.25731571055795543
T6_plain,DST,2,voltage_noise,V_sigma_10_mV,25.0,>65,0.42024507995839927,0.5541493895785253,-0.2392653274994589
T6_plain,DST,2,voltage_noise,V_sigma_10_mV,30.0,35-65,0.2989440150998647,0.37950002406718264,0.17832532308380067
T6_plain,DST,2,voltage_noise,V_sigma_10_mV,30.0,<=35,0.29504676727678875,0.3982089988972975,0.15096142679863256
T6_plain,DST,2,voltage_noise,V_sigma_10_mV,30.0,>65,0.35843702686485973,0.48976199695370504,-0.17300577014994903
T6_plain,DST,2,voltage_noise,V_sigma_10_mV,40.0,35-65,0.49256237045331597,0.6090991366028203,0.43463566711951923
T6_plain,DST,2,voltage_noise,V_sigma_10_mV,40.0,<=35,0.5017066513235066,0.6154253244348824,0.41540731672157716
T6_plain,DST,2,voltage_noise,V_sigma_10_mV,40.0,>65,0.4149289361365141,0.5389974429574211,-0.1000981958105638
T6_plain,DST,2,voltage_noise,V_sigma_10_mV,50.0,35-65,0.5820828601590832,0.6795030072914199,0.5561233514787217
T6_plain,DST,2,voltage_noise,V_sigma_10_mV,50.0,<=35,0.4537723366243106,0.5588626226450765,0.4389942895788606
T6_plain,DST,2,voltage_noise,V_sigma_10_mV,50.0,>65,0.41096700059462044,0.5189766319211367,-0.1403087281772446
T6_plain,DST,2,voltage_noise,V_sigma_1_mV,-10.0,35-65,0.976987626086552,1.1827611948842882,-0.08694281493573817
T6_plain,DST,2,voltage_noise,V_sigma_1_mV,-10.0,<=35,0.6849351290956356,0.9662622360016343,0.38194463252154454
T6_plain,DST,2,voltage_noise,V_sigma_1_mV,-10.0,>65,0.6562544533779293,0.8199834884832417,-0.5073804454088467
T6_plain,DST,2,voltage_noise,V_sigma_1_mV,0.0,35-65,0.5889977711677512,0.7135390486425323,-0.13817250716562154
T6_plain,DST,2,voltage_noise,V_sigma_1_mV,0.0,<=35,0.5200242634312189,0.6407989357603523,-0.1666648097021239
T6_plain,DST,2,voltage_noise,V_sigma_1_mV,0.0,>65,0.48211359959350536,0.6121765439384728,-0.3797708867636247
T6_plain,DST,2,voltage_noise,V_sigma_1_mV,10.0,35-65,0.39113539594164626,0.49264038422720946,-0.12756577614548562
T6_plain,DST,2,voltage_noise,V_sigma_1_mV,10.0,<=35,0.35078361095031085,0.4757029874168008,0.0637422736792501
T6_plain,DST,2,voltage_noise,V_sigma_1_mV,10.0,>65,0.45248542683766835,0.5559782324178204,-0.3678223140114257
T6_plain,DST,2,voltage_noise,V_sigma_1_mV,20.0,35-65,0.23815065652154344,0.3131698563281681,0.05460540540989502
T6_plain,DST,2,voltage_noise,V_sigma_1_mV,20.0,<=35,0.31506004949150695,0.41533750744289477,-0.0027525067075251965
T6_plain,DST,2,voltage_noise,V_sigma_1_mV,20.0,>65,0.3830017165940834,0.5339406833587548,-0.3539802397861211
T6_plain,DST,2,voltage_noise,V_sigma_1_mV,25.0,35-65,0.30236489072288847,0.4018307012338163,0.22057892534590767
T6_plain,DST,2,voltage_noise,V_sigma_1_mV,25.0,<=35,0.3169841972791525,0.4473871302546187,0.294261144195788
T6_plain,DST,2,voltage_noise,V_sigma_1_mV,25.0,>65,0.2788870426069891,0.4193209984074037,-0.16666355477705508
T6_plain,DST,2,voltage_noise,V_sigma_1_mV,30.0,35-65,0.25826883932084177,0.340709992194998,0.18728441434312917
T6_plain,DST,2,voltage_noise,V_sigma_1_mV,30.0,<=35,0.30297432828248055,0.4032202664255875,0.167164705217776
T6_plain,DST,2,voltage_noise,V_sigma_1_mV,30.0,>65,0.33257227853931787,0.457639821623793,-0.17565243499503724
T6_plain,DST,2,voltage_noise,V_sigma_1_mV,40.0,35-65,0.4199744670545307,0.5153972640321963,0.41429392791600117
T6_plain,DST,2,voltage_noise,V_sigma_1_mV,40.0,<=35,0.46397846127037334,0.561529668173952,0.3743722962607573
T6_plain,DST,2,voltage_noise,V_sigma_1_mV,40.0,>65,0.362714613223803,0.46337034832474167,-0.08936803839323912
T6_plain,DST,2,voltage_noise,V_sigma_1_mV,50.0,35-65,0.5796613154412656,0.6520374138958217,0.5750024017970928
T6_plain,DST,2,voltage_noise,V_sigma_1_mV,50.0,<=35,0.46926408912286954,0.5684061457811377,0.4553566469556687
T6_plain,DST,2,voltage_noise,V_sigma_1_mV,50.0,>65,0.40743870509996605,0.5178482690585707,-0.08073202312503262
T6_plain,DST,2,voltage_noise,V_sigma_2_mV,-10.0,35-65,0.9779447254116803,1.1836560202715967,-0.09556820476118533
T6_plain,DST,2,voltage_noise,V_sigma_2_mV,-10.0,<=35,0.6844606553795639,0.9632076400173962,0.37554999787735405
T6_plain,DST,2,voltage_noise,V_sigma_2_mV,-10.0,>65,0.6600647392857174,0.8256856446910932,-0.5123066566525
T6_plain,DST,2,voltage_noise,V_sigma_2_mV,0.0,35-65,0.5845893868318611,0.7106151727886625,-0.13044404297138915
T6_plain,DST,2,voltage_noise,V_sigma_2_mV,0.0,<=35,0.5201067076180386,0.6406455511055665,-0.16701424594003722
T6_plain,DST,2,voltage_noise,V_sigma_2_mV,0.0,>65,0.47057362561469124,0.5991036705352493,-0.3644519204154616
T6_plain,DST,2,voltage_noise,V_sigma_2_mV,10.0,35-65,0.3842371307994456,0.48861902911969285,-0.11049824072022399
T6_plain,DST,2,voltage_noise,V_sigma_2_mV,10.0,<=35,0.35096940771473023,0.4776868900320158,0.06679357797814856
T6_plain,DST,2,voltage_noise,V_sigma_2_mV,10.0,>65,0.4408772289161879,0.5445929240099375,-0.35547305997044104
T6_plain,DST,2,voltage_noise,V_sigma_2_mV,20.0,35-65,0.24844552030797554,0.3220068618918656,0.044298566062831786
T6_plain,DST,2,voltage_noise,V_sigma_2_mV,20.0,<=35,0.31515976603981316,0.4159354913679624,0.00037349651168882566
T6_plain,DST,2,voltage_noise,V_sigma_2_mV,20.0,>65,0.39003151516169154,0.5357113733651688,-0.359381820408823
T6_plain,DST,2,voltage_noise,V_sigma_2_mV,25.0,35-65,0.3139565379969029,0.41710958872543336,0.23970123876613397
T6_plain,DST,2,voltage_noise,V_sigma_2_mV,25.0,<=35,0.3236083352903762,0.45362420253237123,0.30146246948854677
T6_plain,DST,2,voltage_noise,V_sigma_2_mV,25.0,>65,0.2827269399887925,0.42495117303122804,-0.16870384647118333
T6_plain,DST,2,voltage_noise,V_sigma_2_mV,30.0,35-65,0.2465099885856126,0.32601059492746726,0.16437271687469954
T6_plain,DST,2,voltage_noise,V_sigma_2_mV,30.0,<=35,0.3034816241562848,0.4035345018658605,0.16822495342226867
T6_plain,DST,2,voltage_noise,V_sigma_2_mV,30.0,>65,0.3389060771552958,0.4594590931505782,-0.17395315200037503
T6_plain,DST,2,voltage_noise,V_sigma_2_mV,40.0,35-65,0.40329850071623724,0.5020292807654709,0.39273235146821844
T6_plain,DST,2,voltage_noise,V_sigma_2_mV,40.0,<=35,0.47717034208949594,0.5753445620524668,0.38718007402814925
T6_plain,DST,2,voltage_noise,V_sigma_2_mV,40.0,>65,0.36373801550269425,0.46420600836250314,-0.0802066116245587
T6_plain,DST,2,voltage_noise,V_sigma_2_mV,50.0,35-65,0.5836681546797388,0.6555266622131054,0.5794864683823301
T6_plain,DST,2,voltage_noise,V_sigma_2_mV,50.0,<=35,0.4735783155425786,0.5735611912759099,0.4597445266567411
T6_plain,DST,2,voltage_noise,V_sigma_2_mV,50.0,>65,0.4127988149236824,0.521557241821809,-0.07777834652328919
T6_plain,DST,2,voltage_noise,V_sigma_5_mV,-10.0,35-65,0.9869659109392402,1.1958248961384887,-0.11423128291423561
T6_plain,DST,2,voltage_noise,V_sigma_5_mV,-10.0,<=35,0.6874686295862057,0.9687355489232686,0.3939513480135105
T6_plain,DST,2,voltage_noise,V_sigma_5_mV,-10.0,>65,0.6907888184590062,0.870991166671408,-0.5627561807065022
T6_plain,DST,2,voltage_noise,V_sigma_5_mV,0.0,35-65,0.6055875824884172,0.7302808862922822,-0.1755640150012696
T6_plain,DST,2,voltage_noise,V_sigma_5_mV,0.0,<=35,0.5264093136904257,0.6466948124594372,-0.17534420097143977
T6_plain,DST,2,voltage_noise,V_sigma_5_mV,0.0,>65,0.5368107579233197,0.6768297570027333,-0.4382331644755092
T6_plain,DST,2,voltage_noise,V_sigma_5_mV,10.0,35-65,0.3759312310161694,0.4845552400197762,-0.0750574940343543
T6_plain,DST,2,voltage_noise,V_sigma_5_mV,10.0,<=35,0.35619295163044173,0.4786642386961704,0.05875567695149773
T6_plain,DST,2,voltage_noise,V_sigma_5_mV,10.0,>65,0.44000223992728793,0.5526508815617501,-0.3441679963160173
T6_plain,DST,2,voltage_noise,V_sigma_5_mV,20.0,35-65,0.23715581423470886,0.30906585734854725,0.013294717372488598
T6_plain,DST,2,voltage_noise,V_sigma_5_mV,20.0,<=35,0.3218940210473518,0.4269063679836393,0.018772465880039457
T6_plain,DST,2,voltage_noise,V_sigma_5_mV,20.0,>65,0.4151713823016446,0.5652207898548299,-0.3705901976605444
T6_plain,DST,2,voltage_noise,V_sigma_5_mV,25.0,35-65,0.28477548343320647,0.3748833990566528,0.14799027300460543
T6_plain,DST,2,voltage_noise,V_sigma_5_mV,25.0,<=35,0.31171986637120425,0.4384846798480975,0.28596962007047255
T6_plain,DST,2,voltage_noise,V_sigma_5_mV,25.0,>65,0.3134009934813003,0.44970301024250875,-0.2010025422803189
T6_plain,DST,2,voltage_noise,V_sigma_5_mV,30.0,35-65,0.26281277872955366,0.3471359866555642,0.16472855254927088
T6_plain,DST,2,voltage_noise,V_sigma_5_mV,30.0,<=35,0.29734543949876885,0.39819801954915324,0.15919470365189733
T6_plain,DST,2,voltage_noise,V_sigma_5_mV,30.0,>65,0.33662257465007317,0.4638198652557198,-0.15069194248613701
T6_plain,DST,2,voltage_noise,V_sigma_5_mV,40.0,35-65,0.4228930899448198,0.5183744691592506,0.4139887269369239
T6_plain,DST,2,voltage_noise,V_sigma_5_mV,40.0,<=35,0.4761807524132305,0.5824827308197673,0.3894070585147633
T6_plain,DST,2,voltage_noise,V_sigma_5_mV,40.0,>65,0.3538809180492031,0.4571735237427539,-0.06454663847225389
T6_plain,DST,2,voltage_noise,V_sigma_5_mV,50.0,35-65,0.5410025130082257,0.6322864956869803,0.5347125242758212
T6_plain,DST,2,voltage_noise,V_sigma_5_mV,50.0,<=35,0.4709143836177949,0.574758786865969,0.4563834139256441
T6_plain,DST,2,voltage_noise,V_sigma_5_mV,50.0,>65,0.4287934767977289,0.5402544448711178,-0.12279561926810717
T6_plain,FUDS,0,baseline,unperturbed,-10.0,35-65,2.624457291058394,2.877118733566025,2.125182158759124
T6_plain,FUDS,0,baseline,unperturbed,-10.0,<=35,1.4513116572164948,1.7893389836708358,1.2369481752577318
T6_plain,FUDS,0,baseline,unperturbed,-10.0,>65,0.9606607915567285,1.0962443169821317,0.9193509001130796
T6_plain,FUDS,0,baseline,unperturbed,0.0,35-65,1.1575602091324202,1.4234044138649742,0.8932536009132422
T6_plain,FUDS,0,baseline,unperturbed,0.0,<=35,0.8858712479342723,1.14018655708328,0.5792216437089202
T6_plain,FUDS,0,baseline,unperturbed,0.0,>65,0.5461500037807184,0.6455040194429282,0.4500741860113422
T6_plain,FUDS,0,baseline,unperturbed,10.0,35-65,0.8151250168105406,1.0567130772401174,0.6778231285779193
T6_plain,FUDS,0,baseline,unperturbed,10.0,<=35,0.6434459192118226,0.8169143939357344,0.5707859561128527
T6_plain,FUDS,0,baseline,unperturbed,10.0,>65,0.5365089748743719,0.6400613646617338,0.45969089447236183
T6_plain,FUDS,0,baseline,unperturbed,20.0,35-65,0.5609404945404914,0.7464031469039403,0.14534925796178338
T6_plain,FUDS,0,baseline,unperturbed,20.0,<=35,0.4481877413807532,0.5910651524594532,0.21584566698744773
T6_plain,FUDS,0,baseline,unperturbed,20.0,>65,0.4648781161217587,0.563761656532821,0.20247659263434808
T6_plain,FUDS,0,baseline,unperturbed,25.0,35-65,0.5380181230628989,0.7371588504071084,0.030148647219690048
T6_plain,FUDS,0,baseline,unperturbed,25.0,<=35,0.4087915192229867,0.5296076885202397,0.14787701181707807
T6_plain,FUDS,0,baseline,unperturbed,25.0,>65,0.5307051753197893,0.642011224420827,0.20357174341610226
T6_plain,FUDS,0,baseline,unperturbed,30.0,35-65,0.5660708156093108,0.7692421942531148,-0.3621670438156094
T6_plain,FUDS,0,baseline,unperturbed,30.0,<=35,0.3979890071314102,0.48815060780600045,-0.16416818717948717
T6_plain,FUDS,0,baseline,unperturbed,30.0,>65,0.5589235653136531,0.6744580352043822,-0.04102336236162366
T6_plain,FUDS,0,baseline,unperturbed,40.0,35-65,0.6307746039783002,0.8233135700466678,-0.48560682188065096
T6_plain,FUDS,0,baseline,unperturbed,40.0,<=35,0.44794866564915,0.5643346774746678,-0.3229792862055641
T6_plain,FUDS,0,baseline,unperturbed,40.0,>65,0.6262972572370832,0.7569680636725974,-0.09503868633198971
T6_plain,FUDS,0,baseline,unperturbed,50.0,35-65,0.8296684513794662,1.0649276828870469,-0.8088264649479872
T6_plain,FUDS,0,baseline,unperturbed,50.0,<=35,0.6045196812738368,0.7744334645697601,-0.5465908955377574
T6_plain,FUDS,0,baseline,unperturbed,50.0,>65,0.686213147144949,0.8352453590743187,-0.1458737430453882
T6_plain,FUDS,0,current_noise,I_sigma_0.5_pct_reading,-10.0,35-65,2.621112915210399,2.8737901409294917,2.1204204491391008
T6_plain,FUDS,0,current_noise,I_sigma_0.5_pct_reading,-10.0,<=35,1.4470042055090284,1.7849031440131804,1.232313708284483
T6_plain,FUDS,0,current_noise,I_sigma_0.5_pct_reading,-10.0,>65,0.961652104233187,1.0974361036294602,0.9212358636590886
T6_plain,FUDS,0,current_noise,I_sigma_0.5_pct_reading,0.0,35-65,1.157209484018208,1.4235999736954397,0.893180676507658
T6_plain,FUDS,0,current_noise,I_sigma_0.5_pct_reading,0.0,<=35,0.8873710798233041,1.1414633517722728,0.5812086267775208
T6_plain,FUDS,0,current_noise,I_sigma_0.5_pct_reading,0.0,>65,0.5465487096710725,0.645644165068346,0.4501041376035136
T6_plain,FUDS,0,current_noise,I_sigma_0.5_pct_reading,10.0,35-65,0.8113977897792679,1.0520364630651902,0.6724616820408222
T6_plain,FUDS,0,current_noise,I_sigma_0.5_pct_reading,10.0,<=35,0.6406654348692303,0.813628380647868,0.5676423485774642
T6_plain,FUDS,0,current_noise,I_sigma_0.5_pct_reading,10.0,>65,0.5325830992604992,0.6362006950073521,0.4544999318180152
T6_plain,FUDS,0,current_noise,I_sigma_0.5_pct_reading,20.0,35-65,0.559239669097161,0.7458344143776133,0.14225108818305152
T6_plain,FUDS,0,current_noise,I_sigma_0.5_pct_reading,20.0,<=35,0.44747508771933303,0.5906860612986806,0.21351625314967987
T6_plain,FUDS,0,current_noise,I_sigma_0.5_pct_reading,20.0,>65,0.46529999792500926,0.5640709742280459,0.20304615265328196
T6_plain,FUDS,0,current_noise,I_sigma_0.5_pct_reading,25.0,35-65,0.5351514086361506,0.7352338106811789,0.026335585687679682
T6_plain,FUDS,0,current_noise,I_sigma_0.5_pct_reading,25.0,<=35,0.40854036195371474,0.5293700828781812,0.1457712411307185
T6_plain,FUDS,0,current_noise,I_sigma_0.5_pct_reading,25.0,>65,0.5307159251867427,0.6420735872704173,0.20121581498046595
T6_plain,FUDS,0,current_noise,I_sigma_0.5_pct_reading,30.0,35-65,0.5654629705725711,0.7666049076738403,-0.3570298933656054
T6_plain,FUDS,0,current_noise,I_sigma_0.5_pct_reading,30.0,<=35,0.39805495916802003,0.48940564840416056,-0.1637455587160314
T6_plain,FUDS,0,current_noise,I_sigma_0.5_pct_reading,30.0,>65,0.5582094965729061,0.6734405526438942,-0.03804806149879446
T6_plain,FUDS,0,current_noise,I_sigma_0.5_pct_reading,40.0,35-65,0.635858018300049,0.8279863809006703,-0.48927399302025704
T6_plain,FUDS,0,current_noise,I_sigma_0.5_pct_reading,40.0,<=35,0.4466266688830331,0.5621961604661575,-0.3204304454213498
T6_plain,FUDS,0,current_noise,I_sigma_0.5_pct_reading,40.0,>65,0.6282105857006729,0.7587388046568665,-0.09588311531187102
T6_plain,FUDS,0,current_noise,I_sigma_0.5_pct_reading,50.0,35-65,0.8326954692346028,1.0670602456978264,-0.8101874740820092
T6_plain,FUDS,0,current_noise,I_sigma_0.5_pct_reading,50.0,<=35,0.6025816076704011,0.7719702101031978,-0.5437200142230176
T6_plain,FUDS,0,current_noise,I_sigma_0.5_pct_reading,50.0,>65,0.6878853077728138,0.8369445491073696,-0.14360111315557916
T6_plain,FUDS,0,current_noise,I_sigma_1_pct_reading,-10.0,35-65,2.609266587463959,2.861566881435779,2.111123698058752
T6_plain,FUDS,0,current_noise,I_sigma_1_pct_reading,-10.0,<=35,1.444730732000826,1.781856943546162,1.2280736558363774
T6_plain,FUDS,0,current_noise,I_sigma_1_pct_reading,-10.0,>65,0.9610152662769121,1.097421364979147,0.9192787845772711
T6_plain,FUDS,0,current_noise,I_sigma_1_pct_reading,0.0,35-65,1.1512021954457115,1.4207310800497186,0.8842282552764825
T6_plain,FUDS,0,current_noise,I_sigma_1_pct_reading,0.0,<=35,0.8892824880637367,1.1453847011649945,0.5846812018937529
T6_plain,FUDS,0,current_noise,I_sigma_1_pct_reading,0.0,>65,0.5455322196114996,0.6460232470272663,0.4523428459962476
T6_plain,FUDS,0,current_noise,I_sigma_1_pct_reading,10.0,35-65,0.8168005716552179,1.0588549810712633,0.6734152715043341
T6_plain,FUDS,0,current_noise,I_sigma_1_pct_reading,10.0,<=35,0.6431730239477944,0.816808844784393,0.5717659206223963
T6_plain,FUDS,0,current_noise,I_sigma_1_pct_reading,10.0,>65,0.5321574413352234,0.6363203707587021,0.453283403398956
T6_plain,FUDS,0,current_noise,I_sigma_1_pct_reading,20.0,35-65,0.5663666086846786,0.7485341904198528,0.1551655679923622
T6_plain,FUDS,0,current_noise,I_sigma_1_pct_reading,20.0,<=35,0.444266740944603,0.5879172878795346,0.21041519301649664
T6_plain,FUDS,0,current_noise,I_sigma_1_pct_reading,20.0,>65,0.4646358898700254,0.5639278747715821,0.2003187268365906
T6_plain,FUDS,0,current_noise,I_sigma_1_pct_reading,25.0,35-65,0.5468567162205521,0.7382510021919699,0.04499036387538422
T6_plain,FUDS,0,current_noise,I_sigma_1_pct_reading,25.0,<=35,0.408471057934811,0.5297782399780077,0.15160419308735448
T6_plain,FUDS,0,current_noise,I_sigma_1_pct_reading,25.0,>65,0.5271717802048477,0.6368748169451128,0.19748441472004777
T6_plain,FUDS,0,current_noise,I_sigma_1_pct_reading,30.0,35-65,0.5718155465685173,0.7701498187915485,-0.36424306148951896
T6_plain,FUDS,0,current_noise,I_sigma_1_pct_reading,30.0,<=35,0.4003454753688524,0.4896407566706821,-0.1733869602991692
T6_plain,FUDS,0,current_noise,I_sigma_1_pct_reading,30.0,>65,0.5593643831365024,0.6757263401712222,-0.03800689177152063
T6_plain,FUDS,0,current_noise,I_sigma_1_pct_reading,40.0,35-65,0.6386862022442152,0.8287540587680741,-0.4890611489295625
T6_plain,FUDS,0,current_noise,I_sigma_1_pct_reading,40.0,<=35,0.44596500288622587,0.5619248728375084,-0.319073308514859
T6_plain,FUDS,0,current_noise,I_sigma_1_pct_reading,40.0,>65,0.6264814018105721,0.7586495823781125,-0.10253882825612635
T6_plain,FUDS,0,current_noise,I_sigma_1_pct_reading,50.0,35-65,0.8235966189829508,1.0557025134954436,-0.7966631127869
T6_plain,FUDS,0,current_noise,I_sigma_1_pct_reading,50.0,<=35,0.6058717134853242,0.7761164013742845,-0.5503604781834446
T6_plain,FUDS,0,current_noise,I_sigma_1_pct_reading,50.0,>65,0.6834637866174541,0.8330669781772254,-0.14762318964154952
T6_plain,FUDS,0,current_noise,I_sigma_2_pct_reading,-10.0,35-65,2.6323384182611784,2.881956202226211,2.1369408213571246
T6_plain,FUDS,0,current_noise,I_sigma_2_pct_reading,-10.0,<=35,1.4452886396410736,1.7825399338645576,1.2275635983059252
T6_plain,FUDS,0,current_noise,I_sigma_2_pct_reading,-10.0,>65,0.9602821147779956,1.0952927106802328,0.9144355937762307
T6_plain,FUDS,0,current_noise,I_sigma_2_pct_reading,0.0,35-65,1.170841796917165,1.429681692403602,0.9107811755671696
T6_plain,FUDS,0,current_noise,I_sigma_2_pct_reading,0.0,<=35,0.8858176753003504,1.1375797737438504,0.5761627875288322
T6_plain,FUDS,0,current_noise,I_sigma_2_pct_reading,0.0,>65,0.5557953245876397,0.6546951349817234,0.4613858891833223
T6_plain,FUDS,0,current_noise,I_sigma_2_pct_reading,10.0,35-65,0.8147284080786454,1.0510556459691125,0.6814275561454354
T6_plain,FUDS,0,current_noise,I_sigma_2_pct_reading,10.0,<=35,0.6304186572140598,0.8041931423300928,0.5616985162782321
T6_plain,FUDS,0,current_noise,I_sigma_2_pct_reading,10.0,>65,0.5421333655289517,0.6475444769820001,0.4666576542597023
T6_plain,FUDS,0,current_noise,I_sigma_2_pct_reading,20.0,35-65,0.5678742147363658,0.7415701236380657,0.17217362954164753
T6_plain,FUDS,0,current_noise,I_sigma_2_pct_reading,20.0,<=35,0.44823707164079063,0.5944332536636283,0.21688243019142328
T6_plain,FUDS,0,current_noise,I_sigma_2_pct_reading,20.0,>65,0.46582466084968494,0.5619704927520532,0.2129412763038339
T6_plain,FUDS,0,current_noise,I_sigma_2_pct_reading,25.0,35-65,0.5478589065167367,0.7508029345621653,0.014101979568254302
T6_plain,FUDS,0,current_noise,I_sigma_2_pct_reading,25.0,<=35,0.40505058559027635,0.5256155263259475,0.12972827559594405
T6_plain,FUDS,0,current_noise,I_sigma_2_pct_reading,25.0,>65,0.5291730652457572,0.6410132114244734,0.19445195927451583
T6_plain,FUDS,0,current_noise,I_sigma_2_pct_reading,30.0,35-65,0.575479593861546,0.7765060940952943,-0.38794709284008705
T6_plain,FUDS,0,current_noise,I_sigma_2_pct_reading,30.0,<=35,0.40254930686433715,0.4919648776619573,-0.17195893364492904
T6_plain,FUDS,0,current_noise,I_sigma_2_pct_reading,30.0,>65,0.5646562546890503,0.6805356956429798,-0.04216786856266785
T6_plain,FUDS,0,current_noise,I_sigma_2_pct_reading,40.0,35-65,0.6433051069823535,0.8434574324488252,-0.5111101303822836
T6_plain,FUDS,0,current_noise,I_sigma_2_pct_reading,40.0,<=35,0.45259905886352314,0.5719715440298823,-0.3372783739677918
T6_plain,FUDS,0,current_noise,I_sigma_2_pct_reading,40.0,>65,0.6276280244880976,0.7612621282999127,-0.10503404016572324
T6_plain,FUDS,0,current_noise,I_sigma_2_pct_reading,50.0,35-65,0.8086566754590211,1.0443779750645434,-0.782523590760922
T6_plain,FUDS,0,current_noise,I_sigma_2_pct_reading,50.0,<=35,0.5973628840544943,0.7664520160133395,-0.5326760996361286
T6_plain,FUDS,0,current_noise,I_sigma_2_pct_reading,50.0,>65,0.6817917741842646,0.8317059156515778,-0.15162086283981757
T6_plain,FUDS,0,voltage_noise,V_sigma_10_mV,-10.0,35-65,2.643840215520434,2.8971775032508917,2.146716502918777
T6_plain,FUDS,0,voltage_noise,V_sigma_10_mV,-10.0,<=35,1.4786752541593244,1.8212223046885003,1.2674385206236627
T6_plain,FUDS,0,voltage_noise,V_sigma_10_mV,-10.0,>65,1.0352084070515208,1.1779566921117819,1.0022682314475864
T6_plain,FUDS,0,voltage_noise,V_sigma_10_mV,0.0,35-65,1.1556264988419185,1.401932051330066,0.9081016700810659
T6_plain,FUDS,0,voltage_noise,V_sigma_10_mV,0.0,<=35,0.8745731818194792,1.1322506839007547,0.5648351051656102
T6_plain,FUDS,0,voltage_noise,V_sigma_10_mV,0.0,>65,0.6214629499524622,0.7394829262761569,0.551952832591733
T6_plain,FUDS,0,voltage_noise,V_sigma_10_mV,10.0,35-65,0.8351532370763197,1.074686368058658,0.686977396705706
T6_plain,FUDS,0,voltage_noise,V_sigma_10_mV,10.0,<=35,0.6379604120378121,0.8179894808483124,0.5693840004796467
T6_plain,FUDS,0,voltage_noise,V_sigma_10_mV,10.0,>65,0.5817386717210871,0.7235370509658127,0.45789139463362016
T6_plain,FUDS,0,voltage_noise,V_sigma_10_mV,20.0,35-65,0.5627187749024328,0.7315258066856096,0.19274393367002418
T6_plain,FUDS,0,voltage_noise,V_sigma_10_mV,20.0,<=35,0.43450096564747964,0.5740812666012846,0.15936452439001333
T6_plain,FUDS,0,voltage_noise,V_sigma_10_mV,20.0,>65,0.5015394291207592,0.621981622409679,0.2975455896944231
T6_plain,FUDS,0,voltage_noise,V_sigma_10_mV,25.0,35-65,0.5809407535402408,0.7571863556953787,0.03896673812526127
T6_plain,FUDS,0,voltage_noise,V_sigma_10_mV,25.0,<=35,0.42409251987424107,0.5365520326755189,0.1287439444470161
T6_plain,FUDS,0,voltage_noise,V_sigma_10_mV,25.0,>65,0.5339768550739924,0.6609544149069673,0.23159332742265554
T6_plain,FUDS,0,voltage_noise,V_sigma_10_mV,30.0,35-65,0.5576147536060677,0.7974477361102588,-0.3099824886399302
T6_plain,FUDS,0,voltage_noise,V_sigma_10_mV,30.0,<=35,0.427446570916977,0.5249546595532778,-0.18214865358287782
T6_plain,FUDS,0,voltage_noise,V_sigma_10_mV,30.0,>65,0.5699372765554336,0.694311575245688,-0.08347014175695627
T6_plain,FUDS,0,voltage_noise,V_sigma_10_mV,40.0,35-65,0.692254205977091,0.8684487704533906,-0.5692749044244971
T6_plain,FUDS,0,voltage_noise,V_sigma_10_mV,40.0,<=35,0.4577016445400184,0.580033664384255,-0.347882774967371
T6_plain,FUDS,0,voltage_noise,V_sigma_10_mV,40.0,>65,0.6513026152959507,0.7797301458296297,0.07919268244788898
T6_plain,FUDS,0,voltage_noise,V_sigma_10_mV,50.0,35-65,0.9063939247683129,1.1390302925310807,-0.8906773815041548
T6_plain,FUDS,0,voltage_noise,V_sigma_10_mV,50.0,<=35,0.6356143730572063,0.8056671463137582,-0.56355219721782
T6_plain,FUDS,0,voltage_noise,V_sigma_10_mV,50.0,>65,0.7174866039870577,0.8779236759094475,-0.12535132723800946
T6_plain,FUDS,0,voltage_noise,V_sigma_1_mV,-10.0,35-65,2.62173048273134,2.874624573740686,2.1221522545699574
T6_plain,FUDS,0,voltage_noise,V_sigma_1_mV,-10.0,<=35,1.4530708535617585,1.7909542838969268,1.2393861821574608
T6_plain,FUDS,0,voltage_noise,V_sigma_1_mV,-10.0,>65,0.9614942091440162,1.096896844099926,0.9199944904011634
T6_plain,FUDS,0,voltage_noise,V_sigma_1_mV,0.0,35-65,1.1524305871211837,1.4195426632720582,0.8855685691378418
T6_plain,FUDS,0,voltage_noise,V_sigma_1_mV,0.0,<=35,0.8853842017528326,1.1395731621397607,0.5786196581059773
T6_plain,FUDS,0,voltage_noise,V_sigma_1_mV,0.0,>65,0.538646579169655,0.6367672470487122,0.4381462154594513
T6_plain,FUDS,0,voltage_noise,V_sigma_1_mV,10.0,35-65,0.8127201486687343,1.0535387896312647,0.6728766894225011
T6_plain,FUDS,0,voltage_noise,V_sigma_1_mV,10.0,<=35,0.641658134643821,0.8147111891039592,0.5682574067403495
T6_plain,FUDS,0,voltage_noise,V_sigma_1_mV,10.0,>65,0.5316343582479515,0.6344335165067864,0.45130073602992693
T6_plain,FUDS,0,voltage_noise,V_sigma_1_mV,20.0,35-65,0.5636141309355787,0.7456547186973592,0.15459696417750274
T6_plain,FUDS,0,voltage_noise,V_sigma_1_mV,20.0,<=35,0.448613372113417,0.5908386269448398,0.2146555477707664
T6_plain,FUDS,0,voltage_noise,V_sigma_1_mV,20.0,>65,0.4669679405618138,0.5672378413663333,0.21221940380137827
T6_plain,FUDS,0,voltage_noise,V_sigma_1_mV,25.0,35-65,0.5415475670758366,0.7401110297066515,0.03340090357635396
T6_plain,FUDS,0,voltage_noise,V_sigma_1_mV,25.0,<=35,0.4095824828420823,0.5300379809976288,0.14660906404469728
T6_plain,FUDS,0,voltage_noise,V_sigma_1_mV,25.0,>65,0.5297443265793539,0.6399568396684615,0.20162568623804034
T6_plain,FUDS,0,voltage_noise,V_sigma_1_mV,30.0,35-65,0.5736830463473449,0.775654993432864,-0.3691104377195334
T6_plain,FUDS,0,voltage_noise,V_sigma_1_mV,30.0,<=35,0.39751846204421026,0.48770950103715427,-0.1611688395942627
T6_plain,FUDS,0,voltage_noise,V_sigma_1_mV,30.0,>65,0.5609210822565152,0.6777199291145598,-0.04360452452101478
T6_plain,FUDS,0,voltage_noise,V_sigma_1_mV,40.0,35-65,0.6347369720473517,0.8264846982108697,-0.48974465818755336
T6_plain,FUDS,0,voltage_noise,V_sigma_1_mV,40.0,<=35,0.44904860814346287,0.56557428305822,-0.3244825272389179
T6_plain,FUDS,0,voltage_noise,V_sigma_1_mV,40.0,>65,0.6270821296873818,0.7583264741674588,-0.09291892980542706
T6_plain,FUDS,0,voltage_noise,V_sigma_1_mV,50.0,35-65,0.823282575082223,1.0580216039905586,-0.79915060430945
T6_plain,FUDS,0,voltage_noise,V_sigma_1_mV,50.0,<=35,0.600233917782239,0.7694809463531868,-0.5409762597751927
T6_plain,FUDS,0,voltage_noise,V_sigma_1_mV,50.0,>65,0.685758923737464,0.8347613595265259,-0.14578720368055886
T6_plain,FUDS,0,voltage_noise,V_sigma_2_mV,-10.0,35-65,2.619762003523518,2.873142068661794,2.1200672308902297
T6_plain,FUDS,0,voltage_noise,V_sigma_2_mV,-10.0,<=35,1.4475509338196626,1.7854754182597188,1.231373967321894
T6_plain,FUDS,0,voltage_noise,V_sigma_2_mV,-10.0,>65,0.9372354828912627,1.0726175451100939,0.8921961781704727
T6_plain,FUDS,0,voltage_noise,V_sigma_2_mV,0.0,35-65,1.1529205613601559,1.419741144808898,0.8875810823188691
T6_plain,FUDS,0,voltage_noise,V_sigma_2_mV,0.0,<=35,0.8858553413427431,1.1405912900570363,0.578074943127001
T6_plain,FUDS,0,voltage_noise,V_sigma_2_mV,0.0,>65,0.5544687926474232,0.6570104148108098,0.46237354903908856
T6_plain,FUDS,0,voltage_noise,V_sigma_2_mV,10.0,35-65,0.8231320608139812,1.058059781622155,0.6962103552246395
T6_plain,FUDS,0,voltage_noise,V_sigma_2_mV,10.0,<=35,0.6313764027623641,0.8045333428565206,0.5569609432654269
T6_plain,FUDS,0,voltage_noise,V_sigma_2_mV,10.0,>65,0.5672866087012698,0.6768616111673055,0.5038045982954009
T6_plain,FUDS,0,voltage_noise,V_sigma_2_mV,20.0,35-65,0.5639892350803626,0.7441439782090741,0.1626960327336904
T6_plain,FUDS,0,voltage_noise,V_sigma_2_mV,20.0,<=35,0.45410806431018513,0.594642696585638,0.2152372401606297
T6_plain,FUDS,0,voltage_noise,V_sigma_2_mV,20.0,>65,0.48358433772239806,0.5906612088090006,0.2603299621987901
T6_plain,FUDS,0,voltage_noise,V_sigma_2_mV,25.0,35-65,0.5585678365469278,0.7535780817778794,0.04335487291485126
T6_plain,FUDS,0,voltage_noise,V_sigma_2_mV,25.0,<=35,0.4137601888179974,0.5371181257824814,0.16031305463114806
T6_plain,FUDS,0,voltage_noise,V_sigma_2_mV,25.0,>65,0.5310857491731226,0.6421523230971193,0.1889070619084913
T6_plain,FUDS,0,voltage_noise,V_sigma_2_mV,30.0,35-65,0.5716110155052802,0.7717373641553174,-0.3584490688039402
T6_plain,FUDS,0,voltage_noise,V_sigma_2_mV,30.0,<=35,0.39879080594110794,0.48850222422108824,-0.1621026158456613
T6_plain,FUDS,0,voltage_noise,V_sigma_2_mV,30.0,>65,0.5580162764514148,0.6740784046732703,-0.03261827997448347
T6_plain,FUDS,0,voltage_noise,V_sigma_2_mV,40.0,35-65,0.6057191341990884,0.8031949223124397,-0.46399404236659103
T6_plain,FUDS,0,voltage_noise,V_sigma_2_mV,40.0,<=35,0.45005914825079224,0.5653300970990794,-0.3238635036813786
T6_plain,FUDS,0,voltage_noise,V_sigma_2_mV,40.0,>65,0.6224648460829303,0.7481786127800945,-0.053120294023035905
T6_plain,FUDS,0,voltage_noise,V_sigma_2_mV,50.0,35-65,0.8453243604766061,1.0800975901350804,-0.824689630569107
T6_plain,FUDS,0,voltage_noise,V_sigma_2_mV,50.0,<=35,0.5976068620881052,0.7656423471570584,-0.5354796213372243
T6_plain,FUDS,0,voltage_noise,V_sigma_2_mV,50.0,>65,0.6861672050525821,0.8406276962562942,-0.16762900795433086
T6_plain,FUDS,0,voltage_noise,V_sigma_5_mV,-10.0,35-65,2.5959149273005857,2.853274388200674,2.096512163230065
T6_plain,FUDS,0,voltage_noise,V_sigma_5_mV,-10.0,<=35,1.448894198431313,1.78502303329866,1.2330328877382017
T6_plain,FUDS,0,voltage_noise,V_sigma_5_mV,-10.0,>65,0.9296402483080385,1.0628550881295653,0.883579521330378
T6_plain,FUDS,0,voltage_noise,V_sigma_5_mV,0.0,35-65,1.135058645562749,1.4021274407297626,0.8652001737164202
T6_plain,FUDS,0,voltage_noise,V_sigma_5_mV,0.0,<=35,0.8804397474011317,1.1338613973643559,0.5671980474741241
T6_plain,FUDS,0,voltage_noise,V_sigma_5_mV,0.0,>65,0.5258345844808462,0.6209049714060646,0.40917291293074787
T6_plain,FUDS,0,voltage_noise,V_sigma_5_mV,10.0,35-65,0.7994606703266511,1.0512945409612298,0.6492345946333078
T6_plain,FUDS,0,voltage_noise,V_sigma_5_mV,10.0,<=35,0.6274128022573701,0.7998081536856958,0.5516741404550614
T6_plain,FUDS,0,voltage_noise,V_sigma_5_mV,10.0,>65,0.5309518882616828,0.6379042805927865,0.44459540395722197
T6_plain,FUDS,0,voltage_noise,V_sigma_5_mV,20.0,35-65,0.567160461045774,0.7502418812319298,0.14587904366271245
T6_plain,FUDS,0,voltage_noise,V_sigma_5_mV,20.0,<=35,0.4397121062029101,0.5855198451203668,0.18986355462194404
T6_plain,FUDS,0,voltage_noise,V_sigma_5_mV,20.0,>65,0.4707448161110709,0.5752862480557788,0.21482070863871944
T6_plain,FUDS,0,voltage_noise,V_sigma_5_mV,25.0,35-65,0.5627804817575126,0.7484318257654783,0.06214695912243902
T6_plain,FUDS,0,voltage_noise,V_sigma_5_mV,25.0,<=35,0.4059864482219719,0.5273280715458054,0.15355115799395216
T6_plain,FUDS,0,voltage_noise,V_sigma_5_mV,25.0,>65,0.5528139659790486,0.672371259209136,0.2676527868020464
T6_plain,FUDS,0,voltage_noise,V_sigma_5_mV,30.0,35-65,0.5895109695045824,0.784111551825389,-0.38613584932914075
T6_plain,FUDS,0,voltage_noise,V_sigma_5_mV,30.0,<=35,0.3909995490981891,0.48413268283556393,-0.12546719388192637
T6_plain,FUDS,0,voltage_noise,V_sigma_5_mV,30.0,>65,0.5618469901030668,0.6826126224120316,-0.07490208697474106
T6_plain,FUDS,0,voltage_noise,V_sigma_5_mV,40.0,35-65,0.5648109295038806,0.7738669391239326,-0.41823043727365544
T6_plain,FUDS,0,voltage_noise,V_sigma_5_mV,40.0,<=35,0.4445180007427127,0.5608550590778231,-0.31867244364781366
T6_plain,FUDS,0,voltage_noise,V_sigma_5_mV,40.0,>65,0.6228748651990023,0.7461830486525063,-0.05842744077663614
T6_plain,FUDS,0,voltage_noise,V_sigma_5_mV,50.0,35-65,0.9152915579816742,1.1479714024800802,-0.9065347425511815
T6_plain,FUDS,0,voltage_noise,V_sigma_5_mV,50.0,<=35,0.6209130542684974,0.7941087469527134,-0.5667098133738733
T6_plain,FUDS,0,voltage_noise,V_sigma_5_mV,50.0,>65,0.6900209292927616,0.86667134004849,-0.2476729093868746
T6_plain,FUDS,1,baseline,unperturbed,-10.0,35-65,2.315705323448905,2.7194967621187884,1.8741119685218977
T6_plain,FUDS,1,baseline,unperturbed,-10.0,<=35,1.2885532474226804,1.6588645985929973,0.6460115283505155
T6_plain,FUDS,1,baseline,unperturbed,-10.0,>65,0.8232575133810782,0.9575087717875582,0.730788001884659
T6_plain,FUDS,1,baseline,unperturbed,0.0,35-65,1.043228791324201,1.321221308524528,0.5846812680365298
T6_plain,FUDS,1,baseline,unperturbed,0.0,<=35,0.816755051971831,1.020465289791716,0.43228863347417845
T6_plain,FUDS,1,baseline,unperturbed,0.0,>65,0.49772164612476366,0.6164175728451681,0.3423744710775048
T6_plain,FUDS,1,baseline,unperturbed,10.0,35-65,0.6997384834166288,0.8747034805596348,0.323205862789641
T6_plain,FUDS,1,baseline,unperturbed,10.0,<=35,0.5308901188087776,0.6666695951644421,0.46405645727720557
T6_plain,FUDS,1,baseline,unperturbed,10.0,>65,0.5294274441437959,0.6606664654562661,0.4320182033243139
T6_plain,FUDS,1,baseline,unperturbed,20.0,35-65,0.5090917224749771,0.6942377747423542,-0.05262697452229301
T6_plain,FUDS,1,baseline,unperturbed,20.0,<=35,0.3048420776150628,0.41855190480251453,0.10124845610878663
T6_plain,FUDS,1,baseline,unperturbed,20.0,>65,0.4820729440060128,0.5878467278848414,0.19739685606914692
T6_plain,FUDS,1,baseline,unperturbed,25.0,35-65,0.5119812433910664,0.7184598804783541,-0.12914288422971731
T6_plain,FUDS,1,baseline,unperturbed,25.0,<=35,0.32475359781464996,0.4028838089196184,0.10635962938081744
T6_plain,FUDS,1,baseline,unperturbed,25.0,>65,0.5562343991723099,0.6819869482175056,0.23199846162528215
T6_plain,FUDS,1,baseline,unperturbed,30.0,35-65,0.5934612350524875,0.7572173884847913,-0.41796113829301684
T6_plain,FUDS,1,baseline,unperturbed,30.0,<=35,0.35336127704326925,0.43517211472890155,-0.1746542764823718
T6_plain,FUDS,1,baseline,unperturbed,30.0,>65,0.5668136804428043,0.6932009533575718,0.018737380073800675
T6_plain,FUDS,1,baseline,unperturbed,40.0,35-65,0.6555083743218806,0.8422065763726412,-0.5797555533453889
T6_plain,FUDS,1,baseline,unperturbed,40.0,<=35,0.4951667113601237,0.6261393379750947,-0.40020556862442036
T6_plain,FUDS,1,baseline,unperturbed,40.0,>65,0.6634443983144008,0.7944837777168262,-0.018697264565774988
T6_plain,FUDS,1,baseline,unperturbed,50.0,35-65,0.8549926512890095,1.0601489903029762,-0.8451108141112619
T6_plain,FUDS,1,baseline,unperturbed,50.0,<=35,0.6647222966437835,0.8412470544861517,-0.602548594126621
T6_plain,FUDS,1,baseline,unperturbed,50.0,>65,0.7168206368960469,0.8541374801019378,-0.07168462225475851
T6_plain,FUDS,1,current_noise,I_sigma_0.5_pct_reading,-10.0,35-65,2.3124771161655113,2.7165675208844475,1.8697425768621563
T6_plain,FUDS,1,current_noise,I_sigma_0.5_pct_reading,-10.0,<=35,1.28392354588466,1.6544970886693917,0.6397679273455578
T6_plain,FUDS,1,current_noise,I_sigma_0.5_pct_reading,-10.0,>65,0.8239057300337146,0.9582934611992869,0.7327657087744809
T6_plain,FUDS,1,current_noise,I_sigma_0.5_pct_reading,0.0,35-65,1.043244452011817,1.3219755760746703,0.5849707289803865
T6_plain,FUDS,1,current_noise,I_sigma_0.5_pct_reading,0.0,<=35,0.8183255559349937,1.0218342205056192,0.43419089561092594
T6_plain,FUDS,1,current_noise,I_sigma_0.5_pct_reading,0.0,>65,0.49800610126282396,0.6166879615808026,0.3426025974465344
T6_plain,FUDS,1,current_noise,I_sigma_0.5_pct_reading,10.0,35-65,0.6963777271490875,0.8706757155714846,0.31790831764413113
T6_plain,FUDS,1,current_noise,I_sigma_0.5_pct_reading,10.0,<=35,0.5281914923308857,0.6635312445994935,0.4610825156288017
T6_plain,FUDS,1,current_noise,I_sigma_0.5_pct_reading,10.0,>65,0.5263561137126249,0.657221286991033,0.42670523072433336
T6_plain,FUDS,1,current_noise,I_sigma_0.5_pct_reading,20.0,35-65,0.509601130895864,0.6946408311124342,-0.055775830299649415
T6_plain,FUDS,1,current_noise,I_sigma_0.5_pct_reading,20.0,<=35,0.30519486534884127,0.419019068963811,0.09897450871823807
T6_plain,FUDS,1,current_noise,I_sigma_0.5_pct_reading,20.0,>65,0.482683421866542,0.5884833757757342,0.19802749681490037
T6_plain,FUDS,1,current_noise,I_sigma_0.5_pct_reading,25.0,35-65,0.5122211265355947,0.7179502736894612,-0.13300410936736823
T6_plain,FUDS,1,current_noise,I_sigma_0.5_pct_reading,25.0,<=35,0.32508591993487224,0.40345087080417696,0.10455298135649667
T6_plain,FUDS,1,current_noise,I_sigma_0.5_pct_reading,25.0,>65,0.5562496719221216,0.6820898542798897,0.22975927217125966
T6_plain,FUDS,1,current_noise,I_sigma_0.5_pct_reading,30.0,35-65,0.5922799662004034,0.7545326986374417,-0.4127143103666528
T6_plain,FUDS,1,current_noise,I_sigma_0.5_pct_reading,30.0,<=35,0.3531696927118607,0.43577246388193924,-0.17407089170812867
T6_plain,FUDS,1,current_noise,I_sigma_0.5_pct_reading,30.0,>65,0.5662391676655016,0.692555168058293,0.02174170591901941
T6_plain,FUDS,1,current_noise,I_sigma_0.5_pct_reading,40.0,35-65,0.6599055305111926,0.8465866974950007,-0.5832001307275897
T6_plain,FUDS,1,current_noise,I_sigma_0.5_pct_reading,40.0,<=35,0.49338905470677874,0.6231998999830966,-0.39803713637293586
T6_plain,FUDS,1,current_noise,I_sigma_0.5_pct_reading,40.0,>65,0.6653517344341303,0.7964828062060872,-0.019570203098116728
T6_plain,FUDS,1,current_noise,I_sigma_0.5_pct_reading,50.0,35-65,0.8571602879685256,1.0625474711157066,-0.8466777709969379
T6_plain,FUDS,1,current_noise,I_sigma_0.5_pct_reading,50.0,<=35,0.6629048509930965,0.8389952029789243,-0.5996999894492034
T6_plain,FUDS,1,current_noise,I_sigma_0.5_pct_reading,50.0,>65,0.7190040704821118,0.8563019504838317,-0.06927190303664361
T6_plain,FUDS,1,current_noise,I_sigma_1_pct_reading,-10.0,35-65,2.3011712231589496,2.7051601916016907,1.860495452812081
T6_plain,FUDS,1,current_noise,I_sigma_1_pct_reading,-10.0,<=35,1.285154041663881,1.6537649525383695,0.6352763717162405
T6_plain,FUDS,1,current_noise,I_sigma_1_pct_reading,-10.0,>65,0.8238559600029871,0.9584088749337378,0.7304932313291529
T6_plain,FUDS,1,current_noise,I_sigma_1_pct_reading,0.0,35-65,1.0376758522569667,1.3207448574202596,0.5751570732512232
T6_plain,FUDS,1,current_noise,I_sigma_1_pct_reading,0.0,<=35,0.8196226710867947,1.0245321828980287,0.43741670446625286
T6_plain,FUDS,1,current_noise,I_sigma_1_pct_reading,0.0,>65,0.49790860943933696,0.617371546970314,0.3452659981350183
T6_plain,FUDS,1,current_noise,I_sigma_1_pct_reading,10.0,35-65,0.7033074498766145,0.8779424027216386,0.3182382807611792
T6_plain,FUDS,1,current_noise,I_sigma_1_pct_reading,10.0,<=35,0.5306551156841982,0.6664313352534291,0.46511210659061
T6_plain,FUDS,1,current_noise,I_sigma_1_pct_reading,10.0,>65,0.5272155787086267,0.6581094312381139,0.4261236803166533
T6_plain,FUDS,1,current_noise,I_sigma_1_pct_reading,20.0,35-65,0.5083604207819336,0.6935041448220169,-0.04355745211143489
T6_plain,FUDS,1,current_noise,I_sigma_1_pct_reading,20.0,<=35,0.3043370617108023,0.41772354676781737,0.09647027542137619
T6_plain,FUDS,1,current_noise,I_sigma_1_pct_reading,20.0,>65,0.482529123037253,0.5884809003462952,0.19559512481619504
T6_plain,FUDS,1,current_noise,I_sigma_1_pct_reading,25.0,35-65,0.5067440427805108,0.7146996627822189,-0.11483667295469142
T6_plain,FUDS,1,current_noise,I_sigma_1_pct_reading,25.0,<=35,0.3251869702499917,0.4025394394516189,0.10955253923813948
T6_plain,FUDS,1,current_noise,I_sigma_1_pct_reading,25.0,>65,0.5518494183863575,0.6760197572333309,0.2256528275859154
T6_plain,FUDS,1,current_noise,I_sigma_1_pct_reading,30.0,35-65,0.5981592126221628,0.7598005506812763,-0.419631226720722
T6_plain,FUDS,1,current_noise,I_sigma_1_pct_reading,30.0,<=35,0.35540795208703474,0.43757148689435604,-0.18389321777567721
T6_plain,FUDS,1,current_noise,I_sigma_1_pct_reading,30.0,>65,0.567689859277888,0.69507005608459,0.021948290632428584
T6_plain,FUDS,1,current_noise,I_sigma_1_pct_reading,40.0,35-65,0.6619251990306306,0.8469593676422629,-0.5828155922959507
T6_plain,FUDS,1,current_noise,I_sigma_1_pct_reading,40.0,<=35,0.4934570954370008,0.6233909873042058,-0.3966698047709917
T6_plain,FUDS,1,current_noise,I_sigma_1_pct_reading,40.0,>65,0.6633525103585036,0.7950280104023867,-0.026152697047318197
T6_plain,FUDS,1,current_noise,I_sigma_1_pct_reading,50.0,35-65,0.8446737260174624,1.0500753215277476,-0.8325801420591467
T6_plain,FUDS,1,current_noise,I_sigma_1_pct_reading,50.0,<=35,0.6671817116130672,0.8433407359274884,-0.606850141793588
T6_plain,FUDS,1,current_noise,I_sigma_1_pct_reading,50.0,>65,0.7136682289250339,0.851556246268568,-0.07370455487500858
T6_plain,FUDS,1,current_noise,I_sigma_2_pct_reading,-10.0,35-65,2.3239100216392514,2.7229991168606005,1.8854666977367758
T6_plain,FUDS,1,current_noise,I_sigma_2_pct_reading,-10.0,<=35,1.2866834593840433,1.6558409900082929,0.6332464328689018
T6_plain,FUDS,1,current_noise,I_sigma_2_pct_reading,-10.0,>65,0.8239984663694815,0.9586318056819396,0.7254890682957229
T6_plain,FUDS,1,current_noise,I_sigma_2_pct_reading,0.0,35-65,1.0495190556296674,1.323566944520684,0.6016666200493371
T6_plain,FUDS,1,current_noise,I_sigma_2_pct_reading,0.0,<=35,0.8153752546760691,1.0173345225487993,0.42776549589874546
T6_plain,FUDS,1,current_noise,I_sigma_2_pct_reading,0.0,>65,0.5034694137563127,0.6233565711278762,0.35416565515671683
T6_plain,FUDS,1,current_noise,I_sigma_2_pct_reading,10.0,35-65,0.6944016811974036,0.8629543907056398,0.3265758814693314
T6_plain,FUDS,1,current_noise,I_sigma_2_pct_reading,10.0,<=35,0.5186847433993415,0.6544487738752502,0.4552429792238041
T6_plain,FUDS,1,current_noise,I_sigma_2_pct_reading,10.0,>65,0.5347945840228356,0.6674318000738887,0.4387423292165589
T6_plain,FUDS,1,current_noise,I_sigma_2_pct_reading,20.0,35-65,0.5046257155384877,0.6818000450141495,-0.0267678419468203
T6_plain,FUDS,1,current_noise,I_sigma_2_pct_reading,20.0,<=35,0.3049558642517686,0.42069456825335705,0.1023958235894495
T6_plain,FUDS,1,current_noise,I_sigma_2_pct_reading,20.0,>65,0.4805052313051947,0.5845389302869074,0.2077962919188812
T6_plain,FUDS,1,current_noise,I_sigma_2_pct_reading,25.0,35-65,0.5190544174077346,0.7300183397152964,-0.14491275652368055
T6_plain,FUDS,1,current_noise,I_sigma_2_pct_reading,25.0,<=35,0.3306160268087038,0.40810609344571463,0.09085165038509722
T6_plain,FUDS,1,current_noise,I_sigma_2_pct_reading,25.0,>65,0.5565214411386069,0.6818450313600934,0.22328413795605903
T6_plain,FUDS,1,current_noise,I_sigma_2_pct_reading,30.0,35-65,0.6027785898581905,0.7683853754148771,-0.44441292238144997
T6_plain,FUDS,1,current_noise,I_sigma_2_pct_reading,30.0,<=35,0.36010183425884784,0.44096443580464756,-0.1820020993541077
T6_plain,FUDS,1,current_noise,I_sigma_2_pct_reading,30.0,>65,0.5727270889168525,0.6985858223921348,0.018125404143161012
T6_plain,FUDS,1,current_noise,I_sigma_2_pct_reading,40.0,35-65,0.6718413379485629,0.86353687265476,-0.6051589570113831
T6_plain,FUDS,1,current_noise,I_sigma_2_pct_reading,40.0,<=35,0.5008354761464028,0.6348936022536159,-0.4134094819904077
T6_plain,FUDS,1,current_noise,I_sigma_2_pct_reading,40.0,>65,0.6648511246937916,0.7975566932074165,-0.029487880151212065
T6_plain,FUDS,1,current_noise,I_sigma_2_pct_reading,50.0,35-65,0.8314133186715935,1.03841856107074,-0.8176615393403062
T6_plain,FUDS,1,current_noise,I_sigma_2_pct_reading,50.0,<=35,0.6546269630617038,0.831826924042381,-0.5882495347750405
T6_plain,FUDS,1,current_noise,I_sigma_2_pct_reading,50.0,>65,0.7112429048298008,0.8497188415347201,-0.0783122099066233
T6_plain,FUDS,1,voltage_noise,V_sigma_10_mV,-10.0,35-65,2.3352862109741155,2.7395665077189038,1.8950628048972988
T6_plain,FUDS,1,voltage_noise,V_sigma_10_mV,-10.0,<=35,1.3077853604566323,1.6827973381112298,0.6784540858459391
T6_plain,FUDS,1,voltage_noise,V_sigma_10_mV,-10.0,>65,0.8992673964433495,1.0456850186307722,0.8234461993073178
T6_plain,FUDS,1,voltage_noise,V_sigma_10_mV,0.0,35-65,1.025456572891491,1.3006566404471476,0.6087654638394175
T6_plain,FUDS,1,voltage_noise,V_sigma_10_mV,0.0,<=35,0.8005754830668269,1.0095217810405204,0.41796133145888587
T6_plain,FUDS,1,voltage_noise,V_sigma_10_mV,0.0,>65,0.5600889607940251,0.7046852738167938,0.4492381350717949
T6_plain,FUDS,1,voltage_noise,V_sigma_10_mV,10.0,35-65,0.7206250324813367,0.8993421995132231,0.32967042545107855
T6_plain,FUDS,1,voltage_noise,V_sigma_10_mV,10.0,<=35,0.5261514682762816,0.6696671743898382,0.46225872073674645
T6_plain,FUDS,1,voltage_noise,V_sigma_10_mV,10.0,>65,0.5954956048799941,0.7601758401363624,0.43542305168850803
T6_plain,FUDS,1,voltage_noise,V_sigma_10_mV,20.0,35-65,0.49038268812483166,0.6650753325731418,-0.0036749872657850374
T6_plain,FUDS,1,voltage_noise,V_sigma_10_mV,20.0,<=35,0.31472768673201895,0.4215045503823316,0.047225026601216295
T6_plain,FUDS,1,voltage_noise,V_sigma_10_mV,20.0,>65,0.5220688737963467,0.6527937799396005,0.2989944402556536
T6_plain,FUDS,1,voltage_noise,V_sigma_10_mV,25.0,35-65,0.5641613167371458,0.7408669185359499,-0.1179645213213885
T6_plain,FUDS,1,voltage_noise,V_sigma_10_mV,25.0,<=35,0.3378193651731008,0.4108304806245134,0.08513228958022426
T6_plain,FUDS,1,voltage_noise,V_sigma_10_mV,25.0,>65,0.5693294526394878,0.7087131569848695,0.2617496007885135
T6_plain,FUDS,1,voltage_noise,V_sigma_10_mV,30.0,35-65,0.575879863351477,0.777989063068621,-0.3674772437017822
T6_plain,FUDS,1,voltage_noise,V_sigma_10_mV,30.0,<=35,0.389959498500714,0.4815890592951615,-0.19452230963525746
T6_plain,FUDS,1,voltage_noise,V_sigma_10_mV,30.0,>65,0.5736160370076496,0.7074620644795979,-0.02148944249578009
T6_plain,FUDS,1,voltage_noise,V_sigma_10_mV,40.0,35-65,0.7291199328582504,0.9061636375922325,-0.6669282217969325
T6_plain,FUDS,1,voltage_noise,V_sigma_10_mV,40.0,<=35,0.5066637295832674,0.6399459547308857,-0.42243495348363325
T6_plain,FUDS,1,voltage_noise,V_sigma_10_mV,40.0,>65,0.710710210964715,0.8620275856046029,0.17715462484640943
T6_plain,FUDS,1,voltage_noise,V_sigma_10_mV,50.0,35-65,0.9365016730169475,1.1403544806062995,-0.9281390526101789
T6_plain,FUDS,1,voltage_noise,V_sigma_10_mV,50.0,<=35,0.6992560683597318,0.8771320615140079,-0.621826424891822
T6_plain,FUDS,1,voltage_noise,V_sigma_10_mV,50.0,>65,0.7545690915970139,0.9106338286470407,-0.04520475178687956
T6_plain,FUDS,1,voltage_noise,V_sigma_1_mV,-10.0,35-65,2.313015757738039,2.717178985053463,1.8710711649380378
T6_plain,FUDS,1,voltage_noise,V_sigma_1_mV,-10.0,<=35,1.2889991974564403,1.659438756291477,0.6483756720808938
T6_plain,FUDS,1,voltage_noise,V_sigma_1_mV,-10.0,>65,0.8240886102247167,0.9583494706002135,0.7313920639803134
T6_plain,FUDS,1,voltage_noise,V_sigma_1_mV,0.0,35-65,1.0403601433094682,1.3190582670409747,0.5769782283057889
T6_plain,FUDS,1,voltage_noise,V_sigma_1_mV,0.0,<=35,0.8161341295280359,1.0197667227535798,0.4315544849301909
T6_plain,FUDS,1,voltage_noise,V_sigma_1_mV,0.0,>65,0.4920708067419234,0.6085354270075433,0.32950053654083267
T6_plain,FUDS,1,voltage_noise,V_sigma_1_mV,10.0,35-65,0.6982911633214989,0.8740607055651041,0.31838429724648787
T6_plain,FUDS,1,voltage_noise,V_sigma_1_mV,10.0,<=35,0.5291501916394282,0.6648023249011793,0.4616993877783946
T6_plain,FUDS,1,voltage_noise,V_sigma_1_mV,10.0,>65,0.5245935239032323,0.6545075626470589,0.42303527344283803
T6_plain,FUDS,1,voltage_noise,V_sigma_1_mV,20.0,35-65,0.5074305919866899,0.6903857586107338,-0.043397772407023874
T6_plain,FUDS,1,voltage_noise,V_sigma_1_mV,20.0,<=35,0.30450519587573344,0.4179135524020537,0.09983027627471852
T6_plain,FUDS,1,voltage_noise,V_sigma_1_mV,20.0,>65,0.4847040125069506,0.5917345895334248,0.20742122392380188
T6_plain,FUDS,1,voltage_noise,V_sigma_1_mV,25.0,35-65,0.5133376437229051,0.7207805216038543,-0.12597349972880986
T6_plain,FUDS,1,voltage_noise,V_sigma_1_mV,25.0,<=35,0.3250829089103901,0.4030533070793485,0.10507665460511251
T6_plain,FUDS,1,voltage_noise,V_sigma_1_mV,25.0,>65,0.5547358510907328,0.6793038547772077,0.22924262906687867
T6_plain,FUDS,1,voltage_noise,V_sigma_1_mV,30.0,35-65,0.6010514770805931,0.7637922233136801,-0.42440787748131403
T6_plain,FUDS,1,voltage_noise,V_sigma_1_mV,30.0,<=35,0.35272140476613556,0.4342658751564626,-0.17171113124463616
T6_plain,FUDS,1,voltage_noise,V_sigma_1_mV,30.0,>65,0.5683731391744578,0.695985921671496,0.016183149036215105
T6_plain,FUDS,1,voltage_noise,V_sigma_1_mV,40.0,35-65,0.6600582629213742,0.8463136461582456,-0.5840775293321718
T6_plain,FUDS,1,voltage_noise,V_sigma_1_mV,40.0,<=35,0.4962720205869766,0.6275696134503771,-0.40174060423846747
T6_plain,FUDS,1,voltage_noise,V_sigma_1_mV,40.0,>65,0.6645385895637259,0.7966289903306868,-0.016496073340712573
T6_plain,FUDS,1,voltage_noise,V_sigma_1_mV,50.0,35-65,0.8456938974299942,1.0521036320836028,-0.8349680741454143
T6_plain,FUDS,1,voltage_noise,V_sigma_1_mV,50.0,<=35,0.6600374180582979,0.8362414451219722,-0.5972095506214062
T6_plain,FUDS,1,voltage_noise,V_sigma_1_mV,50.0,>65,0.7162612341505119,0.8538991402558788,-0.0718456833775802
T6_plain,FUDS,1,voltage_noise,V_sigma_2_mV,-10.0,35-65,2.311029480705794,2.715793277850161,1.8686396158424234
T6_plain,FUDS,1,voltage_noise,V_sigma_2_mV,-10.0,<=35,1.287949731109806,1.656833688748892,0.6403014670065752
T6_plain,FUDS,1,voltage_noise,V_sigma_2_mV,-10.0,>65,0.8007162058103303,0.9328598217321038,0.7006408392424954
T6_plain,FUDS,1,voltage_noise,V_sigma_2_mV,0.0,35-65,1.0381408237172423,1.3186428702497635,0.5793187362304364
T6_plain,FUDS,1,voltage_noise,V_sigma_2_mV,0.0,<=35,0.8163718744596082,1.0204672259266923,0.4309556116925154
T6_plain,FUDS,1,voltage_noise,V_sigma_2_mV,0.0,>65,0.5051322743402934,0.6273428096985048,0.35559491369436985
T6_plain,FUDS,1,voltage_noise,V_sigma_2_mV,10.0,35-65,0.699402980164033,0.8692808848276109,0.34239754175465026
T6_plain,FUDS,1,voltage_noise,V_sigma_2_mV,10.0,<=35,0.5201367839415553,0.6557704315190689,0.4514797338949459
T6_plain,FUDS,1,voltage_noise,V_sigma_2_mV,10.0,>65,0.5594655981493365,0.6994567146687021,0.4796708289222635
T6_plain,FUDS,1,voltage_noise,V_sigma_2_mV,20.0,35-65,0.5051161479431316,0.6858294177563207,-0.034329000730009544
T6_plain,FUDS,1,voltage_noise,V_sigma_2_mV,20.0,<=35,0.30706989630624415,0.4193936024922001,0.0990084252262922
T6_plain,FUDS,1,voltage_noise,V_sigma_2_mV,20.0,>65,0.5052241188912165,0.6192517341184707,0.26100822915866556
T6_plain,FUDS,1,voltage_noise,V_sigma_2_mV,25.0,35-65,0.5212222246767865,0.7306700566114795,-0.11645706986753192
T6_plain,FUDS,1,voltage_noise,V_sigma_2_mV,25.0,<=35,0.325340390645173,0.40585252951729034,0.11765093610890553
T6_plain,FUDS,1,voltage_noise,V_sigma_2_mV,25.0,>65,0.5550567387582163,0.679863911704142,0.21463635239734172
T6_plain,FUDS,1,voltage_noise,V_sigma_2_mV,30.0,35-65,0.5990372869642343,0.7598977665863197,-0.4143677439381704
T6_plain,FUDS,1,voltage_noise,V_sigma_2_mV,30.0,<=35,0.3535299276786643,0.4348179361726986,-0.17336664323850323
T6_plain,FUDS,1,voltage_noise,V_sigma_2_mV,30.0,>65,0.5682550763501494,0.6951859807100864,0.028481802815942897
T6_plain,FUDS,1,voltage_noise,V_sigma_2_mV,40.0,35-65,0.6323496718677684,0.822146741724944,-0.5587121264920983
T6_plain,FUDS,1,voltage_noise,V_sigma_2_mV,40.0,<=35,0.4968396401038959,0.6268845693425916,-0.4008256885831621
T6_plain,FUDS,1,voltage_noise,V_sigma_2_mV,40.0,>65,0.6631655009092725,0.7949649898817555,0.02771598388662562
T6_plain,FUDS,1,voltage_noise,V_sigma_2_mV,50.0,35-65,0.86956417263034,1.0755360287807054,-0.8608382624815041
T6_plain,FUDS,1,voltage_noise,V_sigma_2_mV,50.0,<=35,0.6573710771677018,0.8325637542303748,-0.5919531626477591
T6_plain,FUDS,1,voltage_noise,V_sigma_2_mV,50.0,>65,0.7141353591306396,0.8555434927657616,-0.09537086870428631
T6_plain,FUDS,1,voltage_noise,V_sigma_5_mV,-10.0,35-65,2.2874932174856957,2.6975488139850254,1.8430777687415507
T6_plain,FUDS,1,voltage_noise,V_sigma_5_mV,-10.0,<=35,1.2859959755991728,1.6543093032207594,0.6439435521141115
T6_plain,FUDS,1,voltage_noise,V_sigma_5_mV,-10.0,>65,0.7941199907092974,0.9269231329076856,0.6934338228901368
T6_plain,FUDS,1,voltage_noise,V_sigma_5_mV,0.0,35-65,1.024266892454471,1.3050876348540958,0.5573412254225338
T6_plain,FUDS,1,voltage_noise,V_sigma_5_mV,0.0,<=35,0.8104570650554997,1.0134513149911153,0.41932388640940604
T6_plain,FUDS,1,voltage_noise,V_sigma_5_mV,0.0,>65,0.4831285951042401,0.5938910945624428,0.29790231306073306
T6_plain,FUDS,1,voltage_noise,V_sigma_5_mV,10.0,35-65,0.6953838721861607,0.8782981794523207,0.29460979357788725
T6_plain,FUDS,1,voltage_noise,V_sigma_5_mV,10.0,<=35,0.5139375761777425,0.6489348896896701,0.4445363875794045
T6_plain,FUDS,1,voltage_noise,V_sigma_5_mV,10.0,>65,0.5264026419984523,0.6599359234280099,0.4161564850186178
T6_plain,FUDS,1,voltage_noise,V_sigma_5_mV,20.0,35-65,0.5195161640125272,0.7003010598880005,-0.05240999379314048
T6_plain,FUDS,1,voltage_noise,V_sigma_5_mV,20.0,<=35,0.3043311918249504,0.4213477053644881,0.07864378502622062
T6_plain,FUDS,1,voltage_noise,V_sigma_5_mV,20.0,>65,0.4892682789134384,0.5997945362472579,0.21077145892014404
T6_plain,FUDS,1,voltage_noise,V_sigma_5_mV,25.0,35-65,0.5139063828577143,0.7184017057632959,-0.09631383954608186
T6_plain,FUDS,1,voltage_noise,V_sigma_5_mV,25.0,<=35,0.3248845900807118,0.4016130605474325,0.11213896477284993
T6_plain,FUDS,1,voltage_noise,V_sigma_5_mV,25.0,>65,0.5846256502585926,0.7210248058453224,0.30187786876297473
T6_plain,FUDS,1,voltage_noise,V_sigma_5_mV,30.0,35-65,0.6161591260090499,0.7749796191628151,-0.44106488242095876
T6_plain,FUDS,1,voltage_noise,V_sigma_5_mV,30.0,<=35,0.34432019592866225,0.42540135890278236,-0.13869645493885235
T6_plain,FUDS,1,voltage_noise,V_sigma_5_mV,30.0,>65,0.56802984597265,0.6966436690253563,-0.019716286425891984
T6_plain,FUDS,1,voltage_noise,V_sigma_5_mV,40.0,35-65,0.5893155715102736,0.7865295015474224,-0.5124271653377653
T6_plain,FUDS,1,voltage_noise,V_sigma_5_mV,40.0,<=35,0.49284809406854274,0.6224110015902291,-0.3972351240752881
T6_plain,FUDS,1,voltage_noise,V_sigma_5_mV,40.0,>65,0.6629271976555656,0.7917768381428617,0.021080940729469536
T6_plain,FUDS,1,voltage_noise,V_sigma_5_mV,50.0,35-65,0.9485566049230602,1.147065345093711,-0.9445124256154839
T6_plain,FUDS,1,voltage_noise,V_sigma_5_mV,50.0,<=35,0.6818711817617089,0.860349895764318,-0.6209693744519028
T6_plain,FUDS,1,voltage_noise,V_sigma_5_mV,50.0,>65,0.7059303860541456,0.8685844416317073,-0.18759520765024945
T6_plain,FUDS,2,baseline,unperturbed,-10.0,35-65,2.5869006008211675,2.9669997036632276,2.0967750606751827
T6_plain,FUDS,2,baseline,unperturbed,-10.0,<=35,1.3407200824742267,1.682153697616442,0.9576747938144331
T6_plain,FUDS,2,baseline,unperturbed,-10.0,>65,0.8912234545797213,1.0306484092180226,0.8125996671692425
T6_plain,FUDS,2,baseline,unperturbed,0.0,35-65,1.2550713365296804,1.666881939468628,0.7837009310502284
T6_plain,FUDS,2,baseline,unperturbed,0.0,<=35,0.7618652289201879,1.0309140047153884,0.6237599933333333
T6_plain,FUDS,2,baseline,unperturbed,0.0,>65,0.530345945179584,0.6532665759072078,0.38730579017013217
T6_plain,FUDS,2,baseline,unperturbed,10.0,35-65,0.8858868559745572,1.1462562256509783,0.5216784407087689
T6_plain,FUDS,2,baseline,unperturbed,10.0,<=35,0.6001486866099418,0.7852358541012815,0.4954379383788626
T6_plain,FUDS,2,baseline,unperturbed,10.0,>65,0.5242794518747586,0.6521384472324949,0.45759242520293775
T6_plain,FUDS,2,baseline,unperturbed,20.0,35-65,0.5739898698817107,0.7811177201832771,0.07682282984531384
T6_plain,FUDS,2,baseline,unperturbed,20.0,<=35,0.34849338163179916,0.507202364380498,0.12786281125523008
T6_plain,FUDS,2,baseline,unperturbed,20.0,>65,0.4303055685832396,0.5415905045344589,0.24054613904547165
T6_plain,FUDS,2,baseline,unperturbed,25.0,35-65,0.5773467857793984,0.7710685553625777,0.08970793618960807
T6_plain,FUDS,2,baseline,unperturbed,25.0,<=35,0.3975029033184945,0.5118552362759257,0.1815453603804127
T6_plain,FUDS,2,baseline,unperturbed,25.0,>65,0.5023982039127162,0.6299004123989355,0.3088208412340105
T6_plain,FUDS,2,baseline,unperturbed,30.0,35-65,0.6160516969420357,0.7848511844647765,-0.4635489949794615
T6_plain,FUDS,2,baseline,unperturbed,30.0,<=35,0.47146021830929485,0.574779475814993,-0.3020539674278846
T6_plain,FUDS,2,baseline,unperturbed,30.0,>65,0.5138642852398524,0.6297106081079901,0.025073223985239815
T6_plain,FUDS,2,baseline,unperturbed,40.0,35-65,0.5948558422242314,0.7507784223020484,-0.40793961708860754
T6_plain,FUDS,2,baseline,unperturbed,40.0,<=35,0.4740743017774343,0.5887060683772072,-0.3104450763523957
T6_plain,FUDS,2,baseline,unperturbed,40.0,>65,0.5677203525100769,0.6837288472659339,0.0015037764748992587
T6_plain,FUDS,2,baseline,unperturbed,50.0,35-65,0.8622063156942561,1.060385852589663,-0.7996717684305743
T6_plain,FUDS,2,baseline,unperturbed,50.0,<=35,0.6746987381388254,0.8477853635764616,-0.6101507209000763
T6_plain,FUDS,2,baseline,unperturbed,50.0,>65,0.6416197855051246,0.775548823174376,-0.08054977379209385
T6_plain,FUDS,2,current_noise,I_sigma_0.5_pct_reading,-10.0,35-65,2.584340446646476,2.9647175941905366,2.092911116801437
T6_plain,FUDS,2,current_noise,I_sigma_0.5_pct_reading,-10.0,<=35,1.3364278971884063,1.6775394467558693,0.9526562487898987
T6_plain,FUDS,2,current_noise,I_sigma_0.5_pct_reading,-10.0,>65,0.8920316323336648,1.0314892281017067,0.8147247014992536
T6_plain,FUDS,2,current_noise,I_sigma_0.5_pct_reading,0.0,35-65,1.25421974947157,1.6665870916667793,0.783397284986982
T6_plain,FUDS,2,current_noise,I_sigma_0.5_pct_reading,0.0,<=35,0.7633108551867611,1.0324646128080461,0.6258805428670414
T6_plain,FUDS,2,current_noise,I_sigma_0.5_pct_reading,0.0,>65,0.5303861066118284,0.6533852997267464,0.38764045369575173
T6_plain,FUDS,2,current_noise,I_sigma_0.5_pct_reading,10.0,35-65,0.8822170813644781,1.1421632257045593,0.5165938145226504
T6_plain,FUDS,2,current_noise,I_sigma_0.5_pct_reading,10.0,<=35,0.5975661617279172,0.7827293680024302,0.49252945186200303
T6_plain,FUDS,2,current_noise,I_sigma_0.5_pct_reading,10.0,>65,0.5202625787452607,0.6482405531966536,0.4519172520382684
T6_plain,FUDS,2,current_noise,I_sigma_0.5_pct_reading,20.0,35-65,0.5739416893114025,0.7815088350749017,0.07342165110421632
T6_plain,FUDS,2,current_noise,I_sigma_0.5_pct_reading,20.0,<=35,0.34867612983089735,0.5074647997056562,0.12566254889393536
T6_plain,FUDS,2,current_noise,I_sigma_0.5_pct_reading,20.0,>65,0.4308903726739168,0.5424346423416256,0.24106627560497446
T6_plain,FUDS,2,current_noise,I_sigma_0.5_pct_reading,25.0,35-65,0.5751097584082605,0.769081225212106,0.08594750853250298
T6_plain,FUDS,2,current_noise,I_sigma_0.5_pct_reading,25.0,<=35,0.39768589350082156,0.5119821458446743,0.17961040251299573
T6_plain,FUDS,2,current_noise,I_sigma_0.5_pct_reading,25.0,>65,0.5020383131300727,0.6294683264666923,0.3064077485121398
T6_plain,FUDS,2,current_noise,I_sigma_0.5_pct_reading,30.0,35-65,0.6147556727361929,0.7815729206478352,-0.4582614626467711
T6_plain,FUDS,2,current_noise,I_sigma_0.5_pct_reading,30.0,<=35,0.4715558794246532,0.5757144655464432,-0.3018035532250358
T6_plain,FUDS,2,current_noise,I_sigma_0.5_pct_reading,30.0,>65,0.5133569596241084,0.6289929115611789,0.028240953862949184
T6_plain,FUDS,2,current_noise,I_sigma_0.5_pct_reading,40.0,35-65,0.5990794734542758,0.7545886351010823,-0.4114629177322248
T6_plain,FUDS,2,current_noise,I_sigma_0.5_pct_reading,40.0,<=35,0.47239664932162484,0.5862842979511618,-0.3080356323827299
T6_plain,FUDS,2,current_noise,I_sigma_0.5_pct_reading,40.0,>65,0.5696581373529841,0.6860091585413591,0.000334656998506391
T6_plain,FUDS,2,current_noise,I_sigma_0.5_pct_reading,50.0,35-65,0.8649255636647013,1.0629137030945244,-0.8011394970925738
T6_plain,FUDS,2,current_noise,I_sigma_0.5_pct_reading,50.0,<=35,0.6729729621482196,0.845597168631193,-0.6073597575755875
T6_plain,FUDS,2,current_noise,I_sigma_0.5_pct_reading,50.0,>65,0.6437789384187445,0.7778979545559596,-0.07819417583798464
T6_plain,FUDS,2,current_noise,I_sigma_1_pct_reading,-10.0,35-65,2.5711513224000164,2.9512962128579163,2.082202300778233
T6_plain,FUDS,2,current_noise,I_sigma_1_pct_reading,-10.0,<=35,1.336778490422226,1.6767665089644819,0.9481584395375203
T6_plain,FUDS,2,current_noise,I_sigma_1_pct_reading,-10.0,>65,0.8918837531905959,1.0315636657797158,0.8124193317860128
T6_plain,FUDS,2,current_noise,I_sigma_1_pct_reading,0.0,35-65,1.2484296038816094,1.66565510822191,0.7741852651152602
T6_plain,FUDS,2,current_noise,I_sigma_1_pct_reading,0.0,<=35,0.7664923740152257,1.0372835245880807,0.6296864799288885
T6_plain,FUDS,2,current_noise,I_sigma_1_pct_reading,0.0,>65,0.529931136652367,0.6531524422623758,0.3901835596666861
T6_plain,FUDS,2,current_noise,I_sigma_1_pct_reading,10.0,35-65,0.8879129648740307,1.14676928520069,0.5173579793779454
T6_plain,FUDS,2,current_noise,I_sigma_1_pct_reading,10.0,<=35,0.6006639865137205,0.7853463779280038,0.49665820099830565
T6_plain,FUDS,2,current_noise,I_sigma_1_pct_reading,10.0,>65,0.5217450735406196,0.6499163652571609,0.4507158494210241
T6_plain,FUDS,2,current_noise,I_sigma_1_pct_reading,20.0,35-65,0.5746539788162722,0.7805829804163948,0.0867091738232724
T6_plain,FUDS,2,current_noise,I_sigma_1_pct_reading,20.0,<=35,0.34764518275841877,0.5055007076789754,0.12320187868460535
T6_plain,FUDS,2,current_noise,I_sigma_1_pct_reading,20.0,>65,0.43023510496569745,0.5419845478870059,0.23821713475918746
T6_plain,FUDS,2,current_noise,I_sigma_1_pct_reading,25.0,35-65,0.5847502100933091,0.7729061277507563,0.10439559570619789
T6_plain,FUDS,2,current_noise,I_sigma_1_pct_reading,25.0,<=35,0.3969033770895774,0.511501958663246,0.18510067630703267
T6_plain,FUDS,2,current_noise,I_sigma_1_pct_reading,25.0,>65,0.4975486534113332,0.6229349274411392,0.3024329244970317
T6_plain,FUDS,2,current_noise,I_sigma_1_pct_reading,30.0,35-65,0.6210376359499792,0.7879929745164671,-0.4656081050939637
T6_plain,FUDS,2,current_noise,I_sigma_1_pct_reading,30.0,<=35,0.47485030448321225,0.5797372912236377,-0.3116803277087305
T6_plain,FUDS,2,current_noise,I_sigma_1_pct_reading,30.0,>65,0.5150353037325118,0.6318715002704322,0.028506956269295884
T6_plain,FUDS,2,current_noise,I_sigma_1_pct_reading,40.0,35-65,0.6014329598709978,0.7558893756585754,-0.411492656731414
T6_plain,FUDS,2,current_noise,I_sigma_1_pct_reading,40.0,<=35,0.4726913949359811,0.5876016845271069,-0.3070966166086304
T6_plain,FUDS,2,current_noise,I_sigma_1_pct_reading,40.0,>65,0.5667472334764684,0.6841343457837946,-0.006364755826022537
T6_plain,FUDS,2,current_noise,I_sigma_1_pct_reading,50.0,35-65,0.8560672532036994,1.0535328285773995,-0.7877948752976602
T6_plain,FUDS,2,current_noise,I_sigma_1_pct_reading,50.0,<=35,0.6768351070516841,0.8497982238510998,-0.6144336393844102
T6_plain,FUDS,2,current_noise,I_sigma_1_pct_reading,50.0,>65,0.6382043943252229,0.7725598150290178,-0.08275781171948213
T6_plain,FUDS,2,current_noise,I_sigma_2_pct_reading,-10.0,35-65,2.5939750117545217,2.9692420992529267,2.1084934405283833
T6_plain,FUDS,2,current_noise,I_sigma_2_pct_reading,-10.0,<=35,1.3360292561480238,1.675774462391444,0.9456825924026352
T6_plain,FUDS,2,current_noise,I_sigma_2_pct_reading,-10.0,>65,0.8916362664002477,1.031168622989256,0.8067048796945614
T6_plain,FUDS,2,current_noise,I_sigma_2_pct_reading,0.0,35-65,1.26646894435761,1.669560371841375,0.8016642120579771
T6_plain,FUDS,2,current_noise,I_sigma_2_pct_reading,0.0,<=35,0.7586614619315568,1.0267614299176924,0.6198214039028153
T6_plain,FUDS,2,current_noise,I_sigma_2_pct_reading,0.0,>65,0.5392269991725025,0.661287981605115,0.39966342715477554
T6_plain,FUDS,2,current_noise,I_sigma_2_pct_reading,10.0,35-65,0.8821883759881088,1.1377450477611317,0.5243002351713676
T6_plain,FUDS,2,current_noise,I_sigma_2_pct_reading,10.0,<=35,0.5867266541431568,0.7724804454675755,0.48723878112259267
T6_plain,FUDS,2,current_noise,I_sigma_2_pct_reading,10.0,>65,0.5297137079388403,0.659179661276016,0.46545553125646655
T6_plain,FUDS,2,current_noise,I_sigma_2_pct_reading,20.0,35-65,0.5740861082854267,0.7754869288228197,0.10320687625118365
T6_plain,FUDS,2,current_noise,I_sigma_2_pct_reading,20.0,<=35,0.34993209373175566,0.5117888136409239,0.12897687524625698
T6_plain,FUDS,2,current_noise,I_sigma_2_pct_reading,20.0,>65,0.43112190297556485,0.540151437985646,0.25196162462777394
T6_plain,FUDS,2,current_noise,I_sigma_2_pct_reading,25.0,35-65,0.587545431828316,0.7857526031713735,0.07277400001155657
T6_plain,FUDS,2,current_noise,I_sigma_2_pct_reading,25.0,<=35,0.39637883522704365,0.5089608251535989,0.16448934069428056
T6_plain,FUDS,2,current_noise,I_sigma_2_pct_reading,25.0,>65,0.4992136103612642,0.6275919082475659,0.29983947064029487
T6_plain,FUDS,2,current_noise,I_sigma_2_pct_reading,30.0,35-65,0.6275365908479155,0.7962989896922816,-0.4898496183589899
T6_plain,FUDS,2,current_noise,I_sigma_2_pct_reading,30.0,<=35,0.47872245592847634,0.5816432318252472,-0.3104061347980095
T6_plain,FUDS,2,current_noise,I_sigma_2_pct_reading,30.0,>65,0.5208728110534987,0.6364761861026955,0.023795189304900776
T6_plain,FUDS,2,current_noise,I_sigma_2_pct_reading,40.0,35-65,0.607357343598241,0.768215987315073,-0.43414782802027735
T6_plain,FUDS,2,current_noise,I_sigma_2_pct_reading,40.0,<=35,0.47815717975653027,0.595000415223346,-0.32396928309308265
T6_plain,FUDS,2,current_noise,I_sigma_2_pct_reading,40.0,>65,0.5695578804351631,0.6878881478405049,-0.010395569617696644
T6_plain,FUDS,2,current_noise,I_sigma_2_pct_reading,50.0,35-65,0.843154858547331,1.0385579360606518,-0.7731506413044795
T6_plain,FUDS,2,current_noise,I_sigma_2_pct_reading,50.0,<=35,0.6648797831015623,0.8380610318879747,-0.5953347745279668
T6_plain,FUDS,2,current_noise,I_sigma_2_pct_reading,50.0,>65,0.6355231641815152,0.7710761874213078,-0.08766898936887074
T6_plain,FUDS,2,voltage_noise,V_sigma_10_mV,-10.0,35-65,2.6033220631429144,2.983957186980683,2.1162372078165728
T6_plain,FUDS,2,voltage_noise,V_sigma_10_mV,-10.0,<=35,1.3614504682014177,1.7060203306208899,0.9881473186135047
T6_plain,FUDS,2,voltage_noise,V_sigma_10_mV,-10.0,>65,0.9636922144147728,1.1107409661913288,0.8938102755456918
T6_plain,FUDS,2,voltage_noise,V_sigma_10_mV,0.0,35-65,1.2483329175978257,1.6415424036130095,0.7973800234303249
T6_plain,FUDS,2,voltage_noise,V_sigma_10_mV,0.0,<=35,0.7567516452722218,1.0260722932448643,0.6116818775624918
T6_plain,FUDS,2,voltage_noise,V_sigma_10_mV,0.0,>65,0.6014629548617328,0.7317128350018836,0.47999101671021427
T6_plain,FUDS,2,voltage_noise,V_sigma_10_mV,10.0,35-65,0.9033810850616633,1.1674586097785884,0.5319811796412696
T6_plain,FUDS,2,voltage_noise,V_sigma_10_mV,10.0,<=35,0.5965252719579727,0.7829503191717071,0.4923010451326515
T6_plain,FUDS,2,voltage_noise,V_sigma_10_mV,10.0,>65,0.5901398978150354,0.7357093300230662,0.44753787890761254
T6_plain,FUDS,2,voltage_noise,V_sigma_10_mV,20.0,35-65,0.5579788974835943,0.7621789600161635,0.12697504730908865
T6_plain,FUDS,2,voltage_noise,V_sigma_10_mV,20.0,<=35,0.3556648370329437,0.5039397626765518,0.07183162795061264
T6_plain,FUDS,2,voltage_noise,V_sigma_10_mV,20.0,>65,0.4724558473902868,0.6057763869389063,0.33157062303931156
T6_plain,FUDS,2,voltage_noise,V_sigma_10_mV,25.0,35-65,0.6205327446046712,0.7966728547999161,0.09715299973062284
T6_plain,FUDS,2,voltage_noise,V_sigma_10_mV,25.0,<=35,0.4112295185301311,0.5213567871129344,0.16037469288340364
T6_plain,FUDS,2,voltage_noise,V_sigma_10_mV,25.0,>65,0.5095686898590425,0.6499451677258237,0.32972625013363205
T6_plain,FUDS,2,voltage_noise,V_sigma_10_mV,30.0,35-65,0.6046882659693233,0.8032604047017253,-0.411187825257679
T6_plain,FUDS,2,voltage_noise,V_sigma_10_mV,30.0,<=35,0.5042886205241165,0.615726917354531,-0.32249630036306254
T6_plain,FUDS,2,voltage_noise,V_sigma_10_mV,30.0,>65,0.5250730438400587,0.6478699974773645,-0.021413952076798144
T6_plain,FUDS,2,voltage_noise,V_sigma_10_mV,40.0,35-65,0.6566481529795513,0.8043865961457459,-0.4975030865352462
T6_plain,FUDS,2,voltage_noise,V_sigma_10_mV,40.0,<=35,0.48094195316320093,0.599935412991331,-0.33588638618845906
T6_plain,FUDS,2,voltage_noise,V_sigma_10_mV,40.0,>65,0.5847685236631035,0.7163078284581484,0.13807057718853125
T6_plain,FUDS,2,voltage_noise,V_sigma_10_mV,50.0,35-65,0.9327959018690676,1.1365137330654853,-0.8838399168564145
T6_plain,FUDS,2,voltage_noise,V_sigma_10_mV,50.0,<=35,0.7082939431599851,0.8843996942599537,-0.6314568668027931
T6_plain,FUDS,2,voltage_noise,V_sigma_10_mV,50.0,>65,0.6727545384209885,0.8230489233549894,-0.07197735975382433
T6_plain,FUDS,2,voltage_noise,V_sigma_1_mV,-10.0,35-65,2.5841625202281504,2.9646193540843995,2.0936129605872704
T6_plain,FUDS,2,voltage_noise,V_sigma_1_mV,-10.0,<=35,1.3421072063244528,1.6836475498139316,0.9604836981878412
T6_plain,FUDS,2,voltage_noise,V_sigma_1_mV,-10.0,>65,0.8920687216603549,1.0314197646383299,0.8133006837031823
T6_plain,FUDS,2,voltage_noise,V_sigma_1_mV,0.0,35-65,1.2503216217278108,1.6639999008391453,0.7757929366540675
T6_plain,FUDS,2,voltage_noise,V_sigma_1_mV,0.0,<=35,0.7613996095018383,1.0302808940234,0.6232079735509102
T6_plain,FUDS,2,voltage_noise,V_sigma_1_mV,0.0,>65,0.5239264912483873,0.6463354378831412,0.37631822729458914
T6_plain,FUDS,2,voltage_noise,V_sigma_1_mV,10.0,35-65,0.8837918320458374,1.1447602163896762,0.5166238204017153
T6_plain,FUDS,2,voltage_noise,V_sigma_1_mV,10.0,<=35,0.598377852246437,0.7835121564348831,0.4927834276293122
T6_plain,FUDS,2,voltage_noise,V_sigma_1_mV,10.0,>65,0.5197821987382387,0.6467251620321605,0.45025729071335124
T6_plain,FUDS,2,voltage_noise,V_sigma_1_mV,20.0,35-65,0.573852169342321,0.7788344467184668,0.08609418296931282
T6_plain,FUDS,2,voltage_noise,V_sigma_1_mV,20.0,<=35,0.3482396207393557,0.5066070890526624,0.12647604609576976
T6_plain,FUDS,2,voltage_noise,V_sigma_1_mV,20.0,>65,0.43307344491127586,0.5456464710128404,0.24977314859353997
T6_plain,FUDS,2,voltage_noise,V_sigma_1_mV,25.0,35-65,0.579631154840995,0.7738125494992819,0.09296440828774964
T6_plain,FUDS,2,voltage_noise,V_sigma_1_mV,25.0,<=35,0.3981724765248657,0.512216315249098,0.18011989448148513
T6_plain,FUDS,2,voltage_noise,V_sigma_1_mV,25.0,>65,0.5021443296856923,0.627975579825568,0.30790092708737665
T6_plain,FUDS,2,voltage_noise,V_sigma_1_mV,30.0,35-65,0.6237381932868836,0.7926385001885786,-0.4705101804222944
T6_plain,FUDS,2,voltage_noise,V_sigma_1_mV,30.0,<=35,0.4708535399620076,0.5737005605361767,-0.29920045434159104
T6_plain,FUDS,2,voltage_noise,V_sigma_1_mV,30.0,>65,0.5157385059240042,0.6330455975955598,0.022440462973347154
T6_plain,FUDS,2,voltage_noise,V_sigma_1_mV,40.0,35-65,0.5985886194642476,0.7547985751404179,-0.4124929584787964
T6_plain,FUDS,2,voltage_noise,V_sigma_1_mV,40.0,<=35,0.47491754770587064,0.5895992044854506,-0.31168448331328996
T6_plain,FUDS,2,voltage_noise,V_sigma_1_mV,40.0,>65,0.5691656697635747,0.6860165118331728,0.003305367200522321
T6_plain,FUDS,2,voltage_noise,V_sigma_1_mV,50.0,35-65,0.8553734092253673,1.0529361560566455,-0.789779339742333
T6_plain,FUDS,2,voltage_noise,V_sigma_1_mV,50.0,<=35,0.6700800977329878,0.8426706888907107,-0.6046120844453596
T6_plain,FUDS,2,voltage_noise,V_sigma_1_mV,50.0,>65,0.6412413397188126,0.7755619119708809,-0.08049758555403086
T6_plain,FUDS,2,voltage_noise,V_sigma_2_mV,-10.0,35-65,2.5821430002915053,2.963250087600566,2.0915894916647457
T6_plain,FUDS,2,voltage_noise,V_sigma_2_mV,-10.0,<=35,1.3389731050498903,1.6795686225578896,0.9522872197406973
T6_plain,FUDS,2,voltage_noise,V_sigma_2_mV,-10.0,>65,0.8706224767985541,1.0080028991432457,0.7865082198860484
T6_plain,FUDS,2,voltage_noise,V_sigma_2_mV,0.0,35-65,1.2506527884557124,1.6646721372305264,0.7779382393670755
T6_plain,FUDS,2,voltage_noise,V_sigma_2_mV,0.0,<=35,0.7622846216687122,1.0321277199440213,0.6230459973457455
T6_plain,FUDS,2,voltage_noise,V_sigma_2_mV,0.0,>65,0.5382266726688628,0.6628262664957024,0.39925488933275644
T6_plain,FUDS,2,voltage_noise,V_sigma_2_mV,10.0,35-65,0.8897113891026047,1.1453182035324359,0.5394193121380654
T6_plain,FUDS,2,voltage_noise,V_sigma_2_mV,10.0,<=35,0.5897754555293483,0.7756647662924949,0.48199649767226516
T6_plain,FUDS,2,voltage_noise,V_sigma_2_mV,10.0,>65,0.5538402658662918,0.6861764834720684,0.4973686368233635
T6_plain,FUDS,2,voltage_noise,V_sigma_2_mV,20.0,35-65,0.5734483381396356,0.7791992021721713,0.09418411738938502
T6_plain,FUDS,2,voltage_noise,V_sigma_2_mV,20.0,<=35,0.3524900236352596,0.5090743210562054,0.1261720156464492
T6_plain,FUDS,2,voltage_noise,V_sigma_2_mV,20.0,>65,0.4503325454303618,0.5703006577134101,0.29112407138056373
T6_plain,FUDS,2,voltage_noise,V_sigma_2_mV,25.0,35-65,0.5922201580818893,0.7851000574550493,0.10256590471718723
T6_plain,FUDS,2,voltage_noise,V_sigma_2_mV,25.0,<=35,0.4012356947773388,0.518914941306984,0.19380877590759804
T6_plain,FUDS,2,voltage_noise,V_sigma_2_mV,25.0,>65,0.5057837081639328,0.6306896912805738,0.2984569657960599
T6_plain,FUDS,2,voltage_noise,V_sigma_2_mV,30.0,35-65,0.6217637176204409,0.788679246111906,-0.4609434971006699
T6_plain,FUDS,2,voltage_noise,V_sigma_2_mV,30.0,<=35,0.47127499726273947,0.5747501574500997,-0.30023273927318916
T6_plain,FUDS,2,voltage_noise,V_sigma_2_mV,30.0,>65,0.5129762156816957,0.6297774140775172,0.030338029285407426
T6_plain,FUDS,2,voltage_noise,V_sigma_2_mV,40.0,35-65,0.5742668709649965,0.7325986222428981,-0.3864943420662182
T6_plain,FUDS,2,voltage_noise,V_sigma_2_mV,40.0,<=35,0.4766219404025428,0.5904485842177111,-0.3121154197034085
T6_plain,FUDS,2,voltage_noise,V_sigma_2_mV,40.0,>65,0.5612823446284921,0.6760216128770076,0.036167187923293063
T6_plain,FUDS,2,voltage_noise,V_sigma_2_mV,50.0,35-65,0.875894532294577,1.076313209410868,-0.816299300030466
T6_plain,FUDS,2,voltage_noise,V_sigma_2_mV,50.0,<=35,0.667571189527604,0.8391809851422858,-0.5996205220595134
T6_plain,FUDS,2,voltage_noise,V_sigma_2_mV,50.0,>65,0.6432178134476013,0.7807138961548794,-0.09904042764174628
T6_plain,FUDS,2,voltage_noise,V_sigma_5_mV,-10.0,35-65,2.553828509371232,2.940354159794359,2.0639554858252285
T6_plain,FUDS,2,voltage_noise,V_sigma_5_mV,-10.0,<=35,1.3386035238061589,1.679299927122676,0.9549218551342594
T6_plain,FUDS,2,voltage_noise,V_sigma_5_mV,-10.0,>65,0.8627776427814586,0.9996900507448553,0.7778866195824512
T6_plain,FUDS,2,voltage_noise,V_sigma_5_mV,0.0,35-65,1.2301308152108783,1.645275012511985,0.7563430188702287
T6_plain,FUDS,2,voltage_noise,V_sigma_5_mV,0.0,<=35,0.756566919290774,1.0246868549382062,0.6124187413826976
T6_plain,FUDS,2,voltage_noise,V_sigma_5_mV,0.0,>65,0.5155516172763951,0.6352132087377031,0.3480053231974821
T6_plain,FUDS,2,voltage_noise,V_sigma_5_mV,10.0,35-65,0.8725063666164958,1.146846208366865,0.4918344052564086
T6_plain,FUDS,2,voltage_noise,V_sigma_5_mV,10.0,<=35,0.5831264888093128,0.7679260130900575,0.4761975861724589
T6_plain,FUDS,2,voltage_noise,V_sigma_5_mV,10.0,>65,0.5229841985212065,0.6522424537217463,0.44266561583837616
T6_plain,FUDS,2,voltage_noise,V_sigma_5_mV,20.0,35-65,0.5845094829158418,0.7870426703157244,0.0766571044841045
T6_plain,FUDS,2,voltage_noise,V_sigma_5_mV,20.0,<=35,0.350150487365598,0.5101319265345474,0.10228586824313118
T6_plain,FUDS,2,voltage_noise,V_sigma_5_mV,20.0,>65,0.4375721755825016,0.5544339953160694,0.2508881683453476
T6_plain,FUDS,2,voltage_noise,V_sigma_5_mV,25.0,35-65,0.5965209779416946,0.784671429522671,0.12057852843384123
T6_plain,FUDS,2,voltage_noise,V_sigma_5_mV,25.0,<=35,0.3945774282607316,0.5089714610090552,0.1879450347005267
T6_plain,FUDS,2,voltage_noise,V_sigma_5_mV,25.0,>65,0.5294190470070552,0.6680206167298505,0.3650467681426734
T6_plain,FUDS,2,voltage_noise,V_sigma_5_mV,30.0,35-65,0.638992564330465,0.8002999571522754,-0.48830909854611854
T6_plain,FUDS,2,voltage_noise,V_sigma_5_mV,30.0,<=35,0.45786195437020566,0.557404533937503,-0.26491027000507555
T6_plain,FUDS,2,voltage_noise,V_sigma_5_mV,30.0,>65,0.5203426794231139,0.6357580537050362,-0.004283764120188735
T6_plain,FUDS,2,voltage_noise,V_sigma_5_mV,40.0,35-65,0.5394399603121093,0.7018357526701143,-0.34061432603018743
T6_plain,FUDS,2,voltage_noise,V_sigma_5_mV,40.0,<=35,0.4721405735339654,0.5860385755217306,-0.3075580103897327
T6_plain,FUDS,2,voltage_noise,V_sigma_5_mV,40.0,>65,0.5619932169091921,0.6742752402388327,0.034287832433165494
T6_plain,FUDS,2,voltage_noise,V_sigma_5_mV,50.0,35-65,0.9381439970688896,1.1441136368081384,-0.8985242673904772
T6_plain,FUDS,2,voltage_noise,V_sigma_5_mV,50.0,<=35,0.6910407645217962,0.8664788622770571,-0.6287999798638158
T6_plain,FUDS,2,voltage_noise,V_sigma_5_mV,50.0,>65,0.6586501692102861,0.8133573782426178,-0.16102810189549766
T6_plain,US06,0,baseline,unperturbed,-10.0,35-65,3.1306293298228813,3.182680115324763,-3.1306293298228813
T6_plain,US06,0,baseline,unperturbed,-10.0,<=35,2.201859474332649,2.247519266028778,-2.201859474332649
T6_plain,US06,0,baseline,unperturbed,-10.0,>65,1.2801316395959597,1.4110184701616295,-1.2795016395959597
T6_plain,US06,0,baseline,unperturbed,0.0,35-65,1.300020398272553,1.389831315919976,-1.2997872840690978
T6_plain,US06,0,baseline,unperturbed,0.0,<=35,0.9210911847748815,0.9882250842067584,-0.9210911847748815
T6_plain,US06,0,baseline,unperturbed,0.0,>65,0.611515266043867,0.7118477634419189,-0.6046929841592202
T6_plain,US06,0,baseline,unperturbed,10.0,35-65,0.939997374519231,1.116386582942428,-0.9273309245192309
T6_plain,US06,0,baseline,unperturbed,10.0,<=35,0.6584807866935485,0.768653227681444,-0.5552816146505376
T6_plain,US06,0,baseline,unperturbed,10.0,>65,0.5306197022774326,0.6190760546750363,-0.5183238306418219
T6_plain,US06,0,baseline,unperturbed,20.0,35-65,0.6600354124643196,0.8084022673739003,-0.5884155104662226
T6_plain,US06,0,baseline,unperturbed,20.0,<=35,0.4481497933481152,0.521440194137972,-0.4025171766740577
T6_plain,US06,0,baseline,unperturbed,20.0,>65,0.47115510353130036,0.6047344617458319,-0.4493042118780098
T6_plain,US06,0,baseline,unperturbed,25.0,35-65,0.4778514655172414,0.5499467473389568,-0.2661430450191571
T6_plain,US06,0,baseline,unperturbed,25.0,<=35,0.3755258305484147,0.42988636633054317,-0.20964607459297338
T6_plain,US06,0,baseline,unperturbed,25.0,>65,0.3748020884955753,0.4785400747213779,-0.20249054143201922
T6_plain,US06,0,baseline,unperturbed,30.0,35-65,0.4916579239230064,0.5647546077763465,-0.25433094592117333
T6_plain,US06,0,baseline,unperturbed,30.0,<=35,0.2704533137461573,0.33476211359258307,-0.19710155731225298
T6_plain,US06,0,baseline,unperturbed,30.0,>65,0.4268513055332798,0.5478327332922254,-0.2738302068965518
T6_plain,US06,0,baseline,unperturbed,40.0,35-65,0.36724884584086814,0.4520379599742337,0.07927636211573247
T6_plain,US06,0,baseline,unperturbed,40.0,<=35,0.22136158906184264,0.26088154757250165,-0.05139723500210345
T6_plain,US06,0,baseline,unperturbed,40.0,>65,0.42908898044692745,0.5237463118336858,-0.14580794134078215
T6_plain,US06,0,baseline,unperturbed,50.0,35-65,0.33556253052917223,0.42552618744560716,0.18576139439167785
T6_plain,US06,0,baseline,unperturbed,50.0,<=35,0.22794763766666667,0.293820561512556,0.045068358249999996
T6_plain,US06,0,baseline,unperturbed,50.0,>65,0.40959642035928134,0.5107167607321191,-0.07420835648702595
T6_plain,US06,0,current_noise,I_sigma_0.5_pct_reading,-10.0,35-65,3.1284310794885375,3.1809619472457795,-3.1284310794885375
T6_plain,US06,0,current_noise,I_sigma_0.5_pct_reading,-10.0,<=35,2.203106425746863,2.248632402566297,-2.203106425746863
T6_plain,US06,0,current_noise,I_sigma_0.5_pct_reading,-10.0,>65,1.2758969962496034,1.4066209851330647,-1.2752816739039174
T6_plain,US06,0,current_noise,I_sigma_0.5_pct_reading,0.0,35-65,1.3003079350962734,1.38953784963301,-1.3000798013583323
T6_plain,US06,0,current_noise,I_sigma_0.5_pct_reading,0.0,<=35,0.9219418045148161,0.9889564907232095,-0.9219418045148161
T6_plain,US06,0,current_noise,I_sigma_0.5_pct_reading,0.0,>65,0.6095182782746768,0.7100036701552209,-0.6026248195297569
T6_plain,US06,0,current_noise,I_sigma_0.5_pct_reading,10.0,35-65,0.9399915197288429,1.115781218707446,-0.9277509000402364
T6_plain,US06,0,current_noise,I_sigma_0.5_pct_reading,10.0,<=35,0.6595705124545241,0.7697229721334091,-0.5563526166950122
T6_plain,US06,0,current_noise,I_sigma_0.5_pct_reading,10.0,>65,0.526853059723033,0.6155735561012116,-0.5145802257240584
T6_plain,US06,0,current_noise,I_sigma_0.5_pct_reading,20.0,35-65,0.6616622276474312,0.8090965861201411,-0.5899361515997703
T6_plain,US06,0,current_noise,I_sigma_0.5_pct_reading,20.0,<=35,0.44626487873308085,0.5196304874049429,-0.40025275668113003
T6_plain,US06,0,current_noise,I_sigma_0.5_pct_reading,20.0,>65,0.47004655244035154,0.6027737538717609,-0.4481336226817581
T6_plain,US06,0,current_noise,I_sigma_0.5_pct_reading,25.0,35-65,0.4853948674324104,0.5588879673439756,-0.2706507346700861
T6_plain,US06,0,current_noise,I_sigma_0.5_pct_reading,25.0,<=35,0.3756783761797845,0.4307219657583879,-0.2088766914842495
T6_plain,US06,0,current_noise,I_sigma_0.5_pct_reading,25.0,>65,0.3743309251434723,0.4772702066873073,-0.19883907604579254
T6_plain,US06,0,current_noise,I_sigma_0.5_pct_reading,30.0,35-65,0.49114230253731844,0.5629653690706182,-0.25032129899441696
T6_plain,US06,0,current_noise,I_sigma_0.5_pct_reading,30.0,<=35,0.2672175786494088,0.33128627650169545,-0.19331575203245974
T6_plain,US06,0,current_noise,I_sigma_0.5_pct_reading,30.0,>65,0.426934604188317,0.546919634832388,-0.2726068488212123
T6_plain,US06,0,current_noise,I_sigma_0.5_pct_reading,40.0,35-65,0.3680468609575648,0.45308218777016673,0.08614658796423447
T6_plain,US06,0,current_noise,I_sigma_0.5_pct_reading,40.0,<=35,0.2217331705938744,0.2612438775311628,-0.05128493662104183
T6_plain,US06,0,current_noise,I_sigma_0.5_pct_reading,40.0,>65,0.42957018337931313,0.5241730289163943,-0.1455593494356201
T6_plain,US06,0,current_noise,I_sigma_0.5_pct_reading,50.0,35-65,0.3327080058525393,0.42097152371127383,0.1704267647984362
T6_plain,US06,0,current_noise,I_sigma_0.5_pct_reading,50.0,<=35,0.22746583011452712,0.2936020103932739,0.04666629059449529
T6_plain,US06,0,current_noise,I_sigma_0.5_pct_reading,50.0,>65,0.4089554999285141,0.5098841430098384,-0.07592642595216674
T6_plain,US06,0,current_noise,I_sigma_1_pct_reading,-10.0,35-65,3.135755460303823,3.1874863760199674,-3.135755460303823
T6_plain,US06,0,current_noise,I_sigma_1_pct_reading,-10.0,<=35,2.206120062696886,2.251837503319165,-2.206120062696886
T6_plain,US06,0,current_noise,I_sigma_1_pct_reading,-10.0,>65,1.2809709078891331,1.4122338593221695,-1.2802916710759038
T6_plain,US06,0,current_noise,I_sigma_1_pct_reading,0.0,35-65,1.3010073043652766,1.3921407393915604,-1.3007233985268978
T6_plain,US06,0,current_noise,I_sigma_1_pct_reading,0.0,<=35,0.9208395072996217,0.9878957482631853,-0.9208395072996217
T6_plain,US06,0,current_noise,I_sigma_1_pct_reading,0.0,>65,0.6171878608493347,0.7167462179576412,-0.6101989349090016
T6_plain,US06,0,current_noise,I_sigma_1_pct_reading,10.0,35-65,0.9434323705801817,1.1198923439912063,-0.9317195267785952
T6_plain,US06,0,current_noise,I_sigma_1_pct_reading,10.0,<=35,0.6598538108180687,0.7702062618610437,-0.5565398032415381
T6_plain,US06,0,current_noise,I_sigma_1_pct_reading,10.0,>65,0.5372936028283538,0.6248765353488198,-0.5251179575278629
T6_plain,US06,0,current_noise,I_sigma_1_pct_reading,20.0,35-65,0.6689296908556428,0.8172019554205043,-0.5983516969901357
T6_plain,US06,0,current_noise,I_sigma_1_pct_reading,20.0,<=35,0.4501933107078016,0.5218765937552172,-0.4056853216969003
T6_plain,US06,0,current_noise,I_sigma_1_pct_reading,20.0,>65,0.474407182506096,0.6086670883407895,-0.45276815409092835
T6_plain,US06,0,current_noise,I_sigma_1_pct_reading,25.0,35-65,0.4771601832264892,0.5495303040679678,-0.27202898645925955
T6_plain,US06,0,current_noise,I_sigma_1_pct_reading,25.0,<=35,0.3738841515684626,0.42615400144338694,-0.20751636369145532
T6_plain,US06,0,current_noise,I_sigma_1_pct_reading,25.0,>65,0.37574955942220534,0.48110511456926736,-0.20840859377244011
T6_plain,US06,0,current_noise,I_sigma_1_pct_reading,30.0,35-65,0.4910142247045304,0.563851162268154,-0.2537987670020615
T6_plain,US06,0,current_noise,I_sigma_1_pct_reading,30.0,<=35,0.26777851595321195,0.3319765006531414,-0.19494957072065833
T6_plain,US06,0,current_noise,I_sigma_1_pct_reading,30.0,>65,0.42589049825226716,0.5466707987906565,-0.2705373471942077
T6_plain,US06,0,current_noise,I_sigma_1_pct_reading,40.0,35-65,0.36499139222569094,0.44917780777282,0.07861972042796904
T6_plain,US06,0,current_noise,I_sigma_1_pct_reading,40.0,<=35,0.22114345159184925,0.25992764330618123,-0.05055387679283472
T6_plain,US06,0,current_noise,I_sigma_1_pct_reading,40.0,>65,0.42698292931055437,0.5204811615962428,-0.14585538583800453
T6_plain,US06,0,current_noise,I_sigma_1_pct_reading,50.0,35-65,0.3386625988837636,0.4281075299549448,0.1946197419621067
T6_plain,US06,0,current_noise,I_sigma_1_pct_reading,50.0,<=35,0.22532310592946803,0.28985386923424367,0.04684160720559321
T6_plain,US06,0,current_noise,I_sigma_1_pct_reading,50.0,>65,0.41110787543216176,0.5142800453358748,-0.07678371761477253
T6_plain,US06,0,current_noise,I_sigma_2_pct_reading,-10.0,35-65,3.1108199237381537,3.1662210617931295,-3.1108199237381537
T6_plain,US06,0,current_noise,I_sigma_2_pct_reading,-10.0,<=35,2.187212149586139,2.2328256942749762,-2.187212149586139
T6_plain,US06,0,current_noise,I_sigma_2_pct_reading,-10.0,>65,1.2587858016698787,1.3876006738190723,-1.258108166907069
T6_plain,US06,0,current_noise,I_sigma_2_pct_reading,0.0,35-65,1.3163511105260488,1.414543929710807,-1.3160854255607848
T6_plain,US06,0,current_noise,I_sigma_2_pct_reading,0.0,<=35,0.9366378275665888,1.0055370158200345,-0.9366378275665888
T6_plain,US06,0,current_noise,I_sigma_2_pct_reading,0.0,>65,0.6067515263199258,0.7073439601668068,-0.5992182785056966
T6_plain,US06,0,current_noise,I_sigma_2_pct_reading,10.0,35-65,0.9511035277983897,1.1294734436476426,-0.9392434167901809
T6_plain,US06,0,current_noise,I_sigma_2_pct_reading,10.0,<=35,0.660225570027941,0.7709060527565403,-0.5576733019271929
T6_plain,US06,0,current_noise,I_sigma_2_pct_reading,10.0,>65,0.5386173920288969,0.6242851585537585,-0.5269976206464452
T6_plain,US06,0,current_noise,I_sigma_2_pct_reading,20.0,35-65,0.6797027577162822,0.8299461520282563,-0.6030498998406117
T6_plain,US06,0,current_noise,I_sigma_2_pct_reading,20.0,<=35,0.45363744680533546,0.5282709725568947,-0.4084124223046377
T6_plain,US06,0,current_noise,I_sigma_2_pct_reading,20.0,>65,0.474916885615182,0.6143460217833199,-0.44989653927833556
T6_plain,US06,0,current_noise,I_sigma_2_pct_reading,25.0,35-65,0.5071227993836848,0.5884445100904985,-0.30990983160831315
T6_plain,US06,0,current_noise,I_sigma_2_pct_reading,25.0,<=35,0.3790055685891985,0.43722291934162966,-0.21251351183086875
T6_plain,US06,0,current_noise,I_sigma_2_pct_reading,25.0,>65,0.37653373388068523,0.48210648179175497,-0.20971860044758744
T6_plain,US06,0,current_noise,I_sigma_2_pct_reading,30.0,35-65,0.5089297809825505,0.5811510581199133,-0.25203813994633245
T6_plain,US06,0,current_noise,I_sigma_2_pct_reading,30.0,<=35,0.2757505296780414,0.34104537664173434,-0.20631624481176192
T6_plain,US06,0,current_noise,I_sigma_2_pct_reading,30.0,>65,0.42830582495060104,0.55030839979198,-0.26895095547297326
T6_plain,US06,0,current_noise,I_sigma_2_pct_reading,40.0,35-65,0.3661554717359951,0.44873246485602125,0.08378840375639063
T6_plain,US06,0,current_noise,I_sigma_2_pct_reading,40.0,<=35,0.21973740776062894,0.26069729679727266,-0.04811248467919083
T6_plain,US06,0,current_noise,I_sigma_2_pct_reading,40.0,>65,0.43686230428282147,0.5334343557872692,-0.14564205861029764
T6_plain,US06,0,current_noise,I_sigma_2_pct_reading,50.0,35-65,0.3490526701478146,0.44037908671828746,0.22871781728719717
T6_plain,US06,0,current_noise,I_sigma_2_pct_reading,50.0,<=35,0.23163377077025726,0.2968030250701374,0.04949319389444121
T6_plain,US06,0,current_noise,I_sigma_2_pct_reading,50.0,>65,0.41143689185174165,0.5168511958348301,-0.07549488277199673
T6_plain,US06,0,voltage_noise,V_sigma_10_mV,-10.0,35-65,3.0739519952370142,3.131928155368704,-3.0739519952370142
T6_plain,US06,0,voltage_noise,V_sigma_10_mV,-10.0,<=35,2.16450434857736,2.209324776653267,-2.16450434857736
T6_plain,US06,0,voltage_noise,V_sigma_10_mV,-10.0,>65,1.1945574697028205,1.3188593525633947,-1.1943366428951812
T6_plain,US06,0,voltage_noise,V_sigma_10_mV,0.0,35-65,1.2936166538790705,1.3629205135767437,-1.2934737400202505
T6_plain,US06,0,voltage_noise,V_sigma_10_mV,0.0,<=35,0.8848372322320445,0.9428509171770981,-0.8848372322320445
T6_plain,US06,0,voltage_noise,V_sigma_10_mV,0.0,>65,0.6133407732413444,0.724070982965894,-0.603149444506125
T6_plain,US06,0,voltage_noise,V_sigma_10_mV,10.0,35-65,0.9903927438009299,1.162553194669731,-0.9581354633319206
T6_plain,US06,0,voltage_noise,V_sigma_10_mV,10.0,<=35,0.6475383279441035,0.7545160099629943,-0.5477309202143344
T6_plain,US06,0,voltage_noise,V_sigma_10_mV,10.0,>65,0.5272357569225935,0.646837428632502,-0.5001669933353546
T6_plain,US06,0,voltage_noise,V_sigma_10_mV,20.0,35-65,0.6706779668765699,0.8159285274108765,-0.5790204238815756
T6_plain,US06,0,voltage_noise,V_sigma_10_mV,20.0,<=35,0.42684746361397347,0.5101168662879612,-0.3788058832231502
T6_plain,US06,0,voltage_noise,V_sigma_10_mV,20.0,>65,0.525864288889506,0.6603911384599394,-0.4939844605949121
T6_plain,US06,0,voltage_noise,V_sigma_10_mV,25.0,35-65,0.42741883611638154,0.5222041968581346,-0.3383676229827219
T6_plain,US06,0,voltage_noise,V_sigma_10_mV,25.0,<=35,0.3465573883114371,0.4047635168577741,-0.1699154760835775
T6_plain,US06,0,voltage_noise,V_sigma_10_mV,25.0,>65,0.46220586757724164,0.6016084080542279,-0.351663526301064
T6_plain,US06,0,voltage_noise,V_sigma_10_mV,30.0,35-65,0.4356791201277656,0.513842971513208,-0.06310881890741636
T6_plain,US06,0,voltage_noise,V_sigma_10_mV,30.0,<=35,0.23465441982015536,0.29585597591950263,-0.1411779755692175
T6_plain,US06,0,voltage_noise,V_sigma_10_mV,30.0,>65,0.4486359953757753,0.5644254033274926,-0.25564270570649267
T6_plain,US06,0,voltage_noise,V_sigma_10_mV,40.0,35-65,0.44964934288985026,0.5420441079970247,0.3099564809057904
T6_plain,US06,0,voltage_noise,V_sigma_10_mV,40.0,<=35,0.221861990341853,0.26792705215464396,-0.01967388159919981
T6_plain,US06,0,voltage_noise,V_sigma_10_mV,40.0,>65,0.4726454913728578,0.5660812857898899,-0.07923050393962126
T6_plain,US06,0,voltage_noise,V_sigma_10_mV,50.0,35-65,0.3880960154828641,0.4905574674200105,0.1674218136606997
T6_plain,US06,0,voltage_noise,V_sigma_10_mV,50.0,<=35,0.25459209579046155,0.3329758863505292,0.02575043610506452
T6_plain,US06,0,voltage_noise,V_sigma_10_mV,50.0,>65,0.4202722902490794,0.5142348449729919,-0.048954900653307674
T6_plain,US06,0,voltage_noise,V_sigma_1_mV,-10.0,35-65,3.1393944622505714,3.1915849536549965,-3.1393944622505714
T6_plain,US06,0,voltage_noise,V_sigma_1_mV,-10.0,<=35,2.2036134854381597,2.2494906275783064,-2.2036134854381597
T6_plain,US06,0,voltage_noise,V_sigma_1_mV,-10.0,>65,1.2866508973472006,1.4190971261427612,-1.2859116665976806
T6_plain,US06,0,voltage_noise,V_sigma_1_mV,0.0,35-65,1.3082533309823912,1.3968552996788814,-1.3080199766239209
T6_plain,US06,0,voltage_noise,V_sigma_1_mV,0.0,<=35,0.9210356954758933,0.9878031684023242,-0.9210356954758933
T6_plain,US06,0,voltage_noise,V_sigma_1_mV,0.0,>65,0.6187918038679981,0.7196946392670373,-0.6117107793666016
T6_plain,US06,0,voltage_noise,V_sigma_1_mV,10.0,35-65,0.9359996580815719,1.1112746276801073,-0.9235583962501758
T6_plain,US06,0,voltage_noise,V_sigma_1_mV,10.0,<=35,0.6602302538579706,0.7709244917260683,-0.5573895110258005
T6_plain,US06,0,voltage_noise,V_sigma_1_mV,10.0,>65,0.5296439004216964,0.6173677153013412,-0.5171689496458507
T6_plain,US06,0,voltage_noise,V_sigma_1_mV,20.0,35-65,0.6642963438486257,0.8138931932608684,-0.5960889724402435
T6_plain,US06,0,voltage_noise,V_sigma_1_mV,20.0,<=35,0.4465187536141763,0.5197322695763198,-0.40036624983899044
T6_plain,US06,0,voltage_noise,V_sigma_1_mV,20.0,>65,0.4765146864618227,0.6102511511048981,-0.45547697870047765
T6_plain,US06,0,voltage_noise,V_sigma_1_mV,25.0,35-65,0.4780268385509135,0.5515077984297838,-0.2712477307576147
T6_plain,US06,0,voltage_noise,V_sigma_1_mV,25.0,<=35,0.37984256153609636,0.43524041528527035,-0.21361826305547307
T6_plain,US06,0,voltage_noise,V_sigma_1_mV,25.0,>65,0.3771496808489214,0.48185015734288916,-0.20863282567884917
T6_plain,US06,0,voltage_noise,V_sigma_1_mV,30.0,35-65,0.49428423621367945,0.5665849811376095,-0.2530265595092658
T6_plain,US06,0,voltage_noise,V_sigma_1_mV,30.0,<=35,0.2684708963272809,0.3321093620878342,-0.19378438700779843
T6_plain,US06,0,voltage_noise,V_sigma_1_mV,30.0,>65,0.4253684327068356,0.5477329548270748,-0.2769192647867252
T6_plain,US06,0,voltage_noise,V_sigma_1_mV,40.0,35-65,0.36239930904072143,0.4469351721451025,0.08603859990474967
T6_plain,US06,0,voltage_noise,V_sigma_1_mV,40.0,<=35,0.21824755655585845,0.2576088767700219,-0.049529739010075055
T6_plain,US06,0,voltage_noise,V_sigma_1_mV,40.0,>65,0.4284061117098566,0.5227788007740469,-0.14358413174173612
T6_plain,US06,0,voltage_noise,V_sigma_1_mV,50.0,35-65,0.33740987710041964,0.4295348932754966,0.19988310841762308
T6_plain,US06,0,voltage_noise,V_sigma_1_mV,50.0,<=35,0.2281447877052473,0.2947612069729533,0.05159205160416525
T6_plain,US06,0,voltage_noise,V_sigma_1_mV,50.0,>65,0.40908367520575295,0.5110574352011973,-0.08225602441388385
T6_plain,US06,0,voltage_noise,V_sigma_2_mV,-10.0,35-65,3.148138535446217,3.2003354194530536,-3.148138535446217
T6_plain,US06,0,voltage_noise,V_sigma_2_mV,-10.0,<=35,2.2006956850870694,2.246678492184816,-2.2006956850870694
T6_plain,US06,0,voltage_noise,V_sigma_2_mV,-10.0,>65,1.2884987097297151,1.4208104682359566,-1.2877944854105547
T6_plain,US06,0,voltage_noise,V_sigma_2_mV,0.0,35-65,1.3120304487652537,1.4009844488447092,-1.3118020310035128
T6_plain,US06,0,voltage_noise,V_sigma_2_mV,0.0,<=35,0.9282261039758724,0.9969215950538229,-0.9282261039758724
T6_plain,US06,0,voltage_noise,V_sigma_2_mV,0.0,>65,0.6222047285759538,0.7230436713386005,-0.6150167978754735
T6_plain,US06,0,voltage_noise,V_sigma_2_mV,10.0,35-65,0.9610666362958272,1.134816903861766,-0.9523987842066299
T6_plain,US06,0,voltage_noise,V_sigma_2_mV,10.0,<=35,0.6585141313416254,0.7695640873069814,-0.5557049161708922
T6_plain,US06,0,voltage_noise,V_sigma_2_mV,10.0,>65,0.5308106062748646,0.6179527354940432,-0.5188292322955418
T6_plain,US06,0,voltage_noise,V_sigma_2_mV,20.0,35-65,0.6676941863821825,0.8168786805749648,-0.5927710963353933
T6_plain,US06,0,voltage_noise,V_sigma_2_mV,20.0,<=35,0.44754412183390907,0.5210648800460953,-0.40168070781024895
T6_plain,US06,0,voltage_noise,V_sigma_2_mV,20.0,>65,0.46999475372248534,0.6021605542480223,-0.4486155712013531
T6_plain,US06,0,voltage_noise,V_sigma_2_mV,25.0,35-65,0.4711046770781825,0.5410135877111318,-0.24816099014249957
T6_plain,US06,0,voltage_noise,V_sigma_2_mV,25.0,<=35,0.3788256319374218,0.4314020579292107,-0.21294247688060736
T6_plain,US06,0,voltage_noise,V_sigma_2_mV,25.0,>65,0.37574454424412534,0.4768505597900087,-0.19298997986598485
T6_plain,US06,0,voltage_noise,V_sigma_2_mV,30.0,35-65,0.4978314345861086,0.5721084620852372,-0.2420721140416965
T6_plain,US06,0,voltage_noise,V_sigma_2_mV,30.0,<=35,0.26718463989790164,0.3329957540714222,-0.18977935963814552
T6_plain,US06,0,voltage_noise,V_sigma_2_mV,30.0,>65,0.43243338651149205,0.5531220845771737,-0.27320100324769725
T6_plain,US06,0,voltage_noise,V_sigma_2_mV,40.0,35-65,0.36991257519931925,0.4530983718660426,0.08013765923386017
T6_plain,US06,0,voltage_noise,V_sigma_2_mV,40.0,<=35,0.22231138034683703,0.26372375291127453,-0.04762310636332603
T6_plain,US06,0,voltage_noise,V_sigma_2_mV,40.0,>65,0.4290659842028932,0.528962569103586,-0.15905506989278184
T6_plain,US06,0,voltage_noise,V_sigma_2_mV,50.0,35-65,0.338225226796973,0.42794477073390413,0.18608525184348043
T6_plain,US06,0,voltage_noise,V_sigma_2_mV,50.0,<=35,0.22692747483551723,0.293186356288091,0.04858349349972965
T6_plain,US06,0,voltage_noise,V_sigma_2_mV,50.0,>65,0.4103937452526222,0.5136065950610519,-0.07505349907515702
T6_plain,US06,0,voltage_noise,V_sigma_5_mV,-10.0,35-65,3.1725778935411553,3.2221705196391235,-3.1725778935411553
T6_plain,US06,0,voltage_noise,V_sigma_5_mV,-10.0,<=35,2.2181961636344445,2.263619453088278,-2.2181961636344445
T6_plain,US06,0,voltage_noise,V_sigma_5_mV,-10.0,>65,1.334165230515858,1.4779574588452993,-1.3327294573772825
T6_plain,US06,0,voltage_noise,V_sigma_5_mV,0.0,35-65,1.2253547296782998,1.323761748316728,-1.2247995711734405
T6_plain,US06,0,voltage_noise,V_sigma_5_mV,0.0,<=35,0.9009143192677208,0.9659512326911576,-0.9009143192677208
T6_plain,US06,0,voltage_noise,V_sigma_5_mV,0.0,>65,0.5743434517410014,0.6730258045342713,-0.5689074863729326
T6_plain,US06,0,voltage_noise,V_sigma_5_mV,10.0,35-65,0.9629126277603602,1.138679148080464,-0.9505038880730421
T6_plain,US06,0,voltage_noise,V_sigma_5_mV,10.0,<=35,0.6526164327192272,0.7655347815793031,-0.5460899181546038
T6_plain,US06,0,voltage_noise,V_sigma_5_mV,10.0,>65,0.5110700526952854,0.598083553087641,-0.501628376642886
T6_plain,US06,0,voltage_noise,V_sigma_5_mV,20.0,35-65,0.628325267204494,0.7591020021661217,-0.5396833186855625
T6_plain,US06,0,voltage_noise,V_sigma_5_mV,20.0,<=35,0.4188506726550482,0.4850648312635493,-0.3753872886133666
T6_plain,US06,0,voltage_noise,V_sigma_5_mV,20.0,>65,0.46140496630704053,0.5959504419402212,-0.4251373701903975
T6_plain,US06,0,voltage_noise,V_sigma_5_mV,25.0,35-65,0.47447655316688514,0.5472404203653534,-0.22079459226153972
T6_plain,US06,0,voltage_noise,V_sigma_5_mV,25.0,<=35,0.3904208619110971,0.45016345213252584,-0.2238183718338953
T6_plain,US06,0,voltage_noise,V_sigma_5_mV,25.0,>65,0.3901818760581289,0.49470632393605257,-0.20124503055917867
T6_plain,US06,0,voltage_noise,V_sigma_5_mV,30.0,35-65,0.5051007334684005,0.5854656466225455,-0.2787777719952904
T6_plain,US06,0,voltage_noise,V_sigma_5_mV,30.0,<=35,0.28630582360448303,0.35663790157224395,-0.21098785313716076
T6_plain,US06,0,voltage_noise,V_sigma_5_mV,30.0,>65,0.43896333576496893,0.5618298287849703,-0.2725096164540809
T6_plain,US06,0,voltage_noise,V_sigma_5_mV,40.0,35-65,0.387220461497719,0.48307464591871063,0.19366706625623173
T6_plain,US06,0,voltage_noise,V_sigma_5_mV,40.0,<=35,0.22155874388684818,0.26658537601445953,-0.03126079875886782
T6_plain,US06,0,voltage_noise,V_sigma_5_mV,40.0,>65,0.4434756478469233,0.5349336823523293,-0.11344519929774542
T6_plain,US06,0,voltage_noise,V_sigma_5_mV,50.0,35-65,0.368336725857191,0.4744050921644469,0.210790347747828
T6_plain,US06,0,voltage_noise,V_sigma_5_mV,50.0,<=35,0.23131795100031505,0.2981133960803205,0.02978634020315967
T6_plain,US06,0,voltage_noise,V_sigma_5_mV,50.0,>65,0.42213258906286344,0.5277538938228823,-0.050784273085963116
T6_plain,US06,1,baseline,unperturbed,-10.0,35-65,3.1466916792723794,3.1904776635186205,-3.1466916792723794
T6_plain,US06,1,baseline,unperturbed,-10.0,<=35,2.219261659137577,2.255403699355564,-2.219261659137577
T6_plain,US06,1,baseline,unperturbed,-10.0,>65,1.3582991474747474,1.4870744050095335,-1.3581626917171716
T6_plain,US06,1,baseline,unperturbed,0.0,35-65,1.2911168286948178,1.371023733718866,-1.2911168286948178
T6_plain,US06,1,baseline,unperturbed,0.0,<=35,0.8682471206753556,0.9499221954400816,-0.8682471206753556
T6_plain,US06,1,baseline,unperturbed,0.0,>65,0.6158547798537775,0.7016003912334627,-0.6047417944760358
T6_plain,US06,1,baseline,unperturbed,10.0,35-65,0.9711340524038461,1.1089073540592245,-0.9706981947115384
T6_plain,US06,1,baseline,unperturbed,10.0,<=35,0.7335619630376344,0.8501508516499222,-0.5903500820340501
T6_plain,US06,1,baseline,unperturbed,10.0,>65,0.4862896741200827,0.5830825085704462,-0.47254946128364383
T6_plain,US06,1,baseline,unperturbed,20.0,35-65,0.5224036983824929,0.6606712895896861,-0.4604221294005709
T6_plain,US06,1,baseline,unperturbed,20.0,<=35,0.44516133175166295,0.5082388394341801,-0.4171822539689578
T6_plain,US06,1,baseline,unperturbed,20.0,>65,0.38435023073836294,0.5158913110112441,-0.34327430056179786
T6_plain,US06,1,baseline,unperturbed,25.0,35-65,0.4184900790229885,0.48414643198147517,-0.1631978836206897
T6_plain,US06,1,baseline,unperturbed,25.0,<=35,0.3549339398886033,0.3946834083957153,-0.16857198581833766
T6_plain,US06,1,baseline,unperturbed,25.0,>65,0.3454479267900242,0.43795981696373604,-0.10406085760257446
T6_plain,US06,1,baseline,unperturbed,30.0,35-65,0.3887537607699358,0.44620964182601996,-0.08471795967002754
T6_plain,US06,1,baseline,unperturbed,30.0,<=35,0.21638906381203338,0.25852922404807205,-0.13651142569169958
T6_plain,US06,1,baseline,unperturbed,30.0,>65,0.3910300589414597,0.5040880918252179,-0.1738489370489175
T6_plain,US06,1,baseline,unperturbed,40.0,35-65,0.3807568074141049,0.4770622905898965,0.2054931636528029
T6_plain,US06,1,baseline,unperturbed,40.0,<=35,0.1743884925957088,0.21310277305608757,0.03256969545645777
T6_plain,US06,1,baseline,unperturbed,40.0,>65,0.4771575063846768,0.5711720590567652,0.029535566241021584
T6_plain,US06,1,baseline,unperturbed,50.0,35-65,0.4222432650384441,0.5182831651925627,0.3734819154228855
T6_plain,US06,1,baseline,unperturbed,50.0,<=35,0.2285321042916667,0.2864171811307857,0.11570768279166668
T6_plain,US06,1,baseline,unperturbed,50.0,>65,0.49446562674650696,0.5930187650788264,0.06296759560878241
T6_plain,US06,1,current_noise,I_sigma_0.5_pct_reading,-10.0,35-65,3.1443872785606852,3.1886144354225414,-3.1443872785606852
T6_plain,US06,1,current_noise,I_sigma_0.5_pct_reading,-10.0,<=35,2.2205007317358563,2.256505397349963,-2.2205007317358563
T6_plain,US06,1,current_noise,I_sigma_0.5_pct_reading,-10.0,>65,1.3539255303200832,1.4825007210743362,-1.3537896102659819
T6_plain,US06,1,current_noise,I_sigma_0.5_pct_reading,0.0,35-65,1.2914371993685936,1.370740815918647,-1.2914371993685936
T6_plain,US06,1,current_noise,I_sigma_0.5_pct_reading,0.0,<=35,0.8691693890807543,0.9507136147536773,-0.8691693890807543
T6_plain,US06,1,current_noise,I_sigma_0.5_pct_reading,0.0,>65,0.6135402850514796,0.6997024434035801,-0.6026251536256536
T6_plain,US06,1,current_noise,I_sigma_0.5_pct_reading,10.0,35-65,0.9715291872630963,1.1084812544856661,-0.9711464160491392
T6_plain,US06,1,current_noise,I_sigma_0.5_pct_reading,10.0,<=35,0.7345058053393192,0.8510513747735791,-0.5913403838964144
T6_plain,US06,1,current_noise,I_sigma_0.5_pct_reading,10.0,>65,0.4825112214170404,0.5797383183727035,-0.46880425014195404
T6_plain,US06,1,current_noise,I_sigma_0.5_pct_reading,20.0,35-65,0.5237195524724833,0.6609089931874631,-0.4618767126900105
T6_plain,US06,1,current_noise,I_sigma_0.5_pct_reading,20.0,<=35,0.44318488640535403,0.5062897543140302,-0.4149072082809771
T6_plain,US06,1,current_noise,I_sigma_0.5_pct_reading,20.0,>65,0.383334175167292,0.5142755506455914,-0.34229164820060715
T6_plain,US06,1,current_noise,I_sigma_0.5_pct_reading,25.0,35-65,0.4257312484949327,0.49269608314825913,-0.16754806600699176
T6_plain,US06,1,current_noise,I_sigma_0.5_pct_reading,25.0,<=35,0.3549857849155737,0.39532309199843413,-0.16773168393658056
T6_plain,US06,1,current_noise,I_sigma_0.5_pct_reading,25.0,>65,0.34541887117520387,0.4373352933755053,-0.10049857543310653
T6_plain,US06,1,current_noise,I_sigma_0.5_pct_reading,30.0,35-65,0.38788181073109823,0.44524406862106836,-0.08063724421427211
T6_plain,US06,1,current_noise,I_sigma_0.5_pct_reading,30.0,<=35,0.21332714120554935,0.2551722686997156,-0.13276710986075832
T6_plain,US06,1,current_noise,I_sigma_0.5_pct_reading,30.0,>65,0.39086020264283095,0.5030048710054835,-0.1726305832218741
T6_plain,US06,1,current_noise,I_sigma_0.5_pct_reading,40.0,35-65,0.38398315585631937,0.4802372776318139,0.21251612708483558
T6_plain,US06,1,current_noise,I_sigma_0.5_pct_reading,40.0,<=35,0.17541561650784923,0.21467599245432667,0.032397276324647915
T6_plain,US06,1,current_noise,I_sigma_0.5_pct_reading,40.0,>65,0.47729339776318863,0.5714696356309545,0.029987670008363783
T6_plain,US06,1,current_noise,I_sigma_0.5_pct_reading,50.0,35-65,0.41212067755284304,0.5073773715987936,0.35755303411450917
T6_plain,US06,1,current_noise,I_sigma_0.5_pct_reading,50.0,<=35,0.22929569926874852,0.28728051733652427,0.11751829223192263
T6_plain,US06,1,current_noise,I_sigma_0.5_pct_reading,50.0,>65,0.4935732507371996,0.5916829083777811,0.06127087597971575
T6_plain,US06,1,current_noise,I_sigma_1_pct_reading,-10.0,35-65,3.1516704078639584,3.19515048890054,-3.1516704078639584
T6_plain,US06,1,current_noise,I_sigma_1_pct_reading,-10.0,<=35,2.2235137730474035,2.259705699818717,-2.2235137730474035
T6_plain,US06,1,current_noise,I_sigma_1_pct_reading,-10.0,>65,1.359139568715831,1.4880742381494025,-1.3589892890851694
T6_plain,US06,1,current_noise,I_sigma_1_pct_reading,0.0,35-65,1.2921067057762623,1.3733032931492453,-1.2921067057762623
T6_plain,US06,1,current_noise,I_sigma_1_pct_reading,0.0,<=35,0.8680259022488108,0.949556762339387,-0.8680259022488108
T6_plain,US06,1,current_noise,I_sigma_1_pct_reading,0.0,>65,0.6218484508609499,0.7065224515062535,-0.6103984861917814
T6_plain,US06,1,current_noise,I_sigma_1_pct_reading,10.0,35-65,0.9751564879489739,1.1128576888937873,-0.9748143521602471
T6_plain,US06,1,current_noise,I_sigma_1_pct_reading,10.0,<=35,0.734956518377741,0.8517457631037183,-0.5917272723737204
T6_plain,US06,1,current_noise,I_sigma_1_pct_reading,10.0,>65,0.4934469736924491,0.5880561856464573,-0.47950962525390445
T6_plain,US06,1,current_noise,I_sigma_1_pct_reading,20.0,35-65,0.531023669535901,0.6686939028634848,-0.4703708911251876
T6_plain,US06,1,current_noise,I_sigma_1_pct_reading,20.0,<=35,0.4476143246519398,0.5090857131471895,-0.4205140081802313
T6_plain,US06,1,current_noise,I_sigma_1_pct_reading,20.0,>65,0.3866703517256585,0.5185152605626894,-0.34621445821423685
T6_plain,US06,1,current_noise,I_sigma_1_pct_reading,25.0,35-65,0.4171781817496545,0.48301649919571527,-0.16922463790141457
T6_plain,US06,1,current_noise,I_sigma_1_pct_reading,25.0,<=35,0.35356063977667845,0.39240984682514785,-0.16659091290029762
T6_plain,US06,1,current_noise,I_sigma_1_pct_reading,25.0,>65,0.34452774144577103,0.438030498288736,-0.10939960365191675
T6_plain,US06,1,current_noise,I_sigma_1_pct_reading,30.0,35-65,0.38884463634474764,0.4453706595384017,-0.08440325433727351
T6_plain,US06,1,current_noise,I_sigma_1_pct_reading,30.0,<=35,0.21461472302357282,0.2570077009477356,-0.13460150557358092
T6_plain,US06,1,current_noise,I_sigma_1_pct_reading,30.0,>65,0.39109594245510526,0.5038416521911457,-0.17064554062767415
T6_plain,US06,1,current_noise,I_sigma_1_pct_reading,40.0,35-65,0.3762744182974682,0.47324895491230434,0.20475499245633041
T6_plain,US06,1,current_noise,I_sigma_1_pct_reading,40.0,<=35,0.17541025032707688,0.21502197198341044,0.03298535226540334
T6_plain,US06,1,current_noise,I_sigma_1_pct_reading,40.0,>65,0.4734212631817083,0.5672632706945764,0.02951734829270873
T6_plain,US06,1,current_noise,I_sigma_1_pct_reading,50.0,35-65,0.42860254310621937,0.5239408320502277,0.38257477374095034
T6_plain,US06,1,current_noise,I_sigma_1_pct_reading,50.0,<=35,0.22731489879282443,0.2842825830456357,0.11774105846056371
T6_plain,US06,1,current_noise,I_sigma_1_pct_reading,50.0,>65,0.4973983893486261,0.5959281553555112,0.06082291951253334
T6_plain,US06,1,current_noise,I_sigma_2_pct_reading,-10.0,35-65,3.1267677442062145,3.173600542994625,-3.1267677442062145
T6_plain,US06,1,current_noise,I_sigma_2_pct_reading,-10.0,<=35,2.204487301361742,2.240674312631489,-2.204487301361742
T6_plain,US06,1,current_noise,I_sigma_2_pct_reading,-10.0,>65,1.3355066346704143,1.4622221558436577,-1.3353434409490126
T6_plain,US06,1,current_noise,I_sigma_2_pct_reading,0.0,35-65,1.307838334996434,1.3956317161227871,-1.307838334996434
T6_plain,US06,1,current_noise,I_sigma_2_pct_reading,0.0,<=35,0.8832466590693566,0.9666981437973766,-0.8832466590693566
T6_plain,US06,1,current_noise,I_sigma_2_pct_reading,0.0,>65,0.6092358881405113,0.6959588361812238,-0.5986999109679366
T6_plain,US06,1,current_noise,I_sigma_2_pct_reading,10.0,35-65,0.982415772465229,1.122172266148277,-0.9819449871550902
T6_plain,US06,1,current_noise,I_sigma_2_pct_reading,10.0,<=35,0.7349199583904221,0.8515947629099015,-0.5922985060848156
T6_plain,US06,1,current_noise,I_sigma_2_pct_reading,10.0,>65,0.4947779014239471,0.5877831872230664,-0.4813760066970519
T6_plain,US06,1,current_noise,I_sigma_2_pct_reading,20.0,35-65,0.542997712731868,0.6812825152378497,-0.4752702738298598
T6_plain,US06,1,current_noise,I_sigma_2_pct_reading,20.0,<=35,0.4506320934241456,0.5149622471332642,-0.42267615466482766
T6_plain,US06,1,current_noise,I_sigma_2_pct_reading,20.0,>65,0.3918143146026065,0.525932987510226,-0.34322335028045153
T6_plain,US06,1,current_noise,I_sigma_2_pct_reading,25.0,35-65,0.4423969563505178,0.5172478487315953,-0.20741728366342088
T6_plain,US06,1,current_noise,I_sigma_2_pct_reading,25.0,<=35,0.3583596451902768,0.4001298686217019,-0.17164348135670307
T6_plain,US06,1,current_noise,I_sigma_2_pct_reading,25.0,>65,0.34412940230787603,0.43913053674357877,-0.11051658334630879
T6_plain,US06,1,current_noise,I_sigma_2_pct_reading,30.0,35-65,0.4065100921112781,0.46527521280476875,-0.08292758501431413
T6_plain,US06,1,current_noise,I_sigma_2_pct_reading,30.0,<=35,0.2228114650464364,0.26613601169769957,-0.14581736441453724
T6_plain,US06,1,current_noise,I_sigma_2_pct_reading,30.0,>65,0.39477871439750906,0.5087890732632692,-0.16983303101394362
T6_plain,US06,1,current_noise,I_sigma_2_pct_reading,40.0,35-65,0.38080985512020427,0.47577072553896077,0.2099716473741204
T6_plain,US06,1,current_noise,I_sigma_2_pct_reading,40.0,<=35,0.1772106321715718,0.21628882895309198,0.0357378365753458
T6_plain,US06,1,current_noise,I_sigma_2_pct_reading,40.0,>65,0.4865705896690351,0.5810109722396095,0.030149354940955816
T6_plain,US06,1,current_noise,I_sigma_2_pct_reading,50.0,35-65,0.45072762815996686,0.5442982421864688,0.41655177426702894
T6_plain,US06,1,current_noise,I_sigma_2_pct_reading,50.0,<=35,0.23293182083500868,0.29077695575105267,0.11990801794353322
T6_plain,US06,1,current_noise,I_sigma_2_pct_reading,50.0,>65,0.4991568783035898,0.5994184409080827,0.060679100603314
T6_plain,US06,1,voltage_noise,V_sigma_10_mV,-10.0,35-65,3.089273478076031,3.138172881515907,-3.089273478076031
T6_plain,US06,1,voltage_noise,V_sigma_10_mV,-10.0,<=35,2.1856782907561945,2.221208056322755,-2.1856782907561945
T6_plain,US06,1,voltage_noise,V_sigma_10_mV,-10.0,>65,1.2740412231246445,1.398921246497855,-1.2740211251742295
T6_plain,US06,1,voltage_noise,V_sigma_10_mV,0.0,35-65,1.2853198575062157,1.347445223270986,-1.2853198575062157
T6_plain,US06,1,voltage_noise,V_sigma_10_mV,0.0,<=35,0.8330655846983219,0.904136767782048,-0.8330655846983219
T6_plain,US06,1,voltage_noise,V_sigma_10_mV,0.0,>65,0.6155455059273022,0.7156773726218094,-0.6038542633781321
T6_plain,US06,1,voltage_noise,V_sigma_10_mV,10.0,35-65,1.010155386592201,1.1553618517841828,-1.0031784555432257
T6_plain,US06,1,voltage_noise,V_sigma_10_mV,10.0,<=35,0.7199683083662992,0.832219743299024,-0.580905461001789
T6_plain,US06,1,voltage_noise,V_sigma_10_mV,10.0,>65,0.49922634728553184,0.6189841097268772,-0.45048958236059544
T6_plain,US06,1,voltage_noise,V_sigma_10_mV,20.0,35-65,0.538259962020972,0.6721938541442505,-0.4503845557869859
T6_plain,US06,1,voltage_noise,V_sigma_10_mV,20.0,<=35,0.42305533481569274,0.498557470629788,-0.39384928552720394
T6_plain,US06,1,voltage_noise,V_sigma_10_mV,20.0,>65,0.44300365831805993,0.5771769581671277,-0.3926655833068938
T6_plain,US06,1,voltage_noise,V_sigma_10_mV,25.0,35-65,0.36943786552534785,0.4472860834333404,-0.2344503137367256
T6_plain,US06,1,voltage_noise,V_sigma_10_mV,25.0,<=35,0.32538434388044696,0.37261370786971976,-0.12901478485287726
T6_plain,US06,1,voltage_noise,V_sigma_10_mV,25.0,>65,0.4142319500903628,0.5570987506275668,-0.26599107305142194
T6_plain,US06,1,voltage_noise,V_sigma_10_mV,30.0,35-65,0.3981838128015755,0.4773724142842,0.11124787398176252
T6_plain,US06,1,voltage_noise,V_sigma_10_mV,30.0,<=35,0.18890784879473077,0.2332218212448248,-0.0822837781199047
T6_plain,US06,1,voltage_noise,V_sigma_10_mV,30.0,>65,0.4202799891541173,0.5300681948951704,-0.1525388843377386
T6_plain,US06,1,voltage_noise,V_sigma_10_mV,40.0,35-65,0.5085422496100226,0.6251076761613509,0.4367429458040418
T6_plain,US06,1,voltage_noise,V_sigma_10_mV,40.0,<=35,0.19557985553699728,0.24720245695959756,0.05995252648577436
T6_plain,US06,1,voltage_noise,V_sigma_10_mV,40.0,>65,0.5462674467626534,0.6508741619080066,0.10517054525952489
T6_plain,US06,1,voltage_noise,V_sigma_10_mV,50.0,35-65,0.45590915102164364,0.5654435187975045,0.3513979725580513
T6_plain,US06,1,voltage_noise,V_sigma_10_mV,50.0,<=35,0.2490204920477012,0.31475114645121105,0.09669114412224818
T6_plain,US06,1,voltage_noise,V_sigma_10_mV,50.0,>65,0.5123786667013528,0.6038114955695868,0.08686268501707722
T6_plain,US06,1,voltage_noise,V_sigma_1_mV,-10.0,35-65,3.155537360246794,3.199472984962278,-3.155537360246794
T6_plain,US06,1,voltage_noise,V_sigma_1_mV,-10.0,<=35,2.2210408799604484,2.257374441363216,-2.2210408799604484
T6_plain,US06,1,voltage_noise,V_sigma_1_mV,-10.0,>65,1.36456389689567,1.494833917930299,-1.3643699797850455
T6_plain,US06,1,voltage_noise,V_sigma_1_mV,0.0,35-65,1.2993742738007348,1.3782766087898874,-1.2993742738007348
T6_plain,US06,1,voltage_noise,V_sigma_1_mV,0.0,<=35,0.8680943880033132,0.9493525484824555,-0.8680943880033132
T6_plain,US06,1,voltage_noise,V_sigma_1_mV,0.0,>65,0.623566152387382,0.7096959601593542,-0.611885856107454
T6_plain,US06,1,voltage_noise,V_sigma_1_mV,10.0,35-65,0.9669584398886436,1.1036109404023655,-0.9665544297987204
T6_plain,US06,1,voltage_noise,V_sigma_1_mV,10.0,<=35,0.735373491621299,0.8524798780243542,-0.5925633937527677
T6_plain,US06,1,voltage_noise,V_sigma_1_mV,10.0,>65,0.48584707831671303,0.5814458728100285,-0.4716178592210873
T6_plain,US06,1,voltage_noise,V_sigma_1_mV,20.0,35-65,0.5264579652859961,0.665861920322166,-0.4682067609377522
T6_plain,US06,1,voltage_noise,V_sigma_1_mV,20.0,<=35,0.44323907445490995,0.5062471323518976,-0.4148721005174393
T6_plain,US06,1,voltage_noise,V_sigma_1_mV,20.0,>65,0.38776655817408234,0.520491968475074,-0.34963487665454385
T6_plain,US06,1,voltage_noise,V_sigma_1_mV,25.0,35-65,0.417845384225458,0.48473148346484457,-0.1682743610687914
T6_plain,US06,1,voltage_noise,V_sigma_1_mV,25.0,<=35,0.35934311089465165,0.3996126792675625,-0.17252528220344537
T6_plain,US06,1,voltage_noise,V_sigma_1_mV,25.0,>65,0.3454984945813294,0.43867632924945965,-0.11010222477096918
T6_plain,US06,1,voltage_noise,V_sigma_1_mV,30.0,35-65,0.3912092793781433,0.44856668440016323,-0.08316140667851886
T6_plain,US06,1,voltage_noise,V_sigma_1_mV,30.0,<=35,0.21417346379184074,0.25628997660990466,-0.13314924856896465
T6_plain,US06,1,voltage_noise,V_sigma_1_mV,30.0,>65,0.38851742446092846,0.5030183972315723,-0.17714342119956514
T6_plain,US06,1,voltage_noise,V_sigma_1_mV,40.0,35-65,0.3768617879975189,0.47369302160422655,0.21244089508303599
T6_plain,US06,1,voltage_noise,V_sigma_1_mV,40.0,<=35,0.1727794128669784,0.2114467798772683,0.03412555504329324
T6_plain,US06,1,voltage_noise,V_sigma_1_mV,40.0,>65,0.4773243478651238,0.5716334052090206,0.03164313708690936
T6_plain,US06,1,voltage_noise,V_sigma_1_mV,50.0,35-65,0.43067645426758366,0.5274642933382679,0.38830016021329034
T6_plain,US06,1,voltage_noise,V_sigma_1_mV,50.0,<=35,0.22997783662437588,0.28885508216938643,0.12201969854225578
T6_plain,US06,1,voltage_noise,V_sigma_1_mV,50.0,>65,0.4927140185322308,0.5918082710013285,0.0539831060846812
T6_plain,US06,1,voltage_noise,V_sigma_2_mV,-10.0,35-65,3.1643396033719338,3.2082906391832062,-3.1643396033719338
T6_plain,US06,1,voltage_noise,V_sigma_2_mV,-10.0,<=35,2.218571150692934,2.254988797502737,-2.218571150692934
T6_plain,US06,1,voltage_noise,V_sigma_2_mV,-10.0,>65,1.366778266879813,1.4968295257295363,-1.3666100580014955
T6_plain,US06,1,voltage_noise,V_sigma_2_mV,0.0,35-65,1.3029151886854191,1.3819207815882082,-1.3029151886854191
T6_plain,US06,1,voltage_noise,V_sigma_2_mV,0.0,<=35,0.8752248240375948,0.958680742942594,-0.8752248240375948
T6_plain,US06,1,voltage_noise,V_sigma_2_mV,0.0,>65,0.6271111721118646,0.713671489878039,-0.6155727399036935
T6_plain,US06,1,voltage_noise,V_sigma_2_mV,10.0,35-65,0.996257661244616,1.128585401399238,-0.9960338005616248
T6_plain,US06,1,voltage_noise,V_sigma_2_mV,10.0,<=35,0.7334339243017979,0.8508964958657272,-0.5906386692221566
T6_plain,US06,1,voltage_noise,V_sigma_2_mV,10.0,>65,0.48587895910136525,0.5810619428265913,-0.4724301253227533
T6_plain,US06,1,voltage_noise,V_sigma_2_mV,20.0,35-65,0.5304449940677489,0.6691871451724309,-0.46490112618644597
T6_plain,US06,1,voltage_noise,V_sigma_2_mV,20.0,<=35,0.44411892462276187,0.507399226114224,-0.41591926155832337
T6_plain,US06,1,voltage_noise,V_sigma_2_mV,20.0,>65,0.38242979866247656,0.5132288087446859,-0.3425866608956094
T6_plain,US06,1,voltage_noise,V_sigma_2_mV,25.0,35-65,0.41323587921620514,0.47756884166109304,-0.1452305079177087
T6_plain,US06,1,voltage_noise,V_sigma_2_mV,25.0,<=35,0.35820439634223156,0.396806794168204,-0.1717065569271252
T6_plain,US06,1,voltage_noise,V_sigma_2_mV,25.0,>65,0.34765545309967505,0.43820857249281103,-0.09358330656450697
T6_plain,US06,1,voltage_noise,V_sigma_2_mV,30.0,35-65,0.4002933896839632,0.45820559860007687,-0.0725720118884044
T6_plain,US06,1,voltage_noise,V_sigma_2_mV,30.0,<=35,0.2134527707315558,0.25599800110879545,-0.12925380903092828
T6_plain,US06,1,voltage_noise,V_sigma_2_mV,30.0,>65,0.3964339264661601,0.5089660899913907,-0.17249847154223
T6_plain,US06,1,voltage_noise,V_sigma_2_mV,40.0,35-65,0.38523853134536407,0.47860464878406983,0.206636263607953
T6_plain,US06,1,voltage_noise,V_sigma_2_mV,40.0,<=35,0.17434441103221987,0.21422129077592422,0.037008443973373856
T6_plain,US06,1,voltage_noise,V_sigma_2_mV,40.0,>65,0.47182519643388304,0.5692560661079938,0.015225882835846865
T6_plain,US06,1,voltage_noise,V_sigma_2_mV,50.0,35-65,0.42474226654430003,0.5200409962987795,0.3737911635248352
T6_plain,US06,1,voltage_noise,V_sigma_2_mV,50.0,<=35,0.2278786470660482,0.28720486940415113,0.11936731329604018
T6_plain,US06,1,voltage_noise,V_sigma_2_mV,50.0,>65,0.497160838510739,0.5968211372731516,0.060083255613707455
T6_plain,US06,1,voltage_noise,V_sigma_5_mV,-10.0,35-65,3.188600163701031,3.230370507873542,-3.188600163701031
T6_plain,US06,1,voltage_noise,V_sigma_5_mV,-10.0,<=35,2.237200147927772,2.2730255312043743,-2.237200147927772
T6_plain,US06,1,voltage_noise,V_sigma_5_mV,-10.0,>65,1.4123957067110395,1.5532242619813963,-1.4111763906933428
T6_plain,US06,1,voltage_noise,V_sigma_5_mV,0.0,35-65,1.2164858787107902,1.3035489325141574,-1.2164858787107902
T6_plain,US06,1,voltage_noise,V_sigma_5_mV,0.0,<=35,0.8488094414271051,0.9280082474877461,-0.8488094414271051
T6_plain,US06,1,voltage_noise,V_sigma_5_mV,0.0,>65,0.5747576271605896,0.6606422594619137,-0.5676720352543744
T6_plain,US06,1,voltage_noise,V_sigma_5_mV,10.0,35-65,0.9966765793969191,1.1336911029534529,-0.996025002190102
T6_plain,US06,1,voltage_noise,V_sigma_5_mV,10.0,<=35,0.7282090951553875,0.8473592531801504,-0.5806898104779087
T6_plain,US06,1,voltage_noise,V_sigma_5_mV,10.0,>65,0.4633544097010725,0.5606965153890267,-0.45345259547976313
T6_plain,US06,1,voltage_noise,V_sigma_5_mV,20.0,35-65,0.4946930215126193,0.613964792465231,-0.4116123922234671
T6_plain,US06,1,voltage_noise,V_sigma_5_mV,20.0,<=35,0.4167647024525284,0.47299109729566396,-0.39105194362098133
T6_plain,US06,1,voltage_noise,V_sigma_5_mV,20.0,>65,0.38746857384120525,0.5138973801772684,-0.3179810231993213
T6_plain,US06,1,voltage_noise,V_sigma_5_mV,25.0,35-65,0.42923417788034807,0.4927230876371009,-0.11600481336684368
T6_plain,US06,1,voltage_noise,V_sigma_5_mV,25.0,<=35,0.3690771903727353,0.41402755416119996,-0.1818173622718736
T6_plain,US06,1,voltage_noise,V_sigma_5_mV,25.0,>65,0.3644419707910073,0.4566386073133902,-0.10057822251930962
T6_plain,US06,1,voltage_noise,V_sigma_5_mV,30.0,35-65,0.40029703755265034,0.46348584437096835,-0.10934655709525465
T6_plain,US06,1,voltage_noise,V_sigma_5_mV,30.0,<=35,0.2320153618923513,0.2790925697156812,-0.14945026102392456
T6_plain,US06,1,voltage_noise,V_sigma_5_mV,30.0,>65,0.4105300796901273,0.5292619045488147,-0.1738635517431962
T6_plain,US06,1,voltage_noise,V_sigma_5_mV,40.0,35-65,0.42883914903913806,0.5405599225959461,0.3210336457549389
T6_plain,US06,1,voltage_noise,V_sigma_5_mV,40.0,<=35,0.18518386885042218,0.22879169399855664,0.05117900325560549
T6_plain,US06,1,voltage_noise,V_sigma_5_mV,40.0,>65,0.50529841084511,0.5983563847638308,0.06769901342097365
T6_plain,US06,1,voltage_noise,V_sigma_5_mV,50.0,35-65,0.4543047582069568,0.5682377269045955,0.3972832819935087
T6_plain,US06,1,voltage_noise,V_sigma_5_mV,50.0,<=35,0.22906849400184182,0.28618076507715756,0.10069912980830367
T6_plain,US06,1,voltage_noise,V_sigma_5_mV,50.0,>65,0.5200326338815431,0.6181568625929984,0.08641571125321984
T6_plain,US06,2,baseline,unperturbed,-10.0,35-65,3.1271794700813786,3.1792491754389305,-3.1271794700813786
T6_plain,US06,2,baseline,unperturbed,-10.0,<=35,2.2681008008213555,2.295539914185778,-2.2681008008213555
T6_plain,US06,2,baseline,unperturbed,-10.0,>65,1.191264679191919,1.3269750306837529,-1.1897220173737373
T6_plain,US06,2,baseline,unperturbed,0.0,35-65,1.3055023061420346,1.3773027272319018,-1.3055023061420346
T6_plain,US06,2,baseline,unperturbed,0.0,<=35,1.06040464792654,1.1195400990778548,-1.06040464792654
T6_plain,US06,2,baseline,unperturbed,0.0,>65,0.5400698935824534,0.6244924204945315,-0.530754461413485
T6_plain,US06,2,baseline,unperturbed,10.0,35-65,0.76380361875,0.9100885483071421,-0.7578833485576925
T6_plain,US06,2,baseline,unperturbed,10.0,<=35,0.662756176030466,0.7672938709601944,-0.5627457197580645
T6_plain,US06,2,baseline,unperturbed,10.0,>65,0.4384046629399584,0.5337494338102831,-0.4288279573498963
T6_plain,US06,2,baseline,unperturbed,20.0,35-65,0.5001051194100856,0.5880317703074599,-0.24242995004757387
T6_plain,US06,2,baseline,unperturbed,20.0,<=35,0.44957143804878047,0.5115813165431897,-0.4060392439911308
T6_plain,US06,2,baseline,unperturbed,20.0,>65,0.36719278651685394,0.4945786772444136,-0.3456575345104334
T6_plain,US06,2,baseline,unperturbed,25.0,35-65,0.3599039272030652,0.40606357069750815,-0.020737313218390886
T6_plain,US06,2,baseline,unperturbed,25.0,<=35,0.3017020098114825,0.34929190907250135,-0.09810994228791772
T6_plain,US06,2,baseline,unperturbed,25.0,>65,0.2988985748189863,0.39136691485334046,-0.06622961504424778
T6_plain,US06,2,baseline,unperturbed,30.0,35-65,0.4143645760769935,0.4784646552261061,-0.07660629376718621
T6_plain,US06,2,baseline,unperturbed,30.0,<=35,0.2530125190601669,0.3021992394480922,-0.17239994918752743
T6_plain,US06,2,baseline,unperturbed,30.0,>65,0.33951745589414606,0.4427120346753766,-0.13053371892542107
T6_plain,US06,2,baseline,unperturbed,40.0,35-65,0.4099498435804702,0.5014260060782363,0.3654988598553346
T6_plain,US06,2,baseline,unperturbed,40.0,<=35,0.21739431009676063,0.26916950188472877,0.055165512789230146
T6_plain,US06,2,baseline,unperturbed,40.0,>65,0.40882298164405423,0.49416268353658904,0.029139984836392553
T6_plain,US06,2,baseline,unperturbed,50.0,35-65,0.6209145115332428,0.6913672315006637,0.6150226553595658
T6_plain,US06,2,baseline,unperturbed,50.0,<=35,0.2559994487083334,0.3094062599719945,0.15284912845833337
T6_plain,US06,2,baseline,unperturbed,50.0,>65,0.43830284870259484,0.5268084760892773,0.11857639041916165
T6_plain,US06,2,current_noise,I_sigma_0.5_pct_reading,-10.0,35-65,3.1249239733856187,3.1775206632499886,-3.1249239733856187
T6_plain,US06,2,current_noise,I_sigma_0.5_pct_reading,-10.0,<=35,2.2693420994926625,2.2966871445126307,-2.2693420994926625
T6_plain,US06,2,current_noise,I_sigma_0.5_pct_reading,-10.0,>65,1.1871862347883642,1.3227803182977427,-1.1856086781664115
T6_plain,US06,2,current_noise,I_sigma_0.5_pct_reading,0.0,35-65,1.3058024984079595,1.376959554153302,-1.3058024984079595
T6_plain,US06,2,current_noise,I_sigma_0.5_pct_reading,0.0,<=35,1.0612966325772673,1.1203993330156188,-1.0612966325772673
T6_plain,US06,2,current_noise,I_sigma_0.5_pct_reading,0.0,>65,0.5376911132883403,0.6224911880070978,-0.5285684968189207
T6_plain,US06,2,current_noise,I_sigma_0.5_pct_reading,10.0,35-65,0.7638633270215072,0.909569084622379,-0.758321120987502
T6_plain,US06,2,current_noise,I_sigma_0.5_pct_reading,10.0,<=35,0.6639074895028578,0.7684192645645759,-0.5638667050350714
T6_plain,US06,2,current_noise,I_sigma_0.5_pct_reading,10.0,>65,0.4347808606928327,0.530669788316317,-0.42514104079017806
T6_plain,US06,2,current_noise,I_sigma_0.5_pct_reading,20.0,35-65,0.5001718124375263,0.5875910401949295,-0.24375304111402202
T6_plain,US06,2,current_noise,I_sigma_0.5_pct_reading,20.0,<=35,0.44765320915089857,0.5098675970189177,-0.4038230004524371
T6_plain,US06,2,current_noise,I_sigma_0.5_pct_reading,20.0,>65,0.3663011716280265,0.49333749822162015,-0.3447912474316046
T6_plain,US06,2,current_noise,I_sigma_0.5_pct_reading,25.0,35-65,0.3668953510166585,0.4135794714053375,-0.02506976257270022
T6_plain,US06,2,current_noise,I_sigma_0.5_pct_reading,25.0,<=35,0.3017623732293466,0.35007566661360257,-0.0970839209168672
T6_plain,US06,2,current_noise,I_sigma_0.5_pct_reading,25.0,>65,0.29991781796747086,0.39142790046517073,-0.06266929441462356
T6_plain,US06,2,current_noise,I_sigma_0.5_pct_reading,30.0,35-65,0.4132860024362127,0.4772420056338581,-0.07248720820999265
T6_plain,US06,2,current_noise,I_sigma_0.5_pct_reading,30.0,<=35,0.24961515703651932,0.29815355192666126,-0.16868712535433328
T6_plain,US06,2,current_noise,I_sigma_0.5_pct_reading,30.0,>65,0.33914903020261744,0.44140868010792006,-0.12916996642029174
T6_plain,US06,2,current_noise,I_sigma_0.5_pct_reading,40.0,35-65,0.41537976092618517,0.5069625603515137,0.3724187808242578
T6_plain,US06,2,current_noise,I_sigma_0.5_pct_reading,40.0,<=35,0.21794592404340868,0.2693221954878051,0.05514082947979953
T6_plain,US06,2,current_noise,I_sigma_0.5_pct_reading,40.0,>65,0.4090396260253489,0.49454854194455034,0.029604852477915698
T6_plain,US06,2,current_noise,I_sigma_0.5_pct_reading,50.0,35-65,0.605425074711471,0.6768133518669863,0.5990887285594598
T6_plain,US06,2,current_noise,I_sigma_0.5_pct_reading,50.0,<=35,0.25700771448470194,0.3107052608619846,0.15464750730020996
T6_plain,US06,2,current_noise,I_sigma_0.5_pct_reading,50.0,>65,0.43713317822248976,0.5253451436472315,0.11692275248259988
T6_plain,US06,2,current_noise,I_sigma_1_pct_reading,-10.0,35-65,3.13230720273123,3.1839586104835083,-3.13230720273123
T6_plain,US06,2,current_noise,I_sigma_1_pct_reading,-10.0,<=35,2.272151650710135,2.2996123109093705,-2.272151650710135
T6_plain,US06,2,current_noise,I_sigma_1_pct_reading,-10.0,>65,1.192367310962547,1.3284650608198687,-1.1906926364743133
T6_plain,US06,2,current_noise,I_sigma_1_pct_reading,0.0,35-65,1.3063328067099438,1.3793684081145157,-1.3063328067099438
T6_plain,US06,2,current_noise,I_sigma_1_pct_reading,0.0,<=35,1.0601959183161929,1.1191458290531837,-1.0601959183161929
T6_plain,US06,2,current_noise,I_sigma_1_pct_reading,0.0,>65,0.5457738457708972,0.6289798794007003,-0.536314741793571
T6_plain,US06,2,current_noise,I_sigma_1_pct_reading,10.0,35-65,0.7678427965521287,0.9138287616164863,-0.7624568800094934
T6_plain,US06,2,current_noise,I_sigma_1_pct_reading,10.0,<=35,0.6641979160057254,0.7688164851822118,-0.5641361322051427
T6_plain,US06,2,current_noise,I_sigma_1_pct_reading,10.0,>65,0.44542469503178445,0.5392500838491113,-0.4357439839420588
T6_plain,US06,2,current_noise,I_sigma_1_pct_reading,20.0,35-65,0.5037095865007577,0.592828339438668,-0.2517284242561419
T6_plain,US06,2,current_noise,I_sigma_1_pct_reading,20.0,<=35,0.4521843565500446,0.5127310899438823,-0.4096117889051705
T6_plain,US06,2,current_noise,I_sigma_1_pct_reading,20.0,>65,0.3702739781272321,0.4971220826055807,-0.34911308168047345
T6_plain,US06,2,current_noise,I_sigma_1_pct_reading,25.0,35-65,0.35599078537232237,0.40273631132714416,-0.02636795535177109
T6_plain,US06,2,current_noise,I_sigma_1_pct_reading,25.0,<=35,0.3003035249949004,0.34681727141625474,-0.09615339984894047
T6_plain,US06,2,current_noise,I_sigma_1_pct_reading,25.0,>65,0.29716665854971924,0.3909766348448856,-0.07198387001657112
T6_plain,US06,2,current_noise,I_sigma_1_pct_reading,30.0,35-65,0.4147289527517972,0.4780225851101703,-0.0766469417947699
T6_plain,US06,2,current_noise,I_sigma_1_pct_reading,30.0,<=35,0.25132053049685077,0.29948996727391014,-0.17056473427101285
T6_plain,US06,2,current_noise,I_sigma_1_pct_reading,30.0,>65,0.34103528107066544,0.44308813896504073,-0.12704501144233593
T6_plain,US06,2,current_noise,I_sigma_1_pct_reading,40.0,35-65,0.407298469265828,0.4980344145862874,0.3650097995268838
T6_plain,US06,2,current_noise,I_sigma_1_pct_reading,40.0,<=35,0.21730242827839674,0.2674538763612715,0.05595262814474331
T6_plain,US06,2,current_noise,I_sigma_1_pct_reading,40.0,>65,0.4051308702825581,0.4902051121138287,0.029028912885657253
T6_plain,US06,2,current_noise,I_sigma_1_pct_reading,50.0,35-65,0.6300537704997172,0.7002885694174285,0.6240040317053481
T6_plain,US06,2,current_noise,I_sigma_1_pct_reading,50.0,<=35,0.2551730781499895,0.30805902736381785,0.15511369315495785
T6_plain,US06,2,current_noise,I_sigma_1_pct_reading,50.0,>65,0.4411744703357608,0.528883994526562,0.11612722598442843
T6_plain,US06,2,current_noise,I_sigma_2_pct_reading,-10.0,35-65,3.1066687750394637,3.1622230035363046,-3.1066687750394637
T6_plain,US06,2,current_noise,I_sigma_2_pct_reading,-10.0,<=35,2.253981121714055,2.281481103772335,-2.253981121714055
T6_plain,US06,2,current_noise,I_sigma_2_pct_reading,-10.0,>65,1.169340680747724,1.3030178184484311,-1.167898144157345
T6_plain,US06,2,current_noise,I_sigma_2_pct_reading,0.0,35-65,1.3215471058435715,1.4015335583867883,-1.3215471058435715
T6_plain,US06,2,current_noise,I_sigma_2_pct_reading,0.0,<=35,1.0741044731145764,1.1349345026540683,-1.0741044731145764
T6_plain,US06,2,current_noise,I_sigma_2_pct_reading,0.0,>65,0.5329871714520801,0.6183492398682238,-0.5242168622554364
T6_plain,US06,2,current_noise,I_sigma_2_pct_reading,10.0,35-65,0.7757291542669126,0.9232635579360744,-0.769855873455006
T6_plain,US06,2,current_noise,I_sigma_2_pct_reading,10.0,<=35,0.6645412999265123,0.7694773813351683,-0.5651124785515155
T6_plain,US06,2,current_noise,I_sigma_2_pct_reading,10.0,>65,0.44723826848535203,0.5391387707996257,-0.43765968051594156
T6_plain,US06,2,current_noise,I_sigma_2_pct_reading,20.0,35-65,0.5153537745410218,0.604632966826932,-0.25627533802256425
T6_plain,US06,2,current_noise,I_sigma_2_pct_reading,20.0,<=35,0.45453874918000986,0.5179838939312592,-0.4113939579269412
T6_plain,US06,2,current_noise,I_sigma_2_pct_reading,20.0,>65,0.3718126776308966,0.5049227805949592,-0.3471401224934541
T6_plain,US06,2,current_noise,I_sigma_2_pct_reading,25.0,35-65,0.3756995266278524,0.4291739299264192,-0.06508780058095283
T6_plain,US06,2,current_noise,I_sigma_2_pct_reading,25.0,<=35,0.3043489248209247,0.35431760899202475,-0.10007034622464418
T6_plain,US06,2,current_noise,I_sigma_2_pct_reading,25.0,>65,0.299087950160165,0.3921433002315629,-0.07313332617040391
T6_plain,US06,2,current_noise,I_sigma_2_pct_reading,30.0,35-65,0.4291935478248678,0.49664272146600974,-0.07411639728110014
T6_plain,US06,2,current_noise,I_sigma_2_pct_reading,30.0,<=35,0.2594400163448424,0.3103869769398228,-0.18199155803033268
T6_plain,US06,2,current_noise,I_sigma_2_pct_reading,30.0,>65,0.34498419223687116,0.4480489619485679,-0.12674021677391753
T6_plain,US06,2,current_noise,I_sigma_2_pct_reading,40.0,35-65,0.41313611126868455,0.5028078081589301,0.3689249179543156
T6_plain,US06,2,current_noise,I_sigma_2_pct_reading,40.0,<=35,0.21712830773080635,0.2690787442199197,0.05829523290995027
T6_plain,US06,2,current_noise,I_sigma_2_pct_reading,40.0,>65,0.4190176526443348,0.5044823138805975,0.029694171441413314
T6_plain,US06,2,current_noise,I_sigma_2_pct_reading,50.0,35-65,0.6619079803710448,0.7267744278123272,0.6576944734438236
T6_plain,US06,2,current_noise,I_sigma_2_pct_reading,50.0,<=35,0.2599920184001092,0.3133897570279699,0.15719001591104462
T6_plain,US06,2,current_noise,I_sigma_2_pct_reading,50.0,>65,0.44468076318628613,0.5342315570514362,0.11589879465332435
T6_plain,US06,2,voltage_noise,V_sigma_10_mV,-10.0,35-65,3.070476522299649,3.1292084488971827,-3.070476522299649
T6_plain,US06,2,voltage_noise,V_sigma_10_mV,-10.0,<=35,2.2345129800185792,2.2618416083070634,-2.2345129800185792
T6_plain,US06,2,voltage_noise,V_sigma_10_mV,-10.0,>65,1.1071830911279132,1.2392285530194975,-1.105493649663045
T6_plain,US06,2,voltage_noise,V_sigma_10_mV,0.0,35-65,1.3020420078104828,1.3540307945232786,-1.3020420078104828
T6_plain,US06,2,voltage_noise,V_sigma_10_mV,0.0,<=35,1.0287374117525057,1.0781499979654234,-1.0287374117525057
T6_plain,US06,2,voltage_noise,V_sigma_10_mV,0.0,>65,0.5440281145898554,0.6414229994970158,-0.5324969375975047
T6_plain,US06,2,voltage_noise,V_sigma_10_mV,10.0,35-65,0.8161106770906765,0.9608999410016017,-0.7899053934829491
T6_plain,US06,2,voltage_noise,V_sigma_10_mV,10.0,<=35,0.6493538644361476,0.7496210247430657,-0.5525153462064035
T6_plain,US06,2,voltage_noise,V_sigma_10_mV,10.0,>65,0.4705174595954573,0.5838057152294255,-0.4137663824398885
T6_plain,US06,2,voltage_noise,V_sigma_10_mV,20.0,35-65,0.509532909044391,0.6053827798009861,-0.23265207253821923
T6_plain,US06,2,voltage_noise,V_sigma_10_mV,20.0,<=35,0.4256344278169892,0.5008701600486405,-0.3802387670991881
T6_plain,US06,2,voltage_noise,V_sigma_10_mV,20.0,>65,0.41721486575750905,0.5403872304904822,-0.3810090148240647
T6_plain,US06,2,voltage_noise,V_sigma_10_mV,25.0,35-65,0.2875170706731886,0.35159852656546753,-0.09324622753182289
T6_plain,US06,2,voltage_noise,V_sigma_10_mV,25.0,<=35,0.2827025826845623,0.337381398731138,-0.05754532425188647
T6_plain,US06,2,voltage_noise,V_sigma_10_mV,25.0,>65,0.34879693117912336,0.4586359987686868,-0.18520602644685932
T6_plain,US06,2,voltage_noise,V_sigma_10_mV,30.0,35-65,0.441186419430504,0.5116658243619835,0.11729297869387378
T6_plain,US06,2,voltage_noise,V_sigma_10_mV,30.0,<=35,0.2276638950504966,0.27580008169027753,-0.1167984454904785
T6_plain,US06,2,voltage_noise,V_sigma_10_mV,30.0,>65,0.37503175820247003,0.4838433636000366,-0.12303476680796203
T6_plain,US06,2,voltage_noise,V_sigma_10_mV,40.0,35-65,0.6181829688163043,0.7102614870981963,0.5989032583981388
T6_plain,US06,2,voltage_noise,V_sigma_10_mV,40.0,<=35,0.22908606643135138,0.28248902996200337,0.08557462409681717
T6_plain,US06,2,voltage_noise,V_sigma_10_mV,40.0,>65,0.5043670664504067,0.608817592911371,0.06704354547120764
T6_plain,US06,2,voltage_noise,V_sigma_10_mV,50.0,35-65,0.6206408388454356,0.7181299740851523,0.5915915187627814
T6_plain,US06,2,voltage_noise,V_sigma_10_mV,50.0,<=35,0.2732274212136338,0.3381953194305412,0.13413208705892857
T6_plain,US06,2,voltage_noise,V_sigma_10_mV,50.0,>65,0.45494695620792713,0.5412093369904988,0.14337052784176316
T6_plain,US06,2,voltage_noise,V_sigma_1_mV,-10.0,35-65,3.13603602251488,3.188193877531079,-3.13603602251488
T6_plain,US06,2,voltage_noise,V_sigma_1_mV,-10.0,<=35,2.2698821110467824,2.2974474405179293,-2.2698821110467824
T6_plain,US06,2,voltage_noise,V_sigma_1_mV,-10.0,>65,1.1981174093579634,1.3350356647449269,-1.1960309601124073
T6_plain,US06,2,voltage_noise,V_sigma_1_mV,0.0,35-65,1.313804750881443,1.3844914494175937,-1.313804750881443
T6_plain,US06,2,voltage_noise,V_sigma_1_mV,0.0,<=35,1.0603211096980916,1.119113009765265,-1.0603211096980916
T6_plain,US06,2,voltage_noise,V_sigma_1_mV,0.0,>65,0.5474586169697183,0.6320326354909357,-0.5373602795696761
T6_plain,US06,2,voltage_noise,V_sigma_1_mV,10.0,35-65,0.7599317437543001,0.9052176338499749,-0.7542667079775895
T6_plain,US06,2,voltage_noise,V_sigma_1_mV,10.0,<=35,0.6647461120903394,0.7698218989934715,-0.5650584186697674
T6_plain,US06,2,voltage_noise,V_sigma_1_mV,10.0,>65,0.4376132269165986,0.5321732684559058,-0.42763933101469437
T6_plain,US06,2,voltage_noise,V_sigma_1_mV,20.0,35-65,0.5008754506246734,0.5905525690885889,-0.24998863169020236
T6_plain,US06,2,voltage_noise,V_sigma_1_mV,20.0,<=35,0.4475840657254759,0.5093618442651343,-0.4036021909598867
T6_plain,US06,2,voltage_noise,V_sigma_1_mV,20.0,>65,0.3713434975793634,0.49773612416113494,-0.35085832896006974
T6_plain,US06,2,voltage_noise,V_sigma_1_mV,25.0,35-65,0.35841686008972834,0.4054254745724418,-0.025772752922534357
T6_plain,US06,2,voltage_noise,V_sigma_1_mV,25.0,<=35,0.30566697233619505,0.35382696634198824,-0.1019225423123309
T6_plain,US06,2,voltage_noise,V_sigma_1_mV,25.0,>65,0.29730607971566847,0.39093989096761067,-0.07192700903960901
T6_plain,US06,2,voltage_noise,V_sigma_1_mV,30.0,35-65,0.4161669643807357,0.4802061038459089,-0.0747526786851787
T6_plain,US06,2,voltage_noise,V_sigma_1_mV,30.0,<=35,0.25131308625954313,0.300564582063263,-0.1692402218389896
T6_plain,US06,2,voltage_noise,V_sigma_1_mV,30.0,>65,0.3362624263334339,0.4406082405856295,-0.13307589973974654
T6_plain,US06,2,voltage_noise,V_sigma_1_mV,40.0,35-65,0.41169267074270177,0.5024846277770311,0.37272556151176583
T6_plain,US06,2,voltage_noise,V_sigma_1_mV,40.0,<=35,0.21725984968846038,0.2691656344402175,0.05668287714374382
T6_plain,US06,2,voltage_noise,V_sigma_1_mV,40.0,>65,0.4090929803908426,0.4954348931771756,0.03054044560878394
T6_plain,US06,2,voltage_noise,V_sigma_1_mV,50.0,35-65,0.6352258501603041,0.7043272681726633,0.6300176982482261
T6_plain,US06,2,voltage_noise,V_sigma_1_mV,50.0,<=35,0.25770939586983754,0.31188478081037824,0.1593600159552597
T6_plain,US06,2,voltage_noise,V_sigma_1_mV,50.0,>65,0.43327160908618756,0.5216409549906096,0.1124457869381334
T6_plain,US06,2,voltage_noise,V_sigma_2_mV,-10.0,35-65,3.144843602666734,3.1969019604360827,-3.144843602666734
T6_plain,US06,2,voltage_noise,V_sigma_2_mV,-10.0,<=35,2.2670709565010827,2.2947652437028894,-2.2670709565010827
T6_plain,US06,2,voltage_noise,V_sigma_2_mV,-10.0,>65,1.2000896119287112,1.336970332181715,-1.197932679819036
T6_plain,US06,2,voltage_noise,V_sigma_2_mV,0.0,35-65,1.3173431102598843,1.388598003325921,-1.3173431102598843
T6_plain,US06,2,voltage_noise,V_sigma_2_mV,0.0,<=35,1.0667625959588996,1.1275225986039672,-1.0667625959588996
T6_plain,US06,2,voltage_noise,V_sigma_2_mV,0.0,>65,0.5500910931985683,0.6351465625772091,-0.5402109253712213
T6_plain,US06,2,voltage_noise,V_sigma_2_mV,10.0,35-65,0.78615328796782,0.9285691250063753,-0.7829382786729531
T6_plain,US06,2,voltage_noise,V_sigma_2_mV,10.0,<=35,0.6628781693358403,0.7682404011567772,-0.5632057887431909
T6_plain,US06,2,voltage_noise,V_sigma_2_mV,10.0,>65,0.4401181189782225,0.5347728802283193,-0.43077340411681486
T6_plain,US06,2,voltage_noise,V_sigma_2_mV,20.0,35-65,0.5063695834259799,0.5956619884142152,-0.24669722747694584
T6_plain,US06,2,voltage_noise,V_sigma_2_mV,20.0,<=35,0.44848215778862505,0.5106214465850046,-0.4046416324173194
T6_plain,US06,2,voltage_noise,V_sigma_2_mV,20.0,>65,0.36531878371793974,0.49077531008077235,-0.3438416009732161
T6_plain,US06,2,voltage_noise,V_sigma_2_mV,25.0,35-65,0.3571155080249343,0.4042185316823661,-0.003102880379931407
T6_plain,US06,2,voltage_noise,V_sigma_2_mV,25.0,<=35,0.3041446250490133,0.35059737777717903,-0.10157966812551356
T6_plain,US06,2,voltage_noise,V_sigma_2_mV,25.0,>65,0.30551635567579527,0.395965034506311,-0.05809205969555607
T6_plain,US06,2,voltage_noise,V_sigma_2_mV,30.0,35-65,0.4271856381822266,0.4914436844813365,-0.06432539696486021
T6_plain,US06,2,voltage_noise,V_sigma_2_mV,30.0,<=35,0.2490621453445229,0.29765305062515357,-0.16442287056985047
T6_plain,US06,2,voltage_noise,V_sigma_2_mV,30.0,>65,0.34637860783603436,0.44911218029725686,-0.13021300548191275
T6_plain,US06,2,voltage_noise,V_sigma_2_mV,40.0,35-65,0.41440914121326017,0.5046653132437564,0.36636688348630225
T6_plain,US06,2,voltage_noise,V_sigma_2_mV,40.0,<=35,0.21849709559563232,0.27220592302583335,0.059673155285253424
T6_plain,US06,2,voltage_noise,V_sigma_2_mV,40.0,>65,0.40057804763555266,0.487533333168284,0.01955870524964531
T6_plain,US06,2,voltage_noise,V_sigma_2_mV,50.0,35-65,0.6210237610700249,0.6927981670169523,0.61520606263775
T6_plain,US06,2,voltage_noise,V_sigma_2_mV,50.0,<=35,0.2556113578899911,0.3108144641385974,0.15687943561315398
T6_plain,US06,2,voltage_noise,V_sigma_2_mV,50.0,>65,0.4388161433776673,0.527239244424063,0.12063878839656095
T6_plain,US06,2,voltage_noise,V_sigma_5_mV,-10.0,35-65,3.17061869400326,3.2200184488415764,-3.17061869400326
T6_plain,US06,2,voltage_noise,V_sigma_5_mV,-10.0,<=35,2.2852962821971152,2.3125779685709418,-2.2852962821971152
T6_plain,US06,2,voltage_noise,V_sigma_5_mV,-10.0,>65,1.2493456347596859,1.3947953101379154,-1.2424702577852826
T6_plain,US06,2,voltage_noise,V_sigma_5_mV,0.0,35-65,1.2297570873988635,1.3088882720945003,-1.2297570873988635
T6_plain,US06,2,voltage_noise,V_sigma_5_mV,0.0,<=35,1.04160554608387,1.0986248541292318,-1.04160554608387
T6_plain,US06,2,voltage_noise,V_sigma_5_mV,0.0,>65,0.5045440487037058,0.5896615881276226,-0.4991468863895581
T6_plain,US06,2,voltage_noise,V_sigma_5_mV,10.0,35-65,0.7877060222303869,0.9312684539617996,-0.7810766126064288
T6_plain,US06,2,voltage_noise,V_sigma_5_mV,10.0,<=35,0.6570371679560729,0.7644277384617878,-0.5534495782460944
T6_plain,US06,2,voltage_noise,V_sigma_5_mV,10.0,>65,0.42717815749355004,0.5255896855179877,-0.41844751240223826
T6_plain,US06,2,voltage_noise,V_sigma_5_mV,20.0,35-65,0.47429755536581203,0.5525438051955556,-0.19607616243608156
T6_plain,US06,2,voltage_noise,V_sigma_5_mV,20.0,<=35,0.42162557806531,0.47744496735520536,-0.3802562701264767
T6_plain,US06,2,voltage_noise,V_sigma_5_mV,20.0,>65,0.366991429472785,0.49792265023801996,-0.32455274463040645
T6_plain,US06,2,voltage_noise,V_sigma_5_mV,25.0,35-65,0.38163665420654874,0.4321671585355409,0.025158381710947676
T6_plain,US06,2,voltage_noise,V_sigma_5_mV,25.0,<=35,0.3162952861621655,0.36920407108218717,-0.11163012403344308
T6_plain,US06,2,voltage_noise,V_sigma_5_mV,25.0,>65,0.32554284882431256,0.4197130539872956,-0.07116603403026062
T6_plain,US06,2,voltage_noise,V_sigma_5_mV,30.0,35-65,0.42155834836306805,0.49570599344149024,-0.10286140921040325
T6_plain,US06,2,voltage_noise,V_sigma_5_mV,30.0,<=35,0.26918572967145515,0.32307170823897635,-0.18536657091435962
T6_plain,US06,2,voltage_noise,V_sigma_5_mV,30.0,>65,0.3686079306818564,0.4765640143991065,-0.13419514384159645
T6_plain,US06,2,voltage_noise,V_sigma_5_mV,40.0,35-65,0.5032840330459131,0.5983304709162095,0.4812479735830859
T6_plain,US06,2,voltage_noise,V_sigma_5_mV,40.0,<=35,0.22418167731010274,0.27836777956278147,0.0742910079951807
T6_plain,US06,2,voltage_noise,V_sigma_5_mV,40.0,>65,0.4454757929186648,0.5354433241066211,0.050211462554588616
T6_plain,US06,2,voltage_noise,V_sigma_5_mV,50.0,35-65,0.6501098863600248,0.7361232326262472,0.6397186871195516
T6_plain,US06,2,voltage_noise,V_sigma_5_mV,50.0,<=35,0.2537568822387026,0.30863033445134885,0.13725115688313075
T6_plain,US06,2,voltage_noise,V_sigma_5_mV,50.0,>65,0.46901513671768197,0.5552829005997199,0.14215492541497407
