model,precision,window_index,repeat_index,cycles,clock_hz
nmc_t6plain_dst_s0,fp32,0,0,47607304,250000000
nmc_t6plain_dst_s0,fp32,0,1,47607304,250000000
nmc_t6plain_dst_s0,fp32,0,2,47607304,250000000
nmc_t6plain_dst_s0,fp32,0,3,47607304,250000000
nmc_t6plain_dst_s0,fp32,0,4,47607304,250000000
nmc_t6plain_dst_s0,fp32,0,5,47607304,250000000
nmc_t6plain_dst_s0,fp32,0,6,47607304,250000000
nmc_t6plain_dst_s0,fp32,0,7,47607304,250000000
nmc_t6plain_dst_s0,fp32,0,8,47607304,250000000
nmc_t6plain_dst_s0,fp32,0,9,47607304,250000000
nmc_t6plain_dst_s0,fp32,0,10,47607304,250000000
nmc_t6plain_dst_s0,fp32,0,11,47607304,250000000
nmc_t6plain_dst_s0,fp32,0,12,47607304,250000000
nmc_t6plain_dst_s0,fp32,0,13,47607304,250000000
nmc_t6plain_dst_s0,fp32,0,14,47607304,250000000
nmc_t6plain_dst_s0,fp32,0,15,47607304,250000000
nmc_t6plain_dst_s0,fp32,1,0,47625630,250000000
nmc_t6plain_dst_s0,fp32,1,1,47625584,250000000
nmc_t6plain_dst_s0,fp32,1,2,47625584,250000000
nmc_t6plain_dst_s0,fp32,1,3,47625584,250000000
nmc_t6plain_dst_s0,fp32,1,4,47625584,250000000
nmc_t6plain_dst_s0,fp32,1,5,47625584,250000000
nmc_t6plain_dst_s0,fp32,1,6,47625584,250000000
nmc_t6plain_dst_s0,fp32,1,7,47625584,250000000
nmc_t6plain_dst_s0,fp32,1,8,47625584,250000000
nmc_t6plain_dst_s0,fp32,1,9,47625584,250000000
nmc_t6plain_dst_s0,fp32,1,10,47625584,250000000
nmc_t6plain_dst_s0,fp32,1,11,47625584,250000000
nmc_t6plain_dst_s0,fp32,1,12,47625584,250000000
nmc_t6plain_dst_s0,fp32,1,13,47625584,250000000
nmc_t6plain_dst_s0,fp32,1,14,47625584,250000000
nmc_t6plain_dst_s0,fp32,1,15,47625584,250000000
nmc_t6plain_dst_s0,fp32,2,0,47645263,250000000
nmc_t6plain_dst_s0,fp32,2,1,47645215,250000000
nmc_t6plain_dst_s0,fp32,2,2,47645215,250000000
nmc_t6plain_dst_s0,fp32,2,3,47645215,250000000
nmc_t6plain_dst_s0,fp32,2,4,47645215,250000000
nmc_t6plain_dst_s0,fp32,2,5,47645215,250000000
nmc_t6plain_dst_s0,fp32,2,6,47645215,250000000
nmc_t6plain_dst_s0,fp32,2,7,47645215,250000000
nmc_t6plain_dst_s0,fp32,2,8,47645215,250000000
nmc_t6plain_dst_s0,fp32,2,9,47645215,250000000
nmc_t6plain_dst_s0,fp32,2,10,47645215,250000000
nmc_t6plain_dst_s0,fp32,2,11,47645215,250000000
nmc_t6plain_dst_s0,fp32,2,12,47645215,250000000
nmc_t6plain_dst_s0,fp32,2,13,47645215,250000000
nmc_t6plain_dst_s0,fp32,2,14,47645215,250000000
nmc_t6plain_dst_s0,fp32,2,15,47645215,250000000
nmc_t6plain_dst_s0,fp32,3,0,47646073,250000000
nmc_t6plain_dst_s0,fp32,3,1,47646020,250000000
nmc_t6plain_dst_s0,fp32,3,2,47646020,250000000
nmc_t6plain_dst_s0,fp32,3,3,47646020,250000000
nmc_t6plain_dst_s0,fp32,3,4,47646020,250000000
nmc_t6plain_dst_s0,fp32,3,5,47646020,250000000
nmc_t6plain_dst_s0,fp32,3,6,47646020,250000000
nmc_t6plain_dst_s0,fp32,3,7,47646020,250000000
nmc_t6plain_dst_s0,fp32,3,8,47646020,250000000
nmc_t6plain_dst_s0,fp32,3,9,47646020,250000000
nmc_t6plain_dst_s0,fp32,3,10,47646020,250000000
nmc_t6plain_dst_s0,fp32,3,11,47646020,250000000
nmc_t6plain_dst_s0,fp32,3,12,47646020,250000000
nmc_t6plain_dst_s0,fp32,3,13,47646020,250000000
nmc_t6plain_dst_s0,fp32,3,14,47646020,250000000
nmc_t6plain_dst_s0,fp32,3,15,47646020,250000000
nmc_t6plain_dst_s0,fp32,4,0,47671144,250000000
nmc_t6plain_dst_s0,fp32,4,1,47671091,250000000
nmc_t6plain_dst_s0,fp32,4,2,47671091,250000000
nmc_t6plain_dst_s0,fp32,4,3,47671091,250000000
nmc_t6plain_dst_s0,fp32,4,4,47671091,250000000
nmc_t6plain_dst_s0,fp32,4,5,47671091,250000000
nmc_t6plain_dst_s0,fp32,4,6,47671091,250000000
nmc_t6plain_dst_s0,fp32,4,7,47671091,250000000
nmc_t6plain_dst_s0,fp32,4,8,47671091,250000000
nmc_t6plain_dst_s0,fp32,4,9,47671091,250000000
nmc_t6plain_dst_s0,fp32,4,10,47671091,250000000
nmc_t6plain_dst_s0,fp32,4,11,47671091,250000000
nmc_t6plain_dst_s0,fp32,4,12,47671091,250000000
nmc_t6plain_dst_s0,fp32,4,13,47671091,250000000
nmc_t6plain_dst_s0,fp32,4,14,47671091,250000000
nmc_t6plain_dst_s0,fp32,4,15,47671091,250000000
nmc_t6plain_dst_s0,fp32,5,0,47692599,250000000
nmc_t6plain_dst_s0,fp32,5,1,47692546,250000000
nmc_t6plain_dst_s0,fp32,5,2,47692546,250000000
nmc_t6plain_dst_s0,fp32,5,3,47692546,250000000
nmc_t6plain_dst_s0,fp32,5,4,47692546,250000000
nmc_t6plain_dst_s0,fp32,5,5,47692546,250000000
nmc_t6plain_dst_s0,fp32,5,6,47692546,250000000
nmc_t6plain_dst_s0,fp32,5,7,47692546,250000000
nmc_t6plain_dst_s0,fp32,5,8,47692546,250000000
nmc_t6plain_dst_s0,fp32,5,9,47692546,250000000
nmc_t6plain_dst_s0,fp32,5,10,47692546,250000000
nmc_t6plain_dst_s0,fp32,5,11,47692546,250000000
nmc_t6plain_dst_s0,fp32,5,12,47692546,250000000
nmc_t6plain_dst_s0,fp32,5,13,47692546,250000000
nmc_t6plain_dst_s0,fp32,5,14,47692546,250000000
nmc_t6plain_dst_s0,fp32,5,15,47692546,250000000
nmc_t6plain_dst_s0,fp32,6,0,47696087,250000000
nmc_t6plain_dst_s0,fp32,6,1,47696034,250000000
nmc_t6plain_dst_s0,fp32,6,2,47696034,250000000
nmc_t6plain_dst_s0,fp32,6,3,47696034,250000000
nmc_t6plain_dst_s0,fp32,6,4,47696034,250000000
nmc_t6plain_dst_s0,fp32,6,5,47696034,250000000
nmc_t6plain_dst_s0,fp32,6,6,47696034,250000000
nmc_t6plain_dst_s0,fp32,6,7,47696034,250000000
nmc_t6plain_dst_s0,fp32,6,8,47696034,250000000
nmc_t6plain_dst_s0,fp32,6,9,47696034,250000000
nmc_t6plain_dst_s0,fp32,6,10,47696034,250000000
nmc_t6plain_dst_s0,fp32,6,11,47696034,250000000
nmc_t6plain_dst_s0,fp32,6,12,47696034,250000000
nmc_t6plain_dst_s0,fp32,6,13,47696034,250000000
nmc_t6plain_dst_s0,fp32,6,14,47696034,250000000
nmc_t6plain_dst_s0,fp32,6,15,47696034,250000000
nmc_t6plain_dst_s0,fp32,7,0,47710332,250000000
nmc_t6plain_dst_s0,fp32,7,1,47710279,250000000
nmc_t6plain_dst_s0,fp32,7,2,47710279,250000000
nmc_t6plain_dst_s0,fp32,7,3,47710279,250000000
nmc_t6plain_dst_s0,fp32,7,4,47710279,250000000
nmc_t6plain_dst_s0,fp32,7,5,47710279,250000000
nmc_t6plain_dst_s0,fp32,7,6,47710279,250000000
nmc_t6plain_dst_s0,fp32,7,7,47710279,250000000
nmc_t6plain_dst_s0,fp32,7,8,47710279,250000000
nmc_t6plain_dst_s0,fp32,7,9,47710279,250000000
nmc_t6plain_dst_s0,fp32,7,10,47710279,250000000
nmc_t6plain_dst_s0,fp32,7,11,47710279,250000000
nmc_t6plain_dst_s0,fp32,7,12,47710279,250000000
nmc_t6plain_dst_s0,fp32,7,13,47710279,250000000
nmc_t6plain_dst_s0,fp32,7,14,47710279,250000000
nmc_t6plain_dst_s0,fp32,7,15,47710279,250000000
nmc_t6plain_dst_s0,fp32,8,0,47724323,250000000
nmc_t6plain_dst_s0,fp32,8,1,47724270,250000000
nmc_t6plain_dst_s0,fp32,8,2,47724270,250000000
nmc_t6plain_dst_s0,fp32,8,3,47724270,250000000
nmc_t6plain_dst_s0,fp32,8,4,47724270,250000000
nmc_t6plain_dst_s0,fp32,8,5,47724270,250000000
nmc_t6plain_dst_s0,fp32,8,6,47724270,250000000
nmc_t6plain_dst_s0,fp32,8,7,47724270,250000000
nmc_t6plain_dst_s0,fp32,8,8,47724270,250000000
nmc_t6plain_dst_s0,fp32,8,9,47724270,250000000
nmc_t6plain_dst_s0,fp32,8,10,47724270,250000000
nmc_t6plain_dst_s0,fp32,8,11,47724270,250000000
nmc_t6plain_dst_s0,fp32,8,12,47724270,250000000
nmc_t6plain_dst_s0,fp32,8,13,47724270,250000000
nmc_t6plain_dst_s0,fp32,8,14,47724270,250000000
nmc_t6plain_dst_s0,fp32,8,15,47724270,250000000
nmc_t6plain_dst_s0,fp32,9,0,47725558,250000000
nmc_t6plain_dst_s0,fp32,9,1,47725535,250000000
nmc_t6plain_dst_s0,fp32,9,2,47725535,250000000
nmc_t6plain_dst_s0,fp32,9,3,47725535,250000000
nmc_t6plain_dst_s0,fp32,9,4,47725535,250000000
nmc_t6plain_dst_s0,fp32,9,5,47725535,250000000
nmc_t6plain_dst_s0,fp32,9,6,47725535,250000000
nmc_t6plain_dst_s0,fp32,9,7,47725535,250000000
nmc_t6plain_dst_s0,fp32,9,8,47725535,250000000
nmc_t6plain_dst_s0,fp32,9,9,47725535,250000000
nmc_t6plain_dst_s0,fp32,9,10,47725535,250000000
nmc_t6plain_dst_s0,fp32,9,11,47725535,250000000
nmc_t6plain_dst_s0,fp32,9,12,47725535,250000000
nmc_t6plain_dst_s0,fp32,9,13,47725535,250000000
nmc_t6plain_dst_s0,fp32,9,14,47725535,250000000
nmc_t6plain_dst_s0,fp32,9,15,47725535,250000000
nmc_t6plain_dst_s0,fp32,10,0,47686667,250000000
nmc_t6plain_dst_s0,fp32,10,1,47686644,250000000
nmc_t6plain_dst_s0,fp32,10,2,47686644,250000000
nmc_t6plain_dst_s0,fp32,10,3,47686644,250000000
nmc_t6plain_dst_s0,fp32,10,4,47686644,250000000
nmc_t6plain_dst_s0,fp32,10,5,47686644,250000000
nmc_t6plain_dst_s0,fp32,10,6,47686644,250000000
nmc_t6plain_dst_s0,fp32,10,7,47686644,250000000
nmc_t6plain_dst_s0,fp32,10,8,47686644,250000000
nmc_t6plain_dst_s0,fp32,10,9,47686644,250000000
nmc_t6plain_dst_s0,fp32,10,10,47686644,250000000
nmc_t6plain_dst_s0,fp32,10,11,47686644,250000000
nmc_t6plain_dst_s0,fp32,10,12,47686644,250000000
nmc_t6plain_dst_s0,fp32,10,13,47686644,250000000
nmc_t6plain_dst_s0,fp32,10,14,47686644,250000000
nmc_t6plain_dst_s0,fp32,10,15,47686644,250000000
nmc_t6plain_dst_s0,fp32,11,0,47718501,250000000
nmc_t6plain_dst_s0,fp32,11,1,47718448,250000000
nmc_t6plain_dst_s0,fp32,11,2,47718448,250000000
nmc_t6plain_dst_s0,fp32,11,3,47718448,250000000
nmc_t6plain_dst_s0,fp32,11,4,47718448,250000000
nmc_t6plain_dst_s0,fp32,11,5,47718448,250000000
nmc_t6plain_dst_s0,fp32,11,6,47718448,250000000
nmc_t6plain_dst_s0,fp32,11,7,47718448,250000000
nmc_t6plain_dst_s0,fp32,11,8,47718448,250000000
nmc_t6plain_dst_s0,fp32,11,9,47718448,250000000
nmc_t6plain_dst_s0,fp32,11,10,47718448,250000000
nmc_t6plain_dst_s0,fp32,11,11,47718448,250000000
nmc_t6plain_dst_s0,fp32,11,12,47718448,250000000
nmc_t6plain_dst_s0,fp32,11,13,47718448,250000000
nmc_t6plain_dst_s0,fp32,11,14,47718448,250000000
nmc_t6plain_dst_s0,fp32,11,15,47718448,250000000
nmc_t6plain_dst_s0,fp32,12,0,47692042,250000000
nmc_t6plain_dst_s0,fp32,12,1,47691989,250000000
nmc_t6plain_dst_s0,fp32,12,2,47691989,250000000
nmc_t6plain_dst_s0,fp32,12,3,47691989,250000000
nmc_t6plain_dst_s0,fp32,12,4,47691989,250000000
nmc_t6plain_dst_s0,fp32,12,5,47691989,250000000
nmc_t6plain_dst_s0,fp32,12,6,47691989,250000000
nmc_t6plain_dst_s0,fp32,12,7,47691989,250000000
nmc_t6plain_dst_s0,fp32,12,8,47691989,250000000
nmc_t6plain_dst_s0,fp32,12,9,47691989,250000000
nmc_t6plain_dst_s0,fp32,12,10,47691989,250000000
nmc_t6plain_dst_s0,fp32,12,11,47691989,250000000
nmc_t6plain_dst_s0,fp32,12,12,47691989,250000000
nmc_t6plain_dst_s0,fp32,12,13,47691989,250000000
nmc_t6plain_dst_s0,fp32,12,14,47691989,250000000
nmc_t6plain_dst_s0,fp32,12,15,47691989,250000000
nmc_t6plain_dst_s0,fp32,13,0,47682731,250000000
nmc_t6plain_dst_s0,fp32,13,1,47682678,250000000
nmc_t6plain_dst_s0,fp32,13,2,47682678,250000000
nmc_t6plain_dst_s0,fp32,13,3,47682678,250000000
nmc_t6plain_dst_s0,fp32,13,4,47682678,250000000
nmc_t6plain_dst_s0,fp32,13,5,47682678,250000000
nmc_t6plain_dst_s0,fp32,13,6,47682678,250000000
nmc_t6plain_dst_s0,fp32,13,7,47682678,250000000
nmc_t6plain_dst_s0,fp32,13,8,47682678,250000000
nmc_t6plain_dst_s0,fp32,13,9,47682678,250000000
nmc_t6plain_dst_s0,fp32,13,10,47682678,250000000
nmc_t6plain_dst_s0,fp32,13,11,47682678,250000000
nmc_t6plain_dst_s0,fp32,13,12,47682678,250000000
nmc_t6plain_dst_s0,fp32,13,13,47682678,250000000
nmc_t6plain_dst_s0,fp32,13,14,47682678,250000000
nmc_t6plain_dst_s0,fp32,13,15,47682678,250000000
nmc_t6plain_dst_s0,fp32,14,0,47660418,250000000
nmc_t6plain_dst_s0,fp32,14,1,47660365,250000000
nmc_t6plain_dst_s0,fp32,14,2,47660365,250000000
nmc_t6plain_dst_s0,fp32,14,3,47660365,250000000
nmc_t6plain_dst_s0,fp32,14,4,47660365,250000000
nmc_t6plain_dst_s0,fp32,14,5,47660365,250000000
nmc_t6plain_dst_s0,fp32,14,6,47660365,250000000
nmc_t6plain_dst_s0,fp32,14,7,47660365,250000000
nmc_t6plain_dst_s0,fp32,14,8,47660365,250000000
nmc_t6plain_dst_s0,fp32,14,9,47660365,250000000
nmc_t6plain_dst_s0,fp32,14,10,47660365,250000000
nmc_t6plain_dst_s0,fp32,14,11,47660365,250000000
nmc_t6plain_dst_s0,fp32,14,12,47660365,250000000
nmc_t6plain_dst_s0,fp32,14,13,47660365,250000000
nmc_t6plain_dst_s0,fp32,14,14,47660365,250000000
nmc_t6plain_dst_s0,fp32,14,15,47660365,250000000
nmc_t6plain_dst_s0,fp32,15,0,47683951,250000000
nmc_t6plain_dst_s0,fp32,15,1,47683898,250000000
nmc_t6plain_dst_s0,fp32,15,2,47683898,250000000
nmc_t6plain_dst_s0,fp32,15,3,47683898,250000000
nmc_t6plain_dst_s0,fp32,15,4,47683898,250000000
nmc_t6plain_dst_s0,fp32,15,5,47683898,250000000
nmc_t6plain_dst_s0,fp32,15,6,47683898,250000000
nmc_t6plain_dst_s0,fp32,15,7,47683898,250000000
nmc_t6plain_dst_s0,fp32,15,8,47683898,250000000
nmc_t6plain_dst_s0,fp32,15,9,47683898,250000000
nmc_t6plain_dst_s0,fp32,15,10,47683898,250000000
nmc_t6plain_dst_s0,fp32,15,11,47683898,250000000
nmc_t6plain_dst_s0,fp32,15,12,47683898,250000000
nmc_t6plain_dst_s0,fp32,15,13,47683898,250000000
nmc_t6plain_dst_s0,fp32,15,14,47683898,250000000
nmc_t6plain_dst_s0,fp32,15,15,47683898,250000000
nmc_t6plain_dst_s0,fp32,16,0,47680154,250000000
nmc_t6plain_dst_s0,fp32,16,1,47680101,250000000
nmc_t6plain_dst_s0,fp32,16,2,47680101,250000000
nmc_t6plain_dst_s0,fp32,16,3,47680101,250000000
nmc_t6plain_dst_s0,fp32,16,4,47680101,250000000
nmc_t6plain_dst_s0,fp32,16,5,47680101,250000000
nmc_t6plain_dst_s0,fp32,16,6,47680101,250000000
nmc_t6plain_dst_s0,fp32,16,7,47680101,250000000
nmc_t6plain_dst_s0,fp32,16,8,47680101,250000000
nmc_t6plain_dst_s0,fp32,16,9,47680101,250000000
nmc_t6plain_dst_s0,fp32,16,10,47680101,250000000
nmc_t6plain_dst_s0,fp32,16,11,47680101,250000000
nmc_t6plain_dst_s0,fp32,16,12,47680101,250000000
nmc_t6plain_dst_s0,fp32,16,13,47680101,250000000
nmc_t6plain_dst_s0,fp32,16,14,47680101,250000000
nmc_t6plain_dst_s0,fp32,16,15,47680101,250000000
nmc_t6plain_dst_s0,fp32,17,0,47675169,250000000
nmc_t6plain_dst_s0,fp32,17,1,47675123,250000000
nmc_t6plain_dst_s0,fp32,17,2,47675123,250000000
nmc_t6plain_dst_s0,fp32,17,3,47675123,250000000
nmc_t6plain_dst_s0,fp32,17,4,47675123,250000000
nmc_t6plain_dst_s0,fp32,17,5,47675123,250000000
nmc_t6plain_dst_s0,fp32,17,6,47675123,250000000
nmc_t6plain_dst_s0,fp32,17,7,47675123,250000000
nmc_t6plain_dst_s0,fp32,17,8,47675123,250000000
nmc_t6plain_dst_s0,fp32,17,9,47675123,250000000
nmc_t6plain_dst_s0,fp32,17,10,47675123,250000000
nmc_t6plain_dst_s0,fp32,17,11,47675123,250000000
nmc_t6plain_dst_s0,fp32,17,12,47675123,250000000
nmc_t6plain_dst_s0,fp32,17,13,47675123,250000000
nmc_t6plain_dst_s0,fp32,17,14,47675123,250000000
nmc_t6plain_dst_s0,fp32,17,15,47675123,250000000
nmc_t6plain_dst_s0,fp32,18,0,47633828,250000000
nmc_t6plain_dst_s0,fp32,18,1,47633782,250000000
nmc_t6plain_dst_s0,fp32,18,2,47633782,250000000
nmc_t6plain_dst_s0,fp32,18,3,47633782,250000000
nmc_t6plain_dst_s0,fp32,18,4,47633782,250000000
nmc_t6plain_dst_s0,fp32,18,5,47633782,250000000
nmc_t6plain_dst_s0,fp32,18,6,47633782,250000000
nmc_t6plain_dst_s0,fp32,18,7,47633782,250000000
nmc_t6plain_dst_s0,fp32,18,8,47633782,250000000
nmc_t6plain_dst_s0,fp32,18,9,47633782,250000000
nmc_t6plain_dst_s0,fp32,18,10,47633782,250000000
nmc_t6plain_dst_s0,fp32,18,11,47633782,250000000
nmc_t6plain_dst_s0,fp32,18,12,47633782,250000000
nmc_t6plain_dst_s0,fp32,18,13,47633782,250000000
nmc_t6plain_dst_s0,fp32,18,14,47633782,250000000
nmc_t6plain_dst_s0,fp32,18,15,47633782,250000000
nmc_t6plain_dst_s0,fp32,19,0,47673537,250000000
nmc_t6plain_dst_s0,fp32,19,1,47673491,250000000
nmc_t6plain_dst_s0,fp32,19,2,47673491,250000000
nmc_t6plain_dst_s0,fp32,19,3,47673491,250000000
nmc_t6plain_dst_s0,fp32,19,4,47673491,250000000
nmc_t6plain_dst_s0,fp32,19,5,47673491,250000000
nmc_t6plain_dst_s0,fp32,19,6,47673491,250000000
nmc_t6plain_dst_s0,fp32,19,7,47673491,250000000
nmc_t6plain_dst_s0,fp32,19,8,47673491,250000000
nmc_t6plain_dst_s0,fp32,19,9,47673491,250000000
nmc_t6plain_dst_s0,fp32,19,10,47673491,250000000
nmc_t6plain_dst_s0,fp32,19,11,47673491,250000000
nmc_t6plain_dst_s0,fp32,19,12,47673491,250000000
nmc_t6plain_dst_s0,fp32,19,13,47673491,250000000
nmc_t6plain_dst_s0,fp32,19,14,47673491,250000000
nmc_t6plain_dst_s0,fp32,19,15,47673491,250000000
nmc_t6plain_dst_s0,fp32,20,0,47670687,250000000
nmc_t6plain_dst_s0,fp32,20,1,47670641,250000000
nmc_t6plain_dst_s0,fp32,20,2,47670641,250000000
nmc_t6plain_dst_s0,fp32,20,3,47670641,250000000
nmc_t6plain_dst_s0,fp32,20,4,47670641,250000000
nmc_t6plain_dst_s0,fp32,20,5,47670641,250000000
nmc_t6plain_dst_s0,fp32,20,6,47670641,250000000
nmc_t6plain_dst_s0,fp32,20,7,47670641,250000000
nmc_t6plain_dst_s0,fp32,20,8,47670641,250000000
nmc_t6plain_dst_s0,fp32,20,9,47670641,250000000
nmc_t6plain_dst_s0,fp32,20,10,47670641,250000000
nmc_t6plain_dst_s0,fp32,20,11,47670641,250000000
nmc_t6plain_dst_s0,fp32,20,12,47670641,250000000
nmc_t6plain_dst_s0,fp32,20,13,47670641,250000000
nmc_t6plain_dst_s0,fp32,20,14,47670641,250000000
nmc_t6plain_dst_s0,fp32,20,15,47670641,250000000
nmc_t6plain_dst_s0,fp32,21,0,47667794,250000000
nmc_t6plain_dst_s0,fp32,21,1,47667746,250000000
nmc_t6plain_dst_s0,fp32,21,2,47667746,250000000
nmc_t6plain_dst_s0,fp32,21,3,47667746,250000000
nmc_t6plain_dst_s0,fp32,21,4,47667746,250000000
nmc_t6plain_dst_s0,fp32,21,5,47667746,250000000
nmc_t6plain_dst_s0,fp32,21,6,47667746,250000000
nmc_t6plain_dst_s0,fp32,21,7,47667746,250000000
nmc_t6plain_dst_s0,fp32,21,8,47667746,250000000
nmc_t6plain_dst_s0,fp32,21,9,47667746,250000000
nmc_t6plain_dst_s0,fp32,21,10,47667746,250000000
nmc_t6plain_dst_s0,fp32,21,11,47667746,250000000
nmc_t6plain_dst_s0,fp32,21,12,47667746,250000000
nmc_t6plain_dst_s0,fp32,21,13,47667746,250000000
nmc_t6plain_dst_s0,fp32,21,14,47667746,250000000
nmc_t6plain_dst_s0,fp32,21,15,47667746,250000000
nmc_t6plain_dst_s0,fp32,22,0,47611958,250000000
nmc_t6plain_dst_s0,fp32,22,1,47611910,250000000
nmc_t6plain_dst_s0,fp32,22,2,47611910,250000000
nmc_t6plain_dst_s0,fp32,22,3,47611910,250000000
nmc_t6plain_dst_s0,fp32,22,4,47611910,250000000
nmc_t6plain_dst_s0,fp32,22,5,47611910,250000000
nmc_t6plain_dst_s0,fp32,22,6,47611910,250000000
nmc_t6plain_dst_s0,fp32,22,7,47611910,250000000
nmc_t6plain_dst_s0,fp32,22,8,47611910,250000000
nmc_t6plain_dst_s0,fp32,22,9,47611910,250000000
nmc_t6plain_dst_s0,fp32,22,10,47611910,250000000
nmc_t6plain_dst_s0,fp32,22,11,47611910,250000000
nmc_t6plain_dst_s0,fp32,22,12,47611910,250000000
nmc_t6plain_dst_s0,fp32,22,13,47611910,250000000
nmc_t6plain_dst_s0,fp32,22,14,47611910,250000000
nmc_t6plain_dst_s0,fp32,22,15,47611910,250000000
nmc_t6plain_dst_s0,fp32,23,0,47643532,250000000
nmc_t6plain_dst_s0,fp32,23,1,47643486,250000000
nmc_t6plain_dst_s0,fp32,23,2,47643486,250000000
nmc_t6plain_dst_s0,fp32,23,3,47643486,250000000
nmc_t6plain_dst_s0,fp32,23,4,47643486,250000000
nmc_t6plain_dst_s0,fp32,23,5,47643486,250000000
nmc_t6plain_dst_s0,fp32,23,6,47643486,250000000
nmc_t6plain_dst_s0,fp32,23,7,47643486,250000000
nmc_t6plain_dst_s0,fp32,23,8,47643486,250000000
nmc_t6plain_dst_s0,fp32,23,9,47643486,250000000
nmc_t6plain_dst_s0,fp32,23,10,47643486,250000000
nmc_t6plain_dst_s0,fp32,23,11,47643486,250000000
nmc_t6plain_dst_s0,fp32,23,12,47643486,250000000
nmc_t6plain_dst_s0,fp32,23,13,47643486,250000000
nmc_t6plain_dst_s0,fp32,23,14,47643486,250000000
nmc_t6plain_dst_s0,fp32,23,15,47643486,250000000
nmc_t6plain_dst_s0,fp32,24,0,47669400,250000000
nmc_t6plain_dst_s0,fp32,24,1,47669354,250000000
nmc_t6plain_dst_s0,fp32,24,2,47669354,250000000
nmc_t6plain_dst_s0,fp32,24,3,47669354,250000000
nmc_t6plain_dst_s0,fp32,24,4,47669354,250000000
nmc_t6plain_dst_s0,fp32,24,5,47669354,250000000
nmc_t6plain_dst_s0,fp32,24,6,47669354,250000000
nmc_t6plain_dst_s0,fp32,24,7,47669354,250000000
nmc_t6plain_dst_s0,fp32,24,8,47669354,250000000
nmc_t6plain_dst_s0,fp32,24,9,47669354,250000000
nmc_t6plain_dst_s0,fp32,24,10,47669354,250000000
nmc_t6plain_dst_s0,fp32,24,11,47669354,250000000
nmc_t6plain_dst_s0,fp32,24,12,47669354,250000000
nmc_t6plain_dst_s0,fp32,24,13,47669354,250000000
nmc_t6plain_dst_s0,fp32,24,14,47669354,250000000
nmc_t6plain_dst_s0,fp32,24,15,47669354,250000000
nmc_t6plain_dst_s0,fp32,25,0,47681751,250000000
nmc_t6plain_dst_s0,fp32,25,1,47681698,250000000
nmc_t6plain_dst_s0,fp32,25,2,47681698,250000000
nmc_t6plain_dst_s0,fp32,25,3,47681698,250000000
nmc_t6plain_dst_s0,fp32,25,4,47681698,250000000
nmc_t6plain_dst_s0,fp32,25,5,47681698,250000000
nmc_t6plain_dst_s0,fp32,25,6,47681698,250000000
nmc_t6plain_dst_s0,fp32,25,7,47681698,250000000
nmc_t6plain_dst_s0,fp32,25,8,47681698,250000000
nmc_t6plain_dst_s0,fp32,25,9,47681698,250000000
nmc_t6plain_dst_s0,fp32,25,10,47681698,250000000
nmc_t6plain_dst_s0,fp32,25,11,47681698,250000000
nmc_t6plain_dst_s0,fp32,25,12,47681698,250000000
nmc_t6plain_dst_s0,fp32,25,13,47681698,250000000
nmc_t6plain_dst_s0,fp32,25,14,47681698,250000000
nmc_t6plain_dst_s0,fp32,25,15,47681698,250000000
nmc_t6plain_dst_s0,fp32,26,0,47702425,250000000
nmc_t6plain_dst_s0,fp32,26,1,47702372,250000000
nmc_t6plain_dst_s0,fp32,26,2,47702372,250000000
nmc_t6plain_dst_s0,fp32,26,3,47702372,250000000
nmc_t6plain_dst_s0,fp32,26,4,47702372,250000000
nmc_t6plain_dst_s0,fp32,26,5,47702372,250000000
nmc_t6plain_dst_s0,fp32,26,6,47702372,250000000
nmc_t6plain_dst_s0,fp32,26,7,47702372,250000000
nmc_t6plain_dst_s0,fp32,26,8,47702372,250000000
nmc_t6plain_dst_s0,fp32,26,9,47702372,250000000
nmc_t6plain_dst_s0,fp32,26,10,47702372,250000000
nmc_t6plain_dst_s0,fp32,26,11,47702372,250000000
nmc_t6plain_dst_s0,fp32,26,12,47702372,250000000
nmc_t6plain_dst_s0,fp32,26,13,47702372,250000000
nmc_t6plain_dst_s0,fp32,26,14,47702372,250000000
nmc_t6plain_dst_s0,fp32,26,15,47702372,250000000
nmc_t6plain_dst_s0,fp32,27,0,47728263,250000000
nmc_t6plain_dst_s0,fp32,27,1,47728210,250000000
nmc_t6plain_dst_s0,fp32,27,2,47728210,250000000
nmc_t6plain_dst_s0,fp32,27,3,47728210,250000000
nmc_t6plain_dst_s0,fp32,27,4,47728210,250000000
nmc_t6plain_dst_s0,fp32,27,5,47728210,250000000
nmc_t6plain_dst_s0,fp32,27,6,47728210,250000000
nmc_t6plain_dst_s0,fp32,27,7,47728210,250000000
nmc_t6plain_dst_s0,fp32,27,8,47728210,250000000
nmc_t6plain_dst_s0,fp32,27,9,47728210,250000000
nmc_t6plain_dst_s0,fp32,27,10,47728210,250000000
nmc_t6plain_dst_s0,fp32,27,11,47728210,250000000
nmc_t6plain_dst_s0,fp32,27,12,47728210,250000000
nmc_t6plain_dst_s0,fp32,27,13,47728210,250000000
nmc_t6plain_dst_s0,fp32,27,14,47728210,250000000
nmc_t6plain_dst_s0,fp32,27,15,47728210,250000000
nmc_t6plain_dst_s0,fp32,28,0,47728817,250000000
nmc_t6plain_dst_s0,fp32,28,1,47728764,250000000
nmc_t6plain_dst_s0,fp32,28,2,47728764,250000000
nmc_t6plain_dst_s0,fp32,28,3,47728764,250000000
nmc_t6plain_dst_s0,fp32,28,4,47728764,250000000
nmc_t6plain_dst_s0,fp32,28,5,47728764,250000000
nmc_t6plain_dst_s0,fp32,28,6,47728764,250000000
nmc_t6plain_dst_s0,fp32,28,7,47728764,250000000
nmc_t6plain_dst_s0,fp32,28,8,47728764,250000000
nmc_t6plain_dst_s0,fp32,28,9,47728764,250000000
nmc_t6plain_dst_s0,fp32,28,10,47728764,250000000
nmc_t6plain_dst_s0,fp32,28,11,47728764,250000000
nmc_t6plain_dst_s0,fp32,28,12,47728764,250000000
nmc_t6plain_dst_s0,fp32,28,13,47728764,250000000
nmc_t6plain_dst_s0,fp32,28,14,47728764,250000000
nmc_t6plain_dst_s0,fp32,28,15,47728764,250000000
nmc_t6plain_dst_s0,fp32,29,0,47752611,250000000
nmc_t6plain_dst_s0,fp32,29,1,47752558,250000000
nmc_t6plain_dst_s0,fp32,29,2,47752558,250000000
nmc_t6plain_dst_s0,fp32,29,3,47752558,250000000
nmc_t6plain_dst_s0,fp32,29,4,47752558,250000000
nmc_t6plain_dst_s0,fp32,29,5,47752558,250000000
nmc_t6plain_dst_s0,fp32,29,6,47752558,250000000
nmc_t6plain_dst_s0,fp32,29,7,47752558,250000000
nmc_t6plain_dst_s0,fp32,29,8,47752558,250000000
nmc_t6plain_dst_s0,fp32,29,9,47752558,250000000
nmc_t6plain_dst_s0,fp32,29,10,47752558,250000000
nmc_t6plain_dst_s0,fp32,29,11,47752558,250000000
nmc_t6plain_dst_s0,fp32,29,12,47752558,250000000
nmc_t6plain_dst_s0,fp32,29,13,47752558,250000000
nmc_t6plain_dst_s0,fp32,29,14,47752558,250000000
nmc_t6plain_dst_s0,fp32,29,15,47752558,250000000
nmc_t6plain_dst_s0,fp32,30,0,47740879,250000000
nmc_t6plain_dst_s0,fp32,30,1,47740856,250000000
nmc_t6plain_dst_s0,fp32,30,2,47740856,250000000
nmc_t6plain_dst_s0,fp32,30,3,47740856,250000000
nmc_t6plain_dst_s0,fp32,30,4,47740856,250000000
nmc_t6plain_dst_s0,fp32,30,5,47740856,250000000
nmc_t6plain_dst_s0,fp32,30,6,47740856,250000000
nmc_t6plain_dst_s0,fp32,30,7,47740856,250000000
nmc_t6plain_dst_s0,fp32,30,8,47740856,250000000
nmc_t6plain_dst_s0,fp32,30,9,47740856,250000000
nmc_t6plain_dst_s0,fp32,30,10,47740856,250000000
nmc_t6plain_dst_s0,fp32,30,11,47740856,250000000
nmc_t6plain_dst_s0,fp32,30,12,47740856,250000000
nmc_t6plain_dst_s0,fp32,30,13,47740856,250000000
nmc_t6plain_dst_s0,fp32,30,14,47740856,250000000
nmc_t6plain_dst_s0,fp32,30,15,47740856,250000000
nmc_t6plain_dst_s0,fp32,31,0,47759887,250000000
nmc_t6plain_dst_s0,fp32,31,1,47759864,250000000
nmc_t6plain_dst_s0,fp32,31,2,47759864,250000000
nmc_t6plain_dst_s0,fp32,31,3,47759864,250000000
nmc_t6plain_dst_s0,fp32,31,4,47759864,250000000
nmc_t6plain_dst_s0,fp32,31,5,47759864,250000000
nmc_t6plain_dst_s0,fp32,31,6,47759864,250000000
nmc_t6plain_dst_s0,fp32,31,7,47759864,250000000
nmc_t6plain_dst_s0,fp32,31,8,47759864,250000000
nmc_t6plain_dst_s0,fp32,31,9,47759864,250000000
nmc_t6plain_dst_s0,fp32,31,10,47759864,250000000
nmc_t6plain_dst_s0,fp32,31,11,47759864,250000000
nmc_t6plain_dst_s0,fp32,31,12,47759864,250000000
nmc_t6plain_dst_s0,fp32,31,13,47759864,250000000
nmc_t6plain_dst_s0,fp32,31,14,47759864,250000000
nmc_t6plain_dst_s0,fp32,31,15,47759864,250000000
nmc_t6plain_dst_s0,fp32,32,0,47741212,250000000
nmc_t6plain_dst_s0,fp32,32,1,47741189,250000000
nmc_t6plain_dst_s0,fp32,32,2,47741189,250000000
nmc_t6plain_dst_s0,fp32,32,3,47741189,250000000
nmc_t6plain_dst_s0,fp32,32,4,47741189,250000000
nmc_t6plain_dst_s0,fp32,32,5,47741189,250000000
nmc_t6plain_dst_s0,fp32,32,6,47741189,250000000
nmc_t6plain_dst_s0,fp32,32,7,47741189,250000000
nmc_t6plain_dst_s0,fp32,32,8,47741189,250000000
nmc_t6plain_dst_s0,fp32,32,9,47741189,250000000
nmc_t6plain_dst_s0,fp32,32,10,47741189,250000000
nmc_t6plain_dst_s0,fp32,32,11,47741189,250000000
nmc_t6plain_dst_s0,fp32,32,12,47741189,250000000
nmc_t6plain_dst_s0,fp32,32,13,47741189,250000000
nmc_t6plain_dst_s0,fp32,32,14,47741189,250000000
nmc_t6plain_dst_s0,fp32,32,15,47741189,250000000
nmc_t6plain_dst_s0,fp32,33,0,47727231,250000000
nmc_t6plain_dst_s0,fp32,33,1,47727178,250000000
nmc_t6plain_dst_s0,fp32,33,2,47727178,250000000
nmc_t6plain_dst_s0,fp32,33,3,47727178,250000000
nmc_t6plain_dst_s0,fp32,33,4,47727178,250000000
nmc_t6plain_dst_s0,fp32,33,5,47727178,250000000
nmc_t6plain_dst_s0,fp32,33,6,47727178,250000000
nmc_t6plain_dst_s0,fp32,33,7,47727178,250000000
nmc_t6plain_dst_s0,fp32,33,8,47727178,250000000
nmc_t6plain_dst_s0,fp32,33,9,47727178,250000000
nmc_t6plain_dst_s0,fp32,33,10,47727178,250000000
nmc_t6plain_dst_s0,fp32,33,11,47727178,250000000
nmc_t6plain_dst_s0,fp32,33,12,47727178,250000000
nmc_t6plain_dst_s0,fp32,33,13,47727178,250000000
nmc_t6plain_dst_s0,fp32,33,14,47727178,250000000
nmc_t6plain_dst_s0,fp32,33,15,47727178,250000000
nmc_t6plain_dst_s0,fp32,34,0,47714796,250000000
nmc_t6plain_dst_s0,fp32,34,1,47714743,250000000
nmc_t6plain_dst_s0,fp32,34,2,47714743,250000000
nmc_t6plain_dst_s0,fp32,34,3,47714743,250000000
nmc_t6plain_dst_s0,fp32,34,4,47714743,250000000
nmc_t6plain_dst_s0,fp32,34,5,47714743,250000000
nmc_t6plain_dst_s0,fp32,34,6,47714743,250000000
nmc_t6plain_dst_s0,fp32,34,7,47714743,250000000
nmc_t6plain_dst_s0,fp32,34,8,47714743,250000000
nmc_t6plain_dst_s0,fp32,34,9,47714743,250000000
nmc_t6plain_dst_s0,fp32,34,10,47714743,250000000
nmc_t6plain_dst_s0,fp32,34,11,47714743,250000000
nmc_t6plain_dst_s0,fp32,34,12,47714743,250000000
nmc_t6plain_dst_s0,fp32,34,13,47714743,250000000
nmc_t6plain_dst_s0,fp32,34,14,47714743,250000000
nmc_t6plain_dst_s0,fp32,34,15,47714743,250000000
nmc_t6plain_dst_s0,fp32,35,0,47706330,250000000
nmc_t6plain_dst_s0,fp32,35,1,47706277,250000000
nmc_t6plain_dst_s0,fp32,35,2,47706277,250000000
nmc_t6plain_dst_s0,fp32,35,3,47706277,250000000
nmc_t6plain_dst_s0,fp32,35,4,47706277,250000000
nmc_t6plain_dst_s0,fp32,35,5,47706277,250000000
nmc_t6plain_dst_s0,fp32,35,6,47706277,250000000
nmc_t6plain_dst_s0,fp32,35,7,47706277,250000000
nmc_t6plain_dst_s0,fp32,35,8,47706277,250000000
nmc_t6plain_dst_s0,fp32,35,9,47706277,250000000
nmc_t6plain_dst_s0,fp32,35,10,47706277,250000000
nmc_t6plain_dst_s0,fp32,35,11,47706277,250000000
nmc_t6plain_dst_s0,fp32,35,12,47706277,250000000
nmc_t6plain_dst_s0,fp32,35,13,47706277,250000000
nmc_t6plain_dst_s0,fp32,35,14,47706277,250000000
nmc_t6plain_dst_s0,fp32,35,15,47706277,250000000
nmc_t6plain_dst_s0,fp32,36,0,47693141,250000000
nmc_t6plain_dst_s0,fp32,36,1,47693086,250000000
nmc_t6plain_dst_s0,fp32,36,2,47693086,250000000
nmc_t6plain_dst_s0,fp32,36,3,47693086,250000000
nmc_t6plain_dst_s0,fp32,36,4,47693086,250000000
nmc_t6plain_dst_s0,fp32,36,5,47693086,250000000
nmc_t6plain_dst_s0,fp32,36,6,47693086,250000000
nmc_t6plain_dst_s0,fp32,36,7,47693086,250000000
nmc_t6plain_dst_s0,fp32,36,8,47693086,250000000
nmc_t6plain_dst_s0,fp32,36,9,47693086,250000000
nmc_t6plain_dst_s0,fp32,36,10,47693086,250000000
nmc_t6plain_dst_s0,fp32,36,11,47693086,250000000
nmc_t6plain_dst_s0,fp32,36,12,47693086,250000000
nmc_t6plain_dst_s0,fp32,36,13,47693086,250000000
nmc_t6plain_dst_s0,fp32,36,14,47693086,250000000
nmc_t6plain_dst_s0,fp32,36,15,47693086,250000000
nmc_t6plain_dst_s0,fp32,37,0,47717338,250000000
nmc_t6plain_dst_s0,fp32,37,1,47717285,250000000
nmc_t6plain_dst_s0,fp32,37,2,47717285,250000000
nmc_t6plain_dst_s0,fp32,37,3,47717285,250000000
nmc_t6plain_dst_s0,fp32,37,4,47717285,250000000
nmc_t6plain_dst_s0,fp32,37,5,47717285,250000000
nmc_t6plain_dst_s0,fp32,37,6,47717285,250000000
nmc_t6plain_dst_s0,fp32,37,7,47717285,250000000
nmc_t6plain_dst_s0,fp32,37,8,47717285,250000000
nmc_t6plain_dst_s0,fp32,37,9,47717285,250000000
nmc_t6plain_dst_s0,fp32,37,10,47717285,250000000
nmc_t6plain_dst_s0,fp32,37,11,47717285,250000000
nmc_t6plain_dst_s0,fp32,37,12,47717285,250000000
nmc_t6plain_dst_s0,fp32,37,13,47717285,250000000
nmc_t6plain_dst_s0,fp32,37,14,47717285,250000000
nmc_t6plain_dst_s0,fp32,37,15,47717285,250000000
nmc_t6plain_dst_s0,fp32,38,0,47675297,250000000
nmc_t6plain_dst_s0,fp32,38,1,47675249,250000000
nmc_t6plain_dst_s0,fp32,38,2,47675249,250000000
nmc_t6plain_dst_s0,fp32,38,3,47675249,250000000
nmc_t6plain_dst_s0,fp32,38,4,47675249,250000000
nmc_t6plain_dst_s0,fp32,38,5,47675249,250000000
nmc_t6plain_dst_s0,fp32,38,6,47675249,250000000
nmc_t6plain_dst_s0,fp32,38,7,47675249,250000000
nmc_t6plain_dst_s0,fp32,38,8,47675249,250000000
nmc_t6plain_dst_s0,fp32,38,9,47675249,250000000
nmc_t6plain_dst_s0,fp32,38,10,47675249,250000000
nmc_t6plain_dst_s0,fp32,38,11,47675249,250000000
nmc_t6plain_dst_s0,fp32,38,12,47675249,250000000
nmc_t6plain_dst_s0,fp32,38,13,47675249,250000000
nmc_t6plain_dst_s0,fp32,38,14,47675249,250000000
nmc_t6plain_dst_s0,fp32,38,15,47675249,250000000
nmc_t6plain_dst_s0,fp32,39,0,47725183,250000000
nmc_t6plain_dst_s0,fp32,39,1,47725137,250000000
nmc_t6plain_dst_s0,fp32,39,2,47725137,250000000
nmc_t6plain_dst_s0,fp32,39,3,47725137,250000000
nmc_t6plain_dst_s0,fp32,39,4,47725137,250000000
nmc_t6plain_dst_s0,fp32,39,5,47725137,250000000
nmc_t6plain_dst_s0,fp32,39,6,47725137,250000000
nmc_t6plain_dst_s0,fp32,39,7,47725137,250000000
nmc_t6plain_dst_s0,fp32,39,8,47725137,250000000
nmc_t6plain_dst_s0,fp32,39,9,47725137,250000000
nmc_t6plain_dst_s0,fp32,39,10,47725137,250000000
nmc_t6plain_dst_s0,fp32,39,11,47725137,250000000
nmc_t6plain_dst_s0,fp32,39,12,47725137,250000000
nmc_t6plain_dst_s0,fp32,39,13,47725137,250000000
nmc_t6plain_dst_s0,fp32,39,14,47725137,250000000
nmc_t6plain_dst_s0,fp32,39,15,47725137,250000000
nmc_t6plain_dst_s0,fp32,40,0,47666445,250000000
nmc_t6plain_dst_s0,fp32,40,1,47666399,250000000
nmc_t6plain_dst_s0,fp32,40,2,47666399,250000000
nmc_t6plain_dst_s0,fp32,40,3,47666399,250000000
nmc_t6plain_dst_s0,fp32,40,4,47666399,250000000
nmc_t6plain_dst_s0,fp32,40,5,47666399,250000000
nmc_t6plain_dst_s0,fp32,40,6,47666399,250000000
nmc_t6plain_dst_s0,fp32,40,7,47666399,250000000
nmc_t6plain_dst_s0,fp32,40,8,47666399,250000000
nmc_t6plain_dst_s0,fp32,40,9,47666399,250000000
nmc_t6plain_dst_s0,fp32,40,10,47666399,250000000
nmc_t6plain_dst_s0,fp32,40,11,47666399,250000000
nmc_t6plain_dst_s0,fp32,40,12,47666399,250000000
nmc_t6plain_dst_s0,fp32,40,13,47666399,250000000
nmc_t6plain_dst_s0,fp32,40,14,47666399,250000000
nmc_t6plain_dst_s0,fp32,40,15,47666399,250000000
nmc_t6plain_dst_s0,fp32,41,0,47697464,250000000
nmc_t6plain_dst_s0,fp32,41,1,47697418,250000000
nmc_t6plain_dst_s0,fp32,41,2,47697418,250000000
nmc_t6plain_dst_s0,fp32,41,3,47697418,250000000
nmc_t6plain_dst_s0,fp32,41,4,47697418,250000000
nmc_t6plain_dst_s0,fp32,41,5,47697418,250000000
nmc_t6plain_dst_s0,fp32,41,6,47697418,250000000
nmc_t6plain_dst_s0,fp32,41,7,47697418,250000000
nmc_t6plain_dst_s0,fp32,41,8,47697418,250000000
nmc_t6plain_dst_s0,fp32,41,9,47697418,250000000
nmc_t6plain_dst_s0,fp32,41,10,47697418,250000000
nmc_t6plain_dst_s0,fp32,41,11,47697418,250000000
nmc_t6plain_dst_s0,fp32,41,12,47697418,250000000
nmc_t6plain_dst_s0,fp32,41,13,47697418,250000000
nmc_t6plain_dst_s0,fp32,41,14,47697418,250000000
nmc_t6plain_dst_s0,fp32,41,15,47697418,250000000
nmc_t6plain_dst_s0,fp32,42,0,47615424,250000000
nmc_t6plain_dst_s0,fp32,42,1,47615378,250000000
nmc_t6plain_dst_s0,fp32,42,2,47615378,250000000
nmc_t6plain_dst_s0,fp32,42,3,47615378,250000000
nmc_t6plain_dst_s0,fp32,42,4,47615378,250000000
nmc_t6plain_dst_s0,fp32,42,5,47615378,250000000
nmc_t6plain_dst_s0,fp32,42,6,47615378,250000000
nmc_t6plain_dst_s0,fp32,42,7,47615378,250000000
nmc_t6plain_dst_s0,fp32,42,8,47615378,250000000
nmc_t6plain_dst_s0,fp32,42,9,47615378,250000000
nmc_t6plain_dst_s0,fp32,42,10,47615378,250000000
nmc_t6plain_dst_s0,fp32,42,11,47615378,250000000
nmc_t6plain_dst_s0,fp32,42,12,47615378,250000000
nmc_t6plain_dst_s0,fp32,42,13,47615378,250000000
nmc_t6plain_dst_s0,fp32,42,14,47615378,250000000
nmc_t6plain_dst_s0,fp32,42,15,47615378,250000000
nmc_t6plain_dst_s0,fp32,43,0,47587752,250000000
nmc_t6plain_dst_s0,fp32,43,1,47587704,250000000
nmc_t6plain_dst_s0,fp32,43,2,47587704,250000000
nmc_t6plain_dst_s0,fp32,43,3,47587704,250000000
nmc_t6plain_dst_s0,fp32,43,4,47587704,250000000
nmc_t6plain_dst_s0,fp32,43,5,47587704,250000000
nmc_t6plain_dst_s0,fp32,43,6,47587704,250000000
nmc_t6plain_dst_s0,fp32,43,7,47587704,250000000
nmc_t6plain_dst_s0,fp32,43,8,47587704,250000000
nmc_t6plain_dst_s0,fp32,43,9,47587704,250000000
nmc_t6plain_dst_s0,fp32,43,10,47587704,250000000
nmc_t6plain_dst_s0,fp32,43,11,47587704,250000000
nmc_t6plain_dst_s0,fp32,43,12,47587704,250000000
nmc_t6plain_dst_s0,fp32,43,13,47587704,250000000
nmc_t6plain_dst_s0,fp32,43,14,47587704,250000000
nmc_t6plain_dst_s0,fp32,43,15,47587704,250000000
nmc_t6plain_dst_s0,fp32,44,0,47611101,250000000
nmc_t6plain_dst_s0,fp32,44,1,47611053,250000000
nmc_t6plain_dst_s0,fp32,44,2,47611053,250000000
nmc_t6plain_dst_s0,fp32,44,3,47611053,250000000
nmc_t6plain_dst_s0,fp32,44,4,47611053,250000000
nmc_t6plain_dst_s0,fp32,44,5,47611053,250000000
nmc_t6plain_dst_s0,fp32,44,6,47611053,250000000
nmc_t6plain_dst_s0,fp32,44,7,47611053,250000000
nmc_t6plain_dst_s0,fp32,44,8,47611053,250000000
nmc_t6plain_dst_s0,fp32,44,9,47611053,250000000
nmc_t6plain_dst_s0,fp32,44,10,47611053,250000000
nmc_t6plain_dst_s0,fp32,44,11,47611053,250000000
nmc_t6plain_dst_s0,fp32,44,12,47611053,250000000
nmc_t6plain_dst_s0,fp32,44,13,47611053,250000000
nmc_t6plain_dst_s0,fp32,44,14,47611053,250000000
nmc_t6plain_dst_s0,fp32,44,15,47611053,250000000
nmc_t6plain_dst_s0,fp32,45,0,47641751,250000000
nmc_t6plain_dst_s0,fp32,45,1,47641703,250000000
nmc_t6plain_dst_s0,fp32,45,2,47641703,250000000
nmc_t6plain_dst_s0,fp32,45,3,47641703,250000000
nmc_t6plain_dst_s0,fp32,45,4,47641703,250000000
nmc_t6plain_dst_s0,fp32,45,5,47641703,250000000
nmc_t6plain_dst_s0,fp32,45,6,47641703,250000000
nmc_t6plain_dst_s0,fp32,45,7,47641703,250000000
nmc_t6plain_dst_s0,fp32,45,8,47641703,250000000
nmc_t6plain_dst_s0,fp32,45,9,47641703,250000000
nmc_t6plain_dst_s0,fp32,45,10,47641703,250000000
nmc_t6plain_dst_s0,fp32,45,11,47641703,250000000
nmc_t6plain_dst_s0,fp32,45,12,47641703,250000000
nmc_t6plain_dst_s0,fp32,45,13,47641703,250000000
nmc_t6plain_dst_s0,fp32,45,14,47641703,250000000
nmc_t6plain_dst_s0,fp32,45,15,47641703,250000000
nmc_t6plain_dst_s0,fp32,46,0,47665035,250000000
nmc_t6plain_dst_s0,fp32,46,1,47664982,250000000
nmc_t6plain_dst_s0,fp32,46,2,47664982,250000000
nmc_t6plain_dst_s0,fp32,46,3,47664982,250000000
nmc_t6plain_dst_s0,fp32,46,4,47664982,250000000
nmc_t6plain_dst_s0,fp32,46,5,47664982,250000000
nmc_t6plain_dst_s0,fp32,46,6,47664982,250000000
nmc_t6plain_dst_s0,fp32,46,7,47664982,250000000
nmc_t6plain_dst_s0,fp32,46,8,47664982,250000000
nmc_t6plain_dst_s0,fp32,46,9,47664982,250000000
nmc_t6plain_dst_s0,fp32,46,10,47664982,250000000
nmc_t6plain_dst_s0,fp32,46,11,47664982,250000000
nmc_t6plain_dst_s0,fp32,46,12,47664982,250000000
nmc_t6plain_dst_s0,fp32,46,13,47664982,250000000
nmc_t6plain_dst_s0,fp32,46,14,47664982,250000000
nmc_t6plain_dst_s0,fp32,46,15,47664982,250000000
nmc_t6plain_dst_s0,fp32,47,0,47680423,250000000
nmc_t6plain_dst_s0,fp32,47,1,47680370,250000000
nmc_t6plain_dst_s0,fp32,47,2,47680370,250000000
nmc_t6plain_dst_s0,fp32,47,3,47680370,250000000
nmc_t6plain_dst_s0,fp32,47,4,47680370,250000000
nmc_t6plain_dst_s0,fp32,47,5,47680370,250000000
nmc_t6plain_dst_s0,fp32,47,6,47680370,250000000
nmc_t6plain_dst_s0,fp32,47,7,47680370,250000000
nmc_t6plain_dst_s0,fp32,47,8,47680370,250000000
nmc_t6plain_dst_s0,fp32,47,9,47680370,250000000
nmc_t6plain_dst_s0,fp32,47,10,47680370,250000000
nmc_t6plain_dst_s0,fp32,47,11,47680370,250000000
nmc_t6plain_dst_s0,fp32,47,12,47680370,250000000
nmc_t6plain_dst_s0,fp32,47,13,47680370,250000000
nmc_t6plain_dst_s0,fp32,47,14,47680370,250000000
nmc_t6plain_dst_s0,fp32,47,15,47680370,250000000
nmc_t6plain_dst_s0,fp32,48,0,47698085,250000000
nmc_t6plain_dst_s0,fp32,48,1,47698032,250000000
nmc_t6plain_dst_s0,fp32,48,2,47698032,250000000
nmc_t6plain_dst_s0,fp32,48,3,47698032,250000000
nmc_t6plain_dst_s0,fp32,48,4,47698032,250000000
nmc_t6plain_dst_s0,fp32,48,5,47698032,250000000
nmc_t6plain_dst_s0,fp32,48,6,47698032,250000000
nmc_t6plain_dst_s0,fp32,48,7,47698032,250000000
nmc_t6plain_dst_s0,fp32,48,8,47698032,250000000
nmc_t6plain_dst_s0,fp32,48,9,47698032,250000000
nmc_t6plain_dst_s0,fp32,48,10,47698032,250000000
nmc_t6plain_dst_s0,fp32,48,11,47698032,250000000
nmc_t6plain_dst_s0,fp32,48,12,47698032,250000000
nmc_t6plain_dst_s0,fp32,48,13,47698032,250000000
nmc_t6plain_dst_s0,fp32,48,14,47698032,250000000
nmc_t6plain_dst_s0,fp32,48,15,47698032,250000000
nmc_t6plain_dst_s0,fp32,49,0,47711396,250000000
nmc_t6plain_dst_s0,fp32,49,1,47711343,250000000
nmc_t6plain_dst_s0,fp32,49,2,47711343,250000000
nmc_t6plain_dst_s0,fp32,49,3,47711343,250000000
nmc_t6plain_dst_s0,fp32,49,4,47711343,250000000
nmc_t6plain_dst_s0,fp32,49,5,47711343,250000000
nmc_t6plain_dst_s0,fp32,49,6,47711343,250000000
nmc_t6plain_dst_s0,fp32,49,7,47711343,250000000
nmc_t6plain_dst_s0,fp32,49,8,47711343,250000000
nmc_t6plain_dst_s0,fp32,49,9,47711343,250000000
nmc_t6plain_dst_s0,fp32,49,10,47711343,250000000
nmc_t6plain_dst_s0,fp32,49,11,47711343,250000000
nmc_t6plain_dst_s0,fp32,49,12,47711343,250000000
nmc_t6plain_dst_s0,fp32,49,13,47711343,250000000
nmc_t6plain_dst_s0,fp32,49,14,47711343,250000000
nmc_t6plain_dst_s0,fp32,49,15,47711343,250000000
nmc_t6plain_dst_s0,fp32,50,0,47714464,250000000
nmc_t6plain_dst_s0,fp32,50,1,47714411,250000000
nmc_t6plain_dst_s0,fp32,50,2,47714411,250000000
nmc_t6plain_dst_s0,fp32,50,3,47714411,250000000
nmc_t6plain_dst_s0,fp32,50,4,47714411,250000000
nmc_t6plain_dst_s0,fp32,50,5,47714411,250000000
nmc_t6plain_dst_s0,fp32,50,6,47714411,250000000
nmc_t6plain_dst_s0,fp32,50,7,47714411,250000000
nmc_t6plain_dst_s0,fp32,50,8,47714411,250000000
nmc_t6plain_dst_s0,fp32,50,9,47714411,250000000
nmc_t6plain_dst_s0,fp32,50,10,47714411,250000000
nmc_t6plain_dst_s0,fp32,50,11,47714411,250000000
nmc_t6plain_dst_s0,fp32,50,12,47714411,250000000
nmc_t6plain_dst_s0,fp32,50,13,47714411,250000000
nmc_t6plain_dst_s0,fp32,50,14,47714411,250000000
nmc_t6plain_dst_s0,fp32,50,15,47714411,250000000
nmc_t6plain_dst_s0,fp32,51,0,47688233,250000000
nmc_t6plain_dst_s0,fp32,51,1,47688208,250000000
nmc_t6plain_dst_s0,fp32,51,2,47688208,250000000
nmc_t6plain_dst_s0,fp32,51,3,47688208,250000000
nmc_t6plain_dst_s0,fp32,51,4,47688208,250000000
nmc_t6plain_dst_s0,fp32,51,5,47688208,250000000
nmc_t6plain_dst_s0,fp32,51,6,47688208,250000000
nmc_t6plain_dst_s0,fp32,51,7,47688208,250000000
nmc_t6plain_dst_s0,fp32,51,8,47688208,250000000
nmc_t6plain_dst_s0,fp32,51,9,47688208,250000000
nmc_t6plain_dst_s0,fp32,51,10,47688208,250000000
nmc_t6plain_dst_s0,fp32,51,11,47688208,250000000
nmc_t6plain_dst_s0,fp32,51,12,47688208,250000000
nmc_t6plain_dst_s0,fp32,51,13,47688208,250000000
nmc_t6plain_dst_s0,fp32,51,14,47688208,250000000
nmc_t6plain_dst_s0,fp32,51,15,47688208,250000000
nmc_t6plain_dst_s0,fp32,52,0,47722689,250000000
nmc_t6plain_dst_s0,fp32,52,1,47722664,250000000
nmc_t6plain_dst_s0,fp32,52,2,47722664,250000000
nmc_t6plain_dst_s0,fp32,52,3,47722664,250000000
nmc_t6plain_dst_s0,fp32,52,4,47722664,250000000
nmc_t6plain_dst_s0,fp32,52,5,47722664,250000000
nmc_t6plain_dst_s0,fp32,52,6,47722664,250000000
nmc_t6plain_dst_s0,fp32,52,7,47722664,250000000
nmc_t6plain_dst_s0,fp32,52,8,47722664,250000000
nmc_t6plain_dst_s0,fp32,52,9,47722664,250000000
nmc_t6plain_dst_s0,fp32,52,10,47722664,250000000
nmc_t6plain_dst_s0,fp32,52,11,47722664,250000000
nmc_t6plain_dst_s0,fp32,52,12,47722664,250000000
nmc_t6plain_dst_s0,fp32,52,13,47722664,250000000
nmc_t6plain_dst_s0,fp32,52,14,47722664,250000000
nmc_t6plain_dst_s0,fp32,52,15,47722664,250000000
nmc_t6plain_dst_s0,fp32,53,0,47697231,250000000
nmc_t6plain_dst_s0,fp32,53,1,47697178,250000000
nmc_t6plain_dst_s0,fp32,53,2,47697178,250000000
nmc_t6plain_dst_s0,fp32,53,3,47697178,250000000
nmc_t6plain_dst_s0,fp32,53,4,47697178,250000000
nmc_t6plain_dst_s0,fp32,53,5,47697178,250000000
nmc_t6plain_dst_s0,fp32,53,6,47697178,250000000
nmc_t6plain_dst_s0,fp32,53,7,47697178,250000000
nmc_t6plain_dst_s0,fp32,53,8,47697178,250000000
nmc_t6plain_dst_s0,fp32,53,9,47697178,250000000
nmc_t6plain_dst_s0,fp32,53,10,47697178,250000000
nmc_t6plain_dst_s0,fp32,53,11,47697178,250000000
nmc_t6plain_dst_s0,fp32,53,12,47697178,250000000
nmc_t6plain_dst_s0,fp32,53,13,47697178,250000000
nmc_t6plain_dst_s0,fp32,53,14,47697178,250000000
nmc_t6plain_dst_s0,fp32,53,15,47697178,250000000
nmc_t6plain_dst_s0,fp32,54,0,47699929,250000000
nmc_t6plain_dst_s0,fp32,54,1,47699874,250000000
nmc_t6plain_dst_s0,fp32,54,2,47699874,250000000
nmc_t6plain_dst_s0,fp32,54,3,47699874,250000000
nmc_t6plain_dst_s0,fp32,54,4,47699874,250000000
nmc_t6plain_dst_s0,fp32,54,5,47699874,250000000
nmc_t6plain_dst_s0,fp32,54,6,47699874,250000000
nmc_t6plain_dst_s0,fp32,54,7,47699874,250000000
nmc_t6plain_dst_s0,fp32,54,8,47699874,250000000
nmc_t6plain_dst_s0,fp32,54,9,47699874,250000000
nmc_t6plain_dst_s0,fp32,54,10,47699874,250000000
nmc_t6plain_dst_s0,fp32,54,11,47699874,250000000
nmc_t6plain_dst_s0,fp32,54,12,47699874,250000000
nmc_t6plain_dst_s0,fp32,54,13,47699874,250000000
nmc_t6plain_dst_s0,fp32,54,14,47699874,250000000
nmc_t6plain_dst_s0,fp32,54,15,47699874,250000000
nmc_t6plain_dst_s0,fp32,55,0,47697164,250000000
nmc_t6plain_dst_s0,fp32,55,1,47697109,250000000
nmc_t6plain_dst_s0,fp32,55,2,47697109,250000000
nmc_t6plain_dst_s0,fp32,55,3,47697109,250000000
nmc_t6plain_dst_s0,fp32,55,4,47697109,250000000
nmc_t6plain_dst_s0,fp32,55,5,47697109,250000000
nmc_t6plain_dst_s0,fp32,55,6,47697109,250000000
nmc_t6plain_dst_s0,fp32,55,7,47697109,250000000
nmc_t6plain_dst_s0,fp32,55,8,47697109,250000000
nmc_t6plain_dst_s0,fp32,55,9,47697109,250000000
nmc_t6plain_dst_s0,fp32,55,10,47697109,250000000
nmc_t6plain_dst_s0,fp32,55,11,47697109,250000000
nmc_t6plain_dst_s0,fp32,55,12,47697109,250000000
nmc_t6plain_dst_s0,fp32,55,13,47697109,250000000
nmc_t6plain_dst_s0,fp32,55,14,47697109,250000000
nmc_t6plain_dst_s0,fp32,55,15,47697109,250000000
nmc_t6plain_dst_s0,fp32,56,0,47685630,250000000
nmc_t6plain_dst_s0,fp32,56,1,47685575,250000000
nmc_t6plain_dst_s0,fp32,56,2,47685575,250000000
nmc_t6plain_dst_s0,fp32,56,3,47685575,250000000
nmc_t6plain_dst_s0,fp32,56,4,47685575,250000000
nmc_t6plain_dst_s0,fp32,56,5,47685575,250000000
nmc_t6plain_dst_s0,fp32,56,6,47685575,250000000
nmc_t6plain_dst_s0,fp32,56,7,47685575,250000000
nmc_t6plain_dst_s0,fp32,56,8,47685575,250000000
nmc_t6plain_dst_s0,fp32,56,9,47685575,250000000
nmc_t6plain_dst_s0,fp32,56,10,47685575,250000000
nmc_t6plain_dst_s0,fp32,56,11,47685575,250000000
nmc_t6plain_dst_s0,fp32,56,12,47685575,250000000
nmc_t6plain_dst_s0,fp32,56,13,47685575,250000000
nmc_t6plain_dst_s0,fp32,56,14,47685575,250000000
nmc_t6plain_dst_s0,fp32,56,15,47685575,250000000
nmc_t6plain_dst_s0,fp32,57,0,47694545,250000000
nmc_t6plain_dst_s0,fp32,57,1,47694490,250000000
nmc_t6plain_dst_s0,fp32,57,2,47694490,250000000
nmc_t6plain_dst_s0,fp32,57,3,47694490,250000000
nmc_t6plain_dst_s0,fp32,57,4,47694490,250000000
nmc_t6plain_dst_s0,fp32,57,5,47694490,250000000
nmc_t6plain_dst_s0,fp32,57,6,47694490,250000000
nmc_t6plain_dst_s0,fp32,57,7,47694490,250000000
nmc_t6plain_dst_s0,fp32,57,8,47694490,250000000
nmc_t6plain_dst_s0,fp32,57,9,47694490,250000000
nmc_t6plain_dst_s0,fp32,57,10,47694490,250000000
nmc_t6plain_dst_s0,fp32,57,11,47694490,250000000
nmc_t6plain_dst_s0,fp32,57,12,47694490,250000000
nmc_t6plain_dst_s0,fp32,57,13,47694490,250000000
nmc_t6plain_dst_s0,fp32,57,14,47694490,250000000
nmc_t6plain_dst_s0,fp32,57,15,47694490,250000000
nmc_t6plain_dst_s0,fp32,58,0,47637671,250000000
nmc_t6plain_dst_s0,fp32,58,1,47637623,250000000
nmc_t6plain_dst_s0,fp32,58,2,47637623,250000000
nmc_t6plain_dst_s0,fp32,58,3,47637623,250000000
nmc_t6plain_dst_s0,fp32,58,4,47637623,250000000
nmc_t6plain_dst_s0,fp32,58,5,47637623,250000000
nmc_t6plain_dst_s0,fp32,58,6,47637623,250000000
nmc_t6plain_dst_s0,fp32,58,7,47637623,250000000
nmc_t6plain_dst_s0,fp32,58,8,47637623,250000000
nmc_t6plain_dst_s0,fp32,58,9,47637623,250000000
nmc_t6plain_dst_s0,fp32,58,10,47637623,250000000
nmc_t6plain_dst_s0,fp32,58,11,47637623,250000000
nmc_t6plain_dst_s0,fp32,58,12,47637623,250000000
nmc_t6plain_dst_s0,fp32,58,13,47637623,250000000
nmc_t6plain_dst_s0,fp32,58,14,47637623,250000000
nmc_t6plain_dst_s0,fp32,58,15,47637623,250000000
nmc_t6plain_dst_s0,fp32,59,0,47702535,250000000
nmc_t6plain_dst_s0,fp32,59,1,47702487,250000000
nmc_t6plain_dst_s0,fp32,59,2,47702487,250000000
nmc_t6plain_dst_s0,fp32,59,3,47702487,250000000
nmc_t6plain_dst_s0,fp32,59,4,47702487,250000000
nmc_t6plain_dst_s0,fp32,59,5,47702487,250000000
nmc_t6plain_dst_s0,fp32,59,6,47702487,250000000
nmc_t6plain_dst_s0,fp32,59,7,47702487,250000000
nmc_t6plain_dst_s0,fp32,59,8,47702487,250000000
nmc_t6plain_dst_s0,fp32,59,9,47702487,250000000
nmc_t6plain_dst_s0,fp32,59,10,47702487,250000000
nmc_t6plain_dst_s0,fp32,59,11,47702487,250000000
nmc_t6plain_dst_s0,fp32,59,12,47702487,250000000
nmc_t6plain_dst_s0,fp32,59,13,47702487,250000000
nmc_t6plain_dst_s0,fp32,59,14,47702487,250000000
nmc_t6plain_dst_s0,fp32,59,15,47702487,250000000
nmc_t6plain_dst_s0,fp32,60,0,47677574,250000000
nmc_t6plain_dst_s0,fp32,60,1,47677528,250000000
nmc_t6plain_dst_s0,fp32,60,2,47677528,250000000
nmc_t6plain_dst_s0,fp32,60,3,47677528,250000000
nmc_t6plain_dst_s0,fp32,60,4,47677528,250000000
nmc_t6plain_dst_s0,fp32,60,5,47677528,250000000
nmc_t6plain_dst_s0,fp32,60,6,47677528,250000000
nmc_t6plain_dst_s0,fp32,60,7,47677528,250000000
nmc_t6plain_dst_s0,fp32,60,8,47677528,250000000
nmc_t6plain_dst_s0,fp32,60,9,47677528,250000000
nmc_t6plain_dst_s0,fp32,60,10,47677528,250000000
nmc_t6plain_dst_s0,fp32,60,11,47677528,250000000
nmc_t6plain_dst_s0,fp32,60,12,47677528,250000000
nmc_t6plain_dst_s0,fp32,60,13,47677528,250000000
nmc_t6plain_dst_s0,fp32,60,14,47677528,250000000
nmc_t6plain_dst_s0,fp32,60,15,47677528,250000000
nmc_t6plain_dst_s0,fp32,61,0,47652738,250000000
nmc_t6plain_dst_s0,fp32,61,1,47652692,250000000
nmc_t6plain_dst_s0,fp32,61,2,47652692,250000000
nmc_t6plain_dst_s0,fp32,61,3,47652692,250000000
nmc_t6plain_dst_s0,fp32,61,4,47652692,250000000
nmc_t6plain_dst_s0,fp32,61,5,47652692,250000000
nmc_t6plain_dst_s0,fp32,61,6,47652692,250000000
nmc_t6plain_dst_s0,fp32,61,7,47652692,250000000
nmc_t6plain_dst_s0,fp32,61,8,47652692,250000000
nmc_t6plain_dst_s0,fp32,61,9,47652692,250000000
nmc_t6plain_dst_s0,fp32,61,10,47652692,250000000
nmc_t6plain_dst_s0,fp32,61,11,47652692,250000000
nmc_t6plain_dst_s0,fp32,61,12,47652692,250000000
nmc_t6plain_dst_s0,fp32,61,13,47652692,250000000
nmc_t6plain_dst_s0,fp32,61,14,47652692,250000000
nmc_t6plain_dst_s0,fp32,61,15,47652692,250000000
nmc_t6plain_dst_s0,fp32,62,0,47630031,250000000
nmc_t6plain_dst_s0,fp32,62,1,47629985,250000000
nmc_t6plain_dst_s0,fp32,62,2,47629985,250000000
nmc_t6plain_dst_s0,fp32,62,3,47629985,250000000
nmc_t6plain_dst_s0,fp32,62,4,47629985,250000000
nmc_t6plain_dst_s0,fp32,62,5,47629985,250000000
nmc_t6plain_dst_s0,fp32,62,6,47629985,250000000
nmc_t6plain_dst_s0,fp32,62,7,47629985,250000000
nmc_t6plain_dst_s0,fp32,62,8,47629985,250000000
nmc_t6plain_dst_s0,fp32,62,9,47629985,250000000
nmc_t6plain_dst_s0,fp32,62,10,47629985,250000000
nmc_t6plain_dst_s0,fp32,62,11,47629985,250000000
nmc_t6plain_dst_s0,fp32,62,12,47629985,250000000
nmc_t6plain_dst_s0,fp32,62,13,47629985,250000000
nmc_t6plain_dst_s0,fp32,62,14,47629985,250000000
nmc_t6plain_dst_s0,fp32,62,15,47629985,250000000
nmc_t6plain_dst_s0,fp32,63,0,47509780,250000000
nmc_t6plain_dst_s0,fp32,63,1,47509734,250000000
nmc_t6plain_dst_s0,fp32,63,2,47509734,250000000
nmc_t6plain_dst_s0,fp32,63,3,47509734,250000000
nmc_t6plain_dst_s0,fp32,63,4,47509734,250000000
nmc_t6plain_dst_s0,fp32,63,5,47509734,250000000
nmc_t6plain_dst_s0,fp32,63,6,47509734,250000000
nmc_t6plain_dst_s0,fp32,63,7,47509734,250000000
nmc_t6plain_dst_s0,fp32,63,8,47509734,250000000
nmc_t6plain_dst_s0,fp32,63,9,47509734,250000000
nmc_t6plain_dst_s0,fp32,63,10,47509734,250000000
nmc_t6plain_dst_s0,fp32,63,11,47509734,250000000
nmc_t6plain_dst_s0,fp32,63,12,47509734,250000000
nmc_t6plain_dst_s0,fp32,63,13,47509734,250000000
nmc_t6plain_dst_s0,fp32,63,14,47509734,250000000
nmc_t6plain_dst_s0,fp32,63,15,47509734,250000000
nmc_t6plain_dst_s1,fp32,0,0,47639025,250000000
nmc_t6plain_dst_s1,fp32,0,1,47639025,250000000
nmc_t6plain_dst_s1,fp32,0,2,47639025,250000000
nmc_t6plain_dst_s1,fp32,0,3,47639025,250000000
nmc_t6plain_dst_s1,fp32,0,4,47639025,250000000
nmc_t6plain_dst_s1,fp32,0,5,47639025,250000000
nmc_t6plain_dst_s1,fp32,0,6,47639025,250000000
nmc_t6plain_dst_s1,fp32,0,7,47639025,250000000
nmc_t6plain_dst_s1,fp32,0,8,47639025,250000000
nmc_t6plain_dst_s1,fp32,0,9,47639025,250000000
nmc_t6plain_dst_s1,fp32,0,10,47639025,250000000
nmc_t6plain_dst_s1,fp32,0,11,47639025,250000000
nmc_t6plain_dst_s1,fp32,0,12,47639025,250000000
nmc_t6plain_dst_s1,fp32,0,13,47639025,250000000
nmc_t6plain_dst_s1,fp32,0,14,47639025,250000000
nmc_t6plain_dst_s1,fp32,0,15,47639025,250000000
nmc_t6plain_dst_s1,fp32,1,0,47635440,250000000
nmc_t6plain_dst_s1,fp32,1,1,47635394,250000000
nmc_t6plain_dst_s1,fp32,1,2,47635394,250000000
nmc_t6plain_dst_s1,fp32,1,3,47635394,250000000
nmc_t6plain_dst_s1,fp32,1,4,47635394,250000000
nmc_t6plain_dst_s1,fp32,1,5,47635394,250000000
nmc_t6plain_dst_s1,fp32,1,6,47635394,250000000
nmc_t6plain_dst_s1,fp32,1,7,47635394,250000000
nmc_t6plain_dst_s1,fp32,1,8,47635394,250000000
nmc_t6plain_dst_s1,fp32,1,9,47635394,250000000
nmc_t6plain_dst_s1,fp32,1,10,47635394,250000000
nmc_t6plain_dst_s1,fp32,1,11,47635394,250000000
nmc_t6plain_dst_s1,fp32,1,12,47635394,250000000
nmc_t6plain_dst_s1,fp32,1,13,47635394,250000000
nmc_t6plain_dst_s1,fp32,1,14,47635394,250000000
nmc_t6plain_dst_s1,fp32,1,15,47635394,250000000
nmc_t6plain_dst_s1,fp32,2,0,47636628,250000000
nmc_t6plain_dst_s1,fp32,2,1,47636580,250000000
nmc_t6plain_dst_s1,fp32,2,2,47636580,250000000
nmc_t6plain_dst_s1,fp32,2,3,47636580,250000000
nmc_t6plain_dst_s1,fp32,2,4,47636580,250000000
nmc_t6plain_dst_s1,fp32,2,5,47636580,250000000
nmc_t6plain_dst_s1,fp32,2,6,47636580,250000000
nmc_t6plain_dst_s1,fp32,2,7,47636580,250000000
nmc_t6plain_dst_s1,fp32,2,8,47636580,250000000
nmc_t6plain_dst_s1,fp32,2,9,47636580,250000000
nmc_t6plain_dst_s1,fp32,2,10,47636580,250000000
nmc_t6plain_dst_s1,fp32,2,11,47636580,250000000
nmc_t6plain_dst_s1,fp32,2,12,47636580,250000000
nmc_t6plain_dst_s1,fp32,2,13,47636580,250000000
nmc_t6plain_dst_s1,fp32,2,14,47636580,250000000
nmc_t6plain_dst_s1,fp32,2,15,47636580,250000000
nmc_t6plain_dst_s1,fp32,3,0,47630745,250000000
nmc_t6plain_dst_s1,fp32,3,1,47630692,250000000
nmc_t6plain_dst_s1,fp32,3,2,47630692,250000000
nmc_t6plain_dst_s1,fp32,3,3,47630692,250000000
nmc_t6plain_dst_s1,fp32,3,4,47630692,250000000
nmc_t6plain_dst_s1,fp32,3,5,47630692,250000000
nmc_t6plain_dst_s1,fp32,3,6,47630692,250000000
nmc_t6plain_dst_s1,fp32,3,7,47630692,250000000
nmc_t6plain_dst_s1,fp32,3,8,47630692,250000000
nmc_t6plain_dst_s1,fp32,3,9,47630692,250000000
nmc_t6plain_dst_s1,fp32,3,10,47630692,250000000
nmc_t6plain_dst_s1,fp32,3,11,47630692,250000000
nmc_t6plain_dst_s1,fp32,3,12,47630692,250000000
nmc_t6plain_dst_s1,fp32,3,13,47630692,250000000
nmc_t6plain_dst_s1,fp32,3,14,47630692,250000000
nmc_t6plain_dst_s1,fp32,3,15,47630692,250000000
nmc_t6plain_dst_s1,fp32,4,0,47674046,250000000
nmc_t6plain_dst_s1,fp32,4,1,47673993,250000000
nmc_t6plain_dst_s1,fp32,4,2,47673993,250000000
nmc_t6plain_dst_s1,fp32,4,3,47673993,250000000
nmc_t6plain_dst_s1,fp32,4,4,47673993,250000000
nmc_t6plain_dst_s1,fp32,4,5,47673993,250000000
nmc_t6plain_dst_s1,fp32,4,6,47673993,250000000
nmc_t6plain_dst_s1,fp32,4,7,47673993,250000000
nmc_t6plain_dst_s1,fp32,4,8,47673993,250000000
nmc_t6plain_dst_s1,fp32,4,9,47673993,250000000
nmc_t6plain_dst_s1,fp32,4,10,47673993,250000000
nmc_t6plain_dst_s1,fp32,4,11,47673993,250000000
nmc_t6plain_dst_s1,fp32,4,12,47673993,250000000
nmc_t6plain_dst_s1,fp32,4,13,47673993,250000000
nmc_t6plain_dst_s1,fp32,4,14,47673993,250000000
nmc_t6plain_dst_s1,fp32,4,15,47673993,250000000
nmc_t6plain_dst_s1,fp32,5,0,47709119,250000000
nmc_t6plain_dst_s1,fp32,5,1,47709066,250000000
nmc_t6plain_dst_s1,fp32,5,2,47709066,250000000
nmc_t6plain_dst_s1,fp32,5,3,47709066,250000000
nmc_t6plain_dst_s1,fp32,5,4,47709066,250000000
nmc_t6plain_dst_s1,fp32,5,5,47709066,250000000
nmc_t6plain_dst_s1,fp32,5,6,47709066,250000000
nmc_t6plain_dst_s1,fp32,5,7,47709066,250000000
nmc_t6plain_dst_s1,fp32,5,8,47709066,250000000
nmc_t6plain_dst_s1,fp32,5,9,47709066,250000000
nmc_t6plain_dst_s1,fp32,5,10,47709066,250000000
nmc_t6plain_dst_s1,fp32,5,11,47709066,250000000
nmc_t6plain_dst_s1,fp32,5,12,47709066,250000000
nmc_t6plain_dst_s1,fp32,5,13,47709066,250000000
nmc_t6plain_dst_s1,fp32,5,14,47709066,250000000
nmc_t6plain_dst_s1,fp32,5,15,47709066,250000000
nmc_t6plain_dst_s1,fp32,6,0,47714375,250000000
nmc_t6plain_dst_s1,fp32,6,1,47714320,250000000
nmc_t6plain_dst_s1,fp32,6,2,47714320,250000000
nmc_t6plain_dst_s1,fp32,6,3,47714320,250000000
nmc_t6plain_dst_s1,fp32,6,4,47714320,250000000
nmc_t6plain_dst_s1,fp32,6,5,47714320,250000000
nmc_t6plain_dst_s1,fp32,6,6,47714320,250000000
nmc_t6plain_dst_s1,fp32,6,7,47714320,250000000
nmc_t6plain_dst_s1,fp32,6,8,47714320,250000000
nmc_t6plain_dst_s1,fp32,6,9,47714320,250000000
nmc_t6plain_dst_s1,fp32,6,10,47714320,250000000
nmc_t6plain_dst_s1,fp32,6,11,47714320,250000000
nmc_t6plain_dst_s1,fp32,6,12,47714320,250000000
nmc_t6plain_dst_s1,fp32,6,13,47714320,250000000
nmc_t6plain_dst_s1,fp32,6,14,47714320,250000000
nmc_t6plain_dst_s1,fp32,6,15,47714320,250000000
nmc_t6plain_dst_s1,fp32,7,0,47703569,250000000
nmc_t6plain_dst_s1,fp32,7,1,47703516,250000000
nmc_t6plain_dst_s1,fp32,7,2,47703516,250000000
nmc_t6plain_dst_s1,fp32,7,3,47703516,250000000
nmc_t6plain_dst_s1,fp32,7,4,47703516,250000000
nmc_t6plain_dst_s1,fp32,7,5,47703516,250000000
nmc_t6plain_dst_s1,fp32,7,6,47703516,250000000
nmc_t6plain_dst_s1,fp32,7,7,47703516,250000000
nmc_t6plain_dst_s1,fp32,7,8,47703516,250000000
nmc_t6plain_dst_s1,fp32,7,9,47703516,250000000
nmc_t6plain_dst_s1,fp32,7,10,47703516,250000000
nmc_t6plain_dst_s1,fp32,7,11,47703516,250000000
nmc_t6plain_dst_s1,fp32,7,12,47703516,250000000
nmc_t6plain_dst_s1,fp32,7,13,47703516,250000000
nmc_t6plain_dst_s1,fp32,7,14,47703516,250000000
nmc_t6plain_dst_s1,fp32,7,15,47703516,250000000
nmc_t6plain_dst_s1,fp32,8,0,47730163,250000000
nmc_t6plain_dst_s1,fp32,8,1,47730110,250000000
nmc_t6plain_dst_s1,fp32,8,2,47730110,250000000
nmc_t6plain_dst_s1,fp32,8,3,47730110,250000000
nmc_t6plain_dst_s1,fp32,8,4,47730110,250000000
nmc_t6plain_dst_s1,fp32,8,5,47730110,250000000
nmc_t6plain_dst_s1,fp32,8,6,47730110,250000000
nmc_t6plain_dst_s1,fp32,8,7,47730110,250000000
nmc_t6plain_dst_s1,fp32,8,8,47730110,250000000
nmc_t6plain_dst_s1,fp32,8,9,47730110,250000000
nmc_t6plain_dst_s1,fp32,8,10,47730110,250000000
nmc_t6plain_dst_s1,fp32,8,11,47730110,250000000
nmc_t6plain_dst_s1,fp32,8,12,47730110,250000000
nmc_t6plain_dst_s1,fp32,8,13,47730110,250000000
nmc_t6plain_dst_s1,fp32,8,14,47730110,250000000
nmc_t6plain_dst_s1,fp32,8,15,47730110,250000000
nmc_t6plain_dst_s1,fp32,9,0,47745830,250000000
nmc_t6plain_dst_s1,fp32,9,1,47745807,250000000
nmc_t6plain_dst_s1,fp32,9,2,47745807,250000000
nmc_t6plain_dst_s1,fp32,9,3,47745807,250000000
nmc_t6plain_dst_s1,fp32,9,4,47745807,250000000
nmc_t6plain_dst_s1,fp32,9,5,47745807,250000000
nmc_t6plain_dst_s1,fp32,9,6,47745807,250000000
nmc_t6plain_dst_s1,fp32,9,7,47745807,250000000
nmc_t6plain_dst_s1,fp32,9,8,47745807,250000000
nmc_t6plain_dst_s1,fp32,9,9,47745807,250000000
nmc_t6plain_dst_s1,fp32,9,10,47745807,250000000
nmc_t6plain_dst_s1,fp32,9,11,47745807,250000000
nmc_t6plain_dst_s1,fp32,9,12,47745807,250000000
nmc_t6plain_dst_s1,fp32,9,13,47745807,250000000
nmc_t6plain_dst_s1,fp32,9,14,47745807,250000000
nmc_t6plain_dst_s1,fp32,9,15,47745807,250000000
nmc_t6plain_dst_s1,fp32,10,0,47702128,250000000
nmc_t6plain_dst_s1,fp32,10,1,47702105,250000000
nmc_t6plain_dst_s1,fp32,10,2,47702105,250000000
nmc_t6plain_dst_s1,fp32,10,3,47702105,250000000
nmc_t6plain_dst_s1,fp32,10,4,47702105,250000000
nmc_t6plain_dst_s1,fp32,10,5,47702105,250000000
nmc_t6plain_dst_s1,fp32,10,6,47702105,250000000
nmc_t6plain_dst_s1,fp32,10,7,47702105,250000000
nmc_t6plain_dst_s1,fp32,10,8,47702105,250000000
nmc_t6plain_dst_s1,fp32,10,9,47702105,250000000
nmc_t6plain_dst_s1,fp32,10,10,47702105,250000000
nmc_t6plain_dst_s1,fp32,10,11,47702105,250000000
nmc_t6plain_dst_s1,fp32,10,12,47702105,250000000
nmc_t6plain_dst_s1,fp32,10,13,47702105,250000000
nmc_t6plain_dst_s1,fp32,10,14,47702105,250000000
nmc_t6plain_dst_s1,fp32,10,15,47702105,250000000
nmc_t6plain_dst_s1,fp32,11,0,47714814,250000000
nmc_t6plain_dst_s1,fp32,11,1,47714791,250000000
nmc_t6plain_dst_s1,fp32,11,2,47714791,250000000
nmc_t6plain_dst_s1,fp32,11,3,47714791,250000000
nmc_t6plain_dst_s1,fp32,11,4,47714791,250000000
nmc_t6plain_dst_s1,fp32,11,5,47714791,250000000
nmc_t6plain_dst_s1,fp32,11,6,47714791,250000000
nmc_t6plain_dst_s1,fp32,11,7,47714791,250000000
nmc_t6plain_dst_s1,fp32,11,8,47714791,250000000
nmc_t6plain_dst_s1,fp32,11,9,47714791,250000000
nmc_t6plain_dst_s1,fp32,11,10,47714791,250000000
nmc_t6plain_dst_s1,fp32,11,11,47714791,250000000
nmc_t6plain_dst_s1,fp32,11,12,47714791,250000000
nmc_t6plain_dst_s1,fp32,11,13,47714791,250000000
nmc_t6plain_dst_s1,fp32,11,14,47714791,250000000
nmc_t6plain_dst_s1,fp32,11,15,47714791,250000000
nmc_t6plain_dst_s1,fp32,12,0,47703963,250000000
nmc_t6plain_dst_s1,fp32,12,1,47703908,250000000
nmc_t6plain_dst_s1,fp32,12,2,47703908,250000000
nmc_t6plain_dst_s1,fp32,12,3,47703908,250000000
nmc_t6plain_dst_s1,fp32,12,4,47703908,250000000
nmc_t6plain_dst_s1,fp32,12,5,47703908,250000000
nmc_t6plain_dst_s1,fp32,12,6,47703908,250000000
nmc_t6plain_dst_s1,fp32,12,7,47703908,250000000
nmc_t6plain_dst_s1,fp32,12,8,47703908,250000000
nmc_t6plain_dst_s1,fp32,12,9,47703908,250000000
nmc_t6plain_dst_s1,fp32,12,10,47703908,250000000
nmc_t6plain_dst_s1,fp32,12,11,47703908,250000000
nmc_t6plain_dst_s1,fp32,12,12,47703908,250000000
nmc_t6plain_dst_s1,fp32,12,13,47703908,250000000
nmc_t6plain_dst_s1,fp32,12,14,47703908,250000000
nmc_t6plain_dst_s1,fp32,12,15,47703908,250000000
nmc_t6plain_dst_s1,fp32,13,0,47702980,250000000
nmc_t6plain_dst_s1,fp32,13,1,47702925,250000000
nmc_t6plain_dst_s1,fp32,13,2,47702925,250000000
nmc_t6plain_dst_s1,fp32,13,3,47702925,250000000
nmc_t6plain_dst_s1,fp32,13,4,47702925,250000000
nmc_t6plain_dst_s1,fp32,13,5,47702925,250000000
nmc_t6plain_dst_s1,fp32,13,6,47702925,250000000
nmc_t6plain_dst_s1,fp32,13,7,47702925,250000000
nmc_t6plain_dst_s1,fp32,13,8,47702925,250000000
nmc_t6plain_dst_s1,fp32,13,9,47702925,250000000
nmc_t6plain_dst_s1,fp32,13,10,47702925,250000000
nmc_t6plain_dst_s1,fp32,13,11,47702925,250000000
nmc_t6plain_dst_s1,fp32,13,12,47702925,250000000
nmc_t6plain_dst_s1,fp32,13,13,47702925,250000000
nmc_t6plain_dst_s1,fp32,13,14,47702925,250000000
nmc_t6plain_dst_s1,fp32,13,15,47702925,250000000
nmc_t6plain_dst_s1,fp32,14,0,47664226,250000000
nmc_t6plain_dst_s1,fp32,14,1,47664173,250000000
nmc_t6plain_dst_s1,fp32,14,2,47664173,250000000
nmc_t6plain_dst_s1,fp32,14,3,47664173,250000000
nmc_t6plain_dst_s1,fp32,14,4,47664173,250000000
nmc_t6plain_dst_s1,fp32,14,5,47664173,250000000
nmc_t6plain_dst_s1,fp32,14,6,47664173,250000000
nmc_t6plain_dst_s1,fp32,14,7,47664173,250000000
nmc_t6plain_dst_s1,fp32,14,8,47664173,250000000
nmc_t6plain_dst_s1,fp32,14,9,47664173,250000000
nmc_t6plain_dst_s1,fp32,14,10,47664173,250000000
nmc_t6plain_dst_s1,fp32,14,11,47664173,250000000
nmc_t6plain_dst_s1,fp32,14,12,47664173,250000000
nmc_t6plain_dst_s1,fp32,14,13,47664173,250000000
nmc_t6plain_dst_s1,fp32,14,14,47664173,250000000
nmc_t6plain_dst_s1,fp32,14,15,47664173,250000000
nmc_t6plain_dst_s1,fp32,15,0,47686311,250000000
nmc_t6plain_dst_s1,fp32,15,1,47686256,250000000
nmc_t6plain_dst_s1,fp32,15,2,47686256,250000000
nmc_t6plain_dst_s1,fp32,15,3,47686256,250000000
nmc_t6plain_dst_s1,fp32,15,4,47686256,250000000
nmc_t6plain_dst_s1,fp32,15,5,47686256,250000000
nmc_t6plain_dst_s1,fp32,15,6,47686256,250000000
nmc_t6plain_dst_s1,fp32,15,7,47686256,250000000
nmc_t6plain_dst_s1,fp32,15,8,47686256,250000000
nmc_t6plain_dst_s1,fp32,15,9,47686256,250000000
nmc_t6plain_dst_s1,fp32,15,10,47686256,250000000
nmc_t6plain_dst_s1,fp32,15,11,47686256,250000000
nmc_t6plain_dst_s1,fp32,15,12,47686256,250000000
nmc_t6plain_dst_s1,fp32,15,13,47686256,250000000
nmc_t6plain_dst_s1,fp32,15,14,47686256,250000000
nmc_t6plain_dst_s1,fp32,15,15,47686256,250000000
nmc_t6plain_dst_s1,fp32,16,0,47687062,250000000
nmc_t6plain_dst_s1,fp32,16,1,47687007,250000000
nmc_t6plain_dst_s1,fp32,16,2,47687007,250000000
nmc_t6plain_dst_s1,fp32,16,3,47687007,250000000
nmc_t6plain_dst_s1,fp32,16,4,47687007,250000000
nmc_t6plain_dst_s1,fp32,16,5,47687007,250000000
nmc_t6plain_dst_s1,fp32,16,6,47687007,250000000
nmc_t6plain_dst_s1,fp32,16,7,47687007,250000000
nmc_t6plain_dst_s1,fp32,16,8,47687007,250000000
nmc_t6plain_dst_s1,fp32,16,9,47687007,250000000
nmc_t6plain_dst_s1,fp32,16,10,47687007,250000000
nmc_t6plain_dst_s1,fp32,16,11,47687007,250000000
nmc_t6plain_dst_s1,fp32,16,12,47687007,250000000
nmc_t6plain_dst_s1,fp32,16,13,47687007,250000000
nmc_t6plain_dst_s1,fp32,16,14,47687007,250000000
nmc_t6plain_dst_s1,fp32,16,15,47687007,250000000
nmc_t6plain_dst_s1,fp32,17,0,47672578,250000000
nmc_t6plain_dst_s1,fp32,17,1,47672530,250000000
nmc_t6plain_dst_s1,fp32,17,2,47672530,250000000
nmc_t6plain_dst_s1,fp32,17,3,47672530,250000000
nmc_t6plain_dst_s1,fp32,17,4,47672530,250000000
nmc_t6plain_dst_s1,fp32,17,5,47672530,250000000
nmc_t6plain_dst_s1,fp32,17,6,47672530,250000000
nmc_t6plain_dst_s1,fp32,17,7,47672530,250000000
nmc_t6plain_dst_s1,fp32,17,8,47672530,250000000
nmc_t6plain_dst_s1,fp32,17,9,47672530,250000000
nmc_t6plain_dst_s1,fp32,17,10,47672530,250000000
nmc_t6plain_dst_s1,fp32,17,11,47672530,250000000
nmc_t6plain_dst_s1,fp32,17,12,47672530,250000000
nmc_t6plain_dst_s1,fp32,17,13,47672530,250000000
nmc_t6plain_dst_s1,fp32,17,14,47672530,250000000
nmc_t6plain_dst_s1,fp32,17,15,47672530,250000000
nmc_t6plain_dst_s1,fp32,18,0,47605487,250000000
nmc_t6plain_dst_s1,fp32,18,1,47605441,250000000
nmc_t6plain_dst_s1,fp32,18,2,47605441,250000000
nmc_t6plain_dst_s1,fp32,18,3,47605441,250000000
nmc_t6plain_dst_s1,fp32,18,4,47605441,250000000
nmc_t6plain_dst_s1,fp32,18,5,47605441,250000000
nmc_t6plain_dst_s1,fp32,18,6,47605441,250000000
nmc_t6plain_dst_s1,fp32,18,7,47605441,250000000
nmc_t6plain_dst_s1,fp32,18,8,47605441,250000000
nmc_t6plain_dst_s1,fp32,18,9,47605441,250000000
nmc_t6plain_dst_s1,fp32,18,10,47605441,250000000
nmc_t6plain_dst_s1,fp32,18,11,47605441,250000000
nmc_t6plain_dst_s1,fp32,18,12,47605441,250000000
nmc_t6plain_dst_s1,fp32,18,13,47605441,250000000
nmc_t6plain_dst_s1,fp32,18,14,47605441,250000000
nmc_t6plain_dst_s1,fp32,18,15,47605441,250000000
nmc_t6plain_dst_s1,fp32,19,0,47673357,250000000
nmc_t6plain_dst_s1,fp32,19,1,47673311,250000000
nmc_t6plain_dst_s1,fp32,19,2,47673311,250000000
nmc_t6plain_dst_s1,fp32,19,3,47673311,250000000
nmc_t6plain_dst_s1,fp32,19,4,47673311,250000000
nmc_t6plain_dst_s1,fp32,19,5,47673311,250000000
nmc_t6plain_dst_s1,fp32,19,6,47673311,250000000
nmc_t6plain_dst_s1,fp32,19,7,47673311,250000000
nmc_t6plain_dst_s1,fp32,19,8,47673311,250000000
nmc_t6plain_dst_s1,fp32,19,9,47673311,250000000
nmc_t6plain_dst_s1,fp32,19,10,47673311,250000000
nmc_t6plain_dst_s1,fp32,19,11,47673311,250000000
nmc_t6plain_dst_s1,fp32,19,12,47673311,250000000
nmc_t6plain_dst_s1,fp32,19,13,47673311,250000000
nmc_t6plain_dst_s1,fp32,19,14,47673311,250000000
nmc_t6plain_dst_s1,fp32,19,15,47673311,250000000
nmc_t6plain_dst_s1,fp32,20,0,47663926,250000000
nmc_t6plain_dst_s1,fp32,20,1,47663880,250000000
nmc_t6plain_dst_s1,fp32,20,2,47663880,250000000
nmc_t6plain_dst_s1,fp32,20,3,47663880,250000000
nmc_t6plain_dst_s1,fp32,20,4,47663880,250000000
nmc_t6plain_dst_s1,fp32,20,5,47663880,250000000
nmc_t6plain_dst_s1,fp32,20,6,47663880,250000000
nmc_t6plain_dst_s1,fp32,20,7,47663880,250000000
nmc_t6plain_dst_s1,fp32,20,8,47663880,250000000
nmc_t6plain_dst_s1,fp32,20,9,47663880,250000000
nmc_t6plain_dst_s1,fp32,20,10,47663880,250000000
nmc_t6plain_dst_s1,fp32,20,11,47663880,250000000
nmc_t6plain_dst_s1,fp32,20,12,47663880,250000000
nmc_t6plain_dst_s1,fp32,20,13,47663880,250000000
nmc_t6plain_dst_s1,fp32,20,14,47663880,250000000
nmc_t6plain_dst_s1,fp32,20,15,47663880,250000000
nmc_t6plain_dst_s1,fp32,21,0,47662784,250000000
nmc_t6plain_dst_s1,fp32,21,1,47662736,250000000
nmc_t6plain_dst_s1,fp32,21,2,47662736,250000000
nmc_t6plain_dst_s1,fp32,21,3,47662736,250000000
nmc_t6plain_dst_s1,fp32,21,4,47662736,250000000
nmc_t6plain_dst_s1,fp32,21,5,47662736,250000000
nmc_t6plain_dst_s1,fp32,21,6,47662736,250000000
nmc_t6plain_dst_s1,fp32,21,7,47662736,250000000
nmc_t6plain_dst_s1,fp32,21,8,47662736,250000000
nmc_t6plain_dst_s1,fp32,21,9,47662736,250000000
nmc_t6plain_dst_s1,fp32,21,10,47662736,250000000
nmc_t6plain_dst_s1,fp32,21,11,47662736,250000000
nmc_t6plain_dst_s1,fp32,21,12,47662736,250000000
nmc_t6plain_dst_s1,fp32,21,13,47662736,250000000
nmc_t6plain_dst_s1,fp32,21,14,47662736,250000000
nmc_t6plain_dst_s1,fp32,21,15,47662736,250000000
nmc_t6plain_dst_s1,fp32,22,0,47639432,250000000
nmc_t6plain_dst_s1,fp32,22,1,47639384,250000000
nmc_t6plain_dst_s1,fp32,22,2,47639384,250000000
nmc_t6plain_dst_s1,fp32,22,3,47639384,250000000
nmc_t6plain_dst_s1,fp32,22,4,47639384,250000000
nmc_t6plain_dst_s1,fp32,22,5,47639384,250000000
nmc_t6plain_dst_s1,fp32,22,6,47639384,250000000
nmc_t6plain_dst_s1,fp32,22,7,47639384,250000000
nmc_t6plain_dst_s1,fp32,22,8,47639384,250000000
nmc_t6plain_dst_s1,fp32,22,9,47639384,250000000
nmc_t6plain_dst_s1,fp32,22,10,47639384,250000000
nmc_t6plain_dst_s1,fp32,22,11,47639384,250000000
nmc_t6plain_dst_s1,fp32,22,12,47639384,250000000
nmc_t6plain_dst_s1,fp32,22,13,47639384,250000000
nmc_t6plain_dst_s1,fp32,22,14,47639384,250000000
nmc_t6plain_dst_s1,fp32,22,15,47639384,250000000
nmc_t6plain_dst_s1,fp32,23,0,47655833,250000000
nmc_t6plain_dst_s1,fp32,23,1,47655785,250000000
nmc_t6plain_dst_s1,fp32,23,2,47655785,250000000
nmc_t6plain_dst_s1,fp32,23,3,47655785,250000000
nmc_t6plain_dst_s1,fp32,23,4,47655785,250000000
nmc_t6plain_dst_s1,fp32,23,5,47655785,250000000
nmc_t6plain_dst_s1,fp32,23,6,47655785,250000000
nmc_t6plain_dst_s1,fp32,23,7,47655785,250000000
nmc_t6plain_dst_s1,fp32,23,8,47655785,250000000
nmc_t6plain_dst_s1,fp32,23,9,47655785,250000000
nmc_t6plain_dst_s1,fp32,23,10,47655785,250000000
nmc_t6plain_dst_s1,fp32,23,11,47655785,250000000
nmc_t6plain_dst_s1,fp32,23,12,47655785,250000000
nmc_t6plain_dst_s1,fp32,23,13,47655785,250000000
nmc_t6plain_dst_s1,fp32,23,14,47655785,250000000
nmc_t6plain_dst_s1,fp32,23,15,47655785,250000000
nmc_t6plain_dst_s1,fp32,24,0,47670595,250000000
nmc_t6plain_dst_s1,fp32,24,1,47670549,250000000
nmc_t6plain_dst_s1,fp32,24,2,47670549,250000000
nmc_t6plain_dst_s1,fp32,24,3,47670549,250000000
nmc_t6plain_dst_s1,fp32,24,4,47670549,250000000
nmc_t6plain_dst_s1,fp32,24,5,47670549,250000000
nmc_t6plain_dst_s1,fp32,24,6,47670549,250000000
nmc_t6plain_dst_s1,fp32,24,7,47670549,250000000
nmc_t6plain_dst_s1,fp32,24,8,47670549,250000000
nmc_t6plain_dst_s1,fp32,24,9,47670549,250000000
nmc_t6plain_dst_s1,fp32,24,10,47670549,250000000
nmc_t6plain_dst_s1,fp32,24,11,47670549,250000000
nmc_t6plain_dst_s1,fp32,24,12,47670549,250000000
nmc_t6plain_dst_s1,fp32,24,13,47670549,250000000
nmc_t6plain_dst_s1,fp32,24,14,47670549,250000000
nmc_t6plain_dst_s1,fp32,24,15,47670549,250000000
nmc_t6plain_dst_s1,fp32,25,0,47685860,250000000
nmc_t6plain_dst_s1,fp32,25,1,47685807,250000000
nmc_t6plain_dst_s1,fp32,25,2,47685807,250000000
nmc_t6plain_dst_s1,fp32,25,3,47685807,250000000
nmc_t6plain_dst_s1,fp32,25,4,47685807,250000000
nmc_t6plain_dst_s1,fp32,25,5,47685807,250000000
nmc_t6plain_dst_s1,fp32,25,6,47685807,250000000
nmc_t6plain_dst_s1,fp32,25,7,47685807,250000000
nmc_t6plain_dst_s1,fp32,25,8,47685807,250000000
nmc_t6plain_dst_s1,fp32,25,9,47685807,250000000
nmc_t6plain_dst_s1,fp32,25,10,47685807,250000000
nmc_t6plain_dst_s1,fp32,25,11,47685807,250000000
nmc_t6plain_dst_s1,fp32,25,12,47685807,250000000
nmc_t6plain_dst_s1,fp32,25,13,47685807,250000000
nmc_t6plain_dst_s1,fp32,25,14,47685807,250000000
nmc_t6plain_dst_s1,fp32,25,15,47685807,250000000
nmc_t6plain_dst_s1,fp32,26,0,47701241,250000000
nmc_t6plain_dst_s1,fp32,26,1,47701188,250000000
nmc_t6plain_dst_s1,fp32,26,2,47701188,250000000
nmc_t6plain_dst_s1,fp32,26,3,47701188,250000000
nmc_t6plain_dst_s1,fp32,26,4,47701188,250000000
nmc_t6plain_dst_s1,fp32,26,5,47701188,250000000
nmc_t6plain_dst_s1,fp32,26,6,47701188,250000000
nmc_t6plain_dst_s1,fp32,26,7,47701188,250000000
nmc_t6plain_dst_s1,fp32,26,8,47701188,250000000
nmc_t6plain_dst_s1,fp32,26,9,47701188,250000000
nmc_t6plain_dst_s1,fp32,26,10,47701188,250000000
nmc_t6plain_dst_s1,fp32,26,11,47701188,250000000
nmc_t6plain_dst_s1,fp32,26,12,47701188,250000000
nmc_t6plain_dst_s1,fp32,26,13,47701188,250000000
nmc_t6plain_dst_s1,fp32,26,14,47701188,250000000
nmc_t6plain_dst_s1,fp32,26,15,47701188,250000000
nmc_t6plain_dst_s1,fp32,27,0,47734697,250000000
nmc_t6plain_dst_s1,fp32,27,1,47734644,250000000
nmc_t6plain_dst_s1,fp32,27,2,47734644,250000000
nmc_t6plain_dst_s1,fp32,27,3,47734644,250000000
nmc_t6plain_dst_s1,fp32,27,4,47734644,250000000
nmc_t6plain_dst_s1,fp32,27,5,47734644,250000000
nmc_t6plain_dst_s1,fp32,27,6,47734644,250000000
nmc_t6plain_dst_s1,fp32,27,7,47734644,250000000
nmc_t6plain_dst_s1,fp32,27,8,47734644,250000000
nmc_t6plain_dst_s1,fp32,27,9,47734644,250000000
nmc_t6plain_dst_s1,fp32,27,10,47734644,250000000
nmc_t6plain_dst_s1,fp32,27,11,47734644,250000000
nmc_t6plain_dst_s1,fp32,27,12,47734644,250000000
nmc_t6plain_dst_s1,fp32,27,13,47734644,250000000
nmc_t6plain_dst_s1,fp32,27,14,47734644,250000000
nmc_t6plain_dst_s1,fp32,27,15,47734644,250000000
nmc_t6plain_dst_s1,fp32,28,0,47728451,250000000
nmc_t6plain_dst_s1,fp32,28,1,47728398,250000000
nmc_t6plain_dst_s1,fp32,28,2,47728398,250000000
nmc_t6plain_dst_s1,fp32,28,3,47728398,250000000
nmc_t6plain_dst_s1,fp32,28,4,47728398,250000000
nmc_t6plain_dst_s1,fp32,28,5,47728398,250000000
nmc_t6plain_dst_s1,fp32,28,6,47728398,250000000
nmc_t6plain_dst_s1,fp32,28,7,47728398,250000000
nmc_t6plain_dst_s1,fp32,28,8,47728398,250000000
nmc_t6plain_dst_s1,fp32,28,9,47728398,250000000
nmc_t6plain_dst_s1,fp32,28,10,47728398,250000000
nmc_t6plain_dst_s1,fp32,28,11,47728398,250000000
nmc_t6plain_dst_s1,fp32,28,12,47728398,250000000
nmc_t6plain_dst_s1,fp32,28,13,47728398,250000000
nmc_t6plain_dst_s1,fp32,28,14,47728398,250000000
nmc_t6plain_dst_s1,fp32,28,15,47728398,250000000
nmc_t6plain_dst_s1,fp32,29,0,47767738,250000000
nmc_t6plain_dst_s1,fp32,29,1,47767683,250000000
nmc_t6plain_dst_s1,fp32,29,2,47767683,250000000
nmc_t6plain_dst_s1,fp32,29,3,47767683,250000000
nmc_t6plain_dst_s1,fp32,29,4,47767683,250000000
nmc_t6plain_dst_s1,fp32,29,5,47767683,250000000
nmc_t6plain_dst_s1,fp32,29,6,47767683,250000000
nmc_t6plain_dst_s1,fp32,29,7,47767683,250000000
nmc_t6plain_dst_s1,fp32,29,8,47767683,250000000
nmc_t6plain_dst_s1,fp32,29,9,47767683,250000000
nmc_t6plain_dst_s1,fp32,29,10,47767683,250000000
nmc_t6plain_dst_s1,fp32,29,11,47767683,250000000
nmc_t6plain_dst_s1,fp32,29,12,47767683,250000000
nmc_t6plain_dst_s1,fp32,29,13,47767683,250000000
nmc_t6plain_dst_s1,fp32,29,14,47767683,250000000
nmc_t6plain_dst_s1,fp32,29,15,47767683,250000000
nmc_t6plain_dst_s1,fp32,30,0,47739067,250000000
nmc_t6plain_dst_s1,fp32,30,1,47739014,250000000
nmc_t6plain_dst_s1,fp32,30,2,47739014,250000000
nmc_t6plain_dst_s1,fp32,30,3,47739014,250000000
nmc_t6plain_dst_s1,fp32,30,4,47739014,250000000
nmc_t6plain_dst_s1,fp32,30,5,47739014,250000000
nmc_t6plain_dst_s1,fp32,30,6,47739014,250000000
nmc_t6plain_dst_s1,fp32,30,7,47739014,250000000
nmc_t6plain_dst_s1,fp32,30,8,47739014,250000000
nmc_t6plain_dst_s1,fp32,30,9,47739014,250000000
nmc_t6plain_dst_s1,fp32,30,10,47739014,250000000
nmc_t6plain_dst_s1,fp32,30,11,47739014,250000000
nmc_t6plain_dst_s1,fp32,30,12,47739014,250000000
nmc_t6plain_dst_s1,fp32,30,13,47739014,250000000
nmc_t6plain_dst_s1,fp32,30,14,47739014,250000000
nmc_t6plain_dst_s1,fp32,30,15,47739014,250000000
nmc_t6plain_dst_s1,fp32,31,0,47760882,250000000
nmc_t6plain_dst_s1,fp32,31,1,47760857,250000000
nmc_t6plain_dst_s1,fp32,31,2,47760857,250000000
nmc_t6plain_dst_s1,fp32,31,3,47760857,250000000
nmc_t6plain_dst_s1,fp32,31,4,47760857,250000000
nmc_t6plain_dst_s1,fp32,31,5,47760857,250000000
nmc_t6plain_dst_s1,fp32,31,6,47760857,250000000
nmc_t6plain_dst_s1,fp32,31,7,47760857,250000000
nmc_t6plain_dst_s1,fp32,31,8,47760857,250000000
nmc_t6plain_dst_s1,fp32,31,9,47760857,250000000
nmc_t6plain_dst_s1,fp32,31,10,47760857,250000000
nmc_t6plain_dst_s1,fp32,31,11,47760857,250000000
nmc_t6plain_dst_s1,fp32,31,12,47760857,250000000
nmc_t6plain_dst_s1,fp32,31,13,47760857,250000000
nmc_t6plain_dst_s1,fp32,31,14,47760857,250000000
nmc_t6plain_dst_s1,fp32,31,15,47760857,250000000
nmc_t6plain_dst_s1,fp32,32,0,47739930,250000000
nmc_t6plain_dst_s1,fp32,32,1,47739907,250000000
nmc_t6plain_dst_s1,fp32,32,2,47739907,250000000
nmc_t6plain_dst_s1,fp32,32,3,47739907,250000000
nmc_t6plain_dst_s1,fp32,32,4,47739907,250000000
nmc_t6plain_dst_s1,fp32,32,5,47739907,250000000
nmc_t6plain_dst_s1,fp32,32,6,47739907,250000000
nmc_t6plain_dst_s1,fp32,32,7,47739907,250000000
nmc_t6plain_dst_s1,fp32,32,8,47739907,250000000
nmc_t6plain_dst_s1,fp32,32,9,47739907,250000000
nmc_t6plain_dst_s1,fp32,32,10,47739907,250000000
nmc_t6plain_dst_s1,fp32,32,11,47739907,250000000
nmc_t6plain_dst_s1,fp32,32,12,47739907,250000000
nmc_t6plain_dst_s1,fp32,32,13,47739907,250000000
nmc_t6plain_dst_s1,fp32,32,14,47739907,250000000
nmc_t6plain_dst_s1,fp32,32,15,47739907,250000000
nmc_t6plain_dst_s1,fp32,33,0,47740134,250000000
nmc_t6plain_dst_s1,fp32,33,1,47740079,250000000
nmc_t6plain_dst_s1,fp32,33,2,47740079,250000000
nmc_t6plain_dst_s1,fp32,33,3,47740079,250000000
nmc_t6plain_dst_s1,fp32,33,4,47740079,250000000
nmc_t6plain_dst_s1,fp32,33,5,47740079,250000000
nmc_t6plain_dst_s1,fp32,33,6,47740079,250000000
nmc_t6plain_dst_s1,fp32,33,7,47740079,250000000
nmc_t6plain_dst_s1,fp32,33,8,47740079,250000000
nmc_t6plain_dst_s1,fp32,33,9,47740079,250000000
nmc_t6plain_dst_s1,fp32,33,10,47740079,250000000
nmc_t6plain_dst_s1,fp32,33,11,47740079,250000000
nmc_t6plain_dst_s1,fp32,33,12,47740079,250000000
nmc_t6plain_dst_s1,fp32,33,13,47740079,250000000
nmc_t6plain_dst_s1,fp32,33,14,47740079,250000000
nmc_t6plain_dst_s1,fp32,33,15,47740079,250000000
nmc_t6plain_dst_s1,fp32,34,0,47719539,250000000
nmc_t6plain_dst_s1,fp32,34,1,47719486,250000000
nmc_t6plain_dst_s1,fp32,34,2,47719486,250000000
nmc_t6plain_dst_s1,fp32,34,3,47719486,250000000
nmc_t6plain_dst_s1,fp32,34,4,47719486,250000000
nmc_t6plain_dst_s1,fp32,34,5,47719486,250000000
nmc_t6plain_dst_s1,fp32,34,6,47719486,250000000
nmc_t6plain_dst_s1,fp32,34,7,47719486,250000000
nmc_t6plain_dst_s1,fp32,34,8,47719486,250000000
nmc_t6plain_dst_s1,fp32,34,9,47719486,250000000
nmc_t6plain_dst_s1,fp32,34,10,47719486,250000000
nmc_t6plain_dst_s1,fp32,34,11,47719486,250000000
nmc_t6plain_dst_s1,fp32,34,12,47719486,250000000
nmc_t6plain_dst_s1,fp32,34,13,47719486,250000000
nmc_t6plain_dst_s1,fp32,34,14,47719486,250000000
nmc_t6plain_dst_s1,fp32,34,15,47719486,250000000
nmc_t6plain_dst_s1,fp32,35,0,47709166,250000000
nmc_t6plain_dst_s1,fp32,35,1,47709111,250000000
nmc_t6plain_dst_s1,fp32,35,2,47709111,250000000
nmc_t6plain_dst_s1,fp32,35,3,47709111,250000000
nmc_t6plain_dst_s1,fp32,35,4,47709111,250000000
nmc_t6plain_dst_s1,fp32,35,5,47709111,250000000
nmc_t6plain_dst_s1,fp32,35,6,47709111,250000000
nmc_t6plain_dst_s1,fp32,35,7,47709111,250000000
nmc_t6plain_dst_s1,fp32,35,8,47709111,250000000
nmc_t6plain_dst_s1,fp32,35,9,47709111,250000000
nmc_t6plain_dst_s1,fp32,35,10,47709111,250000000
nmc_t6plain_dst_s1,fp32,35,11,47709111,250000000
nmc_t6plain_dst_s1,fp32,35,12,47709111,250000000
nmc_t6plain_dst_s1,fp32,35,13,47709111,250000000
nmc_t6plain_dst_s1,fp32,35,14,47709111,250000000
nmc_t6plain_dst_s1,fp32,35,15,47709111,250000000
nmc_t6plain_dst_s1,fp32,36,0,47698739,250000000
nmc_t6plain_dst_s1,fp32,36,1,47698684,250000000
nmc_t6plain_dst_s1,fp32,36,2,47698684,250000000
nmc_t6plain_dst_s1,fp32,36,3,47698684,250000000
nmc_t6plain_dst_s1,fp32,36,4,47698684,250000000
nmc_t6plain_dst_s1,fp32,36,5,47698684,250000000
nmc_t6plain_dst_s1,fp32,36,6,47698684,250000000
nmc_t6plain_dst_s1,fp32,36,7,47698684,250000000
nmc_t6plain_dst_s1,fp32,36,8,47698684,250000000
nmc_t6plain_dst_s1,fp32,36,9,47698684,250000000
nmc_t6plain_dst_s1,fp32,36,10,47698684,250000000
nmc_t6plain_dst_s1,fp32,36,11,47698684,250000000
nmc_t6plain_dst_s1,fp32,36,12,47698684,250000000
nmc_t6plain_dst_s1,fp32,36,13,47698684,250000000
nmc_t6plain_dst_s1,fp32,36,14,47698684,250000000
nmc_t6plain_dst_s1,fp32,36,15,47698684,250000000
nmc_t6plain_dst_s1,fp32,37,0,47702326,250000000
nmc_t6plain_dst_s1,fp32,37,1,47702271,250000000
nmc_t6plain_dst_s1,fp32,37,2,47702271,250000000
nmc_t6plain_dst_s1,fp32,37,3,47702271,250000000
nmc_t6plain_dst_s1,fp32,37,4,47702271,250000000
nmc_t6plain_dst_s1,fp32,37,5,47702271,250000000
nmc_t6plain_dst_s1,fp32,37,6,47702271,250000000
nmc_t6plain_dst_s1,fp32,37,7,47702271,250000000
nmc_t6plain_dst_s1,fp32,37,8,47702271,250000000
nmc_t6plain_dst_s1,fp32,37,9,47702271,250000000
nmc_t6plain_dst_s1,fp32,37,10,47702271,250000000
nmc_t6plain_dst_s1,fp32,37,11,47702271,250000000
nmc_t6plain_dst_s1,fp32,37,12,47702271,250000000
nmc_t6plain_dst_s1,fp32,37,13,47702271,250000000
nmc_t6plain_dst_s1,fp32,37,14,47702271,250000000
nmc_t6plain_dst_s1,fp32,37,15,47702271,250000000
nmc_t6plain_dst_s1,fp32,38,0,47684271,250000000
nmc_t6plain_dst_s1,fp32,38,1,47684223,250000000
nmc_t6plain_dst_s1,fp32,38,2,47684223,250000000
nmc_t6plain_dst_s1,fp32,38,3,47684223,250000000
nmc_t6plain_dst_s1,fp32,38,4,47684223,250000000
nmc_t6plain_dst_s1,fp32,38,5,47684223,250000000
nmc_t6plain_dst_s1,fp32,38,6,47684223,250000000
nmc_t6plain_dst_s1,fp32,38,7,47684223,250000000
nmc_t6plain_dst_s1,fp32,38,8,47684223,250000000
nmc_t6plain_dst_s1,fp32,38,9,47684223,250000000
nmc_t6plain_dst_s1,fp32,38,10,47684223,250000000
nmc_t6plain_dst_s1,fp32,38,11,47684223,250000000
nmc_t6plain_dst_s1,fp32,38,12,47684223,250000000
nmc_t6plain_dst_s1,fp32,38,13,47684223,250000000
nmc_t6plain_dst_s1,fp32,38,14,47684223,250000000
nmc_t6plain_dst_s1,fp32,38,15,47684223,250000000
nmc_t6plain_dst_s1,fp32,39,0,47709197,250000000
nmc_t6plain_dst_s1,fp32,39,1,47709149,250000000
nmc_t6plain_dst_s1,fp32,39,2,47709149,250000000
nmc_t6plain_dst_s1,fp32,39,3,47709149,250000000
nmc_t6plain_dst_s1,fp32,39,4,47709149,250000000
nmc_t6plain_dst_s1,fp32,39,5,47709149,250000000
nmc_t6plain_dst_s1,fp32,39,6,47709149,250000000
nmc_t6plain_dst_s1,fp32,39,7,47709149,250000000
nmc_t6plain_dst_s1,fp32,39,8,47709149,250000000
nmc_t6plain_dst_s1,fp32,39,9,47709149,250000000
nmc_t6plain_dst_s1,fp32,39,10,47709149,250000000
nmc_t6plain_dst_s1,fp32,39,11,47709149,250000000
nmc_t6plain_dst_s1,fp32,39,12,47709149,250000000
nmc_t6plain_dst_s1,fp32,39,13,47709149,250000000
nmc_t6plain_dst_s1,fp32,39,14,47709149,250000000
nmc_t6plain_dst_s1,fp32,39,15,47709149,250000000
nmc_t6plain_dst_s1,fp32,40,0,47675123,250000000
nmc_t6plain_dst_s1,fp32,40,1,47675077,250000000
nmc_t6plain_dst_s1,fp32,40,2,47675077,250000000
nmc_t6plain_dst_s1,fp32,40,3,47675077,250000000
nmc_t6plain_dst_s1,fp32,40,4,47675077,250000000
nmc_t6plain_dst_s1,fp32,40,5,47675077,250000000
nmc_t6plain_dst_s1,fp32,40,6,47675077,250000000
nmc_t6plain_dst_s1,fp32,40,7,47675077,250000000
nmc_t6plain_dst_s1,fp32,40,8,47675077,250000000
nmc_t6plain_dst_s1,fp32,40,9,47675077,250000000
nmc_t6plain_dst_s1,fp32,40,10,47675077,250000000
nmc_t6plain_dst_s1,fp32,40,11,47675077,250000000
nmc_t6plain_dst_s1,fp32,40,12,47675077,250000000
nmc_t6plain_dst_s1,fp32,40,13,47675077,250000000
nmc_t6plain_dst_s1,fp32,40,14,47675077,250000000
nmc_t6plain_dst_s1,fp32,40,15,47675077,250000000
nmc_t6plain_dst_s1,fp32,41,0,47682517,250000000
nmc_t6plain_dst_s1,fp32,41,1,47682471,250000000
nmc_t6plain_dst_s1,fp32,41,2,47682471,250000000
nmc_t6plain_dst_s1,fp32,41,3,47682471,250000000
nmc_t6plain_dst_s1,fp32,41,4,47682471,250000000
nmc_t6plain_dst_s1,fp32,41,5,47682471,250000000
nmc_t6plain_dst_s1,fp32,41,6,47682471,250000000
nmc_t6plain_dst_s1,fp32,41,7,47682471,250000000
nmc_t6plain_dst_s1,fp32,41,8,47682471,250000000
nmc_t6plain_dst_s1,fp32,41,9,47682471,250000000
nmc_t6plain_dst_s1,fp32,41,10,47682471,250000000
nmc_t6plain_dst_s1,fp32,41,11,47682471,250000000
nmc_t6plain_dst_s1,fp32,41,12,47682471,250000000
nmc_t6plain_dst_s1,fp32,41,13,47682471,250000000
nmc_t6plain_dst_s1,fp32,41,14,47682471,250000000
nmc_t6plain_dst_s1,fp32,41,15,47682471,250000000
nmc_t6plain_dst_s1,fp32,42,0,47624165,250000000
nmc_t6plain_dst_s1,fp32,42,1,47624119,250000000
nmc_t6plain_dst_s1,fp32,42,2,47624119,250000000
nmc_t6plain_dst_s1,fp32,42,3,47624119,250000000
nmc_t6plain_dst_s1,fp32,42,4,47624119,250000000
nmc_t6plain_dst_s1,fp32,42,5,47624119,250000000
nmc_t6plain_dst_s1,fp32,42,6,47624119,250000000
nmc_t6plain_dst_s1,fp32,42,7,47624119,250000000
nmc_t6plain_dst_s1,fp32,42,8,47624119,250000000
nmc_t6plain_dst_s1,fp32,42,9,47624119,250000000
nmc_t6plain_dst_s1,fp32,42,10,47624119,250000000
nmc_t6plain_dst_s1,fp32,42,11,47624119,250000000
nmc_t6plain_dst_s1,fp32,42,12,47624119,250000000
nmc_t6plain_dst_s1,fp32,42,13,47624119,250000000
nmc_t6plain_dst_s1,fp32,42,14,47624119,250000000
nmc_t6plain_dst_s1,fp32,42,15,47624119,250000000
nmc_t6plain_dst_s1,fp32,43,0,47611928,250000000
nmc_t6plain_dst_s1,fp32,43,1,47611880,250000000
nmc_t6plain_dst_s1,fp32,43,2,47611880,250000000
nmc_t6plain_dst_s1,fp32,43,3,47611880,250000000
nmc_t6plain_dst_s1,fp32,43,4,47611880,250000000
nmc_t6plain_dst_s1,fp32,43,5,47611880,250000000
nmc_t6plain_dst_s1,fp32,43,6,47611880,250000000
nmc_t6plain_dst_s1,fp32,43,7,47611880,250000000
nmc_t6plain_dst_s1,fp32,43,8,47611880,250000000
nmc_t6plain_dst_s1,fp32,43,9,47611880,250000000
nmc_t6plain_dst_s1,fp32,43,10,47611880,250000000
nmc_t6plain_dst_s1,fp32,43,11,47611880,250000000
nmc_t6plain_dst_s1,fp32,43,12,47611880,250000000
nmc_t6plain_dst_s1,fp32,43,13,47611880,250000000
nmc_t6plain_dst_s1,fp32,43,14,47611880,250000000
nmc_t6plain_dst_s1,fp32,43,15,47611880,250000000
nmc_t6plain_dst_s1,fp32,44,0,47638030,250000000
nmc_t6plain_dst_s1,fp32,44,1,47637982,250000000
nmc_t6plain_dst_s1,fp32,44,2,47637982,250000000
nmc_t6plain_dst_s1,fp32,44,3,47637982,250000000
nmc_t6plain_dst_s1,fp32,44,4,47637982,250000000
nmc_t6plain_dst_s1,fp32,44,5,47637982,250000000
nmc_t6plain_dst_s1,fp32,44,6,47637982,250000000
nmc_t6plain_dst_s1,fp32,44,7,47637982,250000000
nmc_t6plain_dst_s1,fp32,44,8,47637982,250000000
nmc_t6plain_dst_s1,fp32,44,9,47637982,250000000
nmc_t6plain_dst_s1,fp32,44,10,47637982,250000000
nmc_t6plain_dst_s1,fp32,44,11,47637982,250000000
nmc_t6plain_dst_s1,fp32,44,12,47637982,250000000
nmc_t6plain_dst_s1,fp32,44,13,47637982,250000000
nmc_t6plain_dst_s1,fp32,44,14,47637982,250000000
nmc_t6plain_dst_s1,fp32,44,15,47637982,250000000
nmc_t6plain_dst_s1,fp32,45,0,47655194,250000000
nmc_t6plain_dst_s1,fp32,45,1,47655146,250000000
nmc_t6plain_dst_s1,fp32,45,2,47655146,250000000
nmc_t6plain_dst_s1,fp32,45,3,47655146,250000000
nmc_t6plain_dst_s1,fp32,45,4,47655146,250000000
nmc_t6plain_dst_s1,fp32,45,5,47655146,250000000
nmc_t6plain_dst_s1,fp32,45,6,47655146,250000000
nmc_t6plain_dst_s1,fp32,45,7,47655146,250000000
nmc_t6plain_dst_s1,fp32,45,8,47655146,250000000
nmc_t6plain_dst_s1,fp32,45,9,47655146,250000000
nmc_t6plain_dst_s1,fp32,45,10,47655146,250000000
nmc_t6plain_dst_s1,fp32,45,11,47655146,250000000
nmc_t6plain_dst_s1,fp32,45,12,47655146,250000000
nmc_t6plain_dst_s1,fp32,45,13,47655146,250000000
nmc_t6plain_dst_s1,fp32,45,14,47655146,250000000
nmc_t6plain_dst_s1,fp32,45,15,47655146,250000000
nmc_t6plain_dst_s1,fp32,46,0,47657699,250000000
nmc_t6plain_dst_s1,fp32,46,1,47657646,250000000
nmc_t6plain_dst_s1,fp32,46,2,47657646,250000000
nmc_t6plain_dst_s1,fp32,46,3,47657646,250000000
nmc_t6plain_dst_s1,fp32,46,4,47657646,250000000
nmc_t6plain_dst_s1,fp32,46,5,47657646,250000000
nmc_t6plain_dst_s1,fp32,46,6,47657646,250000000
nmc_t6plain_dst_s1,fp32,46,7,47657646,250000000
nmc_t6plain_dst_s1,fp32,46,8,47657646,250000000
nmc_t6plain_dst_s1,fp32,46,9,47657646,250000000
nmc_t6plain_dst_s1,fp32,46,10,47657646,250000000
nmc_t6plain_dst_s1,fp32,46,11,47657646,250000000
nmc_t6plain_dst_s1,fp32,46,12,47657646,250000000
nmc_t6plain_dst_s1,fp32,46,13,47657646,250000000
nmc_t6plain_dst_s1,fp32,46,14,47657646,250000000
nmc_t6plain_dst_s1,fp32,46,15,47657646,250000000
nmc_t6plain_dst_s1,fp32,47,0,47702810,250000000
nmc_t6plain_dst_s1,fp32,47,1,47702755,250000000
nmc_t6plain_dst_s1,fp32,47,2,47702755,250000000
nmc_t6plain_dst_s1,fp32,47,3,47702755,250000000
nmc_t6plain_dst_s1,fp32,47,4,47702755,250000000
nmc_t6plain_dst_s1,fp32,47,5,47702755,250000000
nmc_t6plain_dst_s1,fp32,47,6,47702755,250000000
nmc_t6plain_dst_s1,fp32,47,7,47702755,250000000
nmc_t6plain_dst_s1,fp32,47,8,47702755,250000000
nmc_t6plain_dst_s1,fp32,47,9,47702755,250000000
nmc_t6plain_dst_s1,fp32,47,10,47702755,250000000
nmc_t6plain_dst_s1,fp32,47,11,47702755,250000000
nmc_t6plain_dst_s1,fp32,47,12,47702755,250000000
nmc_t6plain_dst_s1,fp32,47,13,47702755,250000000
nmc_t6plain_dst_s1,fp32,47,14,47702755,250000000
nmc_t6plain_dst_s1,fp32,47,15,47702755,250000000
nmc_t6plain_dst_s1,fp32,48,0,47689749,250000000
nmc_t6plain_dst_s1,fp32,48,1,47689696,250000000
nmc_t6plain_dst_s1,fp32,48,2,47689696,250000000
nmc_t6plain_dst_s1,fp32,48,3,47689696,250000000
nmc_t6plain_dst_s1,fp32,48,4,47689696,250000000
nmc_t6plain_dst_s1,fp32,48,5,47689696,250000000
nmc_t6plain_dst_s1,fp32,48,6,47689696,250000000
nmc_t6plain_dst_s1,fp32,48,7,47689696,250000000
nmc_t6plain_dst_s1,fp32,48,8,47689696,250000000
nmc_t6plain_dst_s1,fp32,48,9,47689696,250000000
nmc_t6plain_dst_s1,fp32,48,10,47689696,250000000
nmc_t6plain_dst_s1,fp32,48,11,47689696,250000000
nmc_t6plain_dst_s1,fp32,48,12,47689696,250000000
nmc_t6plain_dst_s1,fp32,48,13,47689696,250000000
nmc_t6plain_dst_s1,fp32,48,14,47689696,250000000
nmc_t6plain_dst_s1,fp32,48,15,47689696,250000000
nmc_t6plain_dst_s1,fp32,49,0,47730188,250000000
nmc_t6plain_dst_s1,fp32,49,1,47730133,250000000
nmc_t6plain_dst_s1,fp32,49,2,47730133,250000000
nmc_t6plain_dst_s1,fp32,49,3,47730133,250000000
nmc_t6plain_dst_s1,fp32,49,4,47730133,250000000
nmc_t6plain_dst_s1,fp32,49,5,47730133,250000000
nmc_t6plain_dst_s1,fp32,49,6,47730133,250000000
nmc_t6plain_dst_s1,fp32,49,7,47730133,250000000
nmc_t6plain_dst_s1,fp32,49,8,47730133,250000000
nmc_t6plain_dst_s1,fp32,49,9,47730133,250000000
nmc_t6plain_dst_s1,fp32,49,10,47730133,250000000
nmc_t6plain_dst_s1,fp32,49,11,47730133,250000000
nmc_t6plain_dst_s1,fp32,49,12,47730133,250000000
nmc_t6plain_dst_s1,fp32,49,13,47730133,250000000
nmc_t6plain_dst_s1,fp32,49,14,47730133,250000000
nmc_t6plain_dst_s1,fp32,49,15,47730133,250000000
nmc_t6plain_dst_s1,fp32,50,0,47731127,250000000
nmc_t6plain_dst_s1,fp32,50,1,47731074,250000000
nmc_t6plain_dst_s1,fp32,50,2,47731074,250000000
nmc_t6plain_dst_s1,fp32,50,3,47731074,250000000
nmc_t6plain_dst_s1,fp32,50,4,47731074,250000000
nmc_t6plain_dst_s1,fp32,50,5,47731074,250000000
nmc_t6plain_dst_s1,fp32,50,6,47731074,250000000
nmc_t6plain_dst_s1,fp32,50,7,47731074,250000000
nmc_t6plain_dst_s1,fp32,50,8,47731074,250000000
nmc_t6plain_dst_s1,fp32,50,9,47731074,250000000
nmc_t6plain_dst_s1,fp32,50,10,47731074,250000000
nmc_t6plain_dst_s1,fp32,50,11,47731074,250000000
nmc_t6plain_dst_s1,fp32,50,12,47731074,250000000
nmc_t6plain_dst_s1,fp32,50,13,47731074,250000000
nmc_t6plain_dst_s1,fp32,50,14,47731074,250000000
nmc_t6plain_dst_s1,fp32,50,15,47731074,250000000
nmc_t6plain_dst_s1,fp32,51,0,47694606,250000000
nmc_t6plain_dst_s1,fp32,51,1,47694581,250000000
nmc_t6plain_dst_s1,fp32,51,2,47694581,250000000
nmc_t6plain_dst_s1,fp32,51,3,47694581,250000000
nmc_t6plain_dst_s1,fp32,51,4,47694581,250000000
nmc_t6plain_dst_s1,fp32,51,5,47694581,250000000
nmc_t6plain_dst_s1,fp32,51,6,47694581,250000000
nmc_t6plain_dst_s1,fp32,51,7,47694581,250000000
nmc_t6plain_dst_s1,fp32,51,8,47694581,250000000
nmc_t6plain_dst_s1,fp32,51,9,47694581,250000000
nmc_t6plain_dst_s1,fp32,51,10,47694581,250000000
nmc_t6plain_dst_s1,fp32,51,11,47694581,250000000
nmc_t6plain_dst_s1,fp32,51,12,47694581,250000000
nmc_t6plain_dst_s1,fp32,51,13,47694581,250000000
nmc_t6plain_dst_s1,fp32,51,14,47694581,250000000
nmc_t6plain_dst_s1,fp32,51,15,47694581,250000000
nmc_t6plain_dst_s1,fp32,52,0,47687814,250000000
nmc_t6plain_dst_s1,fp32,52,1,47687789,250000000
nmc_t6plain_dst_s1,fp32,52,2,47687789,250000000
nmc_t6plain_dst_s1,fp32,52,3,47687789,250000000
nmc_t6plain_dst_s1,fp32,52,4,47687789,250000000
nmc_t6plain_dst_s1,fp32,52,5,47687789,250000000
nmc_t6plain_dst_s1,fp32,52,6,47687789,250000000
nmc_t6plain_dst_s1,fp32,52,7,47687789,250000000
nmc_t6plain_dst_s1,fp32,52,8,47687789,250000000
nmc_t6plain_dst_s1,fp32,52,9,47687789,250000000
nmc_t6plain_dst_s1,fp32,52,10,47687789,250000000
nmc_t6plain_dst_s1,fp32,52,11,47687789,250000000
nmc_t6plain_dst_s1,fp32,52,12,47687789,250000000
nmc_t6plain_dst_s1,fp32,52,13,47687789,250000000
nmc_t6plain_dst_s1,fp32,52,14,47687789,250000000
nmc_t6plain_dst_s1,fp32,52,15,47687789,250000000
nmc_t6plain_dst_s1,fp32,53,0,47675549,250000000
nmc_t6plain_dst_s1,fp32,53,1,47675494,250000000
nmc_t6plain_dst_s1,fp32,53,2,47675494,250000000
nmc_t6plain_dst_s1,fp32,53,3,47675494,250000000
nmc_t6plain_dst_s1,fp32,53,4,47675494,250000000
nmc_t6plain_dst_s1,fp32,53,5,47675494,250000000
nmc_t6plain_dst_s1,fp32,53,6,47675494,250000000
nmc_t6plain_dst_s1,fp32,53,7,47675494,250000000
nmc_t6plain_dst_s1,fp32,53,8,47675494,250000000
nmc_t6plain_dst_s1,fp32,53,9,47675494,250000000
nmc_t6plain_dst_s1,fp32,53,10,47675494,250000000
nmc_t6plain_dst_s1,fp32,53,11,47675494,250000000
nmc_t6plain_dst_s1,fp32,53,12,47675494,250000000
nmc_t6plain_dst_s1,fp32,53,13,47675494,250000000
nmc_t6plain_dst_s1,fp32,53,14,47675494,250000000
nmc_t6plain_dst_s1,fp32,53,15,47675494,250000000
nmc_t6plain_dst_s1,fp32,54,0,47662920,250000000
nmc_t6plain_dst_s1,fp32,54,1,47662865,250000000
nmc_t6plain_dst_s1,fp32,54,2,47662865,250000000
nmc_t6plain_dst_s1,fp32,54,3,47662865,250000000
nmc_t6plain_dst_s1,fp32,54,4,47662865,250000000
nmc_t6plain_dst_s1,fp32,54,5,47662865,250000000
nmc_t6plain_dst_s1,fp32,54,6,47662865,250000000
nmc_t6plain_dst_s1,fp32,54,7,47662865,250000000
nmc_t6plain_dst_s1,fp32,54,8,47662865,250000000
nmc_t6plain_dst_s1,fp32,54,9,47662865,250000000
nmc_t6plain_dst_s1,fp32,54,10,47662865,250000000
nmc_t6plain_dst_s1,fp32,54,11,47662865,250000000
nmc_t6plain_dst_s1,fp32,54,12,47662865,250000000
nmc_t6plain_dst_s1,fp32,54,13,47662865,250000000
nmc_t6plain_dst_s1,fp32,54,14,47662865,250000000
nmc_t6plain_dst_s1,fp32,54,15,47662865,250000000
nmc_t6plain_dst_s1,fp32,55,0,47648771,250000000
nmc_t6plain_dst_s1,fp32,55,1,47648716,250000000
nmc_t6plain_dst_s1,fp32,55,2,47648716,250000000
nmc_t6plain_dst_s1,fp32,55,3,47648716,250000000
nmc_t6plain_dst_s1,fp32,55,4,47648716,250000000
nmc_t6plain_dst_s1,fp32,55,5,47648716,250000000
nmc_t6plain_dst_s1,fp32,55,6,47648716,250000000
nmc_t6plain_dst_s1,fp32,55,7,47648716,250000000
nmc_t6plain_dst_s1,fp32,55,8,47648716,250000000
nmc_t6plain_dst_s1,fp32,55,9,47648716,250000000
nmc_t6plain_dst_s1,fp32,55,10,47648716,250000000
nmc_t6plain_dst_s1,fp32,55,11,47648716,250000000
nmc_t6plain_dst_s1,fp32,55,12,47648716,250000000
nmc_t6plain_dst_s1,fp32,55,13,47648716,250000000
nmc_t6plain_dst_s1,fp32,55,14,47648716,250000000
nmc_t6plain_dst_s1,fp32,55,15,47648716,250000000
nmc_t6plain_dst_s1,fp32,56,0,47639498,250000000
nmc_t6plain_dst_s1,fp32,56,1,47639443,250000000
nmc_t6plain_dst_s1,fp32,56,2,47639443,250000000
nmc_t6plain_dst_s1,fp32,56,3,47639443,250000000
nmc_t6plain_dst_s1,fp32,56,4,47639443,250000000
nmc_t6plain_dst_s1,fp32,56,5,47639443,250000000
nmc_t6plain_dst_s1,fp32,56,6,47639443,250000000
nmc_t6plain_dst_s1,fp32,56,7,47639443,250000000
nmc_t6plain_dst_s1,fp32,56,8,47639443,250000000
nmc_t6plain_dst_s1,fp32,56,9,47639443,250000000
nmc_t6plain_dst_s1,fp32,56,10,47639443,250000000
nmc_t6plain_dst_s1,fp32,56,11,47639443,250000000
nmc_t6plain_dst_s1,fp32,56,12,47639443,250000000
nmc_t6plain_dst_s1,fp32,56,13,47639443,250000000
nmc_t6plain_dst_s1,fp32,56,14,47639443,250000000
nmc_t6plain_dst_s1,fp32,56,15,47639443,250000000
nmc_t6plain_dst_s1,fp32,57,0,47655815,250000000
nmc_t6plain_dst_s1,fp32,57,1,47655760,250000000
nmc_t6plain_dst_s1,fp32,57,2,47655760,250000000
nmc_t6plain_dst_s1,fp32,57,3,47655760,250000000
nmc_t6plain_dst_s1,fp32,57,4,47655760,250000000
nmc_t6plain_dst_s1,fp32,57,5,47655760,250000000
nmc_t6plain_dst_s1,fp32,57,6,47655760,250000000
nmc_t6plain_dst_s1,fp32,57,7,47655760,250000000
nmc_t6plain_dst_s1,fp32,57,8,47655760,250000000
nmc_t6plain_dst_s1,fp32,57,9,47655760,250000000
nmc_t6plain_dst_s1,fp32,57,10,47655760,250000000
nmc_t6plain_dst_s1,fp32,57,11,47655760,250000000
nmc_t6plain_dst_s1,fp32,57,12,47655760,250000000
nmc_t6plain_dst_s1,fp32,57,13,47655760,250000000
nmc_t6plain_dst_s1,fp32,57,14,47655760,250000000
nmc_t6plain_dst_s1,fp32,57,15,47655760,250000000
nmc_t6plain_dst_s1,fp32,58,0,47649696,250000000
nmc_t6plain_dst_s1,fp32,58,1,47649648,250000000
nmc_t6plain_dst_s1,fp32,58,2,47649648,250000000
nmc_t6plain_dst_s1,fp32,58,3,47649648,250000000
nmc_t6plain_dst_s1,fp32,58,4,47649648,250000000
nmc_t6plain_dst_s1,fp32,58,5,47649648,250000000
nmc_t6plain_dst_s1,fp32,58,6,47649648,250000000
nmc_t6plain_dst_s1,fp32,58,7,47649648,250000000
nmc_t6plain_dst_s1,fp32,58,8,47649648,250000000
nmc_t6plain_dst_s1,fp32,58,9,47649648,250000000
nmc_t6plain_dst_s1,fp32,58,10,47649648,250000000
nmc_t6plain_dst_s1,fp32,58,11,47649648,250000000
nmc_t6plain_dst_s1,fp32,58,12,47649648,250000000
nmc_t6plain_dst_s1,fp32,58,13,47649648,250000000
nmc_t6plain_dst_s1,fp32,58,14,47649648,250000000
nmc_t6plain_dst_s1,fp32,58,15,47649648,250000000
nmc_t6plain_dst_s1,fp32,59,0,47662026,250000000
nmc_t6plain_dst_s1,fp32,59,1,47661978,250000000
nmc_t6plain_dst_s1,fp32,59,2,47661978,250000000
nmc_t6plain_dst_s1,fp32,59,3,47661978,250000000
nmc_t6plain_dst_s1,fp32,59,4,47661978,250000000
nmc_t6plain_dst_s1,fp32,59,5,47661978,250000000
nmc_t6plain_dst_s1,fp32,59,6,47661978,250000000
nmc_t6plain_dst_s1,fp32,59,7,47661978,250000000
nmc_t6plain_dst_s1,fp32,59,8,47661978,250000000
nmc_t6plain_dst_s1,fp32,59,9,47661978,250000000
nmc_t6plain_dst_s1,fp32,59,10,47661978,250000000
nmc_t6plain_dst_s1,fp32,59,11,47661978,250000000
nmc_t6plain_dst_s1,fp32,59,12,47661978,250000000
nmc_t6plain_dst_s1,fp32,59,13,47661978,250000000
nmc_t6plain_dst_s1,fp32,59,14,47661978,250000000
nmc_t6plain_dst_s1,fp32,59,15,47661978,250000000
nmc_t6plain_dst_s1,fp32,60,0,47652378,250000000
nmc_t6plain_dst_s1,fp32,60,1,47652332,250000000
nmc_t6plain_dst_s1,fp32,60,2,47652332,250000000
nmc_t6plain_dst_s1,fp32,60,3,47652332,250000000
nmc_t6plain_dst_s1,fp32,60,4,47652332,250000000
nmc_t6plain_dst_s1,fp32,60,5,47652332,250000000
nmc_t6plain_dst_s1,fp32,60,6,47652332,250000000
nmc_t6plain_dst_s1,fp32,60,7,47652332,250000000
nmc_t6plain_dst_s1,fp32,60,8,47652332,250000000
nmc_t6plain_dst_s1,fp32,60,9,47652332,250000000
nmc_t6plain_dst_s1,fp32,60,10,47652332,250000000
nmc_t6plain_dst_s1,fp32,60,11,47652332,250000000
nmc_t6plain_dst_s1,fp32,60,12,47652332,250000000
nmc_t6plain_dst_s1,fp32,60,13,47652332,250000000
nmc_t6plain_dst_s1,fp32,60,14,47652332,250000000
nmc_t6plain_dst_s1,fp32,60,15,47652332,250000000
nmc_t6plain_dst_s1,fp32,61,0,47640868,250000000
nmc_t6plain_dst_s1,fp32,61,1,47640822,250000000
nmc_t6plain_dst_s1,fp32,61,2,47640822,250000000
nmc_t6plain_dst_s1,fp32,61,3,47640822,250000000
nmc_t6plain_dst_s1,fp32,61,4,47640822,250000000
nmc_t6plain_dst_s1,fp32,61,5,47640822,250000000
nmc_t6plain_dst_s1,fp32,61,6,47640822,250000000
nmc_t6plain_dst_s1,fp32,61,7,47640822,250000000
nmc_t6plain_dst_s1,fp32,61,8,47640822,250000000
nmc_t6plain_dst_s1,fp32,61,9,47640822,250000000
nmc_t6plain_dst_s1,fp32,61,10,47640822,250000000
nmc_t6plain_dst_s1,fp32,61,11,47640822,250000000
nmc_t6plain_dst_s1,fp32,61,12,47640822,250000000
nmc_t6plain_dst_s1,fp32,61,13,47640822,250000000
nmc_t6plain_dst_s1,fp32,61,14,47640822,250000000
nmc_t6plain_dst_s1,fp32,61,15,47640822,250000000
nmc_t6plain_dst_s1,fp32,62,0,47628198,250000000
nmc_t6plain_dst_s1,fp32,62,1,47628152,250000000
nmc_t6plain_dst_s1,fp32,62,2,47628152,250000000
nmc_t6plain_dst_s1,fp32,62,3,47628152,250000000
nmc_t6plain_dst_s1,fp32,62,4,47628152,250000000
nmc_t6plain_dst_s1,fp32,62,5,47628152,250000000
nmc_t6plain_dst_s1,fp32,62,6,47628152,250000000
nmc_t6plain_dst_s1,fp32,62,7,47628152,250000000
nmc_t6plain_dst_s1,fp32,62,8,47628152,250000000
nmc_t6plain_dst_s1,fp32,62,9,47628152,250000000
nmc_t6plain_dst_s1,fp32,62,10,47628152,250000000
nmc_t6plain_dst_s1,fp32,62,11,47628152,250000000
nmc_t6plain_dst_s1,fp32,62,12,47628152,250000000
nmc_t6plain_dst_s1,fp32,62,13,47628152,250000000
nmc_t6plain_dst_s1,fp32,62,14,47628152,250000000
nmc_t6plain_dst_s1,fp32,62,15,47628152,250000000
nmc_t6plain_dst_s1,fp32,63,0,47523290,250000000
nmc_t6plain_dst_s1,fp32,63,1,47523244,250000000
nmc_t6plain_dst_s1,fp32,63,2,47523244,250000000
nmc_t6plain_dst_s1,fp32,63,3,47523244,250000000
nmc_t6plain_dst_s1,fp32,63,4,47523244,250000000
nmc_t6plain_dst_s1,fp32,63,5,47523244,250000000
nmc_t6plain_dst_s1,fp32,63,6,47523244,250000000
nmc_t6plain_dst_s1,fp32,63,7,47523244,250000000
nmc_t6plain_dst_s1,fp32,63,8,47523244,250000000
nmc_t6plain_dst_s1,fp32,63,9,47523244,250000000
nmc_t6plain_dst_s1,fp32,63,10,47523244,250000000
nmc_t6plain_dst_s1,fp32,63,11,47523244,250000000
nmc_t6plain_dst_s1,fp32,63,12,47523244,250000000
nmc_t6plain_dst_s1,fp32,63,13,47523244,250000000
nmc_t6plain_dst_s1,fp32,63,14,47523244,250000000
nmc_t6plain_dst_s1,fp32,63,15,47523244,250000000
nmc_t6plain_dst_s2,fp32,0,0,47628521,250000000
nmc_t6plain_dst_s2,fp32,0,1,47628521,250000000
nmc_t6plain_dst_s2,fp32,0,2,47628521,250000000
nmc_t6plain_dst_s2,fp32,0,3,47628521,250000000
nmc_t6plain_dst_s2,fp32,0,4,47628521,250000000
nmc_t6plain_dst_s2,fp32,0,5,47628521,250000000
nmc_t6plain_dst_s2,fp32,0,6,47628521,250000000
nmc_t6plain_dst_s2,fp32,0,7,47628521,250000000
nmc_t6plain_dst_s2,fp32,0,8,47628521,250000000
nmc_t6plain_dst_s2,fp32,0,9,47628521,250000000
nmc_t6plain_dst_s2,fp32,0,10,47628521,250000000
nmc_t6plain_dst_s2,fp32,0,11,47628521,250000000
nmc_t6plain_dst_s2,fp32,0,12,47628521,250000000
nmc_t6plain_dst_s2,fp32,0,13,47628521,250000000
nmc_t6plain_dst_s2,fp32,0,14,47628521,250000000
nmc_t6plain_dst_s2,fp32,0,15,47628521,250000000
nmc_t6plain_dst_s2,fp32,1,0,47653218,250000000
nmc_t6plain_dst_s2,fp32,1,1,47653172,250000000
nmc_t6plain_dst_s2,fp32,1,2,47653172,250000000
nmc_t6plain_dst_s2,fp32,1,3,47653172,250000000
nmc_t6plain_dst_s2,fp32,1,4,47653172,250000000
nmc_t6plain_dst_s2,fp32,1,5,47653172,250000000
nmc_t6plain_dst_s2,fp32,1,6,47653172,250000000
nmc_t6plain_dst_s2,fp32,1,7,47653172,250000000
nmc_t6plain_dst_s2,fp32,1,8,47653172,250000000
nmc_t6plain_dst_s2,fp32,1,9,47653172,250000000
nmc_t6plain_dst_s2,fp32,1,10,47653172,250000000
nmc_t6plain_dst_s2,fp32,1,11,47653172,250000000
nmc_t6plain_dst_s2,fp32,1,12,47653172,250000000
nmc_t6plain_dst_s2,fp32,1,13,47653172,250000000
nmc_t6plain_dst_s2,fp32,1,14,47653172,250000000
nmc_t6plain_dst_s2,fp32,1,15,47653172,250000000
nmc_t6plain_dst_s2,fp32,2,0,47661975,250000000
nmc_t6plain_dst_s2,fp32,2,1,47661929,250000000
nmc_t6plain_dst_s2,fp32,2,2,47661929,250000000
nmc_t6plain_dst_s2,fp32,2,3,47661929,250000000
nmc_t6plain_dst_s2,fp32,2,4,47661929,250000000
nmc_t6plain_dst_s2,fp32,2,5,47661929,250000000
nmc_t6plain_dst_s2,fp32,2,6,47661929,250000000
nmc_t6plain_dst_s2,fp32,2,7,47661929,250000000
nmc_t6plain_dst_s2,fp32,2,8,47661929,250000000
nmc_t6plain_dst_s2,fp32,2,9,47661929,250000000
nmc_t6plain_dst_s2,fp32,2,10,47661929,250000000
nmc_t6plain_dst_s2,fp32,2,11,47661929,250000000
nmc_t6plain_dst_s2,fp32,2,12,47661929,250000000
nmc_t6plain_dst_s2,fp32,2,13,47661929,250000000
nmc_t6plain_dst_s2,fp32,2,14,47661929,250000000
nmc_t6plain_dst_s2,fp32,2,15,47661929,250000000
nmc_t6plain_dst_s2,fp32,3,0,47652718,250000000
nmc_t6plain_dst_s2,fp32,3,1,47652665,250000000
nmc_t6plain_dst_s2,fp32,3,2,47652665,250000000
nmc_t6plain_dst_s2,fp32,3,3,47652665,250000000
nmc_t6plain_dst_s2,fp32,3,4,47652665,250000000
nmc_t6plain_dst_s2,fp32,3,5,47652665,250000000
nmc_t6plain_dst_s2,fp32,3,6,47652665,250000000
nmc_t6plain_dst_s2,fp32,3,7,47652665,250000000
nmc_t6plain_dst_s2,fp32,3,8,47652665,250000000
nmc_t6plain_dst_s2,fp32,3,9,47652665,250000000
nmc_t6plain_dst_s2,fp32,3,10,47652665,250000000
nmc_t6plain_dst_s2,fp32,3,11,47652665,250000000
nmc_t6plain_dst_s2,fp32,3,12,47652665,250000000
nmc_t6plain_dst_s2,fp32,3,13,47652665,250000000
nmc_t6plain_dst_s2,fp32,3,14,47652665,250000000
nmc_t6plain_dst_s2,fp32,3,15,47652665,250000000
nmc_t6plain_dst_s2,fp32,4,0,47685751,250000000
nmc_t6plain_dst_s2,fp32,4,1,47685698,250000000
nmc_t6plain_dst_s2,fp32,4,2,47685698,250000000
nmc_t6plain_dst_s2,fp32,4,3,47685698,250000000
nmc_t6plain_dst_s2,fp32,4,4,47685698,250000000
nmc_t6plain_dst_s2,fp32,4,5,47685698,250000000
nmc_t6plain_dst_s2,fp32,4,6,47685698,250000000
nmc_t6plain_dst_s2,fp32,4,7,47685698,250000000
nmc_t6plain_dst_s2,fp32,4,8,47685698,250000000
nmc_t6plain_dst_s2,fp32,4,9,47685698,250000000
nmc_t6plain_dst_s2,fp32,4,10,47685698,250000000
nmc_t6plain_dst_s2,fp32,4,11,47685698,250000000
nmc_t6plain_dst_s2,fp32,4,12,47685698,250000000
nmc_t6plain_dst_s2,fp32,4,13,47685698,250000000
nmc_t6plain_dst_s2,fp32,4,14,47685698,250000000
nmc_t6plain_dst_s2,fp32,4,15,47685698,250000000
nmc_t6plain_dst_s2,fp32,5,0,47707034,250000000
nmc_t6plain_dst_s2,fp32,5,1,47706981,250000000
nmc_t6plain_dst_s2,fp32,5,2,47706981,250000000
nmc_t6plain_dst_s2,fp32,5,3,47706981,250000000
nmc_t6plain_dst_s2,fp32,5,4,47706981,250000000
nmc_t6plain_dst_s2,fp32,5,5,47706981,250000000
nmc_t6plain_dst_s2,fp32,5,6,47706981,250000000
nmc_t6plain_dst_s2,fp32,5,7,47706981,250000000
nmc_t6plain_dst_s2,fp32,5,8,47706981,250000000
nmc_t6plain_dst_s2,fp32,5,9,47706981,250000000
nmc_t6plain_dst_s2,fp32,5,10,47706981,250000000
nmc_t6plain_dst_s2,fp32,5,11,47706981,250000000
nmc_t6plain_dst_s2,fp32,5,12,47706981,250000000
nmc_t6plain_dst_s2,fp32,5,13,47706981,250000000
nmc_t6plain_dst_s2,fp32,5,14,47706981,250000000
nmc_t6plain_dst_s2,fp32,5,15,47706981,250000000
nmc_t6plain_dst_s2,fp32,6,0,47697563,250000000
nmc_t6plain_dst_s2,fp32,6,1,47697510,250000000
nmc_t6plain_dst_s2,fp32,6,2,47697510,250000000
nmc_t6plain_dst_s2,fp32,6,3,47697510,250000000
nmc_t6plain_dst_s2,fp32,6,4,47697510,250000000
nmc_t6plain_dst_s2,fp32,6,5,47697510,250000000
nmc_t6plain_dst_s2,fp32,6,6,47697510,250000000
nmc_t6plain_dst_s2,fp32,6,7,47697510,250000000
nmc_t6plain_dst_s2,fp32,6,8,47697510,250000000
nmc_t6plain_dst_s2,fp32,6,9,47697510,250000000
nmc_t6plain_dst_s2,fp32,6,10,47697510,250000000
nmc_t6plain_dst_s2,fp32,6,11,47697510,250000000
nmc_t6plain_dst_s2,fp32,6,12,47697510,250000000
nmc_t6plain_dst_s2,fp32,6,13,47697510,250000000
nmc_t6plain_dst_s2,fp32,6,14,47697510,250000000
nmc_t6plain_dst_s2,fp32,6,15,47697510,250000000
nmc_t6plain_dst_s2,fp32,7,0,47695654,250000000
nmc_t6plain_dst_s2,fp32,7,1,47695601,250000000
nmc_t6plain_dst_s2,fp32,7,2,47695601,250000000
nmc_t6plain_dst_s2,fp32,7,3,47695601,250000000
nmc_t6plain_dst_s2,fp32,7,4,47695601,250000000
nmc_t6plain_dst_s2,fp32,7,5,47695601,250000000
nmc_t6plain_dst_s2,fp32,7,6,47695601,250000000
nmc_t6plain_dst_s2,fp32,7,7,47695601,250000000
nmc_t6plain_dst_s2,fp32,7,8,47695601,250000000
nmc_t6plain_dst_s2,fp32,7,9,47695601,250000000
nmc_t6plain_dst_s2,fp32,7,10,47695601,250000000
nmc_t6plain_dst_s2,fp32,7,11,47695601,250000000
nmc_t6plain_dst_s2,fp32,7,12,47695601,250000000
nmc_t6plain_dst_s2,fp32,7,13,47695601,250000000
nmc_t6plain_dst_s2,fp32,7,14,47695601,250000000
nmc_t6plain_dst_s2,fp32,7,15,47695601,250000000
nmc_t6plain_dst_s2,fp32,8,0,47716073,250000000
nmc_t6plain_dst_s2,fp32,8,1,47716020,250000000
nmc_t6plain_dst_s2,fp32,8,2,47716020,250000000
nmc_t6plain_dst_s2,fp32,8,3,47716020,250000000
nmc_t6plain_dst_s2,fp32,8,4,47716020,250000000
nmc_t6plain_dst_s2,fp32,8,5,47716020,250000000
nmc_t6plain_dst_s2,fp32,8,6,47716020,250000000
nmc_t6plain_dst_s2,fp32,8,7,47716020,250000000
nmc_t6plain_dst_s2,fp32,8,8,47716020,250000000
nmc_t6plain_dst_s2,fp32,8,9,47716020,250000000
nmc_t6plain_dst_s2,fp32,8,10,47716020,250000000
nmc_t6plain_dst_s2,fp32,8,11,47716020,250000000
nmc_t6plain_dst_s2,fp32,8,12,47716020,250000000
nmc_t6plain_dst_s2,fp32,8,13,47716020,250000000
nmc_t6plain_dst_s2,fp32,8,14,47716020,250000000
nmc_t6plain_dst_s2,fp32,8,15,47716020,250000000
nmc_t6plain_dst_s2,fp32,9,0,47719767,250000000
nmc_t6plain_dst_s2,fp32,9,1,47719744,250000000
nmc_t6plain_dst_s2,fp32,9,2,47719744,250000000
nmc_t6plain_dst_s2,fp32,9,3,47719744,250000000
nmc_t6plain_dst_s2,fp32,9,4,47719744,250000000
nmc_t6plain_dst_s2,fp32,9,5,47719744,250000000
nmc_t6plain_dst_s2,fp32,9,6,47719744,250000000
nmc_t6plain_dst_s2,fp32,9,7,47719744,250000000
nmc_t6plain_dst_s2,fp32,9,8,47719744,250000000
nmc_t6plain_dst_s2,fp32,9,9,47719744,250000000
nmc_t6plain_dst_s2,fp32,9,10,47719744,250000000
nmc_t6plain_dst_s2,fp32,9,11,47719744,250000000
nmc_t6plain_dst_s2,fp32,9,12,47719744,250000000
nmc_t6plain_dst_s2,fp32,9,13,47719744,250000000
nmc_t6plain_dst_s2,fp32,9,14,47719744,250000000
nmc_t6plain_dst_s2,fp32,9,15,47719744,250000000
nmc_t6plain_dst_s2,fp32,10,0,47679615,250000000
nmc_t6plain_dst_s2,fp32,10,1,47679592,250000000
nmc_t6plain_dst_s2,fp32,10,2,47679592,250000000
nmc_t6plain_dst_s2,fp32,10,3,47679592,250000000
nmc_t6plain_dst_s2,fp32,10,4,47679592,250000000
nmc_t6plain_dst_s2,fp32,10,5,47679592,250000000
nmc_t6plain_dst_s2,fp32,10,6,47679592,250000000
nmc_t6plain_dst_s2,fp32,10,7,47679592,250000000
nmc_t6plain_dst_s2,fp32,10,8,47679592,250000000
nmc_t6plain_dst_s2,fp32,10,9,47679592,250000000
nmc_t6plain_dst_s2,fp32,10,10,47679592,250000000
nmc_t6plain_dst_s2,fp32,10,11,47679592,250000000
nmc_t6plain_dst_s2,fp32,10,12,47679592,250000000
nmc_t6plain_dst_s2,fp32,10,13,47679592,250000000
nmc_t6plain_dst_s2,fp32,10,14,47679592,250000000
nmc_t6plain_dst_s2,fp32,10,15,47679592,250000000
nmc_t6plain_dst_s2,fp32,11,0,47709124,250000000
nmc_t6plain_dst_s2,fp32,11,1,47709071,250000000
nmc_t6plain_dst_s2,fp32,11,2,47709071,250000000
nmc_t6plain_dst_s2,fp32,11,3,47709071,250000000
nmc_t6plain_dst_s2,fp32,11,4,47709071,250000000
nmc_t6plain_dst_s2,fp32,11,5,47709071,250000000
nmc_t6plain_dst_s2,fp32,11,6,47709071,250000000
nmc_t6plain_dst_s2,fp32,11,7,47709071,250000000
nmc_t6plain_dst_s2,fp32,11,8,47709071,250000000
nmc_t6plain_dst_s2,fp32,11,9,47709071,250000000
nmc_t6plain_dst_s2,fp32,11,10,47709071,250000000
nmc_t6plain_dst_s2,fp32,11,11,47709071,250000000
nmc_t6plain_dst_s2,fp32,11,12,47709071,250000000
nmc_t6plain_dst_s2,fp32,11,13,47709071,250000000
nmc_t6plain_dst_s2,fp32,11,14,47709071,250000000
nmc_t6plain_dst_s2,fp32,11,15,47709071,250000000
nmc_t6plain_dst_s2,fp32,12,0,47693252,250000000
nmc_t6plain_dst_s2,fp32,12,1,47693197,250000000
nmc_t6plain_dst_s2,fp32,12,2,47693197,250000000
nmc_t6plain_dst_s2,fp32,12,3,47693197,250000000
nmc_t6plain_dst_s2,fp32,12,4,47693197,250000000
nmc_t6plain_dst_s2,fp32,12,5,47693197,250000000
nmc_t6plain_dst_s2,fp32,12,6,47693197,250000000
nmc_t6plain_dst_s2,fp32,12,7,47693197,250000000
nmc_t6plain_dst_s2,fp32,12,8,47693197,250000000
nmc_t6plain_dst_s2,fp32,12,9,47693197,250000000
nmc_t6plain_dst_s2,fp32,12,10,47693197,250000000
nmc_t6plain_dst_s2,fp32,12,11,47693197,250000000
nmc_t6plain_dst_s2,fp32,12,12,47693197,250000000
nmc_t6plain_dst_s2,fp32,12,13,47693197,250000000
nmc_t6plain_dst_s2,fp32,12,14,47693197,250000000
nmc_t6plain_dst_s2,fp32,12,15,47693197,250000000
nmc_t6plain_dst_s2,fp32,13,0,47683147,250000000
nmc_t6plain_dst_s2,fp32,13,1,47683092,250000000
nmc_t6plain_dst_s2,fp32,13,2,47683092,250000000
nmc_t6plain_dst_s2,fp32,13,3,47683092,250000000
nmc_t6plain_dst_s2,fp32,13,4,47683092,250000000
nmc_t6plain_dst_s2,fp32,13,5,47683092,250000000
nmc_t6plain_dst_s2,fp32,13,6,47683092,250000000
nmc_t6plain_dst_s2,fp32,13,7,47683092,250000000
nmc_t6plain_dst_s2,fp32,13,8,47683092,250000000
nmc_t6plain_dst_s2,fp32,13,9,47683092,250000000
nmc_t6plain_dst_s2,fp32,13,10,47683092,250000000
nmc_t6plain_dst_s2,fp32,13,11,47683092,250000000
nmc_t6plain_dst_s2,fp32,13,12,47683092,250000000
nmc_t6plain_dst_s2,fp32,13,13,47683092,250000000
nmc_t6plain_dst_s2,fp32,13,14,47683092,250000000
nmc_t6plain_dst_s2,fp32,13,15,47683092,250000000
nmc_t6plain_dst_s2,fp32,14,0,47647990,250000000
nmc_t6plain_dst_s2,fp32,14,1,47647937,250000000
nmc_t6plain_dst_s2,fp32,14,2,47647937,250000000
nmc_t6plain_dst_s2,fp32,14,3,47647937,250000000
nmc_t6plain_dst_s2,fp32,14,4,47647937,250000000
nmc_t6plain_dst_s2,fp32,14,5,47647937,250000000
nmc_t6plain_dst_s2,fp32,14,6,47647937,250000000
nmc_t6plain_dst_s2,fp32,14,7,47647937,250000000
nmc_t6plain_dst_s2,fp32,14,8,47647937,250000000
nmc_t6plain_dst_s2,fp32,14,9,47647937,250000000
nmc_t6plain_dst_s2,fp32,14,10,47647937,250000000
nmc_t6plain_dst_s2,fp32,14,11,47647937,250000000
nmc_t6plain_dst_s2,fp32,14,12,47647937,250000000
nmc_t6plain_dst_s2,fp32,14,13,47647937,250000000
nmc_t6plain_dst_s2,fp32,14,14,47647937,250000000
nmc_t6plain_dst_s2,fp32,14,15,47647937,250000000
nmc_t6plain_dst_s2,fp32,15,0,47675931,250000000
nmc_t6plain_dst_s2,fp32,15,1,47675876,250000000
nmc_t6plain_dst_s2,fp32,15,2,47675876,250000000
nmc_t6plain_dst_s2,fp32,15,3,47675876,250000000
nmc_t6plain_dst_s2,fp32,15,4,47675876,250000000
nmc_t6plain_dst_s2,fp32,15,5,47675876,250000000
nmc_t6plain_dst_s2,fp32,15,6,47675876,250000000
nmc_t6plain_dst_s2,fp32,15,7,47675876,250000000
nmc_t6plain_dst_s2,fp32,15,8,47675876,250000000
nmc_t6plain_dst_s2,fp32,15,9,47675876,250000000
nmc_t6plain_dst_s2,fp32,15,10,47675876,250000000
nmc_t6plain_dst_s2,fp32,15,11,47675876,250000000
nmc_t6plain_dst_s2,fp32,15,12,47675876,250000000
nmc_t6plain_dst_s2,fp32,15,13,47675876,250000000
nmc_t6plain_dst_s2,fp32,15,14,47675876,250000000
nmc_t6plain_dst_s2,fp32,15,15,47675876,250000000
nmc_t6plain_dst_s2,fp32,16,0,47672403,250000000
nmc_t6plain_dst_s2,fp32,16,1,47672348,250000000
nmc_t6plain_dst_s2,fp32,16,2,47672348,250000000
nmc_t6plain_dst_s2,fp32,16,3,47672348,250000000
nmc_t6plain_dst_s2,fp32,16,4,47672348,250000000
nmc_t6plain_dst_s2,fp32,16,5,47672348,250000000
nmc_t6plain_dst_s2,fp32,16,6,47672348,250000000
nmc_t6plain_dst_s2,fp32,16,7,47672348,250000000
nmc_t6plain_dst_s2,fp32,16,8,47672348,250000000
nmc_t6plain_dst_s2,fp32,16,9,47672348,250000000
nmc_t6plain_dst_s2,fp32,16,10,47672348,250000000
nmc_t6plain_dst_s2,fp32,16,11,47672348,250000000
nmc_t6plain_dst_s2,fp32,16,12,47672348,250000000
nmc_t6plain_dst_s2,fp32,16,13,47672348,250000000
nmc_t6plain_dst_s2,fp32,16,14,47672348,250000000
nmc_t6plain_dst_s2,fp32,16,15,47672348,250000000
nmc_t6plain_dst_s2,fp32,17,0,47675288,250000000
nmc_t6plain_dst_s2,fp32,17,1,47675240,250000000
nmc_t6plain_dst_s2,fp32,17,2,47675240,250000000
nmc_t6plain_dst_s2,fp32,17,3,47675240,250000000
nmc_t6plain_dst_s2,fp32,17,4,47675240,250000000
nmc_t6plain_dst_s2,fp32,17,5,47675240,250000000
nmc_t6plain_dst_s2,fp32,17,6,47675240,250000000
nmc_t6plain_dst_s2,fp32,17,7,47675240,250000000
nmc_t6plain_dst_s2,fp32,17,8,47675240,250000000
nmc_t6plain_dst_s2,fp32,17,9,47675240,250000000
nmc_t6plain_dst_s2,fp32,17,10,47675240,250000000
nmc_t6plain_dst_s2,fp32,17,11,47675240,250000000
nmc_t6plain_dst_s2,fp32,17,12,47675240,250000000
nmc_t6plain_dst_s2,fp32,17,13,47675240,250000000
nmc_t6plain_dst_s2,fp32,17,14,47675240,250000000
nmc_t6plain_dst_s2,fp32,17,15,47675240,250000000
nmc_t6plain_dst_s2,fp32,18,0,47596611,250000000
nmc_t6plain_dst_s2,fp32,18,1,47596563,250000000
nmc_t6plain_dst_s2,fp32,18,2,47596563,250000000
nmc_t6plain_dst_s2,fp32,18,3,47596563,250000000
nmc_t6plain_dst_s2,fp32,18,4,47596563,250000000
nmc_t6plain_dst_s2,fp32,18,5,47596563,250000000
nmc_t6plain_dst_s2,fp32,18,6,47596563,250000000
nmc_t6plain_dst_s2,fp32,18,7,47596563,250000000
nmc_t6plain_dst_s2,fp32,18,8,47596563,250000000
nmc_t6plain_dst_s2,fp32,18,9,47596563,250000000
nmc_t6plain_dst_s2,fp32,18,10,47596563,250000000
nmc_t6plain_dst_s2,fp32,18,11,47596563,250000000
nmc_t6plain_dst_s2,fp32,18,12,47596563,250000000
nmc_t6plain_dst_s2,fp32,18,13,47596563,250000000
nmc_t6plain_dst_s2,fp32,18,14,47596563,250000000
nmc_t6plain_dst_s2,fp32,18,15,47596563,250000000
nmc_t6plain_dst_s2,fp32,19,0,47643712,250000000
nmc_t6plain_dst_s2,fp32,19,1,47643664,250000000
nmc_t6plain_dst_s2,fp32,19,2,47643664,250000000
nmc_t6plain_dst_s2,fp32,19,3,47643664,250000000
nmc_t6plain_dst_s2,fp32,19,4,47643664,250000000
nmc_t6plain_dst_s2,fp32,19,5,47643664,250000000
nmc_t6plain_dst_s2,fp32,19,6,47643664,250000000
nmc_t6plain_dst_s2,fp32,19,7,47643664,250000000
nmc_t6plain_dst_s2,fp32,19,8,47643664,250000000
nmc_t6plain_dst_s2,fp32,19,9,47643664,250000000
nmc_t6plain_dst_s2,fp32,19,10,47643664,250000000
nmc_t6plain_dst_s2,fp32,19,11,47643664,250000000
nmc_t6plain_dst_s2,fp32,19,12,47643664,250000000
nmc_t6plain_dst_s2,fp32,19,13,47643664,250000000
nmc_t6plain_dst_s2,fp32,19,14,47643664,250000000
nmc_t6plain_dst_s2,fp32,19,15,47643664,250000000
nmc_t6plain_dst_s2,fp32,20,0,47640159,250000000
nmc_t6plain_dst_s2,fp32,20,1,47640111,250000000
nmc_t6plain_dst_s2,fp32,20,2,47640111,250000000
nmc_t6plain_dst_s2,fp32,20,3,47640111,250000000
nmc_t6plain_dst_s2,fp32,20,4,47640111,250000000
nmc_t6plain_dst_s2,fp32,20,5,47640111,250000000
nmc_t6plain_dst_s2,fp32,20,6,47640111,250000000
nmc_t6plain_dst_s2,fp32,20,7,47640111,250000000
nmc_t6plain_dst_s2,fp32,20,8,47640111,250000000
nmc_t6plain_dst_s2,fp32,20,9,47640111,250000000
nmc_t6plain_dst_s2,fp32,20,10,47640111,250000000
nmc_t6plain_dst_s2,fp32,20,11,47640111,250000000
nmc_t6plain_dst_s2,fp32,20,12,47640111,250000000
nmc_t6plain_dst_s2,fp32,20,13,47640111,250000000
nmc_t6plain_dst_s2,fp32,20,14,47640111,250000000
nmc_t6plain_dst_s2,fp32,20,15,47640111,250000000
nmc_t6plain_dst_s2,fp32,21,0,47632369,250000000
nmc_t6plain_dst_s2,fp32,21,1,47632321,250000000
nmc_t6plain_dst_s2,fp32,21,2,47632321,250000000
nmc_t6plain_dst_s2,fp32,21,3,47632321,250000000
nmc_t6plain_dst_s2,fp32,21,4,47632321,250000000
nmc_t6plain_dst_s2,fp32,21,5,47632321,250000000
nmc_t6plain_dst_s2,fp32,21,6,47632321,250000000
nmc_t6plain_dst_s2,fp32,21,7,47632321,250000000
nmc_t6plain_dst_s2,fp32,21,8,47632321,250000000
nmc_t6plain_dst_s2,fp32,21,9,47632321,250000000
nmc_t6plain_dst_s2,fp32,21,10,47632321,250000000
nmc_t6plain_dst_s2,fp32,21,11,47632321,250000000
nmc_t6plain_dst_s2,fp32,21,12,47632321,250000000
nmc_t6plain_dst_s2,fp32,21,13,47632321,250000000
nmc_t6plain_dst_s2,fp32,21,14,47632321,250000000
nmc_t6plain_dst_s2,fp32,21,15,47632321,250000000
nmc_t6plain_dst_s2,fp32,22,0,47631799,250000000
nmc_t6plain_dst_s2,fp32,22,1,47631753,250000000
nmc_t6plain_dst_s2,fp32,22,2,47631753,250000000
nmc_t6plain_dst_s2,fp32,22,3,47631753,250000000
nmc_t6plain_dst_s2,fp32,22,4,47631753,250000000
nmc_t6plain_dst_s2,fp32,22,5,47631753,250000000
nmc_t6plain_dst_s2,fp32,22,6,47631753,250000000
nmc_t6plain_dst_s2,fp32,22,7,47631753,250000000
nmc_t6plain_dst_s2,fp32,22,8,47631753,250000000
nmc_t6plain_dst_s2,fp32,22,9,47631753,250000000
nmc_t6plain_dst_s2,fp32,22,10,47631753,250000000
nmc_t6plain_dst_s2,fp32,22,11,47631753,250000000
nmc_t6plain_dst_s2,fp32,22,12,47631753,250000000
nmc_t6plain_dst_s2,fp32,22,13,47631753,250000000
nmc_t6plain_dst_s2,fp32,22,14,47631753,250000000
nmc_t6plain_dst_s2,fp32,22,15,47631753,250000000
nmc_t6plain_dst_s2,fp32,23,0,47660474,250000000
nmc_t6plain_dst_s2,fp32,23,1,47660428,250000000
nmc_t6plain_dst_s2,fp32,23,2,47660428,250000000
nmc_t6plain_dst_s2,fp32,23,3,47660428,250000000
nmc_t6plain_dst_s2,fp32,23,4,47660428,250000000
nmc_t6plain_dst_s2,fp32,23,5,47660428,250000000
nmc_t6plain_dst_s2,fp32,23,6,47660428,250000000
nmc_t6plain_dst_s2,fp32,23,7,47660428,250000000
nmc_t6plain_dst_s2,fp32,23,8,47660428,250000000
nmc_t6plain_dst_s2,fp32,23,9,47660428,250000000
nmc_t6plain_dst_s2,fp32,23,10,47660428,250000000
nmc_t6plain_dst_s2,fp32,23,11,47660428,250000000
nmc_t6plain_dst_s2,fp32,23,12,47660428,250000000
nmc_t6plain_dst_s2,fp32,23,13,47660428,250000000
nmc_t6plain_dst_s2,fp32,23,14,47660428,250000000
nmc_t6plain_dst_s2,fp32,23,15,47660428,250000000
nmc_t6plain_dst_s2,fp32,24,0,47679882,250000000
nmc_t6plain_dst_s2,fp32,24,1,47679836,250000000
nmc_t6plain_dst_s2,fp32,24,2,47679836,250000000
nmc_t6plain_dst_s2,fp32,24,3,47679836,250000000
nmc_t6plain_dst_s2,fp32,24,4,47679836,250000000
nmc_t6plain_dst_s2,fp32,24,5,47679836,250000000
nmc_t6plain_dst_s2,fp32,24,6,47679836,250000000
nmc_t6plain_dst_s2,fp32,24,7,47679836,250000000
nmc_t6plain_dst_s2,fp32,24,8,47679836,250000000
nmc_t6plain_dst_s2,fp32,24,9,47679836,250000000
nmc_t6plain_dst_s2,fp32,24,10,47679836,250000000
nmc_t6plain_dst_s2,fp32,24,11,47679836,250000000
nmc_t6plain_dst_s2,fp32,24,12,47679836,250000000
nmc_t6plain_dst_s2,fp32,24,13,47679836,250000000
nmc_t6plain_dst_s2,fp32,24,14,47679836,250000000
nmc_t6plain_dst_s2,fp32,24,15,47679836,250000000
nmc_t6plain_dst_s2,fp32,25,0,47701695,250000000
nmc_t6plain_dst_s2,fp32,25,1,47701642,250000000
nmc_t6plain_dst_s2,fp32,25,2,47701642,250000000
nmc_t6plain_dst_s2,fp32,25,3,47701642,250000000
nmc_t6plain_dst_s2,fp32,25,4,47701642,250000000
nmc_t6plain_dst_s2,fp32,25,5,47701642,250000000
nmc_t6plain_dst_s2,fp32,25,6,47701642,250000000
nmc_t6plain_dst_s2,fp32,25,7,47701642,250000000
nmc_t6plain_dst_s2,fp32,25,8,47701642,250000000
nmc_t6plain_dst_s2,fp32,25,9,47701642,250000000
nmc_t6plain_dst_s2,fp32,25,10,47701642,250000000
nmc_t6plain_dst_s2,fp32,25,11,47701642,250000000
nmc_t6plain_dst_s2,fp32,25,12,47701642,250000000
nmc_t6plain_dst_s2,fp32,25,13,47701642,250000000
nmc_t6plain_dst_s2,fp32,25,14,47701642,250000000
nmc_t6plain_dst_s2,fp32,25,15,47701642,250000000
nmc_t6plain_dst_s2,fp32,26,0,47708139,250000000
nmc_t6plain_dst_s2,fp32,26,1,47708086,250000000
nmc_t6plain_dst_s2,fp32,26,2,47708086,250000000
nmc_t6plain_dst_s2,fp32,26,3,47708086,250000000
nmc_t6plain_dst_s2,fp32,26,4,47708086,250000000
nmc_t6plain_dst_s2,fp32,26,5,47708086,250000000
nmc_t6plain_dst_s2,fp32,26,6,47708086,250000000
nmc_t6plain_dst_s2,fp32,26,7,47708086,250000000
nmc_t6plain_dst_s2,fp32,26,8,47708086,250000000
nmc_t6plain_dst_s2,fp32,26,9,47708086,250000000
nmc_t6plain_dst_s2,fp32,26,10,47708086,250000000
nmc_t6plain_dst_s2,fp32,26,11,47708086,250000000
nmc_t6plain_dst_s2,fp32,26,12,47708086,250000000
nmc_t6plain_dst_s2,fp32,26,13,47708086,250000000
nmc_t6plain_dst_s2,fp32,26,14,47708086,250000000
nmc_t6plain_dst_s2,fp32,26,15,47708086,250000000
nmc_t6plain_dst_s2,fp32,27,0,47727791,250000000
nmc_t6plain_dst_s2,fp32,27,1,47727736,250000000
nmc_t6plain_dst_s2,fp32,27,2,47727736,250000000
nmc_t6plain_dst_s2,fp32,27,3,47727736,250000000
nmc_t6plain_dst_s2,fp32,27,4,47727736,250000000
nmc_t6plain_dst_s2,fp32,27,5,47727736,250000000
nmc_t6plain_dst_s2,fp32,27,6,47727736,250000000
nmc_t6plain_dst_s2,fp32,27,7,47727736,250000000
nmc_t6plain_dst_s2,fp32,27,8,47727736,250000000
nmc_t6plain_dst_s2,fp32,27,9,47727736,250000000
nmc_t6plain_dst_s2,fp32,27,10,47727736,250000000
nmc_t6plain_dst_s2,fp32,27,11,47727736,250000000
nmc_t6plain_dst_s2,fp32,27,12,47727736,250000000
nmc_t6plain_dst_s2,fp32,27,13,47727736,250000000
nmc_t6plain_dst_s2,fp32,27,14,47727736,250000000
nmc_t6plain_dst_s2,fp32,27,15,47727736,250000000
nmc_t6plain_dst_s2,fp32,28,0,47720208,250000000
nmc_t6plain_dst_s2,fp32,28,1,47720153,250000000
nmc_t6plain_dst_s2,fp32,28,2,47720153,250000000
nmc_t6plain_dst_s2,fp32,28,3,47720153,250000000
nmc_t6plain_dst_s2,fp32,28,4,47720153,250000000
nmc_t6plain_dst_s2,fp32,28,5,47720153,250000000
nmc_t6plain_dst_s2,fp32,28,6,47720153,250000000
nmc_t6plain_dst_s2,fp32,28,7,47720153,250000000
nmc_t6plain_dst_s2,fp32,28,8,47720153,250000000
nmc_t6plain_dst_s2,fp32,28,9,47720153,250000000
nmc_t6plain_dst_s2,fp32,28,10,47720153,250000000
nmc_t6plain_dst_s2,fp32,28,11,47720153,250000000
nmc_t6plain_dst_s2,fp32,28,12,47720153,250000000
nmc_t6plain_dst_s2,fp32,28,13,47720153,250000000
nmc_t6plain_dst_s2,fp32,28,14,47720153,250000000
nmc_t6plain_dst_s2,fp32,28,15,47720153,250000000
nmc_t6plain_dst_s2,fp32,29,0,47745671,250000000
nmc_t6plain_dst_s2,fp32,29,1,47745616,250000000
nmc_t6plain_dst_s2,fp32,29,2,47745616,250000000
nmc_t6plain_dst_s2,fp32,29,3,47745616,250000000
nmc_t6plain_dst_s2,fp32,29,4,47745616,250000000
nmc_t6plain_dst_s2,fp32,29,5,47745616,250000000
nmc_t6plain_dst_s2,fp32,29,6,47745616,250000000
nmc_t6plain_dst_s2,fp32,29,7,47745616,250000000
nmc_t6plain_dst_s2,fp32,29,8,47745616,250000000
nmc_t6plain_dst_s2,fp32,29,9,47745616,250000000
nmc_t6plain_dst_s2,fp32,29,10,47745616,250000000
nmc_t6plain_dst_s2,fp32,29,11,47745616,250000000
nmc_t6plain_dst_s2,fp32,29,12,47745616,250000000
nmc_t6plain_dst_s2,fp32,29,13,47745616,250000000
nmc_t6plain_dst_s2,fp32,29,14,47745616,250000000
nmc_t6plain_dst_s2,fp32,29,15,47745616,250000000
nmc_t6plain_dst_s2,fp32,30,0,47738775,250000000
nmc_t6plain_dst_s2,fp32,30,1,47738750,250000000
nmc_t6plain_dst_s2,fp32,30,2,47738750,250000000
nmc_t6plain_dst_s2,fp32,30,3,47738750,250000000
nmc_t6plain_dst_s2,fp32,30,4,47738750,250000000
nmc_t6plain_dst_s2,fp32,30,5,47738750,250000000
nmc_t6plain_dst_s2,fp32,30,6,47738750,250000000
nmc_t6plain_dst_s2,fp32,30,7,47738750,250000000
nmc_t6plain_dst_s2,fp32,30,8,47738750,250000000
nmc_t6plain_dst_s2,fp32,30,9,47738750,250000000
nmc_t6plain_dst_s2,fp32,30,10,47738750,250000000
nmc_t6plain_dst_s2,fp32,30,11,47738750,250000000
nmc_t6plain_dst_s2,fp32,30,12,47738750,250000000
nmc_t6plain_dst_s2,fp32,30,13,47738750,250000000
nmc_t6plain_dst_s2,fp32,30,14,47738750,250000000
nmc_t6plain_dst_s2,fp32,30,15,47738750,250000000
nmc_t6plain_dst_s2,fp32,31,0,47736741,250000000
nmc_t6plain_dst_s2,fp32,31,1,47736716,250000000
nmc_t6plain_dst_s2,fp32,31,2,47736716,250000000
nmc_t6plain_dst_s2,fp32,31,3,47736716,250000000
nmc_t6plain_dst_s2,fp32,31,4,47736716,250000000
nmc_t6plain_dst_s2,fp32,31,5,47736716,250000000
nmc_t6plain_dst_s2,fp32,31,6,47736716,250000000
nmc_t6plain_dst_s2,fp32,31,7,47736716,250000000
nmc_t6plain_dst_s2,fp32,31,8,47736716,250000000
nmc_t6plain_dst_s2,fp32,31,9,47736716,250000000
nmc_t6plain_dst_s2,fp32,31,10,47736716,250000000
nmc_t6plain_dst_s2,fp32,31,11,47736716,250000000
nmc_t6plain_dst_s2,fp32,31,12,47736716,250000000
nmc_t6plain_dst_s2,fp32,31,13,47736716,250000000
nmc_t6plain_dst_s2,fp32,31,14,47736716,250000000
nmc_t6plain_dst_s2,fp32,31,15,47736716,250000000
nmc_t6plain_dst_s2,fp32,32,0,47724564,250000000
nmc_t6plain_dst_s2,fp32,32,1,47724539,250000000
nmc_t6plain_dst_s2,fp32,32,2,47724539,250000000
nmc_t6plain_dst_s2,fp32,32,3,47724539,250000000
nmc_t6plain_dst_s2,fp32,32,4,47724539,250000000
nmc_t6plain_dst_s2,fp32,32,5,47724539,250000000
nmc_t6plain_dst_s2,fp32,32,6,47724539,250000000
nmc_t6plain_dst_s2,fp32,32,7,47724539,250000000
nmc_t6plain_dst_s2,fp32,32,8,47724539,250000000
nmc_t6plain_dst_s2,fp32,32,9,47724539,250000000
nmc_t6plain_dst_s2,fp32,32,10,47724539,250000000
nmc_t6plain_dst_s2,fp32,32,11,47724539,250000000
nmc_t6plain_dst_s2,fp32,32,12,47724539,250000000
nmc_t6plain_dst_s2,fp32,32,13,47724539,250000000
nmc_t6plain_dst_s2,fp32,32,14,47724539,250000000
nmc_t6plain_dst_s2,fp32,32,15,47724539,250000000
nmc_t6plain_dst_s2,fp32,33,0,47705175,250000000
nmc_t6plain_dst_s2,fp32,33,1,47705120,250000000
nmc_t6plain_dst_s2,fp32,33,2,47705120,250000000
nmc_t6plain_dst_s2,fp32,33,3,47705120,250000000
nmc_t6plain_dst_s2,fp32,33,4,47705120,250000000
nmc_t6plain_dst_s2,fp32,33,5,47705120,250000000
nmc_t6plain_dst_s2,fp32,33,6,47705120,250000000
nmc_t6plain_dst_s2,fp32,33,7,47705120,250000000
nmc_t6plain_dst_s2,fp32,33,8,47705120,250000000
nmc_t6plain_dst_s2,fp32,33,9,47705120,250000000
nmc_t6plain_dst_s2,fp32,33,10,47705120,250000000
nmc_t6plain_dst_s2,fp32,33,11,47705120,250000000
nmc_t6plain_dst_s2,fp32,33,12,47705120,250000000
nmc_t6plain_dst_s2,fp32,33,13,47705120,250000000
nmc_t6plain_dst_s2,fp32,33,14,47705120,250000000
nmc_t6plain_dst_s2,fp32,33,15,47705120,250000000
nmc_t6plain_dst_s2,fp32,34,0,47702689,250000000
nmc_t6plain_dst_s2,fp32,34,1,47702634,250000000
nmc_t6plain_dst_s2,fp32,34,2,47702634,250000000
nmc_t6plain_dst_s2,fp32,34,3,47702634,250000000
nmc_t6plain_dst_s2,fp32,34,4,47702634,250000000
nmc_t6plain_dst_s2,fp32,34,5,47702634,250000000
nmc_t6plain_dst_s2,fp32,34,6,47702634,250000000
nmc_t6plain_dst_s2,fp32,34,7,47702634,250000000
nmc_t6plain_dst_s2,fp32,34,8,47702634,250000000
nmc_t6plain_dst_s2,fp32,34,9,47702634,250000000
nmc_t6plain_dst_s2,fp32,34,10,47702634,250000000
nmc_t6plain_dst_s2,fp32,34,11,47702634,250000000
nmc_t6plain_dst_s2,fp32,34,12,47702634,250000000
nmc_t6plain_dst_s2,fp32,34,13,47702634,250000000
nmc_t6plain_dst_s2,fp32,34,14,47702634,250000000
nmc_t6plain_dst_s2,fp32,34,15,47702634,250000000
nmc_t6plain_dst_s2,fp32,35,0,47683284,250000000
nmc_t6plain_dst_s2,fp32,35,1,47683229,250000000
nmc_t6plain_dst_s2,fp32,35,2,47683229,250000000
nmc_t6plain_dst_s2,fp32,35,3,47683229,250000000
nmc_t6plain_dst_s2,fp32,35,4,47683229,250000000
nmc_t6plain_dst_s2,fp32,35,5,47683229,250000000
nmc_t6plain_dst_s2,fp32,35,6,47683229,250000000
nmc_t6plain_dst_s2,fp32,35,7,47683229,250000000
nmc_t6plain_dst_s2,fp32,35,8,47683229,250000000
nmc_t6plain_dst_s2,fp32,35,9,47683229,250000000
nmc_t6plain_dst_s2,fp32,35,10,47683229,250000000
nmc_t6plain_dst_s2,fp32,35,11,47683229,250000000
nmc_t6plain_dst_s2,fp32,35,12,47683229,250000000
nmc_t6plain_dst_s2,fp32,35,13,47683229,250000000
nmc_t6plain_dst_s2,fp32,35,14,47683229,250000000
nmc_t6plain_dst_s2,fp32,35,15,47683229,250000000
nmc_t6plain_dst_s2,fp32,36,0,47672884,250000000
nmc_t6plain_dst_s2,fp32,36,1,47672829,250000000
nmc_t6plain_dst_s2,fp32,36,2,47672829,250000000
nmc_t6plain_dst_s2,fp32,36,3,47672829,250000000
nmc_t6plain_dst_s2,fp32,36,4,47672829,250000000
nmc_t6plain_dst_s2,fp32,36,5,47672829,250000000
nmc_t6plain_dst_s2,fp32,36,6,47672829,250000000
nmc_t6plain_dst_s2,fp32,36,7,47672829,250000000
nmc_t6plain_dst_s2,fp32,36,8,47672829,250000000
nmc_t6plain_dst_s2,fp32,36,9,47672829,250000000
nmc_t6plain_dst_s2,fp32,36,10,47672829,250000000
nmc_t6plain_dst_s2,fp32,36,11,47672829,250000000
nmc_t6plain_dst_s2,fp32,36,12,47672829,250000000
nmc_t6plain_dst_s2,fp32,36,13,47672829,250000000
nmc_t6plain_dst_s2,fp32,36,14,47672829,250000000
nmc_t6plain_dst_s2,fp32,36,15,47672829,250000000
nmc_t6plain_dst_s2,fp32,37,0,47679154,250000000
nmc_t6plain_dst_s2,fp32,37,1,47679099,250000000
nmc_t6plain_dst_s2,fp32,37,2,47679099,250000000
nmc_t6plain_dst_s2,fp32,37,3,47679099,250000000
nmc_t6plain_dst_s2,fp32,37,4,47679099,250000000
nmc_t6plain_dst_s2,fp32,37,5,47679099,250000000
nmc_t6plain_dst_s2,fp32,37,6,47679099,250000000
nmc_t6plain_dst_s2,fp32,37,7,47679099,250000000
nmc_t6plain_dst_s2,fp32,37,8,47679099,250000000
nmc_t6plain_dst_s2,fp32,37,9,47679099,250000000
nmc_t6plain_dst_s2,fp32,37,10,47679099,250000000
nmc_t6plain_dst_s2,fp32,37,11,47679099,250000000
nmc_t6plain_dst_s2,fp32,37,12,47679099,250000000
nmc_t6plain_dst_s2,fp32,37,13,47679099,250000000
nmc_t6plain_dst_s2,fp32,37,14,47679099,250000000
nmc_t6plain_dst_s2,fp32,37,15,47679099,250000000
nmc_t6plain_dst_s2,fp32,38,0,47652372,250000000
nmc_t6plain_dst_s2,fp32,38,1,47652324,250000000
nmc_t6plain_dst_s2,fp32,38,2,47652324,250000000
nmc_t6plain_dst_s2,fp32,38,3,47652324,250000000
nmc_t6plain_dst_s2,fp32,38,4,47652324,250000000
nmc_t6plain_dst_s2,fp32,38,5,47652324,250000000
nmc_t6plain_dst_s2,fp32,38,6,47652324,250000000
nmc_t6plain_dst_s2,fp32,38,7,47652324,250000000
nmc_t6plain_dst_s2,fp32,38,8,47652324,250000000
nmc_t6plain_dst_s2,fp32,38,9,47652324,250000000
nmc_t6plain_dst_s2,fp32,38,10,47652324,250000000
nmc_t6plain_dst_s2,fp32,38,11,47652324,250000000
nmc_t6plain_dst_s2,fp32,38,12,47652324,250000000
nmc_t6plain_dst_s2,fp32,38,13,47652324,250000000
nmc_t6plain_dst_s2,fp32,38,14,47652324,250000000
nmc_t6plain_dst_s2,fp32,38,15,47652324,250000000
nmc_t6plain_dst_s2,fp32,39,0,47685844,250000000
nmc_t6plain_dst_s2,fp32,39,1,47685796,250000000
nmc_t6plain_dst_s2,fp32,39,2,47685796,250000000
nmc_t6plain_dst_s2,fp32,39,3,47685796,250000000
nmc_t6plain_dst_s2,fp32,39,4,47685796,250000000
nmc_t6plain_dst_s2,fp32,39,5,47685796,250000000
nmc_t6plain_dst_s2,fp32,39,6,47685796,250000000
nmc_t6plain_dst_s2,fp32,39,7,47685796,250000000
nmc_t6plain_dst_s2,fp32,39,8,47685796,250000000
nmc_t6plain_dst_s2,fp32,39,9,47685796,250000000
nmc_t6plain_dst_s2,fp32,39,10,47685796,250000000
nmc_t6plain_dst_s2,fp32,39,11,47685796,250000000
nmc_t6plain_dst_s2,fp32,39,12,47685796,250000000
nmc_t6plain_dst_s2,fp32,39,13,47685796,250000000
nmc_t6plain_dst_s2,fp32,39,14,47685796,250000000
nmc_t6plain_dst_s2,fp32,39,15,47685796,250000000
nmc_t6plain_dst_s2,fp32,40,0,47638156,250000000
nmc_t6plain_dst_s2,fp32,40,1,47638108,250000000
nmc_t6plain_dst_s2,fp32,40,2,47638108,250000000
nmc_t6plain_dst_s2,fp32,40,3,47638108,250000000
nmc_t6plain_dst_s2,fp32,40,4,47638108,250000000
nmc_t6plain_dst_s2,fp32,40,5,47638108,250000000
nmc_t6plain_dst_s2,fp32,40,6,47638108,250000000
nmc_t6plain_dst_s2,fp32,40,7,47638108,250000000
nmc_t6plain_dst_s2,fp32,40,8,47638108,250000000
nmc_t6plain_dst_s2,fp32,40,9,47638108,250000000
nmc_t6plain_dst_s2,fp32,40,10,47638108,250000000
nmc_t6plain_dst_s2,fp32,40,11,47638108,250000000
nmc_t6plain_dst_s2,fp32,40,12,47638108,250000000
nmc_t6plain_dst_s2,fp32,40,13,47638108,250000000
nmc_t6plain_dst_s2,fp32,40,14,47638108,250000000
nmc_t6plain_dst_s2,fp32,40,15,47638108,250000000
nmc_t6plain_dst_s2,fp32,41,0,47652268,250000000
nmc_t6plain_dst_s2,fp32,41,1,47652220,250000000
nmc_t6plain_dst_s2,fp32,41,2,47652220,250000000
nmc_t6plain_dst_s2,fp32,41,3,47652220,250000000
nmc_t6plain_dst_s2,fp32,41,4,47652220,250000000
nmc_t6plain_dst_s2,fp32,41,5,47652220,250000000
nmc_t6plain_dst_s2,fp32,41,6,47652220,250000000
nmc_t6plain_dst_s2,fp32,41,7,47652220,250000000
nmc_t6plain_dst_s2,fp32,41,8,47652220,250000000
nmc_t6plain_dst_s2,fp32,41,9,47652220,250000000
nmc_t6plain_dst_s2,fp32,41,10,47652220,250000000
nmc_t6plain_dst_s2,fp32,41,11,47652220,250000000
nmc_t6plain_dst_s2,fp32,41,12,47652220,250000000
nmc_t6plain_dst_s2,fp32,41,13,47652220,250000000
nmc_t6plain_dst_s2,fp32,41,14,47652220,250000000
nmc_t6plain_dst_s2,fp32,41,15,47652220,250000000
nmc_t6plain_dst_s2,fp32,42,0,47581119,250000000
nmc_t6plain_dst_s2,fp32,42,1,47581073,250000000
nmc_t6plain_dst_s2,fp32,42,2,47581073,250000000
nmc_t6plain_dst_s2,fp32,42,3,47581073,250000000
nmc_t6plain_dst_s2,fp32,42,4,47581073,250000000
nmc_t6plain_dst_s2,fp32,42,5,47581073,250000000
nmc_t6plain_dst_s2,fp32,42,6,47581073,250000000
nmc_t6plain_dst_s2,fp32,42,7,47581073,250000000
nmc_t6plain_dst_s2,fp32,42,8,47581073,250000000
nmc_t6plain_dst_s2,fp32,42,9,47581073,250000000
nmc_t6plain_dst_s2,fp32,42,10,47581073,250000000
nmc_t6plain_dst_s2,fp32,42,11,47581073,250000000
nmc_t6plain_dst_s2,fp32,42,12,47581073,250000000
nmc_t6plain_dst_s2,fp32,42,13,47581073,250000000
nmc_t6plain_dst_s2,fp32,42,14,47581073,250000000
nmc_t6plain_dst_s2,fp32,42,15,47581073,250000000
nmc_t6plain_dst_s2,fp32,43,0,47604212,250000000
nmc_t6plain_dst_s2,fp32,43,1,47604164,250000000
nmc_t6plain_dst_s2,fp32,43,2,47604164,250000000
nmc_t6plain_dst_s2,fp32,43,3,47604164,250000000
nmc_t6plain_dst_s2,fp32,43,4,47604164,250000000
nmc_t6plain_dst_s2,fp32,43,5,47604164,250000000
nmc_t6plain_dst_s2,fp32,43,6,47604164,250000000
nmc_t6plain_dst_s2,fp32,43,7,47604164,250000000
nmc_t6plain_dst_s2,fp32,43,8,47604164,250000000
nmc_t6plain_dst_s2,fp32,43,9,47604164,250000000
nmc_t6plain_dst_s2,fp32,43,10,47604164,250000000
nmc_t6plain_dst_s2,fp32,43,11,47604164,250000000
nmc_t6plain_dst_s2,fp32,43,12,47604164,250000000
nmc_t6plain_dst_s2,fp32,43,13,47604164,250000000
nmc_t6plain_dst_s2,fp32,43,14,47604164,250000000
nmc_t6plain_dst_s2,fp32,43,15,47604164,250000000
nmc_t6plain_dst_s2,fp32,44,0,47629600,250000000
nmc_t6plain_dst_s2,fp32,44,1,47629552,250000000
nmc_t6plain_dst_s2,fp32,44,2,47629552,250000000
nmc_t6plain_dst_s2,fp32,44,3,47629552,250000000
nmc_t6plain_dst_s2,fp32,44,4,47629552,250000000
nmc_t6plain_dst_s2,fp32,44,5,47629552,250000000
nmc_t6plain_dst_s2,fp32,44,6,47629552,250000000
nmc_t6plain_dst_s2,fp32,44,7,47629552,250000000
nmc_t6plain_dst_s2,fp32,44,8,47629552,250000000
nmc_t6plain_dst_s2,fp32,44,9,47629552,250000000
nmc_t6plain_dst_s2,fp32,44,10,47629552,250000000
nmc_t6plain_dst_s2,fp32,44,11,47629552,250000000
nmc_t6plain_dst_s2,fp32,44,12,47629552,250000000
nmc_t6plain_dst_s2,fp32,44,13,47629552,250000000
nmc_t6plain_dst_s2,fp32,44,14,47629552,250000000
nmc_t6plain_dst_s2,fp32,44,15,47629552,250000000
nmc_t6plain_dst_s2,fp32,45,0,47649203,250000000
nmc_t6plain_dst_s2,fp32,45,1,47649155,250000000
nmc_t6plain_dst_s2,fp32,45,2,47649155,250000000
nmc_t6plain_dst_s2,fp32,45,3,47649155,250000000
nmc_t6plain_dst_s2,fp32,45,4,47649155,250000000
nmc_t6plain_dst_s2,fp32,45,5,47649155,250000000
nmc_t6plain_dst_s2,fp32,45,6,47649155,250000000
nmc_t6plain_dst_s2,fp32,45,7,47649155,250000000
nmc_t6plain_dst_s2,fp32,45,8,47649155,250000000
nmc_t6plain_dst_s2,fp32,45,9,47649155,250000000
nmc_t6plain_dst_s2,fp32,45,10,47649155,250000000
nmc_t6plain_dst_s2,fp32,45,11,47649155,250000000
nmc_t6plain_dst_s2,fp32,45,12,47649155,250000000
nmc_t6plain_dst_s2,fp32,45,13,47649155,250000000
nmc_t6plain_dst_s2,fp32,45,14,47649155,250000000
nmc_t6plain_dst_s2,fp32,45,15,47649155,250000000
nmc_t6plain_dst_s2,fp32,46,0,47665379,250000000
nmc_t6plain_dst_s2,fp32,46,1,47665324,250000000
nmc_t6plain_dst_s2,fp32,46,2,47665324,250000000
nmc_t6plain_dst_s2,fp32,46,3,47665324,250000000
nmc_t6plain_dst_s2,fp32,46,4,47665324,250000000
nmc_t6plain_dst_s2,fp32,46,5,47665324,250000000
nmc_t6plain_dst_s2,fp32,46,6,47665324,250000000
nmc_t6plain_dst_s2,fp32,46,7,47665324,250000000
nmc_t6plain_dst_s2,fp32,46,8,47665324,250000000
nmc_t6plain_dst_s2,fp32,46,9,47665324,250000000
nmc_t6plain_dst_s2,fp32,46,10,47665324,250000000
nmc_t6plain_dst_s2,fp32,46,11,47665324,250000000
nmc_t6plain_dst_s2,fp32,46,12,47665324,250000000
nmc_t6plain_dst_s2,fp32,46,13,47665324,250000000
nmc_t6plain_dst_s2,fp32,46,14,47665324,250000000
nmc_t6plain_dst_s2,fp32,46,15,47665324,250000000
nmc_t6plain_dst_s2,fp32,47,0,47688726,250000000
nmc_t6plain_dst_s2,fp32,47,1,47688671,250000000
nmc_t6plain_dst_s2,fp32,47,2,47688671,250000000
nmc_t6plain_dst_s2,fp32,47,3,47688671,250000000
nmc_t6plain_dst_s2,fp32,47,4,47688671,250000000
nmc_t6plain_dst_s2,fp32,47,5,47688671,250000000
nmc_t6plain_dst_s2,fp32,47,6,47688671,250000000
nmc_t6plain_dst_s2,fp32,47,7,47688671,250000000
nmc_t6plain_dst_s2,fp32,47,8,47688671,250000000
nmc_t6plain_dst_s2,fp32,47,9,47688671,250000000
nmc_t6plain_dst_s2,fp32,47,10,47688671,250000000
nmc_t6plain_dst_s2,fp32,47,11,47688671,250000000
nmc_t6plain_dst_s2,fp32,47,12,47688671,250000000
nmc_t6plain_dst_s2,fp32,47,13,47688671,250000000
nmc_t6plain_dst_s2,fp32,47,14,47688671,250000000
nmc_t6plain_dst_s2,fp32,47,15,47688671,250000000
nmc_t6plain_dst_s2,fp32,48,0,47683084,250000000
nmc_t6plain_dst_s2,fp32,48,1,47683029,250000000
nmc_t6plain_dst_s2,fp32,48,2,47683029,250000000
nmc_t6plain_dst_s2,fp32,48,3,47683029,250000000
nmc_t6plain_dst_s2,fp32,48,4,47683029,250000000
nmc_t6plain_dst_s2,fp32,48,5,47683029,250000000
nmc_t6plain_dst_s2,fp32,48,6,47683029,250000000
nmc_t6plain_dst_s2,fp32,48,7,47683029,250000000
nmc_t6plain_dst_s2,fp32,48,8,47683029,250000000
nmc_t6plain_dst_s2,fp32,48,9,47683029,250000000
nmc_t6plain_dst_s2,fp32,48,10,47683029,250000000
nmc_t6plain_dst_s2,fp32,48,11,47683029,250000000
nmc_t6plain_dst_s2,fp32,48,12,47683029,250000000
nmc_t6plain_dst_s2,fp32,48,13,47683029,250000000
nmc_t6plain_dst_s2,fp32,48,14,47683029,250000000
nmc_t6plain_dst_s2,fp32,48,15,47683029,250000000
nmc_t6plain_dst_s2,fp32,49,0,47710333,250000000
nmc_t6plain_dst_s2,fp32,49,1,47710278,250000000
nmc_t6plain_dst_s2,fp32,49,2,47710278,250000000
nmc_t6plain_dst_s2,fp32,49,3,47710278,250000000
nmc_t6plain_dst_s2,fp32,49,4,47710278,250000000
nmc_t6plain_dst_s2,fp32,49,5,47710278,250000000
nmc_t6plain_dst_s2,fp32,49,6,47710278,250000000
nmc_t6plain_dst_s2,fp32,49,7,47710278,250000000
nmc_t6plain_dst_s2,fp32,49,8,47710278,250000000
nmc_t6plain_dst_s2,fp32,49,9,47710278,250000000
nmc_t6plain_dst_s2,fp32,49,10,47710278,250000000
nmc_t6plain_dst_s2,fp32,49,11,47710278,250000000
nmc_t6plain_dst_s2,fp32,49,12,47710278,250000000
nmc_t6plain_dst_s2,fp32,49,13,47710278,250000000
nmc_t6plain_dst_s2,fp32,49,14,47710278,250000000
nmc_t6plain_dst_s2,fp32,49,15,47710278,250000000
nmc_t6plain_dst_s2,fp32,50,0,47710949,250000000
nmc_t6plain_dst_s2,fp32,50,1,47710924,250000000
nmc_t6plain_dst_s2,fp32,50,2,47710924,250000000
nmc_t6plain_dst_s2,fp32,50,3,47710924,250000000
nmc_t6plain_dst_s2,fp32,50,4,47710924,250000000
nmc_t6plain_dst_s2,fp32,50,5,47710924,250000000
nmc_t6plain_dst_s2,fp32,50,6,47710924,250000000
nmc_t6plain_dst_s2,fp32,50,7,47710924,250000000
nmc_t6plain_dst_s2,fp32,50,8,47710924,250000000
nmc_t6plain_dst_s2,fp32,50,9,47710924,250000000
nmc_t6plain_dst_s2,fp32,50,10,47710924,250000000
nmc_t6plain_dst_s2,fp32,50,11,47710924,250000000
nmc_t6plain_dst_s2,fp32,50,12,47710924,250000000
nmc_t6plain_dst_s2,fp32,50,13,47710924,250000000
nmc_t6plain_dst_s2,fp32,50,14,47710924,250000000
nmc_t6plain_dst_s2,fp32,50,15,47710924,250000000
nmc_t6plain_dst_s2,fp32,51,0,47681766,250000000
nmc_t6plain_dst_s2,fp32,51,1,47681741,250000000
nmc_t6plain_dst_s2,fp32,51,2,47681741,250000000
nmc_t6plain_dst_s2,fp32,51,3,47681741,250000000
nmc_t6plain_dst_s2,fp32,51,4,47681741,250000000
nmc_t6plain_dst_s2,fp32,51,5,47681741,250000000
nmc_t6plain_dst_s2,fp32,51,6,47681741,250000000
nmc_t6plain_dst_s2,fp32,51,7,47681741,250000000
nmc_t6plain_dst_s2,fp32,51,8,47681741,250000000
nmc_t6plain_dst_s2,fp32,51,9,47681741,250000000
nmc_t6plain_dst_s2,fp32,51,10,47681741,250000000
nmc_t6plain_dst_s2,fp32,51,11,47681741,250000000
nmc_t6plain_dst_s2,fp32,51,12,47681741,250000000
nmc_t6plain_dst_s2,fp32,51,13,47681741,250000000
nmc_t6plain_dst_s2,fp32,51,14,47681741,250000000
nmc_t6plain_dst_s2,fp32,51,15,47681741,250000000
nmc_t6plain_dst_s2,fp32,52,0,47690888,250000000
nmc_t6plain_dst_s2,fp32,52,1,47690863,250000000
nmc_t6plain_dst_s2,fp32,52,2,47690863,250000000
nmc_t6plain_dst_s2,fp32,52,3,47690863,250000000
nmc_t6plain_dst_s2,fp32,52,4,47690863,250000000
nmc_t6plain_dst_s2,fp32,52,5,47690863,250000000
nmc_t6plain_dst_s2,fp32,52,6,47690863,250000000
nmc_t6plain_dst_s2,fp32,52,7,47690863,250000000
nmc_t6plain_dst_s2,fp32,52,8,47690863,250000000
nmc_t6plain_dst_s2,fp32,52,9,47690863,250000000
nmc_t6plain_dst_s2,fp32,52,10,47690863,250000000
nmc_t6plain_dst_s2,fp32,52,11,47690863,250000000
nmc_t6plain_dst_s2,fp32,52,12,47690863,250000000
nmc_t6plain_dst_s2,fp32,52,13,47690863,250000000
nmc_t6plain_dst_s2,fp32,52,14,47690863,250000000
nmc_t6plain_dst_s2,fp32,52,15,47690863,250000000
nmc_t6plain_dst_s2,fp32,53,0,47677935,250000000
nmc_t6plain_dst_s2,fp32,53,1,47677880,250000000
nmc_t6plain_dst_s2,fp32,53,2,47677880,250000000
nmc_t6plain_dst_s2,fp32,53,3,47677880,250000000
nmc_t6plain_dst_s2,fp32,53,4,47677880,250000000
nmc_t6plain_dst_s2,fp32,53,5,47677880,250000000
nmc_t6plain_dst_s2,fp32,53,6,47677880,250000000
nmc_t6plain_dst_s2,fp32,53,7,47677880,250000000
nmc_t6plain_dst_s2,fp32,53,8,47677880,250000000
nmc_t6plain_dst_s2,fp32,53,9,47677880,250000000
nmc_t6plain_dst_s2,fp32,53,10,47677880,250000000
nmc_t6plain_dst_s2,fp32,53,11,47677880,250000000
nmc_t6plain_dst_s2,fp32,53,12,47677880,250000000
nmc_t6plain_dst_s2,fp32,53,13,47677880,250000000
nmc_t6plain_dst_s2,fp32,53,14,47677880,250000000
nmc_t6plain_dst_s2,fp32,53,15,47677880,250000000
nmc_t6plain_dst_s2,fp32,54,0,47657344,250000000
nmc_t6plain_dst_s2,fp32,54,1,47657289,250000000
nmc_t6plain_dst_s2,fp32,54,2,47657289,250000000
nmc_t6plain_dst_s2,fp32,54,3,47657289,250000000
nmc_t6plain_dst_s2,fp32,54,4,47657289,250000000
nmc_t6plain_dst_s2,fp32,54,5,47657289,250000000
nmc_t6plain_dst_s2,fp32,54,6,47657289,250000000
nmc_t6plain_dst_s2,fp32,54,7,47657289,250000000
nmc_t6plain_dst_s2,fp32,54,8,47657289,250000000
nmc_t6plain_dst_s2,fp32,54,9,47657289,250000000
nmc_t6plain_dst_s2,fp32,54,10,47657289,250000000
nmc_t6plain_dst_s2,fp32,54,11,47657289,250000000
nmc_t6plain_dst_s2,fp32,54,12,47657289,250000000
nmc_t6plain_dst_s2,fp32,54,13,47657289,250000000
nmc_t6plain_dst_s2,fp32,54,14,47657289,250000000
nmc_t6plain_dst_s2,fp32,54,15,47657289,250000000
nmc_t6plain_dst_s2,fp32,55,0,47658392,250000000
nmc_t6plain_dst_s2,fp32,55,1,47658337,250000000
nmc_t6plain_dst_s2,fp32,55,2,47658337,250000000
nmc_t6plain_dst_s2,fp32,55,3,47658337,250000000
nmc_t6plain_dst_s2,fp32,55,4,47658337,250000000
nmc_t6plain_dst_s2,fp32,55,5,47658337,250000000
nmc_t6plain_dst_s2,fp32,55,6,47658337,250000000
nmc_t6plain_dst_s2,fp32,55,7,47658337,250000000
nmc_t6plain_dst_s2,fp32,55,8,47658337,250000000
nmc_t6plain_dst_s2,fp32,55,9,47658337,250000000
nmc_t6plain_dst_s2,fp32,55,10,47658337,250000000
nmc_t6plain_dst_s2,fp32,55,11,47658337,250000000
nmc_t6plain_dst_s2,fp32,55,12,47658337,250000000
nmc_t6plain_dst_s2,fp32,55,13,47658337,250000000
nmc_t6plain_dst_s2,fp32,55,14,47658337,250000000
nmc_t6plain_dst_s2,fp32,55,15,47658337,250000000
nmc_t6plain_dst_s2,fp32,56,0,47642202,250000000
nmc_t6plain_dst_s2,fp32,56,1,47642147,250000000
nmc_t6plain_dst_s2,fp32,56,2,47642147,250000000
nmc_t6plain_dst_s2,fp32,56,3,47642147,250000000
nmc_t6plain_dst_s2,fp32,56,4,47642147,250000000
nmc_t6plain_dst_s2,fp32,56,5,47642147,250000000
nmc_t6plain_dst_s2,fp32,56,6,47642147,250000000
nmc_t6plain_dst_s2,fp32,56,7,47642147,250000000
nmc_t6plain_dst_s2,fp32,56,8,47642147,250000000
nmc_t6plain_dst_s2,fp32,56,9,47642147,250000000
nmc_t6plain_dst_s2,fp32,56,10,47642147,250000000
nmc_t6plain_dst_s2,fp32,56,11,47642147,250000000
nmc_t6plain_dst_s2,fp32,56,12,47642147,250000000
nmc_t6plain_dst_s2,fp32,56,13,47642147,250000000
nmc_t6plain_dst_s2,fp32,56,14,47642147,250000000
nmc_t6plain_dst_s2,fp32,56,15,47642147,250000000
nmc_t6plain_dst_s2,fp32,57,0,47644439,250000000
nmc_t6plain_dst_s2,fp32,57,1,47644384,250000000
nmc_t6plain_dst_s2,fp32,57,2,47644384,250000000
nmc_t6plain_dst_s2,fp32,57,3,47644384,250000000
nmc_t6plain_dst_s2,fp32,57,4,47644384,250000000
nmc_t6plain_dst_s2,fp32,57,5,47644384,250000000
nmc_t6plain_dst_s2,fp32,57,6,47644384,250000000
nmc_t6plain_dst_s2,fp32,57,7,47644384,250000000
nmc_t6plain_dst_s2,fp32,57,8,47644384,250000000
nmc_t6plain_dst_s2,fp32,57,9,47644384,250000000
nmc_t6plain_dst_s2,fp32,57,10,47644384,250000000
nmc_t6plain_dst_s2,fp32,57,11,47644384,250000000
nmc_t6plain_dst_s2,fp32,57,12,47644384,250000000
nmc_t6plain_dst_s2,fp32,57,13,47644384,250000000
nmc_t6plain_dst_s2,fp32,57,14,47644384,250000000
nmc_t6plain_dst_s2,fp32,57,15,47644384,250000000
nmc_t6plain_dst_s2,fp32,58,0,47613457,250000000
nmc_t6plain_dst_s2,fp32,58,1,47613409,250000000
nmc_t6plain_dst_s2,fp32,58,2,47613409,250000000
nmc_t6plain_dst_s2,fp32,58,3,47613409,250000000
nmc_t6plain_dst_s2,fp32,58,4,47613409,250000000
nmc_t6plain_dst_s2,fp32,58,5,47613409,250000000
nmc_t6plain_dst_s2,fp32,58,6,47613409,250000000
nmc_t6plain_dst_s2,fp32,58,7,47613409,250000000
nmc_t6plain_dst_s2,fp32,58,8,47613409,250000000
nmc_t6plain_dst_s2,fp32,58,9,47613409,250000000
nmc_t6plain_dst_s2,fp32,58,10,47613409,250000000
nmc_t6plain_dst_s2,fp32,58,11,47613409,250000000
nmc_t6plain_dst_s2,fp32,58,12,47613409,250000000
nmc_t6plain_dst_s2,fp32,58,13,47613409,250000000
nmc_t6plain_dst_s2,fp32,58,14,47613409,250000000
nmc_t6plain_dst_s2,fp32,58,15,47613409,250000000
nmc_t6plain_dst_s2,fp32,59,0,47652780,250000000
nmc_t6plain_dst_s2,fp32,59,1,47652732,250000000
nmc_t6plain_dst_s2,fp32,59,2,47652732,250000000
nmc_t6plain_dst_s2,fp32,59,3,47652732,250000000
nmc_t6plain_dst_s2,fp32,59,4,47652732,250000000
nmc_t6plain_dst_s2,fp32,59,5,47652732,250000000
nmc_t6plain_dst_s2,fp32,59,6,47652732,250000000
nmc_t6plain_dst_s2,fp32,59,7,47652732,250000000
nmc_t6plain_dst_s2,fp32,59,8,47652732,250000000
nmc_t6plain_dst_s2,fp32,59,9,47652732,250000000
nmc_t6plain_dst_s2,fp32,59,10,47652732,250000000
nmc_t6plain_dst_s2,fp32,59,11,47652732,250000000
nmc_t6plain_dst_s2,fp32,59,12,47652732,250000000
nmc_t6plain_dst_s2,fp32,59,13,47652732,250000000
nmc_t6plain_dst_s2,fp32,59,14,47652732,250000000
nmc_t6plain_dst_s2,fp32,59,15,47652732,250000000
nmc_t6plain_dst_s2,fp32,60,0,47629550,250000000
nmc_t6plain_dst_s2,fp32,60,1,47629502,250000000
nmc_t6plain_dst_s2,fp32,60,2,47629502,250000000
nmc_t6plain_dst_s2,fp32,60,3,47629502,250000000
nmc_t6plain_dst_s2,fp32,60,4,47629502,250000000
nmc_t6plain_dst_s2,fp32,60,5,47629502,250000000
nmc_t6plain_dst_s2,fp32,60,6,47629502,250000000
nmc_t6plain_dst_s2,fp32,60,7,47629502,250000000
nmc_t6plain_dst_s2,fp32,60,8,47629502,250000000
nmc_t6plain_dst_s2,fp32,60,9,47629502,250000000
nmc_t6plain_dst_s2,fp32,60,10,47629502,250000000
nmc_t6plain_dst_s2,fp32,60,11,47629502,250000000
nmc_t6plain_dst_s2,fp32,60,12,47629502,250000000
nmc_t6plain_dst_s2,fp32,60,13,47629502,250000000
nmc_t6plain_dst_s2,fp32,60,14,47629502,250000000
nmc_t6plain_dst_s2,fp32,60,15,47629502,250000000
nmc_t6plain_dst_s2,fp32,61,0,47601636,250000000
nmc_t6plain_dst_s2,fp32,61,1,47601588,250000000
nmc_t6plain_dst_s2,fp32,61,2,47601588,250000000
nmc_t6plain_dst_s2,fp32,61,3,47601588,250000000
nmc_t6plain_dst_s2,fp32,61,4,47601588,250000000
nmc_t6plain_dst_s2,fp32,61,5,47601588,250000000
nmc_t6plain_dst_s2,fp32,61,6,47601588,250000000
nmc_t6plain_dst_s2,fp32,61,7,47601588,250000000
nmc_t6plain_dst_s2,fp32,61,8,47601588,250000000
nmc_t6plain_dst_s2,fp32,61,9,47601588,250000000
nmc_t6plain_dst_s2,fp32,61,10,47601588,250000000
nmc_t6plain_dst_s2,fp32,61,11,47601588,250000000
nmc_t6plain_dst_s2,fp32,61,12,47601588,250000000
nmc_t6plain_dst_s2,fp32,61,13,47601588,250000000
nmc_t6plain_dst_s2,fp32,61,14,47601588,250000000
nmc_t6plain_dst_s2,fp32,61,15,47601588,250000000
nmc_t6plain_dst_s2,fp32,62,0,47597550,250000000
nmc_t6plain_dst_s2,fp32,62,1,47597502,250000000
nmc_t6plain_dst_s2,fp32,62,2,47597502,250000000
nmc_t6plain_dst_s2,fp32,62,3,47597502,250000000
nmc_t6plain_dst_s2,fp32,62,4,47597502,250000000
nmc_t6plain_dst_s2,fp32,62,5,47597502,250000000
nmc_t6plain_dst_s2,fp32,62,6,47597502,250000000
nmc_t6plain_dst_s2,fp32,62,7,47597502,250000000
nmc_t6plain_dst_s2,fp32,62,8,47597502,250000000
nmc_t6plain_dst_s2,fp32,62,9,47597502,250000000
nmc_t6plain_dst_s2,fp32,62,10,47597502,250000000
nmc_t6plain_dst_s2,fp32,62,11,47597502,250000000
nmc_t6plain_dst_s2,fp32,62,12,47597502,250000000
nmc_t6plain_dst_s2,fp32,62,13,47597502,250000000
nmc_t6plain_dst_s2,fp32,62,14,47597502,250000000
nmc_t6plain_dst_s2,fp32,62,15,47597502,250000000
nmc_t6plain_dst_s2,fp32,63,0,47506938,250000000
nmc_t6plain_dst_s2,fp32,63,1,47506892,250000000
nmc_t6plain_dst_s2,fp32,63,2,47506892,250000000
nmc_t6plain_dst_s2,fp32,63,3,47506892,250000000
nmc_t6plain_dst_s2,fp32,63,4,47506892,250000000
nmc_t6plain_dst_s2,fp32,63,5,47506892,250000000
nmc_t6plain_dst_s2,fp32,63,6,47506892,250000000
nmc_t6plain_dst_s2,fp32,63,7,47506892,250000000
nmc_t6plain_dst_s2,fp32,63,8,47506892,250000000
nmc_t6plain_dst_s2,fp32,63,9,47506892,250000000
nmc_t6plain_dst_s2,fp32,63,10,47506892,250000000
nmc_t6plain_dst_s2,fp32,63,11,47506892,250000000
nmc_t6plain_dst_s2,fp32,63,12,47506892,250000000
nmc_t6plain_dst_s2,fp32,63,13,47506892,250000000
nmc_t6plain_dst_s2,fp32,63,14,47506892,250000000
nmc_t6plain_dst_s2,fp32,63,15,47506892,250000000
nmc_t6plain_fuds_s0,fp32,0,0,47627247,250000000
nmc_t6plain_fuds_s0,fp32,0,1,47627247,250000000
nmc_t6plain_fuds_s0,fp32,0,2,47627247,250000000
nmc_t6plain_fuds_s0,fp32,0,3,47627247,250000000
nmc_t6plain_fuds_s0,fp32,0,4,47627247,250000000
nmc_t6plain_fuds_s0,fp32,0,5,47627247,250000000
nmc_t6plain_fuds_s0,fp32,0,6,47627247,250000000
nmc_t6plain_fuds_s0,fp32,0,7,47627247,250000000
nmc_t6plain_fuds_s0,fp32,0,8,47627247,250000000
nmc_t6plain_fuds_s0,fp32,0,9,47627247,250000000
nmc_t6plain_fuds_s0,fp32,0,10,47627247,250000000
nmc_t6plain_fuds_s0,fp32,0,11,47627247,250000000
nmc_t6plain_fuds_s0,fp32,0,12,47627247,250000000
nmc_t6plain_fuds_s0,fp32,0,13,47627247,250000000
nmc_t6plain_fuds_s0,fp32,0,14,47627247,250000000
nmc_t6plain_fuds_s0,fp32,0,15,47627247,250000000
nmc_t6plain_fuds_s0,fp32,1,0,47634204,250000000
nmc_t6plain_fuds_s0,fp32,1,1,47634158,250000000
nmc_t6plain_fuds_s0,fp32,1,2,47634158,250000000
nmc_t6plain_fuds_s0,fp32,1,3,47634158,250000000
nmc_t6plain_fuds_s0,fp32,1,4,47634158,250000000
nmc_t6plain_fuds_s0,fp32,1,5,47634158,250000000
nmc_t6plain_fuds_s0,fp32,1,6,47634158,250000000
nmc_t6plain_fuds_s0,fp32,1,7,47634158,250000000
nmc_t6plain_fuds_s0,fp32,1,8,47634158,250000000
nmc_t6plain_fuds_s0,fp32,1,9,47634158,250000000
nmc_t6plain_fuds_s0,fp32,1,10,47634158,250000000
nmc_t6plain_fuds_s0,fp32,1,11,47634158,250000000
nmc_t6plain_fuds_s0,fp32,1,12,47634158,250000000
nmc_t6plain_fuds_s0,fp32,1,13,47634158,250000000
nmc_t6plain_fuds_s0,fp32,1,14,47634158,250000000
nmc_t6plain_fuds_s0,fp32,1,15,47634158,250000000
nmc_t6plain_fuds_s0,fp32,2,0,47649269,250000000
nmc_t6plain_fuds_s0,fp32,2,1,47649223,250000000
nmc_t6plain_fuds_s0,fp32,2,2,47649223,250000000
nmc_t6plain_fuds_s0,fp32,2,3,47649223,250000000
nmc_t6plain_fuds_s0,fp32,2,4,47649223,250000000
nmc_t6plain_fuds_s0,fp32,2,5,47649223,250000000
nmc_t6plain_fuds_s0,fp32,2,6,47649223,250000000
nmc_t6plain_fuds_s0,fp32,2,7,47649223,250000000
nmc_t6plain_fuds_s0,fp32,2,8,47649223,250000000
nmc_t6plain_fuds_s0,fp32,2,9,47649223,250000000
nmc_t6plain_fuds_s0,fp32,2,10,47649223,250000000
nmc_t6plain_fuds_s0,fp32,2,11,47649223,250000000
nmc_t6plain_fuds_s0,fp32,2,12,47649223,250000000
nmc_t6plain_fuds_s0,fp32,2,13,47649223,250000000
nmc_t6plain_fuds_s0,fp32,2,14,47649223,250000000
nmc_t6plain_fuds_s0,fp32,2,15,47649223,250000000
nmc_t6plain_fuds_s0,fp32,3,0,47657729,250000000
nmc_t6plain_fuds_s0,fp32,3,1,47657683,250000000
nmc_t6plain_fuds_s0,fp32,3,2,47657683,250000000
nmc_t6plain_fuds_s0,fp32,3,3,47657683,250000000
nmc_t6plain_fuds_s0,fp32,3,4,47657683,250000000
nmc_t6plain_fuds_s0,fp32,3,5,47657683,250000000
nmc_t6plain_fuds_s0,fp32,3,6,47657683,250000000
nmc_t6plain_fuds_s0,fp32,3,7,47657683,250000000
nmc_t6plain_fuds_s0,fp32,3,8,47657683,250000000
nmc_t6plain_fuds_s0,fp32,3,9,47657683,250000000
nmc_t6plain_fuds_s0,fp32,3,10,47657683,250000000
nmc_t6plain_fuds_s0,fp32,3,11,47657683,250000000
nmc_t6plain_fuds_s0,fp32,3,12,47657683,250000000
nmc_t6plain_fuds_s0,fp32,3,13,47657683,250000000
nmc_t6plain_fuds_s0,fp32,3,14,47657683,250000000
nmc_t6plain_fuds_s0,fp32,3,15,47657683,250000000
nmc_t6plain_fuds_s0,fp32,4,0,47684931,250000000
nmc_t6plain_fuds_s0,fp32,4,1,47684878,250000000
nmc_t6plain_fuds_s0,fp32,4,2,47684878,250000000
nmc_t6plain_fuds_s0,fp32,4,3,47684878,250000000
nmc_t6plain_fuds_s0,fp32,4,4,47684878,250000000
nmc_t6plain_fuds_s0,fp32,4,5,47684878,250000000
nmc_t6plain_fuds_s0,fp32,4,6,47684878,250000000
nmc_t6plain_fuds_s0,fp32,4,7,47684878,250000000
nmc_t6plain_fuds_s0,fp32,4,8,47684878,250000000
nmc_t6plain_fuds_s0,fp32,4,9,47684878,250000000
nmc_t6plain_fuds_s0,fp32,4,10,47684878,250000000
nmc_t6plain_fuds_s0,fp32,4,11,47684878,250000000
nmc_t6plain_fuds_s0,fp32,4,12,47684878,250000000
nmc_t6plain_fuds_s0,fp32,4,13,47684878,250000000
nmc_t6plain_fuds_s0,fp32,4,14,47684878,250000000
nmc_t6plain_fuds_s0,fp32,4,15,47684878,250000000
nmc_t6plain_fuds_s0,fp32,5,0,47701357,250000000
nmc_t6plain_fuds_s0,fp32,5,1,47701304,250000000
nmc_t6plain_fuds_s0,fp32,5,2,47701304,250000000
nmc_t6plain_fuds_s0,fp32,5,3,47701304,250000000
nmc_t6plain_fuds_s0,fp32,5,4,47701304,250000000
nmc_t6plain_fuds_s0,fp32,5,5,47701304,250000000
nmc_t6plain_fuds_s0,fp32,5,6,47701304,250000000
nmc_t6plain_fuds_s0,fp32,5,7,47701304,250000000
nmc_t6plain_fuds_s0,fp32,5,8,47701304,250000000
nmc_t6plain_fuds_s0,fp32,5,9,47701304,250000000
nmc_t6plain_fuds_s0,fp32,5,10,47701304,250000000
nmc_t6plain_fuds_s0,fp32,5,11,47701304,250000000
nmc_t6plain_fuds_s0,fp32,5,12,47701304,250000000
nmc_t6plain_fuds_s0,fp32,5,13,47701304,250000000
nmc_t6plain_fuds_s0,fp32,5,14,47701304,250000000
nmc_t6plain_fuds_s0,fp32,5,15,47701304,250000000
nmc_t6plain_fuds_s0,fp32,6,0,47705041,250000000
nmc_t6plain_fuds_s0,fp32,6,1,47704988,250000000
nmc_t6plain_fuds_s0,fp32,6,2,47704988,250000000
nmc_t6plain_fuds_s0,fp32,6,3,47704988,250000000
nmc_t6plain_fuds_s0,fp32,6,4,47704988,250000000
nmc_t6plain_fuds_s0,fp32,6,5,47704988,250000000
nmc_t6plain_fuds_s0,fp32,6,6,47704988,250000000
nmc_t6plain_fuds_s0,fp32,6,7,47704988,250000000
nmc_t6plain_fuds_s0,fp32,6,8,47704988,250000000
nmc_t6plain_fuds_s0,fp32,6,9,47704988,250000000
nmc_t6plain_fuds_s0,fp32,6,10,47704988,250000000
nmc_t6plain_fuds_s0,fp32,6,11,47704988,250000000
nmc_t6plain_fuds_s0,fp32,6,12,47704988,250000000
nmc_t6plain_fuds_s0,fp32,6,13,47704988,250000000
nmc_t6plain_fuds_s0,fp32,6,14,47704988,250000000
nmc_t6plain_fuds_s0,fp32,6,15,47704988,250000000
nmc_t6plain_fuds_s0,fp32,7,0,47725202,250000000
nmc_t6plain_fuds_s0,fp32,7,1,47725149,250000000
nmc_t6plain_fuds_s0,fp32,7,2,47725149,250000000
nmc_t6plain_fuds_s0,fp32,7,3,47725149,250000000
nmc_t6plain_fuds_s0,fp32,7,4,47725149,250000000
nmc_t6plain_fuds_s0,fp32,7,5,47725149,250000000
nmc_t6plain_fuds_s0,fp32,7,6,47725149,250000000
nmc_t6plain_fuds_s0,fp32,7,7,47725149,250000000
nmc_t6plain_fuds_s0,fp32,7,8,47725149,250000000
nmc_t6plain_fuds_s0,fp32,7,9,47725149,250000000
nmc_t6plain_fuds_s0,fp32,7,10,47725149,250000000
nmc_t6plain_fuds_s0,fp32,7,11,47725149,250000000
nmc_t6plain_fuds_s0,fp32,7,12,47725149,250000000
nmc_t6plain_fuds_s0,fp32,7,13,47725149,250000000
nmc_t6plain_fuds_s0,fp32,7,14,47725149,250000000
nmc_t6plain_fuds_s0,fp32,7,15,47725149,250000000
nmc_t6plain_fuds_s0,fp32,8,0,47725272,250000000
nmc_t6plain_fuds_s0,fp32,8,1,47725249,250000000
nmc_t6plain_fuds_s0,fp32,8,2,47725249,250000000
nmc_t6plain_fuds_s0,fp32,8,3,47725249,250000000
nmc_t6plain_fuds_s0,fp32,8,4,47725249,250000000
nmc_t6plain_fuds_s0,fp32,8,5,47725249,250000000
nmc_t6plain_fuds_s0,fp32,8,6,47725249,250000000
nmc_t6plain_fuds_s0,fp32,8,7,47725249,250000000
nmc_t6plain_fuds_s0,fp32,8,8,47725249,250000000
nmc_t6plain_fuds_s0,fp32,8,9,47725249,250000000
nmc_t6plain_fuds_s0,fp32,8,10,47725249,250000000
nmc_t6plain_fuds_s0,fp32,8,11,47725249,250000000
nmc_t6plain_fuds_s0,fp32,8,12,47725249,250000000
nmc_t6plain_fuds_s0,fp32,8,13,47725249,250000000
nmc_t6plain_fuds_s0,fp32,8,14,47725249,250000000
nmc_t6plain_fuds_s0,fp32,8,15,47725249,250000000
nmc_t6plain_fuds_s0,fp32,9,0,47728407,250000000
nmc_t6plain_fuds_s0,fp32,9,1,47728384,250000000
nmc_t6plain_fuds_s0,fp32,9,2,47728384,250000000
nmc_t6plain_fuds_s0,fp32,9,3,47728384,250000000
nmc_t6plain_fuds_s0,fp32,9,4,47728384,250000000
nmc_t6plain_fuds_s0,fp32,9,5,47728384,250000000
nmc_t6plain_fuds_s0,fp32,9,6,47728384,250000000
nmc_t6plain_fuds_s0,fp32,9,7,47728384,250000000
nmc_t6plain_fuds_s0,fp32,9,8,47728384,250000000
nmc_t6plain_fuds_s0,fp32,9,9,47728384,250000000
nmc_t6plain_fuds_s0,fp32,9,10,47728384,250000000
nmc_t6plain_fuds_s0,fp32,9,11,47728384,250000000
nmc_t6plain_fuds_s0,fp32,9,12,47728384,250000000
nmc_t6plain_fuds_s0,fp32,9,13,47728384,250000000
nmc_t6plain_fuds_s0,fp32,9,14,47728384,250000000
nmc_t6plain_fuds_s0,fp32,9,15,47728384,250000000
nmc_t6plain_fuds_s0,fp32,10,0,47725819,250000000
nmc_t6plain_fuds_s0,fp32,10,1,47725796,250000000
nmc_t6plain_fuds_s0,fp32,10,2,47725796,250000000
nmc_t6plain_fuds_s0,fp32,10,3,47725796,250000000
nmc_t6plain_fuds_s0,fp32,10,4,47725796,250000000
nmc_t6plain_fuds_s0,fp32,10,5,47725796,250000000
nmc_t6plain_fuds_s0,fp32,10,6,47725796,250000000
nmc_t6plain_fuds_s0,fp32,10,7,47725796,250000000
nmc_t6plain_fuds_s0,fp32,10,8,47725796,250000000
nmc_t6plain_fuds_s0,fp32,10,9,47725796,250000000
nmc_t6plain_fuds_s0,fp32,10,10,47725796,250000000
nmc_t6plain_fuds_s0,fp32,10,11,47725796,250000000
nmc_t6plain_fuds_s0,fp32,10,12,47725796,250000000
nmc_t6plain_fuds_s0,fp32,10,13,47725796,250000000
nmc_t6plain_fuds_s0,fp32,10,14,47725796,250000000
nmc_t6plain_fuds_s0,fp32,10,15,47725796,250000000
nmc_t6plain_fuds_s0,fp32,11,0,47718182,250000000
nmc_t6plain_fuds_s0,fp32,11,1,47718129,250000000
nmc_t6plain_fuds_s0,fp32,11,2,47718129,250000000
nmc_t6plain_fuds_s0,fp32,11,3,47718129,250000000
nmc_t6plain_fuds_s0,fp32,11,4,47718129,250000000
nmc_t6plain_fuds_s0,fp32,11,5,47718129,250000000
nmc_t6plain_fuds_s0,fp32,11,6,47718129,250000000
nmc_t6plain_fuds_s0,fp32,11,7,47718129,250000000
nmc_t6plain_fuds_s0,fp32,11,8,47718129,250000000
nmc_t6plain_fuds_s0,fp32,11,9,47718129,250000000
nmc_t6plain_fuds_s0,fp32,11,10,47718129,250000000
nmc_t6plain_fuds_s0,fp32,11,11,47718129,250000000
nmc_t6plain_fuds_s0,fp32,11,12,47718129,250000000
nmc_t6plain_fuds_s0,fp32,11,13,47718129,250000000
nmc_t6plain_fuds_s0,fp32,11,14,47718129,250000000
nmc_t6plain_fuds_s0,fp32,11,15,47718129,250000000
nmc_t6plain_fuds_s0,fp32,12,0,47707470,250000000
nmc_t6plain_fuds_s0,fp32,12,1,47707417,250000000
nmc_t6plain_fuds_s0,fp32,12,2,47707417,250000000
nmc_t6plain_fuds_s0,fp32,12,3,47707417,250000000
nmc_t6plain_fuds_s0,fp32,12,4,47707417,250000000
nmc_t6plain_fuds_s0,fp32,12,5,47707417,250000000
nmc_t6plain_fuds_s0,fp32,12,6,47707417,250000000
nmc_t6plain_fuds_s0,fp32,12,7,47707417,250000000
nmc_t6plain_fuds_s0,fp32,12,8,47707417,250000000
nmc_t6plain_fuds_s0,fp32,12,9,47707417,250000000
nmc_t6plain_fuds_s0,fp32,12,10,47707417,250000000
nmc_t6plain_fuds_s0,fp32,12,11,47707417,250000000
nmc_t6plain_fuds_s0,fp32,12,12,47707417,250000000
nmc_t6plain_fuds_s0,fp32,12,13,47707417,250000000
nmc_t6plain_fuds_s0,fp32,12,14,47707417,250000000
nmc_t6plain_fuds_s0,fp32,12,15,47707417,250000000
nmc_t6plain_fuds_s0,fp32,13,0,47703720,250000000
nmc_t6plain_fuds_s0,fp32,13,1,47703667,250000000
nmc_t6plain_fuds_s0,fp32,13,2,47703667,250000000
nmc_t6plain_fuds_s0,fp32,13,3,47703667,250000000
nmc_t6plain_fuds_s0,fp32,13,4,47703667,250000000
nmc_t6plain_fuds_s0,fp32,13,5,47703667,250000000
nmc_t6plain_fuds_s0,fp32,13,6,47703667,250000000
nmc_t6plain_fuds_s0,fp32,13,7,47703667,250000000
nmc_t6plain_fuds_s0,fp32,13,8,47703667,250000000
nmc_t6plain_fuds_s0,fp32,13,9,47703667,250000000
nmc_t6plain_fuds_s0,fp32,13,10,47703667,250000000
nmc_t6plain_fuds_s0,fp32,13,11,47703667,250000000
nmc_t6plain_fuds_s0,fp32,13,12,47703667,250000000
nmc_t6plain_fuds_s0,fp32,13,13,47703667,250000000
nmc_t6plain_fuds_s0,fp32,13,14,47703667,250000000
nmc_t6plain_fuds_s0,fp32,13,15,47703667,250000000
nmc_t6plain_fuds_s0,fp32,14,0,47687276,250000000
nmc_t6plain_fuds_s0,fp32,14,1,47687223,250000000
nmc_t6plain_fuds_s0,fp32,14,2,47687223,250000000
nmc_t6plain_fuds_s0,fp32,14,3,47687223,250000000
nmc_t6plain_fuds_s0,fp32,14,4,47687223,250000000
nmc_t6plain_fuds_s0,fp32,14,5,47687223,250000000
nmc_t6plain_fuds_s0,fp32,14,6,47687223,250000000
nmc_t6plain_fuds_s0,fp32,14,7,47687223,250000000
nmc_t6plain_fuds_s0,fp32,14,8,47687223,250000000
nmc_t6plain_fuds_s0,fp32,14,9,47687223,250000000
nmc_t6plain_fuds_s0,fp32,14,10,47687223,250000000
nmc_t6plain_fuds_s0,fp32,14,11,47687223,250000000
nmc_t6plain_fuds_s0,fp32,14,12,47687223,250000000
nmc_t6plain_fuds_s0,fp32,14,13,47687223,250000000
nmc_t6plain_fuds_s0,fp32,14,14,47687223,250000000
nmc_t6plain_fuds_s0,fp32,14,15,47687223,250000000
nmc_t6plain_fuds_s0,fp32,15,0,47674504,250000000
nmc_t6plain_fuds_s0,fp32,15,1,47674451,250000000
nmc_t6plain_fuds_s0,fp32,15,2,47674451,250000000
nmc_t6plain_fuds_s0,fp32,15,3,47674451,250000000
nmc_t6plain_fuds_s0,fp32,15,4,47674451,250000000
nmc_t6plain_fuds_s0,fp32,15,5,47674451,250000000
nmc_t6plain_fuds_s0,fp32,15,6,47674451,250000000
nmc_t6plain_fuds_s0,fp32,15,7,47674451,250000000
nmc_t6plain_fuds_s0,fp32,15,8,47674451,250000000
nmc_t6plain_fuds_s0,fp32,15,9,47674451,250000000
nmc_t6plain_fuds_s0,fp32,15,10,47674451,250000000
nmc_t6plain_fuds_s0,fp32,15,11,47674451,250000000
nmc_t6plain_fuds_s0,fp32,15,12,47674451,250000000
nmc_t6plain_fuds_s0,fp32,15,13,47674451,250000000
nmc_t6plain_fuds_s0,fp32,15,14,47674451,250000000
nmc_t6plain_fuds_s0,fp32,15,15,47674451,250000000
nmc_t6plain_fuds_s0,fp32,16,0,47680262,250000000
nmc_t6plain_fuds_s0,fp32,16,1,47680209,250000000
nmc_t6plain_fuds_s0,fp32,16,2,47680209,250000000
nmc_t6plain_fuds_s0,fp32,16,3,47680209,250000000
nmc_t6plain_fuds_s0,fp32,16,4,47680209,250000000
nmc_t6plain_fuds_s0,fp32,16,5,47680209,250000000
nmc_t6plain_fuds_s0,fp32,16,6,47680209,250000000
nmc_t6plain_fuds_s0,fp32,16,7,47680209,250000000
nmc_t6plain_fuds_s0,fp32,16,8,47680209,250000000
nmc_t6plain_fuds_s0,fp32,16,9,47680209,250000000
nmc_t6plain_fuds_s0,fp32,16,10,47680209,250000000
nmc_t6plain_fuds_s0,fp32,16,11,47680209,250000000
nmc_t6plain_fuds_s0,fp32,16,12,47680209,250000000
nmc_t6plain_fuds_s0,fp32,16,13,47680209,250000000
nmc_t6plain_fuds_s0,fp32,16,14,47680209,250000000
nmc_t6plain_fuds_s0,fp32,16,15,47680209,250000000
nmc_t6plain_fuds_s0,fp32,17,0,47672838,250000000
nmc_t6plain_fuds_s0,fp32,17,1,47672792,250000000
nmc_t6plain_fuds_s0,fp32,17,2,47672792,250000000
nmc_t6plain_fuds_s0,fp32,17,3,47672792,250000000
nmc_t6plain_fuds_s0,fp32,17,4,47672792,250000000
nmc_t6plain_fuds_s0,fp32,17,5,47672792,250000000
nmc_t6plain_fuds_s0,fp32,17,6,47672792,250000000
nmc_t6plain_fuds_s0,fp32,17,7,47672792,250000000
nmc_t6plain_fuds_s0,fp32,17,8,47672792,250000000
nmc_t6plain_fuds_s0,fp32,17,9,47672792,250000000
nmc_t6plain_fuds_s0,fp32,17,10,47672792,250000000
nmc_t6plain_fuds_s0,fp32,17,11,47672792,250000000
nmc_t6plain_fuds_s0,fp32,17,12,47672792,250000000
nmc_t6plain_fuds_s0,fp32,17,13,47672792,250000000
nmc_t6plain_fuds_s0,fp32,17,14,47672792,250000000
nmc_t6plain_fuds_s0,fp32,17,15,47672792,250000000
nmc_t6plain_fuds_s0,fp32,18,0,47671641,250000000
nmc_t6plain_fuds_s0,fp32,18,1,47671595,250000000
nmc_t6plain_fuds_s0,fp32,18,2,47671595,250000000
nmc_t6plain_fuds_s0,fp32,18,3,47671595,250000000
nmc_t6plain_fuds_s0,fp32,18,4,47671595,250000000
nmc_t6plain_fuds_s0,fp32,18,5,47671595,250000000
nmc_t6plain_fuds_s0,fp32,18,6,47671595,250000000
nmc_t6plain_fuds_s0,fp32,18,7,47671595,250000000
nmc_t6plain_fuds_s0,fp32,18,8,47671595,250000000
nmc_t6plain_fuds_s0,fp32,18,9,47671595,250000000
nmc_t6plain_fuds_s0,fp32,18,10,47671595,250000000
nmc_t6plain_fuds_s0,fp32,18,11,47671595,250000000
nmc_t6plain_fuds_s0,fp32,18,12,47671595,250000000
nmc_t6plain_fuds_s0,fp32,18,13,47671595,250000000
nmc_t6plain_fuds_s0,fp32,18,14,47671595,250000000
nmc_t6plain_fuds_s0,fp32,18,15,47671595,250000000
nmc_t6plain_fuds_s0,fp32,19,0,47662894,250000000
nmc_t6plain_fuds_s0,fp32,19,1,47662848,250000000
nmc_t6plain_fuds_s0,fp32,19,2,47662848,250000000
nmc_t6plain_fuds_s0,fp32,19,3,47662848,250000000
nmc_t6plain_fuds_s0,fp32,19,4,47662848,250000000
nmc_t6plain_fuds_s0,fp32,19,5,47662848,250000000
nmc_t6plain_fuds_s0,fp32,19,6,47662848,250000000
nmc_t6plain_fuds_s0,fp32,19,7,47662848,250000000
nmc_t6plain_fuds_s0,fp32,19,8,47662848,250000000
nmc_t6plain_fuds_s0,fp32,19,9,47662848,250000000
nmc_t6plain_fuds_s0,fp32,19,10,47662848,250000000
nmc_t6plain_fuds_s0,fp32,19,11,47662848,250000000
nmc_t6plain_fuds_s0,fp32,19,12,47662848,250000000
nmc_t6plain_fuds_s0,fp32,19,13,47662848,250000000
nmc_t6plain_fuds_s0,fp32,19,14,47662848,250000000
nmc_t6plain_fuds_s0,fp32,19,15,47662848,250000000
nmc_t6plain_fuds_s0,fp32,20,0,47662002,250000000
nmc_t6plain_fuds_s0,fp32,20,1,47661956,250000000
nmc_t6plain_fuds_s0,fp32,20,2,47661956,250000000
nmc_t6plain_fuds_s0,fp32,20,3,47661956,250000000
nmc_t6plain_fuds_s0,fp32,20,4,47661956,250000000
nmc_t6plain_fuds_s0,fp32,20,5,47661956,250000000
nmc_t6plain_fuds_s0,fp32,20,6,47661956,250000000
nmc_t6plain_fuds_s0,fp32,20,7,47661956,250000000
nmc_t6plain_fuds_s0,fp32,20,8,47661956,250000000
nmc_t6plain_fuds_s0,fp32,20,9,47661956,250000000
nmc_t6plain_fuds_s0,fp32,20,10,47661956,250000000
nmc_t6plain_fuds_s0,fp32,20,11,47661956,250000000
nmc_t6plain_fuds_s0,fp32,20,12,47661956,250000000
nmc_t6plain_fuds_s0,fp32,20,13,47661956,250000000
nmc_t6plain_fuds_s0,fp32,20,14,47661956,250000000
nmc_t6plain_fuds_s0,fp32,20,15,47661956,250000000
nmc_t6plain_fuds_s0,fp32,21,0,47649773,250000000
nmc_t6plain_fuds_s0,fp32,21,1,47649725,250000000
nmc_t6plain_fuds_s0,fp32,21,2,47649725,250000000
nmc_t6plain_fuds_s0,fp32,21,3,47649725,250000000
nmc_t6plain_fuds_s0,fp32,21,4,47649725,250000000
nmc_t6plain_fuds_s0,fp32,21,5,47649725,250000000
nmc_t6plain_fuds_s0,fp32,21,6,47649725,250000000
nmc_t6plain_fuds_s0,fp32,21,7,47649725,250000000
nmc_t6plain_fuds_s0,fp32,21,8,47649725,250000000
nmc_t6plain_fuds_s0,fp32,21,9,47649725,250000000
nmc_t6plain_fuds_s0,fp32,21,10,47649725,250000000
nmc_t6plain_fuds_s0,fp32,21,11,47649725,250000000
nmc_t6plain_fuds_s0,fp32,21,12,47649725,250000000
nmc_t6plain_fuds_s0,fp32,21,13,47649725,250000000
nmc_t6plain_fuds_s0,fp32,21,14,47649725,250000000
nmc_t6plain_fuds_s0,fp32,21,15,47649725,250000000
nmc_t6plain_fuds_s0,fp32,22,0,47624960,250000000
nmc_t6plain_fuds_s0,fp32,22,1,47624912,250000000
nmc_t6plain_fuds_s0,fp32,22,2,47624912,250000000
nmc_t6plain_fuds_s0,fp32,22,3,47624912,250000000
nmc_t6plain_fuds_s0,fp32,22,4,47624912,250000000
nmc_t6plain_fuds_s0,fp32,22,5,47624912,250000000
nmc_t6plain_fuds_s0,fp32,22,6,47624912,250000000
nmc_t6plain_fuds_s0,fp32,22,7,47624912,250000000
nmc_t6plain_fuds_s0,fp32,22,8,47624912,250000000
nmc_t6plain_fuds_s0,fp32,22,9,47624912,250000000
nmc_t6plain_fuds_s0,fp32,22,10,47624912,250000000
nmc_t6plain_fuds_s0,fp32,22,11,47624912,250000000
nmc_t6plain_fuds_s0,fp32,22,12,47624912,250000000
nmc_t6plain_fuds_s0,fp32,22,13,47624912,250000000
nmc_t6plain_fuds_s0,fp32,22,14,47624912,250000000
nmc_t6plain_fuds_s0,fp32,22,15,47624912,250000000
nmc_t6plain_fuds_s0,fp32,23,0,47643653,250000000
nmc_t6plain_fuds_s0,fp32,23,1,47643605,250000000
nmc_t6plain_fuds_s0,fp32,23,2,47643605,250000000
nmc_t6plain_fuds_s0,fp32,23,3,47643605,250000000
nmc_t6plain_fuds_s0,fp32,23,4,47643605,250000000
nmc_t6plain_fuds_s0,fp32,23,5,47643605,250000000
nmc_t6plain_fuds_s0,fp32,23,6,47643605,250000000
nmc_t6plain_fuds_s0,fp32,23,7,47643605,250000000
nmc_t6plain_fuds_s0,fp32,23,8,47643605,250000000
nmc_t6plain_fuds_s0,fp32,23,9,47643605,250000000
nmc_t6plain_fuds_s0,fp32,23,10,47643605,250000000
nmc_t6plain_fuds_s0,fp32,23,11,47643605,250000000
nmc_t6plain_fuds_s0,fp32,23,12,47643605,250000000
nmc_t6plain_fuds_s0,fp32,23,13,47643605,250000000
nmc_t6plain_fuds_s0,fp32,23,14,47643605,250000000
nmc_t6plain_fuds_s0,fp32,23,15,47643605,250000000
nmc_t6plain_fuds_s0,fp32,24,0,47666180,250000000
nmc_t6plain_fuds_s0,fp32,24,1,47666134,250000000
nmc_t6plain_fuds_s0,fp32,24,2,47666134,250000000
nmc_t6plain_fuds_s0,fp32,24,3,47666134,250000000
nmc_t6plain_fuds_s0,fp32,24,4,47666134,250000000
nmc_t6plain_fuds_s0,fp32,24,5,47666134,250000000
nmc_t6plain_fuds_s0,fp32,24,6,47666134,250000000
nmc_t6plain_fuds_s0,fp32,24,7,47666134,250000000
nmc_t6plain_fuds_s0,fp32,24,8,47666134,250000000
nmc_t6plain_fuds_s0,fp32,24,9,47666134,250000000
nmc_t6plain_fuds_s0,fp32,24,10,47666134,250000000
nmc_t6plain_fuds_s0,fp32,24,11,47666134,250000000
nmc_t6plain_fuds_s0,fp32,24,12,47666134,250000000
nmc_t6plain_fuds_s0,fp32,24,13,47666134,250000000
nmc_t6plain_fuds_s0,fp32,24,14,47666134,250000000
nmc_t6plain_fuds_s0,fp32,24,15,47666134,250000000
nmc_t6plain_fuds_s0,fp32,25,0,47674266,250000000
nmc_t6plain_fuds_s0,fp32,25,1,47674211,250000000
nmc_t6plain_fuds_s0,fp32,25,2,47674211,250000000
nmc_t6plain_fuds_s0,fp32,25,3,47674211,250000000
nmc_t6plain_fuds_s0,fp32,25,4,47674211,250000000
nmc_t6plain_fuds_s0,fp32,25,5,47674211,250000000
nmc_t6plain_fuds_s0,fp32,25,6,47674211,250000000
nmc_t6plain_fuds_s0,fp32,25,7,47674211,250000000
nmc_t6plain_fuds_s0,fp32,25,8,47674211,250000000
nmc_t6plain_fuds_s0,fp32,25,9,47674211,250000000
nmc_t6plain_fuds_s0,fp32,25,10,47674211,250000000
nmc_t6plain_fuds_s0,fp32,25,11,47674211,250000000
nmc_t6plain_fuds_s0,fp32,25,12,47674211,250000000
nmc_t6plain_fuds_s0,fp32,25,13,47674211,250000000
nmc_t6plain_fuds_s0,fp32,25,14,47674211,250000000
nmc_t6plain_fuds_s0,fp32,25,15,47674211,250000000
nmc_t6plain_fuds_s0,fp32,26,0,47707822,250000000
nmc_t6plain_fuds_s0,fp32,26,1,47707769,250000000
nmc_t6plain_fuds_s0,fp32,26,2,47707769,250000000
nmc_t6plain_fuds_s0,fp32,26,3,47707769,250000000
nmc_t6plain_fuds_s0,fp32,26,4,47707769,250000000
nmc_t6plain_fuds_s0,fp32,26,5,47707769,250000000
nmc_t6plain_fuds_s0,fp32,26,6,47707769,250000000
nmc_t6plain_fuds_s0,fp32,26,7,47707769,250000000
nmc_t6plain_fuds_s0,fp32,26,8,47707769,250000000
nmc_t6plain_fuds_s0,fp32,26,9,47707769,250000000
nmc_t6plain_fuds_s0,fp32,26,10,47707769,250000000
nmc_t6plain_fuds_s0,fp32,26,11,47707769,250000000
nmc_t6plain_fuds_s0,fp32,26,12,47707769,250000000
nmc_t6plain_fuds_s0,fp32,26,13,47707769,250000000
nmc_t6plain_fuds_s0,fp32,26,14,47707769,250000000
nmc_t6plain_fuds_s0,fp32,26,15,47707769,250000000
nmc_t6plain_fuds_s0,fp32,27,0,47713813,250000000
nmc_t6plain_fuds_s0,fp32,27,1,47713760,250000000
nmc_t6plain_fuds_s0,fp32,27,2,47713760,250000000
nmc_t6plain_fuds_s0,fp32,27,3,47713760,250000000
nmc_t6plain_fuds_s0,fp32,27,4,47713760,250000000
nmc_t6plain_fuds_s0,fp32,27,5,47713760,250000000
nmc_t6plain_fuds_s0,fp32,27,6,47713760,250000000
nmc_t6plain_fuds_s0,fp32,27,7,47713760,250000000
nmc_t6plain_fuds_s0,fp32,27,8,47713760,250000000
nmc_t6plain_fuds_s0,fp32,27,9,47713760,250000000
nmc_t6plain_fuds_s0,fp32,27,10,47713760,250000000
nmc_t6plain_fuds_s0,fp32,27,11,47713760,250000000
nmc_t6plain_fuds_s0,fp32,27,12,47713760,250000000
nmc_t6plain_fuds_s0,fp32,27,13,47713760,250000000
nmc_t6plain_fuds_s0,fp32,27,14,47713760,250000000
nmc_t6plain_fuds_s0,fp32,27,15,47713760,250000000
nmc_t6plain_fuds_s0,fp32,28,0,47736672,250000000
nmc_t6plain_fuds_s0,fp32,28,1,47736619,250000000
nmc_t6plain_fuds_s0,fp32,28,2,47736619,250000000
nmc_t6plain_fuds_s0,fp32,28,3,47736619,250000000
nmc_t6plain_fuds_s0,fp32,28,4,47736619,250000000
nmc_t6plain_fuds_s0,fp32,28,5,47736619,250000000
nmc_t6plain_fuds_s0,fp32,28,6,47736619,250000000
nmc_t6plain_fuds_s0,fp32,28,7,47736619,250000000
nmc_t6plain_fuds_s0,fp32,28,8,47736619,250000000
nmc_t6plain_fuds_s0,fp32,28,9,47736619,250000000
nmc_t6plain_fuds_s0,fp32,28,10,47736619,250000000
nmc_t6plain_fuds_s0,fp32,28,11,47736619,250000000
nmc_t6plain_fuds_s0,fp32,28,12,47736619,250000000
nmc_t6plain_fuds_s0,fp32,28,13,47736619,250000000
nmc_t6plain_fuds_s0,fp32,28,14,47736619,250000000
nmc_t6plain_fuds_s0,fp32,28,15,47736619,250000000
nmc_t6plain_fuds_s0,fp32,29,0,47736184,250000000
nmc_t6plain_fuds_s0,fp32,29,1,47736131,250000000
nmc_t6plain_fuds_s0,fp32,29,2,47736131,250000000
nmc_t6plain_fuds_s0,fp32,29,3,47736131,250000000
nmc_t6plain_fuds_s0,fp32,29,4,47736131,250000000
nmc_t6plain_fuds_s0,fp32,29,5,47736131,250000000
nmc_t6plain_fuds_s0,fp32,29,6,47736131,250000000
nmc_t6plain_fuds_s0,fp32,29,7,47736131,250000000
nmc_t6plain_fuds_s0,fp32,29,8,47736131,250000000
nmc_t6plain_fuds_s0,fp32,29,9,47736131,250000000
nmc_t6plain_fuds_s0,fp32,29,10,47736131,250000000
nmc_t6plain_fuds_s0,fp32,29,11,47736131,250000000
nmc_t6plain_fuds_s0,fp32,29,12,47736131,250000000
nmc_t6plain_fuds_s0,fp32,29,13,47736131,250000000
nmc_t6plain_fuds_s0,fp32,29,14,47736131,250000000
nmc_t6plain_fuds_s0,fp32,29,15,47736131,250000000
nmc_t6plain_fuds_s0,fp32,30,0,47738468,250000000
nmc_t6plain_fuds_s0,fp32,30,1,47738445,250000000
nmc_t6plain_fuds_s0,fp32,30,2,47738445,250000000
nmc_t6plain_fuds_s0,fp32,30,3,47738445,250000000
nmc_t6plain_fuds_s0,fp32,30,4,47738445,250000000
nmc_t6plain_fuds_s0,fp32,30,5,47738445,250000000
nmc_t6plain_fuds_s0,fp32,30,6,47738445,250000000
nmc_t6plain_fuds_s0,fp32,30,7,47738445,250000000
nmc_t6plain_fuds_s0,fp32,30,8,47738445,250000000
nmc_t6plain_fuds_s0,fp32,30,9,47738445,250000000
nmc_t6plain_fuds_s0,fp32,30,10,47738445,250000000
nmc_t6plain_fuds_s0,fp32,30,11,47738445,250000000
nmc_t6plain_fuds_s0,fp32,30,12,47738445,250000000
nmc_t6plain_fuds_s0,fp32,30,13,47738445,250000000
nmc_t6plain_fuds_s0,fp32,30,14,47738445,250000000
nmc_t6plain_fuds_s0,fp32,30,15,47738445,250000000
nmc_t6plain_fuds_s0,fp32,31,0,47754190,250000000
nmc_t6plain_fuds_s0,fp32,31,1,47754167,250000000
nmc_t6plain_fuds_s0,fp32,31,2,47754167,250000000
nmc_t6plain_fuds_s0,fp32,31,3,47754167,250000000
nmc_t6plain_fuds_s0,fp32,31,4,47754167,250000000
nmc_t6plain_fuds_s0,fp32,31,5,47754167,250000000
nmc_t6plain_fuds_s0,fp32,31,6,47754167,250000000
nmc_t6plain_fuds_s0,fp32,31,7,47754167,250000000
nmc_t6plain_fuds_s0,fp32,31,8,47754167,250000000
nmc_t6plain_fuds_s0,fp32,31,9,47754167,250000000
nmc_t6plain_fuds_s0,fp32,31,10,47754167,250000000
nmc_t6plain_fuds_s0,fp32,31,11,47754167,250000000
nmc_t6plain_fuds_s0,fp32,31,12,47754167,250000000
nmc_t6plain_fuds_s0,fp32,31,13,47754167,250000000
nmc_t6plain_fuds_s0,fp32,31,14,47754167,250000000
nmc_t6plain_fuds_s0,fp32,31,15,47754167,250000000
nmc_t6plain_fuds_s0,fp32,32,0,47731680,250000000
nmc_t6plain_fuds_s0,fp32,32,1,47731657,250000000
nmc_t6plain_fuds_s0,fp32,32,2,47731657,250000000
nmc_t6plain_fuds_s0,fp32,32,3,47731657,250000000
nmc_t6plain_fuds_s0,fp32,32,4,47731657,250000000
nmc_t6plain_fuds_s0,fp32,32,5,47731657,250000000
nmc_t6plain_fuds_s0,fp32,32,6,47731657,250000000
nmc_t6plain_fuds_s0,fp32,32,7,47731657,250000000
nmc_t6plain_fuds_s0,fp32,32,8,47731657,250000000
nmc_t6plain_fuds_s0,fp32,32,9,47731657,250000000
nmc_t6plain_fuds_s0,fp32,32,10,47731657,250000000
nmc_t6plain_fuds_s0,fp32,32,11,47731657,250000000
nmc_t6plain_fuds_s0,fp32,32,12,47731657,250000000
nmc_t6plain_fuds_s0,fp32,32,13,47731657,250000000
nmc_t6plain_fuds_s0,fp32,32,14,47731657,250000000
nmc_t6plain_fuds_s0,fp32,32,15,47731657,250000000
nmc_t6plain_fuds_s0,fp32,33,0,47718832,250000000
nmc_t6plain_fuds_s0,fp32,33,1,47718779,250000000
nmc_t6plain_fuds_s0,fp32,33,2,47718779,250000000
nmc_t6plain_fuds_s0,fp32,33,3,47718779,250000000
nmc_t6plain_fuds_s0,fp32,33,4,47718779,250000000
nmc_t6plain_fuds_s0,fp32,33,5,47718779,250000000
nmc_t6plain_fuds_s0,fp32,33,6,47718779,250000000
nmc_t6plain_fuds_s0,fp32,33,7,47718779,250000000
nmc_t6plain_fuds_s0,fp32,33,8,47718779,250000000
nmc_t6plain_fuds_s0,fp32,33,9,47718779,250000000
nmc_t6plain_fuds_s0,fp32,33,10,47718779,250000000
nmc_t6plain_fuds_s0,fp32,33,11,47718779,250000000
nmc_t6plain_fuds_s0,fp32,33,12,47718779,250000000
nmc_t6plain_fuds_s0,fp32,33,13,47718779,250000000
nmc_t6plain_fuds_s0,fp32,33,14,47718779,250000000
nmc_t6plain_fuds_s0,fp32,33,15,47718779,250000000
nmc_t6plain_fuds_s0,fp32,34,0,47715597,250000000
nmc_t6plain_fuds_s0,fp32,34,1,47715544,250000000
nmc_t6plain_fuds_s0,fp32,34,2,47715544,250000000
nmc_t6plain_fuds_s0,fp32,34,3,47715544,250000000
nmc_t6plain_fuds_s0,fp32,34,4,47715544,250000000
nmc_t6plain_fuds_s0,fp32,34,5,47715544,250000000
nmc_t6plain_fuds_s0,fp32,34,6,47715544,250000000
nmc_t6plain_fuds_s0,fp32,34,7,47715544,250000000
nmc_t6plain_fuds_s0,fp32,34,8,47715544,250000000
nmc_t6plain_fuds_s0,fp32,34,9,47715544,250000000
nmc_t6plain_fuds_s0,fp32,34,10,47715544,250000000
nmc_t6plain_fuds_s0,fp32,34,11,47715544,250000000
nmc_t6plain_fuds_s0,fp32,34,12,47715544,250000000
nmc_t6plain_fuds_s0,fp32,34,13,47715544,250000000
nmc_t6plain_fuds_s0,fp32,34,14,47715544,250000000
nmc_t6plain_fuds_s0,fp32,34,15,47715544,250000000
nmc_t6plain_fuds_s0,fp32,35,0,47700448,250000000
nmc_t6plain_fuds_s0,fp32,35,1,47700395,250000000
nmc_t6plain_fuds_s0,fp32,35,2,47700395,250000000
nmc_t6plain_fuds_s0,fp32,35,3,47700395,250000000
nmc_t6plain_fuds_s0,fp32,35,4,47700395,250000000
nmc_t6plain_fuds_s0,fp32,35,5,47700395,250000000
nmc_t6plain_fuds_s0,fp32,35,6,47700395,250000000
nmc_t6plain_fuds_s0,fp32,35,7,47700395,250000000
nmc_t6plain_fuds_s0,fp32,35,8,47700395,250000000
nmc_t6plain_fuds_s0,fp32,35,9,47700395,250000000
nmc_t6plain_fuds_s0,fp32,35,10,47700395,250000000
nmc_t6plain_fuds_s0,fp32,35,11,47700395,250000000
nmc_t6plain_fuds_s0,fp32,35,12,47700395,250000000
nmc_t6plain_fuds_s0,fp32,35,13,47700395,250000000
nmc_t6plain_fuds_s0,fp32,35,14,47700395,250000000
nmc_t6plain_fuds_s0,fp32,35,15,47700395,250000000
nmc_t6plain_fuds_s0,fp32,36,0,47694845,250000000
nmc_t6plain_fuds_s0,fp32,36,1,47694792,250000000
nmc_t6plain_fuds_s0,fp32,36,2,47694792,250000000
nmc_t6plain_fuds_s0,fp32,36,3,47694792,250000000
nmc_t6plain_fuds_s0,fp32,36,4,47694792,250000000
nmc_t6plain_fuds_s0,fp32,36,5,47694792,250000000
nmc_t6plain_fuds_s0,fp32,36,6,47694792,250000000
nmc_t6plain_fuds_s0,fp32,36,7,47694792,250000000
nmc_t6plain_fuds_s0,fp32,36,8,47694792,250000000
nmc_t6plain_fuds_s0,fp32,36,9,47694792,250000000
nmc_t6plain_fuds_s0,fp32,36,10,47694792,250000000
nmc_t6plain_fuds_s0,fp32,36,11,47694792,250000000
nmc_t6plain_fuds_s0,fp32,36,12,47694792,250000000
nmc_t6plain_fuds_s0,fp32,36,13,47694792,250000000
nmc_t6plain_fuds_s0,fp32,36,14,47694792,250000000
nmc_t6plain_fuds_s0,fp32,36,15,47694792,250000000
nmc_t6plain_fuds_s0,fp32,37,0,47689216,250000000
nmc_t6plain_fuds_s0,fp32,37,1,47689161,250000000
nmc_t6plain_fuds_s0,fp32,37,2,47689161,250000000
nmc_t6plain_fuds_s0,fp32,37,3,47689161,250000000
nmc_t6plain_fuds_s0,fp32,37,4,47689161,250000000
nmc_t6plain_fuds_s0,fp32,37,5,47689161,250000000
nmc_t6plain_fuds_s0,fp32,37,6,47689161,250000000
nmc_t6plain_fuds_s0,fp32,37,7,47689161,250000000
nmc_t6plain_fuds_s0,fp32,37,8,47689161,250000000
nmc_t6plain_fuds_s0,fp32,37,9,47689161,250000000
nmc_t6plain_fuds_s0,fp32,37,10,47689161,250000000
nmc_t6plain_fuds_s0,fp32,37,11,47689161,250000000
nmc_t6plain_fuds_s0,fp32,37,12,47689161,250000000
nmc_t6plain_fuds_s0,fp32,37,13,47689161,250000000
nmc_t6plain_fuds_s0,fp32,37,14,47689161,250000000
nmc_t6plain_fuds_s0,fp32,37,15,47689161,250000000
nmc_t6plain_fuds_s0,fp32,38,0,47698865,250000000
nmc_t6plain_fuds_s0,fp32,38,1,47698817,250000000
nmc_t6plain_fuds_s0,fp32,38,2,47698817,250000000
nmc_t6plain_fuds_s0,fp32,38,3,47698817,250000000
nmc_t6plain_fuds_s0,fp32,38,4,47698817,250000000
nmc_t6plain_fuds_s0,fp32,38,5,47698817,250000000
nmc_t6plain_fuds_s0,fp32,38,6,47698817,250000000
nmc_t6plain_fuds_s0,fp32,38,7,47698817,250000000
nmc_t6plain_fuds_s0,fp32,38,8,47698817,250000000
nmc_t6plain_fuds_s0,fp32,38,9,47698817,250000000
nmc_t6plain_fuds_s0,fp32,38,10,47698817,250000000
nmc_t6plain_fuds_s0,fp32,38,11,47698817,250000000
nmc_t6plain_fuds_s0,fp32,38,12,47698817,250000000
nmc_t6plain_fuds_s0,fp32,38,13,47698817,250000000
nmc_t6plain_fuds_s0,fp32,38,14,47698817,250000000
nmc_t6plain_fuds_s0,fp32,38,15,47698817,250000000
nmc_t6plain_fuds_s0,fp32,39,0,47706876,250000000
nmc_t6plain_fuds_s0,fp32,39,1,47706830,250000000
nmc_t6plain_fuds_s0,fp32,39,2,47706830,250000000
nmc_t6plain_fuds_s0,fp32,39,3,47706830,250000000
nmc_t6plain_fuds_s0,fp32,39,4,47706830,250000000
nmc_t6plain_fuds_s0,fp32,39,5,47706830,250000000
nmc_t6plain_fuds_s0,fp32,39,6,47706830,250000000
nmc_t6plain_fuds_s0,fp32,39,7,47706830,250000000
nmc_t6plain_fuds_s0,fp32,39,8,47706830,250000000
nmc_t6plain_fuds_s0,fp32,39,9,47706830,250000000
nmc_t6plain_fuds_s0,fp32,39,10,47706830,250000000
nmc_t6plain_fuds_s0,fp32,39,11,47706830,250000000
nmc_t6plain_fuds_s0,fp32,39,12,47706830,250000000
nmc_t6plain_fuds_s0,fp32,39,13,47706830,250000000
nmc_t6plain_fuds_s0,fp32,39,14,47706830,250000000
nmc_t6plain_fuds_s0,fp32,39,15,47706830,250000000
nmc_t6plain_fuds_s0,fp32,40,0,47697953,250000000
nmc_t6plain_fuds_s0,fp32,40,1,47697907,250000000
nmc_t6plain_fuds_s0,fp32,40,2,47697907,250000000
nmc_t6plain_fuds_s0,fp32,40,3,47697907,250000000
nmc_t6plain_fuds_s0,fp32,40,4,47697907,250000000
nmc_t6plain_fuds_s0,fp32,40,5,47697907,250000000
nmc_t6plain_fuds_s0,fp32,40,6,47697907,250000000
nmc_t6plain_fuds_s0,fp32,40,7,47697907,250000000
nmc_t6plain_fuds_s0,fp32,40,8,47697907,250000000
nmc_t6plain_fuds_s0,fp32,40,9,47697907,250000000
nmc_t6plain_fuds_s0,fp32,40,10,47697907,250000000
nmc_t6plain_fuds_s0,fp32,40,11,47697907,250000000
nmc_t6plain_fuds_s0,fp32,40,12,47697907,250000000
nmc_t6plain_fuds_s0,fp32,40,13,47697907,250000000
nmc_t6plain_fuds_s0,fp32,40,14,47697907,250000000
nmc_t6plain_fuds_s0,fp32,40,15,47697907,250000000
nmc_t6plain_fuds_s0,fp32,41,0,47695130,250000000
nmc_t6plain_fuds_s0,fp32,41,1,47695084,250000000
nmc_t6plain_fuds_s0,fp32,41,2,47695084,250000000
nmc_t6plain_fuds_s0,fp32,41,3,47695084,250000000
nmc_t6plain_fuds_s0,fp32,41,4,47695084,250000000
nmc_t6plain_fuds_s0,fp32,41,5,47695084,250000000
nmc_t6plain_fuds_s0,fp32,41,6,47695084,250000000
nmc_t6plain_fuds_s0,fp32,41,7,47695084,250000000
nmc_t6plain_fuds_s0,fp32,41,8,47695084,250000000
nmc_t6plain_fuds_s0,fp32,41,9,47695084,250000000
nmc_t6plain_fuds_s0,fp32,41,10,47695084,250000000
nmc_t6plain_fuds_s0,fp32,41,11,47695084,250000000
nmc_t6plain_fuds_s0,fp32,41,12,47695084,250000000
nmc_t6plain_fuds_s0,fp32,41,13,47695084,250000000
nmc_t6plain_fuds_s0,fp32,41,14,47695084,250000000
nmc_t6plain_fuds_s0,fp32,41,15,47695084,250000000
nmc_t6plain_fuds_s0,fp32,42,0,47616709,250000000
nmc_t6plain_fuds_s0,fp32,42,1,47616661,250000000
nmc_t6plain_fuds_s0,fp32,42,2,47616661,250000000
nmc_t6plain_fuds_s0,fp32,42,3,47616661,250000000
nmc_t6plain_fuds_s0,fp32,42,4,47616661,250000000
nmc_t6plain_fuds_s0,fp32,42,5,47616661,250000000
nmc_t6plain_fuds_s0,fp32,42,6,47616661,250000000
nmc_t6plain_fuds_s0,fp32,42,7,47616661,250000000
nmc_t6plain_fuds_s0,fp32,42,8,47616661,250000000
nmc_t6plain_fuds_s0,fp32,42,9,47616661,250000000
nmc_t6plain_fuds_s0,fp32,42,10,47616661,250000000
nmc_t6plain_fuds_s0,fp32,42,11,47616661,250000000
nmc_t6plain_fuds_s0,fp32,42,12,47616661,250000000
nmc_t6plain_fuds_s0,fp32,42,13,47616661,250000000
nmc_t6plain_fuds_s0,fp32,42,14,47616661,250000000
nmc_t6plain_fuds_s0,fp32,42,15,47616661,250000000
nmc_t6plain_fuds_s0,fp32,43,0,47592807,250000000
nmc_t6plain_fuds_s0,fp32,43,1,47592759,250000000
nmc_t6plain_fuds_s0,fp32,43,2,47592759,250000000
nmc_t6plain_fuds_s0,fp32,43,3,47592759,250000000
nmc_t6plain_fuds_s0,fp32,43,4,47592759,250000000
nmc_t6plain_fuds_s0,fp32,43,5,47592759,250000000
nmc_t6plain_fuds_s0,fp32,43,6,47592759,250000000
nmc_t6plain_fuds_s0,fp32,43,7,47592759,250000000
nmc_t6plain_fuds_s0,fp32,43,8,47592759,250000000
nmc_t6plain_fuds_s0,fp32,43,9,47592759,250000000
nmc_t6plain_fuds_s0,fp32,43,10,47592759,250000000
nmc_t6plain_fuds_s0,fp32,43,11,47592759,250000000
nmc_t6plain_fuds_s0,fp32,43,12,47592759,250000000
nmc_t6plain_fuds_s0,fp32,43,13,47592759,250000000
nmc_t6plain_fuds_s0,fp32,43,14,47592759,250000000
nmc_t6plain_fuds_s0,fp32,43,15,47592759,250000000
nmc_t6plain_fuds_s0,fp32,44,0,47629585,250000000
nmc_t6plain_fuds_s0,fp32,44,1,47629539,250000000
nmc_t6plain_fuds_s0,fp32,44,2,47629539,250000000
nmc_t6plain_fuds_s0,fp32,44,3,47629539,250000000
nmc_t6plain_fuds_s0,fp32,44,4,47629539,250000000
nmc_t6plain_fuds_s0,fp32,44,5,47629539,250000000
nmc_t6plain_fuds_s0,fp32,44,6,47629539,250000000
nmc_t6plain_fuds_s0,fp32,44,7,47629539,250000000
nmc_t6plain_fuds_s0,fp32,44,8,47629539,250000000
nmc_t6plain_fuds_s0,fp32,44,9,47629539,250000000
nmc_t6plain_fuds_s0,fp32,44,10,47629539,250000000
nmc_t6plain_fuds_s0,fp32,44,11,47629539,250000000
nmc_t6plain_fuds_s0,fp32,44,12,47629539,250000000
nmc_t6plain_fuds_s0,fp32,44,13,47629539,250000000
nmc_t6plain_fuds_s0,fp32,44,14,47629539,250000000
nmc_t6plain_fuds_s0,fp32,44,15,47629539,250000000
nmc_t6plain_fuds_s0,fp32,45,0,47643422,250000000
nmc_t6plain_fuds_s0,fp32,45,1,47643374,250000000
nmc_t6plain_fuds_s0,fp32,45,2,47643374,250000000
nmc_t6plain_fuds_s0,fp32,45,3,47643374,250000000
nmc_t6plain_fuds_s0,fp32,45,4,47643374,250000000
nmc_t6plain_fuds_s0,fp32,45,5,47643374,250000000
nmc_t6plain_fuds_s0,fp32,45,6,47643374,250000000
nmc_t6plain_fuds_s0,fp32,45,7,47643374,250000000
nmc_t6plain_fuds_s0,fp32,45,8,47643374,250000000
nmc_t6plain_fuds_s0,fp32,45,9,47643374,250000000
nmc_t6plain_fuds_s0,fp32,45,10,47643374,250000000
nmc_t6plain_fuds_s0,fp32,45,11,47643374,250000000
nmc_t6plain_fuds_s0,fp32,45,12,47643374,250000000
nmc_t6plain_fuds_s0,fp32,45,13,47643374,250000000
nmc_t6plain_fuds_s0,fp32,45,14,47643374,250000000
nmc_t6plain_fuds_s0,fp32,45,15,47643374,250000000
nmc_t6plain_fuds_s0,fp32,46,0,47652980,250000000
nmc_t6plain_fuds_s0,fp32,46,1,47652927,250000000
nmc_t6plain_fuds_s0,fp32,46,2,47652927,250000000
nmc_t6plain_fuds_s0,fp32,46,3,47652927,250000000
nmc_t6plain_fuds_s0,fp32,46,4,47652927,250000000
nmc_t6plain_fuds_s0,fp32,46,5,47652927,250000000
nmc_t6plain_fuds_s0,fp32,46,6,47652927,250000000
nmc_t6plain_fuds_s0,fp32,46,7,47652927,250000000
nmc_t6plain_fuds_s0,fp32,46,8,47652927,250000000
nmc_t6plain_fuds_s0,fp32,46,9,47652927,250000000
nmc_t6plain_fuds_s0,fp32,46,10,47652927,250000000
nmc_t6plain_fuds_s0,fp32,46,11,47652927,250000000
nmc_t6plain_fuds_s0,fp32,46,12,47652927,250000000
nmc_t6plain_fuds_s0,fp32,46,13,47652927,250000000
nmc_t6plain_fuds_s0,fp32,46,14,47652927,250000000
nmc_t6plain_fuds_s0,fp32,46,15,47652927,250000000
nmc_t6plain_fuds_s0,fp32,47,0,47674956,250000000
nmc_t6plain_fuds_s0,fp32,47,1,47674903,250000000
nmc_t6plain_fuds_s0,fp32,47,2,47674903,250000000
nmc_t6plain_fuds_s0,fp32,47,3,47674903,250000000
nmc_t6plain_fuds_s0,fp32,47,4,47674903,250000000
nmc_t6plain_fuds_s0,fp32,47,5,47674903,250000000
nmc_t6plain_fuds_s0,fp32,47,6,47674903,250000000
nmc_t6plain_fuds_s0,fp32,47,7,47674903,250000000
nmc_t6plain_fuds_s0,fp32,47,8,47674903,250000000
nmc_t6plain_fuds_s0,fp32,47,9,47674903,250000000
nmc_t6plain_fuds_s0,fp32,47,10,47674903,250000000
nmc_t6plain_fuds_s0,fp32,47,11,47674903,250000000
nmc_t6plain_fuds_s0,fp32,47,12,47674903,250000000
nmc_t6plain_fuds_s0,fp32,47,13,47674903,250000000
nmc_t6plain_fuds_s0,fp32,47,14,47674903,250000000
nmc_t6plain_fuds_s0,fp32,47,15,47674903,250000000
nmc_t6plain_fuds_s0,fp32,48,0,47665803,250000000
nmc_t6plain_fuds_s0,fp32,48,1,47665748,250000000
nmc_t6plain_fuds_s0,fp32,48,2,47665748,250000000
nmc_t6plain_fuds_s0,fp32,48,3,47665748,250000000
nmc_t6plain_fuds_s0,fp32,48,4,47665748,250000000
nmc_t6plain_fuds_s0,fp32,48,5,47665748,250000000
nmc_t6plain_fuds_s0,fp32,48,6,47665748,250000000
nmc_t6plain_fuds_s0,fp32,48,7,47665748,250000000
nmc_t6plain_fuds_s0,fp32,48,8,47665748,250000000
nmc_t6plain_fuds_s0,fp32,48,9,47665748,250000000
nmc_t6plain_fuds_s0,fp32,48,10,47665748,250000000
nmc_t6plain_fuds_s0,fp32,48,11,47665748,250000000
nmc_t6plain_fuds_s0,fp32,48,12,47665748,250000000
nmc_t6plain_fuds_s0,fp32,48,13,47665748,250000000
nmc_t6plain_fuds_s0,fp32,48,14,47665748,250000000
nmc_t6plain_fuds_s0,fp32,48,15,47665748,250000000
nmc_t6plain_fuds_s0,fp32,49,0,47704273,250000000
nmc_t6plain_fuds_s0,fp32,49,1,47704220,250000000
nmc_t6plain_fuds_s0,fp32,49,2,47704220,250000000
nmc_t6plain_fuds_s0,fp32,49,3,47704220,250000000
nmc_t6plain_fuds_s0,fp32,49,4,47704220,250000000
nmc_t6plain_fuds_s0,fp32,49,5,47704220,250000000
nmc_t6plain_fuds_s0,fp32,49,6,47704220,250000000
nmc_t6plain_fuds_s0,fp32,49,7,47704220,250000000
nmc_t6plain_fuds_s0,fp32,49,8,47704220,250000000
nmc_t6plain_fuds_s0,fp32,49,9,47704220,250000000
nmc_t6plain_fuds_s0,fp32,49,10,47704220,250000000
nmc_t6plain_fuds_s0,fp32,49,11,47704220,250000000
nmc_t6plain_fuds_s0,fp32,49,12,47704220,250000000
nmc_t6plain_fuds_s0,fp32,49,13,47704220,250000000
nmc_t6plain_fuds_s0,fp32,49,14,47704220,250000000
nmc_t6plain_fuds_s0,fp32,49,15,47704220,250000000
nmc_t6plain_fuds_s0,fp32,50,0,47700565,250000000
nmc_t6plain_fuds_s0,fp32,50,1,47700510,250000000
nmc_t6plain_fuds_s0,fp32,50,2,47700510,250000000
nmc_t6plain_fuds_s0,fp32,50,3,47700510,250000000
nmc_t6plain_fuds_s0,fp32,50,4,47700510,250000000
nmc_t6plain_fuds_s0,fp32,50,5,47700510,250000000
nmc_t6plain_fuds_s0,fp32,50,6,47700510,250000000
nmc_t6plain_fuds_s0,fp32,50,7,47700510,250000000
nmc_t6plain_fuds_s0,fp32,50,8,47700510,250000000
nmc_t6plain_fuds_s0,fp32,50,9,47700510,250000000
nmc_t6plain_fuds_s0,fp32,50,10,47700510,250000000
nmc_t6plain_fuds_s0,fp32,50,11,47700510,250000000
nmc_t6plain_fuds_s0,fp32,50,12,47700510,250000000
nmc_t6plain_fuds_s0,fp32,50,13,47700510,250000000
nmc_t6plain_fuds_s0,fp32,50,14,47700510,250000000
nmc_t6plain_fuds_s0,fp32,50,15,47700510,250000000
nmc_t6plain_fuds_s0,fp32,51,0,47720535,250000000
nmc_t6plain_fuds_s0,fp32,51,1,47720512,250000000
nmc_t6plain_fuds_s0,fp32,51,2,47720512,250000000
nmc_t6plain_fuds_s0,fp32,51,3,47720512,250000000
nmc_t6plain_fuds_s0,fp32,51,4,47720512,250000000
nmc_t6plain_fuds_s0,fp32,51,5,47720512,250000000
nmc_t6plain_fuds_s0,fp32,51,6,47720512,250000000
nmc_t6plain_fuds_s0,fp32,51,7,47720512,250000000
nmc_t6plain_fuds_s0,fp32,51,8,47720512,250000000
nmc_t6plain_fuds_s0,fp32,51,9,47720512,250000000
nmc_t6plain_fuds_s0,fp32,51,10,47720512,250000000
nmc_t6plain_fuds_s0,fp32,51,11,47720512,250000000
nmc_t6plain_fuds_s0,fp32,51,12,47720512,250000000
nmc_t6plain_fuds_s0,fp32,51,13,47720512,250000000
nmc_t6plain_fuds_s0,fp32,51,14,47720512,250000000
nmc_t6plain_fuds_s0,fp32,51,15,47720512,250000000
nmc_t6plain_fuds_s0,fp32,52,0,47696771,250000000
nmc_t6plain_fuds_s0,fp32,52,1,47696746,250000000
nmc_t6plain_fuds_s0,fp32,52,2,47696746,250000000
nmc_t6plain_fuds_s0,fp32,52,3,47696746,250000000
nmc_t6plain_fuds_s0,fp32,52,4,47696746,250000000
nmc_t6plain_fuds_s0,fp32,52,5,47696746,250000000
nmc_t6plain_fuds_s0,fp32,52,6,47696746,250000000
nmc_t6plain_fuds_s0,fp32,52,7,47696746,250000000
nmc_t6plain_fuds_s0,fp32,52,8,47696746,250000000
nmc_t6plain_fuds_s0,fp32,52,9,47696746,250000000
nmc_t6plain_fuds_s0,fp32,52,10,47696746,250000000
nmc_t6plain_fuds_s0,fp32,52,11,47696746,250000000
nmc_t6plain_fuds_s0,fp32,52,12,47696746,250000000
nmc_t6plain_fuds_s0,fp32,52,13,47696746,250000000
nmc_t6plain_fuds_s0,fp32,52,14,47696746,250000000
nmc_t6plain_fuds_s0,fp32,52,15,47696746,250000000
nmc_t6plain_fuds_s0,fp32,53,0,47690650,250000000
nmc_t6plain_fuds_s0,fp32,53,1,47690595,250000000
nmc_t6plain_fuds_s0,fp32,53,2,47690595,250000000
nmc_t6plain_fuds_s0,fp32,53,3,47690595,250000000
nmc_t6plain_fuds_s0,fp32,53,4,47690595,250000000
nmc_t6plain_fuds_s0,fp32,53,5,47690595,250000000
nmc_t6plain_fuds_s0,fp32,53,6,47690595,250000000
nmc_t6plain_fuds_s0,fp32,53,7,47690595,250000000
nmc_t6plain_fuds_s0,fp32,53,8,47690595,250000000
nmc_t6plain_fuds_s0,fp32,53,9,47690595,250000000
nmc_t6plain_fuds_s0,fp32,53,10,47690595,250000000
nmc_t6plain_fuds_s0,fp32,53,11,47690595,250000000
nmc_t6plain_fuds_s0,fp32,53,12,47690595,250000000
nmc_t6plain_fuds_s0,fp32,53,13,47690595,250000000
nmc_t6plain_fuds_s0,fp32,53,14,47690595,250000000
nmc_t6plain_fuds_s0,fp32,53,15,47690595,250000000
nmc_t6plain_fuds_s0,fp32,54,0,47679712,250000000
nmc_t6plain_fuds_s0,fp32,54,1,47679657,250000000
nmc_t6plain_fuds_s0,fp32,54,2,47679657,250000000
nmc_t6plain_fuds_s0,fp32,54,3,47679657,250000000
nmc_t6plain_fuds_s0,fp32,54,4,47679657,250000000
nmc_t6plain_fuds_s0,fp32,54,5,47679657,250000000
nmc_t6plain_fuds_s0,fp32,54,6,47679657,250000000
nmc_t6plain_fuds_s0,fp32,54,7,47679657,250000000
nmc_t6plain_fuds_s0,fp32,54,8,47679657,250000000
nmc_t6plain_fuds_s0,fp32,54,9,47679657,250000000
nmc_t6plain_fuds_s0,fp32,54,10,47679657,250000000
nmc_t6plain_fuds_s0,fp32,54,11,47679657,250000000
nmc_t6plain_fuds_s0,fp32,54,12,47679657,250000000
nmc_t6plain_fuds_s0,fp32,54,13,47679657,250000000
nmc_t6plain_fuds_s0,fp32,54,14,47679657,250000000
nmc_t6plain_fuds_s0,fp32,54,15,47679657,250000000
nmc_t6plain_fuds_s0,fp32,55,0,47644116,250000000
nmc_t6plain_fuds_s0,fp32,55,1,47644061,250000000
nmc_t6plain_fuds_s0,fp32,55,2,47644061,250000000
nmc_t6plain_fuds_s0,fp32,55,3,47644061,250000000
nmc_t6plain_fuds_s0,fp32,55,4,47644061,250000000
nmc_t6plain_fuds_s0,fp32,55,5,47644061,250000000
nmc_t6plain_fuds_s0,fp32,55,6,47644061,250000000
nmc_t6plain_fuds_s0,fp32,55,7,47644061,250000000
nmc_t6plain_fuds_s0,fp32,55,8,47644061,250000000
nmc_t6plain_fuds_s0,fp32,55,9,47644061,250000000
nmc_t6plain_fuds_s0,fp32,55,10,47644061,250000000
nmc_t6plain_fuds_s0,fp32,55,11,47644061,250000000
nmc_t6plain_fuds_s0,fp32,55,12,47644061,250000000
nmc_t6plain_fuds_s0,fp32,55,13,47644061,250000000
nmc_t6plain_fuds_s0,fp32,55,14,47644061,250000000
nmc_t6plain_fuds_s0,fp32,55,15,47644061,250000000
nmc_t6plain_fuds_s0,fp32,56,0,47661137,250000000
nmc_t6plain_fuds_s0,fp32,56,1,47661082,250000000
nmc_t6plain_fuds_s0,fp32,56,2,47661082,250000000
nmc_t6plain_fuds_s0,fp32,56,3,47661082,250000000
nmc_t6plain_fuds_s0,fp32,56,4,47661082,250000000
nmc_t6plain_fuds_s0,fp32,56,5,47661082,250000000
nmc_t6plain_fuds_s0,fp32,56,6,47661082,250000000
nmc_t6plain_fuds_s0,fp32,56,7,47661082,250000000
nmc_t6plain_fuds_s0,fp32,56,8,47661082,250000000
nmc_t6plain_fuds_s0,fp32,56,9,47661082,250000000
nmc_t6plain_fuds_s0,fp32,56,10,47661082,250000000
nmc_t6plain_fuds_s0,fp32,56,11,47661082,250000000
nmc_t6plain_fuds_s0,fp32,56,12,47661082,250000000
nmc_t6plain_fuds_s0,fp32,56,13,47661082,250000000
nmc_t6plain_fuds_s0,fp32,56,14,47661082,250000000
nmc_t6plain_fuds_s0,fp32,56,15,47661082,250000000
nmc_t6plain_fuds_s0,fp32,57,0,47657020,250000000
nmc_t6plain_fuds_s0,fp32,57,1,47656965,250000000
nmc_t6plain_fuds_s0,fp32,57,2,47656965,250000000
nmc_t6plain_fuds_s0,fp32,57,3,47656965,250000000
nmc_t6plain_fuds_s0,fp32,57,4,47656965,250000000
nmc_t6plain_fuds_s0,fp32,57,5,47656965,250000000
nmc_t6plain_fuds_s0,fp32,57,6,47656965,250000000
nmc_t6plain_fuds_s0,fp32,57,7,47656965,250000000
nmc_t6plain_fuds_s0,fp32,57,8,47656965,250000000
nmc_t6plain_fuds_s0,fp32,57,9,47656965,250000000
nmc_t6plain_fuds_s0,fp32,57,10,47656965,250000000
nmc_t6plain_fuds_s0,fp32,57,11,47656965,250000000
nmc_t6plain_fuds_s0,fp32,57,12,47656965,250000000
nmc_t6plain_fuds_s0,fp32,57,13,47656965,250000000
nmc_t6plain_fuds_s0,fp32,57,14,47656965,250000000
nmc_t6plain_fuds_s0,fp32,57,15,47656965,250000000
nmc_t6plain_fuds_s0,fp32,58,0,47671182,250000000
nmc_t6plain_fuds_s0,fp32,58,1,47671134,250000000
nmc_t6plain_fuds_s0,fp32,58,2,47671134,250000000
nmc_t6plain_fuds_s0,fp32,58,3,47671134,250000000
nmc_t6plain_fuds_s0,fp32,58,4,47671134,250000000
nmc_t6plain_fuds_s0,fp32,58,5,47671134,250000000
nmc_t6plain_fuds_s0,fp32,58,6,47671134,250000000
nmc_t6plain_fuds_s0,fp32,58,7,47671134,250000000
nmc_t6plain_fuds_s0,fp32,58,8,47671134,250000000
nmc_t6plain_fuds_s0,fp32,58,9,47671134,250000000
nmc_t6plain_fuds_s0,fp32,58,10,47671134,250000000
nmc_t6plain_fuds_s0,fp32,58,11,47671134,250000000
nmc_t6plain_fuds_s0,fp32,58,12,47671134,250000000
nmc_t6plain_fuds_s0,fp32,58,13,47671134,250000000
nmc_t6plain_fuds_s0,fp32,58,14,47671134,250000000
nmc_t6plain_fuds_s0,fp32,58,15,47671134,250000000
nmc_t6plain_fuds_s0,fp32,59,0,47665684,250000000
nmc_t6plain_fuds_s0,fp32,59,1,47665636,250000000
nmc_t6plain_fuds_s0,fp32,59,2,47665636,250000000
nmc_t6plain_fuds_s0,fp32,59,3,47665636,250000000
nmc_t6plain_fuds_s0,fp32,59,4,47665636,250000000
nmc_t6plain_fuds_s0,fp32,59,5,47665636,250000000
nmc_t6plain_fuds_s0,fp32,59,6,47665636,250000000
nmc_t6plain_fuds_s0,fp32,59,7,47665636,250000000
nmc_t6plain_fuds_s0,fp32,59,8,47665636,250000000
nmc_t6plain_fuds_s0,fp32,59,9,47665636,250000000
nmc_t6plain_fuds_s0,fp32,59,10,47665636,250000000
nmc_t6plain_fuds_s0,fp32,59,11,47665636,250000000
nmc_t6plain_fuds_s0,fp32,59,12,47665636,250000000
nmc_t6plain_fuds_s0,fp32,59,13,47665636,250000000
nmc_t6plain_fuds_s0,fp32,59,14,47665636,250000000
nmc_t6plain_fuds_s0,fp32,59,15,47665636,250000000
nmc_t6plain_fuds_s0,fp32,60,0,47655659,250000000
nmc_t6plain_fuds_s0,fp32,60,1,47655613,250000000
nmc_t6plain_fuds_s0,fp32,60,2,47655613,250000000
nmc_t6plain_fuds_s0,fp32,60,3,47655613,250000000
nmc_t6plain_fuds_s0,fp32,60,4,47655613,250000000
nmc_t6plain_fuds_s0,fp32,60,5,47655613,250000000
nmc_t6plain_fuds_s0,fp32,60,6,47655613,250000000
nmc_t6plain_fuds_s0,fp32,60,7,47655613,250000000
nmc_t6plain_fuds_s0,fp32,60,8,47655613,250000000
nmc_t6plain_fuds_s0,fp32,60,9,47655613,250000000
nmc_t6plain_fuds_s0,fp32,60,10,47655613,250000000
nmc_t6plain_fuds_s0,fp32,60,11,47655613,250000000
nmc_t6plain_fuds_s0,fp32,60,12,47655613,250000000
nmc_t6plain_fuds_s0,fp32,60,13,47655613,250000000
nmc_t6plain_fuds_s0,fp32,60,14,47655613,250000000
nmc_t6plain_fuds_s0,fp32,60,15,47655613,250000000
nmc_t6plain_fuds_s0,fp32,61,0,47639340,250000000
nmc_t6plain_fuds_s0,fp32,61,1,47639292,250000000
nmc_t6plain_fuds_s0,fp32,61,2,47639292,250000000
nmc_t6plain_fuds_s0,fp32,61,3,47639292,250000000
nmc_t6plain_fuds_s0,fp32,61,4,47639292,250000000
nmc_t6plain_fuds_s0,fp32,61,5,47639292,250000000
nmc_t6plain_fuds_s0,fp32,61,6,47639292,250000000
nmc_t6plain_fuds_s0,fp32,61,7,47639292,250000000
nmc_t6plain_fuds_s0,fp32,61,8,47639292,250000000
nmc_t6plain_fuds_s0,fp32,61,9,47639292,250000000
nmc_t6plain_fuds_s0,fp32,61,10,47639292,250000000
nmc_t6plain_fuds_s0,fp32,61,11,47639292,250000000
nmc_t6plain_fuds_s0,fp32,61,12,47639292,250000000
nmc_t6plain_fuds_s0,fp32,61,13,47639292,250000000
nmc_t6plain_fuds_s0,fp32,61,14,47639292,250000000
nmc_t6plain_fuds_s0,fp32,61,15,47639292,250000000
nmc_t6plain_fuds_s0,fp32,62,0,47627737,250000000
nmc_t6plain_fuds_s0,fp32,62,1,47627691,250000000
nmc_t6plain_fuds_s0,fp32,62,2,47627691,250000000
nmc_t6plain_fuds_s0,fp32,62,3,47627691,250000000
nmc_t6plain_fuds_s0,fp32,62,4,47627691,250000000
nmc_t6plain_fuds_s0,fp32,62,5,47627691,250000000
nmc_t6plain_fuds_s0,fp32,62,6,47627691,250000000
nmc_t6plain_fuds_s0,fp32,62,7,47627691,250000000
nmc_t6plain_fuds_s0,fp32,62,8,47627691,250000000
nmc_t6plain_fuds_s0,fp32,62,9,47627691,250000000
nmc_t6plain_fuds_s0,fp32,62,10,47627691,250000000
nmc_t6plain_fuds_s0,fp32,62,11,47627691,250000000
nmc_t6plain_fuds_s0,fp32,62,12,47627691,250000000
nmc_t6plain_fuds_s0,fp32,62,13,47627691,250000000
nmc_t6plain_fuds_s0,fp32,62,14,47627691,250000000
nmc_t6plain_fuds_s0,fp32,62,15,47627691,250000000
nmc_t6plain_fuds_s0,fp32,63,0,47506598,250000000
nmc_t6plain_fuds_s0,fp32,63,1,47506552,250000000
nmc_t6plain_fuds_s0,fp32,63,2,47506552,250000000
nmc_t6plain_fuds_s0,fp32,63,3,47506552,250000000
nmc_t6plain_fuds_s0,fp32,63,4,47506552,250000000
nmc_t6plain_fuds_s0,fp32,63,5,47506552,250000000
nmc_t6plain_fuds_s0,fp32,63,6,47506552,250000000
nmc_t6plain_fuds_s0,fp32,63,7,47506552,250000000
nmc_t6plain_fuds_s0,fp32,63,8,47506552,250000000
nmc_t6plain_fuds_s0,fp32,63,9,47506552,250000000
nmc_t6plain_fuds_s0,fp32,63,10,47506552,250000000
nmc_t6plain_fuds_s0,fp32,63,11,47506552,250000000
nmc_t6plain_fuds_s0,fp32,63,12,47506552,250000000
nmc_t6plain_fuds_s0,fp32,63,13,47506552,250000000
nmc_t6plain_fuds_s0,fp32,63,14,47506552,250000000
nmc_t6plain_fuds_s0,fp32,63,15,47506552,250000000
nmc_t6plain_fuds_s1,fp32,0,0,47620302,250000000
nmc_t6plain_fuds_s1,fp32,0,1,47620302,250000000
nmc_t6plain_fuds_s1,fp32,0,2,47620302,250000000
nmc_t6plain_fuds_s1,fp32,0,3,47620302,250000000
nmc_t6plain_fuds_s1,fp32,0,4,47620302,250000000
nmc_t6plain_fuds_s1,fp32,0,5,47620302,250000000
nmc_t6plain_fuds_s1,fp32,0,6,47620302,250000000
nmc_t6plain_fuds_s1,fp32,0,7,47620302,250000000
nmc_t6plain_fuds_s1,fp32,0,8,47620302,250000000
nmc_t6plain_fuds_s1,fp32,0,9,47620302,250000000
nmc_t6plain_fuds_s1,fp32,0,10,47620302,250000000
nmc_t6plain_fuds_s1,fp32,0,11,47620302,250000000
nmc_t6plain_fuds_s1,fp32,0,12,47620302,250000000
nmc_t6plain_fuds_s1,fp32,0,13,47620302,250000000
nmc_t6plain_fuds_s1,fp32,0,14,47620302,250000000
nmc_t6plain_fuds_s1,fp32,0,15,47620302,250000000
nmc_t6plain_fuds_s1,fp32,1,0,47630422,250000000
nmc_t6plain_fuds_s1,fp32,1,1,47630376,250000000
nmc_t6plain_fuds_s1,fp32,1,2,47630376,250000000
nmc_t6plain_fuds_s1,fp32,1,3,47630376,250000000
nmc_t6plain_fuds_s1,fp32,1,4,47630376,250000000
nmc_t6plain_fuds_s1,fp32,1,5,47630376,250000000
nmc_t6plain_fuds_s1,fp32,1,6,47630376,250000000
nmc_t6plain_fuds_s1,fp32,1,7,47630376,250000000
nmc_t6plain_fuds_s1,fp32,1,8,47630376,250000000
nmc_t6plain_fuds_s1,fp32,1,9,47630376,250000000
nmc_t6plain_fuds_s1,fp32,1,10,47630376,250000000
nmc_t6plain_fuds_s1,fp32,1,11,47630376,250000000
nmc_t6plain_fuds_s1,fp32,1,12,47630376,250000000
nmc_t6plain_fuds_s1,fp32,1,13,47630376,250000000
nmc_t6plain_fuds_s1,fp32,1,14,47630376,250000000
nmc_t6plain_fuds_s1,fp32,1,15,47630376,250000000
nmc_t6plain_fuds_s1,fp32,2,0,47653263,250000000
nmc_t6plain_fuds_s1,fp32,2,1,47653217,250000000
nmc_t6plain_fuds_s1,fp32,2,2,47653217,250000000
nmc_t6plain_fuds_s1,fp32,2,3,47653217,250000000
nmc_t6plain_fuds_s1,fp32,2,4,47653217,250000000
nmc_t6plain_fuds_s1,fp32,2,5,47653217,250000000
nmc_t6plain_fuds_s1,fp32,2,6,47653217,250000000
nmc_t6plain_fuds_s1,fp32,2,7,47653217,250000000
nmc_t6plain_fuds_s1,fp32,2,8,47653217,250000000
nmc_t6plain_fuds_s1,fp32,2,9,47653217,250000000
nmc_t6plain_fuds_s1,fp32,2,10,47653217,250000000
nmc_t6plain_fuds_s1,fp32,2,11,47653217,250000000
nmc_t6plain_fuds_s1,fp32,2,12,47653217,250000000
nmc_t6plain_fuds_s1,fp32,2,13,47653217,250000000
nmc_t6plain_fuds_s1,fp32,2,14,47653217,250000000
nmc_t6plain_fuds_s1,fp32,2,15,47653217,250000000
nmc_t6plain_fuds_s1,fp32,3,0,47666284,250000000
nmc_t6plain_fuds_s1,fp32,3,1,47666236,250000000
nmc_t6plain_fuds_s1,fp32,3,2,47666236,250000000
nmc_t6plain_fuds_s1,fp32,3,3,47666236,250000000
nmc_t6plain_fuds_s1,fp32,3,4,47666236,250000000
nmc_t6plain_fuds_s1,fp32,3,5,47666236,250000000
nmc_t6plain_fuds_s1,fp32,3,6,47666236,250000000
nmc_t6plain_fuds_s1,fp32,3,7,47666236,250000000
nmc_t6plain_fuds_s1,fp32,3,8,47666236,250000000
nmc_t6plain_fuds_s1,fp32,3,9,47666236,250000000
nmc_t6plain_fuds_s1,fp32,3,10,47666236,250000000
nmc_t6plain_fuds_s1,fp32,3,11,47666236,250000000
nmc_t6plain_fuds_s1,fp32,3,12,47666236,250000000
nmc_t6plain_fuds_s1,fp32,3,13,47666236,250000000
nmc_t6plain_fuds_s1,fp32,3,14,47666236,250000000
nmc_t6plain_fuds_s1,fp32,3,15,47666236,250000000
nmc_t6plain_fuds_s1,fp32,4,0,47679094,250000000
nmc_t6plain_fuds_s1,fp32,4,1,47679041,250000000
nmc_t6plain_fuds_s1,fp32,4,2,47679041,250000000
nmc_t6plain_fuds_s1,fp32,4,3,47679041,250000000
nmc_t6plain_fuds_s1,fp32,4,4,47679041,250000000
nmc_t6plain_fuds_s1,fp32,4,5,47679041,250000000
nmc_t6plain_fuds_s1,fp32,4,6,47679041,250000000
nmc_t6plain_fuds_s1,fp32,4,7,47679041,250000000
nmc_t6plain_fuds_s1,fp32,4,8,47679041,250000000
nmc_t6plain_fuds_s1,fp32,4,9,47679041,250000000
nmc_t6plain_fuds_s1,fp32,4,10,47679041,250000000
nmc_t6plain_fuds_s1,fp32,4,11,47679041,250000000
nmc_t6plain_fuds_s1,fp32,4,12,47679041,250000000
nmc_t6plain_fuds_s1,fp32,4,13,47679041,250000000
nmc_t6plain_fuds_s1,fp32,4,14,47679041,250000000
nmc_t6plain_fuds_s1,fp32,4,15,47679041,250000000
nmc_t6plain_fuds_s1,fp32,5,0,47696334,250000000
nmc_t6plain_fuds_s1,fp32,5,1,47696281,250000000
nmc_t6plain_fuds_s1,fp32,5,2,47696281,250000000
nmc_t6plain_fuds_s1,fp32,5,3,47696281,250000000
nmc_t6plain_fuds_s1,fp32,5,4,47696281,250000000
nmc_t6plain_fuds_s1,fp32,5,5,47696281,250000000
nmc_t6plain_fuds_s1,fp32,5,6,47696281,250000000
nmc_t6plain_fuds_s1,fp32,5,7,47696281,250000000
nmc_t6plain_fuds_s1,fp32,5,8,47696281,250000000
nmc_t6plain_fuds_s1,fp32,5,9,47696281,250000000
nmc_t6plain_fuds_s1,fp32,5,10,47696281,250000000
nmc_t6plain_fuds_s1,fp32,5,11,47696281,250000000
nmc_t6plain_fuds_s1,fp32,5,12,47696281,250000000
nmc_t6plain_fuds_s1,fp32,5,13,47696281,250000000
nmc_t6plain_fuds_s1,fp32,5,14,47696281,250000000
nmc_t6plain_fuds_s1,fp32,5,15,47696281,250000000
nmc_t6plain_fuds_s1,fp32,6,0,47718497,250000000
nmc_t6plain_fuds_s1,fp32,6,1,47718444,250000000
nmc_t6plain_fuds_s1,fp32,6,2,47718444,250000000
nmc_t6plain_fuds_s1,fp32,6,3,47718444,250000000
nmc_t6plain_fuds_s1,fp32,6,4,47718444,250000000
nmc_t6plain_fuds_s1,fp32,6,5,47718444,250000000
nmc_t6plain_fuds_s1,fp32,6,6,47718444,250000000
nmc_t6plain_fuds_s1,fp32,6,7,47718444,250000000
nmc_t6plain_fuds_s1,fp32,6,8,47718444,250000000
nmc_t6plain_fuds_s1,fp32,6,9,47718444,250000000
nmc_t6plain_fuds_s1,fp32,6,10,47718444,250000000
nmc_t6plain_fuds_s1,fp32,6,11,47718444,250000000
nmc_t6plain_fuds_s1,fp32,6,12,47718444,250000000
nmc_t6plain_fuds_s1,fp32,6,13,47718444,250000000
nmc_t6plain_fuds_s1,fp32,6,14,47718444,250000000
nmc_t6plain_fuds_s1,fp32,6,15,47718444,250000000
nmc_t6plain_fuds_s1,fp32,7,0,47726647,250000000
nmc_t6plain_fuds_s1,fp32,7,1,47726594,250000000
nmc_t6plain_fuds_s1,fp32,7,2,47726594,250000000
nmc_t6plain_fuds_s1,fp32,7,3,47726594,250000000
nmc_t6plain_fuds_s1,fp32,7,4,47726594,250000000
nmc_t6plain_fuds_s1,fp32,7,5,47726594,250000000
nmc_t6plain_fuds_s1,fp32,7,6,47726594,250000000
nmc_t6plain_fuds_s1,fp32,7,7,47726594,250000000
nmc_t6plain_fuds_s1,fp32,7,8,47726594,250000000
nmc_t6plain_fuds_s1,fp32,7,9,47726594,250000000
nmc_t6plain_fuds_s1,fp32,7,10,47726594,250000000
nmc_t6plain_fuds_s1,fp32,7,11,47726594,250000000
nmc_t6plain_fuds_s1,fp32,7,12,47726594,250000000
nmc_t6plain_fuds_s1,fp32,7,13,47726594,250000000
nmc_t6plain_fuds_s1,fp32,7,14,47726594,250000000
nmc_t6plain_fuds_s1,fp32,7,15,47726594,250000000
nmc_t6plain_fuds_s1,fp32,8,0,47727688,250000000
nmc_t6plain_fuds_s1,fp32,8,1,47727635,250000000
nmc_t6plain_fuds_s1,fp32,8,2,47727635,250000000
nmc_t6plain_fuds_s1,fp32,8,3,47727635,250000000
nmc_t6plain_fuds_s1,fp32,8,4,47727635,250000000
nmc_t6plain_fuds_s1,fp32,8,5,47727635,250000000
nmc_t6plain_fuds_s1,fp32,8,6,47727635,250000000
nmc_t6plain_fuds_s1,fp32,8,7,47727635,250000000
nmc_t6plain_fuds_s1,fp32,8,8,47727635,250000000
nmc_t6plain_fuds_s1,fp32,8,9,47727635,250000000
nmc_t6plain_fuds_s1,fp32,8,10,47727635,250000000
nmc_t6plain_fuds_s1,fp32,8,11,47727635,250000000
nmc_t6plain_fuds_s1,fp32,8,12,47727635,250000000
nmc_t6plain_fuds_s1,fp32,8,13,47727635,250000000
nmc_t6plain_fuds_s1,fp32,8,14,47727635,250000000
nmc_t6plain_fuds_s1,fp32,8,15,47727635,250000000
nmc_t6plain_fuds_s1,fp32,9,0,47741276,250000000
nmc_t6plain_fuds_s1,fp32,9,1,47741253,250000000
nmc_t6plain_fuds_s1,fp32,9,2,47741253,250000000
nmc_t6plain_fuds_s1,fp32,9,3,47741253,250000000
nmc_t6plain_fuds_s1,fp32,9,4,47741253,250000000
nmc_t6plain_fuds_s1,fp32,9,5,47741253,250000000
nmc_t6plain_fuds_s1,fp32,9,6,47741253,250000000
nmc_t6plain_fuds_s1,fp32,9,7,47741253,250000000
nmc_t6plain_fuds_s1,fp32,9,8,47741253,250000000
nmc_t6plain_fuds_s1,fp32,9,9,47741253,250000000
nmc_t6plain_fuds_s1,fp32,9,10,47741253,250000000
nmc_t6plain_fuds_s1,fp32,9,11,47741253,250000000
nmc_t6plain_fuds_s1,fp32,9,12,47741253,250000000
nmc_t6plain_fuds_s1,fp32,9,13,47741253,250000000
nmc_t6plain_fuds_s1,fp32,9,14,47741253,250000000
nmc_t6plain_fuds_s1,fp32,9,15,47741253,250000000
nmc_t6plain_fuds_s1,fp32,10,0,47725205,250000000
nmc_t6plain_fuds_s1,fp32,10,1,47725182,250000000
nmc_t6plain_fuds_s1,fp32,10,2,47725182,250000000
nmc_t6plain_fuds_s1,fp32,10,3,47725182,250000000
nmc_t6plain_fuds_s1,fp32,10,4,47725182,250000000
nmc_t6plain_fuds_s1,fp32,10,5,47725182,250000000
nmc_t6plain_fuds_s1,fp32,10,6,47725182,250000000
nmc_t6plain_fuds_s1,fp32,10,7,47725182,250000000
nmc_t6plain_fuds_s1,fp32,10,8,47725182,250000000
nmc_t6plain_fuds_s1,fp32,10,9,47725182,250000000
nmc_t6plain_fuds_s1,fp32,10,10,47725182,250000000
nmc_t6plain_fuds_s1,fp32,10,11,47725182,250000000
nmc_t6plain_fuds_s1,fp32,10,12,47725182,250000000
nmc_t6plain_fuds_s1,fp32,10,13,47725182,250000000
nmc_t6plain_fuds_s1,fp32,10,14,47725182,250000000
nmc_t6plain_fuds_s1,fp32,10,15,47725182,250000000
nmc_t6plain_fuds_s1,fp32,11,0,47715074,250000000
nmc_t6plain_fuds_s1,fp32,11,1,47715051,250000000
nmc_t6plain_fuds_s1,fp32,11,2,47715051,250000000
nmc_t6plain_fuds_s1,fp32,11,3,47715051,250000000
nmc_t6plain_fuds_s1,fp32,11,4,47715051,250000000
nmc_t6plain_fuds_s1,fp32,11,5,47715051,250000000
nmc_t6plain_fuds_s1,fp32,11,6,47715051,250000000
nmc_t6plain_fuds_s1,fp32,11,7,47715051,250000000
nmc_t6plain_fuds_s1,fp32,11,8,47715051,250000000
nmc_t6plain_fuds_s1,fp32,11,9,47715051,250000000
nmc_t6plain_fuds_s1,fp32,11,10,47715051,250000000
nmc_t6plain_fuds_s1,fp32,11,11,47715051,250000000
nmc_t6plain_fuds_s1,fp32,11,12,47715051,250000000
nmc_t6plain_fuds_s1,fp32,11,13,47715051,250000000
nmc_t6plain_fuds_s1,fp32,11,14,47715051,250000000
nmc_t6plain_fuds_s1,fp32,11,15,47715051,250000000
nmc_t6plain_fuds_s1,fp32,12,0,47706888,250000000
nmc_t6plain_fuds_s1,fp32,12,1,47706835,250000000
nmc_t6plain_fuds_s1,fp32,12,2,47706835,250000000
nmc_t6plain_fuds_s1,fp32,12,3,47706835,250000000
nmc_t6plain_fuds_s1,fp32,12,4,47706835,250000000
nmc_t6plain_fuds_s1,fp32,12,5,47706835,250000000
nmc_t6plain_fuds_s1,fp32,12,6,47706835,250000000
nmc_t6plain_fuds_s1,fp32,12,7,47706835,250000000
nmc_t6plain_fuds_s1,fp32,12,8,47706835,250000000
nmc_t6plain_fuds_s1,fp32,12,9,47706835,250000000
nmc_t6plain_fuds_s1,fp32,12,10,47706835,250000000
nmc_t6plain_fuds_s1,fp32,12,11,47706835,250000000
nmc_t6plain_fuds_s1,fp32,12,12,47706835,250000000
nmc_t6plain_fuds_s1,fp32,12,13,47706835,250000000
nmc_t6plain_fuds_s1,fp32,12,14,47706835,250000000
nmc_t6plain_fuds_s1,fp32,12,15,47706835,250000000
nmc_t6plain_fuds_s1,fp32,13,0,47699417,250000000
nmc_t6plain_fuds_s1,fp32,13,1,47699362,250000000
nmc_t6plain_fuds_s1,fp32,13,2,47699362,250000000
nmc_t6plain_fuds_s1,fp32,13,3,47699362,250000000
nmc_t6plain_fuds_s1,fp32,13,4,47699362,250000000
nmc_t6plain_fuds_s1,fp32,13,5,47699362,250000000
nmc_t6plain_fuds_s1,fp32,13,6,47699362,250000000
nmc_t6plain_fuds_s1,fp32,13,7,47699362,250000000
nmc_t6plain_fuds_s1,fp32,13,8,47699362,250000000
nmc_t6plain_fuds_s1,fp32,13,9,47699362,250000000
nmc_t6plain_fuds_s1,fp32,13,10,47699362,250000000
nmc_t6plain_fuds_s1,fp32,13,11,47699362,250000000
nmc_t6plain_fuds_s1,fp32,13,12,47699362,250000000
nmc_t6plain_fuds_s1,fp32,13,13,47699362,250000000
nmc_t6plain_fuds_s1,fp32,13,14,47699362,250000000
nmc_t6plain_fuds_s1,fp32,13,15,47699362,250000000
nmc_t6plain_fuds_s1,fp32,14,0,47676320,250000000
nmc_t6plain_fuds_s1,fp32,14,1,47676265,250000000
nmc_t6plain_fuds_s1,fp32,14,2,47676265,250000000
nmc_t6plain_fuds_s1,fp32,14,3,47676265,250000000
nmc_t6plain_fuds_s1,fp32,14,4,47676265,250000000
nmc_t6plain_fuds_s1,fp32,14,5,47676265,250000000
nmc_t6plain_fuds_s1,fp32,14,6,47676265,250000000
nmc_t6plain_fuds_s1,fp32,14,7,47676265,250000000
nmc_t6plain_fuds_s1,fp32,14,8,47676265,250000000
nmc_t6plain_fuds_s1,fp32,14,9,47676265,250000000
nmc_t6plain_fuds_s1,fp32,14,10,47676265,250000000
nmc_t6plain_fuds_s1,fp32,14,11,47676265,250000000
nmc_t6plain_fuds_s1,fp32,14,12,47676265,250000000
nmc_t6plain_fuds_s1,fp32,14,13,47676265,250000000
nmc_t6plain_fuds_s1,fp32,14,14,47676265,250000000
nmc_t6plain_fuds_s1,fp32,14,15,47676265,250000000
nmc_t6plain_fuds_s1,fp32,15,0,47666610,250000000
nmc_t6plain_fuds_s1,fp32,15,1,47666555,250000000
nmc_t6plain_fuds_s1,fp32,15,2,47666555,250000000
nmc_t6plain_fuds_s1,fp32,15,3,47666555,250000000
nmc_t6plain_fuds_s1,fp32,15,4,47666555,250000000
nmc_t6plain_fuds_s1,fp32,15,5,47666555,250000000
nmc_t6plain_fuds_s1,fp32,15,6,47666555,250000000
nmc_t6plain_fuds_s1,fp32,15,7,47666555,250000000
nmc_t6plain_fuds_s1,fp32,15,8,47666555,250000000
nmc_t6plain_fuds_s1,fp32,15,9,47666555,250000000
nmc_t6plain_fuds_s1,fp32,15,10,47666555,250000000
nmc_t6plain_fuds_s1,fp32,15,11,47666555,250000000
nmc_t6plain_fuds_s1,fp32,15,12,47666555,250000000
nmc_t6plain_fuds_s1,fp32,15,13,47666555,250000000
nmc_t6plain_fuds_s1,fp32,15,14,47666555,250000000
nmc_t6plain_fuds_s1,fp32,15,15,47666555,250000000
nmc_t6plain_fuds_s1,fp32,16,0,47677716,250000000
nmc_t6plain_fuds_s1,fp32,16,1,47677663,250000000
nmc_t6plain_fuds_s1,fp32,16,2,47677663,250000000
nmc_t6plain_fuds_s1,fp32,16,3,47677663,250000000
nmc_t6plain_fuds_s1,fp32,16,4,47677663,250000000
nmc_t6plain_fuds_s1,fp32,16,5,47677663,250000000
nmc_t6plain_fuds_s1,fp32,16,6,47677663,250000000
nmc_t6plain_fuds_s1,fp32,16,7,47677663,250000000
nmc_t6plain_fuds_s1,fp32,16,8,47677663,250000000
nmc_t6plain_fuds_s1,fp32,16,9,47677663,250000000
nmc_t6plain_fuds_s1,fp32,16,10,47677663,250000000
nmc_t6plain_fuds_s1,fp32,16,11,47677663,250000000
nmc_t6plain_fuds_s1,fp32,16,12,47677663,250000000
nmc_t6plain_fuds_s1,fp32,16,13,47677663,250000000
nmc_t6plain_fuds_s1,fp32,16,14,47677663,250000000
nmc_t6plain_fuds_s1,fp32,16,15,47677663,250000000
nmc_t6plain_fuds_s1,fp32,17,0,47665730,250000000
nmc_t6plain_fuds_s1,fp32,17,1,47665684,250000000
nmc_t6plain_fuds_s1,fp32,17,2,47665684,250000000
nmc_t6plain_fuds_s1,fp32,17,3,47665684,250000000
nmc_t6plain_fuds_s1,fp32,17,4,47665684,250000000
nmc_t6plain_fuds_s1,fp32,17,5,47665684,250000000
nmc_t6plain_fuds_s1,fp32,17,6,47665684,250000000
nmc_t6plain_fuds_s1,fp32,17,7,47665684,250000000
nmc_t6plain_fuds_s1,fp32,17,8,47665684,250000000
nmc_t6plain_fuds_s1,fp32,17,9,47665684,250000000
nmc_t6plain_fuds_s1,fp32,17,10,47665684,250000000
nmc_t6plain_fuds_s1,fp32,17,11,47665684,250000000
nmc_t6plain_fuds_s1,fp32,17,12,47665684,250000000
nmc_t6plain_fuds_s1,fp32,17,13,47665684,250000000
nmc_t6plain_fuds_s1,fp32,17,14,47665684,250000000
nmc_t6plain_fuds_s1,fp32,17,15,47665684,250000000
nmc_t6plain_fuds_s1,fp32,18,0,47667618,250000000
nmc_t6plain_fuds_s1,fp32,18,1,47667572,250000000
nmc_t6plain_fuds_s1,fp32,18,2,47667572,250000000
nmc_t6plain_fuds_s1,fp32,18,3,47667572,250000000
nmc_t6plain_fuds_s1,fp32,18,4,47667572,250000000
nmc_t6plain_fuds_s1,fp32,18,5,47667572,250000000
nmc_t6plain_fuds_s1,fp32,18,6,47667572,250000000
nmc_t6plain_fuds_s1,fp32,18,7,47667572,250000000
nmc_t6plain_fuds_s1,fp32,18,8,47667572,250000000
nmc_t6plain_fuds_s1,fp32,18,9,47667572,250000000
nmc_t6plain_fuds_s1,fp32,18,10,47667572,250000000
nmc_t6plain_fuds_s1,fp32,18,11,47667572,250000000
nmc_t6plain_fuds_s1,fp32,18,12,47667572,250000000
nmc_t6plain_fuds_s1,fp32,18,13,47667572,250000000
nmc_t6plain_fuds_s1,fp32,18,14,47667572,250000000
nmc_t6plain_fuds_s1,fp32,18,15,47667572,250000000
nmc_t6plain_fuds_s1,fp32,19,0,47650754,250000000
nmc_t6plain_fuds_s1,fp32,19,1,47650708,250000000
nmc_t6plain_fuds_s1,fp32,19,2,47650708,250000000
nmc_t6plain_fuds_s1,fp32,19,3,47650708,250000000
nmc_t6plain_fuds_s1,fp32,19,4,47650708,250000000
nmc_t6plain_fuds_s1,fp32,19,5,47650708,250000000
nmc_t6plain_fuds_s1,fp32,19,6,47650708,250000000
nmc_t6plain_fuds_s1,fp32,19,7,47650708,250000000
nmc_t6plain_fuds_s1,fp32,19,8,47650708,250000000
nmc_t6plain_fuds_s1,fp32,19,9,47650708,250000000
nmc_t6plain_fuds_s1,fp32,19,10,47650708,250000000
nmc_t6plain_fuds_s1,fp32,19,11,47650708,250000000
nmc_t6plain_fuds_s1,fp32,19,12,47650708,250000000
nmc_t6plain_fuds_s1,fp32,19,13,47650708,250000000
nmc_t6plain_fuds_s1,fp32,19,14,47650708,250000000
nmc_t6plain_fuds_s1,fp32,19,15,47650708,250000000
nmc_t6plain_fuds_s1,fp32,20,0,47652520,250000000
nmc_t6plain_fuds_s1,fp32,20,1,47652474,250000000
nmc_t6plain_fuds_s1,fp32,20,2,47652474,250000000
nmc_t6plain_fuds_s1,fp32,20,3,47652474,250000000
nmc_t6plain_fuds_s1,fp32,20,4,47652474,250000000
nmc_t6plain_fuds_s1,fp32,20,5,47652474,250000000
nmc_t6plain_fuds_s1,fp32,20,6,47652474,250000000
nmc_t6plain_fuds_s1,fp32,20,7,47652474,250000000
nmc_t6plain_fuds_s1,fp32,20,8,47652474,250000000
nmc_t6plain_fuds_s1,fp32,20,9,47652474,250000000
nmc_t6plain_fuds_s1,fp32,20,10,47652474,250000000
nmc_t6plain_fuds_s1,fp32,20,11,47652474,250000000
nmc_t6plain_fuds_s1,fp32,20,12,47652474,250000000
nmc_t6plain_fuds_s1,fp32,20,13,47652474,250000000
nmc_t6plain_fuds_s1,fp32,20,14,47652474,250000000
nmc_t6plain_fuds_s1,fp32,20,15,47652474,250000000
nmc_t6plain_fuds_s1,fp32,21,0,47636034,250000000
nmc_t6plain_fuds_s1,fp32,21,1,47635988,250000000
nmc_t6plain_fuds_s1,fp32,21,2,47635988,250000000
nmc_t6plain_fuds_s1,fp32,21,3,47635988,250000000
nmc_t6plain_fuds_s1,fp32,21,4,47635988,250000000
nmc_t6plain_fuds_s1,fp32,21,5,47635988,250000000
nmc_t6plain_fuds_s1,fp32,21,6,47635988,250000000
nmc_t6plain_fuds_s1,fp32,21,7,47635988,250000000
nmc_t6plain_fuds_s1,fp32,21,8,47635988,250000000
nmc_t6plain_fuds_s1,fp32,21,9,47635988,250000000
nmc_t6plain_fuds_s1,fp32,21,10,47635988,250000000
nmc_t6plain_fuds_s1,fp32,21,11,47635988,250000000
nmc_t6plain_fuds_s1,fp32,21,12,47635988,250000000
nmc_t6plain_fuds_s1,fp32,21,13,47635988,250000000
nmc_t6plain_fuds_s1,fp32,21,14,47635988,250000000
nmc_t6plain_fuds_s1,fp32,21,15,47635988,250000000
nmc_t6plain_fuds_s1,fp32,22,0,47627687,250000000
nmc_t6plain_fuds_s1,fp32,22,1,47627639,250000000
nmc_t6plain_fuds_s1,fp32,22,2,47627639,250000000
nmc_t6plain_fuds_s1,fp32,22,3,47627639,250000000
nmc_t6plain_fuds_s1,fp32,22,4,47627639,250000000
nmc_t6plain_fuds_s1,fp32,22,5,47627639,250000000
nmc_t6plain_fuds_s1,fp32,22,6,47627639,250000000
nmc_t6plain_fuds_s1,fp32,22,7,47627639,250000000
nmc_t6plain_fuds_s1,fp32,22,8,47627639,250000000
nmc_t6plain_fuds_s1,fp32,22,9,47627639,250000000
nmc_t6plain_fuds_s1,fp32,22,10,47627639,250000000
nmc_t6plain_fuds_s1,fp32,22,11,47627639,250000000
nmc_t6plain_fuds_s1,fp32,22,12,47627639,250000000
nmc_t6plain_fuds_s1,fp32,22,13,47627639,250000000
nmc_t6plain_fuds_s1,fp32,22,14,47627639,250000000
nmc_t6plain_fuds_s1,fp32,22,15,47627639,250000000
nmc_t6plain_fuds_s1,fp32,23,0,47655341,250000000
nmc_t6plain_fuds_s1,fp32,23,1,47655293,250000000
nmc_t6plain_fuds_s1,fp32,23,2,47655293,250000000
nmc_t6plain_fuds_s1,fp32,23,3,47655293,250000000
nmc_t6plain_fuds_s1,fp32,23,4,47655293,250000000
nmc_t6plain_fuds_s1,fp32,23,5,47655293,250000000
nmc_t6plain_fuds_s1,fp32,23,6,47655293,250000000
nmc_t6plain_fuds_s1,fp32,23,7,47655293,250000000
nmc_t6plain_fuds_s1,fp32,23,8,47655293,250000000
nmc_t6plain_fuds_s1,fp32,23,9,47655293,250000000
nmc_t6plain_fuds_s1,fp32,23,10,47655293,250000000
nmc_t6plain_fuds_s1,fp32,23,11,47655293,250000000
nmc_t6plain_fuds_s1,fp32,23,12,47655293,250000000
nmc_t6plain_fuds_s1,fp32,23,13,47655293,250000000
nmc_t6plain_fuds_s1,fp32,23,14,47655293,250000000
nmc_t6plain_fuds_s1,fp32,23,15,47655293,250000000
nmc_t6plain_fuds_s1,fp32,24,0,47676788,250000000
nmc_t6plain_fuds_s1,fp32,24,1,47676742,250000000
nmc_t6plain_fuds_s1,fp32,24,2,47676742,250000000
nmc_t6plain_fuds_s1,fp32,24,3,47676742,250000000
nmc_t6plain_fuds_s1,fp32,24,4,47676742,250000000
nmc_t6plain_fuds_s1,fp32,24,5,47676742,250000000
nmc_t6plain_fuds_s1,fp32,24,6,47676742,250000000
nmc_t6plain_fuds_s1,fp32,24,7,47676742,250000000
nmc_t6plain_fuds_s1,fp32,24,8,47676742,250000000
nmc_t6plain_fuds_s1,fp32,24,9,47676742,250000000
nmc_t6plain_fuds_s1,fp32,24,10,47676742,250000000
nmc_t6plain_fuds_s1,fp32,24,11,47676742,250000000
nmc_t6plain_fuds_s1,fp32,24,12,47676742,250000000
nmc_t6plain_fuds_s1,fp32,24,13,47676742,250000000
nmc_t6plain_fuds_s1,fp32,24,14,47676742,250000000
nmc_t6plain_fuds_s1,fp32,24,15,47676742,250000000
nmc_t6plain_fuds_s1,fp32,25,0,47655116,250000000
nmc_t6plain_fuds_s1,fp32,25,1,47655061,250000000
nmc_t6plain_fuds_s1,fp32,25,2,47655061,250000000
nmc_t6plain_fuds_s1,fp32,25,3,47655061,250000000
nmc_t6plain_fuds_s1,fp32,25,4,47655061,250000000
nmc_t6plain_fuds_s1,fp32,25,5,47655061,250000000
nmc_t6plain_fuds_s1,fp32,25,6,47655061,250000000
nmc_t6plain_fuds_s1,fp32,25,7,47655061,250000000
nmc_t6plain_fuds_s1,fp32,25,8,47655061,250000000
nmc_t6plain_fuds_s1,fp32,25,9,47655061,250000000
nmc_t6plain_fuds_s1,fp32,25,10,47655061,250000000
nmc_t6plain_fuds_s1,fp32,25,11,47655061,250000000
nmc_t6plain_fuds_s1,fp32,25,12,47655061,250000000
nmc_t6plain_fuds_s1,fp32,25,13,47655061,250000000
nmc_t6plain_fuds_s1,fp32,25,14,47655061,250000000
nmc_t6plain_fuds_s1,fp32,25,15,47655061,250000000
nmc_t6plain_fuds_s1,fp32,26,0,47708630,250000000
nmc_t6plain_fuds_s1,fp32,26,1,47708577,250000000
nmc_t6plain_fuds_s1,fp32,26,2,47708577,250000000
nmc_t6plain_fuds_s1,fp32,26,3,47708577,250000000
nmc_t6plain_fuds_s1,fp32,26,4,47708577,250000000
nmc_t6plain_fuds_s1,fp32,26,5,47708577,250000000
nmc_t6plain_fuds_s1,fp32,26,6,47708577,250000000
nmc_t6plain_fuds_s1,fp32,26,7,47708577,250000000
nmc_t6plain_fuds_s1,fp32,26,8,47708577,250000000
nmc_t6plain_fuds_s1,fp32,26,9,47708577,250000000
nmc_t6plain_fuds_s1,fp32,26,10,47708577,250000000
nmc_t6plain_fuds_s1,fp32,26,11,47708577,250000000
nmc_t6plain_fuds_s1,fp32,26,12,47708577,250000000
nmc_t6plain_fuds_s1,fp32,26,13,47708577,250000000
nmc_t6plain_fuds_s1,fp32,26,14,47708577,250000000
nmc_t6plain_fuds_s1,fp32,26,15,47708577,250000000
nmc_t6plain_fuds_s1,fp32,27,0,47727509,250000000
nmc_t6plain_fuds_s1,fp32,27,1,47727456,250000000
nmc_t6plain_fuds_s1,fp32,27,2,47727456,250000000
nmc_t6plain_fuds_s1,fp32,27,3,47727456,250000000
nmc_t6plain_fuds_s1,fp32,27,4,47727456,250000000
nmc_t6plain_fuds_s1,fp32,27,5,47727456,250000000
nmc_t6plain_fuds_s1,fp32,27,6,47727456,250000000
nmc_t6plain_fuds_s1,fp32,27,7,47727456,250000000
nmc_t6plain_fuds_s1,fp32,27,8,47727456,250000000
nmc_t6plain_fuds_s1,fp32,27,9,47727456,250000000
nmc_t6plain_fuds_s1,fp32,27,10,47727456,250000000
nmc_t6plain_fuds_s1,fp32,27,11,47727456,250000000
nmc_t6plain_fuds_s1,fp32,27,12,47727456,250000000
nmc_t6plain_fuds_s1,fp32,27,13,47727456,250000000
nmc_t6plain_fuds_s1,fp32,27,14,47727456,250000000
nmc_t6plain_fuds_s1,fp32,27,15,47727456,250000000
nmc_t6plain_fuds_s1,fp32,28,0,47733610,250000000
nmc_t6plain_fuds_s1,fp32,28,1,47733555,250000000
nmc_t6plain_fuds_s1,fp32,28,2,47733555,250000000
nmc_t6plain_fuds_s1,fp32,28,3,47733555,250000000
nmc_t6plain_fuds_s1,fp32,28,4,47733555,250000000
nmc_t6plain_fuds_s1,fp32,28,5,47733555,250000000
nmc_t6plain_fuds_s1,fp32,28,6,47733555,250000000
nmc_t6plain_fuds_s1,fp32,28,7,47733555,250000000
nmc_t6plain_fuds_s1,fp32,28,8,47733555,250000000
nmc_t6plain_fuds_s1,fp32,28,9,47733555,250000000
nmc_t6plain_fuds_s1,fp32,28,10,47733555,250000000
nmc_t6plain_fuds_s1,fp32,28,11,47733555,250000000
nmc_t6plain_fuds_s1,fp32,28,12,47733555,250000000
nmc_t6plain_fuds_s1,fp32,28,13,47733555,250000000
nmc_t6plain_fuds_s1,fp32,28,14,47733555,250000000
nmc_t6plain_fuds_s1,fp32,28,15,47733555,250000000
nmc_t6plain_fuds_s1,fp32,29,0,47740857,250000000
nmc_t6plain_fuds_s1,fp32,29,1,47740834,250000000
nmc_t6plain_fuds_s1,fp32,29,2,47740834,250000000
nmc_t6plain_fuds_s1,fp32,29,3,47740834,250000000
nmc_t6plain_fuds_s1,fp32,29,4,47740834,250000000
nmc_t6plain_fuds_s1,fp32,29,5,47740834,250000000
nmc_t6plain_fuds_s1,fp32,29,6,47740834,250000000
nmc_t6plain_fuds_s1,fp32,29,7,47740834,250000000
nmc_t6plain_fuds_s1,fp32,29,8,47740834,250000000
nmc_t6plain_fuds_s1,fp32,29,9,47740834,250000000
nmc_t6plain_fuds_s1,fp32,29,10,47740834,250000000
nmc_t6plain_fuds_s1,fp32,29,11,47740834,250000000
nmc_t6plain_fuds_s1,fp32,29,12,47740834,250000000
nmc_t6plain_fuds_s1,fp32,29,13,47740834,250000000
nmc_t6plain_fuds_s1,fp32,29,14,47740834,250000000
nmc_t6plain_fuds_s1,fp32,29,15,47740834,250000000
nmc_t6plain_fuds_s1,fp32,30,0,47741856,250000000
nmc_t6plain_fuds_s1,fp32,30,1,47741833,250000000
nmc_t6plain_fuds_s1,fp32,30,2,47741833,250000000
nmc_t6plain_fuds_s1,fp32,30,3,47741833,250000000
nmc_t6plain_fuds_s1,fp32,30,4,47741833,250000000
nmc_t6plain_fuds_s1,fp32,30,5,47741833,250000000
nmc_t6plain_fuds_s1,fp32,30,6,47741833,250000000
nmc_t6plain_fuds_s1,fp32,30,7,47741833,250000000
nmc_t6plain_fuds_s1,fp32,30,8,47741833,250000000
nmc_t6plain_fuds_s1,fp32,30,9,47741833,250000000
nmc_t6plain_fuds_s1,fp32,30,10,47741833,250000000
nmc_t6plain_fuds_s1,fp32,30,11,47741833,250000000
nmc_t6plain_fuds_s1,fp32,30,12,47741833,250000000
nmc_t6plain_fuds_s1,fp32,30,13,47741833,250000000
nmc_t6plain_fuds_s1,fp32,30,14,47741833,250000000
nmc_t6plain_fuds_s1,fp32,30,15,47741833,250000000
nmc_t6plain_fuds_s1,fp32,31,0,47736839,250000000
nmc_t6plain_fuds_s1,fp32,31,1,47736816,250000000
nmc_t6plain_fuds_s1,fp32,31,2,47736816,250000000
nmc_t6plain_fuds_s1,fp32,31,3,47736816,250000000
nmc_t6plain_fuds_s1,fp32,31,4,47736816,250000000
nmc_t6plain_fuds_s1,fp32,31,5,47736816,250000000
nmc_t6plain_fuds_s1,fp32,31,6,47736816,250000000
nmc_t6plain_fuds_s1,fp32,31,7,47736816,250000000
nmc_t6plain_fuds_s1,fp32,31,8,47736816,250000000
nmc_t6plain_fuds_s1,fp32,31,9,47736816,250000000
nmc_t6plain_fuds_s1,fp32,31,10,47736816,250000000
nmc_t6plain_fuds_s1,fp32,31,11,47736816,250000000
nmc_t6plain_fuds_s1,fp32,31,12,47736816,250000000
nmc_t6plain_fuds_s1,fp32,31,13,47736816,250000000
nmc_t6plain_fuds_s1,fp32,31,14,47736816,250000000
nmc_t6plain_fuds_s1,fp32,31,15,47736816,250000000
nmc_t6plain_fuds_s1,fp32,32,0,47706598,250000000
nmc_t6plain_fuds_s1,fp32,32,1,47706573,250000000
nmc_t6plain_fuds_s1,fp32,32,2,47706573,250000000
nmc_t6plain_fuds_s1,fp32,32,3,47706573,250000000
nmc_t6plain_fuds_s1,fp32,32,4,47706573,250000000
nmc_t6plain_fuds_s1,fp32,32,5,47706573,250000000
nmc_t6plain_fuds_s1,fp32,32,6,47706573,250000000
nmc_t6plain_fuds_s1,fp32,32,7,47706573,250000000
nmc_t6plain_fuds_s1,fp32,32,8,47706573,250000000
nmc_t6plain_fuds_s1,fp32,32,9,47706573,250000000
nmc_t6plain_fuds_s1,fp32,32,10,47706573,250000000
nmc_t6plain_fuds_s1,fp32,32,11,47706573,250000000
nmc_t6plain_fuds_s1,fp32,32,12,47706573,250000000
nmc_t6plain_fuds_s1,fp32,32,13,47706573,250000000
nmc_t6plain_fuds_s1,fp32,32,14,47706573,250000000
nmc_t6plain_fuds_s1,fp32,32,15,47706573,250000000
nmc_t6plain_fuds_s1,fp32,33,0,47697689,250000000
nmc_t6plain_fuds_s1,fp32,33,1,47697634,250000000
nmc_t6plain_fuds_s1,fp32,33,2,47697634,250000000
nmc_t6plain_fuds_s1,fp32,33,3,47697634,250000000
nmc_t6plain_fuds_s1,fp32,33,4,47697634,250000000
nmc_t6plain_fuds_s1,fp32,33,5,47697634,250000000
nmc_t6plain_fuds_s1,fp32,33,6,47697634,250000000
nmc_t6plain_fuds_s1,fp32,33,7,47697634,250000000
nmc_t6plain_fuds_s1,fp32,33,8,47697634,250000000
nmc_t6plain_fuds_s1,fp32,33,9,47697634,250000000
nmc_t6plain_fuds_s1,fp32,33,10,47697634,250000000
nmc_t6plain_fuds_s1,fp32,33,11,47697634,250000000
nmc_t6plain_fuds_s1,fp32,33,12,47697634,250000000
nmc_t6plain_fuds_s1,fp32,33,13,47697634,250000000
nmc_t6plain_fuds_s1,fp32,33,14,47697634,250000000
nmc_t6plain_fuds_s1,fp32,33,15,47697634,250000000
nmc_t6plain_fuds_s1,fp32,34,0,47681898,250000000
nmc_t6plain_fuds_s1,fp32,34,1,47681843,250000000
nmc_t6plain_fuds_s1,fp32,34,2,47681843,250000000
nmc_t6plain_fuds_s1,fp32,34,3,47681843,250000000
nmc_t6plain_fuds_s1,fp32,34,4,47681843,250000000
nmc_t6plain_fuds_s1,fp32,34,5,47681843,250000000
nmc_t6plain_fuds_s1,fp32,34,6,47681843,250000000
nmc_t6plain_fuds_s1,fp32,34,7,47681843,250000000
nmc_t6plain_fuds_s1,fp32,34,8,47681843,250000000
nmc_t6plain_fuds_s1,fp32,34,9,47681843,250000000
nmc_t6plain_fuds_s1,fp32,34,10,47681843,250000000
nmc_t6plain_fuds_s1,fp32,34,11,47681843,250000000
nmc_t6plain_fuds_s1,fp32,34,12,47681843,250000000
nmc_t6plain_fuds_s1,fp32,34,13,47681843,250000000
nmc_t6plain_fuds_s1,fp32,34,14,47681843,250000000
nmc_t6plain_fuds_s1,fp32,34,15,47681843,250000000
nmc_t6plain_fuds_s1,fp32,35,0,47681414,250000000
nmc_t6plain_fuds_s1,fp32,35,1,47681359,250000000
nmc_t6plain_fuds_s1,fp32,35,2,47681359,250000000
nmc_t6plain_fuds_s1,fp32,35,3,47681359,250000000
nmc_t6plain_fuds_s1,fp32,35,4,47681359,250000000
nmc_t6plain_fuds_s1,fp32,35,5,47681359,250000000
nmc_t6plain_fuds_s1,fp32,35,6,47681359,250000000
nmc_t6plain_fuds_s1,fp32,35,7,47681359,250000000
nmc_t6plain_fuds_s1,fp32,35,8,47681359,250000000
nmc_t6plain_fuds_s1,fp32,35,9,47681359,250000000
nmc_t6plain_fuds_s1,fp32,35,10,47681359,250000000
nmc_t6plain_fuds_s1,fp32,35,11,47681359,250000000
nmc_t6plain_fuds_s1,fp32,35,12,47681359,250000000
nmc_t6plain_fuds_s1,fp32,35,13,47681359,250000000
nmc_t6plain_fuds_s1,fp32,35,14,47681359,250000000
nmc_t6plain_fuds_s1,fp32,35,15,47681359,250000000
nmc_t6plain_fuds_s1,fp32,36,0,47673386,250000000
nmc_t6plain_fuds_s1,fp32,36,1,47673331,250000000
nmc_t6plain_fuds_s1,fp32,36,2,47673331,250000000
nmc_t6plain_fuds_s1,fp32,36,3,47673331,250000000
nmc_t6plain_fuds_s1,fp32,36,4,47673331,250000000
nmc_t6plain_fuds_s1,fp32,36,5,47673331,250000000
nmc_t6plain_fuds_s1,fp32,36,6,47673331,250000000
nmc_t6plain_fuds_s1,fp32,36,7,47673331,250000000
nmc_t6plain_fuds_s1,fp32,36,8,47673331,250000000
nmc_t6plain_fuds_s1,fp32,36,9,47673331,250000000
nmc_t6plain_fuds_s1,fp32,36,10,47673331,250000000
nmc_t6plain_fuds_s1,fp32,36,11,47673331,250000000
nmc_t6plain_fuds_s1,fp32,36,12,47673331,250000000
nmc_t6plain_fuds_s1,fp32,36,13,47673331,250000000
nmc_t6plain_fuds_s1,fp32,36,14,47673331,250000000
nmc_t6plain_fuds_s1,fp32,36,15,47673331,250000000
nmc_t6plain_fuds_s1,fp32,37,0,47653060,250000000
nmc_t6plain_fuds_s1,fp32,37,1,47653005,250000000
nmc_t6plain_fuds_s1,fp32,37,2,47653005,250000000
nmc_t6plain_fuds_s1,fp32,37,3,47653005,250000000
nmc_t6plain_fuds_s1,fp32,37,4,47653005,250000000
nmc_t6plain_fuds_s1,fp32,37,5,47653005,250000000
nmc_t6plain_fuds_s1,fp32,37,6,47653005,250000000
nmc_t6plain_fuds_s1,fp32,37,7,47653005,250000000
nmc_t6plain_fuds_s1,fp32,37,8,47653005,250000000
nmc_t6plain_fuds_s1,fp32,37,9,47653005,250000000
nmc_t6plain_fuds_s1,fp32,37,10,47653005,250000000
nmc_t6plain_fuds_s1,fp32,37,11,47653005,250000000
nmc_t6plain_fuds_s1,fp32,37,12,47653005,250000000
nmc_t6plain_fuds_s1,fp32,37,13,47653005,250000000
nmc_t6plain_fuds_s1,fp32,37,14,47653005,250000000
nmc_t6plain_fuds_s1,fp32,37,15,47653005,250000000
nmc_t6plain_fuds_s1,fp32,38,0,47682277,250000000
nmc_t6plain_fuds_s1,fp32,38,1,47682229,250000000
nmc_t6plain_fuds_s1,fp32,38,2,47682229,250000000
nmc_t6plain_fuds_s1,fp32,38,3,47682229,250000000
nmc_t6plain_fuds_s1,fp32,38,4,47682229,250000000
nmc_t6plain_fuds_s1,fp32,38,5,47682229,250000000
nmc_t6plain_fuds_s1,fp32,38,6,47682229,250000000
nmc_t6plain_fuds_s1,fp32,38,7,47682229,250000000
nmc_t6plain_fuds_s1,fp32,38,8,47682229,250000000
nmc_t6plain_fuds_s1,fp32,38,9,47682229,250000000
nmc_t6plain_fuds_s1,fp32,38,10,47682229,250000000
nmc_t6plain_fuds_s1,fp32,38,11,47682229,250000000
nmc_t6plain_fuds_s1,fp32,38,12,47682229,250000000
nmc_t6plain_fuds_s1,fp32,38,13,47682229,250000000
nmc_t6plain_fuds_s1,fp32,38,14,47682229,250000000
nmc_t6plain_fuds_s1,fp32,38,15,47682229,250000000
nmc_t6plain_fuds_s1,fp32,39,0,47683259,250000000
nmc_t6plain_fuds_s1,fp32,39,1,47683211,250000000
nmc_t6plain_fuds_s1,fp32,39,2,47683211,250000000
nmc_t6plain_fuds_s1,fp32,39,3,47683211,250000000
nmc_t6plain_fuds_s1,fp32,39,4,47683211,250000000
nmc_t6plain_fuds_s1,fp32,39,5,47683211,250000000
nmc_t6plain_fuds_s1,fp32,39,6,47683211,250000000
nmc_t6plain_fuds_s1,fp32,39,7,47683211,250000000
nmc_t6plain_fuds_s1,fp32,39,8,47683211,250000000
nmc_t6plain_fuds_s1,fp32,39,9,47683211,250000000
nmc_t6plain_fuds_s1,fp32,39,10,47683211,250000000
nmc_t6plain_fuds_s1,fp32,39,11,47683211,250000000
nmc_t6plain_fuds_s1,fp32,39,12,47683211,250000000
nmc_t6plain_fuds_s1,fp32,39,13,47683211,250000000
nmc_t6plain_fuds_s1,fp32,39,14,47683211,250000000
nmc_t6plain_fuds_s1,fp32,39,15,47683211,250000000
nmc_t6plain_fuds_s1,fp32,40,0,47679842,250000000
nmc_t6plain_fuds_s1,fp32,40,1,47679796,250000000
nmc_t6plain_fuds_s1,fp32,40,2,47679796,250000000
nmc_t6plain_fuds_s1,fp32,40,3,47679796,250000000
nmc_t6plain_fuds_s1,fp32,40,4,47679796,250000000
nmc_t6plain_fuds_s1,fp32,40,5,47679796,250000000
nmc_t6plain_fuds_s1,fp32,40,6,47679796,250000000
nmc_t6plain_fuds_s1,fp32,40,7,47679796,250000000
nmc_t6plain_fuds_s1,fp32,40,8,47679796,250000000
nmc_t6plain_fuds_s1,fp32,40,9,47679796,250000000
nmc_t6plain_fuds_s1,fp32,40,10,47679796,250000000
nmc_t6plain_fuds_s1,fp32,40,11,47679796,250000000
nmc_t6plain_fuds_s1,fp32,40,12,47679796,250000000
nmc_t6plain_fuds_s1,fp32,40,13,47679796,250000000
nmc_t6plain_fuds_s1,fp32,40,14,47679796,250000000
nmc_t6plain_fuds_s1,fp32,40,15,47679796,250000000
nmc_t6plain_fuds_s1,fp32,41,0,47665304,250000000
nmc_t6plain_fuds_s1,fp32,41,1,47665258,250000000
nmc_t6plain_fuds_s1,fp32,41,2,47665258,250000000
nmc_t6plain_fuds_s1,fp32,41,3,47665258,250000000
nmc_t6plain_fuds_s1,fp32,41,4,47665258,250000000
nmc_t6plain_fuds_s1,fp32,41,5,47665258,250000000
nmc_t6plain_fuds_s1,fp32,41,6,47665258,250000000
nmc_t6plain_fuds_s1,fp32,41,7,47665258,250000000
nmc_t6plain_fuds_s1,fp32,41,8,47665258,250000000
nmc_t6plain_fuds_s1,fp32,41,9,47665258,250000000
nmc_t6plain_fuds_s1,fp32,41,10,47665258,250000000
nmc_t6plain_fuds_s1,fp32,41,11,47665258,250000000
nmc_t6plain_fuds_s1,fp32,41,12,47665258,250000000
nmc_t6plain_fuds_s1,fp32,41,13,47665258,250000000
nmc_t6plain_fuds_s1,fp32,41,14,47665258,250000000
nmc_t6plain_fuds_s1,fp32,41,15,47665258,250000000
nmc_t6plain_fuds_s1,fp32,42,0,47595236,250000000
nmc_t6plain_fuds_s1,fp32,42,1,47595190,250000000
nmc_t6plain_fuds_s1,fp32,42,2,47595190,250000000
nmc_t6plain_fuds_s1,fp32,42,3,47595190,250000000
nmc_t6plain_fuds_s1,fp32,42,4,47595190,250000000
nmc_t6plain_fuds_s1,fp32,42,5,47595190,250000000
nmc_t6plain_fuds_s1,fp32,42,6,47595190,250000000
nmc_t6plain_fuds_s1,fp32,42,7,47595190,250000000
nmc_t6plain_fuds_s1,fp32,42,8,47595190,250000000
nmc_t6plain_fuds_s1,fp32,42,9,47595190,250000000
nmc_t6plain_fuds_s1,fp32,42,10,47595190,250000000
nmc_t6plain_fuds_s1,fp32,42,11,47595190,250000000
nmc_t6plain_fuds_s1,fp32,42,12,47595190,250000000
nmc_t6plain_fuds_s1,fp32,42,13,47595190,250000000
nmc_t6plain_fuds_s1,fp32,42,14,47595190,250000000
nmc_t6plain_fuds_s1,fp32,42,15,47595190,250000000
nmc_t6plain_fuds_s1,fp32,43,0,47598375,250000000
nmc_t6plain_fuds_s1,fp32,43,1,47598327,250000000
nmc_t6plain_fuds_s1,fp32,43,2,47598327,250000000
nmc_t6plain_fuds_s1,fp32,43,3,47598327,250000000
nmc_t6plain_fuds_s1,fp32,43,4,47598327,250000000
nmc_t6plain_fuds_s1,fp32,43,5,47598327,250000000
nmc_t6plain_fuds_s1,fp32,43,6,47598327,250000000
nmc_t6plain_fuds_s1,fp32,43,7,47598327,250000000
nmc_t6plain_fuds_s1,fp32,43,8,47598327,250000000
nmc_t6plain_fuds_s1,fp32,43,9,47598327,250000000
nmc_t6plain_fuds_s1,fp32,43,10,47598327,250000000
nmc_t6plain_fuds_s1,fp32,43,11,47598327,250000000
nmc_t6plain_fuds_s1,fp32,43,12,47598327,250000000
nmc_t6plain_fuds_s1,fp32,43,13,47598327,250000000
nmc_t6plain_fuds_s1,fp32,43,14,47598327,250000000
nmc_t6plain_fuds_s1,fp32,43,15,47598327,250000000
nmc_t6plain_fuds_s1,fp32,44,0,47629632,250000000
nmc_t6plain_fuds_s1,fp32,44,1,47629584,250000000
nmc_t6plain_fuds_s1,fp32,44,2,47629584,250000000
nmc_t6plain_fuds_s1,fp32,44,3,47629584,250000000
nmc_t6plain_fuds_s1,fp32,44,4,47629584,250000000
nmc_t6plain_fuds_s1,fp32,44,5,47629584,250000000
nmc_t6plain_fuds_s1,fp32,44,6,47629584,250000000
nmc_t6plain_fuds_s1,fp32,44,7,47629584,250000000
nmc_t6plain_fuds_s1,fp32,44,8,47629584,250000000
nmc_t6plain_fuds_s1,fp32,44,9,47629584,250000000
nmc_t6plain_fuds_s1,fp32,44,10,47629584,250000000
nmc_t6plain_fuds_s1,fp32,44,11,47629584,250000000
nmc_t6plain_fuds_s1,fp32,44,12,47629584,250000000
nmc_t6plain_fuds_s1,fp32,44,13,47629584,250000000
nmc_t6plain_fuds_s1,fp32,44,14,47629584,250000000
nmc_t6plain_fuds_s1,fp32,44,15,47629584,250000000
nmc_t6plain_fuds_s1,fp32,45,0,47640382,250000000
nmc_t6plain_fuds_s1,fp32,45,1,47640334,250000000
nmc_t6plain_fuds_s1,fp32,45,2,47640334,250000000
nmc_t6plain_fuds_s1,fp32,45,3,47640334,250000000
nmc_t6plain_fuds_s1,fp32,45,4,47640334,250000000
nmc_t6plain_fuds_s1,fp32,45,5,47640334,250000000
nmc_t6plain_fuds_s1,fp32,45,6,47640334,250000000
nmc_t6plain_fuds_s1,fp32,45,7,47640334,250000000
nmc_t6plain_fuds_s1,fp32,45,8,47640334,250000000
nmc_t6plain_fuds_s1,fp32,45,9,47640334,250000000
nmc_t6plain_fuds_s1,fp32,45,10,47640334,250000000
nmc_t6plain_fuds_s1,fp32,45,11,47640334,250000000
nmc_t6plain_fuds_s1,fp32,45,12,47640334,250000000
nmc_t6plain_fuds_s1,fp32,45,13,47640334,250000000
nmc_t6plain_fuds_s1,fp32,45,14,47640334,250000000
nmc_t6plain_fuds_s1,fp32,45,15,47640334,250000000
nmc_t6plain_fuds_s1,fp32,46,0,47638962,250000000
nmc_t6plain_fuds_s1,fp32,46,1,47638909,250000000
nmc_t6plain_fuds_s1,fp32,46,2,47638909,250000000
nmc_t6plain_fuds_s1,fp32,46,3,47638909,250000000
nmc_t6plain_fuds_s1,fp32,46,4,47638909,250000000
nmc_t6plain_fuds_s1,fp32,46,5,47638909,250000000
nmc_t6plain_fuds_s1,fp32,46,6,47638909,250000000
nmc_t6plain_fuds_s1,fp32,46,7,47638909,250000000
nmc_t6plain_fuds_s1,fp32,46,8,47638909,250000000
nmc_t6plain_fuds_s1,fp32,46,9,47638909,250000000
nmc_t6plain_fuds_s1,fp32,46,10,47638909,250000000
nmc_t6plain_fuds_s1,fp32,46,11,47638909,250000000
nmc_t6plain_fuds_s1,fp32,46,12,47638909,250000000
nmc_t6plain_fuds_s1,fp32,46,13,47638909,250000000
nmc_t6plain_fuds_s1,fp32,46,14,47638909,250000000
nmc_t6plain_fuds_s1,fp32,46,15,47638909,250000000
nmc_t6plain_fuds_s1,fp32,47,0,47677713,250000000
nmc_t6plain_fuds_s1,fp32,47,1,47677660,250000000
nmc_t6plain_fuds_s1,fp32,47,2,47677660,250000000
nmc_t6plain_fuds_s1,fp32,47,3,47677660,250000000
nmc_t6plain_fuds_s1,fp32,47,4,47677660,250000000
nmc_t6plain_fuds_s1,fp32,47,5,47677660,250000000
nmc_t6plain_fuds_s1,fp32,47,6,47677660,250000000
nmc_t6plain_fuds_s1,fp32,47,7,47677660,250000000
nmc_t6plain_fuds_s1,fp32,47,8,47677660,250000000
nmc_t6plain_fuds_s1,fp32,47,9,47677660,250000000
nmc_t6plain_fuds_s1,fp32,47,10,47677660,250000000
nmc_t6plain_fuds_s1,fp32,47,11,47677660,250000000
nmc_t6plain_fuds_s1,fp32,47,12,47677660,250000000
nmc_t6plain_fuds_s1,fp32,47,13,47677660,250000000
nmc_t6plain_fuds_s1,fp32,47,14,47677660,250000000
nmc_t6plain_fuds_s1,fp32,47,15,47677660,250000000
nmc_t6plain_fuds_s1,fp32,48,0,47682683,250000000
nmc_t6plain_fuds_s1,fp32,48,1,47682628,250000000
nmc_t6plain_fuds_s1,fp32,48,2,47682628,250000000
nmc_t6plain_fuds_s1,fp32,48,3,47682628,250000000
nmc_t6plain_fuds_s1,fp32,48,4,47682628,250000000
nmc_t6plain_fuds_s1,fp32,48,5,47682628,250000000
nmc_t6plain_fuds_s1,fp32,48,6,47682628,250000000
nmc_t6plain_fuds_s1,fp32,48,7,47682628,250000000
nmc_t6plain_fuds_s1,fp32,48,8,47682628,250000000
nmc_t6plain_fuds_s1,fp32,48,9,47682628,250000000
nmc_t6plain_fuds_s1,fp32,48,10,47682628,250000000
nmc_t6plain_fuds_s1,fp32,48,11,47682628,250000000
nmc_t6plain_fuds_s1,fp32,48,12,47682628,250000000
nmc_t6plain_fuds_s1,fp32,48,13,47682628,250000000
nmc_t6plain_fuds_s1,fp32,48,14,47682628,250000000
nmc_t6plain_fuds_s1,fp32,48,15,47682628,250000000
nmc_t6plain_fuds_s1,fp32,49,0,47704408,250000000
nmc_t6plain_fuds_s1,fp32,49,1,47704355,250000000
nmc_t6plain_fuds_s1,fp32,49,2,47704355,250000000
nmc_t6plain_fuds_s1,fp32,49,3,47704355,250000000
nmc_t6plain_fuds_s1,fp32,49,4,47704355,250000000
nmc_t6plain_fuds_s1,fp32,49,5,47704355,250000000
nmc_t6plain_fuds_s1,fp32,49,6,47704355,250000000
nmc_t6plain_fuds_s1,fp32,49,7,47704355,250000000
nmc_t6plain_fuds_s1,fp32,49,8,47704355,250000000
nmc_t6plain_fuds_s1,fp32,49,9,47704355,250000000
nmc_t6plain_fuds_s1,fp32,49,10,47704355,250000000
nmc_t6plain_fuds_s1,fp32,49,11,47704355,250000000
nmc_t6plain_fuds_s1,fp32,49,12,47704355,250000000
nmc_t6plain_fuds_s1,fp32,49,13,47704355,250000000
nmc_t6plain_fuds_s1,fp32,49,14,47704355,250000000
nmc_t6plain_fuds_s1,fp32,49,15,47704355,250000000
nmc_t6plain_fuds_s1,fp32,50,0,47693515,250000000
nmc_t6plain_fuds_s1,fp32,50,1,47693460,250000000
nmc_t6plain_fuds_s1,fp32,50,2,47693460,250000000
nmc_t6plain_fuds_s1,fp32,50,3,47693460,250000000
nmc_t6plain_fuds_s1,fp32,50,4,47693460,250000000
nmc_t6plain_fuds_s1,fp32,50,5,47693460,250000000
nmc_t6plain_fuds_s1,fp32,50,6,47693460,250000000
nmc_t6plain_fuds_s1,fp32,50,7,47693460,250000000
nmc_t6plain_fuds_s1,fp32,50,8,47693460,250000000
nmc_t6plain_fuds_s1,fp32,50,9,47693460,250000000
nmc_t6plain_fuds_s1,fp32,50,10,47693460,250000000
nmc_t6plain_fuds_s1,fp32,50,11,47693460,250000000
nmc_t6plain_fuds_s1,fp32,50,12,47693460,250000000
nmc_t6plain_fuds_s1,fp32,50,13,47693460,250000000
nmc_t6plain_fuds_s1,fp32,50,14,47693460,250000000
nmc_t6plain_fuds_s1,fp32,50,15,47693460,250000000
nmc_t6plain_fuds_s1,fp32,51,0,47692221,250000000
nmc_t6plain_fuds_s1,fp32,51,1,47692198,250000000
nmc_t6plain_fuds_s1,fp32,51,2,47692198,250000000
nmc_t6plain_fuds_s1,fp32,51,3,47692198,250000000
nmc_t6plain_fuds_s1,fp32,51,4,47692198,250000000
nmc_t6plain_fuds_s1,fp32,51,5,47692198,250000000
nmc_t6plain_fuds_s1,fp32,51,6,47692198,250000000
nmc_t6plain_fuds_s1,fp32,51,7,47692198,250000000
nmc_t6plain_fuds_s1,fp32,51,8,47692198,250000000
nmc_t6plain_fuds_s1,fp32,51,9,47692198,250000000
nmc_t6plain_fuds_s1,fp32,51,10,47692198,250000000
nmc_t6plain_fuds_s1,fp32,51,11,47692198,250000000
nmc_t6plain_fuds_s1,fp32,51,12,47692198,250000000
nmc_t6plain_fuds_s1,fp32,51,13,47692198,250000000
nmc_t6plain_fuds_s1,fp32,51,14,47692198,250000000
nmc_t6plain_fuds_s1,fp32,51,15,47692198,250000000
nmc_t6plain_fuds_s1,fp32,52,0,47660180,250000000
nmc_t6plain_fuds_s1,fp32,52,1,47660155,250000000
nmc_t6plain_fuds_s1,fp32,52,2,47660155,250000000
nmc_t6plain_fuds_s1,fp32,52,3,47660155,250000000
nmc_t6plain_fuds_s1,fp32,52,4,47660155,250000000
nmc_t6plain_fuds_s1,fp32,52,5,47660155,250000000
nmc_t6plain_fuds_s1,fp32,52,6,47660155,250000000
nmc_t6plain_fuds_s1,fp32,52,7,47660155,250000000
nmc_t6plain_fuds_s1,fp32,52,8,47660155,250000000
nmc_t6plain_fuds_s1,fp32,52,9,47660155,250000000
nmc_t6plain_fuds_s1,fp32,52,10,47660155,250000000
nmc_t6plain_fuds_s1,fp32,52,11,47660155,250000000
nmc_t6plain_fuds_s1,fp32,52,12,47660155,250000000
nmc_t6plain_fuds_s1,fp32,52,13,47660155,250000000
nmc_t6plain_fuds_s1,fp32,52,14,47660155,250000000
nmc_t6plain_fuds_s1,fp32,52,15,47660155,250000000
nmc_t6plain_fuds_s1,fp32,53,0,47654478,250000000
nmc_t6plain_fuds_s1,fp32,53,1,47654423,250000000
nmc_t6plain_fuds_s1,fp32,53,2,47654423,250000000
nmc_t6plain_fuds_s1,fp32,53,3,47654423,250000000
nmc_t6plain_fuds_s1,fp32,53,4,47654423,250000000
nmc_t6plain_fuds_s1,fp32,53,5,47654423,250000000
nmc_t6plain_fuds_s1,fp32,53,6,47654423,250000000
nmc_t6plain_fuds_s1,fp32,53,7,47654423,250000000
nmc_t6plain_fuds_s1,fp32,53,8,47654423,250000000
nmc_t6plain_fuds_s1,fp32,53,9,47654423,250000000
nmc_t6plain_fuds_s1,fp32,53,10,47654423,250000000
nmc_t6plain_fuds_s1,fp32,53,11,47654423,250000000
nmc_t6plain_fuds_s1,fp32,53,12,47654423,250000000
nmc_t6plain_fuds_s1,fp32,53,13,47654423,250000000
nmc_t6plain_fuds_s1,fp32,53,14,47654423,250000000
nmc_t6plain_fuds_s1,fp32,53,15,47654423,250000000
nmc_t6plain_fuds_s1,fp32,54,0,47637655,250000000
nmc_t6plain_fuds_s1,fp32,54,1,47637600,250000000
nmc_t6plain_fuds_s1,fp32,54,2,47637600,250000000
nmc_t6plain_fuds_s1,fp32,54,3,47637600,250000000
nmc_t6plain_fuds_s1,fp32,54,4,47637600,250000000
nmc_t6plain_fuds_s1,fp32,54,5,47637600,250000000
nmc_t6plain_fuds_s1,fp32,54,6,47637600,250000000
nmc_t6plain_fuds_s1,fp32,54,7,47637600,250000000
nmc_t6plain_fuds_s1,fp32,54,8,47637600,250000000
nmc_t6plain_fuds_s1,fp32,54,9,47637600,250000000
nmc_t6plain_fuds_s1,fp32,54,10,47637600,250000000
nmc_t6plain_fuds_s1,fp32,54,11,47637600,250000000
nmc_t6plain_fuds_s1,fp32,54,12,47637600,250000000
nmc_t6plain_fuds_s1,fp32,54,13,47637600,250000000
nmc_t6plain_fuds_s1,fp32,54,14,47637600,250000000
nmc_t6plain_fuds_s1,fp32,54,15,47637600,250000000
nmc_t6plain_fuds_s1,fp32,55,0,47622271,250000000
nmc_t6plain_fuds_s1,fp32,55,1,47622216,250000000
nmc_t6plain_fuds_s1,fp32,55,2,47622216,250000000
nmc_t6plain_fuds_s1,fp32,55,3,47622216,250000000
nmc_t6plain_fuds_s1,fp32,55,4,47622216,250000000
nmc_t6plain_fuds_s1,fp32,55,5,47622216,250000000
nmc_t6plain_fuds_s1,fp32,55,6,47622216,250000000
nmc_t6plain_fuds_s1,fp32,55,7,47622216,250000000
nmc_t6plain_fuds_s1,fp32,55,8,47622216,250000000
nmc_t6plain_fuds_s1,fp32,55,9,47622216,250000000
nmc_t6plain_fuds_s1,fp32,55,10,47622216,250000000
nmc_t6plain_fuds_s1,fp32,55,11,47622216,250000000
nmc_t6plain_fuds_s1,fp32,55,12,47622216,250000000
nmc_t6plain_fuds_s1,fp32,55,13,47622216,250000000
nmc_t6plain_fuds_s1,fp32,55,14,47622216,250000000
nmc_t6plain_fuds_s1,fp32,55,15,47622216,250000000
nmc_t6plain_fuds_s1,fp32,56,0,47623792,250000000
nmc_t6plain_fuds_s1,fp32,56,1,47623737,250000000
nmc_t6plain_fuds_s1,fp32,56,2,47623737,250000000
nmc_t6plain_fuds_s1,fp32,56,3,47623737,250000000
nmc_t6plain_fuds_s1,fp32,56,4,47623737,250000000
nmc_t6plain_fuds_s1,fp32,56,5,47623737,250000000
nmc_t6plain_fuds_s1,fp32,56,6,47623737,250000000
nmc_t6plain_fuds_s1,fp32,56,7,47623737,250000000
nmc_t6plain_fuds_s1,fp32,56,8,47623737,250000000
nmc_t6plain_fuds_s1,fp32,56,9,47623737,250000000
nmc_t6plain_fuds_s1,fp32,56,10,47623737,250000000
nmc_t6plain_fuds_s1,fp32,56,11,47623737,250000000
nmc_t6plain_fuds_s1,fp32,56,12,47623737,250000000
nmc_t6plain_fuds_s1,fp32,56,13,47623737,250000000
nmc_t6plain_fuds_s1,fp32,56,14,47623737,250000000
nmc_t6plain_fuds_s1,fp32,56,15,47623737,250000000
nmc_t6plain_fuds_s1,fp32,57,0,47612973,250000000
nmc_t6plain_fuds_s1,fp32,57,1,47612918,250000000
nmc_t6plain_fuds_s1,fp32,57,2,47612918,250000000
nmc_t6plain_fuds_s1,fp32,57,3,47612918,250000000
nmc_t6plain_fuds_s1,fp32,57,4,47612918,250000000
nmc_t6plain_fuds_s1,fp32,57,5,47612918,250000000
nmc_t6plain_fuds_s1,fp32,57,6,47612918,250000000
nmc_t6plain_fuds_s1,fp32,57,7,47612918,250000000
nmc_t6plain_fuds_s1,fp32,57,8,47612918,250000000
nmc_t6plain_fuds_s1,fp32,57,9,47612918,250000000
nmc_t6plain_fuds_s1,fp32,57,10,47612918,250000000
nmc_t6plain_fuds_s1,fp32,57,11,47612918,250000000
nmc_t6plain_fuds_s1,fp32,57,12,47612918,250000000
nmc_t6plain_fuds_s1,fp32,57,13,47612918,250000000
nmc_t6plain_fuds_s1,fp32,57,14,47612918,250000000
nmc_t6plain_fuds_s1,fp32,57,15,47612918,250000000
nmc_t6plain_fuds_s1,fp32,58,0,47626721,250000000
nmc_t6plain_fuds_s1,fp32,58,1,47626673,250000000
nmc_t6plain_fuds_s1,fp32,58,2,47626673,250000000
nmc_t6plain_fuds_s1,fp32,58,3,47626673,250000000
nmc_t6plain_fuds_s1,fp32,58,4,47626673,250000000
nmc_t6plain_fuds_s1,fp32,58,5,47626673,250000000
nmc_t6plain_fuds_s1,fp32,58,6,47626673,250000000
nmc_t6plain_fuds_s1,fp32,58,7,47626673,250000000
nmc_t6plain_fuds_s1,fp32,58,8,47626673,250000000
nmc_t6plain_fuds_s1,fp32,58,9,47626673,250000000
nmc_t6plain_fuds_s1,fp32,58,10,47626673,250000000
nmc_t6plain_fuds_s1,fp32,58,11,47626673,250000000
nmc_t6plain_fuds_s1,fp32,58,12,47626673,250000000
nmc_t6plain_fuds_s1,fp32,58,13,47626673,250000000
nmc_t6plain_fuds_s1,fp32,58,14,47626673,250000000
nmc_t6plain_fuds_s1,fp32,58,15,47626673,250000000
nmc_t6plain_fuds_s1,fp32,59,0,47620784,250000000
nmc_t6plain_fuds_s1,fp32,59,1,47620736,250000000
nmc_t6plain_fuds_s1,fp32,59,2,47620736,250000000
nmc_t6plain_fuds_s1,fp32,59,3,47620736,250000000
nmc_t6plain_fuds_s1,fp32,59,4,47620736,250000000
nmc_t6plain_fuds_s1,fp32,59,5,47620736,250000000
nmc_t6plain_fuds_s1,fp32,59,6,47620736,250000000
nmc_t6plain_fuds_s1,fp32,59,7,47620736,250000000
nmc_t6plain_fuds_s1,fp32,59,8,47620736,250000000
nmc_t6plain_fuds_s1,fp32,59,9,47620736,250000000
nmc_t6plain_fuds_s1,fp32,59,10,47620736,250000000
nmc_t6plain_fuds_s1,fp32,59,11,47620736,250000000
nmc_t6plain_fuds_s1,fp32,59,12,47620736,250000000
nmc_t6plain_fuds_s1,fp32,59,13,47620736,250000000
nmc_t6plain_fuds_s1,fp32,59,14,47620736,250000000
nmc_t6plain_fuds_s1,fp32,59,15,47620736,250000000
nmc_t6plain_fuds_s1,fp32,60,0,47641991,250000000
nmc_t6plain_fuds_s1,fp32,60,1,47641945,250000000
nmc_t6plain_fuds_s1,fp32,60,2,47641945,250000000
nmc_t6plain_fuds_s1,fp32,60,3,47641945,250000000
nmc_t6plain_fuds_s1,fp32,60,4,47641945,250000000
nmc_t6plain_fuds_s1,fp32,60,5,47641945,250000000
nmc_t6plain_fuds_s1,fp32,60,6,47641945,250000000
nmc_t6plain_fuds_s1,fp32,60,7,47641945,250000000
nmc_t6plain_fuds_s1,fp32,60,8,47641945,250000000
nmc_t6plain_fuds_s1,fp32,60,9,47641945,250000000
nmc_t6plain_fuds_s1,fp32,60,10,47641945,250000000
nmc_t6plain_fuds_s1,fp32,60,11,47641945,250000000
nmc_t6plain_fuds_s1,fp32,60,12,47641945,250000000
nmc_t6plain_fuds_s1,fp32,60,13,47641945,250000000
nmc_t6plain_fuds_s1,fp32,60,14,47641945,250000000
nmc_t6plain_fuds_s1,fp32,60,15,47641945,250000000
nmc_t6plain_fuds_s1,fp32,61,0,47617693,250000000
nmc_t6plain_fuds_s1,fp32,61,1,47617645,250000000
nmc_t6plain_fuds_s1,fp32,61,2,47617645,250000000
nmc_t6plain_fuds_s1,fp32,61,3,47617645,250000000
nmc_t6plain_fuds_s1,fp32,61,4,47617645,250000000
nmc_t6plain_fuds_s1,fp32,61,5,47617645,250000000
nmc_t6plain_fuds_s1,fp32,61,6,47617645,250000000
nmc_t6plain_fuds_s1,fp32,61,7,47617645,250000000
nmc_t6plain_fuds_s1,fp32,61,8,47617645,250000000
nmc_t6plain_fuds_s1,fp32,61,9,47617645,250000000
nmc_t6plain_fuds_s1,fp32,61,10,47617645,250000000
nmc_t6plain_fuds_s1,fp32,61,11,47617645,250000000
nmc_t6plain_fuds_s1,fp32,61,12,47617645,250000000
nmc_t6plain_fuds_s1,fp32,61,13,47617645,250000000
nmc_t6plain_fuds_s1,fp32,61,14,47617645,250000000
nmc_t6plain_fuds_s1,fp32,61,15,47617645,250000000
nmc_t6plain_fuds_s1,fp32,62,0,47599416,250000000
nmc_t6plain_fuds_s1,fp32,62,1,47599370,250000000
nmc_t6plain_fuds_s1,fp32,62,2,47599370,250000000
nmc_t6plain_fuds_s1,fp32,62,3,47599370,250000000
nmc_t6plain_fuds_s1,fp32,62,4,47599370,250000000
nmc_t6plain_fuds_s1,fp32,62,5,47599370,250000000
nmc_t6plain_fuds_s1,fp32,62,6,47599370,250000000
nmc_t6plain_fuds_s1,fp32,62,7,47599370,250000000
nmc_t6plain_fuds_s1,fp32,62,8,47599370,250000000
nmc_t6plain_fuds_s1,fp32,62,9,47599370,250000000
nmc_t6plain_fuds_s1,fp32,62,10,47599370,250000000
nmc_t6plain_fuds_s1,fp32,62,11,47599370,250000000
nmc_t6plain_fuds_s1,fp32,62,12,47599370,250000000
nmc_t6plain_fuds_s1,fp32,62,13,47599370,250000000
nmc_t6plain_fuds_s1,fp32,62,14,47599370,250000000
nmc_t6plain_fuds_s1,fp32,62,15,47599370,250000000
nmc_t6plain_fuds_s1,fp32,63,0,47484262,250000000
nmc_t6plain_fuds_s1,fp32,63,1,47484216,250000000
nmc_t6plain_fuds_s1,fp32,63,2,47484216,250000000
nmc_t6plain_fuds_s1,fp32,63,3,47484216,250000000
nmc_t6plain_fuds_s1,fp32,63,4,47484216,250000000
nmc_t6plain_fuds_s1,fp32,63,5,47484216,250000000
nmc_t6plain_fuds_s1,fp32,63,6,47484216,250000000
nmc_t6plain_fuds_s1,fp32,63,7,47484216,250000000
nmc_t6plain_fuds_s1,fp32,63,8,47484216,250000000
nmc_t6plain_fuds_s1,fp32,63,9,47484216,250000000
nmc_t6plain_fuds_s1,fp32,63,10,47484216,250000000
nmc_t6plain_fuds_s1,fp32,63,11,47484216,250000000
nmc_t6plain_fuds_s1,fp32,63,12,47484216,250000000
nmc_t6plain_fuds_s1,fp32,63,13,47484216,250000000
nmc_t6plain_fuds_s1,fp32,63,14,47484216,250000000
nmc_t6plain_fuds_s1,fp32,63,15,47484216,250000000
nmc_t6plain_fuds_s2,fp32,0,0,47613937,250000000
nmc_t6plain_fuds_s2,fp32,0,1,47613937,250000000
nmc_t6plain_fuds_s2,fp32,0,2,47613937,250000000
nmc_t6plain_fuds_s2,fp32,0,3,47613937,250000000
nmc_t6plain_fuds_s2,fp32,0,4,47613937,250000000
nmc_t6plain_fuds_s2,fp32,0,5,47613937,250000000
nmc_t6plain_fuds_s2,fp32,0,6,47613937,250000000
nmc_t6plain_fuds_s2,fp32,0,7,47613937,250000000
nmc_t6plain_fuds_s2,fp32,0,8,47613937,250000000
nmc_t6plain_fuds_s2,fp32,0,9,47613937,250000000
nmc_t6plain_fuds_s2,fp32,0,10,47613937,250000000
nmc_t6plain_fuds_s2,fp32,0,11,47613937,250000000
nmc_t6plain_fuds_s2,fp32,0,12,47613937,250000000
nmc_t6plain_fuds_s2,fp32,0,13,47613937,250000000
nmc_t6plain_fuds_s2,fp32,0,14,47613937,250000000
nmc_t6plain_fuds_s2,fp32,0,15,47613937,250000000
nmc_t6plain_fuds_s2,fp32,1,0,47633990,250000000
nmc_t6plain_fuds_s2,fp32,1,1,47633944,250000000
nmc_t6plain_fuds_s2,fp32,1,2,47633944,250000000
nmc_t6plain_fuds_s2,fp32,1,3,47633944,250000000
nmc_t6plain_fuds_s2,fp32,1,4,47633944,250000000
nmc_t6plain_fuds_s2,fp32,1,5,47633944,250000000
nmc_t6plain_fuds_s2,fp32,1,6,47633944,250000000
nmc_t6plain_fuds_s2,fp32,1,7,47633944,250000000
nmc_t6plain_fuds_s2,fp32,1,8,47633944,250000000
nmc_t6plain_fuds_s2,fp32,1,9,47633944,250000000
nmc_t6plain_fuds_s2,fp32,1,10,47633944,250000000
nmc_t6plain_fuds_s2,fp32,1,11,47633944,250000000
nmc_t6plain_fuds_s2,fp32,1,12,47633944,250000000
nmc_t6plain_fuds_s2,fp32,1,13,47633944,250000000
nmc_t6plain_fuds_s2,fp32,1,14,47633944,250000000
nmc_t6plain_fuds_s2,fp32,1,15,47633944,250000000
nmc_t6plain_fuds_s2,fp32,2,0,47649803,250000000
nmc_t6plain_fuds_s2,fp32,2,1,47649757,250000000
nmc_t6plain_fuds_s2,fp32,2,2,47649757,250000000
nmc_t6plain_fuds_s2,fp32,2,3,47649757,250000000
nmc_t6plain_fuds_s2,fp32,2,4,47649757,250000000
nmc_t6plain_fuds_s2,fp32,2,5,47649757,250000000
nmc_t6plain_fuds_s2,fp32,2,6,47649757,250000000
nmc_t6plain_fuds_s2,fp32,2,7,47649757,250000000
nmc_t6plain_fuds_s2,fp32,2,8,47649757,250000000
nmc_t6plain_fuds_s2,fp32,2,9,47649757,250000000
nmc_t6plain_fuds_s2,fp32,2,10,47649757,250000000
nmc_t6plain_fuds_s2,fp32,2,11,47649757,250000000
nmc_t6plain_fuds_s2,fp32,2,12,47649757,250000000
nmc_t6plain_fuds_s2,fp32,2,13,47649757,250000000
nmc_t6plain_fuds_s2,fp32,2,14,47649757,250000000
nmc_t6plain_fuds_s2,fp32,2,15,47649757,250000000
nmc_t6plain_fuds_s2,fp32,3,0,47652636,250000000
nmc_t6plain_fuds_s2,fp32,3,1,47652590,250000000
nmc_t6plain_fuds_s2,fp32,3,2,47652590,250000000
nmc_t6plain_fuds_s2,fp32,3,3,47652590,250000000
nmc_t6plain_fuds_s2,fp32,3,4,47652590,250000000
nmc_t6plain_fuds_s2,fp32,3,5,47652590,250000000
nmc_t6plain_fuds_s2,fp32,3,6,47652590,250000000
nmc_t6plain_fuds_s2,fp32,3,7,47652590,250000000
nmc_t6plain_fuds_s2,fp32,3,8,47652590,250000000
nmc_t6plain_fuds_s2,fp32,3,9,47652590,250000000
nmc_t6plain_fuds_s2,fp32,3,10,47652590,250000000
nmc_t6plain_fuds_s2,fp32,3,11,47652590,250000000
nmc_t6plain_fuds_s2,fp32,3,12,47652590,250000000
nmc_t6plain_fuds_s2,fp32,3,13,47652590,250000000
nmc_t6plain_fuds_s2,fp32,3,14,47652590,250000000
nmc_t6plain_fuds_s2,fp32,3,15,47652590,250000000
nmc_t6plain_fuds_s2,fp32,4,0,47671077,250000000
nmc_t6plain_fuds_s2,fp32,4,1,47671024,250000000
nmc_t6plain_fuds_s2,fp32,4,2,47671024,250000000
nmc_t6plain_fuds_s2,fp32,4,3,47671024,250000000
nmc_t6plain_fuds_s2,fp32,4,4,47671024,250000000
nmc_t6plain_fuds_s2,fp32,4,5,47671024,250000000
nmc_t6plain_fuds_s2,fp32,4,6,47671024,250000000
nmc_t6plain_fuds_s2,fp32,4,7,47671024,250000000
nmc_t6plain_fuds_s2,fp32,4,8,47671024,250000000
nmc_t6plain_fuds_s2,fp32,4,9,47671024,250000000
nmc_t6plain_fuds_s2,fp32,4,10,47671024,250000000
nmc_t6plain_fuds_s2,fp32,4,11,47671024,250000000
nmc_t6plain_fuds_s2,fp32,4,12,47671024,250000000
nmc_t6plain_fuds_s2,fp32,4,13,47671024,250000000
nmc_t6plain_fuds_s2,fp32,4,14,47671024,250000000
nmc_t6plain_fuds_s2,fp32,4,15,47671024,250000000
nmc_t6plain_fuds_s2,fp32,5,0,47675829,250000000
nmc_t6plain_fuds_s2,fp32,5,1,47675776,250000000
nmc_t6plain_fuds_s2,fp32,5,2,47675776,250000000
nmc_t6plain_fuds_s2,fp32,5,3,47675776,250000000
nmc_t6plain_fuds_s2,fp32,5,4,47675776,250000000
nmc_t6plain_fuds_s2,fp32,5,5,47675776,250000000
nmc_t6plain_fuds_s2,fp32,5,6,47675776,250000000
nmc_t6plain_fuds_s2,fp32,5,7,47675776,250000000
nmc_t6plain_fuds_s2,fp32,5,8,47675776,250000000
nmc_t6plain_fuds_s2,fp32,5,9,47675776,250000000
nmc_t6plain_fuds_s2,fp32,5,10,47675776,250000000
nmc_t6plain_fuds_s2,fp32,5,11,47675776,250000000
nmc_t6plain_fuds_s2,fp32,5,12,47675776,250000000
nmc_t6plain_fuds_s2,fp32,5,13,47675776,250000000
nmc_t6plain_fuds_s2,fp32,5,14,47675776,250000000
nmc_t6plain_fuds_s2,fp32,5,15,47675776,250000000
nmc_t6plain_fuds_s2,fp32,6,0,47683926,250000000
nmc_t6plain_fuds_s2,fp32,6,1,47683873,250000000
nmc_t6plain_fuds_s2,fp32,6,2,47683873,250000000
nmc_t6plain_fuds_s2,fp32,6,3,47683873,250000000
nmc_t6plain_fuds_s2,fp32,6,4,47683873,250000000
nmc_t6plain_fuds_s2,fp32,6,5,47683873,250000000
nmc_t6plain_fuds_s2,fp32,6,6,47683873,250000000
nmc_t6plain_fuds_s2,fp32,6,7,47683873,250000000
nmc_t6plain_fuds_s2,fp32,6,8,47683873,250000000
nmc_t6plain_fuds_s2,fp32,6,9,47683873,250000000
nmc_t6plain_fuds_s2,fp32,6,10,47683873,250000000
nmc_t6plain_fuds_s2,fp32,6,11,47683873,250000000
nmc_t6plain_fuds_s2,fp32,6,12,47683873,250000000
nmc_t6plain_fuds_s2,fp32,6,13,47683873,250000000
nmc_t6plain_fuds_s2,fp32,6,14,47683873,250000000
nmc_t6plain_fuds_s2,fp32,6,15,47683873,250000000
nmc_t6plain_fuds_s2,fp32,7,0,47701725,250000000
nmc_t6plain_fuds_s2,fp32,7,1,47701672,250000000
nmc_t6plain_fuds_s2,fp32,7,2,47701672,250000000
nmc_t6plain_fuds_s2,fp32,7,3,47701672,250000000
nmc_t6plain_fuds_s2,fp32,7,4,47701672,250000000
nmc_t6plain_fuds_s2,fp32,7,5,47701672,250000000
nmc_t6plain_fuds_s2,fp32,7,6,47701672,250000000
nmc_t6plain_fuds_s2,fp32,7,7,47701672,250000000
nmc_t6plain_fuds_s2,fp32,7,8,47701672,250000000
nmc_t6plain_fuds_s2,fp32,7,9,47701672,250000000
nmc_t6plain_fuds_s2,fp32,7,10,47701672,250000000
nmc_t6plain_fuds_s2,fp32,7,11,47701672,250000000
nmc_t6plain_fuds_s2,fp32,7,12,47701672,250000000
nmc_t6plain_fuds_s2,fp32,7,13,47701672,250000000
nmc_t6plain_fuds_s2,fp32,7,14,47701672,250000000
nmc_t6plain_fuds_s2,fp32,7,15,47701672,250000000
nmc_t6plain_fuds_s2,fp32,8,0,47714372,250000000
nmc_t6plain_fuds_s2,fp32,8,1,47714349,250000000
nmc_t6plain_fuds_s2,fp32,8,2,47714349,250000000
nmc_t6plain_fuds_s2,fp32,8,3,47714349,250000000
nmc_t6plain_fuds_s2,fp32,8,4,47714349,250000000
nmc_t6plain_fuds_s2,fp32,8,5,47714349,250000000
nmc_t6plain_fuds_s2,fp32,8,6,47714349,250000000
nmc_t6plain_fuds_s2,fp32,8,7,47714349,250000000
nmc_t6plain_fuds_s2,fp32,8,8,47714349,250000000
nmc_t6plain_fuds_s2,fp32,8,9,47714349,250000000
nmc_t6plain_fuds_s2,fp32,8,10,47714349,250000000
nmc_t6plain_fuds_s2,fp32,8,11,47714349,250000000
nmc_t6plain_fuds_s2,fp32,8,12,47714349,250000000
nmc_t6plain_fuds_s2,fp32,8,13,47714349,250000000
nmc_t6plain_fuds_s2,fp32,8,14,47714349,250000000
nmc_t6plain_fuds_s2,fp32,8,15,47714349,250000000
nmc_t6plain_fuds_s2,fp32,9,0,47711498,250000000
nmc_t6plain_fuds_s2,fp32,9,1,47711475,250000000
nmc_t6plain_fuds_s2,fp32,9,2,47711475,250000000
nmc_t6plain_fuds_s2,fp32,9,3,47711475,250000000
nmc_t6plain_fuds_s2,fp32,9,4,47711475,250000000
nmc_t6plain_fuds_s2,fp32,9,5,47711475,250000000
nmc_t6plain_fuds_s2,fp32,9,6,47711475,250000000
nmc_t6plain_fuds_s2,fp32,9,7,47711475,250000000
nmc_t6plain_fuds_s2,fp32,9,8,47711475,250000000
nmc_t6plain_fuds_s2,fp32,9,9,47711475,250000000
nmc_t6plain_fuds_s2,fp32,9,10,47711475,250000000
nmc_t6plain_fuds_s2,fp32,9,11,47711475,250000000
nmc_t6plain_fuds_s2,fp32,9,12,47711475,250000000
nmc_t6plain_fuds_s2,fp32,9,13,47711475,250000000
nmc_t6plain_fuds_s2,fp32,9,14,47711475,250000000
nmc_t6plain_fuds_s2,fp32,9,15,47711475,250000000
nmc_t6plain_fuds_s2,fp32,10,0,47715604,250000000
nmc_t6plain_fuds_s2,fp32,10,1,47715581,250000000
nmc_t6plain_fuds_s2,fp32,10,2,47715581,250000000
nmc_t6plain_fuds_s2,fp32,10,3,47715581,250000000
nmc_t6plain_fuds_s2,fp32,10,4,47715581,250000000
nmc_t6plain_fuds_s2,fp32,10,5,47715581,250000000
nmc_t6plain_fuds_s2,fp32,10,6,47715581,250000000
nmc_t6plain_fuds_s2,fp32,10,7,47715581,250000000
nmc_t6plain_fuds_s2,fp32,10,8,47715581,250000000
nmc_t6plain_fuds_s2,fp32,10,9,47715581,250000000
nmc_t6plain_fuds_s2,fp32,10,10,47715581,250000000
nmc_t6plain_fuds_s2,fp32,10,11,47715581,250000000
nmc_t6plain_fuds_s2,fp32,10,12,47715581,250000000
nmc_t6plain_fuds_s2,fp32,10,13,47715581,250000000
nmc_t6plain_fuds_s2,fp32,10,14,47715581,250000000
nmc_t6plain_fuds_s2,fp32,10,15,47715581,250000000
nmc_t6plain_fuds_s2,fp32,11,0,47712692,250000000
nmc_t6plain_fuds_s2,fp32,11,1,47712667,250000000
nmc_t6plain_fuds_s2,fp32,11,2,47712667,250000000
nmc_t6plain_fuds_s2,fp32,11,3,47712667,250000000
nmc_t6plain_fuds_s2,fp32,11,4,47712667,250000000
nmc_t6plain_fuds_s2,fp32,11,5,47712667,250000000
nmc_t6plain_fuds_s2,fp32,11,6,47712667,250000000
nmc_t6plain_fuds_s2,fp32,11,7,47712667,250000000
nmc_t6plain_fuds_s2,fp32,11,8,47712667,250000000
nmc_t6plain_fuds_s2,fp32,11,9,47712667,250000000
nmc_t6plain_fuds_s2,fp32,11,10,47712667,250000000
nmc_t6plain_fuds_s2,fp32,11,11,47712667,250000000
nmc_t6plain_fuds_s2,fp32,11,12,47712667,250000000
nmc_t6plain_fuds_s2,fp32,11,13,47712667,250000000
nmc_t6plain_fuds_s2,fp32,11,14,47712667,250000000
nmc_t6plain_fuds_s2,fp32,11,15,47712667,250000000
nmc_t6plain_fuds_s2,fp32,12,0,47700232,250000000
nmc_t6plain_fuds_s2,fp32,12,1,47700177,250000000
nmc_t6plain_fuds_s2,fp32,12,2,47700177,250000000
nmc_t6plain_fuds_s2,fp32,12,3,47700177,250000000
nmc_t6plain_fuds_s2,fp32,12,4,47700177,250000000
nmc_t6plain_fuds_s2,fp32,12,5,47700177,250000000
nmc_t6plain_fuds_s2,fp32,12,6,47700177,250000000
nmc_t6plain_fuds_s2,fp32,12,7,47700177,250000000
nmc_t6plain_fuds_s2,fp32,12,8,47700177,250000000
nmc_t6plain_fuds_s2,fp32,12,9,47700177,250000000
nmc_t6plain_fuds_s2,fp32,12,10,47700177,250000000
nmc_t6plain_fuds_s2,fp32,12,11,47700177,250000000
nmc_t6plain_fuds_s2,fp32,12,12,47700177,250000000
nmc_t6plain_fuds_s2,fp32,12,13,47700177,250000000
nmc_t6plain_fuds_s2,fp32,12,14,47700177,250000000
nmc_t6plain_fuds_s2,fp32,12,15,47700177,250000000
nmc_t6plain_fuds_s2,fp32,13,0,47688778,250000000
nmc_t6plain_fuds_s2,fp32,13,1,47688723,250000000
nmc_t6plain_fuds_s2,fp32,13,2,47688723,250000000
nmc_t6plain_fuds_s2,fp32,13,3,47688723,250000000
nmc_t6plain_fuds_s2,fp32,13,4,47688723,250000000
nmc_t6plain_fuds_s2,fp32,13,5,47688723,250000000
nmc_t6plain_fuds_s2,fp32,13,6,47688723,250000000
nmc_t6plain_fuds_s2,fp32,13,7,47688723,250000000
nmc_t6plain_fuds_s2,fp32,13,8,47688723,250000000
nmc_t6plain_fuds_s2,fp32,13,9,47688723,250000000
nmc_t6plain_fuds_s2,fp32,13,10,47688723,250000000
nmc_t6plain_fuds_s2,fp32,13,11,47688723,250000000
nmc_t6plain_fuds_s2,fp32,13,12,47688723,250000000
nmc_t6plain_fuds_s2,fp32,13,13,47688723,250000000
nmc_t6plain_fuds_s2,fp32,13,14,47688723,250000000
nmc_t6plain_fuds_s2,fp32,13,15,47688723,250000000
nmc_t6plain_fuds_s2,fp32,14,0,47673741,250000000
nmc_t6plain_fuds_s2,fp32,14,1,47673686,250000000
nmc_t6plain_fuds_s2,fp32,14,2,47673686,250000000
nmc_t6plain_fuds_s2,fp32,14,3,47673686,250000000
nmc_t6plain_fuds_s2,fp32,14,4,47673686,250000000
nmc_t6plain_fuds_s2,fp32,14,5,47673686,250000000
nmc_t6plain_fuds_s2,fp32,14,6,47673686,250000000
nmc_t6plain_fuds_s2,fp32,14,7,47673686,250000000
nmc_t6plain_fuds_s2,fp32,14,8,47673686,250000000
nmc_t6plain_fuds_s2,fp32,14,9,47673686,250000000
nmc_t6plain_fuds_s2,fp32,14,10,47673686,250000000
nmc_t6plain_fuds_s2,fp32,14,11,47673686,250000000
nmc_t6plain_fuds_s2,fp32,14,12,47673686,250000000
nmc_t6plain_fuds_s2,fp32,14,13,47673686,250000000
nmc_t6plain_fuds_s2,fp32,14,14,47673686,250000000
nmc_t6plain_fuds_s2,fp32,14,15,47673686,250000000
nmc_t6plain_fuds_s2,fp32,15,0,47681440,250000000
nmc_t6plain_fuds_s2,fp32,15,1,47681385,250000000
nmc_t6plain_fuds_s2,fp32,15,2,47681385,250000000
nmc_t6plain_fuds_s2,fp32,15,3,47681385,250000000
nmc_t6plain_fuds_s2,fp32,15,4,47681385,250000000
nmc_t6plain_fuds_s2,fp32,15,5,47681385,250000000
nmc_t6plain_fuds_s2,fp32,15,6,47681385,250000000
nmc_t6plain_fuds_s2,fp32,15,7,47681385,250000000
nmc_t6plain_fuds_s2,fp32,15,8,47681385,250000000
nmc_t6plain_fuds_s2,fp32,15,9,47681385,250000000
nmc_t6plain_fuds_s2,fp32,15,10,47681385,250000000
nmc_t6plain_fuds_s2,fp32,15,11,47681385,250000000
nmc_t6plain_fuds_s2,fp32,15,12,47681385,250000000
nmc_t6plain_fuds_s2,fp32,15,13,47681385,250000000
nmc_t6plain_fuds_s2,fp32,15,14,47681385,250000000
nmc_t6plain_fuds_s2,fp32,15,15,47681385,250000000
nmc_t6plain_fuds_s2,fp32,16,0,47672873,250000000
nmc_t6plain_fuds_s2,fp32,16,1,47672818,250000000
nmc_t6plain_fuds_s2,fp32,16,2,47672818,250000000
nmc_t6plain_fuds_s2,fp32,16,3,47672818,250000000
nmc_t6plain_fuds_s2,fp32,16,4,47672818,250000000
nmc_t6plain_fuds_s2,fp32,16,5,47672818,250000000
nmc_t6plain_fuds_s2,fp32,16,6,47672818,250000000
nmc_t6plain_fuds_s2,fp32,16,7,47672818,250000000
nmc_t6plain_fuds_s2,fp32,16,8,47672818,250000000
nmc_t6plain_fuds_s2,fp32,16,9,47672818,250000000
nmc_t6plain_fuds_s2,fp32,16,10,47672818,250000000
nmc_t6plain_fuds_s2,fp32,16,11,47672818,250000000
nmc_t6plain_fuds_s2,fp32,16,12,47672818,250000000
nmc_t6plain_fuds_s2,fp32,16,13,47672818,250000000
nmc_t6plain_fuds_s2,fp32,16,14,47672818,250000000
nmc_t6plain_fuds_s2,fp32,16,15,47672818,250000000
nmc_t6plain_fuds_s2,fp32,17,0,47666978,250000000
nmc_t6plain_fuds_s2,fp32,17,1,47666930,250000000
nmc_t6plain_fuds_s2,fp32,17,2,47666930,250000000
nmc_t6plain_fuds_s2,fp32,17,3,47666930,250000000
nmc_t6plain_fuds_s2,fp32,17,4,47666930,250000000
nmc_t6plain_fuds_s2,fp32,17,5,47666930,250000000
nmc_t6plain_fuds_s2,fp32,17,6,47666930,250000000
nmc_t6plain_fuds_s2,fp32,17,7,47666930,250000000
nmc_t6plain_fuds_s2,fp32,17,8,47666930,250000000
nmc_t6plain_fuds_s2,fp32,17,9,47666930,250000000
nmc_t6plain_fuds_s2,fp32,17,10,47666930,250000000
nmc_t6plain_fuds_s2,fp32,17,11,47666930,250000000
nmc_t6plain_fuds_s2,fp32,17,12,47666930,250000000
nmc_t6plain_fuds_s2,fp32,17,13,47666930,250000000
nmc_t6plain_fuds_s2,fp32,17,14,47666930,250000000
nmc_t6plain_fuds_s2,fp32,17,15,47666930,250000000
nmc_t6plain_fuds_s2,fp32,18,0,47678513,250000000
nmc_t6plain_fuds_s2,fp32,18,1,47678465,250000000
nmc_t6plain_fuds_s2,fp32,18,2,47678465,250000000
nmc_t6plain_fuds_s2,fp32,18,3,47678465,250000000
nmc_t6plain_fuds_s2,fp32,18,4,47678465,250000000
nmc_t6plain_fuds_s2,fp32,18,5,47678465,250000000
nmc_t6plain_fuds_s2,fp32,18,6,47678465,250000000
nmc_t6plain_fuds_s2,fp32,18,7,47678465,250000000
nmc_t6plain_fuds_s2,fp32,18,8,47678465,250000000
nmc_t6plain_fuds_s2,fp32,18,9,47678465,250000000
nmc_t6plain_fuds_s2,fp32,18,10,47678465,250000000
nmc_t6plain_fuds_s2,fp32,18,11,47678465,250000000
nmc_t6plain_fuds_s2,fp32,18,12,47678465,250000000
nmc_t6plain_fuds_s2,fp32,18,13,47678465,250000000
nmc_t6plain_fuds_s2,fp32,18,14,47678465,250000000
nmc_t6plain_fuds_s2,fp32,18,15,47678465,250000000
nmc_t6plain_fuds_s2,fp32,19,0,47650342,250000000
nmc_t6plain_fuds_s2,fp32,19,1,47650294,250000000
nmc_t6plain_fuds_s2,fp32,19,2,47650294,250000000
nmc_t6plain_fuds_s2,fp32,19,3,47650294,250000000
nmc_t6plain_fuds_s2,fp32,19,4,47650294,250000000
nmc_t6plain_fuds_s2,fp32,19,5,47650294,250000000
nmc_t6plain_fuds_s2,fp32,19,6,47650294,250000000
nmc_t6plain_fuds_s2,fp32,19,7,47650294,250000000
nmc_t6plain_fuds_s2,fp32,19,8,47650294,250000000
nmc_t6plain_fuds_s2,fp32,19,9,47650294,250000000
nmc_t6plain_fuds_s2,fp32,19,10,47650294,250000000
nmc_t6plain_fuds_s2,fp32,19,11,47650294,250000000
nmc_t6plain_fuds_s2,fp32,19,12,47650294,250000000
nmc_t6plain_fuds_s2,fp32,19,13,47650294,250000000
nmc_t6plain_fuds_s2,fp32,19,14,47650294,250000000
nmc_t6plain_fuds_s2,fp32,19,15,47650294,250000000
nmc_t6plain_fuds_s2,fp32,20,0,47654527,250000000
nmc_t6plain_fuds_s2,fp32,20,1,47654479,250000000
nmc_t6plain_fuds_s2,fp32,20,2,47654479,250000000
nmc_t6plain_fuds_s2,fp32,20,3,47654479,250000000
nmc_t6plain_fuds_s2,fp32,20,4,47654479,250000000
nmc_t6plain_fuds_s2,fp32,20,5,47654479,250000000
nmc_t6plain_fuds_s2,fp32,20,6,47654479,250000000
nmc_t6plain_fuds_s2,fp32,20,7,47654479,250000000
nmc_t6plain_fuds_s2,fp32,20,8,47654479,250000000
nmc_t6plain_fuds_s2,fp32,20,9,47654479,250000000
nmc_t6plain_fuds_s2,fp32,20,10,47654479,250000000
nmc_t6plain_fuds_s2,fp32,20,11,47654479,250000000
nmc_t6plain_fuds_s2,fp32,20,12,47654479,250000000
nmc_t6plain_fuds_s2,fp32,20,13,47654479,250000000
nmc_t6plain_fuds_s2,fp32,20,14,47654479,250000000
nmc_t6plain_fuds_s2,fp32,20,15,47654479,250000000
nmc_t6plain_fuds_s2,fp32,21,0,47631416,250000000
nmc_t6plain_fuds_s2,fp32,21,1,47631370,250000000
nmc_t6plain_fuds_s2,fp32,21,2,47631370,250000000
nmc_t6plain_fuds_s2,fp32,21,3,47631370,250000000
nmc_t6plain_fuds_s2,fp32,21,4,47631370,250000000
nmc_t6plain_fuds_s2,fp32,21,5,47631370,250000000
nmc_t6plain_fuds_s2,fp32,21,6,47631370,250000000
nmc_t6plain_fuds_s2,fp32,21,7,47631370,250000000
nmc_t6plain_fuds_s2,fp32,21,8,47631370,250000000
nmc_t6plain_fuds_s2,fp32,21,9,47631370,250000000
nmc_t6plain_fuds_s2,fp32,21,10,47631370,250000000
nmc_t6plain_fuds_s2,fp32,21,11,47631370,250000000
nmc_t6plain_fuds_s2,fp32,21,12,47631370,250000000
nmc_t6plain_fuds_s2,fp32,21,13,47631370,250000000
nmc_t6plain_fuds_s2,fp32,21,14,47631370,250000000
nmc_t6plain_fuds_s2,fp32,21,15,47631370,250000000
nmc_t6plain_fuds_s2,fp32,22,0,47613915,250000000
nmc_t6plain_fuds_s2,fp32,22,1,47613869,250000000
nmc_t6plain_fuds_s2,fp32,22,2,47613869,250000000
nmc_t6plain_fuds_s2,fp32,22,3,47613869,250000000
nmc_t6plain_fuds_s2,fp32,22,4,47613869,250000000
nmc_t6plain_fuds_s2,fp32,22,5,47613869,250000000
nmc_t6plain_fuds_s2,fp32,22,6,47613869,250000000
nmc_t6plain_fuds_s2,fp32,22,7,47613869,250000000
nmc_t6plain_fuds_s2,fp32,22,8,47613869,250000000
nmc_t6plain_fuds_s2,fp32,22,9,47613869,250000000
nmc_t6plain_fuds_s2,fp32,22,10,47613869,250000000
nmc_t6plain_fuds_s2,fp32,22,11,47613869,250000000
nmc_t6plain_fuds_s2,fp32,22,12,47613869,250000000
nmc_t6plain_fuds_s2,fp32,22,13,47613869,250000000
nmc_t6plain_fuds_s2,fp32,22,14,47613869,250000000
nmc_t6plain_fuds_s2,fp32,22,15,47613869,250000000
nmc_t6plain_fuds_s2,fp32,23,0,47650671,250000000
nmc_t6plain_fuds_s2,fp32,23,1,47650625,250000000
nmc_t6plain_fuds_s2,fp32,23,2,47650625,250000000
nmc_t6plain_fuds_s2,fp32,23,3,47650625,250000000
nmc_t6plain_fuds_s2,fp32,23,4,47650625,250000000
nmc_t6plain_fuds_s2,fp32,23,5,47650625,250000000
nmc_t6plain_fuds_s2,fp32,23,6,47650625,250000000
nmc_t6plain_fuds_s2,fp32,23,7,47650625,250000000
nmc_t6plain_fuds_s2,fp32,23,8,47650625,250000000
nmc_t6plain_fuds_s2,fp32,23,9,47650625,250000000
nmc_t6plain_fuds_s2,fp32,23,10,47650625,250000000
nmc_t6plain_fuds_s2,fp32,23,11,47650625,250000000
nmc_t6plain_fuds_s2,fp32,23,12,47650625,250000000
nmc_t6plain_fuds_s2,fp32,23,13,47650625,250000000
nmc_t6plain_fuds_s2,fp32,23,14,47650625,250000000
nmc_t6plain_fuds_s2,fp32,23,15,47650625,250000000
nmc_t6plain_fuds_s2,fp32,24,0,47660695,250000000
nmc_t6plain_fuds_s2,fp32,24,1,47660649,250000000
nmc_t6plain_fuds_s2,fp32,24,2,47660649,250000000
nmc_t6plain_fuds_s2,fp32,24,3,47660649,250000000
nmc_t6plain_fuds_s2,fp32,24,4,47660649,250000000
nmc_t6plain_fuds_s2,fp32,24,5,47660649,250000000
nmc_t6plain_fuds_s2,fp32,24,6,47660649,250000000
nmc_t6plain_fuds_s2,fp32,24,7,47660649,250000000
nmc_t6plain_fuds_s2,fp32,24,8,47660649,250000000
nmc_t6plain_fuds_s2,fp32,24,9,47660649,250000000
nmc_t6plain_fuds_s2,fp32,24,10,47660649,250000000
nmc_t6plain_fuds_s2,fp32,24,11,47660649,250000000
nmc_t6plain_fuds_s2,fp32,24,12,47660649,250000000
nmc_t6plain_fuds_s2,fp32,24,13,47660649,250000000
nmc_t6plain_fuds_s2,fp32,24,14,47660649,250000000
nmc_t6plain_fuds_s2,fp32,24,15,47660649,250000000
nmc_t6plain_fuds_s2,fp32,25,0,47653404,250000000
nmc_t6plain_fuds_s2,fp32,25,1,47653351,250000000
nmc_t6plain_fuds_s2,fp32,25,2,47653351,250000000
nmc_t6plain_fuds_s2,fp32,25,3,47653351,250000000
nmc_t6plain_fuds_s2,fp32,25,4,47653351,250000000
nmc_t6plain_fuds_s2,fp32,25,5,47653351,250000000
nmc_t6plain_fuds_s2,fp32,25,6,47653351,250000000
nmc_t6plain_fuds_s2,fp32,25,7,47653351,250000000
nmc_t6plain_fuds_s2,fp32,25,8,47653351,250000000
nmc_t6plain_fuds_s2,fp32,25,9,47653351,250000000
nmc_t6plain_fuds_s2,fp32,25,10,47653351,250000000
nmc_t6plain_fuds_s2,fp32,25,11,47653351,250000000
nmc_t6plain_fuds_s2,fp32,25,12,47653351,250000000
nmc_t6plain_fuds_s2,fp32,25,13,47653351,250000000
nmc_t6plain_fuds_s2,fp32,25,14,47653351,250000000
nmc_t6plain_fuds_s2,fp32,25,15,47653351,250000000
nmc_t6plain_fuds_s2,fp32,26,0,47701459,250000000
nmc_t6plain_fuds_s2,fp32,26,1,47701404,250000000
nmc_t6plain_fuds_s2,fp32,26,2,47701404,250000000
nmc_t6plain_fuds_s2,fp32,26,3,47701404,250000000
nmc_t6plain_fuds_s2,fp32,26,4,47701404,250000000
nmc_t6plain_fuds_s2,fp32,26,5,47701404,250000000
nmc_t6plain_fuds_s2,fp32,26,6,47701404,250000000
nmc_t6plain_fuds_s2,fp32,26,7,47701404,250000000
nmc_t6plain_fuds_s2,fp32,26,8,47701404,250000000
nmc_t6plain_fuds_s2,fp32,26,9,47701404,250000000
nmc_t6plain_fuds_s2,fp32,26,10,47701404,250000000
nmc_t6plain_fuds_s2,fp32,26,11,47701404,250000000
nmc_t6plain_fuds_s2,fp32,26,12,47701404,250000000
nmc_t6plain_fuds_s2,fp32,26,13,47701404,250000000
nmc_t6plain_fuds_s2,fp32,26,14,47701404,250000000
nmc_t6plain_fuds_s2,fp32,26,15,47701404,250000000
nmc_t6plain_fuds_s2,fp32,27,0,47708687,250000000
nmc_t6plain_fuds_s2,fp32,27,1,47708632,250000000
nmc_t6plain_fuds_s2,fp32,27,2,47708632,250000000
nmc_t6plain_fuds_s2,fp32,27,3,47708632,250000000
nmc_t6plain_fuds_s2,fp32,27,4,47708632,250000000
nmc_t6plain_fuds_s2,fp32,27,5,47708632,250000000
nmc_t6plain_fuds_s2,fp32,27,6,47708632,250000000
nmc_t6plain_fuds_s2,fp32,27,7,47708632,250000000
nmc_t6plain_fuds_s2,fp32,27,8,47708632,250000000
nmc_t6plain_fuds_s2,fp32,27,9,47708632,250000000
nmc_t6plain_fuds_s2,fp32,27,10,47708632,250000000
nmc_t6plain_fuds_s2,fp32,27,11,47708632,250000000
nmc_t6plain_fuds_s2,fp32,27,12,47708632,250000000
nmc_t6plain_fuds_s2,fp32,27,13,47708632,250000000
nmc_t6plain_fuds_s2,fp32,27,14,47708632,250000000
nmc_t6plain_fuds_s2,fp32,27,15,47708632,250000000
nmc_t6plain_fuds_s2,fp32,28,0,47723554,250000000
nmc_t6plain_fuds_s2,fp32,28,1,47723499,250000000
nmc_t6plain_fuds_s2,fp32,28,2,47723499,250000000
nmc_t6plain_fuds_s2,fp32,28,3,47723499,250000000
nmc_t6plain_fuds_s2,fp32,28,4,47723499,250000000
nmc_t6plain_fuds_s2,fp32,28,5,47723499,250000000
nmc_t6plain_fuds_s2,fp32,28,6,47723499,250000000
nmc_t6plain_fuds_s2,fp32,28,7,47723499,250000000
nmc_t6plain_fuds_s2,fp32,28,8,47723499,250000000
nmc_t6plain_fuds_s2,fp32,28,9,47723499,250000000
nmc_t6plain_fuds_s2,fp32,28,10,47723499,250000000
nmc_t6plain_fuds_s2,fp32,28,11,47723499,250000000
nmc_t6plain_fuds_s2,fp32,28,12,47723499,250000000
nmc_t6plain_fuds_s2,fp32,28,13,47723499,250000000
nmc_t6plain_fuds_s2,fp32,28,14,47723499,250000000
nmc_t6plain_fuds_s2,fp32,28,15,47723499,250000000
nmc_t6plain_fuds_s2,fp32,29,0,47735800,250000000
nmc_t6plain_fuds_s2,fp32,29,1,47735745,250000000
nmc_t6plain_fuds_s2,fp32,29,2,47735745,250000000
nmc_t6plain_fuds_s2,fp32,29,3,47735745,250000000
nmc_t6plain_fuds_s2,fp32,29,4,47735745,250000000
nmc_t6plain_fuds_s2,fp32,29,5,47735745,250000000
nmc_t6plain_fuds_s2,fp32,29,6,47735745,250000000
nmc_t6plain_fuds_s2,fp32,29,7,47735745,250000000
nmc_t6plain_fuds_s2,fp32,29,8,47735745,250000000
nmc_t6plain_fuds_s2,fp32,29,9,47735745,250000000
nmc_t6plain_fuds_s2,fp32,29,10,47735745,250000000
nmc_t6plain_fuds_s2,fp32,29,11,47735745,250000000
nmc_t6plain_fuds_s2,fp32,29,12,47735745,250000000
nmc_t6plain_fuds_s2,fp32,29,13,47735745,250000000
nmc_t6plain_fuds_s2,fp32,29,14,47735745,250000000
nmc_t6plain_fuds_s2,fp32,29,15,47735745,250000000
nmc_t6plain_fuds_s2,fp32,30,0,47728029,250000000
nmc_t6plain_fuds_s2,fp32,30,1,47728004,250000000
nmc_t6plain_fuds_s2,fp32,30,2,47728004,250000000
nmc_t6plain_fuds_s2,fp32,30,3,47728004,250000000
nmc_t6plain_fuds_s2,fp32,30,4,47728004,250000000
nmc_t6plain_fuds_s2,fp32,30,5,47728004,250000000
nmc_t6plain_fuds_s2,fp32,30,6,47728004,250000000
nmc_t6plain_fuds_s2,fp32,30,7,47728004,250000000
nmc_t6plain_fuds_s2,fp32,30,8,47728004,250000000
nmc_t6plain_fuds_s2,fp32,30,9,47728004,250000000
nmc_t6plain_fuds_s2,fp32,30,10,47728004,250000000
nmc_t6plain_fuds_s2,fp32,30,11,47728004,250000000
nmc_t6plain_fuds_s2,fp32,30,12,47728004,250000000
nmc_t6plain_fuds_s2,fp32,30,13,47728004,250000000
nmc_t6plain_fuds_s2,fp32,30,14,47728004,250000000
nmc_t6plain_fuds_s2,fp32,30,15,47728004,250000000
nmc_t6plain_fuds_s2,fp32,31,0,47738532,250000000
nmc_t6plain_fuds_s2,fp32,31,1,47738507,250000000
nmc_t6plain_fuds_s2,fp32,31,2,47738507,250000000
nmc_t6plain_fuds_s2,fp32,31,3,47738507,250000000
nmc_t6plain_fuds_s2,fp32,31,4,47738507,250000000
nmc_t6plain_fuds_s2,fp32,31,5,47738507,250000000
nmc_t6plain_fuds_s2,fp32,31,6,47738507,250000000
nmc_t6plain_fuds_s2,fp32,31,7,47738507,250000000
nmc_t6plain_fuds_s2,fp32,31,8,47738507,250000000
nmc_t6plain_fuds_s2,fp32,31,9,47738507,250000000
nmc_t6plain_fuds_s2,fp32,31,10,47738507,250000000
nmc_t6plain_fuds_s2,fp32,31,11,47738507,250000000
nmc_t6plain_fuds_s2,fp32,31,12,47738507,250000000
nmc_t6plain_fuds_s2,fp32,31,13,47738507,250000000
nmc_t6plain_fuds_s2,fp32,31,14,47738507,250000000
nmc_t6plain_fuds_s2,fp32,31,15,47738507,250000000
nmc_t6plain_fuds_s2,fp32,32,0,47717110,250000000
nmc_t6plain_fuds_s2,fp32,32,1,47717085,250000000
nmc_t6plain_fuds_s2,fp32,32,2,47717085,250000000
nmc_t6plain_fuds_s2,fp32,32,3,47717085,250000000
nmc_t6plain_fuds_s2,fp32,32,4,47717085,250000000
nmc_t6plain_fuds_s2,fp32,32,5,47717085,250000000
nmc_t6plain_fuds_s2,fp32,32,6,47717085,250000000
nmc_t6plain_fuds_s2,fp32,32,7,47717085,250000000
nmc_t6plain_fuds_s2,fp32,32,8,47717085,250000000
nmc_t6plain_fuds_s2,fp32,32,9,47717085,250000000
nmc_t6plain_fuds_s2,fp32,32,10,47717085,250000000
nmc_t6plain_fuds_s2,fp32,32,11,47717085,250000000
nmc_t6plain_fuds_s2,fp32,32,12,47717085,250000000
nmc_t6plain_fuds_s2,fp32,32,13,47717085,250000000
nmc_t6plain_fuds_s2,fp32,32,14,47717085,250000000
nmc_t6plain_fuds_s2,fp32,32,15,47717085,250000000
nmc_t6plain_fuds_s2,fp32,33,0,47700682,250000000
nmc_t6plain_fuds_s2,fp32,33,1,47700627,250000000
nmc_t6plain_fuds_s2,fp32,33,2,47700627,250000000
nmc_t6plain_fuds_s2,fp32,33,3,47700627,250000000
nmc_t6plain_fuds_s2,fp32,33,4,47700627,250000000
nmc_t6plain_fuds_s2,fp32,33,5,47700627,250000000
nmc_t6plain_fuds_s2,fp32,33,6,47700627,250000000
nmc_t6plain_fuds_s2,fp32,33,7,47700627,250000000
nmc_t6plain_fuds_s2,fp32,33,8,47700627,250000000
nmc_t6plain_fuds_s2,fp32,33,9,47700627,250000000
nmc_t6plain_fuds_s2,fp32,33,10,47700627,250000000
nmc_t6plain_fuds_s2,fp32,33,11,47700627,250000000
nmc_t6plain_fuds_s2,fp32,33,12,47700627,250000000
nmc_t6plain_fuds_s2,fp32,33,13,47700627,250000000
nmc_t6plain_fuds_s2,fp32,33,14,47700627,250000000
nmc_t6plain_fuds_s2,fp32,33,15,47700627,250000000
nmc_t6plain_fuds_s2,fp32,34,0,47689491,250000000
nmc_t6plain_fuds_s2,fp32,34,1,47689436,250000000
nmc_t6plain_fuds_s2,fp32,34,2,47689436,250000000
nmc_t6plain_fuds_s2,fp32,34,3,47689436,250000000
nmc_t6plain_fuds_s2,fp32,34,4,47689436,250000000
nmc_t6plain_fuds_s2,fp32,34,5,47689436,250000000
nmc_t6plain_fuds_s2,fp32,34,6,47689436,250000000
nmc_t6plain_fuds_s2,fp32,34,7,47689436,250000000
nmc_t6plain_fuds_s2,fp32,34,8,47689436,250000000
nmc_t6plain_fuds_s2,fp32,34,9,47689436,250000000
nmc_t6plain_fuds_s2,fp32,34,10,47689436,250000000
nmc_t6plain_fuds_s2,fp32,34,11,47689436,250000000
nmc_t6plain_fuds_s2,fp32,34,12,47689436,250000000
nmc_t6plain_fuds_s2,fp32,34,13,47689436,250000000
nmc_t6plain_fuds_s2,fp32,34,14,47689436,250000000
nmc_t6plain_fuds_s2,fp32,34,15,47689436,250000000
nmc_t6plain_fuds_s2,fp32,35,0,47681711,250000000
nmc_t6plain_fuds_s2,fp32,35,1,47681656,250000000
nmc_t6plain_fuds_s2,fp32,35,2,47681656,250000000
nmc_t6plain_fuds_s2,fp32,35,3,47681656,250000000
nmc_t6plain_fuds_s2,fp32,35,4,47681656,250000000
nmc_t6plain_fuds_s2,fp32,35,5,47681656,250000000
nmc_t6plain_fuds_s2,fp32,35,6,47681656,250000000
nmc_t6plain_fuds_s2,fp32,35,7,47681656,250000000
nmc_t6plain_fuds_s2,fp32,35,8,47681656,250000000
nmc_t6plain_fuds_s2,fp32,35,9,47681656,250000000
nmc_t6plain_fuds_s2,fp32,35,10,47681656,250000000
nmc_t6plain_fuds_s2,fp32,35,11,47681656,250000000
nmc_t6plain_fuds_s2,fp32,35,12,47681656,250000000
nmc_t6plain_fuds_s2,fp32,35,13,47681656,250000000
nmc_t6plain_fuds_s2,fp32,35,14,47681656,250000000
nmc_t6plain_fuds_s2,fp32,35,15,47681656,250000000
nmc_t6plain_fuds_s2,fp32,36,0,47666485,250000000
nmc_t6plain_fuds_s2,fp32,36,1,47666430,250000000
nmc_t6plain_fuds_s2,fp32,36,2,47666430,250000000
nmc_t6plain_fuds_s2,fp32,36,3,47666430,250000000
nmc_t6plain_fuds_s2,fp32,36,4,47666430,250000000
nmc_t6plain_fuds_s2,fp32,36,5,47666430,250000000
nmc_t6plain_fuds_s2,fp32,36,6,47666430,250000000
nmc_t6plain_fuds_s2,fp32,36,7,47666430,250000000
nmc_t6plain_fuds_s2,fp32,36,8,47666430,250000000
nmc_t6plain_fuds_s2,fp32,36,9,47666430,250000000
nmc_t6plain_fuds_s2,fp32,36,10,47666430,250000000
nmc_t6plain_fuds_s2,fp32,36,11,47666430,250000000
nmc_t6plain_fuds_s2,fp32,36,12,47666430,250000000
nmc_t6plain_fuds_s2,fp32,36,13,47666430,250000000
nmc_t6plain_fuds_s2,fp32,36,14,47666430,250000000
nmc_t6plain_fuds_s2,fp32,36,15,47666430,250000000
nmc_t6plain_fuds_s2,fp32,37,0,47662909,250000000
nmc_t6plain_fuds_s2,fp32,37,1,47662854,250000000
nmc_t6plain_fuds_s2,fp32,37,2,47662854,250000000
nmc_t6plain_fuds_s2,fp32,37,3,47662854,250000000
nmc_t6plain_fuds_s2,fp32,37,4,47662854,250000000
nmc_t6plain_fuds_s2,fp32,37,5,47662854,250000000
nmc_t6plain_fuds_s2,fp32,37,6,47662854,250000000
nmc_t6plain_fuds_s2,fp32,37,7,47662854,250000000
nmc_t6plain_fuds_s2,fp32,37,8,47662854,250000000
nmc_t6plain_fuds_s2,fp32,37,9,47662854,250000000
nmc_t6plain_fuds_s2,fp32,37,10,47662854,250000000
nmc_t6plain_fuds_s2,fp32,37,11,47662854,250000000
nmc_t6plain_fuds_s2,fp32,37,12,47662854,250000000
nmc_t6plain_fuds_s2,fp32,37,13,47662854,250000000
nmc_t6plain_fuds_s2,fp32,37,14,47662854,250000000
nmc_t6plain_fuds_s2,fp32,37,15,47662854,250000000
nmc_t6plain_fuds_s2,fp32,38,0,47671788,250000000
nmc_t6plain_fuds_s2,fp32,38,1,47671740,250000000
nmc_t6plain_fuds_s2,fp32,38,2,47671740,250000000
nmc_t6plain_fuds_s2,fp32,38,3,47671740,250000000
nmc_t6plain_fuds_s2,fp32,38,4,47671740,250000000
nmc_t6plain_fuds_s2,fp32,38,5,47671740,250000000
nmc_t6plain_fuds_s2,fp32,38,6,47671740,250000000
nmc_t6plain_fuds_s2,fp32,38,7,47671740,250000000
nmc_t6plain_fuds_s2,fp32,38,8,47671740,250000000
nmc_t6plain_fuds_s2,fp32,38,9,47671740,250000000
nmc_t6plain_fuds_s2,fp32,38,10,47671740,250000000
nmc_t6plain_fuds_s2,fp32,38,11,47671740,250000000
nmc_t6plain_fuds_s2,fp32,38,12,47671740,250000000
nmc_t6plain_fuds_s2,fp32,38,13,47671740,250000000
nmc_t6plain_fuds_s2,fp32,38,14,47671740,250000000
nmc_t6plain_fuds_s2,fp32,38,15,47671740,250000000
nmc_t6plain_fuds_s2,fp32,39,0,47674982,250000000
nmc_t6plain_fuds_s2,fp32,39,1,47674934,250000000
nmc_t6plain_fuds_s2,fp32,39,2,47674934,250000000
nmc_t6plain_fuds_s2,fp32,39,3,47674934,250000000
nmc_t6plain_fuds_s2,fp32,39,4,47674934,250000000
nmc_t6plain_fuds_s2,fp32,39,5,47674934,250000000
nmc_t6plain_fuds_s2,fp32,39,6,47674934,250000000
nmc_t6plain_fuds_s2,fp32,39,7,47674934,250000000
nmc_t6plain_fuds_s2,fp32,39,8,47674934,250000000
nmc_t6plain_fuds_s2,fp32,39,9,47674934,250000000
nmc_t6plain_fuds_s2,fp32,39,10,47674934,250000000
nmc_t6plain_fuds_s2,fp32,39,11,47674934,250000000
nmc_t6plain_fuds_s2,fp32,39,12,47674934,250000000
nmc_t6plain_fuds_s2,fp32,39,13,47674934,250000000
nmc_t6plain_fuds_s2,fp32,39,14,47674934,250000000
nmc_t6plain_fuds_s2,fp32,39,15,47674934,250000000
nmc_t6plain_fuds_s2,fp32,40,0,47673521,250000000
nmc_t6plain_fuds_s2,fp32,40,1,47673473,250000000
nmc_t6plain_fuds_s2,fp32,40,2,47673473,250000000
nmc_t6plain_fuds_s2,fp32,40,3,47673473,250000000
nmc_t6plain_fuds_s2,fp32,40,4,47673473,250000000
nmc_t6plain_fuds_s2,fp32,40,5,47673473,250000000
nmc_t6plain_fuds_s2,fp32,40,6,47673473,250000000
nmc_t6plain_fuds_s2,fp32,40,7,47673473,250000000
nmc_t6plain_fuds_s2,fp32,40,8,47673473,250000000
nmc_t6plain_fuds_s2,fp32,40,9,47673473,250000000
nmc_t6plain_fuds_s2,fp32,40,10,47673473,250000000
nmc_t6plain_fuds_s2,fp32,40,11,47673473,250000000
nmc_t6plain_fuds_s2,fp32,40,12,47673473,250000000
nmc_t6plain_fuds_s2,fp32,40,13,47673473,250000000
nmc_t6plain_fuds_s2,fp32,40,14,47673473,250000000
nmc_t6plain_fuds_s2,fp32,40,15,47673473,250000000
nmc_t6plain_fuds_s2,fp32,41,0,47666226,250000000
nmc_t6plain_fuds_s2,fp32,41,1,47666178,250000000
nmc_t6plain_fuds_s2,fp32,41,2,47666178,250000000
nmc_t6plain_fuds_s2,fp32,41,3,47666178,250000000
nmc_t6plain_fuds_s2,fp32,41,4,47666178,250000000
nmc_t6plain_fuds_s2,fp32,41,5,47666178,250000000
nmc_t6plain_fuds_s2,fp32,41,6,47666178,250000000
nmc_t6plain_fuds_s2,fp32,41,7,47666178,250000000
nmc_t6plain_fuds_s2,fp32,41,8,47666178,250000000
nmc_t6plain_fuds_s2,fp32,41,9,47666178,250000000
nmc_t6plain_fuds_s2,fp32,41,10,47666178,250000000
nmc_t6plain_fuds_s2,fp32,41,11,47666178,250000000
nmc_t6plain_fuds_s2,fp32,41,12,47666178,250000000
nmc_t6plain_fuds_s2,fp32,41,13,47666178,250000000
nmc_t6plain_fuds_s2,fp32,41,14,47666178,250000000
nmc_t6plain_fuds_s2,fp32,41,15,47666178,250000000
nmc_t6plain_fuds_s2,fp32,42,0,47591048,250000000
nmc_t6plain_fuds_s2,fp32,42,1,47591002,250000000
nmc_t6plain_fuds_s2,fp32,42,2,47591002,250000000
nmc_t6plain_fuds_s2,fp32,42,3,47591002,250000000
nmc_t6plain_fuds_s2,fp32,42,4,47591002,250000000
nmc_t6plain_fuds_s2,fp32,42,5,47591002,250000000
nmc_t6plain_fuds_s2,fp32,42,6,47591002,250000000
nmc_t6plain_fuds_s2,fp32,42,7,47591002,250000000
nmc_t6plain_fuds_s2,fp32,42,8,47591002,250000000
nmc_t6plain_fuds_s2,fp32,42,9,47591002,250000000
nmc_t6plain_fuds_s2,fp32,42,10,47591002,250000000
nmc_t6plain_fuds_s2,fp32,42,11,47591002,250000000
nmc_t6plain_fuds_s2,fp32,42,12,47591002,250000000
nmc_t6plain_fuds_s2,fp32,42,13,47591002,250000000
nmc_t6plain_fuds_s2,fp32,42,14,47591002,250000000
nmc_t6plain_fuds_s2,fp32,42,15,47591002,250000000
nmc_t6plain_fuds_s2,fp32,43,0,47595250,250000000
nmc_t6plain_fuds_s2,fp32,43,1,47595202,250000000
nmc_t6plain_fuds_s2,fp32,43,2,47595202,250000000
nmc_t6plain_fuds_s2,fp32,43,3,47595202,250000000
nmc_t6plain_fuds_s2,fp32,43,4,47595202,250000000
nmc_t6plain_fuds_s2,fp32,43,5,47595202,250000000
nmc_t6plain_fuds_s2,fp32,43,6,47595202,250000000
nmc_t6plain_fuds_s2,fp32,43,7,47595202,250000000
nmc_t6plain_fuds_s2,fp32,43,8,47595202,250000000
nmc_t6plain_fuds_s2,fp32,43,9,47595202,250000000
nmc_t6plain_fuds_s2,fp32,43,10,47595202,250000000
nmc_t6plain_fuds_s2,fp32,43,11,47595202,250000000
nmc_t6plain_fuds_s2,fp32,43,12,47595202,250000000
nmc_t6plain_fuds_s2,fp32,43,13,47595202,250000000
nmc_t6plain_fuds_s2,fp32,43,14,47595202,250000000
nmc_t6plain_fuds_s2,fp32,43,15,47595202,250000000
nmc_t6plain_fuds_s2,fp32,44,0,47622619,250000000
nmc_t6plain_fuds_s2,fp32,44,1,47622571,250000000
nmc_t6plain_fuds_s2,fp32,44,2,47622571,250000000
nmc_t6plain_fuds_s2,fp32,44,3,47622571,250000000
nmc_t6plain_fuds_s2,fp32,44,4,47622571,250000000
nmc_t6plain_fuds_s2,fp32,44,5,47622571,250000000
nmc_t6plain_fuds_s2,fp32,44,6,47622571,250000000
nmc_t6plain_fuds_s2,fp32,44,7,47622571,250000000
nmc_t6plain_fuds_s2,fp32,44,8,47622571,250000000
nmc_t6plain_fuds_s2,fp32,44,9,47622571,250000000
nmc_t6plain_fuds_s2,fp32,44,10,47622571,250000000
nmc_t6plain_fuds_s2,fp32,44,11,47622571,250000000
nmc_t6plain_fuds_s2,fp32,44,12,47622571,250000000
nmc_t6plain_fuds_s2,fp32,44,13,47622571,250000000
nmc_t6plain_fuds_s2,fp32,44,14,47622571,250000000
nmc_t6plain_fuds_s2,fp32,44,15,47622571,250000000
nmc_t6plain_fuds_s2,fp32,45,0,47632289,250000000
nmc_t6plain_fuds_s2,fp32,45,1,47632241,250000000
nmc_t6plain_fuds_s2,fp32,45,2,47632241,250000000
nmc_t6plain_fuds_s2,fp32,45,3,47632241,250000000
nmc_t6plain_fuds_s2,fp32,45,4,47632241,250000000
nmc_t6plain_fuds_s2,fp32,45,5,47632241,250000000
nmc_t6plain_fuds_s2,fp32,45,6,47632241,250000000
nmc_t6plain_fuds_s2,fp32,45,7,47632241,250000000
nmc_t6plain_fuds_s2,fp32,45,8,47632241,250000000
nmc_t6plain_fuds_s2,fp32,45,9,47632241,250000000
nmc_t6plain_fuds_s2,fp32,45,10,47632241,250000000
nmc_t6plain_fuds_s2,fp32,45,11,47632241,250000000
nmc_t6plain_fuds_s2,fp32,45,12,47632241,250000000
nmc_t6plain_fuds_s2,fp32,45,13,47632241,250000000
nmc_t6plain_fuds_s2,fp32,45,14,47632241,250000000
nmc_t6plain_fuds_s2,fp32,45,15,47632241,250000000
nmc_t6plain_fuds_s2,fp32,46,0,47649278,250000000
nmc_t6plain_fuds_s2,fp32,46,1,47649223,250000000
nmc_t6plain_fuds_s2,fp32,46,2,47649223,250000000
nmc_t6plain_fuds_s2,fp32,46,3,47649223,250000000
nmc_t6plain_fuds_s2,fp32,46,4,47649223,250000000
nmc_t6plain_fuds_s2,fp32,46,5,47649223,250000000
nmc_t6plain_fuds_s2,fp32,46,6,47649223,250000000
nmc_t6plain_fuds_s2,fp32,46,7,47649223,250000000
nmc_t6plain_fuds_s2,fp32,46,8,47649223,250000000
nmc_t6plain_fuds_s2,fp32,46,9,47649223,250000000
nmc_t6plain_fuds_s2,fp32,46,10,47649223,250000000
nmc_t6plain_fuds_s2,fp32,46,11,47649223,250000000
nmc_t6plain_fuds_s2,fp32,46,12,47649223,250000000
nmc_t6plain_fuds_s2,fp32,46,13,47649223,250000000
nmc_t6plain_fuds_s2,fp32,46,14,47649223,250000000
nmc_t6plain_fuds_s2,fp32,46,15,47649223,250000000
nmc_t6plain_fuds_s2,fp32,47,0,47677961,250000000
nmc_t6plain_fuds_s2,fp32,47,1,47677906,250000000
nmc_t6plain_fuds_s2,fp32,47,2,47677906,250000000
nmc_t6plain_fuds_s2,fp32,47,3,47677906,250000000
nmc_t6plain_fuds_s2,fp32,47,4,47677906,250000000
nmc_t6plain_fuds_s2,fp32,47,5,47677906,250000000
nmc_t6plain_fuds_s2,fp32,47,6,47677906,250000000
nmc_t6plain_fuds_s2,fp32,47,7,47677906,250000000
nmc_t6plain_fuds_s2,fp32,47,8,47677906,250000000
nmc_t6plain_fuds_s2,fp32,47,9,47677906,250000000
nmc_t6plain_fuds_s2,fp32,47,10,47677906,250000000
nmc_t6plain_fuds_s2,fp32,47,11,47677906,250000000
nmc_t6plain_fuds_s2,fp32,47,12,47677906,250000000
nmc_t6plain_fuds_s2,fp32,47,13,47677906,250000000
nmc_t6plain_fuds_s2,fp32,47,14,47677906,250000000
nmc_t6plain_fuds_s2,fp32,47,15,47677906,250000000
nmc_t6plain_fuds_s2,fp32,48,0,47666432,250000000
nmc_t6plain_fuds_s2,fp32,48,1,47666377,250000000
nmc_t6plain_fuds_s2,fp32,48,2,47666377,250000000
nmc_t6plain_fuds_s2,fp32,48,3,47666377,250000000
nmc_t6plain_fuds_s2,fp32,48,4,47666377,250000000
nmc_t6plain_fuds_s2,fp32,48,5,47666377,250000000
nmc_t6plain_fuds_s2,fp32,48,6,47666377,250000000
nmc_t6plain_fuds_s2,fp32,48,7,47666377,250000000
nmc_t6plain_fuds_s2,fp32,48,8,47666377,250000000
nmc_t6plain_fuds_s2,fp32,48,9,47666377,250000000
nmc_t6plain_fuds_s2,fp32,48,10,47666377,250000000
nmc_t6plain_fuds_s2,fp32,48,11,47666377,250000000
nmc_t6plain_fuds_s2,fp32,48,12,47666377,250000000
nmc_t6plain_fuds_s2,fp32,48,13,47666377,250000000
nmc_t6plain_fuds_s2,fp32,48,14,47666377,250000000
nmc_t6plain_fuds_s2,fp32,48,15,47666377,250000000
nmc_t6plain_fuds_s2,fp32,49,0,47701150,250000000
nmc_t6plain_fuds_s2,fp32,49,1,47701095,250000000
nmc_t6plain_fuds_s2,fp32,49,2,47701095,250000000
nmc_t6plain_fuds_s2,fp32,49,3,47701095,250000000
nmc_t6plain_fuds_s2,fp32,49,4,47701095,250000000
nmc_t6plain_fuds_s2,fp32,49,5,47701095,250000000
nmc_t6plain_fuds_s2,fp32,49,6,47701095,250000000
nmc_t6plain_fuds_s2,fp32,49,7,47701095,250000000
nmc_t6plain_fuds_s2,fp32,49,8,47701095,250000000
nmc_t6plain_fuds_s2,fp32,49,9,47701095,250000000
nmc_t6plain_fuds_s2,fp32,49,10,47701095,250000000
nmc_t6plain_fuds_s2,fp32,49,11,47701095,250000000
nmc_t6plain_fuds_s2,fp32,49,12,47701095,250000000
nmc_t6plain_fuds_s2,fp32,49,13,47701095,250000000
nmc_t6plain_fuds_s2,fp32,49,14,47701095,250000000
nmc_t6plain_fuds_s2,fp32,49,15,47701095,250000000
nmc_t6plain_fuds_s2,fp32,50,0,47700099,250000000
nmc_t6plain_fuds_s2,fp32,50,1,47700074,250000000
nmc_t6plain_fuds_s2,fp32,50,2,47700074,250000000
nmc_t6plain_fuds_s2,fp32,50,3,47700074,250000000
nmc_t6plain_fuds_s2,fp32,50,4,47700074,250000000
nmc_t6plain_fuds_s2,fp32,50,5,47700074,250000000
nmc_t6plain_fuds_s2,fp32,50,6,47700074,250000000
nmc_t6plain_fuds_s2,fp32,50,7,47700074,250000000
nmc_t6plain_fuds_s2,fp32,50,8,47700074,250000000
nmc_t6plain_fuds_s2,fp32,50,9,47700074,250000000
nmc_t6plain_fuds_s2,fp32,50,10,47700074,250000000
nmc_t6plain_fuds_s2,fp32,50,11,47700074,250000000
nmc_t6plain_fuds_s2,fp32,50,12,47700074,250000000
nmc_t6plain_fuds_s2,fp32,50,13,47700074,250000000
nmc_t6plain_fuds_s2,fp32,50,14,47700074,250000000
nmc_t6plain_fuds_s2,fp32,50,15,47700074,250000000
nmc_t6plain_fuds_s2,fp32,51,0,47691218,250000000
nmc_t6plain_fuds_s2,fp32,51,1,47691193,250000000
nmc_t6plain_fuds_s2,fp32,51,2,47691193,250000000
nmc_t6plain_fuds_s2,fp32,51,3,47691193,250000000
nmc_t6plain_fuds_s2,fp32,51,4,47691193,250000000
nmc_t6plain_fuds_s2,fp32,51,5,47691193,250000000
nmc_t6plain_fuds_s2,fp32,51,6,47691193,250000000
nmc_t6plain_fuds_s2,fp32,51,7,47691193,250000000
nmc_t6plain_fuds_s2,fp32,51,8,47691193,250000000
nmc_t6plain_fuds_s2,fp32,51,9,47691193,250000000
nmc_t6plain_fuds_s2,fp32,51,10,47691193,250000000
nmc_t6plain_fuds_s2,fp32,51,11,47691193,250000000
nmc_t6plain_fuds_s2,fp32,51,12,47691193,250000000
nmc_t6plain_fuds_s2,fp32,51,13,47691193,250000000
nmc_t6plain_fuds_s2,fp32,51,14,47691193,250000000
nmc_t6plain_fuds_s2,fp32,51,15,47691193,250000000
nmc_t6plain_fuds_s2,fp32,52,0,47673733,250000000
nmc_t6plain_fuds_s2,fp32,52,1,47673708,250000000
nmc_t6plain_fuds_s2,fp32,52,2,47673708,250000000
nmc_t6plain_fuds_s2,fp32,52,3,47673708,250000000
nmc_t6plain_fuds_s2,fp32,52,4,47673708,250000000
nmc_t6plain_fuds_s2,fp32,52,5,47673708,250000000
nmc_t6plain_fuds_s2,fp32,52,6,47673708,250000000
nmc_t6plain_fuds_s2,fp32,52,7,47673708,250000000
nmc_t6plain_fuds_s2,fp32,52,8,47673708,250000000
nmc_t6plain_fuds_s2,fp32,52,9,47673708,250000000
nmc_t6plain_fuds_s2,fp32,52,10,47673708,250000000
nmc_t6plain_fuds_s2,fp32,52,11,47673708,250000000
nmc_t6plain_fuds_s2,fp32,52,12,47673708,250000000
nmc_t6plain_fuds_s2,fp32,52,13,47673708,250000000
nmc_t6plain_fuds_s2,fp32,52,14,47673708,250000000
nmc_t6plain_fuds_s2,fp32,52,15,47673708,250000000
nmc_t6plain_fuds_s2,fp32,53,0,47657714,250000000
nmc_t6plain_fuds_s2,fp32,53,1,47657659,250000000
nmc_t6plain_fuds_s2,fp32,53,2,47657659,250000000
nmc_t6plain_fuds_s2,fp32,53,3,47657659,250000000
nmc_t6plain_fuds_s2,fp32,53,4,47657659,250000000
nmc_t6plain_fuds_s2,fp32,53,5,47657659,250000000
nmc_t6plain_fuds_s2,fp32,53,6,47657659,250000000
nmc_t6plain_fuds_s2,fp32,53,7,47657659,250000000
nmc_t6plain_fuds_s2,fp32,53,8,47657659,250000000
nmc_t6plain_fuds_s2,fp32,53,9,47657659,250000000
nmc_t6plain_fuds_s2,fp32,53,10,47657659,250000000
nmc_t6plain_fuds_s2,fp32,53,11,47657659,250000000
nmc_t6plain_fuds_s2,fp32,53,12,47657659,250000000
nmc_t6plain_fuds_s2,fp32,53,13,47657659,250000000
nmc_t6plain_fuds_s2,fp32,53,14,47657659,250000000
nmc_t6plain_fuds_s2,fp32,53,15,47657659,250000000
nmc_t6plain_fuds_s2,fp32,54,0,47637465,250000000
nmc_t6plain_fuds_s2,fp32,54,1,47637410,250000000
nmc_t6plain_fuds_s2,fp32,54,2,47637410,250000000
nmc_t6plain_fuds_s2,fp32,54,3,47637410,250000000
nmc_t6plain_fuds_s2,fp32,54,4,47637410,250000000
nmc_t6plain_fuds_s2,fp32,54,5,47637410,250000000
nmc_t6plain_fuds_s2,fp32,54,6,47637410,250000000
nmc_t6plain_fuds_s2,fp32,54,7,47637410,250000000
nmc_t6plain_fuds_s2,fp32,54,8,47637410,250000000
nmc_t6plain_fuds_s2,fp32,54,9,47637410,250000000
nmc_t6plain_fuds_s2,fp32,54,10,47637410,250000000
nmc_t6plain_fuds_s2,fp32,54,11,47637410,250000000
nmc_t6plain_fuds_s2,fp32,54,12,47637410,250000000
nmc_t6plain_fuds_s2,fp32,54,13,47637410,250000000
nmc_t6plain_fuds_s2,fp32,54,14,47637410,250000000
nmc_t6plain_fuds_s2,fp32,54,15,47637410,250000000
nmc_t6plain_fuds_s2,fp32,55,0,47608706,250000000
nmc_t6plain_fuds_s2,fp32,55,1,47608651,250000000
nmc_t6plain_fuds_s2,fp32,55,2,47608651,250000000
nmc_t6plain_fuds_s2,fp32,55,3,47608651,250000000
nmc_t6plain_fuds_s2,fp32,55,4,47608651,250000000
nmc_t6plain_fuds_s2,fp32,55,5,47608651,250000000
nmc_t6plain_fuds_s2,fp32,55,6,47608651,250000000
nmc_t6plain_fuds_s2,fp32,55,7,47608651,250000000
nmc_t6plain_fuds_s2,fp32,55,8,47608651,250000000
nmc_t6plain_fuds_s2,fp32,55,9,47608651,250000000
nmc_t6plain_fuds_s2,fp32,55,10,47608651,250000000
nmc_t6plain_fuds_s2,fp32,55,11,47608651,250000000
nmc_t6plain_fuds_s2,fp32,55,12,47608651,250000000
nmc_t6plain_fuds_s2,fp32,55,13,47608651,250000000
nmc_t6plain_fuds_s2,fp32,55,14,47608651,250000000
nmc_t6plain_fuds_s2,fp32,55,15,47608651,250000000
nmc_t6plain_fuds_s2,fp32,56,0,47622066,250000000
nmc_t6plain_fuds_s2,fp32,56,1,47622011,250000000
nmc_t6plain_fuds_s2,fp32,56,2,47622011,250000000
nmc_t6plain_fuds_s2,fp32,56,3,47622011,250000000
nmc_t6plain_fuds_s2,fp32,56,4,47622011,250000000
nmc_t6plain_fuds_s2,fp32,56,5,47622011,250000000
nmc_t6plain_fuds_s2,fp32,56,6,47622011,250000000
nmc_t6plain_fuds_s2,fp32,56,7,47622011,250000000
nmc_t6plain_fuds_s2,fp32,56,8,47622011,250000000
nmc_t6plain_fuds_s2,fp32,56,9,47622011,250000000
nmc_t6plain_fuds_s2,fp32,56,10,47622011,250000000
nmc_t6plain_fuds_s2,fp32,56,11,47622011,250000000
nmc_t6plain_fuds_s2,fp32,56,12,47622011,250000000
nmc_t6plain_fuds_s2,fp32,56,13,47622011,250000000
nmc_t6plain_fuds_s2,fp32,56,14,47622011,250000000
nmc_t6plain_fuds_s2,fp32,56,15,47622011,250000000
nmc_t6plain_fuds_s2,fp32,57,0,47612959,250000000
nmc_t6plain_fuds_s2,fp32,57,1,47612904,250000000
nmc_t6plain_fuds_s2,fp32,57,2,47612904,250000000
nmc_t6plain_fuds_s2,fp32,57,3,47612904,250000000
nmc_t6plain_fuds_s2,fp32,57,4,47612904,250000000
nmc_t6plain_fuds_s2,fp32,57,5,47612904,250000000
nmc_t6plain_fuds_s2,fp32,57,6,47612904,250000000
nmc_t6plain_fuds_s2,fp32,57,7,47612904,250000000
nmc_t6plain_fuds_s2,fp32,57,8,47612904,250000000
nmc_t6plain_fuds_s2,fp32,57,9,47612904,250000000
nmc_t6plain_fuds_s2,fp32,57,10,47612904,250000000
nmc_t6plain_fuds_s2,fp32,57,11,47612904,250000000
nmc_t6plain_fuds_s2,fp32,57,12,47612904,250000000
nmc_t6plain_fuds_s2,fp32,57,13,47612904,250000000
nmc_t6plain_fuds_s2,fp32,57,14,47612904,250000000
nmc_t6plain_fuds_s2,fp32,57,15,47612904,250000000
nmc_t6plain_fuds_s2,fp32,58,0,47639525,250000000
nmc_t6plain_fuds_s2,fp32,58,1,47639477,250000000
nmc_t6plain_fuds_s2,fp32,58,2,47639477,250000000
nmc_t6plain_fuds_s2,fp32,58,3,47639477,250000000
nmc_t6plain_fuds_s2,fp32,58,4,47639477,250000000
nmc_t6plain_fuds_s2,fp32,58,5,47639477,250000000
nmc_t6plain_fuds_s2,fp32,58,6,47639477,250000000
nmc_t6plain_fuds_s2,fp32,58,7,47639477,250000000
nmc_t6plain_fuds_s2,fp32,58,8,47639477,250000000
nmc_t6plain_fuds_s2,fp32,58,9,47639477,250000000
nmc_t6plain_fuds_s2,fp32,58,10,47639477,250000000
nmc_t6plain_fuds_s2,fp32,58,11,47639477,250000000
nmc_t6plain_fuds_s2,fp32,58,12,47639477,250000000
nmc_t6plain_fuds_s2,fp32,58,13,47639477,250000000
nmc_t6plain_fuds_s2,fp32,58,14,47639477,250000000
nmc_t6plain_fuds_s2,fp32,58,15,47639477,250000000
nmc_t6plain_fuds_s2,fp32,59,0,47628543,250000000
nmc_t6plain_fuds_s2,fp32,59,1,47628495,250000000
nmc_t6plain_fuds_s2,fp32,59,2,47628495,250000000
nmc_t6plain_fuds_s2,fp32,59,3,47628495,250000000
nmc_t6plain_fuds_s2,fp32,59,4,47628495,250000000
nmc_t6plain_fuds_s2,fp32,59,5,47628495,250000000
nmc_t6plain_fuds_s2,fp32,59,6,47628495,250000000
nmc_t6plain_fuds_s2,fp32,59,7,47628495,250000000
nmc_t6plain_fuds_s2,fp32,59,8,47628495,250000000
nmc_t6plain_fuds_s2,fp32,59,9,47628495,250000000
nmc_t6plain_fuds_s2,fp32,59,10,47628495,250000000
nmc_t6plain_fuds_s2,fp32,59,11,47628495,250000000
nmc_t6plain_fuds_s2,fp32,59,12,47628495,250000000
nmc_t6plain_fuds_s2,fp32,59,13,47628495,250000000
nmc_t6plain_fuds_s2,fp32,59,14,47628495,250000000
nmc_t6plain_fuds_s2,fp32,59,15,47628495,250000000
nmc_t6plain_fuds_s2,fp32,60,0,47632230,250000000
nmc_t6plain_fuds_s2,fp32,60,1,47632182,250000000
nmc_t6plain_fuds_s2,fp32,60,2,47632182,250000000
nmc_t6plain_fuds_s2,fp32,60,3,47632182,250000000
nmc_t6plain_fuds_s2,fp32,60,4,47632182,250000000
nmc_t6plain_fuds_s2,fp32,60,5,47632182,250000000
nmc_t6plain_fuds_s2,fp32,60,6,47632182,250000000
nmc_t6plain_fuds_s2,fp32,60,7,47632182,250000000
nmc_t6plain_fuds_s2,fp32,60,8,47632182,250000000
nmc_t6plain_fuds_s2,fp32,60,9,47632182,250000000
nmc_t6plain_fuds_s2,fp32,60,10,47632182,250000000
nmc_t6plain_fuds_s2,fp32,60,11,47632182,250000000
nmc_t6plain_fuds_s2,fp32,60,12,47632182,250000000
nmc_t6plain_fuds_s2,fp32,60,13,47632182,250000000
nmc_t6plain_fuds_s2,fp32,60,14,47632182,250000000
nmc_t6plain_fuds_s2,fp32,60,15,47632182,250000000
nmc_t6plain_fuds_s2,fp32,61,0,47610991,250000000
nmc_t6plain_fuds_s2,fp32,61,1,47610943,250000000
nmc_t6plain_fuds_s2,fp32,61,2,47610943,250000000
nmc_t6plain_fuds_s2,fp32,61,3,47610943,250000000
nmc_t6plain_fuds_s2,fp32,61,4,47610943,250000000
nmc_t6plain_fuds_s2,fp32,61,5,47610943,250000000
nmc_t6plain_fuds_s2,fp32,61,6,47610943,250000000
nmc_t6plain_fuds_s2,fp32,61,7,47610943,250000000
nmc_t6plain_fuds_s2,fp32,61,8,47610943,250000000
nmc_t6plain_fuds_s2,fp32,61,9,47610943,250000000
nmc_t6plain_fuds_s2,fp32,61,10,47610943,250000000
nmc_t6plain_fuds_s2,fp32,61,11,47610943,250000000
nmc_t6plain_fuds_s2,fp32,61,12,47610943,250000000
nmc_t6plain_fuds_s2,fp32,61,13,47610943,250000000
nmc_t6plain_fuds_s2,fp32,61,14,47610943,250000000
nmc_t6plain_fuds_s2,fp32,61,15,47610943,250000000
nmc_t6plain_fuds_s2,fp32,62,0,47598925,250000000
nmc_t6plain_fuds_s2,fp32,62,1,47598877,250000000
nmc_t6plain_fuds_s2,fp32,62,2,47598877,250000000
nmc_t6plain_fuds_s2,fp32,62,3,47598877,250000000
nmc_t6plain_fuds_s2,fp32,62,4,47598877,250000000
nmc_t6plain_fuds_s2,fp32,62,5,47598877,250000000
nmc_t6plain_fuds_s2,fp32,62,6,47598877,250000000
nmc_t6plain_fuds_s2,fp32,62,7,47598877,250000000
nmc_t6plain_fuds_s2,fp32,62,8,47598877,250000000
nmc_t6plain_fuds_s2,fp32,62,9,47598877,250000000
nmc_t6plain_fuds_s2,fp32,62,10,47598877,250000000
nmc_t6plain_fuds_s2,fp32,62,11,47598877,250000000
nmc_t6plain_fuds_s2,fp32,62,12,47598877,250000000
nmc_t6plain_fuds_s2,fp32,62,13,47598877,250000000
nmc_t6plain_fuds_s2,fp32,62,14,47598877,250000000
nmc_t6plain_fuds_s2,fp32,62,15,47598877,250000000
nmc_t6plain_fuds_s2,fp32,63,0,47507655,250000000
nmc_t6plain_fuds_s2,fp32,63,1,47507609,250000000
nmc_t6plain_fuds_s2,fp32,63,2,47507609,250000000
nmc_t6plain_fuds_s2,fp32,63,3,47507609,250000000
nmc_t6plain_fuds_s2,fp32,63,4,47507609,250000000
nmc_t6plain_fuds_s2,fp32,63,5,47507609,250000000
nmc_t6plain_fuds_s2,fp32,63,6,47507609,250000000
nmc_t6plain_fuds_s2,fp32,63,7,47507609,250000000
nmc_t6plain_fuds_s2,fp32,63,8,47507609,250000000
nmc_t6plain_fuds_s2,fp32,63,9,47507609,250000000
nmc_t6plain_fuds_s2,fp32,63,10,47507609,250000000
nmc_t6plain_fuds_s2,fp32,63,11,47507609,250000000
nmc_t6plain_fuds_s2,fp32,63,12,47507609,250000000
nmc_t6plain_fuds_s2,fp32,63,13,47507609,250000000
nmc_t6plain_fuds_s2,fp32,63,14,47507609,250000000
nmc_t6plain_fuds_s2,fp32,63,15,47507609,250000000
nmc_t6plain_us06_s0,fp32,0,0,47598680,250000000
nmc_t6plain_us06_s0,fp32,0,1,47598680,250000000
nmc_t6plain_us06_s0,fp32,0,2,47598680,250000000
nmc_t6plain_us06_s0,fp32,0,3,47598680,250000000
nmc_t6plain_us06_s0,fp32,0,4,47598680,250000000
nmc_t6plain_us06_s0,fp32,0,5,47598680,250000000
nmc_t6plain_us06_s0,fp32,0,6,47598680,250000000
nmc_t6plain_us06_s0,fp32,0,7,47598680,250000000
nmc_t6plain_us06_s0,fp32,0,8,47598680,250000000
nmc_t6plain_us06_s0,fp32,0,9,47598680,250000000
nmc_t6plain_us06_s0,fp32,0,10,47598680,250000000
nmc_t6plain_us06_s0,fp32,0,11,47598680,250000000
nmc_t6plain_us06_s0,fp32,0,12,47598680,250000000
nmc_t6plain_us06_s0,fp32,0,13,47598680,250000000
nmc_t6plain_us06_s0,fp32,0,14,47598680,250000000
nmc_t6plain_us06_s0,fp32,0,15,47598680,250000000
nmc_t6plain_us06_s0,fp32,1,0,47618002,250000000
nmc_t6plain_us06_s0,fp32,1,1,47617956,250000000
nmc_t6plain_us06_s0,fp32,1,2,47617956,250000000
nmc_t6plain_us06_s0,fp32,1,3,47617956,250000000
nmc_t6plain_us06_s0,fp32,1,4,47617956,250000000
nmc_t6plain_us06_s0,fp32,1,5,47617956,250000000
nmc_t6plain_us06_s0,fp32,1,6,47617956,250000000
nmc_t6plain_us06_s0,fp32,1,7,47617956,250000000
nmc_t6plain_us06_s0,fp32,1,8,47617956,250000000
nmc_t6plain_us06_s0,fp32,1,9,47617956,250000000
nmc_t6plain_us06_s0,fp32,1,10,47617956,250000000
nmc_t6plain_us06_s0,fp32,1,11,47617956,250000000
nmc_t6plain_us06_s0,fp32,1,12,47617956,250000000
nmc_t6plain_us06_s0,fp32,1,13,47617956,250000000
nmc_t6plain_us06_s0,fp32,1,14,47617956,250000000
nmc_t6plain_us06_s0,fp32,1,15,47617956,250000000
nmc_t6plain_us06_s0,fp32,2,0,47624787,250000000
nmc_t6plain_us06_s0,fp32,2,1,47624741,250000000
nmc_t6plain_us06_s0,fp32,2,2,47624741,250000000
nmc_t6plain_us06_s0,fp32,2,3,47624741,250000000
nmc_t6plain_us06_s0,fp32,2,4,47624741,250000000
nmc_t6plain_us06_s0,fp32,2,5,47624741,250000000
nmc_t6plain_us06_s0,fp32,2,6,47624741,250000000
nmc_t6plain_us06_s0,fp32,2,7,47624741,250000000
nmc_t6plain_us06_s0,fp32,2,8,47624741,250000000
nmc_t6plain_us06_s0,fp32,2,9,47624741,250000000
nmc_t6plain_us06_s0,fp32,2,10,47624741,250000000
nmc_t6plain_us06_s0,fp32,2,11,47624741,250000000
nmc_t6plain_us06_s0,fp32,2,12,47624741,250000000
nmc_t6plain_us06_s0,fp32,2,13,47624741,250000000
nmc_t6plain_us06_s0,fp32,2,14,47624741,250000000
nmc_t6plain_us06_s0,fp32,2,15,47624741,250000000
nmc_t6plain_us06_s0,fp32,3,0,47641221,250000000
nmc_t6plain_us06_s0,fp32,3,1,47641168,250000000
nmc_t6plain_us06_s0,fp32,3,2,47641168,250000000
nmc_t6plain_us06_s0,fp32,3,3,47641168,250000000
nmc_t6plain_us06_s0,fp32,3,4,47641168,250000000
nmc_t6plain_us06_s0,fp32,3,5,47641168,250000000
nmc_t6plain_us06_s0,fp32,3,6,47641168,250000000
nmc_t6plain_us06_s0,fp32,3,7,47641168,250000000
nmc_t6plain_us06_s0,fp32,3,8,47641168,250000000
nmc_t6plain_us06_s0,fp32,3,9,47641168,250000000
nmc_t6plain_us06_s0,fp32,3,10,47641168,250000000
nmc_t6plain_us06_s0,fp32,3,11,47641168,250000000
nmc_t6plain_us06_s0,fp32,3,12,47641168,250000000
nmc_t6plain_us06_s0,fp32,3,13,47641168,250000000
nmc_t6plain_us06_s0,fp32,3,14,47641168,250000000
nmc_t6plain_us06_s0,fp32,3,15,47641168,250000000
nmc_t6plain_us06_s0,fp32,4,0,47658391,250000000
nmc_t6plain_us06_s0,fp32,4,1,47658338,250000000
nmc_t6plain_us06_s0,fp32,4,2,47658338,250000000
nmc_t6plain_us06_s0,fp32,4,3,47658338,250000000
nmc_t6plain_us06_s0,fp32,4,4,47658338,250000000
nmc_t6plain_us06_s0,fp32,4,5,47658338,250000000
nmc_t6plain_us06_s0,fp32,4,6,47658338,250000000
nmc_t6plain_us06_s0,fp32,4,7,47658338,250000000
nmc_t6plain_us06_s0,fp32,4,8,47658338,250000000
nmc_t6plain_us06_s0,fp32,4,9,47658338,250000000
nmc_t6plain_us06_s0,fp32,4,10,47658338,250000000
nmc_t6plain_us06_s0,fp32,4,11,47658338,250000000
nmc_t6plain_us06_s0,fp32,4,12,47658338,250000000
nmc_t6plain_us06_s0,fp32,4,13,47658338,250000000
nmc_t6plain_us06_s0,fp32,4,14,47658338,250000000
nmc_t6plain_us06_s0,fp32,4,15,47658338,250000000
nmc_t6plain_us06_s0,fp32,5,0,47677633,250000000
nmc_t6plain_us06_s0,fp32,5,1,47677580,250000000
nmc_t6plain_us06_s0,fp32,5,2,47677580,250000000
nmc_t6plain_us06_s0,fp32,5,3,47677580,250000000
nmc_t6plain_us06_s0,fp32,5,4,47677580,250000000
nmc_t6plain_us06_s0,fp32,5,5,47677580,250000000
nmc_t6plain_us06_s0,fp32,5,6,47677580,250000000
nmc_t6plain_us06_s0,fp32,5,7,47677580,250000000
nmc_t6plain_us06_s0,fp32,5,8,47677580,250000000
nmc_t6plain_us06_s0,fp32,5,9,47677580,250000000
nmc_t6plain_us06_s0,fp32,5,10,47677580,250000000
nmc_t6plain_us06_s0,fp32,5,11,47677580,250000000
nmc_t6plain_us06_s0,fp32,5,12,47677580,250000000
nmc_t6plain_us06_s0,fp32,5,13,47677580,250000000
nmc_t6plain_us06_s0,fp32,5,14,47677580,250000000
nmc_t6plain_us06_s0,fp32,5,15,47677580,250000000
nmc_t6plain_us06_s0,fp32,6,0,47684561,250000000
nmc_t6plain_us06_s0,fp32,6,1,47684508,250000000
nmc_t6plain_us06_s0,fp32,6,2,47684508,250000000
nmc_t6plain_us06_s0,fp32,6,3,47684508,250000000
nmc_t6plain_us06_s0,fp32,6,4,47684508,250000000
nmc_t6plain_us06_s0,fp32,6,5,47684508,250000000
nmc_t6plain_us06_s0,fp32,6,6,47684508,250000000
nmc_t6plain_us06_s0,fp32,6,7,47684508,250000000
nmc_t6plain_us06_s0,fp32,6,8,47684508,250000000
nmc_t6plain_us06_s0,fp32,6,9,47684508,250000000
nmc_t6plain_us06_s0,fp32,6,10,47684508,250000000
nmc_t6plain_us06_s0,fp32,6,11,47684508,250000000
nmc_t6plain_us06_s0,fp32,6,12,47684508,250000000
nmc_t6plain_us06_s0,fp32,6,13,47684508,250000000
nmc_t6plain_us06_s0,fp32,6,14,47684508,250000000
nmc_t6plain_us06_s0,fp32,6,15,47684508,250000000
nmc_t6plain_us06_s0,fp32,7,0,47708614,250000000
nmc_t6plain_us06_s0,fp32,7,1,47708561,250000000
nmc_t6plain_us06_s0,fp32,7,2,47708561,250000000
nmc_t6plain_us06_s0,fp32,7,3,47708561,250000000
nmc_t6plain_us06_s0,fp32,7,4,47708561,250000000
nmc_t6plain_us06_s0,fp32,7,5,47708561,250000000
nmc_t6plain_us06_s0,fp32,7,6,47708561,250000000
nmc_t6plain_us06_s0,fp32,7,7,47708561,250000000
nmc_t6plain_us06_s0,fp32,7,8,47708561,250000000
nmc_t6plain_us06_s0,fp32,7,9,47708561,250000000
nmc_t6plain_us06_s0,fp32,7,10,47708561,250000000
nmc_t6plain_us06_s0,fp32,7,11,47708561,250000000
nmc_t6plain_us06_s0,fp32,7,12,47708561,250000000
nmc_t6plain_us06_s0,fp32,7,13,47708561,250000000
nmc_t6plain_us06_s0,fp32,7,14,47708561,250000000
nmc_t6plain_us06_s0,fp32,7,15,47708561,250000000
nmc_t6plain_us06_s0,fp32,8,0,47712366,250000000
nmc_t6plain_us06_s0,fp32,8,1,47712343,250000000
nmc_t6plain_us06_s0,fp32,8,2,47712343,250000000
nmc_t6plain_us06_s0,fp32,8,3,47712343,250000000
nmc_t6plain_us06_s0,fp32,8,4,47712343,250000000
nmc_t6plain_us06_s0,fp32,8,5,47712343,250000000
nmc_t6plain_us06_s0,fp32,8,6,47712343,250000000
nmc_t6plain_us06_s0,fp32,8,7,47712343,250000000
nmc_t6plain_us06_s0,fp32,8,8,47712343,250000000
nmc_t6plain_us06_s0,fp32,8,9,47712343,250000000
nmc_t6plain_us06_s0,fp32,8,10,47712343,250000000
nmc_t6plain_us06_s0,fp32,8,11,47712343,250000000
nmc_t6plain_us06_s0,fp32,8,12,47712343,250000000
nmc_t6plain_us06_s0,fp32,8,13,47712343,250000000
nmc_t6plain_us06_s0,fp32,8,14,47712343,250000000
nmc_t6plain_us06_s0,fp32,8,15,47712343,250000000
nmc_t6plain_us06_s0,fp32,9,0,47709920,250000000
nmc_t6plain_us06_s0,fp32,9,1,47709897,250000000
nmc_t6plain_us06_s0,fp32,9,2,47709897,250000000
nmc_t6plain_us06_s0,fp32,9,3,47709897,250000000
nmc_t6plain_us06_s0,fp32,9,4,47709897,250000000
nmc_t6plain_us06_s0,fp32,9,5,47709897,250000000
nmc_t6plain_us06_s0,fp32,9,6,47709897,250000000
nmc_t6plain_us06_s0,fp32,9,7,47709897,250000000
nmc_t6plain_us06_s0,fp32,9,8,47709897,250000000
nmc_t6plain_us06_s0,fp32,9,9,47709897,250000000
nmc_t6plain_us06_s0,fp32,9,10,47709897,250000000
nmc_t6plain_us06_s0,fp32,9,11,47709897,250000000
nmc_t6plain_us06_s0,fp32,9,12,47709897,250000000
nmc_t6plain_us06_s0,fp32,9,13,47709897,250000000
nmc_t6plain_us06_s0,fp32,9,14,47709897,250000000
nmc_t6plain_us06_s0,fp32,9,15,47709897,250000000
nmc_t6plain_us06_s0,fp32,10,0,47716644,250000000
nmc_t6plain_us06_s0,fp32,10,1,47716621,250000000
nmc_t6plain_us06_s0,fp32,10,2,47716621,250000000
nmc_t6plain_us06_s0,fp32,10,3,47716621,250000000
nmc_t6plain_us06_s0,fp32,10,4,47716621,250000000
nmc_t6plain_us06_s0,fp32,10,5,47716621,250000000
nmc_t6plain_us06_s0,fp32,10,6,47716621,250000000
nmc_t6plain_us06_s0,fp32,10,7,47716621,250000000
nmc_t6plain_us06_s0,fp32,10,8,47716621,250000000
nmc_t6plain_us06_s0,fp32,10,9,47716621,250000000
nmc_t6plain_us06_s0,fp32,10,10,47716621,250000000
nmc_t6plain_us06_s0,fp32,10,11,47716621,250000000
nmc_t6plain_us06_s0,fp32,10,12,47716621,250000000
nmc_t6plain_us06_s0,fp32,10,13,47716621,250000000
nmc_t6plain_us06_s0,fp32,10,14,47716621,250000000
nmc_t6plain_us06_s0,fp32,10,15,47716621,250000000
nmc_t6plain_us06_s0,fp32,11,0,47709216,250000000
nmc_t6plain_us06_s0,fp32,11,1,47709193,250000000
nmc_t6plain_us06_s0,fp32,11,2,47709193,250000000
nmc_t6plain_us06_s0,fp32,11,3,47709193,250000000
nmc_t6plain_us06_s0,fp32,11,4,47709193,250000000
nmc_t6plain_us06_s0,fp32,11,5,47709193,250000000
nmc_t6plain_us06_s0,fp32,11,6,47709193,250000000
nmc_t6plain_us06_s0,fp32,11,7,47709193,250000000
nmc_t6plain_us06_s0,fp32,11,8,47709193,250000000
nmc_t6plain_us06_s0,fp32,11,9,47709193,250000000
nmc_t6plain_us06_s0,fp32,11,10,47709193,250000000
nmc_t6plain_us06_s0,fp32,11,11,47709193,250000000
nmc_t6plain_us06_s0,fp32,11,12,47709193,250000000
nmc_t6plain_us06_s0,fp32,11,13,47709193,250000000
nmc_t6plain_us06_s0,fp32,11,14,47709193,250000000
nmc_t6plain_us06_s0,fp32,11,15,47709193,250000000
nmc_t6plain_us06_s0,fp32,12,0,47688063,250000000
nmc_t6plain_us06_s0,fp32,12,1,47688008,250000000
nmc_t6plain_us06_s0,fp32,12,2,47688008,250000000
nmc_t6plain_us06_s0,fp32,12,3,47688008,250000000
nmc_t6plain_us06_s0,fp32,12,4,47688008,250000000
nmc_t6plain_us06_s0,fp32,12,5,47688008,250000000
nmc_t6plain_us06_s0,fp32,12,6,47688008,250000000
nmc_t6plain_us06_s0,fp32,12,7,47688008,250000000
nmc_t6plain_us06_s0,fp32,12,8,47688008,250000000
nmc_t6plain_us06_s0,fp32,12,9,47688008,250000000
nmc_t6plain_us06_s0,fp32,12,10,47688008,250000000
nmc_t6plain_us06_s0,fp32,12,11,47688008,250000000
nmc_t6plain_us06_s0,fp32,12,12,47688008,250000000
nmc_t6plain_us06_s0,fp32,12,13,47688008,250000000
nmc_t6plain_us06_s0,fp32,12,14,47688008,250000000
nmc_t6plain_us06_s0,fp32,12,15,47688008,250000000
nmc_t6plain_us06_s0,fp32,13,0,47686042,250000000
nmc_t6plain_us06_s0,fp32,13,1,47685989,250000000
nmc_t6plain_us06_s0,fp32,13,2,47685989,250000000
nmc_t6plain_us06_s0,fp32,13,3,47685989,250000000
nmc_t6plain_us06_s0,fp32,13,4,47685989,250000000
nmc_t6plain_us06_s0,fp32,13,5,47685989,250000000
nmc_t6plain_us06_s0,fp32,13,6,47685989,250000000
nmc_t6plain_us06_s0,fp32,13,7,47685989,250000000
nmc_t6plain_us06_s0,fp32,13,8,47685989,250000000
nmc_t6plain_us06_s0,fp32,13,9,47685989,250000000
nmc_t6plain_us06_s0,fp32,13,10,47685989,250000000
nmc_t6plain_us06_s0,fp32,13,11,47685989,250000000
nmc_t6plain_us06_s0,fp32,13,12,47685989,250000000
nmc_t6plain_us06_s0,fp32,13,13,47685989,250000000
nmc_t6plain_us06_s0,fp32,13,14,47685989,250000000
nmc_t6plain_us06_s0,fp32,13,15,47685989,250000000
nmc_t6plain_us06_s0,fp32,14,0,47700097,250000000
nmc_t6plain_us06_s0,fp32,14,1,47700044,250000000
nmc_t6plain_us06_s0,fp32,14,2,47700044,250000000
nmc_t6plain_us06_s0,fp32,14,3,47700044,250000000
nmc_t6plain_us06_s0,fp32,14,4,47700044,250000000
nmc_t6plain_us06_s0,fp32,14,5,47700044,250000000
nmc_t6plain_us06_s0,fp32,14,6,47700044,250000000
nmc_t6plain_us06_s0,fp32,14,7,47700044,250000000
nmc_t6plain_us06_s0,fp32,14,8,47700044,250000000
nmc_t6plain_us06_s0,fp32,14,9,47700044,250000000
nmc_t6plain_us06_s0,fp32,14,10,47700044,250000000
nmc_t6plain_us06_s0,fp32,14,11,47700044,250000000
nmc_t6plain_us06_s0,fp32,14,12,47700044,250000000
nmc_t6plain_us06_s0,fp32,14,13,47700044,250000000
nmc_t6plain_us06_s0,fp32,14,14,47700044,250000000
nmc_t6plain_us06_s0,fp32,14,15,47700044,250000000
nmc_t6plain_us06_s0,fp32,15,0,47689677,250000000
nmc_t6plain_us06_s0,fp32,15,1,47689624,250000000
nmc_t6plain_us06_s0,fp32,15,2,47689624,250000000
nmc_t6plain_us06_s0,fp32,15,3,47689624,250000000
nmc_t6plain_us06_s0,fp32,15,4,47689624,250000000
nmc_t6plain_us06_s0,fp32,15,5,47689624,250000000
nmc_t6plain_us06_s0,fp32,15,6,47689624,250000000
nmc_t6plain_us06_s0,fp32,15,7,47689624,250000000
nmc_t6plain_us06_s0,fp32,15,8,47689624,250000000
nmc_t6plain_us06_s0,fp32,15,9,47689624,250000000
nmc_t6plain_us06_s0,fp32,15,10,47689624,250000000
nmc_t6plain_us06_s0,fp32,15,11,47689624,250000000
nmc_t6plain_us06_s0,fp32,15,12,47689624,250000000
nmc_t6plain_us06_s0,fp32,15,13,47689624,250000000
nmc_t6plain_us06_s0,fp32,15,14,47689624,250000000
nmc_t6plain_us06_s0,fp32,15,15,47689624,250000000
nmc_t6plain_us06_s0,fp32,16,0,47662002,250000000
nmc_t6plain_us06_s0,fp32,16,1,47661956,250000000
nmc_t6plain_us06_s0,fp32,16,2,47661956,250000000
nmc_t6plain_us06_s0,fp32,16,3,47661956,250000000
nmc_t6plain_us06_s0,fp32,16,4,47661956,250000000
nmc_t6plain_us06_s0,fp32,16,5,47661956,250000000
nmc_t6plain_us06_s0,fp32,16,6,47661956,250000000
nmc_t6plain_us06_s0,fp32,16,7,47661956,250000000
nmc_t6plain_us06_s0,fp32,16,8,47661956,250000000
nmc_t6plain_us06_s0,fp32,16,9,47661956,250000000
nmc_t6plain_us06_s0,fp32,16,10,47661956,250000000
nmc_t6plain_us06_s0,fp32,16,11,47661956,250000000
nmc_t6plain_us06_s0,fp32,16,12,47661956,250000000
nmc_t6plain_us06_s0,fp32,16,13,47661956,250000000
nmc_t6plain_us06_s0,fp32,16,14,47661956,250000000
nmc_t6plain_us06_s0,fp32,16,15,47661956,250000000
nmc_t6plain_us06_s0,fp32,17,0,47654455,250000000
nmc_t6plain_us06_s0,fp32,17,1,47654409,250000000
nmc_t6plain_us06_s0,fp32,17,2,47654409,250000000
nmc_t6plain_us06_s0,fp32,17,3,47654409,250000000
nmc_t6plain_us06_s0,fp32,17,4,47654409,250000000
nmc_t6plain_us06_s0,fp32,17,5,47654409,250000000
nmc_t6plain_us06_s0,fp32,17,6,47654409,250000000
nmc_t6plain_us06_s0,fp32,17,7,47654409,250000000
nmc_t6plain_us06_s0,fp32,17,8,47654409,250000000
nmc_t6plain_us06_s0,fp32,17,9,47654409,250000000
nmc_t6plain_us06_s0,fp32,17,10,47654409,250000000
nmc_t6plain_us06_s0,fp32,17,11,47654409,250000000
nmc_t6plain_us06_s0,fp32,17,12,47654409,250000000
nmc_t6plain_us06_s0,fp32,17,13,47654409,250000000
nmc_t6plain_us06_s0,fp32,17,14,47654409,250000000
nmc_t6plain_us06_s0,fp32,17,15,47654409,250000000
nmc_t6plain_us06_s0,fp32,18,0,47681804,250000000
nmc_t6plain_us06_s0,fp32,18,1,47681758,250000000
nmc_t6plain_us06_s0,fp32,18,2,47681758,250000000
nmc_t6plain_us06_s0,fp32,18,3,47681758,250000000
nmc_t6plain_us06_s0,fp32,18,4,47681758,250000000
nmc_t6plain_us06_s0,fp32,18,5,47681758,250000000
nmc_t6plain_us06_s0,fp32,18,6,47681758,250000000
nmc_t6plain_us06_s0,fp32,18,7,47681758,250000000
nmc_t6plain_us06_s0,fp32,18,8,47681758,250000000
nmc_t6plain_us06_s0,fp32,18,9,47681758,250000000
nmc_t6plain_us06_s0,fp32,18,10,47681758,250000000
nmc_t6plain_us06_s0,fp32,18,11,47681758,250000000
nmc_t6plain_us06_s0,fp32,18,12,47681758,250000000
nmc_t6plain_us06_s0,fp32,18,13,47681758,250000000
nmc_t6plain_us06_s0,fp32,18,14,47681758,250000000
nmc_t6plain_us06_s0,fp32,18,15,47681758,250000000
nmc_t6plain_us06_s0,fp32,19,0,47670079,250000000
nmc_t6plain_us06_s0,fp32,19,1,47670033,250000000
nmc_t6plain_us06_s0,fp32,19,2,47670033,250000000
nmc_t6plain_us06_s0,fp32,19,3,47670033,250000000
nmc_t6plain_us06_s0,fp32,19,4,47670033,250000000
nmc_t6plain_us06_s0,fp32,19,5,47670033,250000000
nmc_t6plain_us06_s0,fp32,19,6,47670033,250000000
nmc_t6plain_us06_s0,fp32,19,7,47670033,250000000
nmc_t6plain_us06_s0,fp32,19,8,47670033,250000000
nmc_t6plain_us06_s0,fp32,19,9,47670033,250000000
nmc_t6plain_us06_s0,fp32,19,10,47670033,250000000
nmc_t6plain_us06_s0,fp32,19,11,47670033,250000000
nmc_t6plain_us06_s0,fp32,19,12,47670033,250000000
nmc_t6plain_us06_s0,fp32,19,13,47670033,250000000
nmc_t6plain_us06_s0,fp32,19,14,47670033,250000000
nmc_t6plain_us06_s0,fp32,19,15,47670033,250000000
nmc_t6plain_us06_s0,fp32,20,0,47641071,250000000
nmc_t6plain_us06_s0,fp32,20,1,47641025,250000000
nmc_t6plain_us06_s0,fp32,20,2,47641025,250000000
nmc_t6plain_us06_s0,fp32,20,3,47641025,250000000
nmc_t6plain_us06_s0,fp32,20,4,47641025,250000000
nmc_t6plain_us06_s0,fp32,20,5,47641025,250000000
nmc_t6plain_us06_s0,fp32,20,6,47641025,250000000
nmc_t6plain_us06_s0,fp32,20,7,47641025,250000000
nmc_t6plain_us06_s0,fp32,20,8,47641025,250000000
nmc_t6plain_us06_s0,fp32,20,9,47641025,250000000
nmc_t6plain_us06_s0,fp32,20,10,47641025,250000000
nmc_t6plain_us06_s0,fp32,20,11,47641025,250000000
nmc_t6plain_us06_s0,fp32,20,12,47641025,250000000
nmc_t6plain_us06_s0,fp32,20,13,47641025,250000000
nmc_t6plain_us06_s0,fp32,20,14,47641025,250000000
nmc_t6plain_us06_s0,fp32,20,15,47641025,250000000
nmc_t6plain_us06_s0,fp32,21,0,47607889,250000000
nmc_t6plain_us06_s0,fp32,21,1,47607843,250000000
nmc_t6plain_us06_s0,fp32,21,2,47607843,250000000
nmc_t6plain_us06_s0,fp32,21,3,47607843,250000000
nmc_t6plain_us06_s0,fp32,21,4,47607843,250000000
nmc_t6plain_us06_s0,fp32,21,5,47607843,250000000
nmc_t6plain_us06_s0,fp32,21,6,47607843,250000000
nmc_t6plain_us06_s0,fp32,21,7,47607843,250000000
nmc_t6plain_us06_s0,fp32,21,8,47607843,250000000
nmc_t6plain_us06_s0,fp32,21,9,47607843,250000000
nmc_t6plain_us06_s0,fp32,21,10,47607843,250000000
nmc_t6plain_us06_s0,fp32,21,11,47607843,250000000
nmc_t6plain_us06_s0,fp32,21,12,47607843,250000000
nmc_t6plain_us06_s0,fp32,21,13,47607843,250000000
nmc_t6plain_us06_s0,fp32,21,14,47607843,250000000
nmc_t6plain_us06_s0,fp32,21,15,47607843,250000000
nmc_t6plain_us06_s0,fp32,22,0,47603622,250000000
nmc_t6plain_us06_s0,fp32,22,1,47603574,250000000
nmc_t6plain_us06_s0,fp32,22,2,47603574,250000000
nmc_t6plain_us06_s0,fp32,22,3,47603574,250000000
nmc_t6plain_us06_s0,fp32,22,4,47603574,250000000
nmc_t6plain_us06_s0,fp32,22,5,47603574,250000000
nmc_t6plain_us06_s0,fp32,22,6,47603574,250000000
nmc_t6plain_us06_s0,fp32,22,7,47603574,250000000
nmc_t6plain_us06_s0,fp32,22,8,47603574,250000000
nmc_t6plain_us06_s0,fp32,22,9,47603574,250000000
nmc_t6plain_us06_s0,fp32,22,10,47603574,250000000
nmc_t6plain_us06_s0,fp32,22,11,47603574,250000000
nmc_t6plain_us06_s0,fp32,22,12,47603574,250000000
nmc_t6plain_us06_s0,fp32,22,13,47603574,250000000
nmc_t6plain_us06_s0,fp32,22,14,47603574,250000000
nmc_t6plain_us06_s0,fp32,22,15,47603574,250000000
nmc_t6plain_us06_s0,fp32,23,0,47619170,250000000
nmc_t6plain_us06_s0,fp32,23,1,47619124,250000000
nmc_t6plain_us06_s0,fp32,23,2,47619124,250000000
nmc_t6plain_us06_s0,fp32,23,3,47619124,250000000
nmc_t6plain_us06_s0,fp32,23,4,47619124,250000000
nmc_t6plain_us06_s0,fp32,23,5,47619124,250000000
nmc_t6plain_us06_s0,fp32,23,6,47619124,250000000
nmc_t6plain_us06_s0,fp32,23,7,47619124,250000000
nmc_t6plain_us06_s0,fp32,23,8,47619124,250000000
nmc_t6plain_us06_s0,fp32,23,9,47619124,250000000
nmc_t6plain_us06_s0,fp32,23,10,47619124,250000000
nmc_t6plain_us06_s0,fp32,23,11,47619124,250000000
nmc_t6plain_us06_s0,fp32,23,12,47619124,250000000
nmc_t6plain_us06_s0,fp32,23,13,47619124,250000000
nmc_t6plain_us06_s0,fp32,23,14,47619124,250000000
nmc_t6plain_us06_s0,fp32,23,15,47619124,250000000
nmc_t6plain_us06_s0,fp32,24,0,47639968,250000000
nmc_t6plain_us06_s0,fp32,24,1,47639922,250000000
nmc_t6plain_us06_s0,fp32,24,2,47639922,250000000
nmc_t6plain_us06_s0,fp32,24,3,47639922,250000000
nmc_t6plain_us06_s0,fp32,24,4,47639922,250000000
nmc_t6plain_us06_s0,fp32,24,5,47639922,250000000
nmc_t6plain_us06_s0,fp32,24,6,47639922,250000000
nmc_t6plain_us06_s0,fp32,24,7,47639922,250000000
nmc_t6plain_us06_s0,fp32,24,8,47639922,250000000
nmc_t6plain_us06_s0,fp32,24,9,47639922,250000000
nmc_t6plain_us06_s0,fp32,24,10,47639922,250000000
nmc_t6plain_us06_s0,fp32,24,11,47639922,250000000
nmc_t6plain_us06_s0,fp32,24,12,47639922,250000000
nmc_t6plain_us06_s0,fp32,24,13,47639922,250000000
nmc_t6plain_us06_s0,fp32,24,14,47639922,250000000
nmc_t6plain_us06_s0,fp32,24,15,47639922,250000000
nmc_t6plain_us06_s0,fp32,25,0,47668162,250000000
nmc_t6plain_us06_s0,fp32,25,1,47668109,250000000
nmc_t6plain_us06_s0,fp32,25,2,47668109,250000000
nmc_t6plain_us06_s0,fp32,25,3,47668109,250000000
nmc_t6plain_us06_s0,fp32,25,4,47668109,250000000
nmc_t6plain_us06_s0,fp32,25,5,47668109,250000000
nmc_t6plain_us06_s0,fp32,25,6,47668109,250000000
nmc_t6plain_us06_s0,fp32,25,7,47668109,250000000
nmc_t6plain_us06_s0,fp32,25,8,47668109,250000000
nmc_t6plain_us06_s0,fp32,25,9,47668109,250000000
nmc_t6plain_us06_s0,fp32,25,10,47668109,250000000
nmc_t6plain_us06_s0,fp32,25,11,47668109,250000000
nmc_t6plain_us06_s0,fp32,25,12,47668109,250000000
nmc_t6plain_us06_s0,fp32,25,13,47668109,250000000
nmc_t6plain_us06_s0,fp32,25,14,47668109,250000000
nmc_t6plain_us06_s0,fp32,25,15,47668109,250000000
nmc_t6plain_us06_s0,fp32,26,0,47685454,250000000
nmc_t6plain_us06_s0,fp32,26,1,47685401,250000000
nmc_t6plain_us06_s0,fp32,26,2,47685401,250000000
nmc_t6plain_us06_s0,fp32,26,3,47685401,250000000
nmc_t6plain_us06_s0,fp32,26,4,47685401,250000000
nmc_t6plain_us06_s0,fp32,26,5,47685401,250000000
nmc_t6plain_us06_s0,fp32,26,6,47685401,250000000
nmc_t6plain_us06_s0,fp32,26,7,47685401,250000000
nmc_t6plain_us06_s0,fp32,26,8,47685401,250000000
nmc_t6plain_us06_s0,fp32,26,9,47685401,250000000
nmc_t6plain_us06_s0,fp32,26,10,47685401,250000000
nmc_t6plain_us06_s0,fp32,26,11,47685401,250000000
nmc_t6plain_us06_s0,fp32,26,12,47685401,250000000
nmc_t6plain_us06_s0,fp32,26,13,47685401,250000000
nmc_t6plain_us06_s0,fp32,26,14,47685401,250000000
nmc_t6plain_us06_s0,fp32,26,15,47685401,250000000
nmc_t6plain_us06_s0,fp32,27,0,47700718,250000000
nmc_t6plain_us06_s0,fp32,27,1,47700665,250000000
nmc_t6plain_us06_s0,fp32,27,2,47700665,250000000
nmc_t6plain_us06_s0,fp32,27,3,47700665,250000000
nmc_t6plain_us06_s0,fp32,27,4,47700665,250000000
nmc_t6plain_us06_s0,fp32,27,5,47700665,250000000
nmc_t6plain_us06_s0,fp32,27,6,47700665,250000000
nmc_t6plain_us06_s0,fp32,27,7,47700665,250000000
nmc_t6plain_us06_s0,fp32,27,8,47700665,250000000
nmc_t6plain_us06_s0,fp32,27,9,47700665,250000000
nmc_t6plain_us06_s0,fp32,27,10,47700665,250000000
nmc_t6plain_us06_s0,fp32,27,11,47700665,250000000
nmc_t6plain_us06_s0,fp32,27,12,47700665,250000000
nmc_t6plain_us06_s0,fp32,27,13,47700665,250000000
nmc_t6plain_us06_s0,fp32,27,14,47700665,250000000
nmc_t6plain_us06_s0,fp32,27,15,47700665,250000000
nmc_t6plain_us06_s0,fp32,28,0,47723168,250000000
nmc_t6plain_us06_s0,fp32,28,1,47723115,250000000
nmc_t6plain_us06_s0,fp32,28,2,47723115,250000000
nmc_t6plain_us06_s0,fp32,28,3,47723115,250000000
nmc_t6plain_us06_s0,fp32,28,4,47723115,250000000
nmc_t6plain_us06_s0,fp32,28,5,47723115,250000000
nmc_t6plain_us06_s0,fp32,28,6,47723115,250000000
nmc_t6plain_us06_s0,fp32,28,7,47723115,250000000
nmc_t6plain_us06_s0,fp32,28,8,47723115,250000000
nmc_t6plain_us06_s0,fp32,28,9,47723115,250000000
nmc_t6plain_us06_s0,fp32,28,10,47723115,250000000
nmc_t6plain_us06_s0,fp32,28,11,47723115,250000000
nmc_t6plain_us06_s0,fp32,28,12,47723115,250000000
nmc_t6plain_us06_s0,fp32,28,13,47723115,250000000
nmc_t6plain_us06_s0,fp32,28,14,47723115,250000000
nmc_t6plain_us06_s0,fp32,28,15,47723115,250000000
nmc_t6plain_us06_s0,fp32,29,0,47736731,250000000
nmc_t6plain_us06_s0,fp32,29,1,47736678,250000000
nmc_t6plain_us06_s0,fp32,29,2,47736678,250000000
nmc_t6plain_us06_s0,fp32,29,3,47736678,250000000
nmc_t6plain_us06_s0,fp32,29,4,47736678,250000000
nmc_t6plain_us06_s0,fp32,29,5,47736678,250000000
nmc_t6plain_us06_s0,fp32,29,6,47736678,250000000
nmc_t6plain_us06_s0,fp32,29,7,47736678,250000000
nmc_t6plain_us06_s0,fp32,29,8,47736678,250000000
nmc_t6plain_us06_s0,fp32,29,9,47736678,250000000
nmc_t6plain_us06_s0,fp32,29,10,47736678,250000000
nmc_t6plain_us06_s0,fp32,29,11,47736678,250000000
nmc_t6plain_us06_s0,fp32,29,12,47736678,250000000
nmc_t6plain_us06_s0,fp32,29,13,47736678,250000000
nmc_t6plain_us06_s0,fp32,29,14,47736678,250000000
nmc_t6plain_us06_s0,fp32,29,15,47736678,250000000
nmc_t6plain_us06_s0,fp32,30,0,47726996,250000000
nmc_t6plain_us06_s0,fp32,30,1,47726971,250000000
nmc_t6plain_us06_s0,fp32,30,2,47726971,250000000
nmc_t6plain_us06_s0,fp32,30,3,47726971,250000000
nmc_t6plain_us06_s0,fp32,30,4,47726971,250000000
nmc_t6plain_us06_s0,fp32,30,5,47726971,250000000
nmc_t6plain_us06_s0,fp32,30,6,47726971,250000000
nmc_t6plain_us06_s0,fp32,30,7,47726971,250000000
nmc_t6plain_us06_s0,fp32,30,8,47726971,250000000
nmc_t6plain_us06_s0,fp32,30,9,47726971,250000000
nmc_t6plain_us06_s0,fp32,30,10,47726971,250000000
nmc_t6plain_us06_s0,fp32,30,11,47726971,250000000
nmc_t6plain_us06_s0,fp32,30,12,47726971,250000000
nmc_t6plain_us06_s0,fp32,30,13,47726971,250000000
nmc_t6plain_us06_s0,fp32,30,14,47726971,250000000
nmc_t6plain_us06_s0,fp32,30,15,47726971,250000000
nmc_t6plain_us06_s0,fp32,31,0,47727041,250000000
nmc_t6plain_us06_s0,fp32,31,1,47727018,250000000
nmc_t6plain_us06_s0,fp32,31,2,47727018,250000000
nmc_t6plain_us06_s0,fp32,31,3,47727018,250000000
nmc_t6plain_us06_s0,fp32,31,4,47727018,250000000
nmc_t6plain_us06_s0,fp32,31,5,47727018,250000000
nmc_t6plain_us06_s0,fp32,31,6,47727018,250000000
nmc_t6plain_us06_s0,fp32,31,7,47727018,250000000
nmc_t6plain_us06_s0,fp32,31,8,47727018,250000000
nmc_t6plain_us06_s0,fp32,31,9,47727018,250000000
nmc_t6plain_us06_s0,fp32,31,10,47727018,250000000
nmc_t6plain_us06_s0,fp32,31,11,47727018,250000000
nmc_t6plain_us06_s0,fp32,31,12,47727018,250000000
nmc_t6plain_us06_s0,fp32,31,13,47727018,250000000
nmc_t6plain_us06_s0,fp32,31,14,47727018,250000000
nmc_t6plain_us06_s0,fp32,31,15,47727018,250000000
nmc_t6plain_us06_s0,fp32,32,0,47716397,250000000
nmc_t6plain_us06_s0,fp32,32,1,47716344,250000000
nmc_t6plain_us06_s0,fp32,32,2,47716344,250000000
nmc_t6plain_us06_s0,fp32,32,3,47716344,250000000
nmc_t6plain_us06_s0,fp32,32,4,47716344,250000000
nmc_t6plain_us06_s0,fp32,32,5,47716344,250000000
nmc_t6plain_us06_s0,fp32,32,6,47716344,250000000
nmc_t6plain_us06_s0,fp32,32,7,47716344,250000000
nmc_t6plain_us06_s0,fp32,32,8,47716344,250000000
nmc_t6plain_us06_s0,fp32,32,9,47716344,250000000
nmc_t6plain_us06_s0,fp32,32,10,47716344,250000000
nmc_t6plain_us06_s0,fp32,32,11,47716344,250000000
nmc_t6plain_us06_s0,fp32,32,12,47716344,250000000
nmc_t6plain_us06_s0,fp32,32,13,47716344,250000000
nmc_t6plain_us06_s0,fp32,32,14,47716344,250000000
nmc_t6plain_us06_s0,fp32,32,15,47716344,250000000
nmc_t6plain_us06_s0,fp32,33,0,47714348,250000000
nmc_t6plain_us06_s0,fp32,33,1,47714293,250000000
nmc_t6plain_us06_s0,fp32,33,2,47714293,250000000
nmc_t6plain_us06_s0,fp32,33,3,47714293,250000000
nmc_t6plain_us06_s0,fp32,33,4,47714293,250000000
nmc_t6plain_us06_s0,fp32,33,5,47714293,250000000
nmc_t6plain_us06_s0,fp32,33,6,47714293,250000000
nmc_t6plain_us06_s0,fp32,33,7,47714293,250000000
nmc_t6plain_us06_s0,fp32,33,8,47714293,250000000
nmc_t6plain_us06_s0,fp32,33,9,47714293,250000000
nmc_t6plain_us06_s0,fp32,33,10,47714293,250000000
nmc_t6plain_us06_s0,fp32,33,11,47714293,250000000
nmc_t6plain_us06_s0,fp32,33,12,47714293,250000000
nmc_t6plain_us06_s0,fp32,33,13,47714293,250000000
nmc_t6plain_us06_s0,fp32,33,14,47714293,250000000
nmc_t6plain_us06_s0,fp32,33,15,47714293,250000000
nmc_t6plain_us06_s0,fp32,34,0,47713018,250000000
nmc_t6plain_us06_s0,fp32,34,1,47712965,250000000
nmc_t6plain_us06_s0,fp32,34,2,47712965,250000000
nmc_t6plain_us06_s0,fp32,34,3,47712965,250000000
nmc_t6plain_us06_s0,fp32,34,4,47712965,250000000
nmc_t6plain_us06_s0,fp32,34,5,47712965,250000000
nmc_t6plain_us06_s0,fp32,34,6,47712965,250000000
nmc_t6plain_us06_s0,fp32,34,7,47712965,250000000
nmc_t6plain_us06_s0,fp32,34,8,47712965,250000000
nmc_t6plain_us06_s0,fp32,34,9,47712965,250000000
nmc_t6plain_us06_s0,fp32,34,10,47712965,250000000
nmc_t6plain_us06_s0,fp32,34,11,47712965,250000000
nmc_t6plain_us06_s0,fp32,34,12,47712965,250000000
nmc_t6plain_us06_s0,fp32,34,13,47712965,250000000
nmc_t6plain_us06_s0,fp32,34,14,47712965,250000000
nmc_t6plain_us06_s0,fp32,34,15,47712965,250000000
nmc_t6plain_us06_s0,fp32,35,0,47714574,250000000
nmc_t6plain_us06_s0,fp32,35,1,47714521,250000000
nmc_t6plain_us06_s0,fp32,35,2,47714521,250000000
nmc_t6plain_us06_s0,fp32,35,3,47714521,250000000
nmc_t6plain_us06_s0,fp32,35,4,47714521,250000000
nmc_t6plain_us06_s0,fp32,35,5,47714521,250000000
nmc_t6plain_us06_s0,fp32,35,6,47714521,250000000
nmc_t6plain_us06_s0,fp32,35,7,47714521,250000000
nmc_t6plain_us06_s0,fp32,35,8,47714521,250000000
nmc_t6plain_us06_s0,fp32,35,9,47714521,250000000
nmc_t6plain_us06_s0,fp32,35,10,47714521,250000000
nmc_t6plain_us06_s0,fp32,35,11,47714521,250000000
nmc_t6plain_us06_s0,fp32,35,12,47714521,250000000
nmc_t6plain_us06_s0,fp32,35,13,47714521,250000000
nmc_t6plain_us06_s0,fp32,35,14,47714521,250000000
nmc_t6plain_us06_s0,fp32,35,15,47714521,250000000
nmc_t6plain_us06_s0,fp32,36,0,47702289,250000000
nmc_t6plain_us06_s0,fp32,36,1,47702236,250000000
nmc_t6plain_us06_s0,fp32,36,2,47702236,250000000
nmc_t6plain_us06_s0,fp32,36,3,47702236,250000000
nmc_t6plain_us06_s0,fp32,36,4,47702236,250000000
nmc_t6plain_us06_s0,fp32,36,5,47702236,250000000
nmc_t6plain_us06_s0,fp32,36,6,47702236,250000000
nmc_t6plain_us06_s0,fp32,36,7,47702236,250000000
nmc_t6plain_us06_s0,fp32,36,8,47702236,250000000
nmc_t6plain_us06_s0,fp32,36,9,47702236,250000000
nmc_t6plain_us06_s0,fp32,36,10,47702236,250000000
nmc_t6plain_us06_s0,fp32,36,11,47702236,250000000
nmc_t6plain_us06_s0,fp32,36,12,47702236,250000000
nmc_t6plain_us06_s0,fp32,36,13,47702236,250000000
nmc_t6plain_us06_s0,fp32,36,14,47702236,250000000
nmc_t6plain_us06_s0,fp32,36,15,47702236,250000000
nmc_t6plain_us06_s0,fp32,37,0,47704356,250000000
nmc_t6plain_us06_s0,fp32,37,1,47704301,250000000
nmc_t6plain_us06_s0,fp32,37,2,47704301,250000000
nmc_t6plain_us06_s0,fp32,37,3,47704301,250000000
nmc_t6plain_us06_s0,fp32,37,4,47704301,250000000
nmc_t6plain_us06_s0,fp32,37,5,47704301,250000000
nmc_t6plain_us06_s0,fp32,37,6,47704301,250000000
nmc_t6plain_us06_s0,fp32,37,7,47704301,250000000
nmc_t6plain_us06_s0,fp32,37,8,47704301,250000000
nmc_t6plain_us06_s0,fp32,37,9,47704301,250000000
nmc_t6plain_us06_s0,fp32,37,10,47704301,250000000
nmc_t6plain_us06_s0,fp32,37,11,47704301,250000000
nmc_t6plain_us06_s0,fp32,37,12,47704301,250000000
nmc_t6plain_us06_s0,fp32,37,13,47704301,250000000
nmc_t6plain_us06_s0,fp32,37,14,47704301,250000000
nmc_t6plain_us06_s0,fp32,37,15,47704301,250000000
nmc_t6plain_us06_s0,fp32,38,0,47705173,250000000
nmc_t6plain_us06_s0,fp32,38,1,47705127,250000000
nmc_t6plain_us06_s0,fp32,38,2,47705127,250000000
nmc_t6plain_us06_s0,fp32,38,3,47705127,250000000
nmc_t6plain_us06_s0,fp32,38,4,47705127,250000000
nmc_t6plain_us06_s0,fp32,38,5,47705127,250000000
nmc_t6plain_us06_s0,fp32,38,6,47705127,250000000
nmc_t6plain_us06_s0,fp32,38,7,47705127,250000000
nmc_t6plain_us06_s0,fp32,38,8,47705127,250000000
nmc_t6plain_us06_s0,fp32,38,9,47705127,250000000
nmc_t6plain_us06_s0,fp32,38,10,47705127,250000000
nmc_t6plain_us06_s0,fp32,38,11,47705127,250000000
nmc_t6plain_us06_s0,fp32,38,12,47705127,250000000
nmc_t6plain_us06_s0,fp32,38,13,47705127,250000000
nmc_t6plain_us06_s0,fp32,38,14,47705127,250000000
nmc_t6plain_us06_s0,fp32,38,15,47705127,250000000
nmc_t6plain_us06_s0,fp32,39,0,47696744,250000000
nmc_t6plain_us06_s0,fp32,39,1,47696698,250000000
nmc_t6plain_us06_s0,fp32,39,2,47696698,250000000
nmc_t6plain_us06_s0,fp32,39,3,47696698,250000000
nmc_t6plain_us06_s0,fp32,39,4,47696698,250000000
nmc_t6plain_us06_s0,fp32,39,5,47696698,250000000
nmc_t6plain_us06_s0,fp32,39,6,47696698,250000000
nmc_t6plain_us06_s0,fp32,39,7,47696698,250000000
nmc_t6plain_us06_s0,fp32,39,8,47696698,250000000
nmc_t6plain_us06_s0,fp32,39,9,47696698,250000000
nmc_t6plain_us06_s0,fp32,39,10,47696698,250000000
nmc_t6plain_us06_s0,fp32,39,11,47696698,250000000
nmc_t6plain_us06_s0,fp32,39,12,47696698,250000000
nmc_t6plain_us06_s0,fp32,39,13,47696698,250000000
nmc_t6plain_us06_s0,fp32,39,14,47696698,250000000
nmc_t6plain_us06_s0,fp32,39,15,47696698,250000000
nmc_t6plain_us06_s0,fp32,40,0,47672714,250000000
nmc_t6plain_us06_s0,fp32,40,1,47672668,250000000
nmc_t6plain_us06_s0,fp32,40,2,47672668,250000000
nmc_t6plain_us06_s0,fp32,40,3,47672668,250000000
nmc_t6plain_us06_s0,fp32,40,4,47672668,250000000
nmc_t6plain_us06_s0,fp32,40,5,47672668,250000000
nmc_t6plain_us06_s0,fp32,40,6,47672668,250000000
nmc_t6plain_us06_s0,fp32,40,7,47672668,250000000
nmc_t6plain_us06_s0,fp32,40,8,47672668,250000000
nmc_t6plain_us06_s0,fp32,40,9,47672668,250000000
nmc_t6plain_us06_s0,fp32,40,10,47672668,250000000
nmc_t6plain_us06_s0,fp32,40,11,47672668,250000000
nmc_t6plain_us06_s0,fp32,40,12,47672668,250000000
nmc_t6plain_us06_s0,fp32,40,13,47672668,250000000
nmc_t6plain_us06_s0,fp32,40,14,47672668,250000000
nmc_t6plain_us06_s0,fp32,40,15,47672668,250000000
nmc_t6plain_us06_s0,fp32,41,0,47670407,250000000
nmc_t6plain_us06_s0,fp32,41,1,47670361,250000000
nmc_t6plain_us06_s0,fp32,41,2,47670361,250000000
nmc_t6plain_us06_s0,fp32,41,3,47670361,250000000
nmc_t6plain_us06_s0,fp32,41,4,47670361,250000000
nmc_t6plain_us06_s0,fp32,41,5,47670361,250000000
nmc_t6plain_us06_s0,fp32,41,6,47670361,250000000
nmc_t6plain_us06_s0,fp32,41,7,47670361,250000000
nmc_t6plain_us06_s0,fp32,41,8,47670361,250000000
nmc_t6plain_us06_s0,fp32,41,9,47670361,250000000
nmc_t6plain_us06_s0,fp32,41,10,47670361,250000000
nmc_t6plain_us06_s0,fp32,41,11,47670361,250000000
nmc_t6plain_us06_s0,fp32,41,12,47670361,250000000
nmc_t6plain_us06_s0,fp32,41,13,47670361,250000000
nmc_t6plain_us06_s0,fp32,41,14,47670361,250000000
nmc_t6plain_us06_s0,fp32,41,15,47670361,250000000
nmc_t6plain_us06_s0,fp32,42,0,47581336,250000000
nmc_t6plain_us06_s0,fp32,42,1,47581290,250000000
nmc_t6plain_us06_s0,fp32,42,2,47581290,250000000
nmc_t6plain_us06_s0,fp32,42,3,47581290,250000000
nmc_t6plain_us06_s0,fp32,42,4,47581290,250000000
nmc_t6plain_us06_s0,fp32,42,5,47581290,250000000
nmc_t6plain_us06_s0,fp32,42,6,47581290,250000000
nmc_t6plain_us06_s0,fp32,42,7,47581290,250000000
nmc_t6plain_us06_s0,fp32,42,8,47581290,250000000
nmc_t6plain_us06_s0,fp32,42,9,47581290,250000000
nmc_t6plain_us06_s0,fp32,42,10,47581290,250000000
nmc_t6plain_us06_s0,fp32,42,11,47581290,250000000
nmc_t6plain_us06_s0,fp32,42,12,47581290,250000000
nmc_t6plain_us06_s0,fp32,42,13,47581290,250000000
nmc_t6plain_us06_s0,fp32,42,14,47581290,250000000
nmc_t6plain_us06_s0,fp32,42,15,47581290,250000000
nmc_t6plain_us06_s0,fp32,43,0,47567988,250000000
nmc_t6plain_us06_s0,fp32,43,1,47567940,250000000
nmc_t6plain_us06_s0,fp32,43,2,47567940,250000000
nmc_t6plain_us06_s0,fp32,43,3,47567940,250000000
nmc_t6plain_us06_s0,fp32,43,4,47567940,250000000
nmc_t6plain_us06_s0,fp32,43,5,47567940,250000000
nmc_t6plain_us06_s0,fp32,43,6,47567940,250000000
nmc_t6plain_us06_s0,fp32,43,7,47567940,250000000
nmc_t6plain_us06_s0,fp32,43,8,47567940,250000000
nmc_t6plain_us06_s0,fp32,43,9,47567940,250000000
nmc_t6plain_us06_s0,fp32,43,10,47567940,250000000
nmc_t6plain_us06_s0,fp32,43,11,47567940,250000000
nmc_t6plain_us06_s0,fp32,43,12,47567940,250000000
nmc_t6plain_us06_s0,fp32,43,13,47567940,250000000
nmc_t6plain_us06_s0,fp32,43,14,47567940,250000000
nmc_t6plain_us06_s0,fp32,43,15,47567940,250000000
nmc_t6plain_us06_s0,fp32,44,0,47592792,250000000
nmc_t6plain_us06_s0,fp32,44,1,47592744,250000000
nmc_t6plain_us06_s0,fp32,44,2,47592744,250000000
nmc_t6plain_us06_s0,fp32,44,3,47592744,250000000
nmc_t6plain_us06_s0,fp32,44,4,47592744,250000000
nmc_t6plain_us06_s0,fp32,44,5,47592744,250000000
nmc_t6plain_us06_s0,fp32,44,6,47592744,250000000
nmc_t6plain_us06_s0,fp32,44,7,47592744,250000000
nmc_t6plain_us06_s0,fp32,44,8,47592744,250000000
nmc_t6plain_us06_s0,fp32,44,9,47592744,250000000
nmc_t6plain_us06_s0,fp32,44,10,47592744,250000000
nmc_t6plain_us06_s0,fp32,44,11,47592744,250000000
nmc_t6plain_us06_s0,fp32,44,12,47592744,250000000
nmc_t6plain_us06_s0,fp32,44,13,47592744,250000000
nmc_t6plain_us06_s0,fp32,44,14,47592744,250000000
nmc_t6plain_us06_s0,fp32,44,15,47592744,250000000
nmc_t6plain_us06_s0,fp32,45,0,47606075,250000000
nmc_t6plain_us06_s0,fp32,45,1,47606029,250000000
nmc_t6plain_us06_s0,fp32,45,2,47606029,250000000
nmc_t6plain_us06_s0,fp32,45,3,47606029,250000000
nmc_t6plain_us06_s0,fp32,45,4,47606029,250000000
nmc_t6plain_us06_s0,fp32,45,5,47606029,250000000
nmc_t6plain_us06_s0,fp32,45,6,47606029,250000000
nmc_t6plain_us06_s0,fp32,45,7,47606029,250000000
nmc_t6plain_us06_s0,fp32,45,8,47606029,250000000
nmc_t6plain_us06_s0,fp32,45,9,47606029,250000000
nmc_t6plain_us06_s0,fp32,45,10,47606029,250000000
nmc_t6plain_us06_s0,fp32,45,11,47606029,250000000
nmc_t6plain_us06_s0,fp32,45,12,47606029,250000000
nmc_t6plain_us06_s0,fp32,45,13,47606029,250000000
nmc_t6plain_us06_s0,fp32,45,14,47606029,250000000
nmc_t6plain_us06_s0,fp32,45,15,47606029,250000000
nmc_t6plain_us06_s0,fp32,46,0,47626138,250000000
nmc_t6plain_us06_s0,fp32,46,1,47626085,250000000
nmc_t6plain_us06_s0,fp32,46,2,47626085,250000000
nmc_t6plain_us06_s0,fp32,46,3,47626085,250000000
nmc_t6plain_us06_s0,fp32,46,4,47626085,250000000
nmc_t6plain_us06_s0,fp32,46,5,47626085,250000000
nmc_t6plain_us06_s0,fp32,46,6,47626085,250000000
nmc_t6plain_us06_s0,fp32,46,7,47626085,250000000
nmc_t6plain_us06_s0,fp32,46,8,47626085,250000000
nmc_t6plain_us06_s0,fp32,46,9,47626085,250000000
nmc_t6plain_us06_s0,fp32,46,10,47626085,250000000
nmc_t6plain_us06_s0,fp32,46,11,47626085,250000000
nmc_t6plain_us06_s0,fp32,46,12,47626085,250000000
nmc_t6plain_us06_s0,fp32,46,13,47626085,250000000
nmc_t6plain_us06_s0,fp32,46,14,47626085,250000000
nmc_t6plain_us06_s0,fp32,46,15,47626085,250000000
nmc_t6plain_us06_s0,fp32,47,0,47647976,250000000
nmc_t6plain_us06_s0,fp32,47,1,47647923,250000000
nmc_t6plain_us06_s0,fp32,47,2,47647923,250000000
nmc_t6plain_us06_s0,fp32,47,3,47647923,250000000
nmc_t6plain_us06_s0,fp32,47,4,47647923,250000000
nmc_t6plain_us06_s0,fp32,47,5,47647923,250000000
nmc_t6plain_us06_s0,fp32,47,6,47647923,250000000
nmc_t6plain_us06_s0,fp32,47,7,47647923,250000000
nmc_t6plain_us06_s0,fp32,47,8,47647923,250000000
nmc_t6plain_us06_s0,fp32,47,9,47647923,250000000
nmc_t6plain_us06_s0,fp32,47,10,47647923,250000000
nmc_t6plain_us06_s0,fp32,47,11,47647923,250000000
nmc_t6plain_us06_s0,fp32,47,12,47647923,250000000
nmc_t6plain_us06_s0,fp32,47,13,47647923,250000000
nmc_t6plain_us06_s0,fp32,47,14,47647923,250000000
nmc_t6plain_us06_s0,fp32,47,15,47647923,250000000
nmc_t6plain_us06_s0,fp32,48,0,47662917,250000000
nmc_t6plain_us06_s0,fp32,48,1,47662864,250000000
nmc_t6plain_us06_s0,fp32,48,2,47662864,250000000
nmc_t6plain_us06_s0,fp32,48,3,47662864,250000000
nmc_t6plain_us06_s0,fp32,48,4,47662864,250000000
nmc_t6plain_us06_s0,fp32,48,5,47662864,250000000
nmc_t6plain_us06_s0,fp32,48,6,47662864,250000000
nmc_t6plain_us06_s0,fp32,48,7,47662864,250000000
nmc_t6plain_us06_s0,fp32,48,8,47662864,250000000
nmc_t6plain_us06_s0,fp32,48,9,47662864,250000000
nmc_t6plain_us06_s0,fp32,48,10,47662864,250000000
nmc_t6plain_us06_s0,fp32,48,11,47662864,250000000
nmc_t6plain_us06_s0,fp32,48,12,47662864,250000000
nmc_t6plain_us06_s0,fp32,48,13,47662864,250000000
nmc_t6plain_us06_s0,fp32,48,14,47662864,250000000
nmc_t6plain_us06_s0,fp32,48,15,47662864,250000000
nmc_t6plain_us06_s0,fp32,49,0,47674980,250000000
nmc_t6plain_us06_s0,fp32,49,1,47674927,250000000
nmc_t6plain_us06_s0,fp32,49,2,47674927,250000000
nmc_t6plain_us06_s0,fp32,49,3,47674927,250000000
nmc_t6plain_us06_s0,fp32,49,4,47674927,250000000
nmc_t6plain_us06_s0,fp32,49,5,47674927,250000000
nmc_t6plain_us06_s0,fp32,49,6,47674927,250000000
nmc_t6plain_us06_s0,fp32,49,7,47674927,250000000
nmc_t6plain_us06_s0,fp32,49,8,47674927,250000000
nmc_t6plain_us06_s0,fp32,49,9,47674927,250000000
nmc_t6plain_us06_s0,fp32,49,10,47674927,250000000
nmc_t6plain_us06_s0,fp32,49,11,47674927,250000000
nmc_t6plain_us06_s0,fp32,49,12,47674927,250000000
nmc_t6plain_us06_s0,fp32,49,13,47674927,250000000
nmc_t6plain_us06_s0,fp32,49,14,47674927,250000000
nmc_t6plain_us06_s0,fp32,49,15,47674927,250000000
nmc_t6plain_us06_s0,fp32,50,0,47678507,250000000
nmc_t6plain_us06_s0,fp32,50,1,47678454,250000000
nmc_t6plain_us06_s0,fp32,50,2,47678454,250000000
nmc_t6plain_us06_s0,fp32,50,3,47678454,250000000
nmc_t6plain_us06_s0,fp32,50,4,47678454,250000000
nmc_t6plain_us06_s0,fp32,50,5,47678454,250000000
nmc_t6plain_us06_s0,fp32,50,6,47678454,250000000
nmc_t6plain_us06_s0,fp32,50,7,47678454,250000000
nmc_t6plain_us06_s0,fp32,50,8,47678454,250000000
nmc_t6plain_us06_s0,fp32,50,9,47678454,250000000
nmc_t6plain_us06_s0,fp32,50,10,47678454,250000000
nmc_t6plain_us06_s0,fp32,50,11,47678454,250000000
nmc_t6plain_us06_s0,fp32,50,12,47678454,250000000
nmc_t6plain_us06_s0,fp32,50,13,47678454,250000000
nmc_t6plain_us06_s0,fp32,50,14,47678454,250000000
nmc_t6plain_us06_s0,fp32,50,15,47678454,250000000
nmc_t6plain_us06_s0,fp32,51,0,47692943,250000000
nmc_t6plain_us06_s0,fp32,51,1,47692918,250000000
nmc_t6plain_us06_s0,fp32,51,2,47692918,250000000
nmc_t6plain_us06_s0,fp32,51,3,47692918,250000000
nmc_t6plain_us06_s0,fp32,51,4,47692918,250000000
nmc_t6plain_us06_s0,fp32,51,5,47692918,250000000
nmc_t6plain_us06_s0,fp32,51,6,47692918,250000000
nmc_t6plain_us06_s0,fp32,51,7,47692918,250000000
nmc_t6plain_us06_s0,fp32,51,8,47692918,250000000
nmc_t6plain_us06_s0,fp32,51,9,47692918,250000000
nmc_t6plain_us06_s0,fp32,51,10,47692918,250000000
nmc_t6plain_us06_s0,fp32,51,11,47692918,250000000
nmc_t6plain_us06_s0,fp32,51,12,47692918,250000000
nmc_t6plain_us06_s0,fp32,51,13,47692918,250000000
nmc_t6plain_us06_s0,fp32,51,14,47692918,250000000
nmc_t6plain_us06_s0,fp32,51,15,47692918,250000000
nmc_t6plain_us06_s0,fp32,52,0,47689036,250000000
nmc_t6plain_us06_s0,fp32,52,1,47689011,250000000
nmc_t6plain_us06_s0,fp32,52,2,47689011,250000000
nmc_t6plain_us06_s0,fp32,52,3,47689011,250000000
nmc_t6plain_us06_s0,fp32,52,4,47689011,250000000
nmc_t6plain_us06_s0,fp32,52,5,47689011,250000000
nmc_t6plain_us06_s0,fp32,52,6,47689011,250000000
nmc_t6plain_us06_s0,fp32,52,7,47689011,250000000
nmc_t6plain_us06_s0,fp32,52,8,47689011,250000000
nmc_t6plain_us06_s0,fp32,52,9,47689011,250000000
nmc_t6plain_us06_s0,fp32,52,10,47689011,250000000
nmc_t6plain_us06_s0,fp32,52,11,47689011,250000000
nmc_t6plain_us06_s0,fp32,52,12,47689011,250000000
nmc_t6plain_us06_s0,fp32,52,13,47689011,250000000
nmc_t6plain_us06_s0,fp32,52,14,47689011,250000000
nmc_t6plain_us06_s0,fp32,52,15,47689011,250000000
nmc_t6plain_us06_s0,fp32,53,0,47678819,250000000
nmc_t6plain_us06_s0,fp32,53,1,47678766,250000000
nmc_t6plain_us06_s0,fp32,53,2,47678766,250000000
nmc_t6plain_us06_s0,fp32,53,3,47678766,250000000
nmc_t6plain_us06_s0,fp32,53,4,47678766,250000000
nmc_t6plain_us06_s0,fp32,53,5,47678766,250000000
nmc_t6plain_us06_s0,fp32,53,6,47678766,250000000
nmc_t6plain_us06_s0,fp32,53,7,47678766,250000000
nmc_t6plain_us06_s0,fp32,53,8,47678766,250000000
nmc_t6plain_us06_s0,fp32,53,9,47678766,250000000
nmc_t6plain_us06_s0,fp32,53,10,47678766,250000000
nmc_t6plain_us06_s0,fp32,53,11,47678766,250000000
nmc_t6plain_us06_s0,fp32,53,12,47678766,250000000
nmc_t6plain_us06_s0,fp32,53,13,47678766,250000000
nmc_t6plain_us06_s0,fp32,53,14,47678766,250000000
nmc_t6plain_us06_s0,fp32,53,15,47678766,250000000
nmc_t6plain_us06_s0,fp32,54,0,47679697,250000000
nmc_t6plain_us06_s0,fp32,54,1,47679642,250000000
nmc_t6plain_us06_s0,fp32,54,2,47679642,250000000
nmc_t6plain_us06_s0,fp32,54,3,47679642,250000000
nmc_t6plain_us06_s0,fp32,54,4,47679642,250000000
nmc_t6plain_us06_s0,fp32,54,5,47679642,250000000
nmc_t6plain_us06_s0,fp32,54,6,47679642,250000000
nmc_t6plain_us06_s0,fp32,54,7,47679642,250000000
nmc_t6plain_us06_s0,fp32,54,8,47679642,250000000
nmc_t6plain_us06_s0,fp32,54,9,47679642,250000000
nmc_t6plain_us06_s0,fp32,54,10,47679642,250000000
nmc_t6plain_us06_s0,fp32,54,11,47679642,250000000
nmc_t6plain_us06_s0,fp32,54,12,47679642,250000000
nmc_t6plain_us06_s0,fp32,54,13,47679642,250000000
nmc_t6plain_us06_s0,fp32,54,14,47679642,250000000
nmc_t6plain_us06_s0,fp32,54,15,47679642,250000000
nmc_t6plain_us06_s0,fp32,55,0,47671177,250000000
nmc_t6plain_us06_s0,fp32,55,1,47671122,250000000
nmc_t6plain_us06_s0,fp32,55,2,47671122,250000000
nmc_t6plain_us06_s0,fp32,55,3,47671122,250000000
nmc_t6plain_us06_s0,fp32,55,4,47671122,250000000
nmc_t6plain_us06_s0,fp32,55,5,47671122,250000000
nmc_t6plain_us06_s0,fp32,55,6,47671122,250000000
nmc_t6plain_us06_s0,fp32,55,7,47671122,250000000
nmc_t6plain_us06_s0,fp32,55,8,47671122,250000000
nmc_t6plain_us06_s0,fp32,55,9,47671122,250000000
nmc_t6plain_us06_s0,fp32,55,10,47671122,250000000
nmc_t6plain_us06_s0,fp32,55,11,47671122,250000000
nmc_t6plain_us06_s0,fp32,55,12,47671122,250000000
nmc_t6plain_us06_s0,fp32,55,13,47671122,250000000
nmc_t6plain_us06_s0,fp32,55,14,47671122,250000000
nmc_t6plain_us06_s0,fp32,55,15,47671122,250000000
nmc_t6plain_us06_s0,fp32,56,0,47674102,250000000
nmc_t6plain_us06_s0,fp32,56,1,47674047,250000000
nmc_t6plain_us06_s0,fp32,56,2,47674047,250000000
nmc_t6plain_us06_s0,fp32,56,3,47674047,250000000
nmc_t6plain_us06_s0,fp32,56,4,47674047,250000000
nmc_t6plain_us06_s0,fp32,56,5,47674047,250000000
nmc_t6plain_us06_s0,fp32,56,6,47674047,250000000
nmc_t6plain_us06_s0,fp32,56,7,47674047,250000000
nmc_t6plain_us06_s0,fp32,56,8,47674047,250000000
nmc_t6plain_us06_s0,fp32,56,9,47674047,250000000
nmc_t6plain_us06_s0,fp32,56,10,47674047,250000000
nmc_t6plain_us06_s0,fp32,56,11,47674047,250000000
nmc_t6plain_us06_s0,fp32,56,12,47674047,250000000
nmc_t6plain_us06_s0,fp32,56,13,47674047,250000000
nmc_t6plain_us06_s0,fp32,56,14,47674047,250000000
nmc_t6plain_us06_s0,fp32,56,15,47674047,250000000
nmc_t6plain_us06_s0,fp32,57,0,47683124,250000000
nmc_t6plain_us06_s0,fp32,57,1,47683071,250000000
nmc_t6plain_us06_s0,fp32,57,2,47683071,250000000
nmc_t6plain_us06_s0,fp32,57,3,47683071,250000000
nmc_t6plain_us06_s0,fp32,57,4,47683071,250000000
nmc_t6plain_us06_s0,fp32,57,5,47683071,250000000
nmc_t6plain_us06_s0,fp32,57,6,47683071,250000000
nmc_t6plain_us06_s0,fp32,57,7,47683071,250000000
nmc_t6plain_us06_s0,fp32,57,8,47683071,250000000
nmc_t6plain_us06_s0,fp32,57,9,47683071,250000000
nmc_t6plain_us06_s0,fp32,57,10,47683071,250000000
nmc_t6plain_us06_s0,fp32,57,11,47683071,250000000
nmc_t6plain_us06_s0,fp32,57,12,47683071,250000000
nmc_t6plain_us06_s0,fp32,57,13,47683071,250000000
nmc_t6plain_us06_s0,fp32,57,14,47683071,250000000
nmc_t6plain_us06_s0,fp32,57,15,47683071,250000000
nmc_t6plain_us06_s0,fp32,58,0,47689734,250000000
nmc_t6plain_us06_s0,fp32,58,1,47689686,250000000
nmc_t6plain_us06_s0,fp32,58,2,47689686,250000000
nmc_t6plain_us06_s0,fp32,58,3,47689686,250000000
nmc_t6plain_us06_s0,fp32,58,4,47689686,250000000
nmc_t6plain_us06_s0,fp32,58,5,47689686,250000000
nmc_t6plain_us06_s0,fp32,58,6,47689686,250000000
nmc_t6plain_us06_s0,fp32,58,7,47689686,250000000
nmc_t6plain_us06_s0,fp32,58,8,47689686,250000000
nmc_t6plain_us06_s0,fp32,58,9,47689686,250000000
nmc_t6plain_us06_s0,fp32,58,10,47689686,250000000
nmc_t6plain_us06_s0,fp32,58,11,47689686,250000000
nmc_t6plain_us06_s0,fp32,58,12,47689686,250000000
nmc_t6plain_us06_s0,fp32,58,13,47689686,250000000
nmc_t6plain_us06_s0,fp32,58,14,47689686,250000000
nmc_t6plain_us06_s0,fp32,58,15,47689686,250000000
nmc_t6plain_us06_s0,fp32,59,0,47685985,250000000
nmc_t6plain_us06_s0,fp32,59,1,47685937,250000000
nmc_t6plain_us06_s0,fp32,59,2,47685937,250000000
nmc_t6plain_us06_s0,fp32,59,3,47685937,250000000
nmc_t6plain_us06_s0,fp32,59,4,47685937,250000000
nmc_t6plain_us06_s0,fp32,59,5,47685937,250000000
nmc_t6plain_us06_s0,fp32,59,6,47685937,250000000
nmc_t6plain_us06_s0,fp32,59,7,47685937,250000000
nmc_t6plain_us06_s0,fp32,59,8,47685937,250000000
nmc_t6plain_us06_s0,fp32,59,9,47685937,250000000
nmc_t6plain_us06_s0,fp32,59,10,47685937,250000000
nmc_t6plain_us06_s0,fp32,59,11,47685937,250000000
nmc_t6plain_us06_s0,fp32,59,12,47685937,250000000
nmc_t6plain_us06_s0,fp32,59,13,47685937,250000000
nmc_t6plain_us06_s0,fp32,59,14,47685937,250000000
nmc_t6plain_us06_s0,fp32,59,15,47685937,250000000
nmc_t6plain_us06_s0,fp32,60,0,47672118,250000000
nmc_t6plain_us06_s0,fp32,60,1,47672070,250000000
nmc_t6plain_us06_s0,fp32,60,2,47672070,250000000
nmc_t6plain_us06_s0,fp32,60,3,47672070,250000000
nmc_t6plain_us06_s0,fp32,60,4,47672070,250000000
nmc_t6plain_us06_s0,fp32,60,5,47672070,250000000
nmc_t6plain_us06_s0,fp32,60,6,47672070,250000000
nmc_t6plain_us06_s0,fp32,60,7,47672070,250000000
nmc_t6plain_us06_s0,fp32,60,8,47672070,250000000
nmc_t6plain_us06_s0,fp32,60,9,47672070,250000000
nmc_t6plain_us06_s0,fp32,60,10,47672070,250000000
nmc_t6plain_us06_s0,fp32,60,11,47672070,250000000
nmc_t6plain_us06_s0,fp32,60,12,47672070,250000000
nmc_t6plain_us06_s0,fp32,60,13,47672070,250000000
nmc_t6plain_us06_s0,fp32,60,14,47672070,250000000
nmc_t6plain_us06_s0,fp32,60,15,47672070,250000000
nmc_t6plain_us06_s0,fp32,61,0,47660357,250000000
nmc_t6plain_us06_s0,fp32,61,1,47660309,250000000
nmc_t6plain_us06_s0,fp32,61,2,47660309,250000000
nmc_t6plain_us06_s0,fp32,61,3,47660309,250000000
nmc_t6plain_us06_s0,fp32,61,4,47660309,250000000
nmc_t6plain_us06_s0,fp32,61,5,47660309,250000000
nmc_t6plain_us06_s0,fp32,61,6,47660309,250000000
nmc_t6plain_us06_s0,fp32,61,7,47660309,250000000
nmc_t6plain_us06_s0,fp32,61,8,47660309,250000000
nmc_t6plain_us06_s0,fp32,61,9,47660309,250000000
nmc_t6plain_us06_s0,fp32,61,10,47660309,250000000
nmc_t6plain_us06_s0,fp32,61,11,47660309,250000000
nmc_t6plain_us06_s0,fp32,61,12,47660309,250000000
nmc_t6plain_us06_s0,fp32,61,13,47660309,250000000
nmc_t6plain_us06_s0,fp32,61,14,47660309,250000000
nmc_t6plain_us06_s0,fp32,61,15,47660309,250000000
nmc_t6plain_us06_s0,fp32,62,0,47634145,250000000
nmc_t6plain_us06_s0,fp32,62,1,47634099,250000000
nmc_t6plain_us06_s0,fp32,62,2,47634099,250000000
nmc_t6plain_us06_s0,fp32,62,3,47634099,250000000
nmc_t6plain_us06_s0,fp32,62,4,47634099,250000000
nmc_t6plain_us06_s0,fp32,62,5,47634099,250000000
nmc_t6plain_us06_s0,fp32,62,6,47634099,250000000
nmc_t6plain_us06_s0,fp32,62,7,47634099,250000000
nmc_t6plain_us06_s0,fp32,62,8,47634099,250000000
nmc_t6plain_us06_s0,fp32,62,9,47634099,250000000
nmc_t6plain_us06_s0,fp32,62,10,47634099,250000000
nmc_t6plain_us06_s0,fp32,62,11,47634099,250000000
nmc_t6plain_us06_s0,fp32,62,12,47634099,250000000
nmc_t6plain_us06_s0,fp32,62,13,47634099,250000000
nmc_t6plain_us06_s0,fp32,62,14,47634099,250000000
nmc_t6plain_us06_s0,fp32,62,15,47634099,250000000
nmc_t6plain_us06_s0,fp32,63,0,47469288,250000000
nmc_t6plain_us06_s0,fp32,63,1,47469242,250000000
nmc_t6plain_us06_s0,fp32,63,2,47469242,250000000
nmc_t6plain_us06_s0,fp32,63,3,47469242,250000000
nmc_t6plain_us06_s0,fp32,63,4,47469242,250000000
nmc_t6plain_us06_s0,fp32,63,5,47469242,250000000
nmc_t6plain_us06_s0,fp32,63,6,47469242,250000000
nmc_t6plain_us06_s0,fp32,63,7,47469242,250000000
nmc_t6plain_us06_s0,fp32,63,8,47469242,250000000
nmc_t6plain_us06_s0,fp32,63,9,47469242,250000000
nmc_t6plain_us06_s0,fp32,63,10,47469242,250000000
nmc_t6plain_us06_s0,fp32,63,11,47469242,250000000
nmc_t6plain_us06_s0,fp32,63,12,47469242,250000000
nmc_t6plain_us06_s0,fp32,63,13,47469242,250000000
nmc_t6plain_us06_s0,fp32,63,14,47469242,250000000
nmc_t6plain_us06_s0,fp32,63,15,47469242,250000000
nmc_t6plain_us06_s1,fp32,0,0,47617407,250000000
nmc_t6plain_us06_s1,fp32,0,1,47617407,250000000
nmc_t6plain_us06_s1,fp32,0,2,47617407,250000000
nmc_t6plain_us06_s1,fp32,0,3,47617407,250000000
nmc_t6plain_us06_s1,fp32,0,4,47617407,250000000
nmc_t6plain_us06_s1,fp32,0,5,47617407,250000000
nmc_t6plain_us06_s1,fp32,0,6,47617407,250000000
nmc_t6plain_us06_s1,fp32,0,7,47617407,250000000
nmc_t6plain_us06_s1,fp32,0,8,47617407,250000000
nmc_t6plain_us06_s1,fp32,0,9,47617407,250000000
nmc_t6plain_us06_s1,fp32,0,10,47617407,250000000
nmc_t6plain_us06_s1,fp32,0,11,47617407,250000000
nmc_t6plain_us06_s1,fp32,0,12,47617407,250000000
nmc_t6plain_us06_s1,fp32,0,13,47617407,250000000
nmc_t6plain_us06_s1,fp32,0,14,47617407,250000000
nmc_t6plain_us06_s1,fp32,0,15,47617407,250000000
nmc_t6plain_us06_s1,fp32,1,0,47603277,250000000
nmc_t6plain_us06_s1,fp32,1,1,47603229,250000000
nmc_t6plain_us06_s1,fp32,1,2,47603229,250000000
nmc_t6plain_us06_s1,fp32,1,3,47603229,250000000
nmc_t6plain_us06_s1,fp32,1,4,47603229,250000000
nmc_t6plain_us06_s1,fp32,1,5,47603229,250000000
nmc_t6plain_us06_s1,fp32,1,6,47603229,250000000
nmc_t6plain_us06_s1,fp32,1,7,47603229,250000000
nmc_t6plain_us06_s1,fp32,1,8,47603229,250000000
nmc_t6plain_us06_s1,fp32,1,9,47603229,250000000
nmc_t6plain_us06_s1,fp32,1,10,47603229,250000000
nmc_t6plain_us06_s1,fp32,1,11,47603229,250000000
nmc_t6plain_us06_s1,fp32,1,12,47603229,250000000
nmc_t6plain_us06_s1,fp32,1,13,47603229,250000000
nmc_t6plain_us06_s1,fp32,1,14,47603229,250000000
nmc_t6plain_us06_s1,fp32,1,15,47603229,250000000
nmc_t6plain_us06_s1,fp32,2,0,47631691,250000000
nmc_t6plain_us06_s1,fp32,2,1,47631645,250000000
nmc_t6plain_us06_s1,fp32,2,2,47631645,250000000
nmc_t6plain_us06_s1,fp32,2,3,47631645,250000000
nmc_t6plain_us06_s1,fp32,2,4,47631645,250000000
nmc_t6plain_us06_s1,fp32,2,5,47631645,250000000
nmc_t6plain_us06_s1,fp32,2,6,47631645,250000000
nmc_t6plain_us06_s1,fp32,2,7,47631645,250000000
nmc_t6plain_us06_s1,fp32,2,8,47631645,250000000
nmc_t6plain_us06_s1,fp32,2,9,47631645,250000000
nmc_t6plain_us06_s1,fp32,2,10,47631645,250000000
nmc_t6plain_us06_s1,fp32,2,11,47631645,250000000
nmc_t6plain_us06_s1,fp32,2,12,47631645,250000000
nmc_t6plain_us06_s1,fp32,2,13,47631645,250000000
nmc_t6plain_us06_s1,fp32,2,14,47631645,250000000
nmc_t6plain_us06_s1,fp32,2,15,47631645,250000000
nmc_t6plain_us06_s1,fp32,3,0,47649314,250000000
nmc_t6plain_us06_s1,fp32,3,1,47649268,250000000
nmc_t6plain_us06_s1,fp32,3,2,47649268,250000000
nmc_t6plain_us06_s1,fp32,3,3,47649268,250000000
nmc_t6plain_us06_s1,fp32,3,4,47649268,250000000
nmc_t6plain_us06_s1,fp32,3,5,47649268,250000000
nmc_t6plain_us06_s1,fp32,3,6,47649268,250000000
nmc_t6plain_us06_s1,fp32,3,7,47649268,250000000
nmc_t6plain_us06_s1,fp32,3,8,47649268,250000000
nmc_t6plain_us06_s1,fp32,3,9,47649268,250000000
nmc_t6plain_us06_s1,fp32,3,10,47649268,250000000
nmc_t6plain_us06_s1,fp32,3,11,47649268,250000000
nmc_t6plain_us06_s1,fp32,3,12,47649268,250000000
nmc_t6plain_us06_s1,fp32,3,13,47649268,250000000
nmc_t6plain_us06_s1,fp32,3,14,47649268,250000000
nmc_t6plain_us06_s1,fp32,3,15,47649268,250000000
nmc_t6plain_us06_s1,fp32,4,0,47668378,250000000
nmc_t6plain_us06_s1,fp32,4,1,47668323,250000000
nmc_t6plain_us06_s1,fp32,4,2,47668323,250000000
nmc_t6plain_us06_s1,fp32,4,3,47668323,250000000
nmc_t6plain_us06_s1,fp32,4,4,47668323,250000000
nmc_t6plain_us06_s1,fp32,4,5,47668323,250000000
nmc_t6plain_us06_s1,fp32,4,6,47668323,250000000
nmc_t6plain_us06_s1,fp32,4,7,47668323,250000000
nmc_t6plain_us06_s1,fp32,4,8,47668323,250000000
nmc_t6plain_us06_s1,fp32,4,9,47668323,250000000
nmc_t6plain_us06_s1,fp32,4,10,47668323,250000000
nmc_t6plain_us06_s1,fp32,4,11,47668323,250000000
nmc_t6plain_us06_s1,fp32,4,12,47668323,250000000
nmc_t6plain_us06_s1,fp32,4,13,47668323,250000000
nmc_t6plain_us06_s1,fp32,4,14,47668323,250000000
nmc_t6plain_us06_s1,fp32,4,15,47668323,250000000
nmc_t6plain_us06_s1,fp32,5,0,47662665,250000000
nmc_t6plain_us06_s1,fp32,5,1,47662612,250000000
nmc_t6plain_us06_s1,fp32,5,2,47662612,250000000
nmc_t6plain_us06_s1,fp32,5,3,47662612,250000000
nmc_t6plain_us06_s1,fp32,5,4,47662612,250000000
nmc_t6plain_us06_s1,fp32,5,5,47662612,250000000
nmc_t6plain_us06_s1,fp32,5,6,47662612,250000000
nmc_t6plain_us06_s1,fp32,5,7,47662612,250000000
nmc_t6plain_us06_s1,fp32,5,8,47662612,250000000
nmc_t6plain_us06_s1,fp32,5,9,47662612,250000000
nmc_t6plain_us06_s1,fp32,5,10,47662612,250000000
nmc_t6plain_us06_s1,fp32,5,11,47662612,250000000
nmc_t6plain_us06_s1,fp32,5,12,47662612,250000000
nmc_t6plain_us06_s1,fp32,5,13,47662612,250000000
nmc_t6plain_us06_s1,fp32,5,14,47662612,250000000
nmc_t6plain_us06_s1,fp32,5,15,47662612,250000000
nmc_t6plain_us06_s1,fp32,6,0,47683360,250000000
nmc_t6plain_us06_s1,fp32,6,1,47683307,250000000
nmc_t6plain_us06_s1,fp32,6,2,47683307,250000000
nmc_t6plain_us06_s1,fp32,6,3,47683307,250000000
nmc_t6plain_us06_s1,fp32,6,4,47683307,250000000
nmc_t6plain_us06_s1,fp32,6,5,47683307,250000000
nmc_t6plain_us06_s1,fp32,6,6,47683307,250000000
nmc_t6plain_us06_s1,fp32,6,7,47683307,250000000
nmc_t6plain_us06_s1,fp32,6,8,47683307,250000000
nmc_t6plain_us06_s1,fp32,6,9,47683307,250000000
nmc_t6plain_us06_s1,fp32,6,10,47683307,250000000
nmc_t6plain_us06_s1,fp32,6,11,47683307,250000000
nmc_t6plain_us06_s1,fp32,6,12,47683307,250000000
nmc_t6plain_us06_s1,fp32,6,13,47683307,250000000
nmc_t6plain_us06_s1,fp32,6,14,47683307,250000000
nmc_t6plain_us06_s1,fp32,6,15,47683307,250000000
nmc_t6plain_us06_s1,fp32,7,0,47708298,250000000
nmc_t6plain_us06_s1,fp32,7,1,47708245,250000000
nmc_t6plain_us06_s1,fp32,7,2,47708245,250000000
nmc_t6plain_us06_s1,fp32,7,3,47708245,250000000
nmc_t6plain_us06_s1,fp32,7,4,47708245,250000000
nmc_t6plain_us06_s1,fp32,7,5,47708245,250000000
nmc_t6plain_us06_s1,fp32,7,6,47708245,250000000
nmc_t6plain_us06_s1,fp32,7,7,47708245,250000000
nmc_t6plain_us06_s1,fp32,7,8,47708245,250000000
nmc_t6plain_us06_s1,fp32,7,9,47708245,250000000
nmc_t6plain_us06_s1,fp32,7,10,47708245,250000000
nmc_t6plain_us06_s1,fp32,7,11,47708245,250000000
nmc_t6plain_us06_s1,fp32,7,12,47708245,250000000
nmc_t6plain_us06_s1,fp32,7,13,47708245,250000000
nmc_t6plain_us06_s1,fp32,7,14,47708245,250000000
nmc_t6plain_us06_s1,fp32,7,15,47708245,250000000
nmc_t6plain_us06_s1,fp32,8,0,47711579,250000000
nmc_t6plain_us06_s1,fp32,8,1,47711556,250000000
nmc_t6plain_us06_s1,fp32,8,2,47711556,250000000
nmc_t6plain_us06_s1,fp32,8,3,47711556,250000000
nmc_t6plain_us06_s1,fp32,8,4,47711556,250000000
nmc_t6plain_us06_s1,fp32,8,5,47711556,250000000
nmc_t6plain_us06_s1,fp32,8,6,47711556,250000000
nmc_t6plain_us06_s1,fp32,8,7,47711556,250000000
nmc_t6plain_us06_s1,fp32,8,8,47711556,250000000
nmc_t6plain_us06_s1,fp32,8,9,47711556,250000000
nmc_t6plain_us06_s1,fp32,8,10,47711556,250000000
nmc_t6plain_us06_s1,fp32,8,11,47711556,250000000
nmc_t6plain_us06_s1,fp32,8,12,47711556,250000000
nmc_t6plain_us06_s1,fp32,8,13,47711556,250000000
nmc_t6plain_us06_s1,fp32,8,14,47711556,250000000
nmc_t6plain_us06_s1,fp32,8,15,47711556,250000000
nmc_t6plain_us06_s1,fp32,9,0,47700797,250000000
nmc_t6plain_us06_s1,fp32,9,1,47700772,250000000
nmc_t6plain_us06_s1,fp32,9,2,47700772,250000000
nmc_t6plain_us06_s1,fp32,9,3,47700772,250000000
nmc_t6plain_us06_s1,fp32,9,4,47700772,250000000
nmc_t6plain_us06_s1,fp32,9,5,47700772,250000000
nmc_t6plain_us06_s1,fp32,9,6,47700772,250000000
nmc_t6plain_us06_s1,fp32,9,7,47700772,250000000
nmc_t6plain_us06_s1,fp32,9,8,47700772,250000000
nmc_t6plain_us06_s1,fp32,9,9,47700772,250000000
nmc_t6plain_us06_s1,fp32,9,10,47700772,250000000
nmc_t6plain_us06_s1,fp32,9,11,47700772,250000000
nmc_t6plain_us06_s1,fp32,9,12,47700772,250000000
nmc_t6plain_us06_s1,fp32,9,13,47700772,250000000
nmc_t6plain_us06_s1,fp32,9,14,47700772,250000000
nmc_t6plain_us06_s1,fp32,9,15,47700772,250000000
nmc_t6plain_us06_s1,fp32,10,0,47703801,250000000
nmc_t6plain_us06_s1,fp32,10,1,47703778,250000000
nmc_t6plain_us06_s1,fp32,10,2,47703778,250000000
nmc_t6plain_us06_s1,fp32,10,3,47703778,250000000
nmc_t6plain_us06_s1,fp32,10,4,47703778,250000000
nmc_t6plain_us06_s1,fp32,10,5,47703778,250000000
nmc_t6plain_us06_s1,fp32,10,6,47703778,250000000
nmc_t6plain_us06_s1,fp32,10,7,47703778,250000000
nmc_t6plain_us06_s1,fp32,10,8,47703778,250000000
nmc_t6plain_us06_s1,fp32,10,9,47703778,250000000
nmc_t6plain_us06_s1,fp32,10,10,47703778,250000000
nmc_t6plain_us06_s1,fp32,10,11,47703778,250000000
nmc_t6plain_us06_s1,fp32,10,12,47703778,250000000
nmc_t6plain_us06_s1,fp32,10,13,47703778,250000000
nmc_t6plain_us06_s1,fp32,10,14,47703778,250000000
nmc_t6plain_us06_s1,fp32,10,15,47703778,250000000
nmc_t6plain_us06_s1,fp32,11,0,47694782,250000000
nmc_t6plain_us06_s1,fp32,11,1,47694727,250000000
nmc_t6plain_us06_s1,fp32,11,2,47694727,250000000
nmc_t6plain_us06_s1,fp32,11,3,47694727,250000000
nmc_t6plain_us06_s1,fp32,11,4,47694727,250000000
nmc_t6plain_us06_s1,fp32,11,5,47694727,250000000
nmc_t6plain_us06_s1,fp32,11,6,47694727,250000000
nmc_t6plain_us06_s1,fp32,11,7,47694727,250000000
nmc_t6plain_us06_s1,fp32,11,8,47694727,250000000
nmc_t6plain_us06_s1,fp32,11,9,47694727,250000000
nmc_t6plain_us06_s1,fp32,11,10,47694727,250000000
nmc_t6plain_us06_s1,fp32,11,11,47694727,250000000
nmc_t6plain_us06_s1,fp32,11,12,47694727,250000000
nmc_t6plain_us06_s1,fp32,11,13,47694727,250000000
nmc_t6plain_us06_s1,fp32,11,14,47694727,250000000
nmc_t6plain_us06_s1,fp32,11,15,47694727,250000000
nmc_t6plain_us06_s1,fp32,12,0,47682404,250000000
nmc_t6plain_us06_s1,fp32,12,1,47682349,250000000
nmc_t6plain_us06_s1,fp32,12,2,47682349,250000000
nmc_t6plain_us06_s1,fp32,12,3,47682349,250000000
nmc_t6plain_us06_s1,fp32,12,4,47682349,250000000
nmc_t6plain_us06_s1,fp32,12,5,47682349,250000000
nmc_t6plain_us06_s1,fp32,12,6,47682349,250000000
nmc_t6plain_us06_s1,fp32,12,7,47682349,250000000
nmc_t6plain_us06_s1,fp32,12,8,47682349,250000000
nmc_t6plain_us06_s1,fp32,12,9,47682349,250000000
nmc_t6plain_us06_s1,fp32,12,10,47682349,250000000
nmc_t6plain_us06_s1,fp32,12,11,47682349,250000000
nmc_t6plain_us06_s1,fp32,12,12,47682349,250000000
nmc_t6plain_us06_s1,fp32,12,13,47682349,250000000
nmc_t6plain_us06_s1,fp32,12,14,47682349,250000000
nmc_t6plain_us06_s1,fp32,12,15,47682349,250000000
nmc_t6plain_us06_s1,fp32,13,0,47676961,250000000
nmc_t6plain_us06_s1,fp32,13,1,47676906,250000000
nmc_t6plain_us06_s1,fp32,13,2,47676906,250000000
nmc_t6plain_us06_s1,fp32,13,3,47676906,250000000
nmc_t6plain_us06_s1,fp32,13,4,47676906,250000000
nmc_t6plain_us06_s1,fp32,13,5,47676906,250000000
nmc_t6plain_us06_s1,fp32,13,6,47676906,250000000
nmc_t6plain_us06_s1,fp32,13,7,47676906,250000000
nmc_t6plain_us06_s1,fp32,13,8,47676906,250000000
nmc_t6plain_us06_s1,fp32,13,9,47676906,250000000
nmc_t6plain_us06_s1,fp32,13,10,47676906,250000000
nmc_t6plain_us06_s1,fp32,13,11,47676906,250000000
nmc_t6plain_us06_s1,fp32,13,12,47676906,250000000
nmc_t6plain_us06_s1,fp32,13,13,47676906,250000000
nmc_t6plain_us06_s1,fp32,13,14,47676906,250000000
nmc_t6plain_us06_s1,fp32,13,15,47676906,250000000
nmc_t6plain_us06_s1,fp32,14,0,47671460,250000000
nmc_t6plain_us06_s1,fp32,14,1,47671407,250000000
nmc_t6plain_us06_s1,fp32,14,2,47671407,250000000
nmc_t6plain_us06_s1,fp32,14,3,47671407,250000000
nmc_t6plain_us06_s1,fp32,14,4,47671407,250000000
nmc_t6plain_us06_s1,fp32,14,5,47671407,250000000
nmc_t6plain_us06_s1,fp32,14,6,47671407,250000000
nmc_t6plain_us06_s1,fp32,14,7,47671407,250000000
nmc_t6plain_us06_s1,fp32,14,8,47671407,250000000
nmc_t6plain_us06_s1,fp32,14,9,47671407,250000000
nmc_t6plain_us06_s1,fp32,14,10,47671407,250000000
nmc_t6plain_us06_s1,fp32,14,11,47671407,250000000
nmc_t6plain_us06_s1,fp32,14,12,47671407,250000000
nmc_t6plain_us06_s1,fp32,14,13,47671407,250000000
nmc_t6plain_us06_s1,fp32,14,14,47671407,250000000
nmc_t6plain_us06_s1,fp32,14,15,47671407,250000000
nmc_t6plain_us06_s1,fp32,15,0,47667493,250000000
nmc_t6plain_us06_s1,fp32,15,1,47667440,250000000
nmc_t6plain_us06_s1,fp32,15,2,47667440,250000000
nmc_t6plain_us06_s1,fp32,15,3,47667440,250000000
nmc_t6plain_us06_s1,fp32,15,4,47667440,250000000
nmc_t6plain_us06_s1,fp32,15,5,47667440,250000000
nmc_t6plain_us06_s1,fp32,15,6,47667440,250000000
nmc_t6plain_us06_s1,fp32,15,7,47667440,250000000
nmc_t6plain_us06_s1,fp32,15,8,47667440,250000000
nmc_t6plain_us06_s1,fp32,15,9,47667440,250000000
nmc_t6plain_us06_s1,fp32,15,10,47667440,250000000
nmc_t6plain_us06_s1,fp32,15,11,47667440,250000000
nmc_t6plain_us06_s1,fp32,15,12,47667440,250000000
nmc_t6plain_us06_s1,fp32,15,13,47667440,250000000
nmc_t6plain_us06_s1,fp32,15,14,47667440,250000000
nmc_t6plain_us06_s1,fp32,15,15,47667440,250000000
nmc_t6plain_us06_s1,fp32,16,0,47659894,250000000
nmc_t6plain_us06_s1,fp32,16,1,47659848,250000000
nmc_t6plain_us06_s1,fp32,16,2,47659848,250000000
nmc_t6plain_us06_s1,fp32,16,3,47659848,250000000
nmc_t6plain_us06_s1,fp32,16,4,47659848,250000000
nmc_t6plain_us06_s1,fp32,16,5,47659848,250000000
nmc_t6plain_us06_s1,fp32,16,6,47659848,250000000
nmc_t6plain_us06_s1,fp32,16,7,47659848,250000000
nmc_t6plain_us06_s1,fp32,16,8,47659848,250000000
nmc_t6plain_us06_s1,fp32,16,9,47659848,250000000
nmc_t6plain_us06_s1,fp32,16,10,47659848,250000000
nmc_t6plain_us06_s1,fp32,16,11,47659848,250000000
nmc_t6plain_us06_s1,fp32,16,12,47659848,250000000
nmc_t6plain_us06_s1,fp32,16,13,47659848,250000000
nmc_t6plain_us06_s1,fp32,16,14,47659848,250000000
nmc_t6plain_us06_s1,fp32,16,15,47659848,250000000
nmc_t6plain_us06_s1,fp32,17,0,47663244,250000000
nmc_t6plain_us06_s1,fp32,17,1,47663198,250000000
nmc_t6plain_us06_s1,fp32,17,2,47663198,250000000
nmc_t6plain_us06_s1,fp32,17,3,47663198,250000000
nmc_t6plain_us06_s1,fp32,17,4,47663198,250000000
nmc_t6plain_us06_s1,fp32,17,5,47663198,250000000
nmc_t6plain_us06_s1,fp32,17,6,47663198,250000000
nmc_t6plain_us06_s1,fp32,17,7,47663198,250000000
nmc_t6plain_us06_s1,fp32,17,8,47663198,250000000
nmc_t6plain_us06_s1,fp32,17,9,47663198,250000000
nmc_t6plain_us06_s1,fp32,17,10,47663198,250000000
nmc_t6plain_us06_s1,fp32,17,11,47663198,250000000
nmc_t6plain_us06_s1,fp32,17,12,47663198,250000000
nmc_t6plain_us06_s1,fp32,17,13,47663198,250000000
nmc_t6plain_us06_s1,fp32,17,14,47663198,250000000
nmc_t6plain_us06_s1,fp32,17,15,47663198,250000000
nmc_t6plain_us06_s1,fp32,18,0,47667160,250000000
nmc_t6plain_us06_s1,fp32,18,1,47667114,250000000
nmc_t6plain_us06_s1,fp32,18,2,47667114,250000000
nmc_t6plain_us06_s1,fp32,18,3,47667114,250000000
nmc_t6plain_us06_s1,fp32,18,4,47667114,250000000
nmc_t6plain_us06_s1,fp32,18,5,47667114,250000000
nmc_t6plain_us06_s1,fp32,18,6,47667114,250000000
nmc_t6plain_us06_s1,fp32,18,7,47667114,250000000
nmc_t6plain_us06_s1,fp32,18,8,47667114,250000000
nmc_t6plain_us06_s1,fp32,18,9,47667114,250000000
nmc_t6plain_us06_s1,fp32,18,10,47667114,250000000
nmc_t6plain_us06_s1,fp32,18,11,47667114,250000000
nmc_t6plain_us06_s1,fp32,18,12,47667114,250000000
nmc_t6plain_us06_s1,fp32,18,13,47667114,250000000
nmc_t6plain_us06_s1,fp32,18,14,47667114,250000000
nmc_t6plain_us06_s1,fp32,18,15,47667114,250000000
nmc_t6plain_us06_s1,fp32,19,0,47666352,250000000
nmc_t6plain_us06_s1,fp32,19,1,47666306,250000000
nmc_t6plain_us06_s1,fp32,19,2,47666306,250000000
nmc_t6plain_us06_s1,fp32,19,3,47666306,250000000
nmc_t6plain_us06_s1,fp32,19,4,47666306,250000000
nmc_t6plain_us06_s1,fp32,19,5,47666306,250000000
nmc_t6plain_us06_s1,fp32,19,6,47666306,250000000
nmc_t6plain_us06_s1,fp32,19,7,47666306,250000000
nmc_t6plain_us06_s1,fp32,19,8,47666306,250000000
nmc_t6plain_us06_s1,fp32,19,9,47666306,250000000
nmc_t6plain_us06_s1,fp32,19,10,47666306,250000000
nmc_t6plain_us06_s1,fp32,19,11,47666306,250000000
nmc_t6plain_us06_s1,fp32,19,12,47666306,250000000
nmc_t6plain_us06_s1,fp32,19,13,47666306,250000000
nmc_t6plain_us06_s1,fp32,19,14,47666306,250000000
nmc_t6plain_us06_s1,fp32,19,15,47666306,250000000
nmc_t6plain_us06_s1,fp32,20,0,47625576,250000000
nmc_t6plain_us06_s1,fp32,20,1,47625530,250000000
nmc_t6plain_us06_s1,fp32,20,2,47625530,250000000
nmc_t6plain_us06_s1,fp32,20,3,47625530,250000000
nmc_t6plain_us06_s1,fp32,20,4,47625530,250000000
nmc_t6plain_us06_s1,fp32,20,5,47625530,250000000
nmc_t6plain_us06_s1,fp32,20,6,47625530,250000000
nmc_t6plain_us06_s1,fp32,20,7,47625530,250000000
nmc_t6plain_us06_s1,fp32,20,8,47625530,250000000
nmc_t6plain_us06_s1,fp32,20,9,47625530,250000000
nmc_t6plain_us06_s1,fp32,20,10,47625530,250000000
nmc_t6plain_us06_s1,fp32,20,11,47625530,250000000
nmc_t6plain_us06_s1,fp32,20,12,47625530,250000000
nmc_t6plain_us06_s1,fp32,20,13,47625530,250000000
nmc_t6plain_us06_s1,fp32,20,14,47625530,250000000
nmc_t6plain_us06_s1,fp32,20,15,47625530,250000000
nmc_t6plain_us06_s1,fp32,21,0,47622318,250000000
nmc_t6plain_us06_s1,fp32,21,1,47622272,250000000
nmc_t6plain_us06_s1,fp32,21,2,47622272,250000000
nmc_t6plain_us06_s1,fp32,21,3,47622272,250000000
nmc_t6plain_us06_s1,fp32,21,4,47622272,250000000
nmc_t6plain_us06_s1,fp32,21,5,47622272,250000000
nmc_t6plain_us06_s1,fp32,21,6,47622272,250000000
nmc_t6plain_us06_s1,fp32,21,7,47622272,250000000
nmc_t6plain_us06_s1,fp32,21,8,47622272,250000000
nmc_t6plain_us06_s1,fp32,21,9,47622272,250000000
nmc_t6plain_us06_s1,fp32,21,10,47622272,250000000
nmc_t6plain_us06_s1,fp32,21,11,47622272,250000000
nmc_t6plain_us06_s1,fp32,21,12,47622272,250000000
nmc_t6plain_us06_s1,fp32,21,13,47622272,250000000
nmc_t6plain_us06_s1,fp32,21,14,47622272,250000000
nmc_t6plain_us06_s1,fp32,21,15,47622272,250000000
nmc_t6plain_us06_s1,fp32,22,0,47620924,250000000
nmc_t6plain_us06_s1,fp32,22,1,47620876,250000000
nmc_t6plain_us06_s1,fp32,22,2,47620876,250000000
nmc_t6plain_us06_s1,fp32,22,3,47620876,250000000
nmc_t6plain_us06_s1,fp32,22,4,47620876,250000000
nmc_t6plain_us06_s1,fp32,22,5,47620876,250000000
nmc_t6plain_us06_s1,fp32,22,6,47620876,250000000
nmc_t6plain_us06_s1,fp32,22,7,47620876,250000000
nmc_t6plain_us06_s1,fp32,22,8,47620876,250000000
nmc_t6plain_us06_s1,fp32,22,9,47620876,250000000
nmc_t6plain_us06_s1,fp32,22,10,47620876,250000000
nmc_t6plain_us06_s1,fp32,22,11,47620876,250000000
nmc_t6plain_us06_s1,fp32,22,12,47620876,250000000
nmc_t6plain_us06_s1,fp32,22,13,47620876,250000000
nmc_t6plain_us06_s1,fp32,22,14,47620876,250000000
nmc_t6plain_us06_s1,fp32,22,15,47620876,250000000
nmc_t6plain_us06_s1,fp32,23,0,47647493,250000000
nmc_t6plain_us06_s1,fp32,23,1,47647445,250000000
nmc_t6plain_us06_s1,fp32,23,2,47647445,250000000
nmc_t6plain_us06_s1,fp32,23,3,47647445,250000000
nmc_t6plain_us06_s1,fp32,23,4,47647445,250000000
nmc_t6plain_us06_s1,fp32,23,5,47647445,250000000
nmc_t6plain_us06_s1,fp32,23,6,47647445,250000000
nmc_t6plain_us06_s1,fp32,23,7,47647445,250000000
nmc_t6plain_us06_s1,fp32,23,8,47647445,250000000
nmc_t6plain_us06_s1,fp32,23,9,47647445,250000000
nmc_t6plain_us06_s1,fp32,23,10,47647445,250000000
nmc_t6plain_us06_s1,fp32,23,11,47647445,250000000
nmc_t6plain_us06_s1,fp32,23,12,47647445,250000000
nmc_t6plain_us06_s1,fp32,23,13,47647445,250000000
nmc_t6plain_us06_s1,fp32,23,14,47647445,250000000
nmc_t6plain_us06_s1,fp32,23,15,47647445,250000000
nmc_t6plain_us06_s1,fp32,24,0,47665968,250000000
nmc_t6plain_us06_s1,fp32,24,1,47665922,250000000
nmc_t6plain_us06_s1,fp32,24,2,47665922,250000000
nmc_t6plain_us06_s1,fp32,24,3,47665922,250000000
nmc_t6plain_us06_s1,fp32,24,4,47665922,250000000
nmc_t6plain_us06_s1,fp32,24,5,47665922,250000000
nmc_t6plain_us06_s1,fp32,24,6,47665922,250000000
nmc_t6plain_us06_s1,fp32,24,7,47665922,250000000
nmc_t6plain_us06_s1,fp32,24,8,47665922,250000000
nmc_t6plain_us06_s1,fp32,24,9,47665922,250000000
nmc_t6plain_us06_s1,fp32,24,10,47665922,250000000
nmc_t6plain_us06_s1,fp32,24,11,47665922,250000000
nmc_t6plain_us06_s1,fp32,24,12,47665922,250000000
nmc_t6plain_us06_s1,fp32,24,13,47665922,250000000
nmc_t6plain_us06_s1,fp32,24,14,47665922,250000000
nmc_t6plain_us06_s1,fp32,24,15,47665922,250000000
nmc_t6plain_us06_s1,fp32,25,0,47662672,250000000
nmc_t6plain_us06_s1,fp32,25,1,47662619,250000000
nmc_t6plain_us06_s1,fp32,25,2,47662619,250000000
nmc_t6plain_us06_s1,fp32,25,3,47662619,250000000
nmc_t6plain_us06_s1,fp32,25,4,47662619,250000000
nmc_t6plain_us06_s1,fp32,25,5,47662619,250000000
nmc_t6plain_us06_s1,fp32,25,6,47662619,250000000
nmc_t6plain_us06_s1,fp32,25,7,47662619,250000000
nmc_t6plain_us06_s1,fp32,25,8,47662619,250000000
nmc_t6plain_us06_s1,fp32,25,9,47662619,250000000
nmc_t6plain_us06_s1,fp32,25,10,47662619,250000000
nmc_t6plain_us06_s1,fp32,25,11,47662619,250000000
nmc_t6plain_us06_s1,fp32,25,12,47662619,250000000
nmc_t6plain_us06_s1,fp32,25,13,47662619,250000000
nmc_t6plain_us06_s1,fp32,25,14,47662619,250000000
nmc_t6plain_us06_s1,fp32,25,15,47662619,250000000
nmc_t6plain_us06_s1,fp32,26,0,47676731,250000000
nmc_t6plain_us06_s1,fp32,26,1,47676678,250000000
nmc_t6plain_us06_s1,fp32,26,2,47676678,250000000
nmc_t6plain_us06_s1,fp32,26,3,47676678,250000000
nmc_t6plain_us06_s1,fp32,26,4,47676678,250000000
nmc_t6plain_us06_s1,fp32,26,5,47676678,250000000
nmc_t6plain_us06_s1,fp32,26,6,47676678,250000000
nmc_t6plain_us06_s1,fp32,26,7,47676678,250000000
nmc_t6plain_us06_s1,fp32,26,8,47676678,250000000
nmc_t6plain_us06_s1,fp32,26,9,47676678,250000000
nmc_t6plain_us06_s1,fp32,26,10,47676678,250000000
nmc_t6plain_us06_s1,fp32,26,11,47676678,250000000
nmc_t6plain_us06_s1,fp32,26,12,47676678,250000000
nmc_t6plain_us06_s1,fp32,26,13,47676678,250000000
nmc_t6plain_us06_s1,fp32,26,14,47676678,250000000
nmc_t6plain_us06_s1,fp32,26,15,47676678,250000000
nmc_t6plain_us06_s1,fp32,27,0,47703008,250000000
nmc_t6plain_us06_s1,fp32,27,1,47702955,250000000
nmc_t6plain_us06_s1,fp32,27,2,47702955,250000000
nmc_t6plain_us06_s1,fp32,27,3,47702955,250000000
nmc_t6plain_us06_s1,fp32,27,4,47702955,250000000
nmc_t6plain_us06_s1,fp32,27,5,47702955,250000000
nmc_t6plain_us06_s1,fp32,27,6,47702955,250000000
nmc_t6plain_us06_s1,fp32,27,7,47702955,250000000
nmc_t6plain_us06_s1,fp32,27,8,47702955,250000000
nmc_t6plain_us06_s1,fp32,27,9,47702955,250000000
nmc_t6plain_us06_s1,fp32,27,10,47702955,250000000
nmc_t6plain_us06_s1,fp32,27,11,47702955,250000000
nmc_t6plain_us06_s1,fp32,27,12,47702955,250000000
nmc_t6plain_us06_s1,fp32,27,13,47702955,250000000
nmc_t6plain_us06_s1,fp32,27,14,47702955,250000000
nmc_t6plain_us06_s1,fp32,27,15,47702955,250000000
nmc_t6plain_us06_s1,fp32,28,0,47719612,250000000
nmc_t6plain_us06_s1,fp32,28,1,47719559,250000000
nmc_t6plain_us06_s1,fp32,28,2,47719559,250000000
nmc_t6plain_us06_s1,fp32,28,3,47719559,250000000
nmc_t6plain_us06_s1,fp32,28,4,47719559,250000000
nmc_t6plain_us06_s1,fp32,28,5,47719559,250000000
nmc_t6plain_us06_s1,fp32,28,6,47719559,250000000
nmc_t6plain_us06_s1,fp32,28,7,47719559,250000000
nmc_t6plain_us06_s1,fp32,28,8,47719559,250000000
nmc_t6plain_us06_s1,fp32,28,9,47719559,250000000
nmc_t6plain_us06_s1,fp32,28,10,47719559,250000000
nmc_t6plain_us06_s1,fp32,28,11,47719559,250000000
nmc_t6plain_us06_s1,fp32,28,12,47719559,250000000
nmc_t6plain_us06_s1,fp32,28,13,47719559,250000000
nmc_t6plain_us06_s1,fp32,28,14,47719559,250000000
nmc_t6plain_us06_s1,fp32,28,15,47719559,250000000
nmc_t6plain_us06_s1,fp32,29,0,47741239,250000000
nmc_t6plain_us06_s1,fp32,29,1,47741216,250000000
nmc_t6plain_us06_s1,fp32,29,2,47741216,250000000
nmc_t6plain_us06_s1,fp32,29,3,47741216,250000000
nmc_t6plain_us06_s1,fp32,29,4,47741216,250000000
nmc_t6plain_us06_s1,fp32,29,5,47741216,250000000
nmc_t6plain_us06_s1,fp32,29,6,47741216,250000000
nmc_t6plain_us06_s1,fp32,29,7,47741216,250000000
nmc_t6plain_us06_s1,fp32,29,8,47741216,250000000
nmc_t6plain_us06_s1,fp32,29,9,47741216,250000000
nmc_t6plain_us06_s1,fp32,29,10,47741216,250000000
nmc_t6plain_us06_s1,fp32,29,11,47741216,250000000
nmc_t6plain_us06_s1,fp32,29,12,47741216,250000000
nmc_t6plain_us06_s1,fp32,29,13,47741216,250000000
nmc_t6plain_us06_s1,fp32,29,14,47741216,250000000
nmc_t6plain_us06_s1,fp32,29,15,47741216,250000000
nmc_t6plain_us06_s1,fp32,30,0,47709042,250000000
nmc_t6plain_us06_s1,fp32,30,1,47709017,250000000
nmc_t6plain_us06_s1,fp32,30,2,47709017,250000000
nmc_t6plain_us06_s1,fp32,30,3,47709017,250000000
nmc_t6plain_us06_s1,fp32,30,4,47709017,250000000
nmc_t6plain_us06_s1,fp32,30,5,47709017,250000000
nmc_t6plain_us06_s1,fp32,30,6,47709017,250000000
nmc_t6plain_us06_s1,fp32,30,7,47709017,250000000
nmc_t6plain_us06_s1,fp32,30,8,47709017,250000000
nmc_t6plain_us06_s1,fp32,30,9,47709017,250000000
nmc_t6plain_us06_s1,fp32,30,10,47709017,250000000
nmc_t6plain_us06_s1,fp32,30,11,47709017,250000000
nmc_t6plain_us06_s1,fp32,30,12,47709017,250000000
nmc_t6plain_us06_s1,fp32,30,13,47709017,250000000
nmc_t6plain_us06_s1,fp32,30,14,47709017,250000000
nmc_t6plain_us06_s1,fp32,30,15,47709017,250000000
nmc_t6plain_us06_s1,fp32,31,0,47703993,250000000
nmc_t6plain_us06_s1,fp32,31,1,47703970,250000000
nmc_t6plain_us06_s1,fp32,31,2,47703970,250000000
nmc_t6plain_us06_s1,fp32,31,3,47703970,250000000
nmc_t6plain_us06_s1,fp32,31,4,47703970,250000000
nmc_t6plain_us06_s1,fp32,31,5,47703970,250000000
nmc_t6plain_us06_s1,fp32,31,6,47703970,250000000
nmc_t6plain_us06_s1,fp32,31,7,47703970,250000000
nmc_t6plain_us06_s1,fp32,31,8,47703970,250000000
nmc_t6plain_us06_s1,fp32,31,9,47703970,250000000
nmc_t6plain_us06_s1,fp32,31,10,47703970,250000000
nmc_t6plain_us06_s1,fp32,31,11,47703970,250000000
nmc_t6plain_us06_s1,fp32,31,12,47703970,250000000
nmc_t6plain_us06_s1,fp32,31,13,47703970,250000000
nmc_t6plain_us06_s1,fp32,31,14,47703970,250000000
nmc_t6plain_us06_s1,fp32,31,15,47703970,250000000
nmc_t6plain_us06_s1,fp32,32,0,47679244,250000000
nmc_t6plain_us06_s1,fp32,32,1,47679219,250000000
nmc_t6plain_us06_s1,fp32,32,2,47679219,250000000
nmc_t6plain_us06_s1,fp32,32,3,47679219,250000000
nmc_t6plain_us06_s1,fp32,32,4,47679219,250000000
nmc_t6plain_us06_s1,fp32,32,5,47679219,250000000
nmc_t6plain_us06_s1,fp32,32,6,47679219,250000000
nmc_t6plain_us06_s1,fp32,32,7,47679219,250000000
nmc_t6plain_us06_s1,fp32,32,8,47679219,250000000
nmc_t6plain_us06_s1,fp32,32,9,47679219,250000000
nmc_t6plain_us06_s1,fp32,32,10,47679219,250000000
nmc_t6plain_us06_s1,fp32,32,11,47679219,250000000
nmc_t6plain_us06_s1,fp32,32,12,47679219,250000000
nmc_t6plain_us06_s1,fp32,32,13,47679219,250000000
nmc_t6plain_us06_s1,fp32,32,14,47679219,250000000
nmc_t6plain_us06_s1,fp32,32,15,47679219,250000000
nmc_t6plain_us06_s1,fp32,33,0,47682403,250000000
nmc_t6plain_us06_s1,fp32,33,1,47682348,250000000
nmc_t6plain_us06_s1,fp32,33,2,47682348,250000000
nmc_t6plain_us06_s1,fp32,33,3,47682348,250000000
nmc_t6plain_us06_s1,fp32,33,4,47682348,250000000
nmc_t6plain_us06_s1,fp32,33,5,47682348,250000000
nmc_t6plain_us06_s1,fp32,33,6,47682348,250000000
nmc_t6plain_us06_s1,fp32,33,7,47682348,250000000
nmc_t6plain_us06_s1,fp32,33,8,47682348,250000000
nmc_t6plain_us06_s1,fp32,33,9,47682348,250000000
nmc_t6plain_us06_s1,fp32,33,10,47682348,250000000
nmc_t6plain_us06_s1,fp32,33,11,47682348,250000000
nmc_t6plain_us06_s1,fp32,33,12,47682348,250000000
nmc_t6plain_us06_s1,fp32,33,13,47682348,250000000
nmc_t6plain_us06_s1,fp32,33,14,47682348,250000000
nmc_t6plain_us06_s1,fp32,33,15,47682348,250000000
nmc_t6plain_us06_s1,fp32,34,0,47687510,250000000
nmc_t6plain_us06_s1,fp32,34,1,47687457,250000000
nmc_t6plain_us06_s1,fp32,34,2,47687457,250000000
nmc_t6plain_us06_s1,fp32,34,3,47687457,250000000
nmc_t6plain_us06_s1,fp32,34,4,47687457,250000000
nmc_t6plain_us06_s1,fp32,34,5,47687457,250000000
nmc_t6plain_us06_s1,fp32,34,6,47687457,250000000
nmc_t6plain_us06_s1,fp32,34,7,47687457,250000000
nmc_t6plain_us06_s1,fp32,34,8,47687457,250000000
nmc_t6plain_us06_s1,fp32,34,9,47687457,250000000
nmc_t6plain_us06_s1,fp32,34,10,47687457,250000000
nmc_t6plain_us06_s1,fp32,34,11,47687457,250000000
nmc_t6plain_us06_s1,fp32,34,12,47687457,250000000
nmc_t6plain_us06_s1,fp32,34,13,47687457,250000000
nmc_t6plain_us06_s1,fp32,34,14,47687457,250000000
nmc_t6plain_us06_s1,fp32,34,15,47687457,250000000
nmc_t6plain_us06_s1,fp32,35,0,47698874,250000000
nmc_t6plain_us06_s1,fp32,35,1,47698821,250000000
nmc_t6plain_us06_s1,fp32,35,2,47698821,250000000
nmc_t6plain_us06_s1,fp32,35,3,47698821,250000000
nmc_t6plain_us06_s1,fp32,35,4,47698821,250000000
nmc_t6plain_us06_s1,fp32,35,5,47698821,250000000
nmc_t6plain_us06_s1,fp32,35,6,47698821,250000000
nmc_t6plain_us06_s1,fp32,35,7,47698821,250000000
nmc_t6plain_us06_s1,fp32,35,8,47698821,250000000
nmc_t6plain_us06_s1,fp32,35,9,47698821,250000000
nmc_t6plain_us06_s1,fp32,35,10,47698821,250000000
nmc_t6plain_us06_s1,fp32,35,11,47698821,250000000
nmc_t6plain_us06_s1,fp32,35,12,47698821,250000000
nmc_t6plain_us06_s1,fp32,35,13,47698821,250000000
nmc_t6plain_us06_s1,fp32,35,14,47698821,250000000
nmc_t6plain_us06_s1,fp32,35,15,47698821,250000000
nmc_t6plain_us06_s1,fp32,36,0,47691030,250000000
nmc_t6plain_us06_s1,fp32,36,1,47690977,250000000
nmc_t6plain_us06_s1,fp32,36,2,47690977,250000000
nmc_t6plain_us06_s1,fp32,36,3,47690977,250000000
nmc_t6plain_us06_s1,fp32,36,4,47690977,250000000
nmc_t6plain_us06_s1,fp32,36,5,47690977,250000000
nmc_t6plain_us06_s1,fp32,36,6,47690977,250000000
nmc_t6plain_us06_s1,fp32,36,7,47690977,250000000
nmc_t6plain_us06_s1,fp32,36,8,47690977,250000000
nmc_t6plain_us06_s1,fp32,36,9,47690977,250000000
nmc_t6plain_us06_s1,fp32,36,10,47690977,250000000
nmc_t6plain_us06_s1,fp32,36,11,47690977,250000000
nmc_t6plain_us06_s1,fp32,36,12,47690977,250000000
nmc_t6plain_us06_s1,fp32,36,13,47690977,250000000
nmc_t6plain_us06_s1,fp32,36,14,47690977,250000000
nmc_t6plain_us06_s1,fp32,36,15,47690977,250000000
nmc_t6plain_us06_s1,fp32,37,0,47697624,250000000
nmc_t6plain_us06_s1,fp32,37,1,47697569,250000000
nmc_t6plain_us06_s1,fp32,37,2,47697569,250000000
nmc_t6plain_us06_s1,fp32,37,3,47697569,250000000
nmc_t6plain_us06_s1,fp32,37,4,47697569,250000000
nmc_t6plain_us06_s1,fp32,37,5,47697569,250000000
nmc_t6plain_us06_s1,fp32,37,6,47697569,250000000
nmc_t6plain_us06_s1,fp32,37,7,47697569,250000000
nmc_t6plain_us06_s1,fp32,37,8,47697569,250000000
nmc_t6plain_us06_s1,fp32,37,9,47697569,250000000
nmc_t6plain_us06_s1,fp32,37,10,47697569,250000000
nmc_t6plain_us06_s1,fp32,37,11,47697569,250000000
nmc_t6plain_us06_s1,fp32,37,12,47697569,250000000
nmc_t6plain_us06_s1,fp32,37,13,47697569,250000000
nmc_t6plain_us06_s1,fp32,37,14,47697569,250000000
nmc_t6plain_us06_s1,fp32,37,15,47697569,250000000
nmc_t6plain_us06_s1,fp32,38,0,47705079,250000000
nmc_t6plain_us06_s1,fp32,38,1,47705031,250000000
nmc_t6plain_us06_s1,fp32,38,2,47705031,250000000
nmc_t6plain_us06_s1,fp32,38,3,47705031,250000000
nmc_t6plain_us06_s1,fp32,38,4,47705031,250000000
nmc_t6plain_us06_s1,fp32,38,5,47705031,250000000
nmc_t6plain_us06_s1,fp32,38,6,47705031,250000000
nmc_t6plain_us06_s1,fp32,38,7,47705031,250000000
nmc_t6plain_us06_s1,fp32,38,8,47705031,250000000
nmc_t6plain_us06_s1,fp32,38,9,47705031,250000000
nmc_t6plain_us06_s1,fp32,38,10,47705031,250000000
nmc_t6plain_us06_s1,fp32,38,11,47705031,250000000
nmc_t6plain_us06_s1,fp32,38,12,47705031,250000000
nmc_t6plain_us06_s1,fp32,38,13,47705031,250000000
nmc_t6plain_us06_s1,fp32,38,14,47705031,250000000
nmc_t6plain_us06_s1,fp32,38,15,47705031,250000000
nmc_t6plain_us06_s1,fp32,39,0,47700485,250000000
nmc_t6plain_us06_s1,fp32,39,1,47700439,250000000
nmc_t6plain_us06_s1,fp32,39,2,47700439,250000000
nmc_t6plain_us06_s1,fp32,39,3,47700439,250000000
nmc_t6plain_us06_s1,fp32,39,4,47700439,250000000
nmc_t6plain_us06_s1,fp32,39,5,47700439,250000000
nmc_t6plain_us06_s1,fp32,39,6,47700439,250000000
nmc_t6plain_us06_s1,fp32,39,7,47700439,250000000
nmc_t6plain_us06_s1,fp32,39,8,47700439,250000000
nmc_t6plain_us06_s1,fp32,39,9,47700439,250000000
nmc_t6plain_us06_s1,fp32,39,10,47700439,250000000
nmc_t6plain_us06_s1,fp32,39,11,47700439,250000000
nmc_t6plain_us06_s1,fp32,39,12,47700439,250000000
nmc_t6plain_us06_s1,fp32,39,13,47700439,250000000
nmc_t6plain_us06_s1,fp32,39,14,47700439,250000000
nmc_t6plain_us06_s1,fp32,39,15,47700439,250000000
nmc_t6plain_us06_s1,fp32,40,0,47686914,250000000
nmc_t6plain_us06_s1,fp32,40,1,47686868,250000000
nmc_t6plain_us06_s1,fp32,40,2,47686868,250000000
nmc_t6plain_us06_s1,fp32,40,3,47686868,250000000
nmc_t6plain_us06_s1,fp32,40,4,47686868,250000000
nmc_t6plain_us06_s1,fp32,40,5,47686868,250000000
nmc_t6plain_us06_s1,fp32,40,6,47686868,250000000
nmc_t6plain_us06_s1,fp32,40,7,47686868,250000000
nmc_t6plain_us06_s1,fp32,40,8,47686868,250000000
nmc_t6plain_us06_s1,fp32,40,9,47686868,250000000
nmc_t6plain_us06_s1,fp32,40,10,47686868,250000000
nmc_t6plain_us06_s1,fp32,40,11,47686868,250000000
nmc_t6plain_us06_s1,fp32,40,12,47686868,250000000
nmc_t6plain_us06_s1,fp32,40,13,47686868,250000000
nmc_t6plain_us06_s1,fp32,40,14,47686868,250000000
nmc_t6plain_us06_s1,fp32,40,15,47686868,250000000
nmc_t6plain_us06_s1,fp32,41,0,47684813,250000000
nmc_t6plain_us06_s1,fp32,41,1,47684767,250000000
nmc_t6plain_us06_s1,fp32,41,2,47684767,250000000
nmc_t6plain_us06_s1,fp32,41,3,47684767,250000000
nmc_t6plain_us06_s1,fp32,41,4,47684767,250000000
nmc_t6plain_us06_s1,fp32,41,5,47684767,250000000
nmc_t6plain_us06_s1,fp32,41,6,47684767,250000000
nmc_t6plain_us06_s1,fp32,41,7,47684767,250000000
nmc_t6plain_us06_s1,fp32,41,8,47684767,250000000
nmc_t6plain_us06_s1,fp32,41,9,47684767,250000000
nmc_t6plain_us06_s1,fp32,41,10,47684767,250000000
nmc_t6plain_us06_s1,fp32,41,11,47684767,250000000
nmc_t6plain_us06_s1,fp32,41,12,47684767,250000000
nmc_t6plain_us06_s1,fp32,41,13,47684767,250000000
nmc_t6plain_us06_s1,fp32,41,14,47684767,250000000
nmc_t6plain_us06_s1,fp32,41,15,47684767,250000000
nmc_t6plain_us06_s1,fp32,42,0,47573297,250000000
nmc_t6plain_us06_s1,fp32,42,1,47573251,250000000
nmc_t6plain_us06_s1,fp32,42,2,47573251,250000000
nmc_t6plain_us06_s1,fp32,42,3,47573251,250000000
nmc_t6plain_us06_s1,fp32,42,4,47573251,250000000
nmc_t6plain_us06_s1,fp32,42,5,47573251,250000000
nmc_t6plain_us06_s1,fp32,42,6,47573251,250000000
nmc_t6plain_us06_s1,fp32,42,7,47573251,250000000
nmc_t6plain_us06_s1,fp32,42,8,47573251,250000000
nmc_t6plain_us06_s1,fp32,42,9,47573251,250000000
nmc_t6plain_us06_s1,fp32,42,10,47573251,250000000
nmc_t6plain_us06_s1,fp32,42,11,47573251,250000000
nmc_t6plain_us06_s1,fp32,42,12,47573251,250000000
nmc_t6plain_us06_s1,fp32,42,13,47573251,250000000
nmc_t6plain_us06_s1,fp32,42,14,47573251,250000000
nmc_t6plain_us06_s1,fp32,42,15,47573251,250000000
nmc_t6plain_us06_s1,fp32,43,0,47586240,250000000
nmc_t6plain_us06_s1,fp32,43,1,47586192,250000000
nmc_t6plain_us06_s1,fp32,43,2,47586192,250000000
nmc_t6plain_us06_s1,fp32,43,3,47586192,250000000
nmc_t6plain_us06_s1,fp32,43,4,47586192,250000000
nmc_t6plain_us06_s1,fp32,43,5,47586192,250000000
nmc_t6plain_us06_s1,fp32,43,6,47586192,250000000
nmc_t6plain_us06_s1,fp32,43,7,47586192,250000000
nmc_t6plain_us06_s1,fp32,43,8,47586192,250000000
nmc_t6plain_us06_s1,fp32,43,9,47586192,250000000
nmc_t6plain_us06_s1,fp32,43,10,47586192,250000000
nmc_t6plain_us06_s1,fp32,43,11,47586192,250000000
nmc_t6plain_us06_s1,fp32,43,12,47586192,250000000
nmc_t6plain_us06_s1,fp32,43,13,47586192,250000000
nmc_t6plain_us06_s1,fp32,43,14,47586192,250000000
nmc_t6plain_us06_s1,fp32,43,15,47586192,250000000
nmc_t6plain_us06_s1,fp32,44,0,47623290,250000000
nmc_t6plain_us06_s1,fp32,44,1,47623242,250000000
nmc_t6plain_us06_s1,fp32,44,2,47623242,250000000
nmc_t6plain_us06_s1,fp32,44,3,47623242,250000000
nmc_t6plain_us06_s1,fp32,44,4,47623242,250000000
nmc_t6plain_us06_s1,fp32,44,5,47623242,250000000
nmc_t6plain_us06_s1,fp32,44,6,47623242,250000000
nmc_t6plain_us06_s1,fp32,44,7,47623242,250000000
nmc_t6plain_us06_s1,fp32,44,8,47623242,250000000
nmc_t6plain_us06_s1,fp32,44,9,47623242,250000000
nmc_t6plain_us06_s1,fp32,44,10,47623242,250000000
nmc_t6plain_us06_s1,fp32,44,11,47623242,250000000
nmc_t6plain_us06_s1,fp32,44,12,47623242,250000000
nmc_t6plain_us06_s1,fp32,44,13,47623242,250000000
nmc_t6plain_us06_s1,fp32,44,14,47623242,250000000
nmc_t6plain_us06_s1,fp32,44,15,47623242,250000000
nmc_t6plain_us06_s1,fp32,45,0,47644248,250000000
nmc_t6plain_us06_s1,fp32,45,1,47644200,250000000
nmc_t6plain_us06_s1,fp32,45,2,47644200,250000000
nmc_t6plain_us06_s1,fp32,45,3,47644200,250000000
nmc_t6plain_us06_s1,fp32,45,4,47644200,250000000
nmc_t6plain_us06_s1,fp32,45,5,47644200,250000000
nmc_t6plain_us06_s1,fp32,45,6,47644200,250000000
nmc_t6plain_us06_s1,fp32,45,7,47644200,250000000
nmc_t6plain_us06_s1,fp32,45,8,47644200,250000000
nmc_t6plain_us06_s1,fp32,45,9,47644200,250000000
nmc_t6plain_us06_s1,fp32,45,10,47644200,250000000
nmc_t6plain_us06_s1,fp32,45,11,47644200,250000000
nmc_t6plain_us06_s1,fp32,45,12,47644200,250000000
nmc_t6plain_us06_s1,fp32,45,13,47644200,250000000
nmc_t6plain_us06_s1,fp32,45,14,47644200,250000000
nmc_t6plain_us06_s1,fp32,45,15,47644200,250000000
nmc_t6plain_us06_s1,fp32,46,0,47646182,250000000
nmc_t6plain_us06_s1,fp32,46,1,47646129,250000000
nmc_t6plain_us06_s1,fp32,46,2,47646129,250000000
nmc_t6plain_us06_s1,fp32,46,3,47646129,250000000
nmc_t6plain_us06_s1,fp32,46,4,47646129,250000000
nmc_t6plain_us06_s1,fp32,46,5,47646129,250000000
nmc_t6plain_us06_s1,fp32,46,6,47646129,250000000
nmc_t6plain_us06_s1,fp32,46,7,47646129,250000000
nmc_t6plain_us06_s1,fp32,46,8,47646129,250000000
nmc_t6plain_us06_s1,fp32,46,9,47646129,250000000
nmc_t6plain_us06_s1,fp32,46,10,47646129,250000000
nmc_t6plain_us06_s1,fp32,46,11,47646129,250000000
nmc_t6plain_us06_s1,fp32,46,12,47646129,250000000
nmc_t6plain_us06_s1,fp32,46,13,47646129,250000000
nmc_t6plain_us06_s1,fp32,46,14,47646129,250000000
nmc_t6plain_us06_s1,fp32,46,15,47646129,250000000
nmc_t6plain_us06_s1,fp32,47,0,47668930,250000000
nmc_t6plain_us06_s1,fp32,47,1,47668877,250000000
nmc_t6plain_us06_s1,fp32,47,2,47668877,250000000
nmc_t6plain_us06_s1,fp32,47,3,47668877,250000000
nmc_t6plain_us06_s1,fp32,47,4,47668877,250000000
nmc_t6plain_us06_s1,fp32,47,5,47668877,250000000
nmc_t6plain_us06_s1,fp32,47,6,47668877,250000000
nmc_t6plain_us06_s1,fp32,47,7,47668877,250000000
nmc_t6plain_us06_s1,fp32,47,8,47668877,250000000
nmc_t6plain_us06_s1,fp32,47,9,47668877,250000000
nmc_t6plain_us06_s1,fp32,47,10,47668877,250000000
nmc_t6plain_us06_s1,fp32,47,11,47668877,250000000
nmc_t6plain_us06_s1,fp32,47,12,47668877,250000000
nmc_t6plain_us06_s1,fp32,47,13,47668877,250000000
nmc_t6plain_us06_s1,fp32,47,14,47668877,250000000
nmc_t6plain_us06_s1,fp32,47,15,47668877,250000000
nmc_t6plain_us06_s1,fp32,48,0,47677667,250000000
nmc_t6plain_us06_s1,fp32,48,1,47677614,250000000
nmc_t6plain_us06_s1,fp32,48,2,47677614,250000000
nmc_t6plain_us06_s1,fp32,48,3,47677614,250000000
nmc_t6plain_us06_s1,fp32,48,4,47677614,250000000
nmc_t6plain_us06_s1,fp32,48,5,47677614,250000000
nmc_t6plain_us06_s1,fp32,48,6,47677614,250000000
nmc_t6plain_us06_s1,fp32,48,7,47677614,250000000
nmc_t6plain_us06_s1,fp32,48,8,47677614,250000000
nmc_t6plain_us06_s1,fp32,48,9,47677614,250000000
nmc_t6plain_us06_s1,fp32,48,10,47677614,250000000
nmc_t6plain_us06_s1,fp32,48,11,47677614,250000000
nmc_t6plain_us06_s1,fp32,48,12,47677614,250000000
nmc_t6plain_us06_s1,fp32,48,13,47677614,250000000
nmc_t6plain_us06_s1,fp32,48,14,47677614,250000000
nmc_t6plain_us06_s1,fp32,48,15,47677614,250000000
nmc_t6plain_us06_s1,fp32,49,0,47687942,250000000
nmc_t6plain_us06_s1,fp32,49,1,47687889,250000000
nmc_t6plain_us06_s1,fp32,49,2,47687889,250000000
nmc_t6plain_us06_s1,fp32,49,3,47687889,250000000
nmc_t6plain_us06_s1,fp32,49,4,47687889,250000000
nmc_t6plain_us06_s1,fp32,49,5,47687889,250000000
nmc_t6plain_us06_s1,fp32,49,6,47687889,250000000
nmc_t6plain_us06_s1,fp32,49,7,47687889,250000000
nmc_t6plain_us06_s1,fp32,49,8,47687889,250000000
nmc_t6plain_us06_s1,fp32,49,9,47687889,250000000
nmc_t6plain_us06_s1,fp32,49,10,47687889,250000000
nmc_t6plain_us06_s1,fp32,49,11,47687889,250000000
nmc_t6plain_us06_s1,fp32,49,12,47687889,250000000
nmc_t6plain_us06_s1,fp32,49,13,47687889,250000000
nmc_t6plain_us06_s1,fp32,49,14,47687889,250000000
nmc_t6plain_us06_s1,fp32,49,15,47687889,250000000
nmc_t6plain_us06_s1,fp32,50,0,47697520,250000000
nmc_t6plain_us06_s1,fp32,50,1,47697497,250000000
nmc_t6plain_us06_s1,fp32,50,2,47697497,250000000
nmc_t6plain_us06_s1,fp32,50,3,47697497,250000000
nmc_t6plain_us06_s1,fp32,50,4,47697497,250000000
nmc_t6plain_us06_s1,fp32,50,5,47697497,250000000
nmc_t6plain_us06_s1,fp32,50,6,47697497,250000000
nmc_t6plain_us06_s1,fp32,50,7,47697497,250000000
nmc_t6plain_us06_s1,fp32,50,8,47697497,250000000
nmc_t6plain_us06_s1,fp32,50,9,47697497,250000000
nmc_t6plain_us06_s1,fp32,50,10,47697497,250000000
nmc_t6plain_us06_s1,fp32,50,11,47697497,250000000
nmc_t6plain_us06_s1,fp32,50,12,47697497,250000000
nmc_t6plain_us06_s1,fp32,50,13,47697497,250000000
nmc_t6plain_us06_s1,fp32,50,14,47697497,250000000
nmc_t6plain_us06_s1,fp32,50,15,47697497,250000000
nmc_t6plain_us06_s1,fp32,51,0,47681315,250000000
nmc_t6plain_us06_s1,fp32,51,1,47681290,250000000
nmc_t6plain_us06_s1,fp32,51,2,47681290,250000000
nmc_t6plain_us06_s1,fp32,51,3,47681290,250000000
nmc_t6plain_us06_s1,fp32,51,4,47681290,250000000
nmc_t6plain_us06_s1,fp32,51,5,47681290,250000000
nmc_t6plain_us06_s1,fp32,51,6,47681290,250000000
nmc_t6plain_us06_s1,fp32,51,7,47681290,250000000
nmc_t6plain_us06_s1,fp32,51,8,47681290,250000000
nmc_t6plain_us06_s1,fp32,51,9,47681290,250000000
nmc_t6plain_us06_s1,fp32,51,10,47681290,250000000
nmc_t6plain_us06_s1,fp32,51,11,47681290,250000000
nmc_t6plain_us06_s1,fp32,51,12,47681290,250000000
nmc_t6plain_us06_s1,fp32,51,13,47681290,250000000
nmc_t6plain_us06_s1,fp32,51,14,47681290,250000000
nmc_t6plain_us06_s1,fp32,51,15,47681290,250000000
nmc_t6plain_us06_s1,fp32,52,0,47654122,250000000
nmc_t6plain_us06_s1,fp32,52,1,47654097,250000000
nmc_t6plain_us06_s1,fp32,52,2,47654097,250000000
nmc_t6plain_us06_s1,fp32,52,3,47654097,250000000
nmc_t6plain_us06_s1,fp32,52,4,47654097,250000000
nmc_t6plain_us06_s1,fp32,52,5,47654097,250000000
nmc_t6plain_us06_s1,fp32,52,6,47654097,250000000
nmc_t6plain_us06_s1,fp32,52,7,47654097,250000000
nmc_t6plain_us06_s1,fp32,52,8,47654097,250000000
nmc_t6plain_us06_s1,fp32,52,9,47654097,250000000
nmc_t6plain_us06_s1,fp32,52,10,47654097,250000000
nmc_t6plain_us06_s1,fp32,52,11,47654097,250000000
nmc_t6plain_us06_s1,fp32,52,12,47654097,250000000
nmc_t6plain_us06_s1,fp32,52,13,47654097,250000000
nmc_t6plain_us06_s1,fp32,52,14,47654097,250000000
nmc_t6plain_us06_s1,fp32,52,15,47654097,250000000
nmc_t6plain_us06_s1,fp32,53,0,47638499,250000000
nmc_t6plain_us06_s1,fp32,53,1,47638474,250000000
nmc_t6plain_us06_s1,fp32,53,2,47638474,250000000
nmc_t6plain_us06_s1,fp32,53,3,47638474,250000000
nmc_t6plain_us06_s1,fp32,53,4,47638474,250000000
nmc_t6plain_us06_s1,fp32,53,5,47638474,250000000
nmc_t6plain_us06_s1,fp32,53,6,47638474,250000000
nmc_t6plain_us06_s1,fp32,53,7,47638474,250000000
nmc_t6plain_us06_s1,fp32,53,8,47638474,250000000
nmc_t6plain_us06_s1,fp32,53,9,47638474,250000000
nmc_t6plain_us06_s1,fp32,53,10,47638474,250000000
nmc_t6plain_us06_s1,fp32,53,11,47638474,250000000
nmc_t6plain_us06_s1,fp32,53,12,47638474,250000000
nmc_t6plain_us06_s1,fp32,53,13,47638474,250000000
nmc_t6plain_us06_s1,fp32,53,14,47638474,250000000
nmc_t6plain_us06_s1,fp32,53,15,47638474,250000000
nmc_t6plain_us06_s1,fp32,54,0,47624499,250000000
nmc_t6plain_us06_s1,fp32,54,1,47624444,250000000
nmc_t6plain_us06_s1,fp32,54,2,47624444,250000000
nmc_t6plain_us06_s1,fp32,54,3,47624444,250000000
nmc_t6plain_us06_s1,fp32,54,4,47624444,250000000
nmc_t6plain_us06_s1,fp32,54,5,47624444,250000000
nmc_t6plain_us06_s1,fp32,54,6,47624444,250000000
nmc_t6plain_us06_s1,fp32,54,7,47624444,250000000
nmc_t6plain_us06_s1,fp32,54,8,47624444,250000000
nmc_t6plain_us06_s1,fp32,54,9,47624444,250000000
nmc_t6plain_us06_s1,fp32,54,10,47624444,250000000
nmc_t6plain_us06_s1,fp32,54,11,47624444,250000000
nmc_t6plain_us06_s1,fp32,54,12,47624444,250000000
nmc_t6plain_us06_s1,fp32,54,13,47624444,250000000
nmc_t6plain_us06_s1,fp32,54,14,47624444,250000000
nmc_t6plain_us06_s1,fp32,54,15,47624444,250000000
nmc_t6plain_us06_s1,fp32,55,0,47612124,250000000
nmc_t6plain_us06_s1,fp32,55,1,47612069,250000000
nmc_t6plain_us06_s1,fp32,55,2,47612069,250000000
nmc_t6plain_us06_s1,fp32,55,3,47612069,250000000
nmc_t6plain_us06_s1,fp32,55,4,47612069,250000000
nmc_t6plain_us06_s1,fp32,55,5,47612069,250000000
nmc_t6plain_us06_s1,fp32,55,6,47612069,250000000
nmc_t6plain_us06_s1,fp32,55,7,47612069,250000000
nmc_t6plain_us06_s1,fp32,55,8,47612069,250000000
nmc_t6plain_us06_s1,fp32,55,9,47612069,250000000
nmc_t6plain_us06_s1,fp32,55,10,47612069,250000000
nmc_t6plain_us06_s1,fp32,55,11,47612069,250000000
nmc_t6plain_us06_s1,fp32,55,12,47612069,250000000
nmc_t6plain_us06_s1,fp32,55,13,47612069,250000000
nmc_t6plain_us06_s1,fp32,55,14,47612069,250000000
nmc_t6plain_us06_s1,fp32,55,15,47612069,250000000
nmc_t6plain_us06_s1,fp32,56,0,47614866,250000000
nmc_t6plain_us06_s1,fp32,56,1,47614811,250000000
nmc_t6plain_us06_s1,fp32,56,2,47614811,250000000
nmc_t6plain_us06_s1,fp32,56,3,47614811,250000000
nmc_t6plain_us06_s1,fp32,56,4,47614811,250000000
nmc_t6plain_us06_s1,fp32,56,5,47614811,250000000
nmc_t6plain_us06_s1,fp32,56,6,47614811,250000000
nmc_t6plain_us06_s1,fp32,56,7,47614811,250000000
nmc_t6plain_us06_s1,fp32,56,8,47614811,250000000
nmc_t6plain_us06_s1,fp32,56,9,47614811,250000000
nmc_t6plain_us06_s1,fp32,56,10,47614811,250000000
nmc_t6plain_us06_s1,fp32,56,11,47614811,250000000
nmc_t6plain_us06_s1,fp32,56,12,47614811,250000000
nmc_t6plain_us06_s1,fp32,56,13,47614811,250000000
nmc_t6plain_us06_s1,fp32,56,14,47614811,250000000
nmc_t6plain_us06_s1,fp32,56,15,47614811,250000000
nmc_t6plain_us06_s1,fp32,57,0,47623710,250000000
nmc_t6plain_us06_s1,fp32,57,1,47623655,250000000
nmc_t6plain_us06_s1,fp32,57,2,47623655,250000000
nmc_t6plain_us06_s1,fp32,57,3,47623655,250000000
nmc_t6plain_us06_s1,fp32,57,4,47623655,250000000
nmc_t6plain_us06_s1,fp32,57,5,47623655,250000000
nmc_t6plain_us06_s1,fp32,57,6,47623655,250000000
nmc_t6plain_us06_s1,fp32,57,7,47623655,250000000
nmc_t6plain_us06_s1,fp32,57,8,47623655,250000000
nmc_t6plain_us06_s1,fp32,57,9,47623655,250000000
nmc_t6plain_us06_s1,fp32,57,10,47623655,250000000
nmc_t6plain_us06_s1,fp32,57,11,47623655,250000000
nmc_t6plain_us06_s1,fp32,57,12,47623655,250000000
nmc_t6plain_us06_s1,fp32,57,13,47623655,250000000
nmc_t6plain_us06_s1,fp32,57,14,47623655,250000000
nmc_t6plain_us06_s1,fp32,57,15,47623655,250000000
nmc_t6plain_us06_s1,fp32,58,0,47646167,250000000
nmc_t6plain_us06_s1,fp32,58,1,47646119,250000000
nmc_t6plain_us06_s1,fp32,58,2,47646119,250000000
nmc_t6plain_us06_s1,fp32,58,3,47646119,250000000
nmc_t6plain_us06_s1,fp32,58,4,47646119,250000000
nmc_t6plain_us06_s1,fp32,58,5,47646119,250000000
nmc_t6plain_us06_s1,fp32,58,6,47646119,250000000
nmc_t6plain_us06_s1,fp32,58,7,47646119,250000000
nmc_t6plain_us06_s1,fp32,58,8,47646119,250000000
nmc_t6plain_us06_s1,fp32,58,9,47646119,250000000
nmc_t6plain_us06_s1,fp32,58,10,47646119,250000000
nmc_t6plain_us06_s1,fp32,58,11,47646119,250000000
nmc_t6plain_us06_s1,fp32,58,12,47646119,250000000
nmc_t6plain_us06_s1,fp32,58,13,47646119,250000000
nmc_t6plain_us06_s1,fp32,58,14,47646119,250000000
nmc_t6plain_us06_s1,fp32,58,15,47646119,250000000
nmc_t6plain_us06_s1,fp32,59,0,47663645,250000000
nmc_t6plain_us06_s1,fp32,59,1,47663597,250000000
nmc_t6plain_us06_s1,fp32,59,2,47663597,250000000
nmc_t6plain_us06_s1,fp32,59,3,47663597,250000000
nmc_t6plain_us06_s1,fp32,59,4,47663597,250000000
nmc_t6plain_us06_s1,fp32,59,5,47663597,250000000
nmc_t6plain_us06_s1,fp32,59,6,47663597,250000000
nmc_t6plain_us06_s1,fp32,59,7,47663597,250000000
nmc_t6plain_us06_s1,fp32,59,8,47663597,250000000
nmc_t6plain_us06_s1,fp32,59,9,47663597,250000000
nmc_t6plain_us06_s1,fp32,59,10,47663597,250000000
nmc_t6plain_us06_s1,fp32,59,11,47663597,250000000
nmc_t6plain_us06_s1,fp32,59,12,47663597,250000000
nmc_t6plain_us06_s1,fp32,59,13,47663597,250000000
nmc_t6plain_us06_s1,fp32,59,14,47663597,250000000
nmc_t6plain_us06_s1,fp32,59,15,47663597,250000000
nmc_t6plain_us06_s1,fp32,60,0,47657021,250000000
nmc_t6plain_us06_s1,fp32,60,1,47656973,250000000
nmc_t6plain_us06_s1,fp32,60,2,47656973,250000000
nmc_t6plain_us06_s1,fp32,60,3,47656973,250000000
nmc_t6plain_us06_s1,fp32,60,4,47656973,250000000
nmc_t6plain_us06_s1,fp32,60,5,47656973,250000000
nmc_t6plain_us06_s1,fp32,60,6,47656973,250000000
nmc_t6plain_us06_s1,fp32,60,7,47656973,250000000
nmc_t6plain_us06_s1,fp32,60,8,47656973,250000000
nmc_t6plain_us06_s1,fp32,60,9,47656973,250000000
nmc_t6plain_us06_s1,fp32,60,10,47656973,250000000
nmc_t6plain_us06_s1,fp32,60,11,47656973,250000000
nmc_t6plain_us06_s1,fp32,60,12,47656973,250000000
nmc_t6plain_us06_s1,fp32,60,13,47656973,250000000
nmc_t6plain_us06_s1,fp32,60,14,47656973,250000000
nmc_t6plain_us06_s1,fp32,60,15,47656973,250000000
nmc_t6plain_us06_s1,fp32,61,0,47640254,250000000
nmc_t6plain_us06_s1,fp32,61,1,47640206,250000000
nmc_t6plain_us06_s1,fp32,61,2,47640206,250000000
nmc_t6plain_us06_s1,fp32,61,3,47640206,250000000
nmc_t6plain_us06_s1,fp32,61,4,47640206,250000000
nmc_t6plain_us06_s1,fp32,61,5,47640206,250000000
nmc_t6plain_us06_s1,fp32,61,6,47640206,250000000
nmc_t6plain_us06_s1,fp32,61,7,47640206,250000000
nmc_t6plain_us06_s1,fp32,61,8,47640206,250000000
nmc_t6plain_us06_s1,fp32,61,9,47640206,250000000
nmc_t6plain_us06_s1,fp32,61,10,47640206,250000000
nmc_t6plain_us06_s1,fp32,61,11,47640206,250000000
nmc_t6plain_us06_s1,fp32,61,12,47640206,250000000
nmc_t6plain_us06_s1,fp32,61,13,47640206,250000000
nmc_t6plain_us06_s1,fp32,61,14,47640206,250000000
nmc_t6plain_us06_s1,fp32,61,15,47640206,250000000
nmc_t6plain_us06_s1,fp32,62,0,47617607,250000000
nmc_t6plain_us06_s1,fp32,62,1,47617561,250000000
nmc_t6plain_us06_s1,fp32,62,2,47617561,250000000
nmc_t6plain_us06_s1,fp32,62,3,47617561,250000000
nmc_t6plain_us06_s1,fp32,62,4,47617561,250000000
nmc_t6plain_us06_s1,fp32,62,5,47617561,250000000
nmc_t6plain_us06_s1,fp32,62,6,47617561,250000000
nmc_t6plain_us06_s1,fp32,62,7,47617561,250000000
nmc_t6plain_us06_s1,fp32,62,8,47617561,250000000
nmc_t6plain_us06_s1,fp32,62,9,47617561,250000000
nmc_t6plain_us06_s1,fp32,62,10,47617561,250000000
nmc_t6plain_us06_s1,fp32,62,11,47617561,250000000
nmc_t6plain_us06_s1,fp32,62,12,47617561,250000000
nmc_t6plain_us06_s1,fp32,62,13,47617561,250000000
nmc_t6plain_us06_s1,fp32,62,14,47617561,250000000
nmc_t6plain_us06_s1,fp32,62,15,47617561,250000000
nmc_t6plain_us06_s1,fp32,63,0,47487103,250000000
nmc_t6plain_us06_s1,fp32,63,1,47487057,250000000
nmc_t6plain_us06_s1,fp32,63,2,47487057,250000000
nmc_t6plain_us06_s1,fp32,63,3,47487057,250000000
nmc_t6plain_us06_s1,fp32,63,4,47487057,250000000
nmc_t6plain_us06_s1,fp32,63,5,47487057,250000000
nmc_t6plain_us06_s1,fp32,63,6,47487057,250000000
nmc_t6plain_us06_s1,fp32,63,7,47487057,250000000
nmc_t6plain_us06_s1,fp32,63,8,47487057,250000000
nmc_t6plain_us06_s1,fp32,63,9,47487057,250000000
nmc_t6plain_us06_s1,fp32,63,10,47487057,250000000
nmc_t6plain_us06_s1,fp32,63,11,47487057,250000000
nmc_t6plain_us06_s1,fp32,63,12,47487057,250000000
nmc_t6plain_us06_s1,fp32,63,13,47487057,250000000
nmc_t6plain_us06_s1,fp32,63,14,47487057,250000000
nmc_t6plain_us06_s1,fp32,63,15,47487057,250000000
nmc_t6plain_us06_s2,fp32,0,0,47613359,250000000
nmc_t6plain_us06_s2,fp32,0,1,47613359,250000000
nmc_t6plain_us06_s2,fp32,0,2,47613359,250000000
nmc_t6plain_us06_s2,fp32,0,3,47613359,250000000
nmc_t6plain_us06_s2,fp32,0,4,47613359,250000000
nmc_t6plain_us06_s2,fp32,0,5,47613359,250000000
nmc_t6plain_us06_s2,fp32,0,6,47613359,250000000
nmc_t6plain_us06_s2,fp32,0,7,47613359,250000000
nmc_t6plain_us06_s2,fp32,0,8,47613359,250000000
nmc_t6plain_us06_s2,fp32,0,9,47613359,250000000
nmc_t6plain_us06_s2,fp32,0,10,47613359,250000000
nmc_t6plain_us06_s2,fp32,0,11,47613359,250000000
nmc_t6plain_us06_s2,fp32,0,12,47613359,250000000
nmc_t6plain_us06_s2,fp32,0,13,47613359,250000000
nmc_t6plain_us06_s2,fp32,0,14,47613359,250000000
nmc_t6plain_us06_s2,fp32,0,15,47613359,250000000
nmc_t6plain_us06_s2,fp32,1,0,47623313,250000000
nmc_t6plain_us06_s2,fp32,1,1,47623267,250000000
nmc_t6plain_us06_s2,fp32,1,2,47623267,250000000
nmc_t6plain_us06_s2,fp32,1,3,47623267,250000000
nmc_t6plain_us06_s2,fp32,1,4,47623267,250000000
nmc_t6plain_us06_s2,fp32,1,5,47623267,250000000
nmc_t6plain_us06_s2,fp32,1,6,47623267,250000000
nmc_t6plain_us06_s2,fp32,1,7,47623267,250000000
nmc_t6plain_us06_s2,fp32,1,8,47623267,250000000
nmc_t6plain_us06_s2,fp32,1,9,47623267,250000000
nmc_t6plain_us06_s2,fp32,1,10,47623267,250000000
nmc_t6plain_us06_s2,fp32,1,11,47623267,250000000
nmc_t6plain_us06_s2,fp32,1,12,47623267,250000000
nmc_t6plain_us06_s2,fp32,1,13,47623267,250000000
nmc_t6plain_us06_s2,fp32,1,14,47623267,250000000
nmc_t6plain_us06_s2,fp32,1,15,47623267,250000000
nmc_t6plain_us06_s2,fp32,2,0,47638165,250000000
nmc_t6plain_us06_s2,fp32,2,1,47638119,250000000
nmc_t6plain_us06_s2,fp32,2,2,47638119,250000000
nmc_t6plain_us06_s2,fp32,2,3,47638119,250000000
nmc_t6plain_us06_s2,fp32,2,4,47638119,250000000
nmc_t6plain_us06_s2,fp32,2,5,47638119,250000000
nmc_t6plain_us06_s2,fp32,2,6,47638119,250000000
nmc_t6plain_us06_s2,fp32,2,7,47638119,250000000
nmc_t6plain_us06_s2,fp32,2,8,47638119,250000000
nmc_t6plain_us06_s2,fp32,2,9,47638119,250000000
nmc_t6plain_us06_s2,fp32,2,10,47638119,250000000
nmc_t6plain_us06_s2,fp32,2,11,47638119,250000000
nmc_t6plain_us06_s2,fp32,2,12,47638119,250000000
nmc_t6plain_us06_s2,fp32,2,13,47638119,250000000
nmc_t6plain_us06_s2,fp32,2,14,47638119,250000000
nmc_t6plain_us06_s2,fp32,2,15,47638119,250000000
nmc_t6plain_us06_s2,fp32,3,0,47667477,250000000
nmc_t6plain_us06_s2,fp32,3,1,47667424,250000000
nmc_t6plain_us06_s2,fp32,3,2,47667424,250000000
nmc_t6plain_us06_s2,fp32,3,3,47667424,250000000
nmc_t6plain_us06_s2,fp32,3,4,47667424,250000000
nmc_t6plain_us06_s2,fp32,3,5,47667424,250000000
nmc_t6plain_us06_s2,fp32,3,6,47667424,250000000
nmc_t6plain_us06_s2,fp32,3,7,47667424,250000000
nmc_t6plain_us06_s2,fp32,3,8,47667424,250000000
nmc_t6plain_us06_s2,fp32,3,9,47667424,250000000
nmc_t6plain_us06_s2,fp32,3,10,47667424,250000000
nmc_t6plain_us06_s2,fp32,3,11,47667424,250000000
nmc_t6plain_us06_s2,fp32,3,12,47667424,250000000
nmc_t6plain_us06_s2,fp32,3,13,47667424,250000000
nmc_t6plain_us06_s2,fp32,3,14,47667424,250000000
nmc_t6plain_us06_s2,fp32,3,15,47667424,250000000
nmc_t6plain_us06_s2,fp32,4,0,47664920,250000000
nmc_t6plain_us06_s2,fp32,4,1,47664867,250000000
nmc_t6plain_us06_s2,fp32,4,2,47664867,250000000
nmc_t6plain_us06_s2,fp32,4,3,47664867,250000000
nmc_t6plain_us06_s2,fp32,4,4,47664867,250000000
nmc_t6plain_us06_s2,fp32,4,5,47664867,250000000
nmc_t6plain_us06_s2,fp32,4,6,47664867,250000000
nmc_t6plain_us06_s2,fp32,4,7,47664867,250000000
nmc_t6plain_us06_s2,fp32,4,8,47664867,250000000
nmc_t6plain_us06_s2,fp32,4,9,47664867,250000000
nmc_t6plain_us06_s2,fp32,4,10,47664867,250000000
nmc_t6plain_us06_s2,fp32,4,11,47664867,250000000
nmc_t6plain_us06_s2,fp32,4,12,47664867,250000000
nmc_t6plain_us06_s2,fp32,4,13,47664867,250000000
nmc_t6plain_us06_s2,fp32,4,14,47664867,250000000
nmc_t6plain_us06_s2,fp32,4,15,47664867,250000000
nmc_t6plain_us06_s2,fp32,5,0,47674138,250000000
nmc_t6plain_us06_s2,fp32,5,1,47674085,250000000
nmc_t6plain_us06_s2,fp32,5,2,47674085,250000000
nmc_t6plain_us06_s2,fp32,5,3,47674085,250000000
nmc_t6plain_us06_s2,fp32,5,4,47674085,250000000
nmc_t6plain_us06_s2,fp32,5,5,47674085,250000000
nmc_t6plain_us06_s2,fp32,5,6,47674085,250000000
nmc_t6plain_us06_s2,fp32,5,7,47674085,250000000
nmc_t6plain_us06_s2,fp32,5,8,47674085,250000000
nmc_t6plain_us06_s2,fp32,5,9,47674085,250000000
nmc_t6plain_us06_s2,fp32,5,10,47674085,250000000
nmc_t6plain_us06_s2,fp32,5,11,47674085,250000000
nmc_t6plain_us06_s2,fp32,5,12,47674085,250000000
nmc_t6plain_us06_s2,fp32,5,13,47674085,250000000
nmc_t6plain_us06_s2,fp32,5,14,47674085,250000000
nmc_t6plain_us06_s2,fp32,5,15,47674085,250000000
nmc_t6plain_us06_s2,fp32,6,0,47675320,250000000
nmc_t6plain_us06_s2,fp32,6,1,47675267,250000000
nmc_t6plain_us06_s2,fp32,6,2,47675267,250000000
nmc_t6plain_us06_s2,fp32,6,3,47675267,250000000
nmc_t6plain_us06_s2,fp32,6,4,47675267,250000000
nmc_t6plain_us06_s2,fp32,6,5,47675267,250000000
nmc_t6plain_us06_s2,fp32,6,6,47675267,250000000
nmc_t6plain_us06_s2,fp32,6,7,47675267,250000000
nmc_t6plain_us06_s2,fp32,6,8,47675267,250000000
nmc_t6plain_us06_s2,fp32,6,9,47675267,250000000
nmc_t6plain_us06_s2,fp32,6,10,47675267,250000000
nmc_t6plain_us06_s2,fp32,6,11,47675267,250000000
nmc_t6plain_us06_s2,fp32,6,12,47675267,250000000
nmc_t6plain_us06_s2,fp32,6,13,47675267,250000000
nmc_t6plain_us06_s2,fp32,6,14,47675267,250000000
nmc_t6plain_us06_s2,fp32,6,15,47675267,250000000
nmc_t6plain_us06_s2,fp32,7,0,47707517,250000000
nmc_t6plain_us06_s2,fp32,7,1,47707464,250000000
nmc_t6plain_us06_s2,fp32,7,2,47707464,250000000
nmc_t6plain_us06_s2,fp32,7,3,47707464,250000000
nmc_t6plain_us06_s2,fp32,7,4,47707464,250000000
nmc_t6plain_us06_s2,fp32,7,5,47707464,250000000
nmc_t6plain_us06_s2,fp32,7,6,47707464,250000000
nmc_t6plain_us06_s2,fp32,7,7,47707464,250000000
nmc_t6plain_us06_s2,fp32,7,8,47707464,250000000
nmc_t6plain_us06_s2,fp32,7,9,47707464,250000000
nmc_t6plain_us06_s2,fp32,7,10,47707464,250000000
nmc_t6plain_us06_s2,fp32,7,11,47707464,250000000
nmc_t6plain_us06_s2,fp32,7,12,47707464,250000000
nmc_t6plain_us06_s2,fp32,7,13,47707464,250000000
nmc_t6plain_us06_s2,fp32,7,14,47707464,250000000
nmc_t6plain_us06_s2,fp32,7,15,47707464,250000000
nmc_t6plain_us06_s2,fp32,8,0,47702965,250000000
nmc_t6plain_us06_s2,fp32,8,1,47702942,250000000
nmc_t6plain_us06_s2,fp32,8,2,47702942,250000000
nmc_t6plain_us06_s2,fp32,8,3,47702942,250000000
nmc_t6plain_us06_s2,fp32,8,4,47702942,250000000
nmc_t6plain_us06_s2,fp32,8,5,47702942,250000000
nmc_t6plain_us06_s2,fp32,8,6,47702942,250000000
nmc_t6plain_us06_s2,fp32,8,7,47702942,250000000
nmc_t6plain_us06_s2,fp32,8,8,47702942,250000000
nmc_t6plain_us06_s2,fp32,8,9,47702942,250000000
nmc_t6plain_us06_s2,fp32,8,10,47702942,250000000
nmc_t6plain_us06_s2,fp32,8,11,47702942,250000000
nmc_t6plain_us06_s2,fp32,8,12,47702942,250000000
nmc_t6plain_us06_s2,fp32,8,13,47702942,250000000
nmc_t6plain_us06_s2,fp32,8,14,47702942,250000000
nmc_t6plain_us06_s2,fp32,8,15,47702942,250000000
nmc_t6plain_us06_s2,fp32,9,0,47698589,250000000
nmc_t6plain_us06_s2,fp32,9,1,47698566,250000000
nmc_t6plain_us06_s2,fp32,9,2,47698566,250000000
nmc_t6plain_us06_s2,fp32,9,3,47698566,250000000
nmc_t6plain_us06_s2,fp32,9,4,47698566,250000000
nmc_t6plain_us06_s2,fp32,9,5,47698566,250000000
nmc_t6plain_us06_s2,fp32,9,6,47698566,250000000
nmc_t6plain_us06_s2,fp32,9,7,47698566,250000000
nmc_t6plain_us06_s2,fp32,9,8,47698566,250000000
nmc_t6plain_us06_s2,fp32,9,9,47698566,250000000
nmc_t6plain_us06_s2,fp32,9,10,47698566,250000000
nmc_t6plain_us06_s2,fp32,9,11,47698566,250000000
nmc_t6plain_us06_s2,fp32,9,12,47698566,250000000
nmc_t6plain_us06_s2,fp32,9,13,47698566,250000000
nmc_t6plain_us06_s2,fp32,9,14,47698566,250000000
nmc_t6plain_us06_s2,fp32,9,15,47698566,250000000
nmc_t6plain_us06_s2,fp32,10,0,47699750,250000000
nmc_t6plain_us06_s2,fp32,10,1,47699727,250000000
nmc_t6plain_us06_s2,fp32,10,2,47699727,250000000
nmc_t6plain_us06_s2,fp32,10,3,47699727,250000000
nmc_t6plain_us06_s2,fp32,10,4,47699727,250000000
nmc_t6plain_us06_s2,fp32,10,5,47699727,250000000
nmc_t6plain_us06_s2,fp32,10,6,47699727,250000000
nmc_t6plain_us06_s2,fp32,10,7,47699727,250000000
nmc_t6plain_us06_s2,fp32,10,8,47699727,250000000
nmc_t6plain_us06_s2,fp32,10,9,47699727,250000000
nmc_t6plain_us06_s2,fp32,10,10,47699727,250000000
nmc_t6plain_us06_s2,fp32,10,11,47699727,250000000
nmc_t6plain_us06_s2,fp32,10,12,47699727,250000000
nmc_t6plain_us06_s2,fp32,10,13,47699727,250000000
nmc_t6plain_us06_s2,fp32,10,14,47699727,250000000
nmc_t6plain_us06_s2,fp32,10,15,47699727,250000000
nmc_t6plain_us06_s2,fp32,11,0,47689214,250000000
nmc_t6plain_us06_s2,fp32,11,1,47689161,250000000
nmc_t6plain_us06_s2,fp32,11,2,47689161,250000000
nmc_t6plain_us06_s2,fp32,11,3,47689161,250000000
nmc_t6plain_us06_s2,fp32,11,4,47689161,250000000
nmc_t6plain_us06_s2,fp32,11,5,47689161,250000000
nmc_t6plain_us06_s2,fp32,11,6,47689161,250000000
nmc_t6plain_us06_s2,fp32,11,7,47689161,250000000
nmc_t6plain_us06_s2,fp32,11,8,47689161,250000000
nmc_t6plain_us06_s2,fp32,11,9,47689161,250000000
nmc_t6plain_us06_s2,fp32,11,10,47689161,250000000
nmc_t6plain_us06_s2,fp32,11,11,47689161,250000000
nmc_t6plain_us06_s2,fp32,11,12,47689161,250000000
nmc_t6plain_us06_s2,fp32,11,13,47689161,250000000
nmc_t6plain_us06_s2,fp32,11,14,47689161,250000000
nmc_t6plain_us06_s2,fp32,11,15,47689161,250000000
nmc_t6plain_us06_s2,fp32,12,0,47671619,250000000
nmc_t6plain_us06_s2,fp32,12,1,47671564,250000000
nmc_t6plain_us06_s2,fp32,12,2,47671564,250000000
nmc_t6plain_us06_s2,fp32,12,3,47671564,250000000
nmc_t6plain_us06_s2,fp32,12,4,47671564,250000000
nmc_t6plain_us06_s2,fp32,12,5,47671564,250000000
nmc_t6plain_us06_s2,fp32,12,6,47671564,250000000
nmc_t6plain_us06_s2,fp32,12,7,47671564,250000000
nmc_t6plain_us06_s2,fp32,12,8,47671564,250000000
nmc_t6plain_us06_s2,fp32,12,9,47671564,250000000
nmc_t6plain_us06_s2,fp32,12,10,47671564,250000000
nmc_t6plain_us06_s2,fp32,12,11,47671564,250000000
nmc_t6plain_us06_s2,fp32,12,12,47671564,250000000
nmc_t6plain_us06_s2,fp32,12,13,47671564,250000000
nmc_t6plain_us06_s2,fp32,12,14,47671564,250000000
nmc_t6plain_us06_s2,fp32,12,15,47671564,250000000
nmc_t6plain_us06_s2,fp32,13,0,47670951,250000000
nmc_t6plain_us06_s2,fp32,13,1,47670896,250000000
nmc_t6plain_us06_s2,fp32,13,2,47670896,250000000
nmc_t6plain_us06_s2,fp32,13,3,47670896,250000000
nmc_t6plain_us06_s2,fp32,13,4,47670896,250000000
nmc_t6plain_us06_s2,fp32,13,5,47670896,250000000
nmc_t6plain_us06_s2,fp32,13,6,47670896,250000000
nmc_t6plain_us06_s2,fp32,13,7,47670896,250000000
nmc_t6plain_us06_s2,fp32,13,8,47670896,250000000
nmc_t6plain_us06_s2,fp32,13,9,47670896,250000000
nmc_t6plain_us06_s2,fp32,13,10,47670896,250000000
nmc_t6plain_us06_s2,fp32,13,11,47670896,250000000
nmc_t6plain_us06_s2,fp32,13,12,47670896,250000000
nmc_t6plain_us06_s2,fp32,13,13,47670896,250000000
nmc_t6plain_us06_s2,fp32,13,14,47670896,250000000
nmc_t6plain_us06_s2,fp32,13,15,47670896,250000000
nmc_t6plain_us06_s2,fp32,14,0,47675551,250000000
nmc_t6plain_us06_s2,fp32,14,1,47675496,250000000
nmc_t6plain_us06_s2,fp32,14,2,47675496,250000000
nmc_t6plain_us06_s2,fp32,14,3,47675496,250000000
nmc_t6plain_us06_s2,fp32,14,4,47675496,250000000
nmc_t6plain_us06_s2,fp32,14,5,47675496,250000000
nmc_t6plain_us06_s2,fp32,14,6,47675496,250000000
nmc_t6plain_us06_s2,fp32,14,7,47675496,250000000
nmc_t6plain_us06_s2,fp32,14,8,47675496,250000000
nmc_t6plain_us06_s2,fp32,14,9,47675496,250000000
nmc_t6plain_us06_s2,fp32,14,10,47675496,250000000
nmc_t6plain_us06_s2,fp32,14,11,47675496,250000000
nmc_t6plain_us06_s2,fp32,14,12,47675496,250000000
nmc_t6plain_us06_s2,fp32,14,13,47675496,250000000
nmc_t6plain_us06_s2,fp32,14,14,47675496,250000000
nmc_t6plain_us06_s2,fp32,14,15,47675496,250000000
nmc_t6plain_us06_s2,fp32,15,0,47669593,250000000
nmc_t6plain_us06_s2,fp32,15,1,47669538,250000000
nmc_t6plain_us06_s2,fp32,15,2,47669538,250000000
nmc_t6plain_us06_s2,fp32,15,3,47669538,250000000
nmc_t6plain_us06_s2,fp32,15,4,47669538,250000000
nmc_t6plain_us06_s2,fp32,15,5,47669538,250000000
nmc_t6plain_us06_s2,fp32,15,6,47669538,250000000
nmc_t6plain_us06_s2,fp32,15,7,47669538,250000000
nmc_t6plain_us06_s2,fp32,15,8,47669538,250000000
nmc_t6plain_us06_s2,fp32,15,9,47669538,250000000
nmc_t6plain_us06_s2,fp32,15,10,47669538,250000000
nmc_t6plain_us06_s2,fp32,15,11,47669538,250000000
nmc_t6plain_us06_s2,fp32,15,12,47669538,250000000
nmc_t6plain_us06_s2,fp32,15,13,47669538,250000000
nmc_t6plain_us06_s2,fp32,15,14,47669538,250000000
nmc_t6plain_us06_s2,fp32,15,15,47669538,250000000
nmc_t6plain_us06_s2,fp32,16,0,47648731,250000000
nmc_t6plain_us06_s2,fp32,16,1,47648683,250000000
nmc_t6plain_us06_s2,fp32,16,2,47648683,250000000
nmc_t6plain_us06_s2,fp32,16,3,47648683,250000000
nmc_t6plain_us06_s2,fp32,16,4,47648683,250000000
nmc_t6plain_us06_s2,fp32,16,5,47648683,250000000
nmc_t6plain_us06_s2,fp32,16,6,47648683,250000000
nmc_t6plain_us06_s2,fp32,16,7,47648683,250000000
nmc_t6plain_us06_s2,fp32,16,8,47648683,250000000
nmc_t6plain_us06_s2,fp32,16,9,47648683,250000000
nmc_t6plain_us06_s2,fp32,16,10,47648683,250000000
nmc_t6plain_us06_s2,fp32,16,11,47648683,250000000
nmc_t6plain_us06_s2,fp32,16,12,47648683,250000000
nmc_t6plain_us06_s2,fp32,16,13,47648683,250000000
nmc_t6plain_us06_s2,fp32,16,14,47648683,250000000
nmc_t6plain_us06_s2,fp32,16,15,47648683,250000000
nmc_t6plain_us06_s2,fp32,17,0,47635761,250000000
nmc_t6plain_us06_s2,fp32,17,1,47635713,250000000
nmc_t6plain_us06_s2,fp32,17,2,47635713,250000000
nmc_t6plain_us06_s2,fp32,17,3,47635713,250000000
nmc_t6plain_us06_s2,fp32,17,4,47635713,250000000
nmc_t6plain_us06_s2,fp32,17,5,47635713,250000000
nmc_t6plain_us06_s2,fp32,17,6,47635713,250000000
nmc_t6plain_us06_s2,fp32,17,7,47635713,250000000
nmc_t6plain_us06_s2,fp32,17,8,47635713,250000000
nmc_t6plain_us06_s2,fp32,17,9,47635713,250000000
nmc_t6plain_us06_s2,fp32,17,10,47635713,250000000
nmc_t6plain_us06_s2,fp32,17,11,47635713,250000000
nmc_t6plain_us06_s2,fp32,17,12,47635713,250000000
nmc_t6plain_us06_s2,fp32,17,13,47635713,250000000
nmc_t6plain_us06_s2,fp32,17,14,47635713,250000000
nmc_t6plain_us06_s2,fp32,17,15,47635713,250000000
nmc_t6plain_us06_s2,fp32,18,0,47636891,250000000
nmc_t6plain_us06_s2,fp32,18,1,47636843,250000000
nmc_t6plain_us06_s2,fp32,18,2,47636843,250000000
nmc_t6plain_us06_s2,fp32,18,3,47636843,250000000
nmc_t6plain_us06_s2,fp32,18,4,47636843,250000000
nmc_t6plain_us06_s2,fp32,18,5,47636843,250000000
nmc_t6plain_us06_s2,fp32,18,6,47636843,250000000
nmc_t6plain_us06_s2,fp32,18,7,47636843,250000000
nmc_t6plain_us06_s2,fp32,18,8,47636843,250000000
nmc_t6plain_us06_s2,fp32,18,9,47636843,250000000
nmc_t6plain_us06_s2,fp32,18,10,47636843,250000000
nmc_t6plain_us06_s2,fp32,18,11,47636843,250000000
nmc_t6plain_us06_s2,fp32,18,12,47636843,250000000
nmc_t6plain_us06_s2,fp32,18,13,47636843,250000000
nmc_t6plain_us06_s2,fp32,18,14,47636843,250000000
nmc_t6plain_us06_s2,fp32,18,15,47636843,250000000
nmc_t6plain_us06_s2,fp32,19,0,47643561,250000000
nmc_t6plain_us06_s2,fp32,19,1,47643513,250000000
nmc_t6plain_us06_s2,fp32,19,2,47643513,250000000
nmc_t6plain_us06_s2,fp32,19,3,47643513,250000000
nmc_t6plain_us06_s2,fp32,19,4,47643513,250000000
nmc_t6plain_us06_s2,fp32,19,5,47643513,250000000
nmc_t6plain_us06_s2,fp32,19,6,47643513,250000000
nmc_t6plain_us06_s2,fp32,19,7,47643513,250000000
nmc_t6plain_us06_s2,fp32,19,8,47643513,250000000
nmc_t6plain_us06_s2,fp32,19,9,47643513,250000000
nmc_t6plain_us06_s2,fp32,19,10,47643513,250000000
nmc_t6plain_us06_s2,fp32,19,11,47643513,250000000
nmc_t6plain_us06_s2,fp32,19,12,47643513,250000000
nmc_t6plain_us06_s2,fp32,19,13,47643513,250000000
nmc_t6plain_us06_s2,fp32,19,14,47643513,250000000
nmc_t6plain_us06_s2,fp32,19,15,47643513,250000000
nmc_t6plain_us06_s2,fp32,20,0,47600147,250000000
nmc_t6plain_us06_s2,fp32,20,1,47600099,250000000
nmc_t6plain_us06_s2,fp32,20,2,47600099,250000000
nmc_t6plain_us06_s2,fp32,20,3,47600099,250000000
nmc_t6plain_us06_s2,fp32,20,4,47600099,250000000
nmc_t6plain_us06_s2,fp32,20,5,47600099,250000000
nmc_t6plain_us06_s2,fp32,20,6,47600099,250000000
nmc_t6plain_us06_s2,fp32,20,7,47600099,250000000
nmc_t6plain_us06_s2,fp32,20,8,47600099,250000000
nmc_t6plain_us06_s2,fp32,20,9,47600099,250000000
nmc_t6plain_us06_s2,fp32,20,10,47600099,250000000
nmc_t6plain_us06_s2,fp32,20,11,47600099,250000000
nmc_t6plain_us06_s2,fp32,20,12,47600099,250000000
nmc_t6plain_us06_s2,fp32,20,13,47600099,250000000
nmc_t6plain_us06_s2,fp32,20,14,47600099,250000000
nmc_t6plain_us06_s2,fp32,20,15,47600099,250000000
nmc_t6plain_us06_s2,fp32,21,0,47573295,250000000
nmc_t6plain_us06_s2,fp32,21,1,47573247,250000000
nmc_t6plain_us06_s2,fp32,21,2,47573247,250000000
nmc_t6plain_us06_s2,fp32,21,3,47573247,250000000
nmc_t6plain_us06_s2,fp32,21,4,47573247,250000000
nmc_t6plain_us06_s2,fp32,21,5,47573247,250000000
nmc_t6plain_us06_s2,fp32,21,6,47573247,250000000
nmc_t6plain_us06_s2,fp32,21,7,47573247,250000000
nmc_t6plain_us06_s2,fp32,21,8,47573247,250000000
nmc_t6plain_us06_s2,fp32,21,9,47573247,250000000
nmc_t6plain_us06_s2,fp32,21,10,47573247,250000000
nmc_t6plain_us06_s2,fp32,21,11,47573247,250000000
nmc_t6plain_us06_s2,fp32,21,12,47573247,250000000
nmc_t6plain_us06_s2,fp32,21,13,47573247,250000000
nmc_t6plain_us06_s2,fp32,21,14,47573247,250000000
nmc_t6plain_us06_s2,fp32,21,15,47573247,250000000
nmc_t6plain_us06_s2,fp32,22,0,47621316,250000000
nmc_t6plain_us06_s2,fp32,22,1,47621270,250000000
nmc_t6plain_us06_s2,fp32,22,2,47621270,250000000
nmc_t6plain_us06_s2,fp32,22,3,47621270,250000000
nmc_t6plain_us06_s2,fp32,22,4,47621270,250000000
nmc_t6plain_us06_s2,fp32,22,5,47621270,250000000
nmc_t6plain_us06_s2,fp32,22,6,47621270,250000000
nmc_t6plain_us06_s2,fp32,22,7,47621270,250000000
nmc_t6plain_us06_s2,fp32,22,8,47621270,250000000
nmc_t6plain_us06_s2,fp32,22,9,47621270,250000000
nmc_t6plain_us06_s2,fp32,22,10,47621270,250000000
nmc_t6plain_us06_s2,fp32,22,11,47621270,250000000
nmc_t6plain_us06_s2,fp32,22,12,47621270,250000000
nmc_t6plain_us06_s2,fp32,22,13,47621270,250000000
nmc_t6plain_us06_s2,fp32,22,14,47621270,250000000
nmc_t6plain_us06_s2,fp32,22,15,47621270,250000000
nmc_t6plain_us06_s2,fp32,23,0,47645222,250000000
nmc_t6plain_us06_s2,fp32,23,1,47645176,250000000
nmc_t6plain_us06_s2,fp32,23,2,47645176,250000000
nmc_t6plain_us06_s2,fp32,23,3,47645176,250000000
nmc_t6plain_us06_s2,fp32,23,4,47645176,250000000
nmc_t6plain_us06_s2,fp32,23,5,47645176,250000000
nmc_t6plain_us06_s2,fp32,23,6,47645176,250000000
nmc_t6plain_us06_s2,fp32,23,7,47645176,250000000
nmc_t6plain_us06_s2,fp32,23,8,47645176,250000000
nmc_t6plain_us06_s2,fp32,23,9,47645176,250000000
nmc_t6plain_us06_s2,fp32,23,10,47645176,250000000
nmc_t6plain_us06_s2,fp32,23,11,47645176,250000000
nmc_t6plain_us06_s2,fp32,23,12,47645176,250000000
nmc_t6plain_us06_s2,fp32,23,13,47645176,250000000
nmc_t6plain_us06_s2,fp32,23,14,47645176,250000000
nmc_t6plain_us06_s2,fp32,23,15,47645176,250000000
nmc_t6plain_us06_s2,fp32,24,0,47663167,250000000
nmc_t6plain_us06_s2,fp32,24,1,47663121,250000000
nmc_t6plain_us06_s2,fp32,24,2,47663121,250000000
nmc_t6plain_us06_s2,fp32,24,3,47663121,250000000
nmc_t6plain_us06_s2,fp32,24,4,47663121,250000000
nmc_t6plain_us06_s2,fp32,24,5,47663121,250000000
nmc_t6plain_us06_s2,fp32,24,6,47663121,250000000
nmc_t6plain_us06_s2,fp32,24,7,47663121,250000000
nmc_t6plain_us06_s2,fp32,24,8,47663121,250000000
nmc_t6plain_us06_s2,fp32,24,9,47663121,250000000
nmc_t6plain_us06_s2,fp32,24,10,47663121,250000000
nmc_t6plain_us06_s2,fp32,24,11,47663121,250000000
nmc_t6plain_us06_s2,fp32,24,12,47663121,250000000
nmc_t6plain_us06_s2,fp32,24,13,47663121,250000000
nmc_t6plain_us06_s2,fp32,24,14,47663121,250000000
nmc_t6plain_us06_s2,fp32,24,15,47663121,250000000
nmc_t6plain_us06_s2,fp32,25,0,47678578,250000000
nmc_t6plain_us06_s2,fp32,25,1,47678525,250000000
nmc_t6plain_us06_s2,fp32,25,2,47678525,250000000
nmc_t6plain_us06_s2,fp32,25,3,47678525,250000000
nmc_t6plain_us06_s2,fp32,25,4,47678525,250000000
nmc_t6plain_us06_s2,fp32,25,5,47678525,250000000
nmc_t6plain_us06_s2,fp32,25,6,47678525,250000000
nmc_t6plain_us06_s2,fp32,25,7,47678525,250000000
nmc_t6plain_us06_s2,fp32,25,8,47678525,250000000
nmc_t6plain_us06_s2,fp32,25,9,47678525,250000000
nmc_t6plain_us06_s2,fp32,25,10,47678525,250000000
nmc_t6plain_us06_s2,fp32,25,11,47678525,250000000
nmc_t6plain_us06_s2,fp32,25,12,47678525,250000000
nmc_t6plain_us06_s2,fp32,25,13,47678525,250000000
nmc_t6plain_us06_s2,fp32,25,14,47678525,250000000
nmc_t6plain_us06_s2,fp32,25,15,47678525,250000000
nmc_t6plain_us06_s2,fp32,26,0,47686395,250000000
nmc_t6plain_us06_s2,fp32,26,1,47686342,250000000
nmc_t6plain_us06_s2,fp32,26,2,47686342,250000000
nmc_t6plain_us06_s2,fp32,26,3,47686342,250000000
nmc_t6plain_us06_s2,fp32,26,4,47686342,250000000
nmc_t6plain_us06_s2,fp32,26,5,47686342,250000000
nmc_t6plain_us06_s2,fp32,26,6,47686342,250000000
nmc_t6plain_us06_s2,fp32,26,7,47686342,250000000
nmc_t6plain_us06_s2,fp32,26,8,47686342,250000000
nmc_t6plain_us06_s2,fp32,26,9,47686342,250000000
nmc_t6plain_us06_s2,fp32,26,10,47686342,250000000
nmc_t6plain_us06_s2,fp32,26,11,47686342,250000000
nmc_t6plain_us06_s2,fp32,26,12,47686342,250000000
nmc_t6plain_us06_s2,fp32,26,13,47686342,250000000
nmc_t6plain_us06_s2,fp32,26,14,47686342,250000000
nmc_t6plain_us06_s2,fp32,26,15,47686342,250000000
nmc_t6plain_us06_s2,fp32,27,0,47705896,250000000
nmc_t6plain_us06_s2,fp32,27,1,47705841,250000000
nmc_t6plain_us06_s2,fp32,27,2,47705841,250000000
nmc_t6plain_us06_s2,fp32,27,3,47705841,250000000
nmc_t6plain_us06_s2,fp32,27,4,47705841,250000000
nmc_t6plain_us06_s2,fp32,27,5,47705841,250000000
nmc_t6plain_us06_s2,fp32,27,6,47705841,250000000
nmc_t6plain_us06_s2,fp32,27,7,47705841,250000000
nmc_t6plain_us06_s2,fp32,27,8,47705841,250000000
nmc_t6plain_us06_s2,fp32,27,9,47705841,250000000
nmc_t6plain_us06_s2,fp32,27,10,47705841,250000000
nmc_t6plain_us06_s2,fp32,27,11,47705841,250000000
nmc_t6plain_us06_s2,fp32,27,12,47705841,250000000
nmc_t6plain_us06_s2,fp32,27,13,47705841,250000000
nmc_t6plain_us06_s2,fp32,27,14,47705841,250000000
nmc_t6plain_us06_s2,fp32,27,15,47705841,250000000
nmc_t6plain_us06_s2,fp32,28,0,47730061,250000000
nmc_t6plain_us06_s2,fp32,28,1,47730006,250000000
nmc_t6plain_us06_s2,fp32,28,2,47730006,250000000
nmc_t6plain_us06_s2,fp32,28,3,47730006,250000000
nmc_t6plain_us06_s2,fp32,28,4,47730006,250000000
nmc_t6plain_us06_s2,fp32,28,5,47730006,250000000
nmc_t6plain_us06_s2,fp32,28,6,47730006,250000000
nmc_t6plain_us06_s2,fp32,28,7,47730006,250000000
nmc_t6plain_us06_s2,fp32,28,8,47730006,250000000
nmc_t6plain_us06_s2,fp32,28,9,47730006,250000000
nmc_t6plain_us06_s2,fp32,28,10,47730006,250000000
nmc_t6plain_us06_s2,fp32,28,11,47730006,250000000
nmc_t6plain_us06_s2,fp32,28,12,47730006,250000000
nmc_t6plain_us06_s2,fp32,28,13,47730006,250000000
nmc_t6plain_us06_s2,fp32,28,14,47730006,250000000
nmc_t6plain_us06_s2,fp32,28,15,47730006,250000000
nmc_t6plain_us06_s2,fp32,29,0,47734263,250000000
nmc_t6plain_us06_s2,fp32,29,1,47734208,250000000
nmc_t6plain_us06_s2,fp32,29,2,47734208,250000000
nmc_t6plain_us06_s2,fp32,29,3,47734208,250000000
nmc_t6plain_us06_s2,fp32,29,4,47734208,250000000
nmc_t6plain_us06_s2,fp32,29,5,47734208,250000000
nmc_t6plain_us06_s2,fp32,29,6,47734208,250000000
nmc_t6plain_us06_s2,fp32,29,7,47734208,250000000
nmc_t6plain_us06_s2,fp32,29,8,47734208,250000000
nmc_t6plain_us06_s2,fp32,29,9,47734208,250000000
nmc_t6plain_us06_s2,fp32,29,10,47734208,250000000
nmc_t6plain_us06_s2,fp32,29,11,47734208,250000000
nmc_t6plain_us06_s2,fp32,29,12,47734208,250000000
nmc_t6plain_us06_s2,fp32,29,13,47734208,250000000
nmc_t6plain_us06_s2,fp32,29,14,47734208,250000000
nmc_t6plain_us06_s2,fp32,29,15,47734208,250000000
nmc_t6plain_us06_s2,fp32,30,0,47723869,250000000
nmc_t6plain_us06_s2,fp32,30,1,47723844,250000000
nmc_t6plain_us06_s2,fp32,30,2,47723844,250000000
nmc_t6plain_us06_s2,fp32,30,3,47723844,250000000
nmc_t6plain_us06_s2,fp32,30,4,47723844,250000000
nmc_t6plain_us06_s2,fp32,30,5,47723844,250000000
nmc_t6plain_us06_s2,fp32,30,6,47723844,250000000
nmc_t6plain_us06_s2,fp32,30,7,47723844,250000000
nmc_t6plain_us06_s2,fp32,30,8,47723844,250000000
nmc_t6plain_us06_s2,fp32,30,9,47723844,250000000
nmc_t6plain_us06_s2,fp32,30,10,47723844,250000000
nmc_t6plain_us06_s2,fp32,30,11,47723844,250000000
nmc_t6plain_us06_s2,fp32,30,12,47723844,250000000
nmc_t6plain_us06_s2,fp32,30,13,47723844,250000000
nmc_t6plain_us06_s2,fp32,30,14,47723844,250000000
nmc_t6plain_us06_s2,fp32,30,15,47723844,250000000
nmc_t6plain_us06_s2,fp32,31,0,47710989,250000000
nmc_t6plain_us06_s2,fp32,31,1,47710964,250000000
nmc_t6plain_us06_s2,fp32,31,2,47710964,250000000
nmc_t6plain_us06_s2,fp32,31,3,47710964,250000000
nmc_t6plain_us06_s2,fp32,31,4,47710964,250000000
nmc_t6plain_us06_s2,fp32,31,5,47710964,250000000
nmc_t6plain_us06_s2,fp32,31,6,47710964,250000000
nmc_t6plain_us06_s2,fp32,31,7,47710964,250000000
nmc_t6plain_us06_s2,fp32,31,8,47710964,250000000
nmc_t6plain_us06_s2,fp32,31,9,47710964,250000000
nmc_t6plain_us06_s2,fp32,31,10,47710964,250000000
nmc_t6plain_us06_s2,fp32,31,11,47710964,250000000
nmc_t6plain_us06_s2,fp32,31,12,47710964,250000000
nmc_t6plain_us06_s2,fp32,31,13,47710964,250000000
nmc_t6plain_us06_s2,fp32,31,14,47710964,250000000
nmc_t6plain_us06_s2,fp32,31,15,47710964,250000000
nmc_t6plain_us06_s2,fp32,32,0,47689494,250000000
nmc_t6plain_us06_s2,fp32,32,1,47689439,250000000
nmc_t6plain_us06_s2,fp32,32,2,47689439,250000000
nmc_t6plain_us06_s2,fp32,32,3,47689439,250000000
nmc_t6plain_us06_s2,fp32,32,4,47689439,250000000
nmc_t6plain_us06_s2,fp32,32,5,47689439,250000000
nmc_t6plain_us06_s2,fp32,32,6,47689439,250000000
nmc_t6plain_us06_s2,fp32,32,7,47689439,250000000
nmc_t6plain_us06_s2,fp32,32,8,47689439,250000000
nmc_t6plain_us06_s2,fp32,32,9,47689439,250000000
nmc_t6plain_us06_s2,fp32,32,10,47689439,250000000
nmc_t6plain_us06_s2,fp32,32,11,47689439,250000000
nmc_t6plain_us06_s2,fp32,32,12,47689439,250000000
nmc_t6plain_us06_s2,fp32,32,13,47689439,250000000
nmc_t6plain_us06_s2,fp32,32,14,47689439,250000000
nmc_t6plain_us06_s2,fp32,32,15,47689439,250000000
nmc_t6plain_us06_s2,fp32,33,0,47680352,250000000
nmc_t6plain_us06_s2,fp32,33,1,47680297,250000000
nmc_t6plain_us06_s2,fp32,33,2,47680297,250000000
nmc_t6plain_us06_s2,fp32,33,3,47680297,250000000
nmc_t6plain_us06_s2,fp32,33,4,47680297,250000000
nmc_t6plain_us06_s2,fp32,33,5,47680297,250000000
nmc_t6plain_us06_s2,fp32,33,6,47680297,250000000
nmc_t6plain_us06_s2,fp32,33,7,47680297,250000000
nmc_t6plain_us06_s2,fp32,33,8,47680297,250000000
nmc_t6plain_us06_s2,fp32,33,9,47680297,250000000
nmc_t6plain_us06_s2,fp32,33,10,47680297,250000000
nmc_t6plain_us06_s2,fp32,33,11,47680297,250000000
nmc_t6plain_us06_s2,fp32,33,12,47680297,250000000
nmc_t6plain_us06_s2,fp32,33,13,47680297,250000000
nmc_t6plain_us06_s2,fp32,33,14,47680297,250000000
nmc_t6plain_us06_s2,fp32,33,15,47680297,250000000
nmc_t6plain_us06_s2,fp32,34,0,47697823,250000000
nmc_t6plain_us06_s2,fp32,34,1,47697768,250000000
nmc_t6plain_us06_s2,fp32,34,2,47697768,250000000
nmc_t6plain_us06_s2,fp32,34,3,47697768,250000000
nmc_t6plain_us06_s2,fp32,34,4,47697768,250000000
nmc_t6plain_us06_s2,fp32,34,5,47697768,250000000
nmc_t6plain_us06_s2,fp32,34,6,47697768,250000000
nmc_t6plain_us06_s2,fp32,34,7,47697768,250000000
nmc_t6plain_us06_s2,fp32,34,8,47697768,250000000
nmc_t6plain_us06_s2,fp32,34,9,47697768,250000000
nmc_t6plain_us06_s2,fp32,34,10,47697768,250000000
nmc_t6plain_us06_s2,fp32,34,11,47697768,250000000
nmc_t6plain_us06_s2,fp32,34,12,47697768,250000000
nmc_t6plain_us06_s2,fp32,34,13,47697768,250000000
nmc_t6plain_us06_s2,fp32,34,14,47697768,250000000
nmc_t6plain_us06_s2,fp32,34,15,47697768,250000000
nmc_t6plain_us06_s2,fp32,35,0,47684370,250000000
nmc_t6plain_us06_s2,fp32,35,1,47684315,250000000
nmc_t6plain_us06_s2,fp32,35,2,47684315,250000000
nmc_t6plain_us06_s2,fp32,35,3,47684315,250000000
nmc_t6plain_us06_s2,fp32,35,4,47684315,250000000
nmc_t6plain_us06_s2,fp32,35,5,47684315,250000000
nmc_t6plain_us06_s2,fp32,35,6,47684315,250000000
nmc_t6plain_us06_s2,fp32,35,7,47684315,250000000
nmc_t6plain_us06_s2,fp32,35,8,47684315,250000000
nmc_t6plain_us06_s2,fp32,35,9,47684315,250000000
nmc_t6plain_us06_s2,fp32,35,10,47684315,250000000
nmc_t6plain_us06_s2,fp32,35,11,47684315,250000000
nmc_t6plain_us06_s2,fp32,35,12,47684315,250000000
nmc_t6plain_us06_s2,fp32,35,13,47684315,250000000
nmc_t6plain_us06_s2,fp32,35,14,47684315,250000000
nmc_t6plain_us06_s2,fp32,35,15,47684315,250000000
nmc_t6plain_us06_s2,fp32,36,0,47672639,250000000
nmc_t6plain_us06_s2,fp32,36,1,47672584,250000000
nmc_t6plain_us06_s2,fp32,36,2,47672584,250000000
nmc_t6plain_us06_s2,fp32,36,3,47672584,250000000
nmc_t6plain_us06_s2,fp32,36,4,47672584,250000000
nmc_t6plain_us06_s2,fp32,36,5,47672584,250000000
nmc_t6plain_us06_s2,fp32,36,6,47672584,250000000
nmc_t6plain_us06_s2,fp32,36,7,47672584,250000000
nmc_t6plain_us06_s2,fp32,36,8,47672584,250000000
nmc_t6plain_us06_s2,fp32,36,9,47672584,250000000
nmc_t6plain_us06_s2,fp32,36,10,47672584,250000000
nmc_t6plain_us06_s2,fp32,36,11,47672584,250000000
nmc_t6plain_us06_s2,fp32,36,12,47672584,250000000
nmc_t6plain_us06_s2,fp32,36,13,47672584,250000000
nmc_t6plain_us06_s2,fp32,36,14,47672584,250000000
nmc_t6plain_us06_s2,fp32,36,15,47672584,250000000
nmc_t6plain_us06_s2,fp32,37,0,47677635,250000000
nmc_t6plain_us06_s2,fp32,37,1,47677580,250000000
nmc_t6plain_us06_s2,fp32,37,2,47677580,250000000
nmc_t6plain_us06_s2,fp32,37,3,47677580,250000000
nmc_t6plain_us06_s2,fp32,37,4,47677580,250000000
nmc_t6plain_us06_s2,fp32,37,5,47677580,250000000
nmc_t6plain_us06_s2,fp32,37,6,47677580,250000000
nmc_t6plain_us06_s2,fp32,37,7,47677580,250000000
nmc_t6plain_us06_s2,fp32,37,8,47677580,250000000
nmc_t6plain_us06_s2,fp32,37,9,47677580,250000000
nmc_t6plain_us06_s2,fp32,37,10,47677580,250000000
nmc_t6plain_us06_s2,fp32,37,11,47677580,250000000
nmc_t6plain_us06_s2,fp32,37,12,47677580,250000000
nmc_t6plain_us06_s2,fp32,37,13,47677580,250000000
nmc_t6plain_us06_s2,fp32,37,14,47677580,250000000
nmc_t6plain_us06_s2,fp32,37,15,47677580,250000000
nmc_t6plain_us06_s2,fp32,38,0,47679906,250000000
nmc_t6plain_us06_s2,fp32,38,1,47679858,250000000
nmc_t6plain_us06_s2,fp32,38,2,47679858,250000000
nmc_t6plain_us06_s2,fp32,38,3,47679858,250000000
nmc_t6plain_us06_s2,fp32,38,4,47679858,250000000
nmc_t6plain_us06_s2,fp32,38,5,47679858,250000000
nmc_t6plain_us06_s2,fp32,38,6,47679858,250000000
nmc_t6plain_us06_s2,fp32,38,7,47679858,250000000
nmc_t6plain_us06_s2,fp32,38,8,47679858,250000000
nmc_t6plain_us06_s2,fp32,38,9,47679858,250000000
nmc_t6plain_us06_s2,fp32,38,10,47679858,250000000
nmc_t6plain_us06_s2,fp32,38,11,47679858,250000000
nmc_t6plain_us06_s2,fp32,38,12,47679858,250000000
nmc_t6plain_us06_s2,fp32,38,13,47679858,250000000
nmc_t6plain_us06_s2,fp32,38,14,47679858,250000000
nmc_t6plain_us06_s2,fp32,38,15,47679858,250000000
nmc_t6plain_us06_s2,fp32,39,0,47673758,250000000
nmc_t6plain_us06_s2,fp32,39,1,47673710,250000000
nmc_t6plain_us06_s2,fp32,39,2,47673710,250000000
nmc_t6plain_us06_s2,fp32,39,3,47673710,250000000
nmc_t6plain_us06_s2,fp32,39,4,47673710,250000000
nmc_t6plain_us06_s2,fp32,39,5,47673710,250000000
nmc_t6plain_us06_s2,fp32,39,6,47673710,250000000
nmc_t6plain_us06_s2,fp32,39,7,47673710,250000000
nmc_t6plain_us06_s2,fp32,39,8,47673710,250000000
nmc_t6plain_us06_s2,fp32,39,9,47673710,250000000
nmc_t6plain_us06_s2,fp32,39,10,47673710,250000000
nmc_t6plain_us06_s2,fp32,39,11,47673710,250000000
nmc_t6plain_us06_s2,fp32,39,12,47673710,250000000
nmc_t6plain_us06_s2,fp32,39,13,47673710,250000000
nmc_t6plain_us06_s2,fp32,39,14,47673710,250000000
nmc_t6plain_us06_s2,fp32,39,15,47673710,250000000
nmc_t6plain_us06_s2,fp32,40,0,47656091,250000000
nmc_t6plain_us06_s2,fp32,40,1,47656043,250000000
nmc_t6plain_us06_s2,fp32,40,2,47656043,250000000
nmc_t6plain_us06_s2,fp32,40,3,47656043,250000000
nmc_t6plain_us06_s2,fp32,40,4,47656043,250000000
nmc_t6plain_us06_s2,fp32,40,5,47656043,250000000
nmc_t6plain_us06_s2,fp32,40,6,47656043,250000000
nmc_t6plain_us06_s2,fp32,40,7,47656043,250000000
nmc_t6plain_us06_s2,fp32,40,8,47656043,250000000
nmc_t6plain_us06_s2,fp32,40,9,47656043,250000000
nmc_t6plain_us06_s2,fp32,40,10,47656043,250000000
nmc_t6plain_us06_s2,fp32,40,11,47656043,250000000
nmc_t6plain_us06_s2,fp32,40,12,47656043,250000000
nmc_t6plain_us06_s2,fp32,40,13,47656043,250000000
nmc_t6plain_us06_s2,fp32,40,14,47656043,250000000
nmc_t6plain_us06_s2,fp32,40,15,47656043,250000000
nmc_t6plain_us06_s2,fp32,41,0,47649403,250000000
nmc_t6plain_us06_s2,fp32,41,1,47649355,250000000
nmc_t6plain_us06_s2,fp32,41,2,47649355,250000000
nmc_t6plain_us06_s2,fp32,41,3,47649355,250000000
nmc_t6plain_us06_s2,fp32,41,4,47649355,250000000
nmc_t6plain_us06_s2,fp32,41,5,47649355,250000000
nmc_t6plain_us06_s2,fp32,41,6,47649355,250000000
nmc_t6plain_us06_s2,fp32,41,7,47649355,250000000
nmc_t6plain_us06_s2,fp32,41,8,47649355,250000000
nmc_t6plain_us06_s2,fp32,41,9,47649355,250000000
nmc_t6plain_us06_s2,fp32,41,10,47649355,250000000
nmc_t6plain_us06_s2,fp32,41,11,47649355,250000000
nmc_t6plain_us06_s2,fp32,41,12,47649355,250000000
nmc_t6plain_us06_s2,fp32,41,13,47649355,250000000
nmc_t6plain_us06_s2,fp32,41,14,47649355,250000000
nmc_t6plain_us06_s2,fp32,41,15,47649355,250000000
nmc_t6plain_us06_s2,fp32,42,0,47537139,250000000
nmc_t6plain_us06_s2,fp32,42,1,47537091,250000000
nmc_t6plain_us06_s2,fp32,42,2,47537091,250000000
nmc_t6plain_us06_s2,fp32,42,3,47537091,250000000
nmc_t6plain_us06_s2,fp32,42,4,47537091,250000000
nmc_t6plain_us06_s2,fp32,42,5,47537091,250000000
nmc_t6plain_us06_s2,fp32,42,6,47537091,250000000
nmc_t6plain_us06_s2,fp32,42,7,47537091,250000000
nmc_t6plain_us06_s2,fp32,42,8,47537091,250000000
nmc_t6plain_us06_s2,fp32,42,9,47537091,250000000
nmc_t6plain_us06_s2,fp32,42,10,47537091,250000000
nmc_t6plain_us06_s2,fp32,42,11,47537091,250000000
nmc_t6plain_us06_s2,fp32,42,12,47537091,250000000
nmc_t6plain_us06_s2,fp32,42,13,47537091,250000000
nmc_t6plain_us06_s2,fp32,42,14,47537091,250000000
nmc_t6plain_us06_s2,fp32,42,15,47537091,250000000
nmc_t6plain_us06_s2,fp32,43,0,47590698,250000000
nmc_t6plain_us06_s2,fp32,43,1,47590650,250000000
nmc_t6plain_us06_s2,fp32,43,2,47590650,250000000
nmc_t6plain_us06_s2,fp32,43,3,47590650,250000000
nmc_t6plain_us06_s2,fp32,43,4,47590650,250000000
nmc_t6plain_us06_s2,fp32,43,5,47590650,250000000
nmc_t6plain_us06_s2,fp32,43,6,47590650,250000000
nmc_t6plain_us06_s2,fp32,43,7,47590650,250000000
nmc_t6plain_us06_s2,fp32,43,8,47590650,250000000
nmc_t6plain_us06_s2,fp32,43,9,47590650,250000000
nmc_t6plain_us06_s2,fp32,43,10,47590650,250000000
nmc_t6plain_us06_s2,fp32,43,11,47590650,250000000
nmc_t6plain_us06_s2,fp32,43,12,47590650,250000000
nmc_t6plain_us06_s2,fp32,43,13,47590650,250000000
nmc_t6plain_us06_s2,fp32,43,14,47590650,250000000
nmc_t6plain_us06_s2,fp32,43,15,47590650,250000000
nmc_t6plain_us06_s2,fp32,44,0,47613330,250000000
nmc_t6plain_us06_s2,fp32,44,1,47613282,250000000
nmc_t6plain_us06_s2,fp32,44,2,47613282,250000000
nmc_t6plain_us06_s2,fp32,44,3,47613282,250000000
nmc_t6plain_us06_s2,fp32,44,4,47613282,250000000
nmc_t6plain_us06_s2,fp32,44,5,47613282,250000000
nmc_t6plain_us06_s2,fp32,44,6,47613282,250000000
nmc_t6plain_us06_s2,fp32,44,7,47613282,250000000
nmc_t6plain_us06_s2,fp32,44,8,47613282,250000000
nmc_t6plain_us06_s2,fp32,44,9,47613282,250000000
nmc_t6plain_us06_s2,fp32,44,10,47613282,250000000
nmc_t6plain_us06_s2,fp32,44,11,47613282,250000000
nmc_t6plain_us06_s2,fp32,44,12,47613282,250000000
nmc_t6plain_us06_s2,fp32,44,13,47613282,250000000
nmc_t6plain_us06_s2,fp32,44,14,47613282,250000000
nmc_t6plain_us06_s2,fp32,44,15,47613282,250000000
nmc_t6plain_us06_s2,fp32,45,0,47631342,250000000
nmc_t6plain_us06_s2,fp32,45,1,47631294,250000000
nmc_t6plain_us06_s2,fp32,45,2,47631294,250000000
nmc_t6plain_us06_s2,fp32,45,3,47631294,250000000
nmc_t6plain_us06_s2,fp32,45,4,47631294,250000000
nmc_t6plain_us06_s2,fp32,45,5,47631294,250000000
nmc_t6plain_us06_s2,fp32,45,6,47631294,250000000
nmc_t6plain_us06_s2,fp32,45,7,47631294,250000000
nmc_t6plain_us06_s2,fp32,45,8,47631294,250000000
nmc_t6plain_us06_s2,fp32,45,9,47631294,250000000
nmc_t6plain_us06_s2,fp32,45,10,47631294,250000000
nmc_t6plain_us06_s2,fp32,45,11,47631294,250000000
nmc_t6plain_us06_s2,fp32,45,12,47631294,250000000
nmc_t6plain_us06_s2,fp32,45,13,47631294,250000000
nmc_t6plain_us06_s2,fp32,45,14,47631294,250000000
nmc_t6plain_us06_s2,fp32,45,15,47631294,250000000
nmc_t6plain_us06_s2,fp32,46,0,47647829,250000000
nmc_t6plain_us06_s2,fp32,46,1,47647774,250000000
nmc_t6plain_us06_s2,fp32,46,2,47647774,250000000
nmc_t6plain_us06_s2,fp32,46,3,47647774,250000000
nmc_t6plain_us06_s2,fp32,46,4,47647774,250000000
nmc_t6plain_us06_s2,fp32,46,5,47647774,250000000
nmc_t6plain_us06_s2,fp32,46,6,47647774,250000000
nmc_t6plain_us06_s2,fp32,46,7,47647774,250000000
nmc_t6plain_us06_s2,fp32,46,8,47647774,250000000
nmc_t6plain_us06_s2,fp32,46,9,47647774,250000000
nmc_t6plain_us06_s2,fp32,46,10,47647774,250000000
nmc_t6plain_us06_s2,fp32,46,11,47647774,250000000
nmc_t6plain_us06_s2,fp32,46,12,47647774,250000000
nmc_t6plain_us06_s2,fp32,46,13,47647774,250000000
nmc_t6plain_us06_s2,fp32,46,14,47647774,250000000
nmc_t6plain_us06_s2,fp32,46,15,47647774,250000000
nmc_t6plain_us06_s2,fp32,47,0,47668851,250000000
nmc_t6plain_us06_s2,fp32,47,1,47668796,250000000
nmc_t6plain_us06_s2,fp32,47,2,47668796,250000000
nmc_t6plain_us06_s2,fp32,47,3,47668796,250000000
nmc_t6plain_us06_s2,fp32,47,4,47668796,250000000
nmc_t6plain_us06_s2,fp32,47,5,47668796,250000000
nmc_t6plain_us06_s2,fp32,47,6,47668796,250000000
nmc_t6plain_us06_s2,fp32,47,7,47668796,250000000
nmc_t6plain_us06_s2,fp32,47,8,47668796,250000000
nmc_t6plain_us06_s2,fp32,47,9,47668796,250000000
nmc_t6plain_us06_s2,fp32,47,10,47668796,250000000
nmc_t6plain_us06_s2,fp32,47,11,47668796,250000000
nmc_t6plain_us06_s2,fp32,47,12,47668796,250000000
nmc_t6plain_us06_s2,fp32,47,13,47668796,250000000
nmc_t6plain_us06_s2,fp32,47,14,47668796,250000000
nmc_t6plain_us06_s2,fp32,47,15,47668796,250000000
nmc_t6plain_us06_s2,fp32,48,0,47686923,250000000
nmc_t6plain_us06_s2,fp32,48,1,47686868,250000000
nmc_t6plain_us06_s2,fp32,48,2,47686868,250000000
nmc_t6plain_us06_s2,fp32,48,3,47686868,250000000
nmc_t6plain_us06_s2,fp32,48,4,47686868,250000000
nmc_t6plain_us06_s2,fp32,48,5,47686868,250000000
nmc_t6plain_us06_s2,fp32,48,6,47686868,250000000
nmc_t6plain_us06_s2,fp32,48,7,47686868,250000000
nmc_t6plain_us06_s2,fp32,48,8,47686868,250000000
nmc_t6plain_us06_s2,fp32,48,9,47686868,250000000
nmc_t6plain_us06_s2,fp32,48,10,47686868,250000000
nmc_t6plain_us06_s2,fp32,48,11,47686868,250000000
nmc_t6plain_us06_s2,fp32,48,12,47686868,250000000
nmc_t6plain_us06_s2,fp32,48,13,47686868,250000000
nmc_t6plain_us06_s2,fp32,48,14,47686868,250000000
nmc_t6plain_us06_s2,fp32,48,15,47686868,250000000
nmc_t6plain_us06_s2,fp32,49,0,47695855,250000000
nmc_t6plain_us06_s2,fp32,49,1,47695800,250000000
nmc_t6plain_us06_s2,fp32,49,2,47695800,250000000
nmc_t6plain_us06_s2,fp32,49,3,47695800,250000000
nmc_t6plain_us06_s2,fp32,49,4,47695800,250000000
nmc_t6plain_us06_s2,fp32,49,5,47695800,250000000
nmc_t6plain_us06_s2,fp32,49,6,47695800,250000000
nmc_t6plain_us06_s2,fp32,49,7,47695800,250000000
nmc_t6plain_us06_s2,fp32,49,8,47695800,250000000
nmc_t6plain_us06_s2,fp32,49,9,47695800,250000000
nmc_t6plain_us06_s2,fp32,49,10,47695800,250000000
nmc_t6plain_us06_s2,fp32,49,11,47695800,250000000
nmc_t6plain_us06_s2,fp32,49,12,47695800,250000000
nmc_t6plain_us06_s2,fp32,49,13,47695800,250000000
nmc_t6plain_us06_s2,fp32,49,14,47695800,250000000
nmc_t6plain_us06_s2,fp32,49,15,47695800,250000000
nmc_t6plain_us06_s2,fp32,50,0,47702146,250000000
nmc_t6plain_us06_s2,fp32,50,1,47702121,250000000
nmc_t6plain_us06_s2,fp32,50,2,47702121,250000000
nmc_t6plain_us06_s2,fp32,50,3,47702121,250000000
nmc_t6plain_us06_s2,fp32,50,4,47702121,250000000
nmc_t6plain_us06_s2,fp32,50,5,47702121,250000000
nmc_t6plain_us06_s2,fp32,50,6,47702121,250000000
nmc_t6plain_us06_s2,fp32,50,7,47702121,250000000
nmc_t6plain_us06_s2,fp32,50,8,47702121,250000000
nmc_t6plain_us06_s2,fp32,50,9,47702121,250000000
nmc_t6plain_us06_s2,fp32,50,10,47702121,250000000
nmc_t6plain_us06_s2,fp32,50,11,47702121,250000000
nmc_t6plain_us06_s2,fp32,50,12,47702121,250000000
nmc_t6plain_us06_s2,fp32,50,13,47702121,250000000
nmc_t6plain_us06_s2,fp32,50,14,47702121,250000000
nmc_t6plain_us06_s2,fp32,50,15,47702121,250000000
nmc_t6plain_us06_s2,fp32,51,0,47687683,250000000
nmc_t6plain_us06_s2,fp32,51,1,47687658,250000000
nmc_t6plain_us06_s2,fp32,51,2,47687658,250000000
nmc_t6plain_us06_s2,fp32,51,3,47687658,250000000
nmc_t6plain_us06_s2,fp32,51,4,47687658,250000000
nmc_t6plain_us06_s2,fp32,51,5,47687658,250000000
nmc_t6plain_us06_s2,fp32,51,6,47687658,250000000
nmc_t6plain_us06_s2,fp32,51,7,47687658,250000000
nmc_t6plain_us06_s2,fp32,51,8,47687658,250000000
nmc_t6plain_us06_s2,fp32,51,9,47687658,250000000
nmc_t6plain_us06_s2,fp32,51,10,47687658,250000000
nmc_t6plain_us06_s2,fp32,51,11,47687658,250000000
nmc_t6plain_us06_s2,fp32,51,12,47687658,250000000
nmc_t6plain_us06_s2,fp32,51,13,47687658,250000000
nmc_t6plain_us06_s2,fp32,51,14,47687658,250000000
nmc_t6plain_us06_s2,fp32,51,15,47687658,250000000
nmc_t6plain_us06_s2,fp32,52,0,47658874,250000000
nmc_t6plain_us06_s2,fp32,52,1,47658849,250000000
nmc_t6plain_us06_s2,fp32,52,2,47658849,250000000
nmc_t6plain_us06_s2,fp32,52,3,47658849,250000000
nmc_t6plain_us06_s2,fp32,52,4,47658849,250000000
nmc_t6plain_us06_s2,fp32,52,5,47658849,250000000
nmc_t6plain_us06_s2,fp32,52,6,47658849,250000000
nmc_t6plain_us06_s2,fp32,52,7,47658849,250000000
nmc_t6plain_us06_s2,fp32,52,8,47658849,250000000
nmc_t6plain_us06_s2,fp32,52,9,47658849,250000000
nmc_t6plain_us06_s2,fp32,52,10,47658849,250000000
nmc_t6plain_us06_s2,fp32,52,11,47658849,250000000
nmc_t6plain_us06_s2,fp32,52,12,47658849,250000000
nmc_t6plain_us06_s2,fp32,52,13,47658849,250000000
nmc_t6plain_us06_s2,fp32,52,14,47658849,250000000
nmc_t6plain_us06_s2,fp32,52,15,47658849,250000000
nmc_t6plain_us06_s2,fp32,53,0,47649545,250000000
nmc_t6plain_us06_s2,fp32,53,1,47649490,250000000
nmc_t6plain_us06_s2,fp32,53,2,47649490,250000000
nmc_t6plain_us06_s2,fp32,53,3,47649490,250000000
nmc_t6plain_us06_s2,fp32,53,4,47649490,250000000
nmc_t6plain_us06_s2,fp32,53,5,47649490,250000000
nmc_t6plain_us06_s2,fp32,53,6,47649490,250000000
nmc_t6plain_us06_s2,fp32,53,7,47649490,250000000
nmc_t6plain_us06_s2,fp32,53,8,47649490,250000000
nmc_t6plain_us06_s2,fp32,53,9,47649490,250000000
nmc_t6plain_us06_s2,fp32,53,10,47649490,250000000
nmc_t6plain_us06_s2,fp32,53,11,47649490,250000000
nmc_t6plain_us06_s2,fp32,53,12,47649490,250000000
nmc_t6plain_us06_s2,fp32,53,13,47649490,250000000
nmc_t6plain_us06_s2,fp32,53,14,47649490,250000000
nmc_t6plain_us06_s2,fp32,53,15,47649490,250000000
nmc_t6plain_us06_s2,fp32,54,0,47628535,250000000
nmc_t6plain_us06_s2,fp32,54,1,47628480,250000000
nmc_t6plain_us06_s2,fp32,54,2,47628480,250000000
nmc_t6plain_us06_s2,fp32,54,3,47628480,250000000
nmc_t6plain_us06_s2,fp32,54,4,47628480,250000000
nmc_t6plain_us06_s2,fp32,54,5,47628480,250000000
nmc_t6plain_us06_s2,fp32,54,6,47628480,250000000
nmc_t6plain_us06_s2,fp32,54,7,47628480,250000000
nmc_t6plain_us06_s2,fp32,54,8,47628480,250000000
nmc_t6plain_us06_s2,fp32,54,9,47628480,250000000
nmc_t6plain_us06_s2,fp32,54,10,47628480,250000000
nmc_t6plain_us06_s2,fp32,54,11,47628480,250000000
nmc_t6plain_us06_s2,fp32,54,12,47628480,250000000
nmc_t6plain_us06_s2,fp32,54,13,47628480,250000000
nmc_t6plain_us06_s2,fp32,54,14,47628480,250000000
nmc_t6plain_us06_s2,fp32,54,15,47628480,250000000
nmc_t6plain_us06_s2,fp32,55,0,47617411,250000000
nmc_t6plain_us06_s2,fp32,55,1,47617356,250000000
nmc_t6plain_us06_s2,fp32,55,2,47617356,250000000
nmc_t6plain_us06_s2,fp32,55,3,47617356,250000000
nmc_t6plain_us06_s2,fp32,55,4,47617356,250000000
nmc_t6plain_us06_s2,fp32,55,5,47617356,250000000
nmc_t6plain_us06_s2,fp32,55,6,47617356,250000000
nmc_t6plain_us06_s2,fp32,55,7,47617356,250000000
nmc_t6plain_us06_s2,fp32,55,8,47617356,250000000
nmc_t6plain_us06_s2,fp32,55,9,47617356,250000000
nmc_t6plain_us06_s2,fp32,55,10,47617356,250000000
nmc_t6plain_us06_s2,fp32,55,11,47617356,250000000
nmc_t6plain_us06_s2,fp32,55,12,47617356,250000000
nmc_t6plain_us06_s2,fp32,55,13,47617356,250000000
nmc_t6plain_us06_s2,fp32,55,14,47617356,250000000
nmc_t6plain_us06_s2,fp32,55,15,47617356,250000000
nmc_t6plain_us06_s2,fp32,56,0,47621819,250000000
nmc_t6plain_us06_s2,fp32,56,1,47621764,250000000
nmc_t6plain_us06_s2,fp32,56,2,47621764,250000000
nmc_t6plain_us06_s2,fp32,56,3,47621764,250000000
nmc_t6plain_us06_s2,fp32,56,4,47621764,250000000
nmc_t6plain_us06_s2,fp32,56,5,47621764,250000000
nmc_t6plain_us06_s2,fp32,56,6,47621764,250000000
nmc_t6plain_us06_s2,fp32,56,7,47621764,250000000
nmc_t6plain_us06_s2,fp32,56,8,47621764,250000000
nmc_t6plain_us06_s2,fp32,56,9,47621764,250000000
nmc_t6plain_us06_s2,fp32,56,10,47621764,250000000
nmc_t6plain_us06_s2,fp32,56,11,47621764,250000000
nmc_t6plain_us06_s2,fp32,56,12,47621764,250000000
nmc_t6plain_us06_s2,fp32,56,13,47621764,250000000
nmc_t6plain_us06_s2,fp32,56,14,47621764,250000000
nmc_t6plain_us06_s2,fp32,56,15,47621764,250000000
nmc_t6plain_us06_s2,fp32,57,0,47627481,250000000
nmc_t6plain_us06_s2,fp32,57,1,47627426,250000000
nmc_t6plain_us06_s2,fp32,57,2,47627426,250000000
nmc_t6plain_us06_s2,fp32,57,3,47627426,250000000
nmc_t6plain_us06_s2,fp32,57,4,47627426,250000000
nmc_t6plain_us06_s2,fp32,57,5,47627426,250000000
nmc_t6plain_us06_s2,fp32,57,6,47627426,250000000
nmc_t6plain_us06_s2,fp32,57,7,47627426,250000000
nmc_t6plain_us06_s2,fp32,57,8,47627426,250000000
nmc_t6plain_us06_s2,fp32,57,9,47627426,250000000
nmc_t6plain_us06_s2,fp32,57,10,47627426,250000000
nmc_t6plain_us06_s2,fp32,57,11,47627426,250000000
nmc_t6plain_us06_s2,fp32,57,12,47627426,250000000
nmc_t6plain_us06_s2,fp32,57,13,47627426,250000000
nmc_t6plain_us06_s2,fp32,57,14,47627426,250000000
nmc_t6plain_us06_s2,fp32,57,15,47627426,250000000
nmc_t6plain_us06_s2,fp32,58,0,47646452,250000000
nmc_t6plain_us06_s2,fp32,58,1,47646404,250000000
nmc_t6plain_us06_s2,fp32,58,2,47646404,250000000
nmc_t6plain_us06_s2,fp32,58,3,47646404,250000000
nmc_t6plain_us06_s2,fp32,58,4,47646404,250000000
nmc_t6plain_us06_s2,fp32,58,5,47646404,250000000
nmc_t6plain_us06_s2,fp32,58,6,47646404,250000000
nmc_t6plain_us06_s2,fp32,58,7,47646404,250000000
nmc_t6plain_us06_s2,fp32,58,8,47646404,250000000
nmc_t6plain_us06_s2,fp32,58,9,47646404,250000000
nmc_t6plain_us06_s2,fp32,58,10,47646404,250000000
nmc_t6plain_us06_s2,fp32,58,11,47646404,250000000
nmc_t6plain_us06_s2,fp32,58,12,47646404,250000000
nmc_t6plain_us06_s2,fp32,58,13,47646404,250000000
nmc_t6plain_us06_s2,fp32,58,14,47646404,250000000
nmc_t6plain_us06_s2,fp32,58,15,47646404,250000000
nmc_t6plain_us06_s2,fp32,59,0,47650951,250000000
nmc_t6plain_us06_s2,fp32,59,1,47650903,250000000
nmc_t6plain_us06_s2,fp32,59,2,47650903,250000000
nmc_t6plain_us06_s2,fp32,59,3,47650903,250000000
nmc_t6plain_us06_s2,fp32,59,4,47650903,250000000
nmc_t6plain_us06_s2,fp32,59,5,47650903,250000000
nmc_t6plain_us06_s2,fp32,59,6,47650903,250000000
nmc_t6plain_us06_s2,fp32,59,7,47650903,250000000
nmc_t6plain_us06_s2,fp32,59,8,47650903,250000000
nmc_t6plain_us06_s2,fp32,59,9,47650903,250000000
nmc_t6plain_us06_s2,fp32,59,10,47650903,250000000
nmc_t6plain_us06_s2,fp32,59,11,47650903,250000000
nmc_t6plain_us06_s2,fp32,59,12,47650903,250000000
nmc_t6plain_us06_s2,fp32,59,13,47650903,250000000
nmc_t6plain_us06_s2,fp32,59,14,47650903,250000000
nmc_t6plain_us06_s2,fp32,59,15,47650903,250000000
nmc_t6plain_us06_s2,fp32,60,0,47630248,250000000
nmc_t6plain_us06_s2,fp32,60,1,47630200,250000000
nmc_t6plain_us06_s2,fp32,60,2,47630200,250000000
nmc_t6plain_us06_s2,fp32,60,3,47630200,250000000
nmc_t6plain_us06_s2,fp32,60,4,47630200,250000000
nmc_t6plain_us06_s2,fp32,60,5,47630200,250000000
nmc_t6plain_us06_s2,fp32,60,6,47630200,250000000
nmc_t6plain_us06_s2,fp32,60,7,47630200,250000000
nmc_t6plain_us06_s2,fp32,60,8,47630200,250000000
nmc_t6plain_us06_s2,fp32,60,9,47630200,250000000
nmc_t6plain_us06_s2,fp32,60,10,47630200,250000000
nmc_t6plain_us06_s2,fp32,60,11,47630200,250000000
nmc_t6plain_us06_s2,fp32,60,12,47630200,250000000
nmc_t6plain_us06_s2,fp32,60,13,47630200,250000000
nmc_t6plain_us06_s2,fp32,60,14,47630200,250000000
nmc_t6plain_us06_s2,fp32,60,15,47630200,250000000
nmc_t6plain_us06_s2,fp32,61,0,47610515,250000000
nmc_t6plain_us06_s2,fp32,61,1,47610467,250000000
nmc_t6plain_us06_s2,fp32,61,2,47610467,250000000
nmc_t6plain_us06_s2,fp32,61,3,47610467,250000000
nmc_t6plain_us06_s2,fp32,61,4,47610467,250000000
nmc_t6plain_us06_s2,fp32,61,5,47610467,250000000
nmc_t6plain_us06_s2,fp32,61,6,47610467,250000000
nmc_t6plain_us06_s2,fp32,61,7,47610467,250000000
nmc_t6plain_us06_s2,fp32,61,8,47610467,250000000
nmc_t6plain_us06_s2,fp32,61,9,47610467,250000000
nmc_t6plain_us06_s2,fp32,61,10,47610467,250000000
nmc_t6plain_us06_s2,fp32,61,11,47610467,250000000
nmc_t6plain_us06_s2,fp32,61,12,47610467,250000000
nmc_t6plain_us06_s2,fp32,61,13,47610467,250000000
nmc_t6plain_us06_s2,fp32,61,14,47610467,250000000
nmc_t6plain_us06_s2,fp32,61,15,47610467,250000000
nmc_t6plain_us06_s2,fp32,62,0,47597465,250000000
nmc_t6plain_us06_s2,fp32,62,1,47597417,250000000
nmc_t6plain_us06_s2,fp32,62,2,47597417,250000000
nmc_t6plain_us06_s2,fp32,62,3,47597417,250000000
nmc_t6plain_us06_s2,fp32,62,4,47597417,250000000
nmc_t6plain_us06_s2,fp32,62,5,47597417,250000000
nmc_t6plain_us06_s2,fp32,62,6,47597417,250000000
nmc_t6plain_us06_s2,fp32,62,7,47597417,250000000
nmc_t6plain_us06_s2,fp32,62,8,47597417,250000000
nmc_t6plain_us06_s2,fp32,62,9,47597417,250000000
nmc_t6plain_us06_s2,fp32,62,10,47597417,250000000
nmc_t6plain_us06_s2,fp32,62,11,47597417,250000000
nmc_t6plain_us06_s2,fp32,62,12,47597417,250000000
nmc_t6plain_us06_s2,fp32,62,13,47597417,250000000
nmc_t6plain_us06_s2,fp32,62,14,47597417,250000000
nmc_t6plain_us06_s2,fp32,62,15,47597417,250000000
nmc_t6plain_us06_s2,fp32,63,0,47466556,250000000
nmc_t6plain_us06_s2,fp32,63,1,47466510,250000000
nmc_t6plain_us06_s2,fp32,63,2,47466510,250000000
nmc_t6plain_us06_s2,fp32,63,3,47466510,250000000
nmc_t6plain_us06_s2,fp32,63,4,47466510,250000000
nmc_t6plain_us06_s2,fp32,63,5,47466510,250000000
nmc_t6plain_us06_s2,fp32,63,6,47466510,250000000
nmc_t6plain_us06_s2,fp32,63,7,47466510,250000000
nmc_t6plain_us06_s2,fp32,63,8,47466510,250000000
nmc_t6plain_us06_s2,fp32,63,9,47466510,250000000
nmc_t6plain_us06_s2,fp32,63,10,47466510,250000000
nmc_t6plain_us06_s2,fp32,63,11,47466510,250000000
nmc_t6plain_us06_s2,fp32,63,12,47466510,250000000
nmc_t6plain_us06_s2,fp32,63,13,47466510,250000000
nmc_t6plain_us06_s2,fp32,63,14,47466510,250000000
nmc_t6plain_us06_s2,fp32,63,15,47466510,250000000
lfp_t6plain_dst_s0,fp32,0,0,47632539,250000000
lfp_t6plain_dst_s0,fp32,0,1,47632539,250000000
lfp_t6plain_dst_s0,fp32,0,2,47632539,250000000
lfp_t6plain_dst_s0,fp32,0,3,47632539,250000000
lfp_t6plain_dst_s0,fp32,0,4,47632539,250000000
lfp_t6plain_dst_s0,fp32,0,5,47632539,250000000
lfp_t6plain_dst_s0,fp32,0,6,47632539,250000000
lfp_t6plain_dst_s0,fp32,0,7,47632539,250000000
lfp_t6plain_dst_s0,fp32,0,8,47632539,250000000
lfp_t6plain_dst_s0,fp32,0,9,47632539,250000000
lfp_t6plain_dst_s0,fp32,0,10,47632539,250000000
lfp_t6plain_dst_s0,fp32,0,11,47632539,250000000
lfp_t6plain_dst_s0,fp32,0,12,47632539,250000000
lfp_t6plain_dst_s0,fp32,0,13,47632539,250000000
lfp_t6plain_dst_s0,fp32,0,14,47632539,250000000
lfp_t6plain_dst_s0,fp32,0,15,47632539,250000000
lfp_t6plain_dst_s0,fp32,1,0,47718708,250000000
lfp_t6plain_dst_s0,fp32,1,1,47718662,250000000
lfp_t6plain_dst_s0,fp32,1,2,47718662,250000000
lfp_t6plain_dst_s0,fp32,1,3,47718662,250000000
lfp_t6plain_dst_s0,fp32,1,4,47718662,250000000
lfp_t6plain_dst_s0,fp32,1,5,47718662,250000000
lfp_t6plain_dst_s0,fp32,1,6,47718662,250000000
lfp_t6plain_dst_s0,fp32,1,7,47718662,250000000
lfp_t6plain_dst_s0,fp32,1,8,47718662,250000000
lfp_t6plain_dst_s0,fp32,1,9,47718662,250000000
lfp_t6plain_dst_s0,fp32,1,10,47718662,250000000
lfp_t6plain_dst_s0,fp32,1,11,47718662,250000000
lfp_t6plain_dst_s0,fp32,1,12,47718662,250000000
lfp_t6plain_dst_s0,fp32,1,13,47718662,250000000
lfp_t6plain_dst_s0,fp32,1,14,47718662,250000000
lfp_t6plain_dst_s0,fp32,1,15,47718662,250000000
lfp_t6plain_dst_s0,fp32,2,0,47761065,250000000
lfp_t6plain_dst_s0,fp32,2,1,47761019,250000000
lfp_t6plain_dst_s0,fp32,2,2,47761019,250000000
lfp_t6plain_dst_s0,fp32,2,3,47761019,250000000
lfp_t6plain_dst_s0,fp32,2,4,47761019,250000000
lfp_t6plain_dst_s0,fp32,2,5,47761019,250000000
lfp_t6plain_dst_s0,fp32,2,6,47761019,250000000
lfp_t6plain_dst_s0,fp32,2,7,47761019,250000000
lfp_t6plain_dst_s0,fp32,2,8,47761019,250000000
lfp_t6plain_dst_s0,fp32,2,9,47761019,250000000
lfp_t6plain_dst_s0,fp32,2,10,47761019,250000000
lfp_t6plain_dst_s0,fp32,2,11,47761019,250000000
lfp_t6plain_dst_s0,fp32,2,12,47761019,250000000
lfp_t6plain_dst_s0,fp32,2,13,47761019,250000000
lfp_t6plain_dst_s0,fp32,2,14,47761019,250000000
lfp_t6plain_dst_s0,fp32,2,15,47761019,250000000
lfp_t6plain_dst_s0,fp32,3,0,47749013,250000000
lfp_t6plain_dst_s0,fp32,3,1,47748960,250000000
lfp_t6plain_dst_s0,fp32,3,2,47748960,250000000
lfp_t6plain_dst_s0,fp32,3,3,47748960,250000000
lfp_t6plain_dst_s0,fp32,3,4,47748960,250000000
lfp_t6plain_dst_s0,fp32,3,5,47748960,250000000
lfp_t6plain_dst_s0,fp32,3,6,47748960,250000000
lfp_t6plain_dst_s0,fp32,3,7,47748960,250000000
lfp_t6plain_dst_s0,fp32,3,8,47748960,250000000
lfp_t6plain_dst_s0,fp32,3,9,47748960,250000000
lfp_t6plain_dst_s0,fp32,3,10,47748960,250000000
lfp_t6plain_dst_s0,fp32,3,11,47748960,250000000
lfp_t6plain_dst_s0,fp32,3,12,47748960,250000000
lfp_t6plain_dst_s0,fp32,3,13,47748960,250000000
lfp_t6plain_dst_s0,fp32,3,14,47748960,250000000
lfp_t6plain_dst_s0,fp32,3,15,47748960,250000000
lfp_t6plain_dst_s0,fp32,4,0,47716678,250000000
lfp_t6plain_dst_s0,fp32,4,1,47716625,250000000
lfp_t6plain_dst_s0,fp32,4,2,47716625,250000000
lfp_t6plain_dst_s0,fp32,4,3,47716625,250000000
lfp_t6plain_dst_s0,fp32,4,4,47716625,250000000
lfp_t6plain_dst_s0,fp32,4,5,47716625,250000000
lfp_t6plain_dst_s0,fp32,4,6,47716625,250000000
lfp_t6plain_dst_s0,fp32,4,7,47716625,250000000
lfp_t6plain_dst_s0,fp32,4,8,47716625,250000000
lfp_t6plain_dst_s0,fp32,4,9,47716625,250000000
lfp_t6plain_dst_s0,fp32,4,10,47716625,250000000
lfp_t6plain_dst_s0,fp32,4,11,47716625,250000000
lfp_t6plain_dst_s0,fp32,4,12,47716625,250000000
lfp_t6plain_dst_s0,fp32,4,13,47716625,250000000
lfp_t6plain_dst_s0,fp32,4,14,47716625,250000000
lfp_t6plain_dst_s0,fp32,4,15,47716625,250000000
lfp_t6plain_dst_s0,fp32,5,0,47699978,250000000
lfp_t6plain_dst_s0,fp32,5,1,47699925,250000000
lfp_t6plain_dst_s0,fp32,5,2,47699925,250000000
lfp_t6plain_dst_s0,fp32,5,3,47699925,250000000
lfp_t6plain_dst_s0,fp32,5,4,47699925,250000000
lfp_t6plain_dst_s0,fp32,5,5,47699925,250000000
lfp_t6plain_dst_s0,fp32,5,6,47699925,250000000
lfp_t6plain_dst_s0,fp32,5,7,47699925,250000000
lfp_t6plain_dst_s0,fp32,5,8,47699925,250000000
lfp_t6plain_dst_s0,fp32,5,9,47699925,250000000
lfp_t6plain_dst_s0,fp32,5,10,47699925,250000000
lfp_t6plain_dst_s0,fp32,5,11,47699925,250000000
lfp_t6plain_dst_s0,fp32,5,12,47699925,250000000
lfp_t6plain_dst_s0,fp32,5,13,47699925,250000000
lfp_t6plain_dst_s0,fp32,5,14,47699925,250000000
lfp_t6plain_dst_s0,fp32,5,15,47699925,250000000
lfp_t6plain_dst_s0,fp32,6,0,47679614,250000000
lfp_t6plain_dst_s0,fp32,6,1,47679561,250000000
lfp_t6plain_dst_s0,fp32,6,2,47679561,250000000
lfp_t6plain_dst_s0,fp32,6,3,47679561,250000000
lfp_t6plain_dst_s0,fp32,6,4,47679561,250000000
lfp_t6plain_dst_s0,fp32,6,5,47679561,250000000
lfp_t6plain_dst_s0,fp32,6,6,47679561,250000000
lfp_t6plain_dst_s0,fp32,6,7,47679561,250000000
lfp_t6plain_dst_s0,fp32,6,8,47679561,250000000
lfp_t6plain_dst_s0,fp32,6,9,47679561,250000000
lfp_t6plain_dst_s0,fp32,6,10,47679561,250000000
lfp_t6plain_dst_s0,fp32,6,11,47679561,250000000
lfp_t6plain_dst_s0,fp32,6,12,47679561,250000000
lfp_t6plain_dst_s0,fp32,6,13,47679561,250000000
lfp_t6plain_dst_s0,fp32,6,14,47679561,250000000
lfp_t6plain_dst_s0,fp32,6,15,47679561,250000000
lfp_t6plain_dst_s0,fp32,7,0,47674202,250000000
lfp_t6plain_dst_s0,fp32,7,1,47674147,250000000
lfp_t6plain_dst_s0,fp32,7,2,47674147,250000000
lfp_t6plain_dst_s0,fp32,7,3,47674147,250000000
lfp_t6plain_dst_s0,fp32,7,4,47674147,250000000
lfp_t6plain_dst_s0,fp32,7,5,47674147,250000000
lfp_t6plain_dst_s0,fp32,7,6,47674147,250000000
lfp_t6plain_dst_s0,fp32,7,7,47674147,250000000
lfp_t6plain_dst_s0,fp32,7,8,47674147,250000000
lfp_t6plain_dst_s0,fp32,7,9,47674147,250000000
lfp_t6plain_dst_s0,fp32,7,10,47674147,250000000
lfp_t6plain_dst_s0,fp32,7,11,47674147,250000000
lfp_t6plain_dst_s0,fp32,7,12,47674147,250000000
lfp_t6plain_dst_s0,fp32,7,13,47674147,250000000
lfp_t6plain_dst_s0,fp32,7,14,47674147,250000000
lfp_t6plain_dst_s0,fp32,7,15,47674147,250000000
lfp_t6plain_dst_s0,fp32,8,0,47630887,250000000
lfp_t6plain_dst_s0,fp32,8,1,47630841,250000000
lfp_t6plain_dst_s0,fp32,8,2,47630841,250000000
lfp_t6plain_dst_s0,fp32,8,3,47630841,250000000
lfp_t6plain_dst_s0,fp32,8,4,47630841,250000000
lfp_t6plain_dst_s0,fp32,8,5,47630841,250000000
lfp_t6plain_dst_s0,fp32,8,6,47630841,250000000
lfp_t6plain_dst_s0,fp32,8,7,47630841,250000000
lfp_t6plain_dst_s0,fp32,8,8,47630841,250000000
lfp_t6plain_dst_s0,fp32,8,9,47630841,250000000
lfp_t6plain_dst_s0,fp32,8,10,47630841,250000000
lfp_t6plain_dst_s0,fp32,8,11,47630841,250000000
lfp_t6plain_dst_s0,fp32,8,12,47630841,250000000
lfp_t6plain_dst_s0,fp32,8,13,47630841,250000000
lfp_t6plain_dst_s0,fp32,8,14,47630841,250000000
lfp_t6plain_dst_s0,fp32,8,15,47630841,250000000
lfp_t6plain_dst_s0,fp32,9,0,47717651,250000000
lfp_t6plain_dst_s0,fp32,9,1,47717605,250000000
lfp_t6plain_dst_s0,fp32,9,2,47717605,250000000
lfp_t6plain_dst_s0,fp32,9,3,47717605,250000000
lfp_t6plain_dst_s0,fp32,9,4,47717605,250000000
lfp_t6plain_dst_s0,fp32,9,5,47717605,250000000
lfp_t6plain_dst_s0,fp32,9,6,47717605,250000000
lfp_t6plain_dst_s0,fp32,9,7,47717605,250000000
lfp_t6plain_dst_s0,fp32,9,8,47717605,250000000
lfp_t6plain_dst_s0,fp32,9,9,47717605,250000000
lfp_t6plain_dst_s0,fp32,9,10,47717605,250000000
lfp_t6plain_dst_s0,fp32,9,11,47717605,250000000
lfp_t6plain_dst_s0,fp32,9,12,47717605,250000000
lfp_t6plain_dst_s0,fp32,9,13,47717605,250000000
lfp_t6plain_dst_s0,fp32,9,14,47717605,250000000
lfp_t6plain_dst_s0,fp32,9,15,47717605,250000000
lfp_t6plain_dst_s0,fp32,10,0,47769143,250000000
lfp_t6plain_dst_s0,fp32,10,1,47769090,250000000
lfp_t6plain_dst_s0,fp32,10,2,47769090,250000000
lfp_t6plain_dst_s0,fp32,10,3,47769090,250000000
lfp_t6plain_dst_s0,fp32,10,4,47769090,250000000
lfp_t6plain_dst_s0,fp32,10,5,47769090,250000000
lfp_t6plain_dst_s0,fp32,10,6,47769090,250000000
lfp_t6plain_dst_s0,fp32,10,7,47769090,250000000
lfp_t6plain_dst_s0,fp32,10,8,47769090,250000000
lfp_t6plain_dst_s0,fp32,10,9,47769090,250000000
lfp_t6plain_dst_s0,fp32,10,10,47769090,250000000
lfp_t6plain_dst_s0,fp32,10,11,47769090,250000000
lfp_t6plain_dst_s0,fp32,10,12,47769090,250000000
lfp_t6plain_dst_s0,fp32,10,13,47769090,250000000
lfp_t6plain_dst_s0,fp32,10,14,47769090,250000000
lfp_t6plain_dst_s0,fp32,10,15,47769090,250000000
lfp_t6plain_dst_s0,fp32,11,0,47749627,250000000
lfp_t6plain_dst_s0,fp32,11,1,47749574,250000000
lfp_t6plain_dst_s0,fp32,11,2,47749574,250000000
lfp_t6plain_dst_s0,fp32,11,3,47749574,250000000
lfp_t6plain_dst_s0,fp32,11,4,47749574,250000000
lfp_t6plain_dst_s0,fp32,11,5,47749574,250000000
lfp_t6plain_dst_s0,fp32,11,6,47749574,250000000
lfp_t6plain_dst_s0,fp32,11,7,47749574,250000000
lfp_t6plain_dst_s0,fp32,11,8,47749574,250000000
lfp_t6plain_dst_s0,fp32,11,9,47749574,250000000
lfp_t6plain_dst_s0,fp32,11,10,47749574,250000000
lfp_t6plain_dst_s0,fp32,11,11,47749574,250000000
lfp_t6plain_dst_s0,fp32,11,12,47749574,250000000
lfp_t6plain_dst_s0,fp32,11,13,47749574,250000000
lfp_t6plain_dst_s0,fp32,11,14,47749574,250000000
lfp_t6plain_dst_s0,fp32,11,15,47749574,250000000
lfp_t6plain_dst_s0,fp32,12,0,47707007,250000000
lfp_t6plain_dst_s0,fp32,12,1,47706982,250000000
lfp_t6plain_dst_s0,fp32,12,2,47706982,250000000
lfp_t6plain_dst_s0,fp32,12,3,47706982,250000000
lfp_t6plain_dst_s0,fp32,12,4,47706982,250000000
lfp_t6plain_dst_s0,fp32,12,5,47706982,250000000
lfp_t6plain_dst_s0,fp32,12,6,47706982,250000000
lfp_t6plain_dst_s0,fp32,12,7,47706982,250000000
lfp_t6plain_dst_s0,fp32,12,8,47706982,250000000
lfp_t6plain_dst_s0,fp32,12,9,47706982,250000000
lfp_t6plain_dst_s0,fp32,12,10,47706982,250000000
lfp_t6plain_dst_s0,fp32,12,11,47706982,250000000
lfp_t6plain_dst_s0,fp32,12,12,47706982,250000000
lfp_t6plain_dst_s0,fp32,12,13,47706982,250000000
lfp_t6plain_dst_s0,fp32,12,14,47706982,250000000
lfp_t6plain_dst_s0,fp32,12,15,47706982,250000000
lfp_t6plain_dst_s0,fp32,13,0,47707700,250000000
lfp_t6plain_dst_s0,fp32,13,1,47707647,250000000
lfp_t6plain_dst_s0,fp32,13,2,47707647,250000000
lfp_t6plain_dst_s0,fp32,13,3,47707647,250000000
lfp_t6plain_dst_s0,fp32,13,4,47707647,250000000
lfp_t6plain_dst_s0,fp32,13,5,47707647,250000000
lfp_t6plain_dst_s0,fp32,13,6,47707647,250000000
lfp_t6plain_dst_s0,fp32,13,7,47707647,250000000
lfp_t6plain_dst_s0,fp32,13,8,47707647,250000000
lfp_t6plain_dst_s0,fp32,13,9,47707647,250000000
lfp_t6plain_dst_s0,fp32,13,10,47707647,250000000
lfp_t6plain_dst_s0,fp32,13,11,47707647,250000000
lfp_t6plain_dst_s0,fp32,13,12,47707647,250000000
lfp_t6plain_dst_s0,fp32,13,13,47707647,250000000
lfp_t6plain_dst_s0,fp32,13,14,47707647,250000000
lfp_t6plain_dst_s0,fp32,13,15,47707647,250000000
lfp_t6plain_dst_s0,fp32,14,0,47669118,250000000
lfp_t6plain_dst_s0,fp32,14,1,47669072,250000000
lfp_t6plain_dst_s0,fp32,14,2,47669072,250000000
lfp_t6plain_dst_s0,fp32,14,3,47669072,250000000
lfp_t6plain_dst_s0,fp32,14,4,47669072,250000000
lfp_t6plain_dst_s0,fp32,14,5,47669072,250000000
lfp_t6plain_dst_s0,fp32,14,6,47669072,250000000
lfp_t6plain_dst_s0,fp32,14,7,47669072,250000000
lfp_t6plain_dst_s0,fp32,14,8,47669072,250000000
lfp_t6plain_dst_s0,fp32,14,9,47669072,250000000
lfp_t6plain_dst_s0,fp32,14,10,47669072,250000000
lfp_t6plain_dst_s0,fp32,14,11,47669072,250000000
lfp_t6plain_dst_s0,fp32,14,12,47669072,250000000
lfp_t6plain_dst_s0,fp32,14,13,47669072,250000000
lfp_t6plain_dst_s0,fp32,14,14,47669072,250000000
lfp_t6plain_dst_s0,fp32,14,15,47669072,250000000
lfp_t6plain_dst_s0,fp32,15,0,47634253,250000000
lfp_t6plain_dst_s0,fp32,15,1,47634207,250000000
lfp_t6plain_dst_s0,fp32,15,2,47634207,250000000
lfp_t6plain_dst_s0,fp32,15,3,47634207,250000000
lfp_t6plain_dst_s0,fp32,15,4,47634207,250000000
lfp_t6plain_dst_s0,fp32,15,5,47634207,250000000
lfp_t6plain_dst_s0,fp32,15,6,47634207,250000000
lfp_t6plain_dst_s0,fp32,15,7,47634207,250000000
lfp_t6plain_dst_s0,fp32,15,8,47634207,250000000
lfp_t6plain_dst_s0,fp32,15,9,47634207,250000000
lfp_t6plain_dst_s0,fp32,15,10,47634207,250000000
lfp_t6plain_dst_s0,fp32,15,11,47634207,250000000
lfp_t6plain_dst_s0,fp32,15,12,47634207,250000000
lfp_t6plain_dst_s0,fp32,15,13,47634207,250000000
lfp_t6plain_dst_s0,fp32,15,14,47634207,250000000
lfp_t6plain_dst_s0,fp32,15,15,47634207,250000000
lfp_t6plain_dst_s0,fp32,16,0,47628226,250000000
lfp_t6plain_dst_s0,fp32,16,1,47628178,250000000
lfp_t6plain_dst_s0,fp32,16,2,47628178,250000000
lfp_t6plain_dst_s0,fp32,16,3,47628178,250000000
lfp_t6plain_dst_s0,fp32,16,4,47628178,250000000
lfp_t6plain_dst_s0,fp32,16,5,47628178,250000000
lfp_t6plain_dst_s0,fp32,16,6,47628178,250000000
lfp_t6plain_dst_s0,fp32,16,7,47628178,250000000
lfp_t6plain_dst_s0,fp32,16,8,47628178,250000000
lfp_t6plain_dst_s0,fp32,16,9,47628178,250000000
lfp_t6plain_dst_s0,fp32,16,10,47628178,250000000
lfp_t6plain_dst_s0,fp32,16,11,47628178,250000000
lfp_t6plain_dst_s0,fp32,16,12,47628178,250000000
lfp_t6plain_dst_s0,fp32,16,13,47628178,250000000
lfp_t6plain_dst_s0,fp32,16,14,47628178,250000000
lfp_t6plain_dst_s0,fp32,16,15,47628178,250000000
lfp_t6plain_dst_s0,fp32,17,0,47738892,250000000
lfp_t6plain_dst_s0,fp32,17,1,47738846,250000000
lfp_t6plain_dst_s0,fp32,17,2,47738846,250000000
lfp_t6plain_dst_s0,fp32,17,3,47738846,250000000
lfp_t6plain_dst_s0,fp32,17,4,47738846,250000000
lfp_t6plain_dst_s0,fp32,17,5,47738846,250000000
lfp_t6plain_dst_s0,fp32,17,6,47738846,250000000
lfp_t6plain_dst_s0,fp32,17,7,47738846,250000000
lfp_t6plain_dst_s0,fp32,17,8,47738846,250000000
lfp_t6plain_dst_s0,fp32,17,9,47738846,250000000
lfp_t6plain_dst_s0,fp32,17,10,47738846,250000000
lfp_t6plain_dst_s0,fp32,17,11,47738846,250000000
lfp_t6plain_dst_s0,fp32,17,12,47738846,250000000
lfp_t6plain_dst_s0,fp32,17,13,47738846,250000000
lfp_t6plain_dst_s0,fp32,17,14,47738846,250000000
lfp_t6plain_dst_s0,fp32,17,15,47738846,250000000
lfp_t6plain_dst_s0,fp32,18,0,47785870,250000000
lfp_t6plain_dst_s0,fp32,18,1,47785815,250000000
lfp_t6plain_dst_s0,fp32,18,2,47785815,250000000
lfp_t6plain_dst_s0,fp32,18,3,47785815,250000000
lfp_t6plain_dst_s0,fp32,18,4,47785815,250000000
lfp_t6plain_dst_s0,fp32,18,5,47785815,250000000
lfp_t6plain_dst_s0,fp32,18,6,47785815,250000000
lfp_t6plain_dst_s0,fp32,18,7,47785815,250000000
lfp_t6plain_dst_s0,fp32,18,8,47785815,250000000
lfp_t6plain_dst_s0,fp32,18,9,47785815,250000000
lfp_t6plain_dst_s0,fp32,18,10,47785815,250000000
lfp_t6plain_dst_s0,fp32,18,11,47785815,250000000
lfp_t6plain_dst_s0,fp32,18,12,47785815,250000000
lfp_t6plain_dst_s0,fp32,18,13,47785815,250000000
lfp_t6plain_dst_s0,fp32,18,14,47785815,250000000
lfp_t6plain_dst_s0,fp32,18,15,47785815,250000000
lfp_t6plain_dst_s0,fp32,19,0,47766749,250000000
lfp_t6plain_dst_s0,fp32,19,1,47766696,250000000
lfp_t6plain_dst_s0,fp32,19,2,47766696,250000000
lfp_t6plain_dst_s0,fp32,19,3,47766696,250000000
lfp_t6plain_dst_s0,fp32,19,4,47766696,250000000
lfp_t6plain_dst_s0,fp32,19,5,47766696,250000000
lfp_t6plain_dst_s0,fp32,19,6,47766696,250000000
lfp_t6plain_dst_s0,fp32,19,7,47766696,250000000
lfp_t6plain_dst_s0,fp32,19,8,47766696,250000000
lfp_t6plain_dst_s0,fp32,19,9,47766696,250000000
lfp_t6plain_dst_s0,fp32,19,10,47766696,250000000
lfp_t6plain_dst_s0,fp32,19,11,47766696,250000000
lfp_t6plain_dst_s0,fp32,19,12,47766696,250000000
lfp_t6plain_dst_s0,fp32,19,13,47766696,250000000
lfp_t6plain_dst_s0,fp32,19,14,47766696,250000000
lfp_t6plain_dst_s0,fp32,19,15,47766696,250000000
lfp_t6plain_dst_s0,fp32,20,0,47734102,250000000
lfp_t6plain_dst_s0,fp32,20,1,47734079,250000000
lfp_t6plain_dst_s0,fp32,20,2,47734079,250000000
lfp_t6plain_dst_s0,fp32,20,3,47734079,250000000
lfp_t6plain_dst_s0,fp32,20,4,47734079,250000000
lfp_t6plain_dst_s0,fp32,20,5,47734079,250000000
lfp_t6plain_dst_s0,fp32,20,6,47734079,250000000
lfp_t6plain_dst_s0,fp32,20,7,47734079,250000000
lfp_t6plain_dst_s0,fp32,20,8,47734079,250000000
lfp_t6plain_dst_s0,fp32,20,9,47734079,250000000
lfp_t6plain_dst_s0,fp32,20,10,47734079,250000000
lfp_t6plain_dst_s0,fp32,20,11,47734079,250000000
lfp_t6plain_dst_s0,fp32,20,12,47734079,250000000
lfp_t6plain_dst_s0,fp32,20,13,47734079,250000000
lfp_t6plain_dst_s0,fp32,20,14,47734079,250000000
lfp_t6plain_dst_s0,fp32,20,15,47734079,250000000
lfp_t6plain_dst_s0,fp32,21,0,47743283,250000000
lfp_t6plain_dst_s0,fp32,21,1,47743230,250000000
lfp_t6plain_dst_s0,fp32,21,2,47743230,250000000
lfp_t6plain_dst_s0,fp32,21,3,47743230,250000000
lfp_t6plain_dst_s0,fp32,21,4,47743230,250000000
lfp_t6plain_dst_s0,fp32,21,5,47743230,250000000
lfp_t6plain_dst_s0,fp32,21,6,47743230,250000000
lfp_t6plain_dst_s0,fp32,21,7,47743230,250000000
lfp_t6plain_dst_s0,fp32,21,8,47743230,250000000
lfp_t6plain_dst_s0,fp32,21,9,47743230,250000000
lfp_t6plain_dst_s0,fp32,21,10,47743230,250000000
lfp_t6plain_dst_s0,fp32,21,11,47743230,250000000
lfp_t6plain_dst_s0,fp32,21,12,47743230,250000000
lfp_t6plain_dst_s0,fp32,21,13,47743230,250000000
lfp_t6plain_dst_s0,fp32,21,14,47743230,250000000
lfp_t6plain_dst_s0,fp32,21,15,47743230,250000000
lfp_t6plain_dst_s0,fp32,22,0,47696013,250000000
lfp_t6plain_dst_s0,fp32,22,1,47695960,250000000
lfp_t6plain_dst_s0,fp32,22,2,47695960,250000000
lfp_t6plain_dst_s0,fp32,22,3,47695960,250000000
lfp_t6plain_dst_s0,fp32,22,4,47695960,250000000
lfp_t6plain_dst_s0,fp32,22,5,47695960,250000000
lfp_t6plain_dst_s0,fp32,22,6,47695960,250000000
lfp_t6plain_dst_s0,fp32,22,7,47695960,250000000
lfp_t6plain_dst_s0,fp32,22,8,47695960,250000000
lfp_t6plain_dst_s0,fp32,22,9,47695960,250000000
lfp_t6plain_dst_s0,fp32,22,10,47695960,250000000
lfp_t6plain_dst_s0,fp32,22,11,47695960,250000000
lfp_t6plain_dst_s0,fp32,22,12,47695960,250000000
lfp_t6plain_dst_s0,fp32,22,13,47695960,250000000
lfp_t6plain_dst_s0,fp32,22,14,47695960,250000000
lfp_t6plain_dst_s0,fp32,22,15,47695960,250000000
lfp_t6plain_dst_s0,fp32,23,0,47620857,250000000
lfp_t6plain_dst_s0,fp32,23,1,47620811,250000000
lfp_t6plain_dst_s0,fp32,23,2,47620811,250000000
lfp_t6plain_dst_s0,fp32,23,3,47620811,250000000
lfp_t6plain_dst_s0,fp32,23,4,47620811,250000000
lfp_t6plain_dst_s0,fp32,23,5,47620811,250000000
lfp_t6plain_dst_s0,fp32,23,6,47620811,250000000
lfp_t6plain_dst_s0,fp32,23,7,47620811,250000000
lfp_t6plain_dst_s0,fp32,23,8,47620811,250000000
lfp_t6plain_dst_s0,fp32,23,9,47620811,250000000
lfp_t6plain_dst_s0,fp32,23,10,47620811,250000000
lfp_t6plain_dst_s0,fp32,23,11,47620811,250000000
lfp_t6plain_dst_s0,fp32,23,12,47620811,250000000
lfp_t6plain_dst_s0,fp32,23,13,47620811,250000000
lfp_t6plain_dst_s0,fp32,23,14,47620811,250000000
lfp_t6plain_dst_s0,fp32,23,15,47620811,250000000
lfp_t6plain_dst_s0,fp32,24,0,47625354,250000000
lfp_t6plain_dst_s0,fp32,24,1,47625306,250000000
lfp_t6plain_dst_s0,fp32,24,2,47625306,250000000
lfp_t6plain_dst_s0,fp32,24,3,47625306,250000000
lfp_t6plain_dst_s0,fp32,24,4,47625306,250000000
lfp_t6plain_dst_s0,fp32,24,5,47625306,250000000
lfp_t6plain_dst_s0,fp32,24,6,47625306,250000000
lfp_t6plain_dst_s0,fp32,24,7,47625306,250000000
lfp_t6plain_dst_s0,fp32,24,8,47625306,250000000
lfp_t6plain_dst_s0,fp32,24,9,47625306,250000000
lfp_t6plain_dst_s0,fp32,24,10,47625306,250000000
lfp_t6plain_dst_s0,fp32,24,11,47625306,250000000
lfp_t6plain_dst_s0,fp32,24,12,47625306,250000000
lfp_t6plain_dst_s0,fp32,24,13,47625306,250000000
lfp_t6plain_dst_s0,fp32,24,14,47625306,250000000
lfp_t6plain_dst_s0,fp32,24,15,47625306,250000000
lfp_t6plain_dst_s0,fp32,25,0,47740595,250000000
lfp_t6plain_dst_s0,fp32,25,1,47740549,250000000
lfp_t6plain_dst_s0,fp32,25,2,47740549,250000000
lfp_t6plain_dst_s0,fp32,25,3,47740549,250000000
lfp_t6plain_dst_s0,fp32,25,4,47740549,250000000
lfp_t6plain_dst_s0,fp32,25,5,47740549,250000000
lfp_t6plain_dst_s0,fp32,25,6,47740549,250000000
lfp_t6plain_dst_s0,fp32,25,7,47740549,250000000
lfp_t6plain_dst_s0,fp32,25,8,47740549,250000000
lfp_t6plain_dst_s0,fp32,25,9,47740549,250000000
lfp_t6plain_dst_s0,fp32,25,10,47740549,250000000
lfp_t6plain_dst_s0,fp32,25,11,47740549,250000000
lfp_t6plain_dst_s0,fp32,25,12,47740549,250000000
lfp_t6plain_dst_s0,fp32,25,13,47740549,250000000
lfp_t6plain_dst_s0,fp32,25,14,47740549,250000000
lfp_t6plain_dst_s0,fp32,25,15,47740549,250000000
lfp_t6plain_dst_s0,fp32,26,0,47774275,250000000
lfp_t6plain_dst_s0,fp32,26,1,47774222,250000000
lfp_t6plain_dst_s0,fp32,26,2,47774222,250000000
lfp_t6plain_dst_s0,fp32,26,3,47774222,250000000
lfp_t6plain_dst_s0,fp32,26,4,47774222,250000000
lfp_t6plain_dst_s0,fp32,26,5,47774222,250000000
lfp_t6plain_dst_s0,fp32,26,6,47774222,250000000
lfp_t6plain_dst_s0,fp32,26,7,47774222,250000000
lfp_t6plain_dst_s0,fp32,26,8,47774222,250000000
lfp_t6plain_dst_s0,fp32,26,9,47774222,250000000
lfp_t6plain_dst_s0,fp32,26,10,47774222,250000000
lfp_t6plain_dst_s0,fp32,26,11,47774222,250000000
lfp_t6plain_dst_s0,fp32,26,12,47774222,250000000
lfp_t6plain_dst_s0,fp32,26,13,47774222,250000000
lfp_t6plain_dst_s0,fp32,26,14,47774222,250000000
lfp_t6plain_dst_s0,fp32,26,15,47774222,250000000
lfp_t6plain_dst_s0,fp32,27,0,47751875,250000000
lfp_t6plain_dst_s0,fp32,27,1,47751822,250000000
lfp_t6plain_dst_s0,fp32,27,2,47751822,250000000
lfp_t6plain_dst_s0,fp32,27,3,47751822,250000000
lfp_t6plain_dst_s0,fp32,27,4,47751822,250000000
lfp_t6plain_dst_s0,fp32,27,5,47751822,250000000
lfp_t6plain_dst_s0,fp32,27,6,47751822,250000000
lfp_t6plain_dst_s0,fp32,27,7,47751822,250000000
lfp_t6plain_dst_s0,fp32,27,8,47751822,250000000
lfp_t6plain_dst_s0,fp32,27,9,47751822,250000000
lfp_t6plain_dst_s0,fp32,27,10,47751822,250000000
lfp_t6plain_dst_s0,fp32,27,11,47751822,250000000
lfp_t6plain_dst_s0,fp32,27,12,47751822,250000000
lfp_t6plain_dst_s0,fp32,27,13,47751822,250000000
lfp_t6plain_dst_s0,fp32,27,14,47751822,250000000
lfp_t6plain_dst_s0,fp32,27,15,47751822,250000000
lfp_t6plain_dst_s0,fp32,28,0,47741274,250000000
lfp_t6plain_dst_s0,fp32,28,1,47741251,250000000
lfp_t6plain_dst_s0,fp32,28,2,47741251,250000000
lfp_t6plain_dst_s0,fp32,28,3,47741251,250000000
lfp_t6plain_dst_s0,fp32,28,4,47741251,250000000
lfp_t6plain_dst_s0,fp32,28,5,47741251,250000000
lfp_t6plain_dst_s0,fp32,28,6,47741251,250000000
lfp_t6plain_dst_s0,fp32,28,7,47741251,250000000
lfp_t6plain_dst_s0,fp32,28,8,47741251,250000000
lfp_t6plain_dst_s0,fp32,28,9,47741251,250000000
lfp_t6plain_dst_s0,fp32,28,10,47741251,250000000
lfp_t6plain_dst_s0,fp32,28,11,47741251,250000000
lfp_t6plain_dst_s0,fp32,28,12,47741251,250000000
lfp_t6plain_dst_s0,fp32,28,13,47741251,250000000
lfp_t6plain_dst_s0,fp32,28,14,47741251,250000000
lfp_t6plain_dst_s0,fp32,28,15,47741251,250000000
lfp_t6plain_dst_s0,fp32,29,0,47759551,250000000
lfp_t6plain_dst_s0,fp32,29,1,47759498,250000000
lfp_t6plain_dst_s0,fp32,29,2,47759498,250000000
lfp_t6plain_dst_s0,fp32,29,3,47759498,250000000
lfp_t6plain_dst_s0,fp32,29,4,47759498,250000000
lfp_t6plain_dst_s0,fp32,29,5,47759498,250000000
lfp_t6plain_dst_s0,fp32,29,6,47759498,250000000
lfp_t6plain_dst_s0,fp32,29,7,47759498,250000000
lfp_t6plain_dst_s0,fp32,29,8,47759498,250000000
lfp_t6plain_dst_s0,fp32,29,9,47759498,250000000
lfp_t6plain_dst_s0,fp32,29,10,47759498,250000000
lfp_t6plain_dst_s0,fp32,29,11,47759498,250000000
lfp_t6plain_dst_s0,fp32,29,12,47759498,250000000
lfp_t6plain_dst_s0,fp32,29,13,47759498,250000000
lfp_t6plain_dst_s0,fp32,29,14,47759498,250000000
lfp_t6plain_dst_s0,fp32,29,15,47759498,250000000
lfp_t6plain_dst_s0,fp32,30,0,47746426,250000000
lfp_t6plain_dst_s0,fp32,30,1,47746380,250000000
lfp_t6plain_dst_s0,fp32,30,2,47746380,250000000
lfp_t6plain_dst_s0,fp32,30,3,47746380,250000000
lfp_t6plain_dst_s0,fp32,30,4,47746380,250000000
lfp_t6plain_dst_s0,fp32,30,5,47746380,250000000
lfp_t6plain_dst_s0,fp32,30,6,47746380,250000000
lfp_t6plain_dst_s0,fp32,30,7,47746380,250000000
lfp_t6plain_dst_s0,fp32,30,8,47746380,250000000
lfp_t6plain_dst_s0,fp32,30,9,47746380,250000000
lfp_t6plain_dst_s0,fp32,30,10,47746380,250000000
lfp_t6plain_dst_s0,fp32,30,11,47746380,250000000
lfp_t6plain_dst_s0,fp32,30,12,47746380,250000000
lfp_t6plain_dst_s0,fp32,30,13,47746380,250000000
lfp_t6plain_dst_s0,fp32,30,14,47746380,250000000
lfp_t6plain_dst_s0,fp32,30,15,47746380,250000000
lfp_t6plain_dst_s0,fp32,31,0,47582872,250000000
lfp_t6plain_dst_s0,fp32,31,1,47582826,250000000
lfp_t6plain_dst_s0,fp32,31,2,47582826,250000000
lfp_t6plain_dst_s0,fp32,31,3,47582826,250000000
lfp_t6plain_dst_s0,fp32,31,4,47582826,250000000
lfp_t6plain_dst_s0,fp32,31,5,47582826,250000000
lfp_t6plain_dst_s0,fp32,31,6,47582826,250000000
lfp_t6plain_dst_s0,fp32,31,7,47582826,250000000
lfp_t6plain_dst_s0,fp32,31,8,47582826,250000000
lfp_t6plain_dst_s0,fp32,31,9,47582826,250000000
lfp_t6plain_dst_s0,fp32,31,10,47582826,250000000
lfp_t6plain_dst_s0,fp32,31,11,47582826,250000000
lfp_t6plain_dst_s0,fp32,31,12,47582826,250000000
lfp_t6plain_dst_s0,fp32,31,13,47582826,250000000
lfp_t6plain_dst_s0,fp32,31,14,47582826,250000000
lfp_t6plain_dst_s0,fp32,31,15,47582826,250000000
lfp_t6plain_dst_s0,fp32,32,0,47628015,250000000
lfp_t6plain_dst_s0,fp32,32,1,47627967,250000000
lfp_t6plain_dst_s0,fp32,32,2,47627967,250000000
lfp_t6plain_dst_s0,fp32,32,3,47627967,250000000
lfp_t6plain_dst_s0,fp32,32,4,47627967,250000000
lfp_t6plain_dst_s0,fp32,32,5,47627967,250000000
lfp_t6plain_dst_s0,fp32,32,6,47627967,250000000
lfp_t6plain_dst_s0,fp32,32,7,47627967,250000000
lfp_t6plain_dst_s0,fp32,32,8,47627967,250000000
lfp_t6plain_dst_s0,fp32,32,9,47627967,250000000
lfp_t6plain_dst_s0,fp32,32,10,47627967,250000000
lfp_t6plain_dst_s0,fp32,32,11,47627967,250000000
lfp_t6plain_dst_s0,fp32,32,12,47627967,250000000
lfp_t6plain_dst_s0,fp32,32,13,47627967,250000000
lfp_t6plain_dst_s0,fp32,32,14,47627967,250000000
lfp_t6plain_dst_s0,fp32,32,15,47627967,250000000
lfp_t6plain_dst_s0,fp32,33,0,47734798,250000000
lfp_t6plain_dst_s0,fp32,33,1,47734752,250000000
lfp_t6plain_dst_s0,fp32,33,2,47734752,250000000
lfp_t6plain_dst_s0,fp32,33,3,47734752,250000000
lfp_t6plain_dst_s0,fp32,33,4,47734752,250000000
lfp_t6plain_dst_s0,fp32,33,5,47734752,250000000
lfp_t6plain_dst_s0,fp32,33,6,47734752,250000000
lfp_t6plain_dst_s0,fp32,33,7,47734752,250000000
lfp_t6plain_dst_s0,fp32,33,8,47734752,250000000
lfp_t6plain_dst_s0,fp32,33,9,47734752,250000000
lfp_t6plain_dst_s0,fp32,33,10,47734752,250000000
lfp_t6plain_dst_s0,fp32,33,11,47734752,250000000
lfp_t6plain_dst_s0,fp32,33,12,47734752,250000000
lfp_t6plain_dst_s0,fp32,33,13,47734752,250000000
lfp_t6plain_dst_s0,fp32,33,14,47734752,250000000
lfp_t6plain_dst_s0,fp32,33,15,47734752,250000000
lfp_t6plain_dst_s0,fp32,34,0,47776242,250000000
lfp_t6plain_dst_s0,fp32,34,1,47776189,250000000
lfp_t6plain_dst_s0,fp32,34,2,47776189,250000000
lfp_t6plain_dst_s0,fp32,34,3,47776189,250000000
lfp_t6plain_dst_s0,fp32,34,4,47776189,250000000
lfp_t6plain_dst_s0,fp32,34,5,47776189,250000000
lfp_t6plain_dst_s0,fp32,34,6,47776189,250000000
lfp_t6plain_dst_s0,fp32,34,7,47776189,250000000
lfp_t6plain_dst_s0,fp32,34,8,47776189,250000000
lfp_t6plain_dst_s0,fp32,34,9,47776189,250000000
lfp_t6plain_dst_s0,fp32,34,10,47776189,250000000
lfp_t6plain_dst_s0,fp32,34,11,47776189,250000000
lfp_t6plain_dst_s0,fp32,34,12,47776189,250000000
lfp_t6plain_dst_s0,fp32,34,13,47776189,250000000
lfp_t6plain_dst_s0,fp32,34,14,47776189,250000000
lfp_t6plain_dst_s0,fp32,34,15,47776189,250000000
lfp_t6plain_dst_s0,fp32,35,0,47738030,250000000
lfp_t6plain_dst_s0,fp32,35,1,47737975,250000000
lfp_t6plain_dst_s0,fp32,35,2,47737975,250000000
lfp_t6plain_dst_s0,fp32,35,3,47737975,250000000
lfp_t6plain_dst_s0,fp32,35,4,47737975,250000000
lfp_t6plain_dst_s0,fp32,35,5,47737975,250000000
lfp_t6plain_dst_s0,fp32,35,6,47737975,250000000
lfp_t6plain_dst_s0,fp32,35,7,47737975,250000000
lfp_t6plain_dst_s0,fp32,35,8,47737975,250000000
lfp_t6plain_dst_s0,fp32,35,9,47737975,250000000
lfp_t6plain_dst_s0,fp32,35,10,47737975,250000000
lfp_t6plain_dst_s0,fp32,35,11,47737975,250000000
lfp_t6plain_dst_s0,fp32,35,12,47737975,250000000
lfp_t6plain_dst_s0,fp32,35,13,47737975,250000000
lfp_t6plain_dst_s0,fp32,35,14,47737975,250000000
lfp_t6plain_dst_s0,fp32,35,15,47737975,250000000
lfp_t6plain_dst_s0,fp32,36,0,47741877,250000000
lfp_t6plain_dst_s0,fp32,36,1,47741852,250000000
lfp_t6plain_dst_s0,fp32,36,2,47741852,250000000
lfp_t6plain_dst_s0,fp32,36,3,47741852,250000000
lfp_t6plain_dst_s0,fp32,36,4,47741852,250000000
lfp_t6plain_dst_s0,fp32,36,5,47741852,250000000
lfp_t6plain_dst_s0,fp32,36,6,47741852,250000000
lfp_t6plain_dst_s0,fp32,36,7,47741852,250000000
lfp_t6plain_dst_s0,fp32,36,8,47741852,250000000
lfp_t6plain_dst_s0,fp32,36,9,47741852,250000000
lfp_t6plain_dst_s0,fp32,36,10,47741852,250000000
lfp_t6plain_dst_s0,fp32,36,11,47741852,250000000
lfp_t6plain_dst_s0,fp32,36,12,47741852,250000000
lfp_t6plain_dst_s0,fp32,36,13,47741852,250000000
lfp_t6plain_dst_s0,fp32,36,14,47741852,250000000
lfp_t6plain_dst_s0,fp32,36,15,47741852,250000000
lfp_t6plain_dst_s0,fp32,37,0,47770358,250000000
lfp_t6plain_dst_s0,fp32,37,1,47770305,250000000
lfp_t6plain_dst_s0,fp32,37,2,47770305,250000000
lfp_t6plain_dst_s0,fp32,37,3,47770305,250000000
lfp_t6plain_dst_s0,fp32,37,4,47770305,250000000
lfp_t6plain_dst_s0,fp32,37,5,47770305,250000000
lfp_t6plain_dst_s0,fp32,37,6,47770305,250000000
lfp_t6plain_dst_s0,fp32,37,7,47770305,250000000
lfp_t6plain_dst_s0,fp32,37,8,47770305,250000000
lfp_t6plain_dst_s0,fp32,37,9,47770305,250000000
lfp_t6plain_dst_s0,fp32,37,10,47770305,250000000
lfp_t6plain_dst_s0,fp32,37,11,47770305,250000000
lfp_t6plain_dst_s0,fp32,37,12,47770305,250000000
lfp_t6plain_dst_s0,fp32,37,13,47770305,250000000
lfp_t6plain_dst_s0,fp32,37,14,47770305,250000000
lfp_t6plain_dst_s0,fp32,37,15,47770305,250000000
lfp_t6plain_dst_s0,fp32,38,0,47757212,250000000
lfp_t6plain_dst_s0,fp32,38,1,47757166,250000000
lfp_t6plain_dst_s0,fp32,38,2,47757166,250000000
lfp_t6plain_dst_s0,fp32,38,3,47757166,250000000
lfp_t6plain_dst_s0,fp32,38,4,47757166,250000000
lfp_t6plain_dst_s0,fp32,38,5,47757166,250000000
lfp_t6plain_dst_s0,fp32,38,6,47757166,250000000
lfp_t6plain_dst_s0,fp32,38,7,47757166,250000000
lfp_t6plain_dst_s0,fp32,38,8,47757166,250000000
lfp_t6plain_dst_s0,fp32,38,9,47757166,250000000
lfp_t6plain_dst_s0,fp32,38,10,47757166,250000000
lfp_t6plain_dst_s0,fp32,38,11,47757166,250000000
lfp_t6plain_dst_s0,fp32,38,12,47757166,250000000
lfp_t6plain_dst_s0,fp32,38,13,47757166,250000000
lfp_t6plain_dst_s0,fp32,38,14,47757166,250000000
lfp_t6plain_dst_s0,fp32,38,15,47757166,250000000
lfp_t6plain_dst_s0,fp32,39,0,47606868,250000000
lfp_t6plain_dst_s0,fp32,39,1,47606822,250000000
lfp_t6plain_dst_s0,fp32,39,2,47606822,250000000
lfp_t6plain_dst_s0,fp32,39,3,47606822,250000000
lfp_t6plain_dst_s0,fp32,39,4,47606822,250000000
lfp_t6plain_dst_s0,fp32,39,5,47606822,250000000
lfp_t6plain_dst_s0,fp32,39,6,47606822,250000000
lfp_t6plain_dst_s0,fp32,39,7,47606822,250000000
lfp_t6plain_dst_s0,fp32,39,8,47606822,250000000
lfp_t6plain_dst_s0,fp32,39,9,47606822,250000000
lfp_t6plain_dst_s0,fp32,39,10,47606822,250000000
lfp_t6plain_dst_s0,fp32,39,11,47606822,250000000
lfp_t6plain_dst_s0,fp32,39,12,47606822,250000000
lfp_t6plain_dst_s0,fp32,39,13,47606822,250000000
lfp_t6plain_dst_s0,fp32,39,14,47606822,250000000
lfp_t6plain_dst_s0,fp32,39,15,47606822,250000000
lfp_t6plain_dst_s0,fp32,40,0,47631656,250000000
lfp_t6plain_dst_s0,fp32,40,1,47631608,250000000
lfp_t6plain_dst_s0,fp32,40,2,47631608,250000000
lfp_t6plain_dst_s0,fp32,40,3,47631608,250000000
lfp_t6plain_dst_s0,fp32,40,4,47631608,250000000
lfp_t6plain_dst_s0,fp32,40,5,47631608,250000000
lfp_t6plain_dst_s0,fp32,40,6,47631608,250000000
lfp_t6plain_dst_s0,fp32,40,7,47631608,250000000
lfp_t6plain_dst_s0,fp32,40,8,47631608,250000000
lfp_t6plain_dst_s0,fp32,40,9,47631608,250000000
lfp_t6plain_dst_s0,fp32,40,10,47631608,250000000
lfp_t6plain_dst_s0,fp32,40,11,47631608,250000000
lfp_t6plain_dst_s0,fp32,40,12,47631608,250000000
lfp_t6plain_dst_s0,fp32,40,13,47631608,250000000
lfp_t6plain_dst_s0,fp32,40,14,47631608,250000000
lfp_t6plain_dst_s0,fp32,40,15,47631608,250000000
lfp_t6plain_dst_s0,fp32,41,0,47724721,250000000
lfp_t6plain_dst_s0,fp32,41,1,47724675,250000000
lfp_t6plain_dst_s0,fp32,41,2,47724675,250000000
lfp_t6plain_dst_s0,fp32,41,3,47724675,250000000
lfp_t6plain_dst_s0,fp32,41,4,47724675,250000000
lfp_t6plain_dst_s0,fp32,41,5,47724675,250000000
lfp_t6plain_dst_s0,fp32,41,6,47724675,250000000
lfp_t6plain_dst_s0,fp32,41,7,47724675,250000000
lfp_t6plain_dst_s0,fp32,41,8,47724675,250000000
lfp_t6plain_dst_s0,fp32,41,9,47724675,250000000
lfp_t6plain_dst_s0,fp32,41,10,47724675,250000000
lfp_t6plain_dst_s0,fp32,41,11,47724675,250000000
lfp_t6plain_dst_s0,fp32,41,12,47724675,250000000
lfp_t6plain_dst_s0,fp32,41,13,47724675,250000000
lfp_t6plain_dst_s0,fp32,41,14,47724675,250000000
lfp_t6plain_dst_s0,fp32,41,15,47724675,250000000
lfp_t6plain_dst_s0,fp32,42,0,47755628,250000000
lfp_t6plain_dst_s0,fp32,42,1,47755575,250000000
lfp_t6plain_dst_s0,fp32,42,2,47755575,250000000
lfp_t6plain_dst_s0,fp32,42,3,47755575,250000000
lfp_t6plain_dst_s0,fp32,42,4,47755575,250000000
lfp_t6plain_dst_s0,fp32,42,5,47755575,250000000
lfp_t6plain_dst_s0,fp32,42,6,47755575,250000000
lfp_t6plain_dst_s0,fp32,42,7,47755575,250000000
lfp_t6plain_dst_s0,fp32,42,8,47755575,250000000
lfp_t6plain_dst_s0,fp32,42,9,47755575,250000000
lfp_t6plain_dst_s0,fp32,42,10,47755575,250000000
lfp_t6plain_dst_s0,fp32,42,11,47755575,250000000
lfp_t6plain_dst_s0,fp32,42,12,47755575,250000000
lfp_t6plain_dst_s0,fp32,42,13,47755575,250000000
lfp_t6plain_dst_s0,fp32,42,14,47755575,250000000
lfp_t6plain_dst_s0,fp32,42,15,47755575,250000000
lfp_t6plain_dst_s0,fp32,43,0,47766062,250000000
lfp_t6plain_dst_s0,fp32,43,1,47766009,250000000
lfp_t6plain_dst_s0,fp32,43,2,47766009,250000000
lfp_t6plain_dst_s0,fp32,43,3,47766009,250000000
lfp_t6plain_dst_s0,fp32,43,4,47766009,250000000
lfp_t6plain_dst_s0,fp32,43,5,47766009,250000000
lfp_t6plain_dst_s0,fp32,43,6,47766009,250000000
lfp_t6plain_dst_s0,fp32,43,7,47766009,250000000
lfp_t6plain_dst_s0,fp32,43,8,47766009,250000000
lfp_t6plain_dst_s0,fp32,43,9,47766009,250000000
lfp_t6plain_dst_s0,fp32,43,10,47766009,250000000
lfp_t6plain_dst_s0,fp32,43,11,47766009,250000000
lfp_t6plain_dst_s0,fp32,43,12,47766009,250000000
lfp_t6plain_dst_s0,fp32,43,13,47766009,250000000
lfp_t6plain_dst_s0,fp32,43,14,47766009,250000000
lfp_t6plain_dst_s0,fp32,43,15,47766009,250000000
lfp_t6plain_dst_s0,fp32,44,0,47747928,250000000
lfp_t6plain_dst_s0,fp32,44,1,47747905,250000000
lfp_t6plain_dst_s0,fp32,44,2,47747905,250000000
lfp_t6plain_dst_s0,fp32,44,3,47747905,250000000
lfp_t6plain_dst_s0,fp32,44,4,47747905,250000000
lfp_t6plain_dst_s0,fp32,44,5,47747905,250000000
lfp_t6plain_dst_s0,fp32,44,6,47747905,250000000
lfp_t6plain_dst_s0,fp32,44,7,47747905,250000000
lfp_t6plain_dst_s0,fp32,44,8,47747905,250000000
lfp_t6plain_dst_s0,fp32,44,9,47747905,250000000
lfp_t6plain_dst_s0,fp32,44,10,47747905,250000000
lfp_t6plain_dst_s0,fp32,44,11,47747905,250000000
lfp_t6plain_dst_s0,fp32,44,12,47747905,250000000
lfp_t6plain_dst_s0,fp32,44,13,47747905,250000000
lfp_t6plain_dst_s0,fp32,44,14,47747905,250000000
lfp_t6plain_dst_s0,fp32,44,15,47747905,250000000
lfp_t6plain_dst_s0,fp32,45,0,47723150,250000000
lfp_t6plain_dst_s0,fp32,45,1,47723095,250000000
lfp_t6plain_dst_s0,fp32,45,2,47723095,250000000
lfp_t6plain_dst_s0,fp32,45,3,47723095,250000000
lfp_t6plain_dst_s0,fp32,45,4,47723095,250000000
lfp_t6plain_dst_s0,fp32,45,5,47723095,250000000
lfp_t6plain_dst_s0,fp32,45,6,47723095,250000000
lfp_t6plain_dst_s0,fp32,45,7,47723095,250000000
lfp_t6plain_dst_s0,fp32,45,8,47723095,250000000
lfp_t6plain_dst_s0,fp32,45,9,47723095,250000000
lfp_t6plain_dst_s0,fp32,45,10,47723095,250000000
lfp_t6plain_dst_s0,fp32,45,11,47723095,250000000
lfp_t6plain_dst_s0,fp32,45,12,47723095,250000000
lfp_t6plain_dst_s0,fp32,45,13,47723095,250000000
lfp_t6plain_dst_s0,fp32,45,14,47723095,250000000
lfp_t6plain_dst_s0,fp32,45,15,47723095,250000000
lfp_t6plain_dst_s0,fp32,46,0,47738944,250000000
lfp_t6plain_dst_s0,fp32,46,1,47738896,250000000
lfp_t6plain_dst_s0,fp32,46,2,47738896,250000000
lfp_t6plain_dst_s0,fp32,46,3,47738896,250000000
lfp_t6plain_dst_s0,fp32,46,4,47738896,250000000
lfp_t6plain_dst_s0,fp32,46,5,47738896,250000000
lfp_t6plain_dst_s0,fp32,46,6,47738896,250000000
lfp_t6plain_dst_s0,fp32,46,7,47738896,250000000
lfp_t6plain_dst_s0,fp32,46,8,47738896,250000000
lfp_t6plain_dst_s0,fp32,46,9,47738896,250000000
lfp_t6plain_dst_s0,fp32,46,10,47738896,250000000
lfp_t6plain_dst_s0,fp32,46,11,47738896,250000000
lfp_t6plain_dst_s0,fp32,46,12,47738896,250000000
lfp_t6plain_dst_s0,fp32,46,13,47738896,250000000
lfp_t6plain_dst_s0,fp32,46,14,47738896,250000000
lfp_t6plain_dst_s0,fp32,46,15,47738896,250000000
lfp_t6plain_dst_s0,fp32,47,0,47618103,250000000
lfp_t6plain_dst_s0,fp32,47,1,47618057,250000000
lfp_t6plain_dst_s0,fp32,47,2,47618057,250000000
lfp_t6plain_dst_s0,fp32,47,3,47618057,250000000
lfp_t6plain_dst_s0,fp32,47,4,47618057,250000000
lfp_t6plain_dst_s0,fp32,47,5,47618057,250000000
lfp_t6plain_dst_s0,fp32,47,6,47618057,250000000
lfp_t6plain_dst_s0,fp32,47,7,47618057,250000000
lfp_t6plain_dst_s0,fp32,47,8,47618057,250000000
lfp_t6plain_dst_s0,fp32,47,9,47618057,250000000
lfp_t6plain_dst_s0,fp32,47,10,47618057,250000000
lfp_t6plain_dst_s0,fp32,47,11,47618057,250000000
lfp_t6plain_dst_s0,fp32,47,12,47618057,250000000
lfp_t6plain_dst_s0,fp32,47,13,47618057,250000000
lfp_t6plain_dst_s0,fp32,47,14,47618057,250000000
lfp_t6plain_dst_s0,fp32,47,15,47618057,250000000
lfp_t6plain_dst_s0,fp32,48,0,47635533,250000000
lfp_t6plain_dst_s0,fp32,48,1,47635485,250000000
lfp_t6plain_dst_s0,fp32,48,2,47635485,250000000
lfp_t6plain_dst_s0,fp32,48,3,47635485,250000000
lfp_t6plain_dst_s0,fp32,48,4,47635485,250000000
lfp_t6plain_dst_s0,fp32,48,5,47635485,250000000
lfp_t6plain_dst_s0,fp32,48,6,47635485,250000000
lfp_t6plain_dst_s0,fp32,48,7,47635485,250000000
lfp_t6plain_dst_s0,fp32,48,8,47635485,250000000
lfp_t6plain_dst_s0,fp32,48,9,47635485,250000000
lfp_t6plain_dst_s0,fp32,48,10,47635485,250000000
lfp_t6plain_dst_s0,fp32,48,11,47635485,250000000
lfp_t6plain_dst_s0,fp32,48,12,47635485,250000000
lfp_t6plain_dst_s0,fp32,48,13,47635485,250000000
lfp_t6plain_dst_s0,fp32,48,14,47635485,250000000
lfp_t6plain_dst_s0,fp32,48,15,47635485,250000000
lfp_t6plain_dst_s0,fp32,49,0,47713191,250000000
lfp_t6plain_dst_s0,fp32,49,1,47713145,250000000
lfp_t6plain_dst_s0,fp32,49,2,47713145,250000000
lfp_t6plain_dst_s0,fp32,49,3,47713145,250000000
lfp_t6plain_dst_s0,fp32,49,4,47713145,250000000
lfp_t6plain_dst_s0,fp32,49,5,47713145,250000000
lfp_t6plain_dst_s0,fp32,49,6,47713145,250000000
lfp_t6plain_dst_s0,fp32,49,7,47713145,250000000
lfp_t6plain_dst_s0,fp32,49,8,47713145,250000000
lfp_t6plain_dst_s0,fp32,49,9,47713145,250000000
lfp_t6plain_dst_s0,fp32,49,10,47713145,250000000
lfp_t6plain_dst_s0,fp32,49,11,47713145,250000000
lfp_t6plain_dst_s0,fp32,49,12,47713145,250000000
lfp_t6plain_dst_s0,fp32,49,13,47713145,250000000
lfp_t6plain_dst_s0,fp32,49,14,47713145,250000000
lfp_t6plain_dst_s0,fp32,49,15,47713145,250000000
lfp_t6plain_dst_s0,fp32,50,0,47738580,250000000
lfp_t6plain_dst_s0,fp32,50,1,47738527,250000000
lfp_t6plain_dst_s0,fp32,50,2,47738527,250000000
lfp_t6plain_dst_s0,fp32,50,3,47738527,250000000
lfp_t6plain_dst_s0,fp32,50,4,47738527,250000000
lfp_t6plain_dst_s0,fp32,50,5,47738527,250000000
lfp_t6plain_dst_s0,fp32,50,6,47738527,250000000
lfp_t6plain_dst_s0,fp32,50,7,47738527,250000000
lfp_t6plain_dst_s0,fp32,50,8,47738527,250000000
lfp_t6plain_dst_s0,fp32,50,9,47738527,250000000
lfp_t6plain_dst_s0,fp32,50,10,47738527,250000000
lfp_t6plain_dst_s0,fp32,50,11,47738527,250000000
lfp_t6plain_dst_s0,fp32,50,12,47738527,250000000
lfp_t6plain_dst_s0,fp32,50,13,47738527,250000000
lfp_t6plain_dst_s0,fp32,50,14,47738527,250000000
lfp_t6plain_dst_s0,fp32,50,15,47738527,250000000
lfp_t6plain_dst_s0,fp32,51,0,47738400,250000000
lfp_t6plain_dst_s0,fp32,51,1,47738345,250000000
lfp_t6plain_dst_s0,fp32,51,2,47738345,250000000
lfp_t6plain_dst_s0,fp32,51,3,47738345,250000000
lfp_t6plain_dst_s0,fp32,51,4,47738345,250000000
lfp_t6plain_dst_s0,fp32,51,5,47738345,250000000
lfp_t6plain_dst_s0,fp32,51,6,47738345,250000000
lfp_t6plain_dst_s0,fp32,51,7,47738345,250000000
lfp_t6plain_dst_s0,fp32,51,8,47738345,250000000
lfp_t6plain_dst_s0,fp32,51,9,47738345,250000000
lfp_t6plain_dst_s0,fp32,51,10,47738345,250000000
lfp_t6plain_dst_s0,fp32,51,11,47738345,250000000
lfp_t6plain_dst_s0,fp32,51,12,47738345,250000000
lfp_t6plain_dst_s0,fp32,51,13,47738345,250000000
lfp_t6plain_dst_s0,fp32,51,14,47738345,250000000
lfp_t6plain_dst_s0,fp32,51,15,47738345,250000000
lfp_t6plain_dst_s0,fp32,52,0,47730285,250000000
lfp_t6plain_dst_s0,fp32,52,1,47730262,250000000
lfp_t6plain_dst_s0,fp32,52,2,47730262,250000000
lfp_t6plain_dst_s0,fp32,52,3,47730262,250000000
lfp_t6plain_dst_s0,fp32,52,4,47730262,250000000
lfp_t6plain_dst_s0,fp32,52,5,47730262,250000000
lfp_t6plain_dst_s0,fp32,52,6,47730262,250000000
lfp_t6plain_dst_s0,fp32,52,7,47730262,250000000
lfp_t6plain_dst_s0,fp32,52,8,47730262,250000000
lfp_t6plain_dst_s0,fp32,52,9,47730262,250000000
lfp_t6plain_dst_s0,fp32,52,10,47730262,250000000
lfp_t6plain_dst_s0,fp32,52,11,47730262,250000000
lfp_t6plain_dst_s0,fp32,52,12,47730262,250000000
lfp_t6plain_dst_s0,fp32,52,13,47730262,250000000
lfp_t6plain_dst_s0,fp32,52,14,47730262,250000000
lfp_t6plain_dst_s0,fp32,52,15,47730262,250000000
lfp_t6plain_dst_s0,fp32,53,0,47712473,250000000
lfp_t6plain_dst_s0,fp32,53,1,47712418,250000000
lfp_t6plain_dst_s0,fp32,53,2,47712418,250000000
lfp_t6plain_dst_s0,fp32,53,3,47712418,250000000
lfp_t6plain_dst_s0,fp32,53,4,47712418,250000000
lfp_t6plain_dst_s0,fp32,53,5,47712418,250000000
lfp_t6plain_dst_s0,fp32,53,6,47712418,250000000
lfp_t6plain_dst_s0,fp32,53,7,47712418,250000000
lfp_t6plain_dst_s0,fp32,53,8,47712418,250000000
lfp_t6plain_dst_s0,fp32,53,9,47712418,250000000
lfp_t6plain_dst_s0,fp32,53,10,47712418,250000000
lfp_t6plain_dst_s0,fp32,53,11,47712418,250000000
lfp_t6plain_dst_s0,fp32,53,12,47712418,250000000
lfp_t6plain_dst_s0,fp32,53,13,47712418,250000000
lfp_t6plain_dst_s0,fp32,53,14,47712418,250000000
lfp_t6plain_dst_s0,fp32,53,15,47712418,250000000
lfp_t6plain_dst_s0,fp32,54,0,47731731,250000000
lfp_t6plain_dst_s0,fp32,54,1,47731683,250000000
lfp_t6plain_dst_s0,fp32,54,2,47731683,250000000
lfp_t6plain_dst_s0,fp32,54,3,47731683,250000000
lfp_t6plain_dst_s0,fp32,54,4,47731683,250000000
lfp_t6plain_dst_s0,fp32,54,5,47731683,250000000
lfp_t6plain_dst_s0,fp32,54,6,47731683,250000000
lfp_t6plain_dst_s0,fp32,54,7,47731683,250000000
lfp_t6plain_dst_s0,fp32,54,8,47731683,250000000
lfp_t6plain_dst_s0,fp32,54,9,47731683,250000000
lfp_t6plain_dst_s0,fp32,54,10,47731683,250000000
lfp_t6plain_dst_s0,fp32,54,11,47731683,250000000
lfp_t6plain_dst_s0,fp32,54,12,47731683,250000000
lfp_t6plain_dst_s0,fp32,54,13,47731683,250000000
lfp_t6plain_dst_s0,fp32,54,14,47731683,250000000
lfp_t6plain_dst_s0,fp32,54,15,47731683,250000000
lfp_t6plain_dst_s0,fp32,55,0,47661080,250000000
lfp_t6plain_dst_s0,fp32,55,1,47661034,250000000
lfp_t6plain_dst_s0,fp32,55,2,47661034,250000000
lfp_t6plain_dst_s0,fp32,55,3,47661034,250000000
lfp_t6plain_dst_s0,fp32,55,4,47661034,250000000
lfp_t6plain_dst_s0,fp32,55,5,47661034,250000000
lfp_t6plain_dst_s0,fp32,55,6,47661034,250000000
lfp_t6plain_dst_s0,fp32,55,7,47661034,250000000
lfp_t6plain_dst_s0,fp32,55,8,47661034,250000000
lfp_t6plain_dst_s0,fp32,55,9,47661034,250000000
lfp_t6plain_dst_s0,fp32,55,10,47661034,250000000
lfp_t6plain_dst_s0,fp32,55,11,47661034,250000000
lfp_t6plain_dst_s0,fp32,55,12,47661034,250000000
lfp_t6plain_dst_s0,fp32,55,13,47661034,250000000
lfp_t6plain_dst_s0,fp32,55,14,47661034,250000000
lfp_t6plain_dst_s0,fp32,55,15,47661034,250000000
lfp_t6plain_dst_s0,fp32,56,0,47632661,250000000
lfp_t6plain_dst_s0,fp32,56,1,47632613,250000000
lfp_t6plain_dst_s0,fp32,56,2,47632613,250000000
lfp_t6plain_dst_s0,fp32,56,3,47632613,250000000
lfp_t6plain_dst_s0,fp32,56,4,47632613,250000000
lfp_t6plain_dst_s0,fp32,56,5,47632613,250000000
lfp_t6plain_dst_s0,fp32,56,6,47632613,250000000
lfp_t6plain_dst_s0,fp32,56,7,47632613,250000000
lfp_t6plain_dst_s0,fp32,56,8,47632613,250000000
lfp_t6plain_dst_s0,fp32,56,9,47632613,250000000
lfp_t6plain_dst_s0,fp32,56,10,47632613,250000000
lfp_t6plain_dst_s0,fp32,56,11,47632613,250000000
lfp_t6plain_dst_s0,fp32,56,12,47632613,250000000
lfp_t6plain_dst_s0,fp32,56,13,47632613,250000000
lfp_t6plain_dst_s0,fp32,56,14,47632613,250000000
lfp_t6plain_dst_s0,fp32,56,15,47632613,250000000
lfp_t6plain_dst_s0,fp32,57,0,47700564,250000000
lfp_t6plain_dst_s0,fp32,57,1,47700516,250000000
lfp_t6plain_dst_s0,fp32,57,2,47700516,250000000
lfp_t6plain_dst_s0,fp32,57,3,47700516,250000000
lfp_t6plain_dst_s0,fp32,57,4,47700516,250000000
lfp_t6plain_dst_s0,fp32,57,5,47700516,250000000
lfp_t6plain_dst_s0,fp32,57,6,47700516,250000000
lfp_t6plain_dst_s0,fp32,57,7,47700516,250000000
lfp_t6plain_dst_s0,fp32,57,8,47700516,250000000
lfp_t6plain_dst_s0,fp32,57,9,47700516,250000000
lfp_t6plain_dst_s0,fp32,57,10,47700516,250000000
lfp_t6plain_dst_s0,fp32,57,11,47700516,250000000
lfp_t6plain_dst_s0,fp32,57,12,47700516,250000000
lfp_t6plain_dst_s0,fp32,57,13,47700516,250000000
lfp_t6plain_dst_s0,fp32,57,14,47700516,250000000
lfp_t6plain_dst_s0,fp32,57,15,47700516,250000000
lfp_t6plain_dst_s0,fp32,58,0,47718958,250000000
lfp_t6plain_dst_s0,fp32,58,1,47718903,250000000
lfp_t6plain_dst_s0,fp32,58,2,47718903,250000000
lfp_t6plain_dst_s0,fp32,58,3,47718903,250000000
lfp_t6plain_dst_s0,fp32,58,4,47718903,250000000
lfp_t6plain_dst_s0,fp32,58,5,47718903,250000000
lfp_t6plain_dst_s0,fp32,58,6,47718903,250000000
lfp_t6plain_dst_s0,fp32,58,7,47718903,250000000
lfp_t6plain_dst_s0,fp32,58,8,47718903,250000000
lfp_t6plain_dst_s0,fp32,58,9,47718903,250000000
lfp_t6plain_dst_s0,fp32,58,10,47718903,250000000
lfp_t6plain_dst_s0,fp32,58,11,47718903,250000000
lfp_t6plain_dst_s0,fp32,58,12,47718903,250000000
lfp_t6plain_dst_s0,fp32,58,13,47718903,250000000
lfp_t6plain_dst_s0,fp32,58,14,47718903,250000000
lfp_t6plain_dst_s0,fp32,58,15,47718903,250000000
lfp_t6plain_dst_s0,fp32,59,0,47709098,250000000
lfp_t6plain_dst_s0,fp32,59,1,47709043,250000000
lfp_t6plain_dst_s0,fp32,59,2,47709043,250000000
lfp_t6plain_dst_s0,fp32,59,3,47709043,250000000
lfp_t6plain_dst_s0,fp32,59,4,47709043,250000000
lfp_t6plain_dst_s0,fp32,59,5,47709043,250000000
lfp_t6plain_dst_s0,fp32,59,6,47709043,250000000
lfp_t6plain_dst_s0,fp32,59,7,47709043,250000000
lfp_t6plain_dst_s0,fp32,59,8,47709043,250000000
lfp_t6plain_dst_s0,fp32,59,9,47709043,250000000
lfp_t6plain_dst_s0,fp32,59,10,47709043,250000000
lfp_t6plain_dst_s0,fp32,59,11,47709043,250000000
lfp_t6plain_dst_s0,fp32,59,12,47709043,250000000
lfp_t6plain_dst_s0,fp32,59,13,47709043,250000000
lfp_t6plain_dst_s0,fp32,59,14,47709043,250000000
lfp_t6plain_dst_s0,fp32,59,15,47709043,250000000
lfp_t6plain_dst_s0,fp32,60,0,47706556,250000000
lfp_t6plain_dst_s0,fp32,60,1,47706531,250000000
lfp_t6plain_dst_s0,fp32,60,2,47706531,250000000
lfp_t6plain_dst_s0,fp32,60,3,47706531,250000000
lfp_t6plain_dst_s0,fp32,60,4,47706531,250000000
lfp_t6plain_dst_s0,fp32,60,5,47706531,250000000
lfp_t6plain_dst_s0,fp32,60,6,47706531,250000000
lfp_t6plain_dst_s0,fp32,60,7,47706531,250000000
lfp_t6plain_dst_s0,fp32,60,8,47706531,250000000
lfp_t6plain_dst_s0,fp32,60,9,47706531,250000000
lfp_t6plain_dst_s0,fp32,60,10,47706531,250000000
lfp_t6plain_dst_s0,fp32,60,11,47706531,250000000
lfp_t6plain_dst_s0,fp32,60,12,47706531,250000000
lfp_t6plain_dst_s0,fp32,60,13,47706531,250000000
lfp_t6plain_dst_s0,fp32,60,14,47706531,250000000
lfp_t6plain_dst_s0,fp32,60,15,47706531,250000000
lfp_t6plain_dst_s0,fp32,61,0,47717292,250000000
lfp_t6plain_dst_s0,fp32,61,1,47717237,250000000
lfp_t6plain_dst_s0,fp32,61,2,47717237,250000000
lfp_t6plain_dst_s0,fp32,61,3,47717237,250000000
lfp_t6plain_dst_s0,fp32,61,4,47717237,250000000
lfp_t6plain_dst_s0,fp32,61,5,47717237,250000000
lfp_t6plain_dst_s0,fp32,61,6,47717237,250000000
lfp_t6plain_dst_s0,fp32,61,7,47717237,250000000
lfp_t6plain_dst_s0,fp32,61,8,47717237,250000000
lfp_t6plain_dst_s0,fp32,61,9,47717237,250000000
lfp_t6plain_dst_s0,fp32,61,10,47717237,250000000
lfp_t6plain_dst_s0,fp32,61,11,47717237,250000000
lfp_t6plain_dst_s0,fp32,61,12,47717237,250000000
lfp_t6plain_dst_s0,fp32,61,13,47717237,250000000
lfp_t6plain_dst_s0,fp32,61,14,47717237,250000000
lfp_t6plain_dst_s0,fp32,61,15,47717237,250000000
lfp_t6plain_dst_s0,fp32,62,0,47708515,250000000
lfp_t6plain_dst_s0,fp32,62,1,47708467,250000000
lfp_t6plain_dst_s0,fp32,62,2,47708467,250000000
lfp_t6plain_dst_s0,fp32,62,3,47708467,250000000
lfp_t6plain_dst_s0,fp32,62,4,47708467,250000000
lfp_t6plain_dst_s0,fp32,62,5,47708467,250000000
lfp_t6plain_dst_s0,fp32,62,6,47708467,250000000
lfp_t6plain_dst_s0,fp32,62,7,47708467,250000000
lfp_t6plain_dst_s0,fp32,62,8,47708467,250000000
lfp_t6plain_dst_s0,fp32,62,9,47708467,250000000
lfp_t6plain_dst_s0,fp32,62,10,47708467,250000000
lfp_t6plain_dst_s0,fp32,62,11,47708467,250000000
lfp_t6plain_dst_s0,fp32,62,12,47708467,250000000
lfp_t6plain_dst_s0,fp32,62,13,47708467,250000000
lfp_t6plain_dst_s0,fp32,62,14,47708467,250000000
lfp_t6plain_dst_s0,fp32,62,15,47708467,250000000
lfp_t6plain_dst_s0,fp32,63,0,47640869,250000000
lfp_t6plain_dst_s0,fp32,63,1,47640823,250000000
lfp_t6plain_dst_s0,fp32,63,2,47640823,250000000
lfp_t6plain_dst_s0,fp32,63,3,47640823,250000000
lfp_t6plain_dst_s0,fp32,63,4,47640823,250000000
lfp_t6plain_dst_s0,fp32,63,5,47640823,250000000
lfp_t6plain_dst_s0,fp32,63,6,47640823,250000000
lfp_t6plain_dst_s0,fp32,63,7,47640823,250000000
lfp_t6plain_dst_s0,fp32,63,8,47640823,250000000
lfp_t6plain_dst_s0,fp32,63,9,47640823,250000000
lfp_t6plain_dst_s0,fp32,63,10,47640823,250000000
lfp_t6plain_dst_s0,fp32,63,11,47640823,250000000
lfp_t6plain_dst_s0,fp32,63,12,47640823,250000000
lfp_t6plain_dst_s0,fp32,63,13,47640823,250000000
lfp_t6plain_dst_s0,fp32,63,14,47640823,250000000
lfp_t6plain_dst_s0,fp32,63,15,47640823,250000000
lfp_t6plain_dst_s1,fp32,0,0,47626163,250000000
lfp_t6plain_dst_s1,fp32,0,1,47626163,250000000
lfp_t6plain_dst_s1,fp32,0,2,47626163,250000000
lfp_t6plain_dst_s1,fp32,0,3,47626163,250000000
lfp_t6plain_dst_s1,fp32,0,4,47626163,250000000
lfp_t6plain_dst_s1,fp32,0,5,47626163,250000000
lfp_t6plain_dst_s1,fp32,0,6,47626163,250000000
lfp_t6plain_dst_s1,fp32,0,7,47626163,250000000
lfp_t6plain_dst_s1,fp32,0,8,47626163,250000000
lfp_t6plain_dst_s1,fp32,0,9,47626163,250000000
lfp_t6plain_dst_s1,fp32,0,10,47626163,250000000
lfp_t6plain_dst_s1,fp32,0,11,47626163,250000000
lfp_t6plain_dst_s1,fp32,0,12,47626163,250000000
lfp_t6plain_dst_s1,fp32,0,13,47626163,250000000
lfp_t6plain_dst_s1,fp32,0,14,47626163,250000000
lfp_t6plain_dst_s1,fp32,0,15,47626163,250000000
lfp_t6plain_dst_s1,fp32,1,0,47738273,250000000
lfp_t6plain_dst_s1,fp32,1,1,47738227,250000000
lfp_t6plain_dst_s1,fp32,1,2,47738227,250000000
lfp_t6plain_dst_s1,fp32,1,3,47738227,250000000
lfp_t6plain_dst_s1,fp32,1,4,47738227,250000000
lfp_t6plain_dst_s1,fp32,1,5,47738227,250000000
lfp_t6plain_dst_s1,fp32,1,6,47738227,250000000
lfp_t6plain_dst_s1,fp32,1,7,47738227,250000000
lfp_t6plain_dst_s1,fp32,1,8,47738227,250000000
lfp_t6plain_dst_s1,fp32,1,9,47738227,250000000
lfp_t6plain_dst_s1,fp32,1,10,47738227,250000000
lfp_t6plain_dst_s1,fp32,1,11,47738227,250000000
lfp_t6plain_dst_s1,fp32,1,12,47738227,250000000
lfp_t6plain_dst_s1,fp32,1,13,47738227,250000000
lfp_t6plain_dst_s1,fp32,1,14,47738227,250000000
lfp_t6plain_dst_s1,fp32,1,15,47738227,250000000
lfp_t6plain_dst_s1,fp32,2,0,47785667,250000000
lfp_t6plain_dst_s1,fp32,2,1,47785621,250000000
lfp_t6plain_dst_s1,fp32,2,2,47785621,250000000
lfp_t6plain_dst_s1,fp32,2,3,47785621,250000000
lfp_t6plain_dst_s1,fp32,2,4,47785621,250000000
lfp_t6plain_dst_s1,fp32,2,5,47785621,250000000
lfp_t6plain_dst_s1,fp32,2,6,47785621,250000000
lfp_t6plain_dst_s1,fp32,2,7,47785621,250000000
lfp_t6plain_dst_s1,fp32,2,8,47785621,250000000
lfp_t6plain_dst_s1,fp32,2,9,47785621,250000000
lfp_t6plain_dst_s1,fp32,2,10,47785621,250000000
lfp_t6plain_dst_s1,fp32,2,11,47785621,250000000
lfp_t6plain_dst_s1,fp32,2,12,47785621,250000000
lfp_t6plain_dst_s1,fp32,2,13,47785621,250000000
lfp_t6plain_dst_s1,fp32,2,14,47785621,250000000
lfp_t6plain_dst_s1,fp32,2,15,47785621,250000000
lfp_t6plain_dst_s1,fp32,3,0,47779602,250000000
lfp_t6plain_dst_s1,fp32,3,1,47779549,250000000
lfp_t6plain_dst_s1,fp32,3,2,47779549,250000000
lfp_t6plain_dst_s1,fp32,3,3,47779549,250000000
lfp_t6plain_dst_s1,fp32,3,4,47779549,250000000
lfp_t6plain_dst_s1,fp32,3,5,47779549,250000000
lfp_t6plain_dst_s1,fp32,3,6,47779549,250000000
lfp_t6plain_dst_s1,fp32,3,7,47779549,250000000
lfp_t6plain_dst_s1,fp32,3,8,47779549,250000000
lfp_t6plain_dst_s1,fp32,3,9,47779549,250000000
lfp_t6plain_dst_s1,fp32,3,10,47779549,250000000
lfp_t6plain_dst_s1,fp32,3,11,47779549,250000000
lfp_t6plain_dst_s1,fp32,3,12,47779549,250000000
lfp_t6plain_dst_s1,fp32,3,13,47779549,250000000
lfp_t6plain_dst_s1,fp32,3,14,47779549,250000000
lfp_t6plain_dst_s1,fp32,3,15,47779549,250000000
lfp_t6plain_dst_s1,fp32,4,0,47753351,250000000
lfp_t6plain_dst_s1,fp32,4,1,47753298,250000000
lfp_t6plain_dst_s1,fp32,4,2,47753298,250000000
lfp_t6plain_dst_s1,fp32,4,3,47753298,250000000
lfp_t6plain_dst_s1,fp32,4,4,47753298,250000000
lfp_t6plain_dst_s1,fp32,4,5,47753298,250000000
lfp_t6plain_dst_s1,fp32,4,6,47753298,250000000
lfp_t6plain_dst_s1,fp32,4,7,47753298,250000000
lfp_t6plain_dst_s1,fp32,4,8,47753298,250000000
lfp_t6plain_dst_s1,fp32,4,9,47753298,250000000
lfp_t6plain_dst_s1,fp32,4,10,47753298,250000000
lfp_t6plain_dst_s1,fp32,4,11,47753298,250000000
lfp_t6plain_dst_s1,fp32,4,12,47753298,250000000
lfp_t6plain_dst_s1,fp32,4,13,47753298,250000000
lfp_t6plain_dst_s1,fp32,4,14,47753298,250000000
lfp_t6plain_dst_s1,fp32,4,15,47753298,250000000
lfp_t6plain_dst_s1,fp32,5,0,47725607,250000000
lfp_t6plain_dst_s1,fp32,5,1,47725584,250000000
lfp_t6plain_dst_s1,fp32,5,2,47725584,250000000
lfp_t6plain_dst_s1,fp32,5,3,47725584,250000000
lfp_t6plain_dst_s1,fp32,5,4,47725584,250000000
lfp_t6plain_dst_s1,fp32,5,5,47725584,250000000
lfp_t6plain_dst_s1,fp32,5,6,47725584,250000000
lfp_t6plain_dst_s1,fp32,5,7,47725584,250000000
lfp_t6plain_dst_s1,fp32,5,8,47725584,250000000
lfp_t6plain_dst_s1,fp32,5,9,47725584,250000000
lfp_t6plain_dst_s1,fp32,5,10,47725584,250000000
lfp_t6plain_dst_s1,fp32,5,11,47725584,250000000
lfp_t6plain_dst_s1,fp32,5,12,47725584,250000000
lfp_t6plain_dst_s1,fp32,5,13,47725584,250000000
lfp_t6plain_dst_s1,fp32,5,14,47725584,250000000
lfp_t6plain_dst_s1,fp32,5,15,47725584,250000000
lfp_t6plain_dst_s1,fp32,6,0,47712695,250000000
lfp_t6plain_dst_s1,fp32,6,1,47712642,250000000
lfp_t6plain_dst_s1,fp32,6,2,47712642,250000000
lfp_t6plain_dst_s1,fp32,6,3,47712642,250000000
lfp_t6plain_dst_s1,fp32,6,4,47712642,250000000
lfp_t6plain_dst_s1,fp32,6,5,47712642,250000000
lfp_t6plain_dst_s1,fp32,6,6,47712642,250000000
lfp_t6plain_dst_s1,fp32,6,7,47712642,250000000
lfp_t6plain_dst_s1,fp32,6,8,47712642,250000000
lfp_t6plain_dst_s1,fp32,6,9,47712642,250000000
lfp_t6plain_dst_s1,fp32,6,10,47712642,250000000
lfp_t6plain_dst_s1,fp32,6,11,47712642,250000000
lfp_t6plain_dst_s1,fp32,6,12,47712642,250000000
lfp_t6plain_dst_s1,fp32,6,13,47712642,250000000
lfp_t6plain_dst_s1,fp32,6,14,47712642,250000000
lfp_t6plain_dst_s1,fp32,6,15,47712642,250000000
lfp_t6plain_dst_s1,fp32,7,0,47705363,250000000
lfp_t6plain_dst_s1,fp32,7,1,47705308,250000000
lfp_t6plain_dst_s1,fp32,7,2,47705308,250000000
lfp_t6plain_dst_s1,fp32,7,3,47705308,250000000
lfp_t6plain_dst_s1,fp32,7,4,47705308,250000000
lfp_t6plain_dst_s1,fp32,7,5,47705308,250000000
lfp_t6plain_dst_s1,fp32,7,6,47705308,250000000
lfp_t6plain_dst_s1,fp32,7,7,47705308,250000000
lfp_t6plain_dst_s1,fp32,7,8,47705308,250000000
lfp_t6plain_dst_s1,fp32,7,9,47705308,250000000
lfp_t6plain_dst_s1,fp32,7,10,47705308,250000000
lfp_t6plain_dst_s1,fp32,7,11,47705308,250000000
lfp_t6plain_dst_s1,fp32,7,12,47705308,250000000
lfp_t6plain_dst_s1,fp32,7,13,47705308,250000000
lfp_t6plain_dst_s1,fp32,7,14,47705308,250000000
lfp_t6plain_dst_s1,fp32,7,15,47705308,250000000
lfp_t6plain_dst_s1,fp32,8,0,47627115,250000000
lfp_t6plain_dst_s1,fp32,8,1,47627067,250000000
lfp_t6plain_dst_s1,fp32,8,2,47627067,250000000
lfp_t6plain_dst_s1,fp32,8,3,47627067,250000000
lfp_t6plain_dst_s1,fp32,8,4,47627067,250000000
lfp_t6plain_dst_s1,fp32,8,5,47627067,250000000
lfp_t6plain_dst_s1,fp32,8,6,47627067,250000000
lfp_t6plain_dst_s1,fp32,8,7,47627067,250000000
lfp_t6plain_dst_s1,fp32,8,8,47627067,250000000
lfp_t6plain_dst_s1,fp32,8,9,47627067,250000000
lfp_t6plain_dst_s1,fp32,8,10,47627067,250000000
lfp_t6plain_dst_s1,fp32,8,11,47627067,250000000
lfp_t6plain_dst_s1,fp32,8,12,47627067,250000000
lfp_t6plain_dst_s1,fp32,8,13,47627067,250000000
lfp_t6plain_dst_s1,fp32,8,14,47627067,250000000
lfp_t6plain_dst_s1,fp32,8,15,47627067,250000000
lfp_t6plain_dst_s1,fp32,9,0,47727340,250000000
lfp_t6plain_dst_s1,fp32,9,1,47727294,250000000
lfp_t6plain_dst_s1,fp32,9,2,47727294,250000000
lfp_t6plain_dst_s1,fp32,9,3,47727294,250000000
lfp_t6plain_dst_s1,fp32,9,4,47727294,250000000
lfp_t6plain_dst_s1,fp32,9,5,47727294,250000000
lfp_t6plain_dst_s1,fp32,9,6,47727294,250000000
lfp_t6plain_dst_s1,fp32,9,7,47727294,250000000
lfp_t6plain_dst_s1,fp32,9,8,47727294,250000000
lfp_t6plain_dst_s1,fp32,9,9,47727294,250000000
lfp_t6plain_dst_s1,fp32,9,10,47727294,250000000
lfp_t6plain_dst_s1,fp32,9,11,47727294,250000000
lfp_t6plain_dst_s1,fp32,9,12,47727294,250000000
lfp_t6plain_dst_s1,fp32,9,13,47727294,250000000
lfp_t6plain_dst_s1,fp32,9,14,47727294,250000000
lfp_t6plain_dst_s1,fp32,9,15,47727294,250000000
lfp_t6plain_dst_s1,fp32,10,0,47803547,250000000
lfp_t6plain_dst_s1,fp32,10,1,47803494,250000000
lfp_t6plain_dst_s1,fp32,10,2,47803494,250000000
lfp_t6plain_dst_s1,fp32,10,3,47803494,250000000
lfp_t6plain_dst_s1,fp32,10,4,47803494,250000000
lfp_t6plain_dst_s1,fp32,10,5,47803494,250000000
lfp_t6plain_dst_s1,fp32,10,6,47803494,250000000
lfp_t6plain_dst_s1,fp32,10,7,47803494,250000000
lfp_t6plain_dst_s1,fp32,10,8,47803494,250000000
lfp_t6plain_dst_s1,fp32,10,9,47803494,250000000
lfp_t6plain_dst_s1,fp32,10,10,47803494,250000000
lfp_t6plain_dst_s1,fp32,10,11,47803494,250000000
lfp_t6plain_dst_s1,fp32,10,12,47803494,250000000
lfp_t6plain_dst_s1,fp32,10,13,47803494,250000000
lfp_t6plain_dst_s1,fp32,10,14,47803494,250000000
lfp_t6plain_dst_s1,fp32,10,15,47803494,250000000
lfp_t6plain_dst_s1,fp32,11,0,47782794,250000000
lfp_t6plain_dst_s1,fp32,11,1,47782739,250000000
lfp_t6plain_dst_s1,fp32,11,2,47782739,250000000
lfp_t6plain_dst_s1,fp32,11,3,47782739,250000000
lfp_t6plain_dst_s1,fp32,11,4,47782739,250000000
lfp_t6plain_dst_s1,fp32,11,5,47782739,250000000
lfp_t6plain_dst_s1,fp32,11,6,47782739,250000000
lfp_t6plain_dst_s1,fp32,11,7,47782739,250000000
lfp_t6plain_dst_s1,fp32,11,8,47782739,250000000
lfp_t6plain_dst_s1,fp32,11,9,47782739,250000000
lfp_t6plain_dst_s1,fp32,11,10,47782739,250000000
lfp_t6plain_dst_s1,fp32,11,11,47782739,250000000
lfp_t6plain_dst_s1,fp32,11,12,47782739,250000000
lfp_t6plain_dst_s1,fp32,11,13,47782739,250000000
lfp_t6plain_dst_s1,fp32,11,14,47782739,250000000
lfp_t6plain_dst_s1,fp32,11,15,47782739,250000000
lfp_t6plain_dst_s1,fp32,12,0,47738411,250000000
lfp_t6plain_dst_s1,fp32,12,1,47738386,250000000
lfp_t6plain_dst_s1,fp32,12,2,47738386,250000000
lfp_t6plain_dst_s1,fp32,12,3,47738386,250000000
lfp_t6plain_dst_s1,fp32,12,4,47738386,250000000
lfp_t6plain_dst_s1,fp32,12,5,47738386,250000000
lfp_t6plain_dst_s1,fp32,12,6,47738386,250000000
lfp_t6plain_dst_s1,fp32,12,7,47738386,250000000
lfp_t6plain_dst_s1,fp32,12,8,47738386,250000000
lfp_t6plain_dst_s1,fp32,12,9,47738386,250000000
lfp_t6plain_dst_s1,fp32,12,10,47738386,250000000
lfp_t6plain_dst_s1,fp32,12,11,47738386,250000000
lfp_t6plain_dst_s1,fp32,12,12,47738386,250000000
lfp_t6plain_dst_s1,fp32,12,13,47738386,250000000
lfp_t6plain_dst_s1,fp32,12,14,47738386,250000000
lfp_t6plain_dst_s1,fp32,12,15,47738386,250000000
lfp_t6plain_dst_s1,fp32,13,0,47737556,250000000
lfp_t6plain_dst_s1,fp32,13,1,47737501,250000000
lfp_t6plain_dst_s1,fp32,13,2,47737501,250000000
lfp_t6plain_dst_s1,fp32,13,3,47737501,250000000
lfp_t6plain_dst_s1,fp32,13,4,47737501,250000000
lfp_t6plain_dst_s1,fp32,13,5,47737501,250000000
lfp_t6plain_dst_s1,fp32,13,6,47737501,250000000
lfp_t6plain_dst_s1,fp32,13,7,47737501,250000000
lfp_t6plain_dst_s1,fp32,13,8,47737501,250000000
lfp_t6plain_dst_s1,fp32,13,9,47737501,250000000
lfp_t6plain_dst_s1,fp32,13,10,47737501,250000000
lfp_t6plain_dst_s1,fp32,13,11,47737501,250000000
lfp_t6plain_dst_s1,fp32,13,12,47737501,250000000
lfp_t6plain_dst_s1,fp32,13,13,47737501,250000000
lfp_t6plain_dst_s1,fp32,13,14,47737501,250000000
lfp_t6plain_dst_s1,fp32,13,15,47737501,250000000
lfp_t6plain_dst_s1,fp32,14,0,47703021,250000000
lfp_t6plain_dst_s1,fp32,14,1,47702975,250000000
lfp_t6plain_dst_s1,fp32,14,2,47702975,250000000
lfp_t6plain_dst_s1,fp32,14,3,47702975,250000000
lfp_t6plain_dst_s1,fp32,14,4,47702975,250000000
lfp_t6plain_dst_s1,fp32,14,5,47702975,250000000
lfp_t6plain_dst_s1,fp32,14,6,47702975,250000000
lfp_t6plain_dst_s1,fp32,14,7,47702975,250000000
lfp_t6plain_dst_s1,fp32,14,8,47702975,250000000
lfp_t6plain_dst_s1,fp32,14,9,47702975,250000000
lfp_t6plain_dst_s1,fp32,14,10,47702975,250000000
lfp_t6plain_dst_s1,fp32,14,11,47702975,250000000
lfp_t6plain_dst_s1,fp32,14,12,47702975,250000000
lfp_t6plain_dst_s1,fp32,14,13,47702975,250000000
lfp_t6plain_dst_s1,fp32,14,14,47702975,250000000
lfp_t6plain_dst_s1,fp32,14,15,47702975,250000000
lfp_t6plain_dst_s1,fp32,15,0,47643181,250000000
lfp_t6plain_dst_s1,fp32,15,1,47643135,250000000
lfp_t6plain_dst_s1,fp32,15,2,47643135,250000000
lfp_t6plain_dst_s1,fp32,15,3,47643135,250000000
lfp_t6plain_dst_s1,fp32,15,4,47643135,250000000
lfp_t6plain_dst_s1,fp32,15,5,47643135,250000000
lfp_t6plain_dst_s1,fp32,15,6,47643135,250000000
lfp_t6plain_dst_s1,fp32,15,7,47643135,250000000
lfp_t6plain_dst_s1,fp32,15,8,47643135,250000000
lfp_t6plain_dst_s1,fp32,15,9,47643135,250000000
lfp_t6plain_dst_s1,fp32,15,10,47643135,250000000
lfp_t6plain_dst_s1,fp32,15,11,47643135,250000000
lfp_t6plain_dst_s1,fp32,15,12,47643135,250000000
lfp_t6plain_dst_s1,fp32,15,13,47643135,250000000
lfp_t6plain_dst_s1,fp32,15,14,47643135,250000000
lfp_t6plain_dst_s1,fp32,15,15,47643135,250000000
lfp_t6plain_dst_s1,fp32,16,0,47637487,250000000
lfp_t6plain_dst_s1,fp32,16,1,47637439,250000000
lfp_t6plain_dst_s1,fp32,16,2,47637439,250000000
lfp_t6plain_dst_s1,fp32,16,3,47637439,250000000
lfp_t6plain_dst_s1,fp32,16,4,47637439,250000000
lfp_t6plain_dst_s1,fp32,16,5,47637439,250000000
lfp_t6plain_dst_s1,fp32,16,6,47637439,250000000
lfp_t6plain_dst_s1,fp32,16,7,47637439,250000000
lfp_t6plain_dst_s1,fp32,16,8,47637439,250000000
lfp_t6plain_dst_s1,fp32,16,9,47637439,250000000
lfp_t6plain_dst_s1,fp32,16,10,47637439,250000000
lfp_t6plain_dst_s1,fp32,16,11,47637439,250000000
lfp_t6plain_dst_s1,fp32,16,12,47637439,250000000
lfp_t6plain_dst_s1,fp32,16,13,47637439,250000000
lfp_t6plain_dst_s1,fp32,16,14,47637439,250000000
lfp_t6plain_dst_s1,fp32,16,15,47637439,250000000
lfp_t6plain_dst_s1,fp32,17,0,47743922,250000000
lfp_t6plain_dst_s1,fp32,17,1,47743876,250000000
lfp_t6plain_dst_s1,fp32,17,2,47743876,250000000
lfp_t6plain_dst_s1,fp32,17,3,47743876,250000000
lfp_t6plain_dst_s1,fp32,17,4,47743876,250000000
lfp_t6plain_dst_s1,fp32,17,5,47743876,250000000
lfp_t6plain_dst_s1,fp32,17,6,47743876,250000000
lfp_t6plain_dst_s1,fp32,17,7,47743876,250000000
lfp_t6plain_dst_s1,fp32,17,8,47743876,250000000
lfp_t6plain_dst_s1,fp32,17,9,47743876,250000000
lfp_t6plain_dst_s1,fp32,17,10,47743876,250000000
lfp_t6plain_dst_s1,fp32,17,11,47743876,250000000
lfp_t6plain_dst_s1,fp32,17,12,47743876,250000000
lfp_t6plain_dst_s1,fp32,17,13,47743876,250000000
lfp_t6plain_dst_s1,fp32,17,14,47743876,250000000
lfp_t6plain_dst_s1,fp32,17,15,47743876,250000000
lfp_t6plain_dst_s1,fp32,18,0,47786699,250000000
lfp_t6plain_dst_s1,fp32,18,1,47786644,250000000
lfp_t6plain_dst_s1,fp32,18,2,47786644,250000000
lfp_t6plain_dst_s1,fp32,18,3,47786644,250000000
lfp_t6plain_dst_s1,fp32,18,4,47786644,250000000
lfp_t6plain_dst_s1,fp32,18,5,47786644,250000000
lfp_t6plain_dst_s1,fp32,18,6,47786644,250000000
lfp_t6plain_dst_s1,fp32,18,7,47786644,250000000
lfp_t6plain_dst_s1,fp32,18,8,47786644,250000000
lfp_t6plain_dst_s1,fp32,18,9,47786644,250000000
lfp_t6plain_dst_s1,fp32,18,10,47786644,250000000
lfp_t6plain_dst_s1,fp32,18,11,47786644,250000000
lfp_t6plain_dst_s1,fp32,18,12,47786644,250000000
lfp_t6plain_dst_s1,fp32,18,13,47786644,250000000
lfp_t6plain_dst_s1,fp32,18,14,47786644,250000000
lfp_t6plain_dst_s1,fp32,18,15,47786644,250000000
lfp_t6plain_dst_s1,fp32,19,0,47775334,250000000
lfp_t6plain_dst_s1,fp32,19,1,47775281,250000000
lfp_t6plain_dst_s1,fp32,19,2,47775281,250000000
lfp_t6plain_dst_s1,fp32,19,3,47775281,250000000
lfp_t6plain_dst_s1,fp32,19,4,47775281,250000000
lfp_t6plain_dst_s1,fp32,19,5,47775281,250000000
lfp_t6plain_dst_s1,fp32,19,6,47775281,250000000
lfp_t6plain_dst_s1,fp32,19,7,47775281,250000000
lfp_t6plain_dst_s1,fp32,19,8,47775281,250000000
lfp_t6plain_dst_s1,fp32,19,9,47775281,250000000
lfp_t6plain_dst_s1,fp32,19,10,47775281,250000000
lfp_t6plain_dst_s1,fp32,19,11,47775281,250000000
lfp_t6plain_dst_s1,fp32,19,12,47775281,250000000
lfp_t6plain_dst_s1,fp32,19,13,47775281,250000000
lfp_t6plain_dst_s1,fp32,19,14,47775281,250000000
lfp_t6plain_dst_s1,fp32,19,15,47775281,250000000
lfp_t6plain_dst_s1,fp32,20,0,47750574,250000000
lfp_t6plain_dst_s1,fp32,20,1,47750549,250000000
lfp_t6plain_dst_s1,fp32,20,2,47750549,250000000
lfp_t6plain_dst_s1,fp32,20,3,47750549,250000000
lfp_t6plain_dst_s1,fp32,20,4,47750549,250000000
lfp_t6plain_dst_s1,fp32,20,5,47750549,250000000
lfp_t6plain_dst_s1,fp32,20,6,47750549,250000000
lfp_t6plain_dst_s1,fp32,20,7,47750549,250000000
lfp_t6plain_dst_s1,fp32,20,8,47750549,250000000
lfp_t6plain_dst_s1,fp32,20,9,47750549,250000000
lfp_t6plain_dst_s1,fp32,20,10,47750549,250000000
lfp_t6plain_dst_s1,fp32,20,11,47750549,250000000
lfp_t6plain_dst_s1,fp32,20,12,47750549,250000000
lfp_t6plain_dst_s1,fp32,20,13,47750549,250000000
lfp_t6plain_dst_s1,fp32,20,14,47750549,250000000
lfp_t6plain_dst_s1,fp32,20,15,47750549,250000000
lfp_t6plain_dst_s1,fp32,21,0,47763402,250000000
lfp_t6plain_dst_s1,fp32,21,1,47763347,250000000
lfp_t6plain_dst_s1,fp32,21,2,47763347,250000000
lfp_t6plain_dst_s1,fp32,21,3,47763347,250000000
lfp_t6plain_dst_s1,fp32,21,4,47763347,250000000
lfp_t6plain_dst_s1,fp32,21,5,47763347,250000000
lfp_t6plain_dst_s1,fp32,21,6,47763347,250000000
lfp_t6plain_dst_s1,fp32,21,7,47763347,250000000
lfp_t6plain_dst_s1,fp32,21,8,47763347,250000000
lfp_t6plain_dst_s1,fp32,21,9,47763347,250000000
lfp_t6plain_dst_s1,fp32,21,10,47763347,250000000
lfp_t6plain_dst_s1,fp32,21,11,47763347,250000000
lfp_t6plain_dst_s1,fp32,21,12,47763347,250000000
lfp_t6plain_dst_s1,fp32,21,13,47763347,250000000
lfp_t6plain_dst_s1,fp32,21,14,47763347,250000000
lfp_t6plain_dst_s1,fp32,21,15,47763347,250000000
lfp_t6plain_dst_s1,fp32,22,0,47704342,250000000
lfp_t6plain_dst_s1,fp32,22,1,47704296,250000000
lfp_t6plain_dst_s1,fp32,22,2,47704296,250000000
lfp_t6plain_dst_s1,fp32,22,3,47704296,250000000
lfp_t6plain_dst_s1,fp32,22,4,47704296,250000000
lfp_t6plain_dst_s1,fp32,22,5,47704296,250000000
lfp_t6plain_dst_s1,fp32,22,6,47704296,250000000
lfp_t6plain_dst_s1,fp32,22,7,47704296,250000000
lfp_t6plain_dst_s1,fp32,22,8,47704296,250000000
lfp_t6plain_dst_s1,fp32,22,9,47704296,250000000
lfp_t6plain_dst_s1,fp32,22,10,47704296,250000000
lfp_t6plain_dst_s1,fp32,22,11,47704296,250000000
lfp_t6plain_dst_s1,fp32,22,12,47704296,250000000
lfp_t6plain_dst_s1,fp32,22,13,47704296,250000000
lfp_t6plain_dst_s1,fp32,22,14,47704296,250000000
lfp_t6plain_dst_s1,fp32,22,15,47704296,250000000
lfp_t6plain_dst_s1,fp32,23,0,47613426,250000000
lfp_t6plain_dst_s1,fp32,23,1,47613380,250000000
lfp_t6plain_dst_s1,fp32,23,2,47613380,250000000
lfp_t6plain_dst_s1,fp32,23,3,47613380,250000000
lfp_t6plain_dst_s1,fp32,23,4,47613380,250000000
lfp_t6plain_dst_s1,fp32,23,5,47613380,250000000
lfp_t6plain_dst_s1,fp32,23,6,47613380,250000000
lfp_t6plain_dst_s1,fp32,23,7,47613380,250000000
lfp_t6plain_dst_s1,fp32,23,8,47613380,250000000
lfp_t6plain_dst_s1,fp32,23,9,47613380,250000000
lfp_t6plain_dst_s1,fp32,23,10,47613380,250000000
lfp_t6plain_dst_s1,fp32,23,11,47613380,250000000
lfp_t6plain_dst_s1,fp32,23,12,47613380,250000000
lfp_t6plain_dst_s1,fp32,23,13,47613380,250000000
lfp_t6plain_dst_s1,fp32,23,14,47613380,250000000
lfp_t6plain_dst_s1,fp32,23,15,47613380,250000000
lfp_t6plain_dst_s1,fp32,24,0,47638139,250000000
lfp_t6plain_dst_s1,fp32,24,1,47638091,250000000
lfp_t6plain_dst_s1,fp32,24,2,47638091,250000000
lfp_t6plain_dst_s1,fp32,24,3,47638091,250000000
lfp_t6plain_dst_s1,fp32,24,4,47638091,250000000
lfp_t6plain_dst_s1,fp32,24,5,47638091,250000000
lfp_t6plain_dst_s1,fp32,24,6,47638091,250000000
lfp_t6plain_dst_s1,fp32,24,7,47638091,250000000
lfp_t6plain_dst_s1,fp32,24,8,47638091,250000000
lfp_t6plain_dst_s1,fp32,24,9,47638091,250000000
lfp_t6plain_dst_s1,fp32,24,10,47638091,250000000
lfp_t6plain_dst_s1,fp32,24,11,47638091,250000000
lfp_t6plain_dst_s1,fp32,24,12,47638091,250000000
lfp_t6plain_dst_s1,fp32,24,13,47638091,250000000
lfp_t6plain_dst_s1,fp32,24,14,47638091,250000000
lfp_t6plain_dst_s1,fp32,24,15,47638091,250000000
lfp_t6plain_dst_s1,fp32,25,0,47753572,250000000
lfp_t6plain_dst_s1,fp32,25,1,47753526,250000000
lfp_t6plain_dst_s1,fp32,25,2,47753526,250000000
lfp_t6plain_dst_s1,fp32,25,3,47753526,250000000
lfp_t6plain_dst_s1,fp32,25,4,47753526,250000000
lfp_t6plain_dst_s1,fp32,25,5,47753526,250000000
lfp_t6plain_dst_s1,fp32,25,6,47753526,250000000
lfp_t6plain_dst_s1,fp32,25,7,47753526,250000000
lfp_t6plain_dst_s1,fp32,25,8,47753526,250000000
lfp_t6plain_dst_s1,fp32,25,9,47753526,250000000
lfp_t6plain_dst_s1,fp32,25,10,47753526,250000000
lfp_t6plain_dst_s1,fp32,25,11,47753526,250000000
lfp_t6plain_dst_s1,fp32,25,12,47753526,250000000
lfp_t6plain_dst_s1,fp32,25,13,47753526,250000000
lfp_t6plain_dst_s1,fp32,25,14,47753526,250000000
lfp_t6plain_dst_s1,fp32,25,15,47753526,250000000
lfp_t6plain_dst_s1,fp32,26,0,47785968,250000000
lfp_t6plain_dst_s1,fp32,26,1,47785915,250000000
lfp_t6plain_dst_s1,fp32,26,2,47785915,250000000
lfp_t6plain_dst_s1,fp32,26,3,47785915,250000000
lfp_t6plain_dst_s1,fp32,26,4,47785915,250000000
lfp_t6plain_dst_s1,fp32,26,5,47785915,250000000
lfp_t6plain_dst_s1,fp32,26,6,47785915,250000000
lfp_t6plain_dst_s1,fp32,26,7,47785915,250000000
lfp_t6plain_dst_s1,fp32,26,8,47785915,250000000
lfp_t6plain_dst_s1,fp32,26,9,47785915,250000000
lfp_t6plain_dst_s1,fp32,26,10,47785915,250000000
lfp_t6plain_dst_s1,fp32,26,11,47785915,250000000
lfp_t6plain_dst_s1,fp32,26,12,47785915,250000000
lfp_t6plain_dst_s1,fp32,26,13,47785915,250000000
lfp_t6plain_dst_s1,fp32,26,14,47785915,250000000
lfp_t6plain_dst_s1,fp32,26,15,47785915,250000000
lfp_t6plain_dst_s1,fp32,27,0,47731372,250000000
lfp_t6plain_dst_s1,fp32,27,1,47731319,250000000
lfp_t6plain_dst_s1,fp32,27,2,47731319,250000000
lfp_t6plain_dst_s1,fp32,27,3,47731319,250000000
lfp_t6plain_dst_s1,fp32,27,4,47731319,250000000
lfp_t6plain_dst_s1,fp32,27,5,47731319,250000000
lfp_t6plain_dst_s1,fp32,27,6,47731319,250000000
lfp_t6plain_dst_s1,fp32,27,7,47731319,250000000
lfp_t6plain_dst_s1,fp32,27,8,47731319,250000000
lfp_t6plain_dst_s1,fp32,27,9,47731319,250000000
lfp_t6plain_dst_s1,fp32,27,10,47731319,250000000
lfp_t6plain_dst_s1,fp32,27,11,47731319,250000000
lfp_t6plain_dst_s1,fp32,27,12,47731319,250000000
lfp_t6plain_dst_s1,fp32,27,13,47731319,250000000
lfp_t6plain_dst_s1,fp32,27,14,47731319,250000000
lfp_t6plain_dst_s1,fp32,27,15,47731319,250000000
lfp_t6plain_dst_s1,fp32,28,0,47741986,250000000
lfp_t6plain_dst_s1,fp32,28,1,47741961,250000000
lfp_t6plain_dst_s1,fp32,28,2,47741961,250000000
lfp_t6plain_dst_s1,fp32,28,3,47741961,250000000
lfp_t6plain_dst_s1,fp32,28,4,47741961,250000000
lfp_t6plain_dst_s1,fp32,28,5,47741961,250000000
lfp_t6plain_dst_s1,fp32,28,6,47741961,250000000
lfp_t6plain_dst_s1,fp32,28,7,47741961,250000000
lfp_t6plain_dst_s1,fp32,28,8,47741961,250000000
lfp_t6plain_dst_s1,fp32,28,9,47741961,250000000
lfp_t6plain_dst_s1,fp32,28,10,47741961,250000000
lfp_t6plain_dst_s1,fp32,28,11,47741961,250000000
lfp_t6plain_dst_s1,fp32,28,12,47741961,250000000
lfp_t6plain_dst_s1,fp32,28,13,47741961,250000000
lfp_t6plain_dst_s1,fp32,28,14,47741961,250000000
lfp_t6plain_dst_s1,fp32,28,15,47741961,250000000
lfp_t6plain_dst_s1,fp32,29,0,47779153,250000000
lfp_t6plain_dst_s1,fp32,29,1,47779100,250000000
lfp_t6plain_dst_s1,fp32,29,2,47779100,250000000
lfp_t6plain_dst_s1,fp32,29,3,47779100,250000000
lfp_t6plain_dst_s1,fp32,29,4,47779100,250000000
lfp_t6plain_dst_s1,fp32,29,5,47779100,250000000
lfp_t6plain_dst_s1,fp32,29,6,47779100,250000000
lfp_t6plain_dst_s1,fp32,29,7,47779100,250000000
lfp_t6plain_dst_s1,fp32,29,8,47779100,250000000
lfp_t6plain_dst_s1,fp32,29,9,47779100,250000000
lfp_t6plain_dst_s1,fp32,29,10,47779100,250000000
lfp_t6plain_dst_s1,fp32,29,11,47779100,250000000
lfp_t6plain_dst_s1,fp32,29,12,47779100,250000000
lfp_t6plain_dst_s1,fp32,29,13,47779100,250000000
lfp_t6plain_dst_s1,fp32,29,14,47779100,250000000
lfp_t6plain_dst_s1,fp32,29,15,47779100,250000000
lfp_t6plain_dst_s1,fp32,30,0,47763276,250000000
lfp_t6plain_dst_s1,fp32,30,1,47763228,250000000
lfp_t6plain_dst_s1,fp32,30,2,47763228,250000000
lfp_t6plain_dst_s1,fp32,30,3,47763228,250000000
lfp_t6plain_dst_s1,fp32,30,4,47763228,250000000
lfp_t6plain_dst_s1,fp32,30,5,47763228,250000000
lfp_t6plain_dst_s1,fp32,30,6,47763228,250000000
lfp_t6plain_dst_s1,fp32,30,7,47763228,250000000
lfp_t6plain_dst_s1,fp32,30,8,47763228,250000000
lfp_t6plain_dst_s1,fp32,30,9,47763228,250000000
lfp_t6plain_dst_s1,fp32,30,10,47763228,250000000
lfp_t6plain_dst_s1,fp32,30,11,47763228,250000000
lfp_t6plain_dst_s1,fp32,30,12,47763228,250000000
lfp_t6plain_dst_s1,fp32,30,13,47763228,250000000
lfp_t6plain_dst_s1,fp32,30,14,47763228,250000000
lfp_t6plain_dst_s1,fp32,30,15,47763228,250000000
lfp_t6plain_dst_s1,fp32,31,0,47583395,250000000
lfp_t6plain_dst_s1,fp32,31,1,47583349,250000000
lfp_t6plain_dst_s1,fp32,31,2,47583349,250000000
lfp_t6plain_dst_s1,fp32,31,3,47583349,250000000
lfp_t6plain_dst_s1,fp32,31,4,47583349,250000000
lfp_t6plain_dst_s1,fp32,31,5,47583349,250000000
lfp_t6plain_dst_s1,fp32,31,6,47583349,250000000
lfp_t6plain_dst_s1,fp32,31,7,47583349,250000000
lfp_t6plain_dst_s1,fp32,31,8,47583349,250000000
lfp_t6plain_dst_s1,fp32,31,9,47583349,250000000
lfp_t6plain_dst_s1,fp32,31,10,47583349,250000000
lfp_t6plain_dst_s1,fp32,31,11,47583349,250000000
lfp_t6plain_dst_s1,fp32,31,12,47583349,250000000
lfp_t6plain_dst_s1,fp32,31,13,47583349,250000000
lfp_t6plain_dst_s1,fp32,31,14,47583349,250000000
lfp_t6plain_dst_s1,fp32,31,15,47583349,250000000
lfp_t6plain_dst_s1,fp32,32,0,47640557,250000000
lfp_t6plain_dst_s1,fp32,32,1,47640509,250000000
lfp_t6plain_dst_s1,fp32,32,2,47640509,250000000
lfp_t6plain_dst_s1,fp32,32,3,47640509,250000000
lfp_t6plain_dst_s1,fp32,32,4,47640509,250000000
lfp_t6plain_dst_s1,fp32,32,5,47640509,250000000
lfp_t6plain_dst_s1,fp32,32,6,47640509,250000000
lfp_t6plain_dst_s1,fp32,32,7,47640509,250000000
lfp_t6plain_dst_s1,fp32,32,8,47640509,250000000
lfp_t6plain_dst_s1,fp32,32,9,47640509,250000000
lfp_t6plain_dst_s1,fp32,32,10,47640509,250000000
lfp_t6plain_dst_s1,fp32,32,11,47640509,250000000
lfp_t6plain_dst_s1,fp32,32,12,47640509,250000000
lfp_t6plain_dst_s1,fp32,32,13,47640509,250000000
lfp_t6plain_dst_s1,fp32,32,14,47640509,250000000
lfp_t6plain_dst_s1,fp32,32,15,47640509,250000000
lfp_t6plain_dst_s1,fp32,33,0,47758640,250000000
lfp_t6plain_dst_s1,fp32,33,1,47758594,250000000
lfp_t6plain_dst_s1,fp32,33,2,47758594,250000000
lfp_t6plain_dst_s1,fp32,33,3,47758594,250000000
lfp_t6plain_dst_s1,fp32,33,4,47758594,250000000
lfp_t6plain_dst_s1,fp32,33,5,47758594,250000000
lfp_t6plain_dst_s1,fp32,33,6,47758594,250000000
lfp_t6plain_dst_s1,fp32,33,7,47758594,250000000
lfp_t6plain_dst_s1,fp32,33,8,47758594,250000000
lfp_t6plain_dst_s1,fp32,33,9,47758594,250000000
lfp_t6plain_dst_s1,fp32,33,10,47758594,250000000
lfp_t6plain_dst_s1,fp32,33,11,47758594,250000000
lfp_t6plain_dst_s1,fp32,33,12,47758594,250000000
lfp_t6plain_dst_s1,fp32,33,13,47758594,250000000
lfp_t6plain_dst_s1,fp32,33,14,47758594,250000000
lfp_t6plain_dst_s1,fp32,33,15,47758594,250000000
lfp_t6plain_dst_s1,fp32,34,0,47773512,250000000
lfp_t6plain_dst_s1,fp32,34,1,47773459,250000000
lfp_t6plain_dst_s1,fp32,34,2,47773459,250000000
lfp_t6plain_dst_s1,fp32,34,3,47773459,250000000
lfp_t6plain_dst_s1,fp32,34,4,47773459,250000000
lfp_t6plain_dst_s1,fp32,34,5,47773459,250000000
lfp_t6plain_dst_s1,fp32,34,6,47773459,250000000
lfp_t6plain_dst_s1,fp32,34,7,47773459,250000000
lfp_t6plain_dst_s1,fp32,34,8,47773459,250000000
lfp_t6plain_dst_s1,fp32,34,9,47773459,250000000
lfp_t6plain_dst_s1,fp32,34,10,47773459,250000000
lfp_t6plain_dst_s1,fp32,34,11,47773459,250000000
lfp_t6plain_dst_s1,fp32,34,12,47773459,250000000
lfp_t6plain_dst_s1,fp32,34,13,47773459,250000000
lfp_t6plain_dst_s1,fp32,34,14,47773459,250000000
lfp_t6plain_dst_s1,fp32,34,15,47773459,250000000
lfp_t6plain_dst_s1,fp32,35,0,47752293,250000000
lfp_t6plain_dst_s1,fp32,35,1,47752238,250000000
lfp_t6plain_dst_s1,fp32,35,2,47752238,250000000
lfp_t6plain_dst_s1,fp32,35,3,47752238,250000000
lfp_t6plain_dst_s1,fp32,35,4,47752238,250000000
lfp_t6plain_dst_s1,fp32,35,5,47752238,250000000
lfp_t6plain_dst_s1,fp32,35,6,47752238,250000000
lfp_t6plain_dst_s1,fp32,35,7,47752238,250000000
lfp_t6plain_dst_s1,fp32,35,8,47752238,250000000
lfp_t6plain_dst_s1,fp32,35,9,47752238,250000000
lfp_t6plain_dst_s1,fp32,35,10,47752238,250000000
lfp_t6plain_dst_s1,fp32,35,11,47752238,250000000
lfp_t6plain_dst_s1,fp32,35,12,47752238,250000000
lfp_t6plain_dst_s1,fp32,35,13,47752238,250000000
lfp_t6plain_dst_s1,fp32,35,14,47752238,250000000
lfp_t6plain_dst_s1,fp32,35,15,47752238,250000000
lfp_t6plain_dst_s1,fp32,36,0,47717282,250000000
lfp_t6plain_dst_s1,fp32,36,1,47717257,250000000
lfp_t6plain_dst_s1,fp32,36,2,47717257,250000000
lfp_t6plain_dst_s1,fp32,36,3,47717257,250000000
lfp_t6plain_dst_s1,fp32,36,4,47717257,250000000
lfp_t6plain_dst_s1,fp32,36,5,47717257,250000000
lfp_t6plain_dst_s1,fp32,36,6,47717257,250000000
lfp_t6plain_dst_s1,fp32,36,7,47717257,250000000
lfp_t6plain_dst_s1,fp32,36,8,47717257,250000000
lfp_t6plain_dst_s1,fp32,36,9,47717257,250000000
lfp_t6plain_dst_s1,fp32,36,10,47717257,250000000
lfp_t6plain_dst_s1,fp32,36,11,47717257,250000000
lfp_t6plain_dst_s1,fp32,36,12,47717257,250000000
lfp_t6plain_dst_s1,fp32,36,13,47717257,250000000
lfp_t6plain_dst_s1,fp32,36,14,47717257,250000000
lfp_t6plain_dst_s1,fp32,36,15,47717257,250000000
lfp_t6plain_dst_s1,fp32,37,0,47763267,250000000
lfp_t6plain_dst_s1,fp32,37,1,47763212,250000000
lfp_t6plain_dst_s1,fp32,37,2,47763212,250000000
lfp_t6plain_dst_s1,fp32,37,3,47763212,250000000
lfp_t6plain_dst_s1,fp32,37,4,47763212,250000000
lfp_t6plain_dst_s1,fp32,37,5,47763212,250000000
lfp_t6plain_dst_s1,fp32,37,6,47763212,250000000
lfp_t6plain_dst_s1,fp32,37,7,47763212,250000000
lfp_t6plain_dst_s1,fp32,37,8,47763212,250000000
lfp_t6plain_dst_s1,fp32,37,9,47763212,250000000
lfp_t6plain_dst_s1,fp32,37,10,47763212,250000000
lfp_t6plain_dst_s1,fp32,37,11,47763212,250000000
lfp_t6plain_dst_s1,fp32,37,12,47763212,250000000
lfp_t6plain_dst_s1,fp32,37,13,47763212,250000000
lfp_t6plain_dst_s1,fp32,37,14,47763212,250000000
lfp_t6plain_dst_s1,fp32,37,15,47763212,250000000
lfp_t6plain_dst_s1,fp32,38,0,47768793,250000000
lfp_t6plain_dst_s1,fp32,38,1,47768747,250000000
lfp_t6plain_dst_s1,fp32,38,2,47768747,250000000
lfp_t6plain_dst_s1,fp32,38,3,47768747,250000000
lfp_t6plain_dst_s1,fp32,38,4,47768747,250000000
lfp_t6plain_dst_s1,fp32,38,5,47768747,250000000
lfp_t6plain_dst_s1,fp32,38,6,47768747,250000000
lfp_t6plain_dst_s1,fp32,38,7,47768747,250000000
lfp_t6plain_dst_s1,fp32,38,8,47768747,250000000
lfp_t6plain_dst_s1,fp32,38,9,47768747,250000000
lfp_t6plain_dst_s1,fp32,38,10,47768747,250000000
lfp_t6plain_dst_s1,fp32,38,11,47768747,250000000
lfp_t6plain_dst_s1,fp32,38,12,47768747,250000000
lfp_t6plain_dst_s1,fp32,38,13,47768747,250000000
lfp_t6plain_dst_s1,fp32,38,14,47768747,250000000
lfp_t6plain_dst_s1,fp32,38,15,47768747,250000000
lfp_t6plain_dst_s1,fp32,39,0,47595544,250000000
lfp_t6plain_dst_s1,fp32,39,1,47595498,250000000
lfp_t6plain_dst_s1,fp32,39,2,47595498,250000000
lfp_t6plain_dst_s1,fp32,39,3,47595498,250000000
lfp_t6plain_dst_s1,fp32,39,4,47595498,250000000
lfp_t6plain_dst_s1,fp32,39,5,47595498,250000000
lfp_t6plain_dst_s1,fp32,39,6,47595498,250000000
lfp_t6plain_dst_s1,fp32,39,7,47595498,250000000
lfp_t6plain_dst_s1,fp32,39,8,47595498,250000000
lfp_t6plain_dst_s1,fp32,39,9,47595498,250000000
lfp_t6plain_dst_s1,fp32,39,10,47595498,250000000
lfp_t6plain_dst_s1,fp32,39,11,47595498,250000000
lfp_t6plain_dst_s1,fp32,39,12,47595498,250000000
lfp_t6plain_dst_s1,fp32,39,13,47595498,250000000
lfp_t6plain_dst_s1,fp32,39,14,47595498,250000000
lfp_t6plain_dst_s1,fp32,39,15,47595498,250000000
lfp_t6plain_dst_s1,fp32,40,0,47643444,250000000
lfp_t6plain_dst_s1,fp32,40,1,47643396,250000000
lfp_t6plain_dst_s1,fp32,40,2,47643396,250000000
lfp_t6plain_dst_s1,fp32,40,3,47643396,250000000
lfp_t6plain_dst_s1,fp32,40,4,47643396,250000000
lfp_t6plain_dst_s1,fp32,40,5,47643396,250000000
lfp_t6plain_dst_s1,fp32,40,6,47643396,250000000
lfp_t6plain_dst_s1,fp32,40,7,47643396,250000000
lfp_t6plain_dst_s1,fp32,40,8,47643396,250000000
lfp_t6plain_dst_s1,fp32,40,9,47643396,250000000
lfp_t6plain_dst_s1,fp32,40,10,47643396,250000000
lfp_t6plain_dst_s1,fp32,40,11,47643396,250000000
lfp_t6plain_dst_s1,fp32,40,12,47643396,250000000
lfp_t6plain_dst_s1,fp32,40,13,47643396,250000000
lfp_t6plain_dst_s1,fp32,40,14,47643396,250000000
lfp_t6plain_dst_s1,fp32,40,15,47643396,250000000
lfp_t6plain_dst_s1,fp32,41,0,47753212,250000000
lfp_t6plain_dst_s1,fp32,41,1,47753164,250000000
lfp_t6plain_dst_s1,fp32,41,2,47753164,250000000
lfp_t6plain_dst_s1,fp32,41,3,47753164,250000000
lfp_t6plain_dst_s1,fp32,41,4,47753164,250000000
lfp_t6plain_dst_s1,fp32,41,5,47753164,250000000
lfp_t6plain_dst_s1,fp32,41,6,47753164,250000000
lfp_t6plain_dst_s1,fp32,41,7,47753164,250000000
lfp_t6plain_dst_s1,fp32,41,8,47753164,250000000
lfp_t6plain_dst_s1,fp32,41,9,47753164,250000000
lfp_t6plain_dst_s1,fp32,41,10,47753164,250000000
lfp_t6plain_dst_s1,fp32,41,11,47753164,250000000
lfp_t6plain_dst_s1,fp32,41,12,47753164,250000000
lfp_t6plain_dst_s1,fp32,41,13,47753164,250000000
lfp_t6plain_dst_s1,fp32,41,14,47753164,250000000
lfp_t6plain_dst_s1,fp32,41,15,47753164,250000000
lfp_t6plain_dst_s1,fp32,42,0,47741434,250000000
lfp_t6plain_dst_s1,fp32,42,1,47741381,250000000
lfp_t6plain_dst_s1,fp32,42,2,47741381,250000000
lfp_t6plain_dst_s1,fp32,42,3,47741381,250000000
lfp_t6plain_dst_s1,fp32,42,4,47741381,250000000
lfp_t6plain_dst_s1,fp32,42,5,47741381,250000000
lfp_t6plain_dst_s1,fp32,42,6,47741381,250000000
lfp_t6plain_dst_s1,fp32,42,7,47741381,250000000
lfp_t6plain_dst_s1,fp32,42,8,47741381,250000000
lfp_t6plain_dst_s1,fp32,42,9,47741381,250000000
lfp_t6plain_dst_s1,fp32,42,10,47741381,250000000
lfp_t6plain_dst_s1,fp32,42,11,47741381,250000000
lfp_t6plain_dst_s1,fp32,42,12,47741381,250000000
lfp_t6plain_dst_s1,fp32,42,13,47741381,250000000
lfp_t6plain_dst_s1,fp32,42,14,47741381,250000000
lfp_t6plain_dst_s1,fp32,42,15,47741381,250000000
lfp_t6plain_dst_s1,fp32,43,0,47749224,250000000
lfp_t6plain_dst_s1,fp32,43,1,47749169,250000000
lfp_t6plain_dst_s1,fp32,43,2,47749169,250000000
lfp_t6plain_dst_s1,fp32,43,3,47749169,250000000
lfp_t6plain_dst_s1,fp32,43,4,47749169,250000000
lfp_t6plain_dst_s1,fp32,43,5,47749169,250000000
lfp_t6plain_dst_s1,fp32,43,6,47749169,250000000
lfp_t6plain_dst_s1,fp32,43,7,47749169,250000000
lfp_t6plain_dst_s1,fp32,43,8,47749169,250000000
lfp_t6plain_dst_s1,fp32,43,9,47749169,250000000
lfp_t6plain_dst_s1,fp32,43,10,47749169,250000000
lfp_t6plain_dst_s1,fp32,43,11,47749169,250000000
lfp_t6plain_dst_s1,fp32,43,12,47749169,250000000
lfp_t6plain_dst_s1,fp32,43,13,47749169,250000000
lfp_t6plain_dst_s1,fp32,43,14,47749169,250000000
lfp_t6plain_dst_s1,fp32,43,15,47749169,250000000
lfp_t6plain_dst_s1,fp32,44,0,47738499,250000000
lfp_t6plain_dst_s1,fp32,44,1,47738446,250000000
lfp_t6plain_dst_s1,fp32,44,2,47738446,250000000
lfp_t6plain_dst_s1,fp32,44,3,47738446,250000000
lfp_t6plain_dst_s1,fp32,44,4,47738446,250000000
lfp_t6plain_dst_s1,fp32,44,5,47738446,250000000
lfp_t6plain_dst_s1,fp32,44,6,47738446,250000000
lfp_t6plain_dst_s1,fp32,44,7,47738446,250000000
lfp_t6plain_dst_s1,fp32,44,8,47738446,250000000
lfp_t6plain_dst_s1,fp32,44,9,47738446,250000000
lfp_t6plain_dst_s1,fp32,44,10,47738446,250000000
lfp_t6plain_dst_s1,fp32,44,11,47738446,250000000
lfp_t6plain_dst_s1,fp32,44,12,47738446,250000000
lfp_t6plain_dst_s1,fp32,44,13,47738446,250000000
lfp_t6plain_dst_s1,fp32,44,14,47738446,250000000
lfp_t6plain_dst_s1,fp32,44,15,47738446,250000000
lfp_t6plain_dst_s1,fp32,45,0,47723240,250000000
lfp_t6plain_dst_s1,fp32,45,1,47723185,250000000
lfp_t6plain_dst_s1,fp32,45,2,47723185,250000000
lfp_t6plain_dst_s1,fp32,45,3,47723185,250000000
lfp_t6plain_dst_s1,fp32,45,4,47723185,250000000
lfp_t6plain_dst_s1,fp32,45,5,47723185,250000000
lfp_t6plain_dst_s1,fp32,45,6,47723185,250000000
lfp_t6plain_dst_s1,fp32,45,7,47723185,250000000
lfp_t6plain_dst_s1,fp32,45,8,47723185,250000000
lfp_t6plain_dst_s1,fp32,45,9,47723185,250000000
lfp_t6plain_dst_s1,fp32,45,10,47723185,250000000
lfp_t6plain_dst_s1,fp32,45,11,47723185,250000000
lfp_t6plain_dst_s1,fp32,45,12,47723185,250000000
lfp_t6plain_dst_s1,fp32,45,13,47723185,250000000
lfp_t6plain_dst_s1,fp32,45,14,47723185,250000000
lfp_t6plain_dst_s1,fp32,45,15,47723185,250000000
lfp_t6plain_dst_s1,fp32,46,0,47748701,250000000
lfp_t6plain_dst_s1,fp32,46,1,47748653,250000000
lfp_t6plain_dst_s1,fp32,46,2,47748653,250000000
lfp_t6plain_dst_s1,fp32,46,3,47748653,250000000
lfp_t6plain_dst_s1,fp32,46,4,47748653,250000000
lfp_t6plain_dst_s1,fp32,46,5,47748653,250000000
lfp_t6plain_dst_s1,fp32,46,6,47748653,250000000
lfp_t6plain_dst_s1,fp32,46,7,47748653,250000000
lfp_t6plain_dst_s1,fp32,46,8,47748653,250000000
lfp_t6plain_dst_s1,fp32,46,9,47748653,250000000
lfp_t6plain_dst_s1,fp32,46,10,47748653,250000000
lfp_t6plain_dst_s1,fp32,46,11,47748653,250000000
lfp_t6plain_dst_s1,fp32,46,12,47748653,250000000
lfp_t6plain_dst_s1,fp32,46,13,47748653,250000000
lfp_t6plain_dst_s1,fp32,46,14,47748653,250000000
lfp_t6plain_dst_s1,fp32,46,15,47748653,250000000
lfp_t6plain_dst_s1,fp32,47,0,47611426,250000000
lfp_t6plain_dst_s1,fp32,47,1,47611380,250000000
lfp_t6plain_dst_s1,fp32,47,2,47611380,250000000
lfp_t6plain_dst_s1,fp32,47,3,47611380,250000000
lfp_t6plain_dst_s1,fp32,47,4,47611380,250000000
lfp_t6plain_dst_s1,fp32,47,5,47611380,250000000
lfp_t6plain_dst_s1,fp32,47,6,47611380,250000000
lfp_t6plain_dst_s1,fp32,47,7,47611380,250000000
lfp_t6plain_dst_s1,fp32,47,8,47611380,250000000
lfp_t6plain_dst_s1,fp32,47,9,47611380,250000000
lfp_t6plain_dst_s1,fp32,47,10,47611380,250000000
lfp_t6plain_dst_s1,fp32,47,11,47611380,250000000
lfp_t6plain_dst_s1,fp32,47,12,47611380,250000000
lfp_t6plain_dst_s1,fp32,47,13,47611380,250000000
lfp_t6plain_dst_s1,fp32,47,14,47611380,250000000
lfp_t6plain_dst_s1,fp32,47,15,47611380,250000000
lfp_t6plain_dst_s1,fp32,48,0,47640269,250000000
lfp_t6plain_dst_s1,fp32,48,1,47640221,250000000
lfp_t6plain_dst_s1,fp32,48,2,47640221,250000000
lfp_t6plain_dst_s1,fp32,48,3,47640221,250000000
lfp_t6plain_dst_s1,fp32,48,4,47640221,250000000
lfp_t6plain_dst_s1,fp32,48,5,47640221,250000000
lfp_t6plain_dst_s1,fp32,48,6,47640221,250000000
lfp_t6plain_dst_s1,fp32,48,7,47640221,250000000
lfp_t6plain_dst_s1,fp32,48,8,47640221,250000000
lfp_t6plain_dst_s1,fp32,48,9,47640221,250000000
lfp_t6plain_dst_s1,fp32,48,10,47640221,250000000
lfp_t6plain_dst_s1,fp32,48,11,47640221,250000000
lfp_t6plain_dst_s1,fp32,48,12,47640221,250000000
lfp_t6plain_dst_s1,fp32,48,13,47640221,250000000
lfp_t6plain_dst_s1,fp32,48,14,47640221,250000000
lfp_t6plain_dst_s1,fp32,48,15,47640221,250000000
lfp_t6plain_dst_s1,fp32,49,0,47743656,250000000
lfp_t6plain_dst_s1,fp32,49,1,47743608,250000000
lfp_t6plain_dst_s1,fp32,49,2,47743608,250000000
lfp_t6plain_dst_s1,fp32,49,3,47743608,250000000
lfp_t6plain_dst_s1,fp32,49,4,47743608,250000000
lfp_t6plain_dst_s1,fp32,49,5,47743608,250000000
lfp_t6plain_dst_s1,fp32,49,6,47743608,250000000
lfp_t6plain_dst_s1,fp32,49,7,47743608,250000000
lfp_t6plain_dst_s1,fp32,49,8,47743608,250000000
lfp_t6plain_dst_s1,fp32,49,9,47743608,250000000
lfp_t6plain_dst_s1,fp32,49,10,47743608,250000000
lfp_t6plain_dst_s1,fp32,49,11,47743608,250000000
lfp_t6plain_dst_s1,fp32,49,12,47743608,250000000
lfp_t6plain_dst_s1,fp32,49,13,47743608,250000000
lfp_t6plain_dst_s1,fp32,49,14,47743608,250000000
lfp_t6plain_dst_s1,fp32,49,15,47743608,250000000
lfp_t6plain_dst_s1,fp32,50,0,47743867,250000000
lfp_t6plain_dst_s1,fp32,50,1,47743812,250000000
lfp_t6plain_dst_s1,fp32,50,2,47743812,250000000
lfp_t6plain_dst_s1,fp32,50,3,47743812,250000000
lfp_t6plain_dst_s1,fp32,50,4,47743812,250000000
lfp_t6plain_dst_s1,fp32,50,5,47743812,250000000
lfp_t6plain_dst_s1,fp32,50,6,47743812,250000000
lfp_t6plain_dst_s1,fp32,50,7,47743812,250000000
lfp_t6plain_dst_s1,fp32,50,8,47743812,250000000
lfp_t6plain_dst_s1,fp32,50,9,47743812,250000000
lfp_t6plain_dst_s1,fp32,50,10,47743812,250000000
lfp_t6plain_dst_s1,fp32,50,11,47743812,250000000
lfp_t6plain_dst_s1,fp32,50,12,47743812,250000000
lfp_t6plain_dst_s1,fp32,50,13,47743812,250000000
lfp_t6plain_dst_s1,fp32,50,14,47743812,250000000
lfp_t6plain_dst_s1,fp32,50,15,47743812,250000000
lfp_t6plain_dst_s1,fp32,51,0,47736740,250000000
lfp_t6plain_dst_s1,fp32,51,1,47736685,250000000
lfp_t6plain_dst_s1,fp32,51,2,47736685,250000000
lfp_t6plain_dst_s1,fp32,51,3,47736685,250000000
lfp_t6plain_dst_s1,fp32,51,4,47736685,250000000
lfp_t6plain_dst_s1,fp32,51,5,47736685,250000000
lfp_t6plain_dst_s1,fp32,51,6,47736685,250000000
lfp_t6plain_dst_s1,fp32,51,7,47736685,250000000
lfp_t6plain_dst_s1,fp32,51,8,47736685,250000000
lfp_t6plain_dst_s1,fp32,51,9,47736685,250000000
lfp_t6plain_dst_s1,fp32,51,10,47736685,250000000
lfp_t6plain_dst_s1,fp32,51,11,47736685,250000000
lfp_t6plain_dst_s1,fp32,51,12,47736685,250000000
lfp_t6plain_dst_s1,fp32,51,13,47736685,250000000
lfp_t6plain_dst_s1,fp32,51,14,47736685,250000000
lfp_t6plain_dst_s1,fp32,51,15,47736685,250000000
lfp_t6plain_dst_s1,fp32,52,0,47734722,250000000
lfp_t6plain_dst_s1,fp32,52,1,47734669,250000000
lfp_t6plain_dst_s1,fp32,52,2,47734669,250000000
lfp_t6plain_dst_s1,fp32,52,3,47734669,250000000
lfp_t6plain_dst_s1,fp32,52,4,47734669,250000000
lfp_t6plain_dst_s1,fp32,52,5,47734669,250000000
lfp_t6plain_dst_s1,fp32,52,6,47734669,250000000
lfp_t6plain_dst_s1,fp32,52,7,47734669,250000000
lfp_t6plain_dst_s1,fp32,52,8,47734669,250000000
lfp_t6plain_dst_s1,fp32,52,9,47734669,250000000
lfp_t6plain_dst_s1,fp32,52,10,47734669,250000000
lfp_t6plain_dst_s1,fp32,52,11,47734669,250000000
lfp_t6plain_dst_s1,fp32,52,12,47734669,250000000
lfp_t6plain_dst_s1,fp32,52,13,47734669,250000000
lfp_t6plain_dst_s1,fp32,52,14,47734669,250000000
lfp_t6plain_dst_s1,fp32,52,15,47734669,250000000
lfp_t6plain_dst_s1,fp32,53,0,47729803,250000000
lfp_t6plain_dst_s1,fp32,53,1,47729748,250000000
lfp_t6plain_dst_s1,fp32,53,2,47729748,250000000
lfp_t6plain_dst_s1,fp32,53,3,47729748,250000000
lfp_t6plain_dst_s1,fp32,53,4,47729748,250000000
lfp_t6plain_dst_s1,fp32,53,5,47729748,250000000
lfp_t6plain_dst_s1,fp32,53,6,47729748,250000000
lfp_t6plain_dst_s1,fp32,53,7,47729748,250000000
lfp_t6plain_dst_s1,fp32,53,8,47729748,250000000
lfp_t6plain_dst_s1,fp32,53,9,47729748,250000000
lfp_t6plain_dst_s1,fp32,53,10,47729748,250000000
lfp_t6plain_dst_s1,fp32,53,11,47729748,250000000
lfp_t6plain_dst_s1,fp32,53,12,47729748,250000000
lfp_t6plain_dst_s1,fp32,53,13,47729748,250000000
lfp_t6plain_dst_s1,fp32,53,14,47729748,250000000
lfp_t6plain_dst_s1,fp32,53,15,47729748,250000000
lfp_t6plain_dst_s1,fp32,54,0,47738064,250000000
lfp_t6plain_dst_s1,fp32,54,1,47738016,250000000
lfp_t6plain_dst_s1,fp32,54,2,47738016,250000000
lfp_t6plain_dst_s1,fp32,54,3,47738016,250000000
lfp_t6plain_dst_s1,fp32,54,4,47738016,250000000
lfp_t6plain_dst_s1,fp32,54,5,47738016,250000000
lfp_t6plain_dst_s1,fp32,54,6,47738016,250000000
lfp_t6plain_dst_s1,fp32,54,7,47738016,250000000
lfp_t6plain_dst_s1,fp32,54,8,47738016,250000000
lfp_t6plain_dst_s1,fp32,54,9,47738016,250000000
lfp_t6plain_dst_s1,fp32,54,10,47738016,250000000
lfp_t6plain_dst_s1,fp32,54,11,47738016,250000000
lfp_t6plain_dst_s1,fp32,54,12,47738016,250000000
lfp_t6plain_dst_s1,fp32,54,13,47738016,250000000
lfp_t6plain_dst_s1,fp32,54,14,47738016,250000000
lfp_t6plain_dst_s1,fp32,54,15,47738016,250000000
lfp_t6plain_dst_s1,fp32,55,0,47656072,250000000
lfp_t6plain_dst_s1,fp32,55,1,47656026,250000000
lfp_t6plain_dst_s1,fp32,55,2,47656026,250000000
lfp_t6plain_dst_s1,fp32,55,3,47656026,250000000
lfp_t6plain_dst_s1,fp32,55,4,47656026,250000000
lfp_t6plain_dst_s1,fp32,55,5,47656026,250000000
lfp_t6plain_dst_s1,fp32,55,6,47656026,250000000
lfp_t6plain_dst_s1,fp32,55,7,47656026,250000000
lfp_t6plain_dst_s1,fp32,55,8,47656026,250000000
lfp_t6plain_dst_s1,fp32,55,9,47656026,250000000
lfp_t6plain_dst_s1,fp32,55,10,47656026,250000000
lfp_t6plain_dst_s1,fp32,55,11,47656026,250000000
lfp_t6plain_dst_s1,fp32,55,12,47656026,250000000
lfp_t6plain_dst_s1,fp32,55,13,47656026,250000000
lfp_t6plain_dst_s1,fp32,55,14,47656026,250000000
lfp_t6plain_dst_s1,fp32,55,15,47656026,250000000
lfp_t6plain_dst_s1,fp32,56,0,47639299,250000000
lfp_t6plain_dst_s1,fp32,56,1,47639251,250000000
lfp_t6plain_dst_s1,fp32,56,2,47639251,250000000
lfp_t6plain_dst_s1,fp32,56,3,47639251,250000000
lfp_t6plain_dst_s1,fp32,56,4,47639251,250000000
lfp_t6plain_dst_s1,fp32,56,5,47639251,250000000
lfp_t6plain_dst_s1,fp32,56,6,47639251,250000000
lfp_t6plain_dst_s1,fp32,56,7,47639251,250000000
lfp_t6plain_dst_s1,fp32,56,8,47639251,250000000
lfp_t6plain_dst_s1,fp32,56,9,47639251,250000000
lfp_t6plain_dst_s1,fp32,56,10,47639251,250000000
lfp_t6plain_dst_s1,fp32,56,11,47639251,250000000
lfp_t6plain_dst_s1,fp32,56,12,47639251,250000000
lfp_t6plain_dst_s1,fp32,56,13,47639251,250000000
lfp_t6plain_dst_s1,fp32,56,14,47639251,250000000
lfp_t6plain_dst_s1,fp32,56,15,47639251,250000000
lfp_t6plain_dst_s1,fp32,57,0,47733164,250000000
lfp_t6plain_dst_s1,fp32,57,1,47733116,250000000
lfp_t6plain_dst_s1,fp32,57,2,47733116,250000000
lfp_t6plain_dst_s1,fp32,57,3,47733116,250000000
lfp_t6plain_dst_s1,fp32,57,4,47733116,250000000
lfp_t6plain_dst_s1,fp32,57,5,47733116,250000000
lfp_t6plain_dst_s1,fp32,57,6,47733116,250000000
lfp_t6plain_dst_s1,fp32,57,7,47733116,250000000
lfp_t6plain_dst_s1,fp32,57,8,47733116,250000000
lfp_t6plain_dst_s1,fp32,57,9,47733116,250000000
lfp_t6plain_dst_s1,fp32,57,10,47733116,250000000
lfp_t6plain_dst_s1,fp32,57,11,47733116,250000000
lfp_t6plain_dst_s1,fp32,57,12,47733116,250000000
lfp_t6plain_dst_s1,fp32,57,13,47733116,250000000
lfp_t6plain_dst_s1,fp32,57,14,47733116,250000000
lfp_t6plain_dst_s1,fp32,57,15,47733116,250000000
lfp_t6plain_dst_s1,fp32,58,0,47736856,250000000
lfp_t6plain_dst_s1,fp32,58,1,47736801,250000000
lfp_t6plain_dst_s1,fp32,58,2,47736801,250000000
lfp_t6plain_dst_s1,fp32,58,3,47736801,250000000
lfp_t6plain_dst_s1,fp32,58,4,47736801,250000000
lfp_t6plain_dst_s1,fp32,58,5,47736801,250000000
lfp_t6plain_dst_s1,fp32,58,6,47736801,250000000
lfp_t6plain_dst_s1,fp32,58,7,47736801,250000000
lfp_t6plain_dst_s1,fp32,58,8,47736801,250000000
lfp_t6plain_dst_s1,fp32,58,9,47736801,250000000
lfp_t6plain_dst_s1,fp32,58,10,47736801,250000000
lfp_t6plain_dst_s1,fp32,58,11,47736801,250000000
lfp_t6plain_dst_s1,fp32,58,12,47736801,250000000
lfp_t6plain_dst_s1,fp32,58,13,47736801,250000000
lfp_t6plain_dst_s1,fp32,58,14,47736801,250000000
lfp_t6plain_dst_s1,fp32,58,15,47736801,250000000
lfp_t6plain_dst_s1,fp32,59,0,47720339,250000000
lfp_t6plain_dst_s1,fp32,59,1,47720284,250000000
lfp_t6plain_dst_s1,fp32,59,2,47720284,250000000
lfp_t6plain_dst_s1,fp32,59,3,47720284,250000000
lfp_t6plain_dst_s1,fp32,59,4,47720284,250000000
lfp_t6plain_dst_s1,fp32,59,5,47720284,250000000
lfp_t6plain_dst_s1,fp32,59,6,47720284,250000000
lfp_t6plain_dst_s1,fp32,59,7,47720284,250000000
lfp_t6plain_dst_s1,fp32,59,8,47720284,250000000
lfp_t6plain_dst_s1,fp32,59,9,47720284,250000000
lfp_t6plain_dst_s1,fp32,59,10,47720284,250000000
lfp_t6plain_dst_s1,fp32,59,11,47720284,250000000
lfp_t6plain_dst_s1,fp32,59,12,47720284,250000000
lfp_t6plain_dst_s1,fp32,59,13,47720284,250000000
lfp_t6plain_dst_s1,fp32,59,14,47720284,250000000
lfp_t6plain_dst_s1,fp32,59,15,47720284,250000000
lfp_t6plain_dst_s1,fp32,60,0,47724015,250000000
lfp_t6plain_dst_s1,fp32,60,1,47723990,250000000
lfp_t6plain_dst_s1,fp32,60,2,47723990,250000000
lfp_t6plain_dst_s1,fp32,60,3,47723990,250000000
lfp_t6plain_dst_s1,fp32,60,4,47723990,250000000
lfp_t6plain_dst_s1,fp32,60,5,47723990,250000000
lfp_t6plain_dst_s1,fp32,60,6,47723990,250000000
lfp_t6plain_dst_s1,fp32,60,7,47723990,250000000
lfp_t6plain_dst_s1,fp32,60,8,47723990,250000000
lfp_t6plain_dst_s1,fp32,60,9,47723990,250000000
lfp_t6plain_dst_s1,fp32,60,10,47723990,250000000
lfp_t6plain_dst_s1,fp32,60,11,47723990,250000000
lfp_t6plain_dst_s1,fp32,60,12,47723990,250000000
lfp_t6plain_dst_s1,fp32,60,13,47723990,250000000
lfp_t6plain_dst_s1,fp32,60,14,47723990,250000000
lfp_t6plain_dst_s1,fp32,60,15,47723990,250000000
lfp_t6plain_dst_s1,fp32,61,0,47740674,250000000
lfp_t6plain_dst_s1,fp32,61,1,47740619,250000000
lfp_t6plain_dst_s1,fp32,61,2,47740619,250000000
lfp_t6plain_dst_s1,fp32,61,3,47740619,250000000
lfp_t6plain_dst_s1,fp32,61,4,47740619,250000000
lfp_t6plain_dst_s1,fp32,61,5,47740619,250000000
lfp_t6plain_dst_s1,fp32,61,6,47740619,250000000
lfp_t6plain_dst_s1,fp32,61,7,47740619,250000000
lfp_t6plain_dst_s1,fp32,61,8,47740619,250000000
lfp_t6plain_dst_s1,fp32,61,9,47740619,250000000
lfp_t6plain_dst_s1,fp32,61,10,47740619,250000000
lfp_t6plain_dst_s1,fp32,61,11,47740619,250000000
lfp_t6plain_dst_s1,fp32,61,12,47740619,250000000
lfp_t6plain_dst_s1,fp32,61,13,47740619,250000000
lfp_t6plain_dst_s1,fp32,61,14,47740619,250000000
lfp_t6plain_dst_s1,fp32,61,15,47740619,250000000
lfp_t6plain_dst_s1,fp32,62,0,47715621,250000000
lfp_t6plain_dst_s1,fp32,62,1,47715573,250000000
lfp_t6plain_dst_s1,fp32,62,2,47715573,250000000
lfp_t6plain_dst_s1,fp32,62,3,47715573,250000000
lfp_t6plain_dst_s1,fp32,62,4,47715573,250000000
lfp_t6plain_dst_s1,fp32,62,5,47715573,250000000
lfp_t6plain_dst_s1,fp32,62,6,47715573,250000000
lfp_t6plain_dst_s1,fp32,62,7,47715573,250000000
lfp_t6plain_dst_s1,fp32,62,8,47715573,250000000
lfp_t6plain_dst_s1,fp32,62,9,47715573,250000000
lfp_t6plain_dst_s1,fp32,62,10,47715573,250000000
lfp_t6plain_dst_s1,fp32,62,11,47715573,250000000
lfp_t6plain_dst_s1,fp32,62,12,47715573,250000000
lfp_t6plain_dst_s1,fp32,62,13,47715573,250000000
lfp_t6plain_dst_s1,fp32,62,14,47715573,250000000
lfp_t6plain_dst_s1,fp32,62,15,47715573,250000000
lfp_t6plain_dst_s1,fp32,63,0,47658991,250000000
lfp_t6plain_dst_s1,fp32,63,1,47658945,250000000
lfp_t6plain_dst_s1,fp32,63,2,47658945,250000000
lfp_t6plain_dst_s1,fp32,63,3,47658945,250000000
lfp_t6plain_dst_s1,fp32,63,4,47658945,250000000
lfp_t6plain_dst_s1,fp32,63,5,47658945,250000000
lfp_t6plain_dst_s1,fp32,63,6,47658945,250000000
lfp_t6plain_dst_s1,fp32,63,7,47658945,250000000
lfp_t6plain_dst_s1,fp32,63,8,47658945,250000000
lfp_t6plain_dst_s1,fp32,63,9,47658945,250000000
lfp_t6plain_dst_s1,fp32,63,10,47658945,250000000
lfp_t6plain_dst_s1,fp32,63,11,47658945,250000000
lfp_t6plain_dst_s1,fp32,63,12,47658945,250000000
lfp_t6plain_dst_s1,fp32,63,13,47658945,250000000
lfp_t6plain_dst_s1,fp32,63,14,47658945,250000000
lfp_t6plain_dst_s1,fp32,63,15,47658945,250000000
lfp_t6plain_dst_s2,fp32,0,0,47638783,250000000
lfp_t6plain_dst_s2,fp32,0,1,47638783,250000000
lfp_t6plain_dst_s2,fp32,0,2,47638783,250000000
lfp_t6plain_dst_s2,fp32,0,3,47638783,250000000
lfp_t6plain_dst_s2,fp32,0,4,47638783,250000000
lfp_t6plain_dst_s2,fp32,0,5,47638783,250000000
lfp_t6plain_dst_s2,fp32,0,6,47638783,250000000
lfp_t6plain_dst_s2,fp32,0,7,47638783,250000000
lfp_t6plain_dst_s2,fp32,0,8,47638783,250000000
lfp_t6plain_dst_s2,fp32,0,9,47638783,250000000
lfp_t6plain_dst_s2,fp32,0,10,47638783,250000000
lfp_t6plain_dst_s2,fp32,0,11,47638783,250000000
lfp_t6plain_dst_s2,fp32,0,12,47638783,250000000
lfp_t6plain_dst_s2,fp32,0,13,47638783,250000000
lfp_t6plain_dst_s2,fp32,0,14,47638783,250000000
lfp_t6plain_dst_s2,fp32,0,15,47638783,250000000
lfp_t6plain_dst_s2,fp32,1,0,47712050,250000000
lfp_t6plain_dst_s2,fp32,1,1,47712004,250000000
lfp_t6plain_dst_s2,fp32,1,2,47712004,250000000
lfp_t6plain_dst_s2,fp32,1,3,47712004,250000000
lfp_t6plain_dst_s2,fp32,1,4,47712004,250000000
lfp_t6plain_dst_s2,fp32,1,5,47712004,250000000
lfp_t6plain_dst_s2,fp32,1,6,47712004,250000000
lfp_t6plain_dst_s2,fp32,1,7,47712004,250000000
lfp_t6plain_dst_s2,fp32,1,8,47712004,250000000
lfp_t6plain_dst_s2,fp32,1,9,47712004,250000000
lfp_t6plain_dst_s2,fp32,1,10,47712004,250000000
lfp_t6plain_dst_s2,fp32,1,11,47712004,250000000
lfp_t6plain_dst_s2,fp32,1,12,47712004,250000000
lfp_t6plain_dst_s2,fp32,1,13,47712004,250000000
lfp_t6plain_dst_s2,fp32,1,14,47712004,250000000
lfp_t6plain_dst_s2,fp32,1,15,47712004,250000000
lfp_t6plain_dst_s2,fp32,2,0,47753476,250000000
lfp_t6plain_dst_s2,fp32,2,1,47753430,250000000
lfp_t6plain_dst_s2,fp32,2,2,47753430,250000000
lfp_t6plain_dst_s2,fp32,2,3,47753430,250000000
lfp_t6plain_dst_s2,fp32,2,4,47753430,250000000
lfp_t6plain_dst_s2,fp32,2,5,47753430,250000000
lfp_t6plain_dst_s2,fp32,2,6,47753430,250000000
lfp_t6plain_dst_s2,fp32,2,7,47753430,250000000
lfp_t6plain_dst_s2,fp32,2,8,47753430,250000000
lfp_t6plain_dst_s2,fp32,2,9,47753430,250000000
lfp_t6plain_dst_s2,fp32,2,10,47753430,250000000
lfp_t6plain_dst_s2,fp32,2,11,47753430,250000000
lfp_t6plain_dst_s2,fp32,2,12,47753430,250000000
lfp_t6plain_dst_s2,fp32,2,13,47753430,250000000
lfp_t6plain_dst_s2,fp32,2,14,47753430,250000000
lfp_t6plain_dst_s2,fp32,2,15,47753430,250000000
lfp_t6plain_dst_s2,fp32,3,0,47749456,250000000
lfp_t6plain_dst_s2,fp32,3,1,47749403,250000000
lfp_t6plain_dst_s2,fp32,3,2,47749403,250000000
lfp_t6plain_dst_s2,fp32,3,3,47749403,250000000
lfp_t6plain_dst_s2,fp32,3,4,47749403,250000000
lfp_t6plain_dst_s2,fp32,3,5,47749403,250000000
lfp_t6plain_dst_s2,fp32,3,6,47749403,250000000
lfp_t6plain_dst_s2,fp32,3,7,47749403,250000000
lfp_t6plain_dst_s2,fp32,3,8,47749403,250000000
lfp_t6plain_dst_s2,fp32,3,9,47749403,250000000
lfp_t6plain_dst_s2,fp32,3,10,47749403,250000000
lfp_t6plain_dst_s2,fp32,3,11,47749403,250000000
lfp_t6plain_dst_s2,fp32,3,12,47749403,250000000
lfp_t6plain_dst_s2,fp32,3,13,47749403,250000000
lfp_t6plain_dst_s2,fp32,3,14,47749403,250000000
lfp_t6plain_dst_s2,fp32,3,15,47749403,250000000
lfp_t6plain_dst_s2,fp32,4,0,47721751,250000000
lfp_t6plain_dst_s2,fp32,4,1,47721698,250000000
lfp_t6plain_dst_s2,fp32,4,2,47721698,250000000
lfp_t6plain_dst_s2,fp32,4,3,47721698,250000000
lfp_t6plain_dst_s2,fp32,4,4,47721698,250000000
lfp_t6plain_dst_s2,fp32,4,5,47721698,250000000
lfp_t6plain_dst_s2,fp32,4,6,47721698,250000000
lfp_t6plain_dst_s2,fp32,4,7,47721698,250000000
lfp_t6plain_dst_s2,fp32,4,8,47721698,250000000
lfp_t6plain_dst_s2,fp32,4,9,47721698,250000000
lfp_t6plain_dst_s2,fp32,4,10,47721698,250000000
lfp_t6plain_dst_s2,fp32,4,11,47721698,250000000
lfp_t6plain_dst_s2,fp32,4,12,47721698,250000000
lfp_t6plain_dst_s2,fp32,4,13,47721698,250000000
lfp_t6plain_dst_s2,fp32,4,14,47721698,250000000
lfp_t6plain_dst_s2,fp32,4,15,47721698,250000000
lfp_t6plain_dst_s2,fp32,5,0,47700282,250000000
lfp_t6plain_dst_s2,fp32,5,1,47700259,250000000
lfp_t6plain_dst_s2,fp32,5,2,47700259,250000000
lfp_t6plain_dst_s2,fp32,5,3,47700259,250000000
lfp_t6plain_dst_s2,fp32,5,4,47700259,250000000
lfp_t6plain_dst_s2,fp32,5,5,47700259,250000000
lfp_t6plain_dst_s2,fp32,5,6,47700259,250000000
lfp_t6plain_dst_s2,fp32,5,7,47700259,250000000
lfp_t6plain_dst_s2,fp32,5,8,47700259,250000000
lfp_t6plain_dst_s2,fp32,5,9,47700259,250000000
lfp_t6plain_dst_s2,fp32,5,10,47700259,250000000
lfp_t6plain_dst_s2,fp32,5,11,47700259,250000000
lfp_t6plain_dst_s2,fp32,5,12,47700259,250000000
lfp_t6plain_dst_s2,fp32,5,13,47700259,250000000
lfp_t6plain_dst_s2,fp32,5,14,47700259,250000000
lfp_t6plain_dst_s2,fp32,5,15,47700259,250000000
lfp_t6plain_dst_s2,fp32,6,0,47689081,250000000
lfp_t6plain_dst_s2,fp32,6,1,47689026,250000000
lfp_t6plain_dst_s2,fp32,6,2,47689026,250000000
lfp_t6plain_dst_s2,fp32,6,3,47689026,250000000
lfp_t6plain_dst_s2,fp32,6,4,47689026,250000000
lfp_t6plain_dst_s2,fp32,6,5,47689026,250000000
lfp_t6plain_dst_s2,fp32,6,6,47689026,250000000
lfp_t6plain_dst_s2,fp32,6,7,47689026,250000000
lfp_t6plain_dst_s2,fp32,6,8,47689026,250000000
lfp_t6plain_dst_s2,fp32,6,9,47689026,250000000
lfp_t6plain_dst_s2,fp32,6,10,47689026,250000000
lfp_t6plain_dst_s2,fp32,6,11,47689026,250000000
lfp_t6plain_dst_s2,fp32,6,12,47689026,250000000
lfp_t6plain_dst_s2,fp32,6,13,47689026,250000000
lfp_t6plain_dst_s2,fp32,6,14,47689026,250000000
lfp_t6plain_dst_s2,fp32,6,15,47689026,250000000
lfp_t6plain_dst_s2,fp32,7,0,47679098,250000000
lfp_t6plain_dst_s2,fp32,7,1,47679043,250000000
lfp_t6plain_dst_s2,fp32,7,2,47679043,250000000
lfp_t6plain_dst_s2,fp32,7,3,47679043,250000000
lfp_t6plain_dst_s2,fp32,7,4,47679043,250000000
lfp_t6plain_dst_s2,fp32,7,5,47679043,250000000
lfp_t6plain_dst_s2,fp32,7,6,47679043,250000000
lfp_t6plain_dst_s2,fp32,7,7,47679043,250000000
lfp_t6plain_dst_s2,fp32,7,8,47679043,250000000
lfp_t6plain_dst_s2,fp32,7,9,47679043,250000000
lfp_t6plain_dst_s2,fp32,7,10,47679043,250000000
lfp_t6plain_dst_s2,fp32,7,11,47679043,250000000
lfp_t6plain_dst_s2,fp32,7,12,47679043,250000000
lfp_t6plain_dst_s2,fp32,7,13,47679043,250000000
lfp_t6plain_dst_s2,fp32,7,14,47679043,250000000
lfp_t6plain_dst_s2,fp32,7,15,47679043,250000000
lfp_t6plain_dst_s2,fp32,8,0,47643818,250000000
lfp_t6plain_dst_s2,fp32,8,1,47643772,250000000
lfp_t6plain_dst_s2,fp32,8,2,47643772,250000000
lfp_t6plain_dst_s2,fp32,8,3,47643772,250000000
lfp_t6plain_dst_s2,fp32,8,4,47643772,250000000
lfp_t6plain_dst_s2,fp32,8,5,47643772,250000000
lfp_t6plain_dst_s2,fp32,8,6,47643772,250000000
lfp_t6plain_dst_s2,fp32,8,7,47643772,250000000
lfp_t6plain_dst_s2,fp32,8,8,47643772,250000000
lfp_t6plain_dst_s2,fp32,8,9,47643772,250000000
lfp_t6plain_dst_s2,fp32,8,10,47643772,250000000
lfp_t6plain_dst_s2,fp32,8,11,47643772,250000000
lfp_t6plain_dst_s2,fp32,8,12,47643772,250000000
lfp_t6plain_dst_s2,fp32,8,13,47643772,250000000
lfp_t6plain_dst_s2,fp32,8,14,47643772,250000000
lfp_t6plain_dst_s2,fp32,8,15,47643772,250000000
lfp_t6plain_dst_s2,fp32,9,0,47718128,250000000
lfp_t6plain_dst_s2,fp32,9,1,47718082,250000000
lfp_t6plain_dst_s2,fp32,9,2,47718082,250000000
lfp_t6plain_dst_s2,fp32,9,3,47718082,250000000
lfp_t6plain_dst_s2,fp32,9,4,47718082,250000000
lfp_t6plain_dst_s2,fp32,9,5,47718082,250000000
lfp_t6plain_dst_s2,fp32,9,6,47718082,250000000
lfp_t6plain_dst_s2,fp32,9,7,47718082,250000000
lfp_t6plain_dst_s2,fp32,9,8,47718082,250000000
lfp_t6plain_dst_s2,fp32,9,9,47718082,250000000
lfp_t6plain_dst_s2,fp32,9,10,47718082,250000000
lfp_t6plain_dst_s2,fp32,9,11,47718082,250000000
lfp_t6plain_dst_s2,fp32,9,12,47718082,250000000
lfp_t6plain_dst_s2,fp32,9,13,47718082,250000000
lfp_t6plain_dst_s2,fp32,9,14,47718082,250000000
lfp_t6plain_dst_s2,fp32,9,15,47718082,250000000
lfp_t6plain_dst_s2,fp32,10,0,47772690,250000000
lfp_t6plain_dst_s2,fp32,10,1,47772637,250000000
lfp_t6plain_dst_s2,fp32,10,2,47772637,250000000
lfp_t6plain_dst_s2,fp32,10,3,47772637,250000000
lfp_t6plain_dst_s2,fp32,10,4,47772637,250000000
lfp_t6plain_dst_s2,fp32,10,5,47772637,250000000
lfp_t6plain_dst_s2,fp32,10,6,47772637,250000000
lfp_t6plain_dst_s2,fp32,10,7,47772637,250000000
lfp_t6plain_dst_s2,fp32,10,8,47772637,250000000
lfp_t6plain_dst_s2,fp32,10,9,47772637,250000000
lfp_t6plain_dst_s2,fp32,10,10,47772637,250000000
lfp_t6plain_dst_s2,fp32,10,11,47772637,250000000
lfp_t6plain_dst_s2,fp32,10,12,47772637,250000000
lfp_t6plain_dst_s2,fp32,10,13,47772637,250000000
lfp_t6plain_dst_s2,fp32,10,14,47772637,250000000
lfp_t6plain_dst_s2,fp32,10,15,47772637,250000000
lfp_t6plain_dst_s2,fp32,11,0,47767295,250000000
lfp_t6plain_dst_s2,fp32,11,1,47767242,250000000
lfp_t6plain_dst_s2,fp32,11,2,47767242,250000000
lfp_t6plain_dst_s2,fp32,11,3,47767242,250000000
lfp_t6plain_dst_s2,fp32,11,4,47767242,250000000
lfp_t6plain_dst_s2,fp32,11,5,47767242,250000000
lfp_t6plain_dst_s2,fp32,11,6,47767242,250000000
lfp_t6plain_dst_s2,fp32,11,7,47767242,250000000
lfp_t6plain_dst_s2,fp32,11,8,47767242,250000000
lfp_t6plain_dst_s2,fp32,11,9,47767242,250000000
lfp_t6plain_dst_s2,fp32,11,10,47767242,250000000
lfp_t6plain_dst_s2,fp32,11,11,47767242,250000000
lfp_t6plain_dst_s2,fp32,11,12,47767242,250000000
lfp_t6plain_dst_s2,fp32,11,13,47767242,250000000
lfp_t6plain_dst_s2,fp32,11,14,47767242,250000000
lfp_t6plain_dst_s2,fp32,11,15,47767242,250000000
lfp_t6plain_dst_s2,fp32,12,0,47699467,250000000
lfp_t6plain_dst_s2,fp32,12,1,47699442,250000000
lfp_t6plain_dst_s2,fp32,12,2,47699442,250000000
lfp_t6plain_dst_s2,fp32,12,3,47699442,250000000
lfp_t6plain_dst_s2,fp32,12,4,47699442,250000000
lfp_t6plain_dst_s2,fp32,12,5,47699442,250000000
lfp_t6plain_dst_s2,fp32,12,6,47699442,250000000
lfp_t6plain_dst_s2,fp32,12,7,47699442,250000000
lfp_t6plain_dst_s2,fp32,12,8,47699442,250000000
lfp_t6plain_dst_s2,fp32,12,9,47699442,250000000
lfp_t6plain_dst_s2,fp32,12,10,47699442,250000000
lfp_t6plain_dst_s2,fp32,12,11,47699442,250000000
lfp_t6plain_dst_s2,fp32,12,12,47699442,250000000
lfp_t6plain_dst_s2,fp32,12,13,47699442,250000000
lfp_t6plain_dst_s2,fp32,12,14,47699442,250000000
lfp_t6plain_dst_s2,fp32,12,15,47699442,250000000
lfp_t6plain_dst_s2,fp32,13,0,47693894,250000000
lfp_t6plain_dst_s2,fp32,13,1,47693839,250000000
lfp_t6plain_dst_s2,fp32,13,2,47693839,250000000
lfp_t6plain_dst_s2,fp32,13,3,47693839,250000000
lfp_t6plain_dst_s2,fp32,13,4,47693839,250000000
lfp_t6plain_dst_s2,fp32,13,5,47693839,250000000
lfp_t6plain_dst_s2,fp32,13,6,47693839,250000000
lfp_t6plain_dst_s2,fp32,13,7,47693839,250000000
lfp_t6plain_dst_s2,fp32,13,8,47693839,250000000
lfp_t6plain_dst_s2,fp32,13,9,47693839,250000000
lfp_t6plain_dst_s2,fp32,13,10,47693839,250000000
lfp_t6plain_dst_s2,fp32,13,11,47693839,250000000
lfp_t6plain_dst_s2,fp32,13,12,47693839,250000000
lfp_t6plain_dst_s2,fp32,13,13,47693839,250000000
lfp_t6plain_dst_s2,fp32,13,14,47693839,250000000
lfp_t6plain_dst_s2,fp32,13,15,47693839,250000000
lfp_t6plain_dst_s2,fp32,14,0,47680662,250000000
lfp_t6plain_dst_s2,fp32,14,1,47680614,250000000
lfp_t6plain_dst_s2,fp32,14,2,47680614,250000000
lfp_t6plain_dst_s2,fp32,14,3,47680614,250000000
lfp_t6plain_dst_s2,fp32,14,4,47680614,250000000
lfp_t6plain_dst_s2,fp32,14,5,47680614,250000000
lfp_t6plain_dst_s2,fp32,14,6,47680614,250000000
lfp_t6plain_dst_s2,fp32,14,7,47680614,250000000
lfp_t6plain_dst_s2,fp32,14,8,47680614,250000000
lfp_t6plain_dst_s2,fp32,14,9,47680614,250000000
lfp_t6plain_dst_s2,fp32,14,10,47680614,250000000
lfp_t6plain_dst_s2,fp32,14,11,47680614,250000000
lfp_t6plain_dst_s2,fp32,14,12,47680614,250000000
lfp_t6plain_dst_s2,fp32,14,13,47680614,250000000
lfp_t6plain_dst_s2,fp32,14,14,47680614,250000000
lfp_t6plain_dst_s2,fp32,14,15,47680614,250000000
lfp_t6plain_dst_s2,fp32,15,0,47607990,250000000
lfp_t6plain_dst_s2,fp32,15,1,47607942,250000000
lfp_t6plain_dst_s2,fp32,15,2,47607942,250000000
lfp_t6plain_dst_s2,fp32,15,3,47607942,250000000
lfp_t6plain_dst_s2,fp32,15,4,47607942,250000000
lfp_t6plain_dst_s2,fp32,15,5,47607942,250000000
lfp_t6plain_dst_s2,fp32,15,6,47607942,250000000
lfp_t6plain_dst_s2,fp32,15,7,47607942,250000000
lfp_t6plain_dst_s2,fp32,15,8,47607942,250000000
lfp_t6plain_dst_s2,fp32,15,9,47607942,250000000
lfp_t6plain_dst_s2,fp32,15,10,47607942,250000000
lfp_t6plain_dst_s2,fp32,15,11,47607942,250000000
lfp_t6plain_dst_s2,fp32,15,12,47607942,250000000
lfp_t6plain_dst_s2,fp32,15,13,47607942,250000000
lfp_t6plain_dst_s2,fp32,15,14,47607942,250000000
lfp_t6plain_dst_s2,fp32,15,15,47607942,250000000
lfp_t6plain_dst_s2,fp32,16,0,47648704,250000000
lfp_t6plain_dst_s2,fp32,16,1,47648658,250000000
lfp_t6plain_dst_s2,fp32,16,2,47648658,250000000
lfp_t6plain_dst_s2,fp32,16,3,47648658,250000000
lfp_t6plain_dst_s2,fp32,16,4,47648658,250000000
lfp_t6plain_dst_s2,fp32,16,5,47648658,250000000
lfp_t6plain_dst_s2,fp32,16,6,47648658,250000000
lfp_t6plain_dst_s2,fp32,16,7,47648658,250000000
lfp_t6plain_dst_s2,fp32,16,8,47648658,250000000
lfp_t6plain_dst_s2,fp32,16,9,47648658,250000000
lfp_t6plain_dst_s2,fp32,16,10,47648658,250000000
lfp_t6plain_dst_s2,fp32,16,11,47648658,250000000
lfp_t6plain_dst_s2,fp32,16,12,47648658,250000000
lfp_t6plain_dst_s2,fp32,16,13,47648658,250000000
lfp_t6plain_dst_s2,fp32,16,14,47648658,250000000
lfp_t6plain_dst_s2,fp32,16,15,47648658,250000000
lfp_t6plain_dst_s2,fp32,17,0,47743314,250000000
lfp_t6plain_dst_s2,fp32,17,1,47743268,250000000
lfp_t6plain_dst_s2,fp32,17,2,47743268,250000000
lfp_t6plain_dst_s2,fp32,17,3,47743268,250000000
lfp_t6plain_dst_s2,fp32,17,4,47743268,250000000
lfp_t6plain_dst_s2,fp32,17,5,47743268,250000000
lfp_t6plain_dst_s2,fp32,17,6,47743268,250000000
lfp_t6plain_dst_s2,fp32,17,7,47743268,250000000
lfp_t6plain_dst_s2,fp32,17,8,47743268,250000000
lfp_t6plain_dst_s2,fp32,17,9,47743268,250000000
lfp_t6plain_dst_s2,fp32,17,10,47743268,250000000
lfp_t6plain_dst_s2,fp32,17,11,47743268,250000000
lfp_t6plain_dst_s2,fp32,17,12,47743268,250000000
lfp_t6plain_dst_s2,fp32,17,13,47743268,250000000
lfp_t6plain_dst_s2,fp32,17,14,47743268,250000000
lfp_t6plain_dst_s2,fp32,17,15,47743268,250000000
lfp_t6plain_dst_s2,fp32,18,0,47780673,250000000
lfp_t6plain_dst_s2,fp32,18,1,47780618,250000000
lfp_t6plain_dst_s2,fp32,18,2,47780618,250000000
lfp_t6plain_dst_s2,fp32,18,3,47780618,250000000
lfp_t6plain_dst_s2,fp32,18,4,47780618,250000000
lfp_t6plain_dst_s2,fp32,18,5,47780618,250000000
lfp_t6plain_dst_s2,fp32,18,6,47780618,250000000
lfp_t6plain_dst_s2,fp32,18,7,47780618,250000000
lfp_t6plain_dst_s2,fp32,18,8,47780618,250000000
lfp_t6plain_dst_s2,fp32,18,9,47780618,250000000
lfp_t6plain_dst_s2,fp32,18,10,47780618,250000000
lfp_t6plain_dst_s2,fp32,18,11,47780618,250000000
lfp_t6plain_dst_s2,fp32,18,12,47780618,250000000
lfp_t6plain_dst_s2,fp32,18,13,47780618,250000000
lfp_t6plain_dst_s2,fp32,18,14,47780618,250000000
lfp_t6plain_dst_s2,fp32,18,15,47780618,250000000
lfp_t6plain_dst_s2,fp32,19,0,47758198,250000000
lfp_t6plain_dst_s2,fp32,19,1,47758143,250000000
lfp_t6plain_dst_s2,fp32,19,2,47758143,250000000
lfp_t6plain_dst_s2,fp32,19,3,47758143,250000000
lfp_t6plain_dst_s2,fp32,19,4,47758143,250000000
lfp_t6plain_dst_s2,fp32,19,5,47758143,250000000
lfp_t6plain_dst_s2,fp32,19,6,47758143,250000000
lfp_t6plain_dst_s2,fp32,19,7,47758143,250000000
lfp_t6plain_dst_s2,fp32,19,8,47758143,250000000
lfp_t6plain_dst_s2,fp32,19,9,47758143,250000000
lfp_t6plain_dst_s2,fp32,19,10,47758143,250000000
lfp_t6plain_dst_s2,fp32,19,11,47758143,250000000
lfp_t6plain_dst_s2,fp32,19,12,47758143,250000000
lfp_t6plain_dst_s2,fp32,19,13,47758143,250000000
lfp_t6plain_dst_s2,fp32,19,14,47758143,250000000
lfp_t6plain_dst_s2,fp32,19,15,47758143,250000000
lfp_t6plain_dst_s2,fp32,20,0,47723445,250000000
lfp_t6plain_dst_s2,fp32,20,1,47723420,250000000
lfp_t6plain_dst_s2,fp32,20,2,47723420,250000000
lfp_t6plain_dst_s2,fp32,20,3,47723420,250000000
lfp_t6plain_dst_s2,fp32,20,4,47723420,250000000
lfp_t6plain_dst_s2,fp32,20,5,47723420,250000000
lfp_t6plain_dst_s2,fp32,20,6,47723420,250000000
lfp_t6plain_dst_s2,fp32,20,7,47723420,250000000
lfp_t6plain_dst_s2,fp32,20,8,47723420,250000000
lfp_t6plain_dst_s2,fp32,20,9,47723420,250000000
lfp_t6plain_dst_s2,fp32,20,10,47723420,250000000
lfp_t6plain_dst_s2,fp32,20,11,47723420,250000000
lfp_t6plain_dst_s2,fp32,20,12,47723420,250000000
lfp_t6plain_dst_s2,fp32,20,13,47723420,250000000
lfp_t6plain_dst_s2,fp32,20,14,47723420,250000000
lfp_t6plain_dst_s2,fp32,20,15,47723420,250000000
lfp_t6plain_dst_s2,fp32,21,0,47737476,250000000
lfp_t6plain_dst_s2,fp32,21,1,47737421,250000000
lfp_t6plain_dst_s2,fp32,21,2,47737421,250000000
lfp_t6plain_dst_s2,fp32,21,3,47737421,250000000
lfp_t6plain_dst_s2,fp32,21,4,47737421,250000000
lfp_t6plain_dst_s2,fp32,21,5,47737421,250000000
lfp_t6plain_dst_s2,fp32,21,6,47737421,250000000
lfp_t6plain_dst_s2,fp32,21,7,47737421,250000000
lfp_t6plain_dst_s2,fp32,21,8,47737421,250000000
lfp_t6plain_dst_s2,fp32,21,9,47737421,250000000
lfp_t6plain_dst_s2,fp32,21,10,47737421,250000000
lfp_t6plain_dst_s2,fp32,21,11,47737421,250000000
lfp_t6plain_dst_s2,fp32,21,12,47737421,250000000
lfp_t6plain_dst_s2,fp32,21,13,47737421,250000000
lfp_t6plain_dst_s2,fp32,21,14,47737421,250000000
lfp_t6plain_dst_s2,fp32,21,15,47737421,250000000
lfp_t6plain_dst_s2,fp32,22,0,47671588,250000000
lfp_t6plain_dst_s2,fp32,22,1,47671540,250000000
lfp_t6plain_dst_s2,fp32,22,2,47671540,250000000
lfp_t6plain_dst_s2,fp32,22,3,47671540,250000000
lfp_t6plain_dst_s2,fp32,22,4,47671540,250000000
lfp_t6plain_dst_s2,fp32,22,5,47671540,250000000
lfp_t6plain_dst_s2,fp32,22,6,47671540,250000000
lfp_t6plain_dst_s2,fp32,22,7,47671540,250000000
lfp_t6plain_dst_s2,fp32,22,8,47671540,250000000
lfp_t6plain_dst_s2,fp32,22,9,47671540,250000000
lfp_t6plain_dst_s2,fp32,22,10,47671540,250000000
lfp_t6plain_dst_s2,fp32,22,11,47671540,250000000
lfp_t6plain_dst_s2,fp32,22,12,47671540,250000000
lfp_t6plain_dst_s2,fp32,22,13,47671540,250000000
lfp_t6plain_dst_s2,fp32,22,14,47671540,250000000
lfp_t6plain_dst_s2,fp32,22,15,47671540,250000000
lfp_t6plain_dst_s2,fp32,23,0,47584993,250000000
lfp_t6plain_dst_s2,fp32,23,1,47584945,250000000
lfp_t6plain_dst_s2,fp32,23,2,47584945,250000000
lfp_t6plain_dst_s2,fp32,23,3,47584945,250000000
lfp_t6plain_dst_s2,fp32,23,4,47584945,250000000
lfp_t6plain_dst_s2,fp32,23,5,47584945,250000000
lfp_t6plain_dst_s2,fp32,23,6,47584945,250000000
lfp_t6plain_dst_s2,fp32,23,7,47584945,250000000
lfp_t6plain_dst_s2,fp32,23,8,47584945,250000000
lfp_t6plain_dst_s2,fp32,23,9,47584945,250000000
lfp_t6plain_dst_s2,fp32,23,10,47584945,250000000
lfp_t6plain_dst_s2,fp32,23,11,47584945,250000000
lfp_t6plain_dst_s2,fp32,23,12,47584945,250000000
lfp_t6plain_dst_s2,fp32,23,13,47584945,250000000
lfp_t6plain_dst_s2,fp32,23,14,47584945,250000000
lfp_t6plain_dst_s2,fp32,23,15,47584945,250000000
lfp_t6plain_dst_s2,fp32,24,0,47652266,250000000
lfp_t6plain_dst_s2,fp32,24,1,47652220,250000000
lfp_t6plain_dst_s2,fp32,24,2,47652220,250000000
lfp_t6plain_dst_s2,fp32,24,3,47652220,250000000
lfp_t6plain_dst_s2,fp32,24,4,47652220,250000000
lfp_t6plain_dst_s2,fp32,24,5,47652220,250000000
lfp_t6plain_dst_s2,fp32,24,6,47652220,250000000
lfp_t6plain_dst_s2,fp32,24,7,47652220,250000000
lfp_t6plain_dst_s2,fp32,24,8,47652220,250000000
lfp_t6plain_dst_s2,fp32,24,9,47652220,250000000
lfp_t6plain_dst_s2,fp32,24,10,47652220,250000000
lfp_t6plain_dst_s2,fp32,24,11,47652220,250000000
lfp_t6plain_dst_s2,fp32,24,12,47652220,250000000
lfp_t6plain_dst_s2,fp32,24,13,47652220,250000000
lfp_t6plain_dst_s2,fp32,24,14,47652220,250000000
lfp_t6plain_dst_s2,fp32,24,15,47652220,250000000
lfp_t6plain_dst_s2,fp32,25,0,47737165,250000000
lfp_t6plain_dst_s2,fp32,25,1,47737117,250000000
lfp_t6plain_dst_s2,fp32,25,2,47737117,250000000
lfp_t6plain_dst_s2,fp32,25,3,47737117,250000000
lfp_t6plain_dst_s2,fp32,25,4,47737117,250000000
lfp_t6plain_dst_s2,fp32,25,5,47737117,250000000
lfp_t6plain_dst_s2,fp32,25,6,47737117,250000000
lfp_t6plain_dst_s2,fp32,25,7,47737117,250000000
lfp_t6plain_dst_s2,fp32,25,8,47737117,250000000
lfp_t6plain_dst_s2,fp32,25,9,47737117,250000000
lfp_t6plain_dst_s2,fp32,25,10,47737117,250000000
lfp_t6plain_dst_s2,fp32,25,11,47737117,250000000
lfp_t6plain_dst_s2,fp32,25,12,47737117,250000000
lfp_t6plain_dst_s2,fp32,25,13,47737117,250000000
lfp_t6plain_dst_s2,fp32,25,14,47737117,250000000
lfp_t6plain_dst_s2,fp32,25,15,47737117,250000000
lfp_t6plain_dst_s2,fp32,26,0,47786108,250000000
lfp_t6plain_dst_s2,fp32,26,1,47786053,250000000
lfp_t6plain_dst_s2,fp32,26,2,47786053,250000000
lfp_t6plain_dst_s2,fp32,26,3,47786053,250000000
lfp_t6plain_dst_s2,fp32,26,4,47786053,250000000
lfp_t6plain_dst_s2,fp32,26,5,47786053,250000000
lfp_t6plain_dst_s2,fp32,26,6,47786053,250000000
lfp_t6plain_dst_s2,fp32,26,7,47786053,250000000
lfp_t6plain_dst_s2,fp32,26,8,47786053,250000000
lfp_t6plain_dst_s2,fp32,26,9,47786053,250000000
lfp_t6plain_dst_s2,fp32,26,10,47786053,250000000
lfp_t6plain_dst_s2,fp32,26,11,47786053,250000000
lfp_t6plain_dst_s2,fp32,26,12,47786053,250000000
lfp_t6plain_dst_s2,fp32,26,13,47786053,250000000
lfp_t6plain_dst_s2,fp32,26,14,47786053,250000000
lfp_t6plain_dst_s2,fp32,26,15,47786053,250000000
lfp_t6plain_dst_s2,fp32,27,0,47725943,250000000
lfp_t6plain_dst_s2,fp32,27,1,47725888,250000000
lfp_t6plain_dst_s2,fp32,27,2,47725888,250000000
lfp_t6plain_dst_s2,fp32,27,3,47725888,250000000
lfp_t6plain_dst_s2,fp32,27,4,47725888,250000000
lfp_t6plain_dst_s2,fp32,27,5,47725888,250000000
lfp_t6plain_dst_s2,fp32,27,6,47725888,250000000
lfp_t6plain_dst_s2,fp32,27,7,47725888,250000000
lfp_t6plain_dst_s2,fp32,27,8,47725888,250000000
lfp_t6plain_dst_s2,fp32,27,9,47725888,250000000
lfp_t6plain_dst_s2,fp32,27,10,47725888,250000000
lfp_t6plain_dst_s2,fp32,27,11,47725888,250000000
lfp_t6plain_dst_s2,fp32,27,12,47725888,250000000
lfp_t6plain_dst_s2,fp32,27,13,47725888,250000000
lfp_t6plain_dst_s2,fp32,27,14,47725888,250000000
lfp_t6plain_dst_s2,fp32,27,15,47725888,250000000
lfp_t6plain_dst_s2,fp32,28,0,47737675,250000000
lfp_t6plain_dst_s2,fp32,28,1,47737650,250000000
lfp_t6plain_dst_s2,fp32,28,2,47737650,250000000
lfp_t6plain_dst_s2,fp32,28,3,47737650,250000000
lfp_t6plain_dst_s2,fp32,28,4,47737650,250000000
lfp_t6plain_dst_s2,fp32,28,5,47737650,250000000
lfp_t6plain_dst_s2,fp32,28,6,47737650,250000000
lfp_t6plain_dst_s2,fp32,28,7,47737650,250000000
lfp_t6plain_dst_s2,fp32,28,8,47737650,250000000
lfp_t6plain_dst_s2,fp32,28,9,47737650,250000000
lfp_t6plain_dst_s2,fp32,28,10,47737650,250000000
lfp_t6plain_dst_s2,fp32,28,11,47737650,250000000
lfp_t6plain_dst_s2,fp32,28,12,47737650,250000000
lfp_t6plain_dst_s2,fp32,28,13,47737650,250000000
lfp_t6plain_dst_s2,fp32,28,14,47737650,250000000
lfp_t6plain_dst_s2,fp32,28,15,47737650,250000000
lfp_t6plain_dst_s2,fp32,29,0,47757340,250000000
lfp_t6plain_dst_s2,fp32,29,1,47757285,250000000
lfp_t6plain_dst_s2,fp32,29,2,47757285,250000000
lfp_t6plain_dst_s2,fp32,29,3,47757285,250000000
lfp_t6plain_dst_s2,fp32,29,4,47757285,250000000
lfp_t6plain_dst_s2,fp32,29,5,47757285,250000000
lfp_t6plain_dst_s2,fp32,29,6,47757285,250000000
lfp_t6plain_dst_s2,fp32,29,7,47757285,250000000
lfp_t6plain_dst_s2,fp32,29,8,47757285,250000000
lfp_t6plain_dst_s2,fp32,29,9,47757285,250000000
lfp_t6plain_dst_s2,fp32,29,10,47757285,250000000
lfp_t6plain_dst_s2,fp32,29,11,47757285,250000000
lfp_t6plain_dst_s2,fp32,29,12,47757285,250000000
lfp_t6plain_dst_s2,fp32,29,13,47757285,250000000
lfp_t6plain_dst_s2,fp32,29,14,47757285,250000000
lfp_t6plain_dst_s2,fp32,29,15,47757285,250000000
lfp_t6plain_dst_s2,fp32,30,0,47731720,250000000
lfp_t6plain_dst_s2,fp32,30,1,47731672,250000000
lfp_t6plain_dst_s2,fp32,30,2,47731672,250000000
lfp_t6plain_dst_s2,fp32,30,3,47731672,250000000
lfp_t6plain_dst_s2,fp32,30,4,47731672,250000000
lfp_t6plain_dst_s2,fp32,30,5,47731672,250000000
lfp_t6plain_dst_s2,fp32,30,6,47731672,250000000
lfp_t6plain_dst_s2,fp32,30,7,47731672,250000000
lfp_t6plain_dst_s2,fp32,30,8,47731672,250000000
lfp_t6plain_dst_s2,fp32,30,9,47731672,250000000
lfp_t6plain_dst_s2,fp32,30,10,47731672,250000000
lfp_t6plain_dst_s2,fp32,30,11,47731672,250000000
lfp_t6plain_dst_s2,fp32,30,12,47731672,250000000
lfp_t6plain_dst_s2,fp32,30,13,47731672,250000000
lfp_t6plain_dst_s2,fp32,30,14,47731672,250000000
lfp_t6plain_dst_s2,fp32,30,15,47731672,250000000
lfp_t6plain_dst_s2,fp32,31,0,47558415,250000000
lfp_t6plain_dst_s2,fp32,31,1,47558369,250000000
lfp_t6plain_dst_s2,fp32,31,2,47558369,250000000
lfp_t6plain_dst_s2,fp32,31,3,47558369,250000000
lfp_t6plain_dst_s2,fp32,31,4,47558369,250000000
lfp_t6plain_dst_s2,fp32,31,5,47558369,250000000
lfp_t6plain_dst_s2,fp32,31,6,47558369,250000000
lfp_t6plain_dst_s2,fp32,31,7,47558369,250000000
lfp_t6plain_dst_s2,fp32,31,8,47558369,250000000
lfp_t6plain_dst_s2,fp32,31,9,47558369,250000000
lfp_t6plain_dst_s2,fp32,31,10,47558369,250000000
lfp_t6plain_dst_s2,fp32,31,11,47558369,250000000
lfp_t6plain_dst_s2,fp32,31,12,47558369,250000000
lfp_t6plain_dst_s2,fp32,31,13,47558369,250000000
lfp_t6plain_dst_s2,fp32,31,14,47558369,250000000
lfp_t6plain_dst_s2,fp32,31,15,47558369,250000000
lfp_t6plain_dst_s2,fp32,32,0,47654920,250000000
lfp_t6plain_dst_s2,fp32,32,1,47654874,250000000
lfp_t6plain_dst_s2,fp32,32,2,47654874,250000000
lfp_t6plain_dst_s2,fp32,32,3,47654874,250000000
lfp_t6plain_dst_s2,fp32,32,4,47654874,250000000
lfp_t6plain_dst_s2,fp32,32,5,47654874,250000000
lfp_t6plain_dst_s2,fp32,32,6,47654874,250000000
lfp_t6plain_dst_s2,fp32,32,7,47654874,250000000
lfp_t6plain_dst_s2,fp32,32,8,47654874,250000000
lfp_t6plain_dst_s2,fp32,32,9,47654874,250000000
lfp_t6plain_dst_s2,fp32,32,10,47654874,250000000
lfp_t6plain_dst_s2,fp32,32,11,47654874,250000000
lfp_t6plain_dst_s2,fp32,32,12,47654874,250000000
lfp_t6plain_dst_s2,fp32,32,13,47654874,250000000
lfp_t6plain_dst_s2,fp32,32,14,47654874,250000000
lfp_t6plain_dst_s2,fp32,32,15,47654874,250000000
lfp_t6plain_dst_s2,fp32,33,0,47731964,250000000
lfp_t6plain_dst_s2,fp32,33,1,47731916,250000000
lfp_t6plain_dst_s2,fp32,33,2,47731916,250000000
lfp_t6plain_dst_s2,fp32,33,3,47731916,250000000
lfp_t6plain_dst_s2,fp32,33,4,47731916,250000000
lfp_t6plain_dst_s2,fp32,33,5,47731916,250000000
lfp_t6plain_dst_s2,fp32,33,6,47731916,250000000
lfp_t6plain_dst_s2,fp32,33,7,47731916,250000000
lfp_t6plain_dst_s2,fp32,33,8,47731916,250000000
lfp_t6plain_dst_s2,fp32,33,9,47731916,250000000
lfp_t6plain_dst_s2,fp32,33,10,47731916,250000000
lfp_t6plain_dst_s2,fp32,33,11,47731916,250000000
lfp_t6plain_dst_s2,fp32,33,12,47731916,250000000
lfp_t6plain_dst_s2,fp32,33,13,47731916,250000000
lfp_t6plain_dst_s2,fp32,33,14,47731916,250000000
lfp_t6plain_dst_s2,fp32,33,15,47731916,250000000
lfp_t6plain_dst_s2,fp32,34,0,47789610,250000000
lfp_t6plain_dst_s2,fp32,34,1,47789555,250000000
lfp_t6plain_dst_s2,fp32,34,2,47789555,250000000
lfp_t6plain_dst_s2,fp32,34,3,47789555,250000000
lfp_t6plain_dst_s2,fp32,34,4,47789555,250000000
lfp_t6plain_dst_s2,fp32,34,5,47789555,250000000
lfp_t6plain_dst_s2,fp32,34,6,47789555,250000000
lfp_t6plain_dst_s2,fp32,34,7,47789555,250000000
lfp_t6plain_dst_s2,fp32,34,8,47789555,250000000
lfp_t6plain_dst_s2,fp32,34,9,47789555,250000000
lfp_t6plain_dst_s2,fp32,34,10,47789555,250000000
lfp_t6plain_dst_s2,fp32,34,11,47789555,250000000
lfp_t6plain_dst_s2,fp32,34,12,47789555,250000000
lfp_t6plain_dst_s2,fp32,34,13,47789555,250000000
lfp_t6plain_dst_s2,fp32,34,14,47789555,250000000
lfp_t6plain_dst_s2,fp32,34,15,47789555,250000000
lfp_t6plain_dst_s2,fp32,35,0,47726520,250000000
lfp_t6plain_dst_s2,fp32,35,1,47726465,250000000
lfp_t6plain_dst_s2,fp32,35,2,47726465,250000000
lfp_t6plain_dst_s2,fp32,35,3,47726465,250000000
lfp_t6plain_dst_s2,fp32,35,4,47726465,250000000
lfp_t6plain_dst_s2,fp32,35,5,47726465,250000000
lfp_t6plain_dst_s2,fp32,35,6,47726465,250000000
lfp_t6plain_dst_s2,fp32,35,7,47726465,250000000
lfp_t6plain_dst_s2,fp32,35,8,47726465,250000000
lfp_t6plain_dst_s2,fp32,35,9,47726465,250000000
lfp_t6plain_dst_s2,fp32,35,10,47726465,250000000
lfp_t6plain_dst_s2,fp32,35,11,47726465,250000000
lfp_t6plain_dst_s2,fp32,35,12,47726465,250000000
lfp_t6plain_dst_s2,fp32,35,13,47726465,250000000
lfp_t6plain_dst_s2,fp32,35,14,47726465,250000000
lfp_t6plain_dst_s2,fp32,35,15,47726465,250000000
lfp_t6plain_dst_s2,fp32,36,0,47691338,250000000
lfp_t6plain_dst_s2,fp32,36,1,47691313,250000000
lfp_t6plain_dst_s2,fp32,36,2,47691313,250000000
lfp_t6plain_dst_s2,fp32,36,3,47691313,250000000
lfp_t6plain_dst_s2,fp32,36,4,47691313,250000000
lfp_t6plain_dst_s2,fp32,36,5,47691313,250000000
lfp_t6plain_dst_s2,fp32,36,6,47691313,250000000
lfp_t6plain_dst_s2,fp32,36,7,47691313,250000000
lfp_t6plain_dst_s2,fp32,36,8,47691313,250000000
lfp_t6plain_dst_s2,fp32,36,9,47691313,250000000
lfp_t6plain_dst_s2,fp32,36,10,47691313,250000000
lfp_t6plain_dst_s2,fp32,36,11,47691313,250000000
lfp_t6plain_dst_s2,fp32,36,12,47691313,250000000
lfp_t6plain_dst_s2,fp32,36,13,47691313,250000000
lfp_t6plain_dst_s2,fp32,36,14,47691313,250000000
lfp_t6plain_dst_s2,fp32,36,15,47691313,250000000
lfp_t6plain_dst_s2,fp32,37,0,47773259,250000000
lfp_t6plain_dst_s2,fp32,37,1,47773204,250000000
lfp_t6plain_dst_s2,fp32,37,2,47773204,250000000
lfp_t6plain_dst_s2,fp32,37,3,47773204,250000000
lfp_t6plain_dst_s2,fp32,37,4,47773204,250000000
lfp_t6plain_dst_s2,fp32,37,5,47773204,250000000
lfp_t6plain_dst_s2,fp32,37,6,47773204,250000000
lfp_t6plain_dst_s2,fp32,37,7,47773204,250000000
lfp_t6plain_dst_s2,fp32,37,8,47773204,250000000
lfp_t6plain_dst_s2,fp32,37,9,47773204,250000000
lfp_t6plain_dst_s2,fp32,37,10,47773204,250000000
lfp_t6plain_dst_s2,fp32,37,11,47773204,250000000
lfp_t6plain_dst_s2,fp32,37,12,47773204,250000000
lfp_t6plain_dst_s2,fp32,37,13,47773204,250000000
lfp_t6plain_dst_s2,fp32,37,14,47773204,250000000
lfp_t6plain_dst_s2,fp32,37,15,47773204,250000000
lfp_t6plain_dst_s2,fp32,38,0,47751685,250000000
lfp_t6plain_dst_s2,fp32,38,1,47751637,250000000
lfp_t6plain_dst_s2,fp32,38,2,47751637,250000000
lfp_t6plain_dst_s2,fp32,38,3,47751637,250000000
lfp_t6plain_dst_s2,fp32,38,4,47751637,250000000
lfp_t6plain_dst_s2,fp32,38,5,47751637,250000000
lfp_t6plain_dst_s2,fp32,38,6,47751637,250000000
lfp_t6plain_dst_s2,fp32,38,7,47751637,250000000
lfp_t6plain_dst_s2,fp32,38,8,47751637,250000000
lfp_t6plain_dst_s2,fp32,38,9,47751637,250000000
lfp_t6plain_dst_s2,fp32,38,10,47751637,250000000
lfp_t6plain_dst_s2,fp32,38,11,47751637,250000000
lfp_t6plain_dst_s2,fp32,38,12,47751637,250000000
lfp_t6plain_dst_s2,fp32,38,13,47751637,250000000
lfp_t6plain_dst_s2,fp32,38,14,47751637,250000000
lfp_t6plain_dst_s2,fp32,38,15,47751637,250000000
lfp_t6plain_dst_s2,fp32,39,0,47572273,250000000
lfp_t6plain_dst_s2,fp32,39,1,47572227,250000000
lfp_t6plain_dst_s2,fp32,39,2,47572227,250000000
lfp_t6plain_dst_s2,fp32,39,3,47572227,250000000
lfp_t6plain_dst_s2,fp32,39,4,47572227,250000000
lfp_t6plain_dst_s2,fp32,39,5,47572227,250000000
lfp_t6plain_dst_s2,fp32,39,6,47572227,250000000
lfp_t6plain_dst_s2,fp32,39,7,47572227,250000000
lfp_t6plain_dst_s2,fp32,39,8,47572227,250000000
lfp_t6plain_dst_s2,fp32,39,9,47572227,250000000
lfp_t6plain_dst_s2,fp32,39,10,47572227,250000000
lfp_t6plain_dst_s2,fp32,39,11,47572227,250000000
lfp_t6plain_dst_s2,fp32,39,12,47572227,250000000
lfp_t6plain_dst_s2,fp32,39,13,47572227,250000000
lfp_t6plain_dst_s2,fp32,39,14,47572227,250000000
lfp_t6plain_dst_s2,fp32,39,15,47572227,250000000
lfp_t6plain_dst_s2,fp32,40,0,47657904,250000000
lfp_t6plain_dst_s2,fp32,40,1,47657858,250000000
lfp_t6plain_dst_s2,fp32,40,2,47657858,250000000
lfp_t6plain_dst_s2,fp32,40,3,47657858,250000000
lfp_t6plain_dst_s2,fp32,40,4,47657858,250000000
lfp_t6plain_dst_s2,fp32,40,5,47657858,250000000
lfp_t6plain_dst_s2,fp32,40,6,47657858,250000000
lfp_t6plain_dst_s2,fp32,40,7,47657858,250000000
lfp_t6plain_dst_s2,fp32,40,8,47657858,250000000
lfp_t6plain_dst_s2,fp32,40,9,47657858,250000000
lfp_t6plain_dst_s2,fp32,40,10,47657858,250000000
lfp_t6plain_dst_s2,fp32,40,11,47657858,250000000
lfp_t6plain_dst_s2,fp32,40,12,47657858,250000000
lfp_t6plain_dst_s2,fp32,40,13,47657858,250000000
lfp_t6plain_dst_s2,fp32,40,14,47657858,250000000
lfp_t6plain_dst_s2,fp32,40,15,47657858,250000000
lfp_t6plain_dst_s2,fp32,41,0,47737335,250000000
lfp_t6plain_dst_s2,fp32,41,1,47737287,250000000
lfp_t6plain_dst_s2,fp32,41,2,47737287,250000000
lfp_t6plain_dst_s2,fp32,41,3,47737287,250000000
lfp_t6plain_dst_s2,fp32,41,4,47737287,250000000
lfp_t6plain_dst_s2,fp32,41,5,47737287,250000000
lfp_t6plain_dst_s2,fp32,41,6,47737287,250000000
lfp_t6plain_dst_s2,fp32,41,7,47737287,250000000
lfp_t6plain_dst_s2,fp32,41,8,47737287,250000000
lfp_t6plain_dst_s2,fp32,41,9,47737287,250000000
lfp_t6plain_dst_s2,fp32,41,10,47737287,250000000
lfp_t6plain_dst_s2,fp32,41,11,47737287,250000000
lfp_t6plain_dst_s2,fp32,41,12,47737287,250000000
lfp_t6plain_dst_s2,fp32,41,13,47737287,250000000
lfp_t6plain_dst_s2,fp32,41,14,47737287,250000000
lfp_t6plain_dst_s2,fp32,41,15,47737287,250000000
lfp_t6plain_dst_s2,fp32,42,0,47780204,250000000
lfp_t6plain_dst_s2,fp32,42,1,47780149,250000000
lfp_t6plain_dst_s2,fp32,42,2,47780149,250000000
lfp_t6plain_dst_s2,fp32,42,3,47780149,250000000
lfp_t6plain_dst_s2,fp32,42,4,47780149,250000000
lfp_t6plain_dst_s2,fp32,42,5,47780149,250000000
lfp_t6plain_dst_s2,fp32,42,6,47780149,250000000
lfp_t6plain_dst_s2,fp32,42,7,47780149,250000000
lfp_t6plain_dst_s2,fp32,42,8,47780149,250000000
lfp_t6plain_dst_s2,fp32,42,9,47780149,250000000
lfp_t6plain_dst_s2,fp32,42,10,47780149,250000000
lfp_t6plain_dst_s2,fp32,42,11,47780149,250000000
lfp_t6plain_dst_s2,fp32,42,12,47780149,250000000
lfp_t6plain_dst_s2,fp32,42,13,47780149,250000000
lfp_t6plain_dst_s2,fp32,42,14,47780149,250000000
lfp_t6plain_dst_s2,fp32,42,15,47780149,250000000
lfp_t6plain_dst_s2,fp32,43,0,47754866,250000000
lfp_t6plain_dst_s2,fp32,43,1,47754811,250000000
lfp_t6plain_dst_s2,fp32,43,2,47754811,250000000
lfp_t6plain_dst_s2,fp32,43,3,47754811,250000000
lfp_t6plain_dst_s2,fp32,43,4,47754811,250000000
lfp_t6plain_dst_s2,fp32,43,5,47754811,250000000
lfp_t6plain_dst_s2,fp32,43,6,47754811,250000000
lfp_t6plain_dst_s2,fp32,43,7,47754811,250000000
lfp_t6plain_dst_s2,fp32,43,8,47754811,250000000
lfp_t6plain_dst_s2,fp32,43,9,47754811,250000000
lfp_t6plain_dst_s2,fp32,43,10,47754811,250000000
lfp_t6plain_dst_s2,fp32,43,11,47754811,250000000
lfp_t6plain_dst_s2,fp32,43,12,47754811,250000000
lfp_t6plain_dst_s2,fp32,43,13,47754811,250000000
lfp_t6plain_dst_s2,fp32,43,14,47754811,250000000
lfp_t6plain_dst_s2,fp32,43,15,47754811,250000000
lfp_t6plain_dst_s2,fp32,44,0,47713789,250000000
lfp_t6plain_dst_s2,fp32,44,1,47713764,250000000
lfp_t6plain_dst_s2,fp32,44,2,47713764,250000000
lfp_t6plain_dst_s2,fp32,44,3,47713764,250000000
lfp_t6plain_dst_s2,fp32,44,4,47713764,250000000
lfp_t6plain_dst_s2,fp32,44,5,47713764,250000000
lfp_t6plain_dst_s2,fp32,44,6,47713764,250000000
lfp_t6plain_dst_s2,fp32,44,7,47713764,250000000
lfp_t6plain_dst_s2,fp32,44,8,47713764,250000000
lfp_t6plain_dst_s2,fp32,44,9,47713764,250000000
lfp_t6plain_dst_s2,fp32,44,10,47713764,250000000
lfp_t6plain_dst_s2,fp32,44,11,47713764,250000000
lfp_t6plain_dst_s2,fp32,44,12,47713764,250000000
lfp_t6plain_dst_s2,fp32,44,13,47713764,250000000
lfp_t6plain_dst_s2,fp32,44,14,47713764,250000000
lfp_t6plain_dst_s2,fp32,44,15,47713764,250000000
lfp_t6plain_dst_s2,fp32,45,0,47690156,250000000
lfp_t6plain_dst_s2,fp32,45,1,47690101,250000000
lfp_t6plain_dst_s2,fp32,45,2,47690101,250000000
lfp_t6plain_dst_s2,fp32,45,3,47690101,250000000
lfp_t6plain_dst_s2,fp32,45,4,47690101,250000000
lfp_t6plain_dst_s2,fp32,45,5,47690101,250000000
lfp_t6plain_dst_s2,fp32,45,6,47690101,250000000
lfp_t6plain_dst_s2,fp32,45,7,47690101,250000000
lfp_t6plain_dst_s2,fp32,45,8,47690101,250000000
lfp_t6plain_dst_s2,fp32,45,9,47690101,250000000
lfp_t6plain_dst_s2,fp32,45,10,47690101,250000000
lfp_t6plain_dst_s2,fp32,45,11,47690101,250000000
lfp_t6plain_dst_s2,fp32,45,12,47690101,250000000
lfp_t6plain_dst_s2,fp32,45,13,47690101,250000000
lfp_t6plain_dst_s2,fp32,45,14,47690101,250000000
lfp_t6plain_dst_s2,fp32,45,15,47690101,250000000
lfp_t6plain_dst_s2,fp32,46,0,47722705,250000000
lfp_t6plain_dst_s2,fp32,46,1,47722657,250000000
lfp_t6plain_dst_s2,fp32,46,2,47722657,250000000
lfp_t6plain_dst_s2,fp32,46,3,47722657,250000000
lfp_t6plain_dst_s2,fp32,46,4,47722657,250000000
lfp_t6plain_dst_s2,fp32,46,5,47722657,250000000
lfp_t6plain_dst_s2,fp32,46,6,47722657,250000000
lfp_t6plain_dst_s2,fp32,46,7,47722657,250000000
lfp_t6plain_dst_s2,fp32,46,8,47722657,250000000
lfp_t6plain_dst_s2,fp32,46,9,47722657,250000000
lfp_t6plain_dst_s2,fp32,46,10,47722657,250000000
lfp_t6plain_dst_s2,fp32,46,11,47722657,250000000
lfp_t6plain_dst_s2,fp32,46,12,47722657,250000000
lfp_t6plain_dst_s2,fp32,46,13,47722657,250000000
lfp_t6plain_dst_s2,fp32,46,14,47722657,250000000
lfp_t6plain_dst_s2,fp32,46,15,47722657,250000000
lfp_t6plain_dst_s2,fp32,47,0,47584699,250000000
lfp_t6plain_dst_s2,fp32,47,1,47584651,250000000
lfp_t6plain_dst_s2,fp32,47,2,47584651,250000000
lfp_t6plain_dst_s2,fp32,47,3,47584651,250000000
lfp_t6plain_dst_s2,fp32,47,4,47584651,250000000
lfp_t6plain_dst_s2,fp32,47,5,47584651,250000000
lfp_t6plain_dst_s2,fp32,47,6,47584651,250000000
lfp_t6plain_dst_s2,fp32,47,7,47584651,250000000
lfp_t6plain_dst_s2,fp32,47,8,47584651,250000000
lfp_t6plain_dst_s2,fp32,47,9,47584651,250000000
lfp_t6plain_dst_s2,fp32,47,10,47584651,250000000
lfp_t6plain_dst_s2,fp32,47,11,47584651,250000000
lfp_t6plain_dst_s2,fp32,47,12,47584651,250000000
lfp_t6plain_dst_s2,fp32,47,13,47584651,250000000
lfp_t6plain_dst_s2,fp32,47,14,47584651,250000000
lfp_t6plain_dst_s2,fp32,47,15,47584651,250000000
lfp_t6plain_dst_s2,fp32,48,0,47658129,250000000
lfp_t6plain_dst_s2,fp32,48,1,47658081,250000000
lfp_t6plain_dst_s2,fp32,48,2,47658081,250000000
lfp_t6plain_dst_s2,fp32,48,3,47658081,250000000
lfp_t6plain_dst_s2,fp32,48,4,47658081,250000000
lfp_t6plain_dst_s2,fp32,48,5,47658081,250000000
lfp_t6plain_dst_s2,fp32,48,6,47658081,250000000
lfp_t6plain_dst_s2,fp32,48,7,47658081,250000000
lfp_t6plain_dst_s2,fp32,48,8,47658081,250000000
lfp_t6plain_dst_s2,fp32,48,9,47658081,250000000
lfp_t6plain_dst_s2,fp32,48,10,47658081,250000000
lfp_t6plain_dst_s2,fp32,48,11,47658081,250000000
lfp_t6plain_dst_s2,fp32,48,12,47658081,250000000
lfp_t6plain_dst_s2,fp32,48,13,47658081,250000000
lfp_t6plain_dst_s2,fp32,48,14,47658081,250000000
lfp_t6plain_dst_s2,fp32,48,15,47658081,250000000
lfp_t6plain_dst_s2,fp32,49,0,47723314,250000000
lfp_t6plain_dst_s2,fp32,49,1,47723266,250000000
lfp_t6plain_dst_s2,fp32,49,2,47723266,250000000
lfp_t6plain_dst_s2,fp32,49,3,47723266,250000000
lfp_t6plain_dst_s2,fp32,49,4,47723266,250000000
lfp_t6plain_dst_s2,fp32,49,5,47723266,250000000
lfp_t6plain_dst_s2,fp32,49,6,47723266,250000000
lfp_t6plain_dst_s2,fp32,49,7,47723266,250000000
lfp_t6plain_dst_s2,fp32,49,8,47723266,250000000
lfp_t6plain_dst_s2,fp32,49,9,47723266,250000000
lfp_t6plain_dst_s2,fp32,49,10,47723266,250000000
lfp_t6plain_dst_s2,fp32,49,11,47723266,250000000
lfp_t6plain_dst_s2,fp32,49,12,47723266,250000000
lfp_t6plain_dst_s2,fp32,49,13,47723266,250000000
lfp_t6plain_dst_s2,fp32,49,14,47723266,250000000
lfp_t6plain_dst_s2,fp32,49,15,47723266,250000000
lfp_t6plain_dst_s2,fp32,50,0,47773645,250000000
lfp_t6plain_dst_s2,fp32,50,1,47773590,250000000
lfp_t6plain_dst_s2,fp32,50,2,47773590,250000000
lfp_t6plain_dst_s2,fp32,50,3,47773590,250000000
lfp_t6plain_dst_s2,fp32,50,4,47773590,250000000
lfp_t6plain_dst_s2,fp32,50,5,47773590,250000000
lfp_t6plain_dst_s2,fp32,50,6,47773590,250000000
lfp_t6plain_dst_s2,fp32,50,7,47773590,250000000
lfp_t6plain_dst_s2,fp32,50,8,47773590,250000000
lfp_t6plain_dst_s2,fp32,50,9,47773590,250000000
lfp_t6plain_dst_s2,fp32,50,10,47773590,250000000
lfp_t6plain_dst_s2,fp32,50,11,47773590,250000000
lfp_t6plain_dst_s2,fp32,50,12,47773590,250000000
lfp_t6plain_dst_s2,fp32,50,13,47773590,250000000
lfp_t6plain_dst_s2,fp32,50,14,47773590,250000000
lfp_t6plain_dst_s2,fp32,50,15,47773590,250000000
lfp_t6plain_dst_s2,fp32,51,0,47744118,250000000
lfp_t6plain_dst_s2,fp32,51,1,47744063,250000000
lfp_t6plain_dst_s2,fp32,51,2,47744063,250000000
lfp_t6plain_dst_s2,fp32,51,3,47744063,250000000
lfp_t6plain_dst_s2,fp32,51,4,47744063,250000000
lfp_t6plain_dst_s2,fp32,51,5,47744063,250000000
lfp_t6plain_dst_s2,fp32,51,6,47744063,250000000
lfp_t6plain_dst_s2,fp32,51,7,47744063,250000000
lfp_t6plain_dst_s2,fp32,51,8,47744063,250000000
lfp_t6plain_dst_s2,fp32,51,9,47744063,250000000
lfp_t6plain_dst_s2,fp32,51,10,47744063,250000000
lfp_t6plain_dst_s2,fp32,51,11,47744063,250000000
lfp_t6plain_dst_s2,fp32,51,12,47744063,250000000
lfp_t6plain_dst_s2,fp32,51,13,47744063,250000000
lfp_t6plain_dst_s2,fp32,51,14,47744063,250000000
lfp_t6plain_dst_s2,fp32,51,15,47744063,250000000
lfp_t6plain_dst_s2,fp32,52,0,47704887,250000000
lfp_t6plain_dst_s2,fp32,52,1,47704862,250000000
lfp_t6plain_dst_s2,fp32,52,2,47704862,250000000
lfp_t6plain_dst_s2,fp32,52,3,47704862,250000000
lfp_t6plain_dst_s2,fp32,52,4,47704862,250000000
lfp_t6plain_dst_s2,fp32,52,5,47704862,250000000
lfp_t6plain_dst_s2,fp32,52,6,47704862,250000000
lfp_t6plain_dst_s2,fp32,52,7,47704862,250000000
lfp_t6plain_dst_s2,fp32,52,8,47704862,250000000
lfp_t6plain_dst_s2,fp32,52,9,47704862,250000000
lfp_t6plain_dst_s2,fp32,52,10,47704862,250000000
lfp_t6plain_dst_s2,fp32,52,11,47704862,250000000
lfp_t6plain_dst_s2,fp32,52,12,47704862,250000000
lfp_t6plain_dst_s2,fp32,52,13,47704862,250000000
lfp_t6plain_dst_s2,fp32,52,14,47704862,250000000
lfp_t6plain_dst_s2,fp32,52,15,47704862,250000000
lfp_t6plain_dst_s2,fp32,53,0,47704328,250000000
lfp_t6plain_dst_s2,fp32,53,1,47704273,250000000
lfp_t6plain_dst_s2,fp32,53,2,47704273,250000000
lfp_t6plain_dst_s2,fp32,53,3,47704273,250000000
lfp_t6plain_dst_s2,fp32,53,4,47704273,250000000
lfp_t6plain_dst_s2,fp32,53,5,47704273,250000000
lfp_t6plain_dst_s2,fp32,53,6,47704273,250000000
lfp_t6plain_dst_s2,fp32,53,7,47704273,250000000
lfp_t6plain_dst_s2,fp32,53,8,47704273,250000000
lfp_t6plain_dst_s2,fp32,53,9,47704273,250000000
lfp_t6plain_dst_s2,fp32,53,10,47704273,250000000
lfp_t6plain_dst_s2,fp32,53,11,47704273,250000000
lfp_t6plain_dst_s2,fp32,53,12,47704273,250000000
lfp_t6plain_dst_s2,fp32,53,13,47704273,250000000
lfp_t6plain_dst_s2,fp32,53,14,47704273,250000000
lfp_t6plain_dst_s2,fp32,53,15,47704273,250000000
lfp_t6plain_dst_s2,fp32,54,0,47718878,250000000
lfp_t6plain_dst_s2,fp32,54,1,47718830,250000000
lfp_t6plain_dst_s2,fp32,54,2,47718830,250000000
lfp_t6plain_dst_s2,fp32,54,3,47718830,250000000
lfp_t6plain_dst_s2,fp32,54,4,47718830,250000000
lfp_t6plain_dst_s2,fp32,54,5,47718830,250000000
lfp_t6plain_dst_s2,fp32,54,6,47718830,250000000
lfp_t6plain_dst_s2,fp32,54,7,47718830,250000000
lfp_t6plain_dst_s2,fp32,54,8,47718830,250000000
lfp_t6plain_dst_s2,fp32,54,9,47718830,250000000
lfp_t6plain_dst_s2,fp32,54,10,47718830,250000000
lfp_t6plain_dst_s2,fp32,54,11,47718830,250000000
lfp_t6plain_dst_s2,fp32,54,12,47718830,250000000
lfp_t6plain_dst_s2,fp32,54,13,47718830,250000000
lfp_t6plain_dst_s2,fp32,54,14,47718830,250000000
lfp_t6plain_dst_s2,fp32,54,15,47718830,250000000
lfp_t6plain_dst_s2,fp32,55,0,47620061,250000000
lfp_t6plain_dst_s2,fp32,55,1,47620013,250000000
lfp_t6plain_dst_s2,fp32,55,2,47620013,250000000
lfp_t6plain_dst_s2,fp32,55,3,47620013,250000000
lfp_t6plain_dst_s2,fp32,55,4,47620013,250000000
lfp_t6plain_dst_s2,fp32,55,5,47620013,250000000
lfp_t6plain_dst_s2,fp32,55,6,47620013,250000000
lfp_t6plain_dst_s2,fp32,55,7,47620013,250000000
lfp_t6plain_dst_s2,fp32,55,8,47620013,250000000
lfp_t6plain_dst_s2,fp32,55,9,47620013,250000000
lfp_t6plain_dst_s2,fp32,55,10,47620013,250000000
lfp_t6plain_dst_s2,fp32,55,11,47620013,250000000
lfp_t6plain_dst_s2,fp32,55,12,47620013,250000000
lfp_t6plain_dst_s2,fp32,55,13,47620013,250000000
lfp_t6plain_dst_s2,fp32,55,14,47620013,250000000
lfp_t6plain_dst_s2,fp32,55,15,47620013,250000000
lfp_t6plain_dst_s2,fp32,56,0,47658193,250000000
lfp_t6plain_dst_s2,fp32,56,1,47658145,250000000
lfp_t6plain_dst_s2,fp32,56,2,47658145,250000000
lfp_t6plain_dst_s2,fp32,56,3,47658145,250000000
lfp_t6plain_dst_s2,fp32,56,4,47658145,250000000
lfp_t6plain_dst_s2,fp32,56,5,47658145,250000000
lfp_t6plain_dst_s2,fp32,56,6,47658145,250000000
lfp_t6plain_dst_s2,fp32,56,7,47658145,250000000
lfp_t6plain_dst_s2,fp32,56,8,47658145,250000000
lfp_t6plain_dst_s2,fp32,56,9,47658145,250000000
lfp_t6plain_dst_s2,fp32,56,10,47658145,250000000
lfp_t6plain_dst_s2,fp32,56,11,47658145,250000000
lfp_t6plain_dst_s2,fp32,56,12,47658145,250000000
lfp_t6plain_dst_s2,fp32,56,13,47658145,250000000
lfp_t6plain_dst_s2,fp32,56,14,47658145,250000000
lfp_t6plain_dst_s2,fp32,56,15,47658145,250000000
lfp_t6plain_dst_s2,fp32,57,0,47707639,250000000
lfp_t6plain_dst_s2,fp32,57,1,47707591,250000000
lfp_t6plain_dst_s2,fp32,57,2,47707591,250000000
lfp_t6plain_dst_s2,fp32,57,3,47707591,250000000
lfp_t6plain_dst_s2,fp32,57,4,47707591,250000000
lfp_t6plain_dst_s2,fp32,57,5,47707591,250000000
lfp_t6plain_dst_s2,fp32,57,6,47707591,250000000
lfp_t6plain_dst_s2,fp32,57,7,47707591,250000000
lfp_t6plain_dst_s2,fp32,57,8,47707591,250000000
lfp_t6plain_dst_s2,fp32,57,9,47707591,250000000
lfp_t6plain_dst_s2,fp32,57,10,47707591,250000000
lfp_t6plain_dst_s2,fp32,57,11,47707591,250000000
lfp_t6plain_dst_s2,fp32,57,12,47707591,250000000
lfp_t6plain_dst_s2,fp32,57,13,47707591,250000000
lfp_t6plain_dst_s2,fp32,57,14,47707591,250000000
lfp_t6plain_dst_s2,fp32,57,15,47707591,250000000
lfp_t6plain_dst_s2,fp32,58,0,47755587,250000000
lfp_t6plain_dst_s2,fp32,58,1,47755532,250000000
lfp_t6plain_dst_s2,fp32,58,2,47755532,250000000
lfp_t6plain_dst_s2,fp32,58,3,47755532,250000000
lfp_t6plain_dst_s2,fp32,58,4,47755532,250000000
lfp_t6plain_dst_s2,fp32,58,5,47755532,250000000
lfp_t6plain_dst_s2,fp32,58,6,47755532,250000000
lfp_t6plain_dst_s2,fp32,58,7,47755532,250000000
lfp_t6plain_dst_s2,fp32,58,8,47755532,250000000
lfp_t6plain_dst_s2,fp32,58,9,47755532,250000000
lfp_t6plain_dst_s2,fp32,58,10,47755532,250000000
lfp_t6plain_dst_s2,fp32,58,11,47755532,250000000
lfp_t6plain_dst_s2,fp32,58,12,47755532,250000000
lfp_t6plain_dst_s2,fp32,58,13,47755532,250000000
lfp_t6plain_dst_s2,fp32,58,14,47755532,250000000
lfp_t6plain_dst_s2,fp32,58,15,47755532,250000000
lfp_t6plain_dst_s2,fp32,59,0,47721678,250000000
lfp_t6plain_dst_s2,fp32,59,1,47721623,250000000
lfp_t6plain_dst_s2,fp32,59,2,47721623,250000000
lfp_t6plain_dst_s2,fp32,59,3,47721623,250000000
lfp_t6plain_dst_s2,fp32,59,4,47721623,250000000
lfp_t6plain_dst_s2,fp32,59,5,47721623,250000000
lfp_t6plain_dst_s2,fp32,59,6,47721623,250000000
lfp_t6plain_dst_s2,fp32,59,7,47721623,250000000
lfp_t6plain_dst_s2,fp32,59,8,47721623,250000000
lfp_t6plain_dst_s2,fp32,59,9,47721623,250000000
lfp_t6plain_dst_s2,fp32,59,10,47721623,250000000
lfp_t6plain_dst_s2,fp32,59,11,47721623,250000000
lfp_t6plain_dst_s2,fp32,59,12,47721623,250000000
lfp_t6plain_dst_s2,fp32,59,13,47721623,250000000
lfp_t6plain_dst_s2,fp32,59,14,47721623,250000000
lfp_t6plain_dst_s2,fp32,59,15,47721623,250000000
lfp_t6plain_dst_s2,fp32,60,0,47691439,250000000
lfp_t6plain_dst_s2,fp32,60,1,47691414,250000000
lfp_t6plain_dst_s2,fp32,60,2,47691414,250000000
lfp_t6plain_dst_s2,fp32,60,3,47691414,250000000
lfp_t6plain_dst_s2,fp32,60,4,47691414,250000000
lfp_t6plain_dst_s2,fp32,60,5,47691414,250000000
lfp_t6plain_dst_s2,fp32,60,6,47691414,250000000
lfp_t6plain_dst_s2,fp32,60,7,47691414,250000000
lfp_t6plain_dst_s2,fp32,60,8,47691414,250000000
lfp_t6plain_dst_s2,fp32,60,9,47691414,250000000
lfp_t6plain_dst_s2,fp32,60,10,47691414,250000000
lfp_t6plain_dst_s2,fp32,60,11,47691414,250000000
lfp_t6plain_dst_s2,fp32,60,12,47691414,250000000
lfp_t6plain_dst_s2,fp32,60,13,47691414,250000000
lfp_t6plain_dst_s2,fp32,60,14,47691414,250000000
lfp_t6plain_dst_s2,fp32,60,15,47691414,250000000
lfp_t6plain_dst_s2,fp32,61,0,47723649,250000000
lfp_t6plain_dst_s2,fp32,61,1,47723594,250000000
lfp_t6plain_dst_s2,fp32,61,2,47723594,250000000
lfp_t6plain_dst_s2,fp32,61,3,47723594,250000000
lfp_t6plain_dst_s2,fp32,61,4,47723594,250000000
lfp_t6plain_dst_s2,fp32,61,5,47723594,250000000
lfp_t6plain_dst_s2,fp32,61,6,47723594,250000000
lfp_t6plain_dst_s2,fp32,61,7,47723594,250000000
lfp_t6plain_dst_s2,fp32,61,8,47723594,250000000
lfp_t6plain_dst_s2,fp32,61,9,47723594,250000000
lfp_t6plain_dst_s2,fp32,61,10,47723594,250000000
lfp_t6plain_dst_s2,fp32,61,11,47723594,250000000
lfp_t6plain_dst_s2,fp32,61,12,47723594,250000000
lfp_t6plain_dst_s2,fp32,61,13,47723594,250000000
lfp_t6plain_dst_s2,fp32,61,14,47723594,250000000
lfp_t6plain_dst_s2,fp32,61,15,47723594,250000000
lfp_t6plain_dst_s2,fp32,62,0,47702881,250000000
lfp_t6plain_dst_s2,fp32,62,1,47702833,250000000
lfp_t6plain_dst_s2,fp32,62,2,47702833,250000000
lfp_t6plain_dst_s2,fp32,62,3,47702833,250000000
lfp_t6plain_dst_s2,fp32,62,4,47702833,250000000
lfp_t6plain_dst_s2,fp32,62,5,47702833,250000000
lfp_t6plain_dst_s2,fp32,62,6,47702833,250000000
lfp_t6plain_dst_s2,fp32,62,7,47702833,250000000
lfp_t6plain_dst_s2,fp32,62,8,47702833,250000000
lfp_t6plain_dst_s2,fp32,62,9,47702833,250000000
lfp_t6plain_dst_s2,fp32,62,10,47702833,250000000
lfp_t6plain_dst_s2,fp32,62,11,47702833,250000000
lfp_t6plain_dst_s2,fp32,62,12,47702833,250000000
lfp_t6plain_dst_s2,fp32,62,13,47702833,250000000
lfp_t6plain_dst_s2,fp32,62,14,47702833,250000000
lfp_t6plain_dst_s2,fp32,62,15,47702833,250000000
lfp_t6plain_dst_s2,fp32,63,0,47629724,250000000
lfp_t6plain_dst_s2,fp32,63,1,47629676,250000000
lfp_t6plain_dst_s2,fp32,63,2,47629676,250000000
lfp_t6plain_dst_s2,fp32,63,3,47629676,250000000
lfp_t6plain_dst_s2,fp32,63,4,47629676,250000000
lfp_t6plain_dst_s2,fp32,63,5,47629676,250000000
lfp_t6plain_dst_s2,fp32,63,6,47629676,250000000
lfp_t6plain_dst_s2,fp32,63,7,47629676,250000000
lfp_t6plain_dst_s2,fp32,63,8,47629676,250000000
lfp_t6plain_dst_s2,fp32,63,9,47629676,250000000
lfp_t6plain_dst_s2,fp32,63,10,47629676,250000000
lfp_t6plain_dst_s2,fp32,63,11,47629676,250000000
lfp_t6plain_dst_s2,fp32,63,12,47629676,250000000
lfp_t6plain_dst_s2,fp32,63,13,47629676,250000000
lfp_t6plain_dst_s2,fp32,63,14,47629676,250000000
lfp_t6plain_dst_s2,fp32,63,15,47629676,250000000
lfp_t6plain_fuds_s0,fp32,0,0,47625150,250000000
lfp_t6plain_fuds_s0,fp32,0,1,47625150,250000000
lfp_t6plain_fuds_s0,fp32,0,2,47625150,250000000
lfp_t6plain_fuds_s0,fp32,0,3,47625150,250000000
lfp_t6plain_fuds_s0,fp32,0,4,47625150,250000000
lfp_t6plain_fuds_s0,fp32,0,5,47625150,250000000
lfp_t6plain_fuds_s0,fp32,0,6,47625150,250000000
lfp_t6plain_fuds_s0,fp32,0,7,47625150,250000000
lfp_t6plain_fuds_s0,fp32,0,8,47625150,250000000
lfp_t6plain_fuds_s0,fp32,0,9,47625150,250000000
lfp_t6plain_fuds_s0,fp32,0,10,47625150,250000000
lfp_t6plain_fuds_s0,fp32,0,11,47625150,250000000
lfp_t6plain_fuds_s0,fp32,0,12,47625150,250000000
lfp_t6plain_fuds_s0,fp32,0,13,47625150,250000000
lfp_t6plain_fuds_s0,fp32,0,14,47625150,250000000
lfp_t6plain_fuds_s0,fp32,0,15,47625150,250000000
lfp_t6plain_fuds_s0,fp32,1,0,47719112,250000000
lfp_t6plain_fuds_s0,fp32,1,1,47719066,250000000
lfp_t6plain_fuds_s0,fp32,1,2,47719066,250000000
lfp_t6plain_fuds_s0,fp32,1,3,47719066,250000000
lfp_t6plain_fuds_s0,fp32,1,4,47719066,250000000
lfp_t6plain_fuds_s0,fp32,1,5,47719066,250000000
lfp_t6plain_fuds_s0,fp32,1,6,47719066,250000000
lfp_t6plain_fuds_s0,fp32,1,7,47719066,250000000
lfp_t6plain_fuds_s0,fp32,1,8,47719066,250000000
lfp_t6plain_fuds_s0,fp32,1,9,47719066,250000000
lfp_t6plain_fuds_s0,fp32,1,10,47719066,250000000
lfp_t6plain_fuds_s0,fp32,1,11,47719066,250000000
lfp_t6plain_fuds_s0,fp32,1,12,47719066,250000000
lfp_t6plain_fuds_s0,fp32,1,13,47719066,250000000
lfp_t6plain_fuds_s0,fp32,1,14,47719066,250000000
lfp_t6plain_fuds_s0,fp32,1,15,47719066,250000000
lfp_t6plain_fuds_s0,fp32,2,0,47724373,250000000
lfp_t6plain_fuds_s0,fp32,2,1,47724320,250000000
lfp_t6plain_fuds_s0,fp32,2,2,47724320,250000000
lfp_t6plain_fuds_s0,fp32,2,3,47724320,250000000
lfp_t6plain_fuds_s0,fp32,2,4,47724320,250000000
lfp_t6plain_fuds_s0,fp32,2,5,47724320,250000000
lfp_t6plain_fuds_s0,fp32,2,6,47724320,250000000
lfp_t6plain_fuds_s0,fp32,2,7,47724320,250000000
lfp_t6plain_fuds_s0,fp32,2,8,47724320,250000000
lfp_t6plain_fuds_s0,fp32,2,9,47724320,250000000
lfp_t6plain_fuds_s0,fp32,2,10,47724320,250000000
lfp_t6plain_fuds_s0,fp32,2,11,47724320,250000000
lfp_t6plain_fuds_s0,fp32,2,12,47724320,250000000
lfp_t6plain_fuds_s0,fp32,2,13,47724320,250000000
lfp_t6plain_fuds_s0,fp32,2,14,47724320,250000000
lfp_t6plain_fuds_s0,fp32,2,15,47724320,250000000
lfp_t6plain_fuds_s0,fp32,3,0,47725930,250000000
lfp_t6plain_fuds_s0,fp32,3,1,47725877,250000000
lfp_t6plain_fuds_s0,fp32,3,2,47725877,250000000
lfp_t6plain_fuds_s0,fp32,3,3,47725877,250000000
lfp_t6plain_fuds_s0,fp32,3,4,47725877,250000000
lfp_t6plain_fuds_s0,fp32,3,5,47725877,250000000
lfp_t6plain_fuds_s0,fp32,3,6,47725877,250000000
lfp_t6plain_fuds_s0,fp32,3,7,47725877,250000000
lfp_t6plain_fuds_s0,fp32,3,8,47725877,250000000
lfp_t6plain_fuds_s0,fp32,3,9,47725877,250000000
lfp_t6plain_fuds_s0,fp32,3,10,47725877,250000000
lfp_t6plain_fuds_s0,fp32,3,11,47725877,250000000
lfp_t6plain_fuds_s0,fp32,3,12,47725877,250000000
lfp_t6plain_fuds_s0,fp32,3,13,47725877,250000000
lfp_t6plain_fuds_s0,fp32,3,14,47725877,250000000
lfp_t6plain_fuds_s0,fp32,3,15,47725877,250000000
lfp_t6plain_fuds_s0,fp32,4,0,47714957,250000000
lfp_t6plain_fuds_s0,fp32,4,1,47714904,250000000
lfp_t6plain_fuds_s0,fp32,4,2,47714904,250000000
lfp_t6plain_fuds_s0,fp32,4,3,47714904,250000000
lfp_t6plain_fuds_s0,fp32,4,4,47714904,250000000
lfp_t6plain_fuds_s0,fp32,4,5,47714904,250000000
lfp_t6plain_fuds_s0,fp32,4,6,47714904,250000000
lfp_t6plain_fuds_s0,fp32,4,7,47714904,250000000
lfp_t6plain_fuds_s0,fp32,4,8,47714904,250000000
lfp_t6plain_fuds_s0,fp32,4,9,47714904,250000000
lfp_t6plain_fuds_s0,fp32,4,10,47714904,250000000
lfp_t6plain_fuds_s0,fp32,4,11,47714904,250000000
lfp_t6plain_fuds_s0,fp32,4,12,47714904,250000000
lfp_t6plain_fuds_s0,fp32,4,13,47714904,250000000
lfp_t6plain_fuds_s0,fp32,4,14,47714904,250000000
lfp_t6plain_fuds_s0,fp32,4,15,47714904,250000000
lfp_t6plain_fuds_s0,fp32,5,0,47702218,250000000
lfp_t6plain_fuds_s0,fp32,5,1,47702165,250000000
lfp_t6plain_fuds_s0,fp32,5,2,47702165,250000000
lfp_t6plain_fuds_s0,fp32,5,3,47702165,250000000
lfp_t6plain_fuds_s0,fp32,5,4,47702165,250000000
lfp_t6plain_fuds_s0,fp32,5,5,47702165,250000000
lfp_t6plain_fuds_s0,fp32,5,6,47702165,250000000
lfp_t6plain_fuds_s0,fp32,5,7,47702165,250000000
lfp_t6plain_fuds_s0,fp32,5,8,47702165,250000000
lfp_t6plain_fuds_s0,fp32,5,9,47702165,250000000
lfp_t6plain_fuds_s0,fp32,5,10,47702165,250000000
lfp_t6plain_fuds_s0,fp32,5,11,47702165,250000000
lfp_t6plain_fuds_s0,fp32,5,12,47702165,250000000
lfp_t6plain_fuds_s0,fp32,5,13,47702165,250000000
lfp_t6plain_fuds_s0,fp32,5,14,47702165,250000000
lfp_t6plain_fuds_s0,fp32,5,15,47702165,250000000
lfp_t6plain_fuds_s0,fp32,6,0,47684117,250000000
lfp_t6plain_fuds_s0,fp32,6,1,47684064,250000000
lfp_t6plain_fuds_s0,fp32,6,2,47684064,250000000
lfp_t6plain_fuds_s0,fp32,6,3,47684064,250000000
lfp_t6plain_fuds_s0,fp32,6,4,47684064,250000000
lfp_t6plain_fuds_s0,fp32,6,5,47684064,250000000
lfp_t6plain_fuds_s0,fp32,6,6,47684064,250000000
lfp_t6plain_fuds_s0,fp32,6,7,47684064,250000000
lfp_t6plain_fuds_s0,fp32,6,8,47684064,250000000
lfp_t6plain_fuds_s0,fp32,6,9,47684064,250000000
lfp_t6plain_fuds_s0,fp32,6,10,47684064,250000000
lfp_t6plain_fuds_s0,fp32,6,11,47684064,250000000
lfp_t6plain_fuds_s0,fp32,6,12,47684064,250000000
lfp_t6plain_fuds_s0,fp32,6,13,47684064,250000000
lfp_t6plain_fuds_s0,fp32,6,14,47684064,250000000
lfp_t6plain_fuds_s0,fp32,6,15,47684064,250000000
lfp_t6plain_fuds_s0,fp32,7,0,47652710,250000000
lfp_t6plain_fuds_s0,fp32,7,1,47652655,250000000
lfp_t6plain_fuds_s0,fp32,7,2,47652655,250000000
lfp_t6plain_fuds_s0,fp32,7,3,47652655,250000000
lfp_t6plain_fuds_s0,fp32,7,4,47652655,250000000
lfp_t6plain_fuds_s0,fp32,7,5,47652655,250000000
lfp_t6plain_fuds_s0,fp32,7,6,47652655,250000000
lfp_t6plain_fuds_s0,fp32,7,7,47652655,250000000
lfp_t6plain_fuds_s0,fp32,7,8,47652655,250000000
lfp_t6plain_fuds_s0,fp32,7,9,47652655,250000000
lfp_t6plain_fuds_s0,fp32,7,10,47652655,250000000
lfp_t6plain_fuds_s0,fp32,7,11,47652655,250000000
lfp_t6plain_fuds_s0,fp32,7,12,47652655,250000000
lfp_t6plain_fuds_s0,fp32,7,13,47652655,250000000
lfp_t6plain_fuds_s0,fp32,7,14,47652655,250000000
lfp_t6plain_fuds_s0,fp32,7,15,47652655,250000000
lfp_t6plain_fuds_s0,fp32,8,0,47627986,250000000
lfp_t6plain_fuds_s0,fp32,8,1,47627940,250000000
lfp_t6plain_fuds_s0,fp32,8,2,47627940,250000000
lfp_t6plain_fuds_s0,fp32,8,3,47627940,250000000
lfp_t6plain_fuds_s0,fp32,8,4,47627940,250000000
lfp_t6plain_fuds_s0,fp32,8,5,47627940,250000000
lfp_t6plain_fuds_s0,fp32,8,6,47627940,250000000
lfp_t6plain_fuds_s0,fp32,8,7,47627940,250000000
lfp_t6plain_fuds_s0,fp32,8,8,47627940,250000000
lfp_t6plain_fuds_s0,fp32,8,9,47627940,250000000
lfp_t6plain_fuds_s0,fp32,8,10,47627940,250000000
lfp_t6plain_fuds_s0,fp32,8,11,47627940,250000000
lfp_t6plain_fuds_s0,fp32,8,12,47627940,250000000
lfp_t6plain_fuds_s0,fp32,8,13,47627940,250000000
lfp_t6plain_fuds_s0,fp32,8,14,47627940,250000000
lfp_t6plain_fuds_s0,fp32,8,15,47627940,250000000
lfp_t6plain_fuds_s0,fp32,9,0,47730291,250000000
lfp_t6plain_fuds_s0,fp32,9,1,47730245,250000000
lfp_t6plain_fuds_s0,fp32,9,2,47730245,250000000
lfp_t6plain_fuds_s0,fp32,9,3,47730245,250000000
lfp_t6plain_fuds_s0,fp32,9,4,47730245,250000000
lfp_t6plain_fuds_s0,fp32,9,5,47730245,250000000
lfp_t6plain_fuds_s0,fp32,9,6,47730245,250000000
lfp_t6plain_fuds_s0,fp32,9,7,47730245,250000000
lfp_t6plain_fuds_s0,fp32,9,8,47730245,250000000
lfp_t6plain_fuds_s0,fp32,9,9,47730245,250000000
lfp_t6plain_fuds_s0,fp32,9,10,47730245,250000000
lfp_t6plain_fuds_s0,fp32,9,11,47730245,250000000
lfp_t6plain_fuds_s0,fp32,9,12,47730245,250000000
lfp_t6plain_fuds_s0,fp32,9,13,47730245,250000000
lfp_t6plain_fuds_s0,fp32,9,14,47730245,250000000
lfp_t6plain_fuds_s0,fp32,9,15,47730245,250000000
lfp_t6plain_fuds_s0,fp32,10,0,47743715,250000000
lfp_t6plain_fuds_s0,fp32,10,1,47743662,250000000
lfp_t6plain_fuds_s0,fp32,10,2,47743662,250000000
lfp_t6plain_fuds_s0,fp32,10,3,47743662,250000000
lfp_t6plain_fuds_s0,fp32,10,4,47743662,250000000
lfp_t6plain_fuds_s0,fp32,10,5,47743662,250000000
lfp_t6plain_fuds_s0,fp32,10,6,47743662,250000000
lfp_t6plain_fuds_s0,fp32,10,7,47743662,250000000
lfp_t6plain_fuds_s0,fp32,10,8,47743662,250000000
lfp_t6plain_fuds_s0,fp32,10,9,47743662,250000000
lfp_t6plain_fuds_s0,fp32,10,10,47743662,250000000
lfp_t6plain_fuds_s0,fp32,10,11,47743662,250000000
lfp_t6plain_fuds_s0,fp32,10,12,47743662,250000000
lfp_t6plain_fuds_s0,fp32,10,13,47743662,250000000
lfp_t6plain_fuds_s0,fp32,10,14,47743662,250000000
lfp_t6plain_fuds_s0,fp32,10,15,47743662,250000000
lfp_t6plain_fuds_s0,fp32,11,0,47729894,250000000
lfp_t6plain_fuds_s0,fp32,11,1,47729871,250000000
lfp_t6plain_fuds_s0,fp32,11,2,47729871,250000000
lfp_t6plain_fuds_s0,fp32,11,3,47729871,250000000
lfp_t6plain_fuds_s0,fp32,11,4,47729871,250000000
lfp_t6plain_fuds_s0,fp32,11,5,47729871,250000000
lfp_t6plain_fuds_s0,fp32,11,6,47729871,250000000
lfp_t6plain_fuds_s0,fp32,11,7,47729871,250000000
lfp_t6plain_fuds_s0,fp32,11,8,47729871,250000000
lfp_t6plain_fuds_s0,fp32,11,9,47729871,250000000
lfp_t6plain_fuds_s0,fp32,11,10,47729871,250000000
lfp_t6plain_fuds_s0,fp32,11,11,47729871,250000000
lfp_t6plain_fuds_s0,fp32,11,12,47729871,250000000
lfp_t6plain_fuds_s0,fp32,11,13,47729871,250000000
lfp_t6plain_fuds_s0,fp32,11,14,47729871,250000000
lfp_t6plain_fuds_s0,fp32,11,15,47729871,250000000
lfp_t6plain_fuds_s0,fp32,12,0,47713781,250000000
lfp_t6plain_fuds_s0,fp32,12,1,47713758,250000000
lfp_t6plain_fuds_s0,fp32,12,2,47713758,250000000
lfp_t6plain_fuds_s0,fp32,12,3,47713758,250000000
lfp_t6plain_fuds_s0,fp32,12,4,47713758,250000000
lfp_t6plain_fuds_s0,fp32,12,5,47713758,250000000
lfp_t6plain_fuds_s0,fp32,12,6,47713758,250000000
lfp_t6plain_fuds_s0,fp32,12,7,47713758,250000000
lfp_t6plain_fuds_s0,fp32,12,8,47713758,250000000
lfp_t6plain_fuds_s0,fp32,12,9,47713758,250000000
lfp_t6plain_fuds_s0,fp32,12,10,47713758,250000000
lfp_t6plain_fuds_s0,fp32,12,11,47713758,250000000
lfp_t6plain_fuds_s0,fp32,12,12,47713758,250000000
lfp_t6plain_fuds_s0,fp32,12,13,47713758,250000000
lfp_t6plain_fuds_s0,fp32,12,14,47713758,250000000
lfp_t6plain_fuds_s0,fp32,12,15,47713758,250000000
lfp_t6plain_fuds_s0,fp32,13,0,47713148,250000000
lfp_t6plain_fuds_s0,fp32,13,1,47713095,250000000
lfp_t6plain_fuds_s0,fp32,13,2,47713095,250000000
lfp_t6plain_fuds_s0,fp32,13,3,47713095,250000000
lfp_t6plain_fuds_s0,fp32,13,4,47713095,250000000
lfp_t6plain_fuds_s0,fp32,13,5,47713095,250000000
lfp_t6plain_fuds_s0,fp32,13,6,47713095,250000000
lfp_t6plain_fuds_s0,fp32,13,7,47713095,250000000
lfp_t6plain_fuds_s0,fp32,13,8,47713095,250000000
lfp_t6plain_fuds_s0,fp32,13,9,47713095,250000000
lfp_t6plain_fuds_s0,fp32,13,10,47713095,250000000
lfp_t6plain_fuds_s0,fp32,13,11,47713095,250000000
lfp_t6plain_fuds_s0,fp32,13,12,47713095,250000000
lfp_t6plain_fuds_s0,fp32,13,13,47713095,250000000
lfp_t6plain_fuds_s0,fp32,13,14,47713095,250000000
lfp_t6plain_fuds_s0,fp32,13,15,47713095,250000000
lfp_t6plain_fuds_s0,fp32,14,0,47658995,250000000
lfp_t6plain_fuds_s0,fp32,14,1,47658949,250000000
lfp_t6plain_fuds_s0,fp32,14,2,47658949,250000000
lfp_t6plain_fuds_s0,fp32,14,3,47658949,250000000
lfp_t6plain_fuds_s0,fp32,14,4,47658949,250000000
lfp_t6plain_fuds_s0,fp32,14,5,47658949,250000000
lfp_t6plain_fuds_s0,fp32,14,6,47658949,250000000
lfp_t6plain_fuds_s0,fp32,14,7,47658949,250000000
lfp_t6plain_fuds_s0,fp32,14,8,47658949,250000000
lfp_t6plain_fuds_s0,fp32,14,9,47658949,250000000
lfp_t6plain_fuds_s0,fp32,14,10,47658949,250000000
lfp_t6plain_fuds_s0,fp32,14,11,47658949,250000000
lfp_t6plain_fuds_s0,fp32,14,12,47658949,250000000
lfp_t6plain_fuds_s0,fp32,14,13,47658949,250000000
lfp_t6plain_fuds_s0,fp32,14,14,47658949,250000000
lfp_t6plain_fuds_s0,fp32,14,15,47658949,250000000
lfp_t6plain_fuds_s0,fp32,15,0,47587040,250000000
lfp_t6plain_fuds_s0,fp32,15,1,47586994,250000000
lfp_t6plain_fuds_s0,fp32,15,2,47586994,250000000
lfp_t6plain_fuds_s0,fp32,15,3,47586994,250000000
lfp_t6plain_fuds_s0,fp32,15,4,47586994,250000000
lfp_t6plain_fuds_s0,fp32,15,5,47586994,250000000
lfp_t6plain_fuds_s0,fp32,15,6,47586994,250000000
lfp_t6plain_fuds_s0,fp32,15,7,47586994,250000000
lfp_t6plain_fuds_s0,fp32,15,8,47586994,250000000
lfp_t6plain_fuds_s0,fp32,15,9,47586994,250000000
lfp_t6plain_fuds_s0,fp32,15,10,47586994,250000000
lfp_t6plain_fuds_s0,fp32,15,11,47586994,250000000
lfp_t6plain_fuds_s0,fp32,15,12,47586994,250000000
lfp_t6plain_fuds_s0,fp32,15,13,47586994,250000000
lfp_t6plain_fuds_s0,fp32,15,14,47586994,250000000
lfp_t6plain_fuds_s0,fp32,15,15,47586994,250000000
lfp_t6plain_fuds_s0,fp32,16,0,47625250,250000000
lfp_t6plain_fuds_s0,fp32,16,1,47625204,250000000
lfp_t6plain_fuds_s0,fp32,16,2,47625204,250000000
lfp_t6plain_fuds_s0,fp32,16,3,47625204,250000000
lfp_t6plain_fuds_s0,fp32,16,4,47625204,250000000
lfp_t6plain_fuds_s0,fp32,16,5,47625204,250000000
lfp_t6plain_fuds_s0,fp32,16,6,47625204,250000000
lfp_t6plain_fuds_s0,fp32,16,7,47625204,250000000
lfp_t6plain_fuds_s0,fp32,16,8,47625204,250000000
lfp_t6plain_fuds_s0,fp32,16,9,47625204,250000000
lfp_t6plain_fuds_s0,fp32,16,10,47625204,250000000
lfp_t6plain_fuds_s0,fp32,16,11,47625204,250000000
lfp_t6plain_fuds_s0,fp32,16,12,47625204,250000000
lfp_t6plain_fuds_s0,fp32,16,13,47625204,250000000
lfp_t6plain_fuds_s0,fp32,16,14,47625204,250000000
lfp_t6plain_fuds_s0,fp32,16,15,47625204,250000000
lfp_t6plain_fuds_s0,fp32,17,0,47737090,250000000
lfp_t6plain_fuds_s0,fp32,17,1,47737044,250000000
lfp_t6plain_fuds_s0,fp32,17,2,47737044,250000000
lfp_t6plain_fuds_s0,fp32,17,3,47737044,250000000
lfp_t6plain_fuds_s0,fp32,17,4,47737044,250000000
lfp_t6plain_fuds_s0,fp32,17,5,47737044,250000000
lfp_t6plain_fuds_s0,fp32,17,6,47737044,250000000
lfp_t6plain_fuds_s0,fp32,17,7,47737044,250000000
lfp_t6plain_fuds_s0,fp32,17,8,47737044,250000000
lfp_t6plain_fuds_s0,fp32,17,9,47737044,250000000
lfp_t6plain_fuds_s0,fp32,17,10,47737044,250000000
lfp_t6plain_fuds_s0,fp32,17,11,47737044,250000000
lfp_t6plain_fuds_s0,fp32,17,12,47737044,250000000
lfp_t6plain_fuds_s0,fp32,17,13,47737044,250000000
lfp_t6plain_fuds_s0,fp32,17,14,47737044,250000000
lfp_t6plain_fuds_s0,fp32,17,15,47737044,250000000
lfp_t6plain_fuds_s0,fp32,18,0,47761350,250000000
lfp_t6plain_fuds_s0,fp32,18,1,47761297,250000000
lfp_t6plain_fuds_s0,fp32,18,2,47761297,250000000
lfp_t6plain_fuds_s0,fp32,18,3,47761297,250000000
lfp_t6plain_fuds_s0,fp32,18,4,47761297,250000000
lfp_t6plain_fuds_s0,fp32,18,5,47761297,250000000
lfp_t6plain_fuds_s0,fp32,18,6,47761297,250000000
lfp_t6plain_fuds_s0,fp32,18,7,47761297,250000000
lfp_t6plain_fuds_s0,fp32,18,8,47761297,250000000
lfp_t6plain_fuds_s0,fp32,18,9,47761297,250000000
lfp_t6plain_fuds_s0,fp32,18,10,47761297,250000000
lfp_t6plain_fuds_s0,fp32,18,11,47761297,250000000
lfp_t6plain_fuds_s0,fp32,18,12,47761297,250000000
lfp_t6plain_fuds_s0,fp32,18,13,47761297,250000000
lfp_t6plain_fuds_s0,fp32,18,14,47761297,250000000
lfp_t6plain_fuds_s0,fp32,18,15,47761297,250000000
lfp_t6plain_fuds_s0,fp32,19,0,47747802,250000000
lfp_t6plain_fuds_s0,fp32,19,1,47747779,250000000
lfp_t6plain_fuds_s0,fp32,19,2,47747779,250000000
lfp_t6plain_fuds_s0,fp32,19,3,47747779,250000000
lfp_t6plain_fuds_s0,fp32,19,4,47747779,250000000
lfp_t6plain_fuds_s0,fp32,19,5,47747779,250000000
lfp_t6plain_fuds_s0,fp32,19,6,47747779,250000000
lfp_t6plain_fuds_s0,fp32,19,7,47747779,250000000
lfp_t6plain_fuds_s0,fp32,19,8,47747779,250000000
lfp_t6plain_fuds_s0,fp32,19,9,47747779,250000000
lfp_t6plain_fuds_s0,fp32,19,10,47747779,250000000
lfp_t6plain_fuds_s0,fp32,19,11,47747779,250000000
lfp_t6plain_fuds_s0,fp32,19,12,47747779,250000000
lfp_t6plain_fuds_s0,fp32,19,13,47747779,250000000
lfp_t6plain_fuds_s0,fp32,19,14,47747779,250000000
lfp_t6plain_fuds_s0,fp32,19,15,47747779,250000000
lfp_t6plain_fuds_s0,fp32,20,0,47721836,250000000
lfp_t6plain_fuds_s0,fp32,20,1,47721813,250000000
lfp_t6plain_fuds_s0,fp32,20,2,47721813,250000000
lfp_t6plain_fuds_s0,fp32,20,3,47721813,250000000
lfp_t6plain_fuds_s0,fp32,20,4,47721813,250000000
lfp_t6plain_fuds_s0,fp32,20,5,47721813,250000000
lfp_t6plain_fuds_s0,fp32,20,6,47721813,250000000
lfp_t6plain_fuds_s0,fp32,20,7,47721813,250000000
lfp_t6plain_fuds_s0,fp32,20,8,47721813,250000000
lfp_t6plain_fuds_s0,fp32,20,9,47721813,250000000
lfp_t6plain_fuds_s0,fp32,20,10,47721813,250000000
lfp_t6plain_fuds_s0,fp32,20,11,47721813,250000000
lfp_t6plain_fuds_s0,fp32,20,12,47721813,250000000
lfp_t6plain_fuds_s0,fp32,20,13,47721813,250000000
lfp_t6plain_fuds_s0,fp32,20,14,47721813,250000000
lfp_t6plain_fuds_s0,fp32,20,15,47721813,250000000
lfp_t6plain_fuds_s0,fp32,21,0,47737327,250000000
lfp_t6plain_fuds_s0,fp32,21,1,47737274,250000000
lfp_t6plain_fuds_s0,fp32,21,2,47737274,250000000
lfp_t6plain_fuds_s0,fp32,21,3,47737274,250000000
lfp_t6plain_fuds_s0,fp32,21,4,47737274,250000000
lfp_t6plain_fuds_s0,fp32,21,5,47737274,250000000
lfp_t6plain_fuds_s0,fp32,21,6,47737274,250000000
lfp_t6plain_fuds_s0,fp32,21,7,47737274,250000000
lfp_t6plain_fuds_s0,fp32,21,8,47737274,250000000
lfp_t6plain_fuds_s0,fp32,21,9,47737274,250000000
lfp_t6plain_fuds_s0,fp32,21,10,47737274,250000000
lfp_t6plain_fuds_s0,fp32,21,11,47737274,250000000
lfp_t6plain_fuds_s0,fp32,21,12,47737274,250000000
lfp_t6plain_fuds_s0,fp32,21,13,47737274,250000000
lfp_t6plain_fuds_s0,fp32,21,14,47737274,250000000
lfp_t6plain_fuds_s0,fp32,21,15,47737274,250000000
lfp_t6plain_fuds_s0,fp32,22,0,47703429,250000000
lfp_t6plain_fuds_s0,fp32,22,1,47703383,250000000
lfp_t6plain_fuds_s0,fp32,22,2,47703383,250000000
lfp_t6plain_fuds_s0,fp32,22,3,47703383,250000000
lfp_t6plain_fuds_s0,fp32,22,4,47703383,250000000
lfp_t6plain_fuds_s0,fp32,22,5,47703383,250000000
lfp_t6plain_fuds_s0,fp32,22,6,47703383,250000000
lfp_t6plain_fuds_s0,fp32,22,7,47703383,250000000
lfp_t6plain_fuds_s0,fp32,22,8,47703383,250000000
lfp_t6plain_fuds_s0,fp32,22,9,47703383,250000000
lfp_t6plain_fuds_s0,fp32,22,10,47703383,250000000
lfp_t6plain_fuds_s0,fp32,22,11,47703383,250000000
lfp_t6plain_fuds_s0,fp32,22,12,47703383,250000000
lfp_t6plain_fuds_s0,fp32,22,13,47703383,250000000
lfp_t6plain_fuds_s0,fp32,22,14,47703383,250000000
lfp_t6plain_fuds_s0,fp32,22,15,47703383,250000000
lfp_t6plain_fuds_s0,fp32,23,0,47626035,250000000
lfp_t6plain_fuds_s0,fp32,23,1,47625987,250000000
lfp_t6plain_fuds_s0,fp32,23,2,47625987,250000000
lfp_t6plain_fuds_s0,fp32,23,3,47625987,250000000
lfp_t6plain_fuds_s0,fp32,23,4,47625987,250000000
lfp_t6plain_fuds_s0,fp32,23,5,47625987,250000000
lfp_t6plain_fuds_s0,fp32,23,6,47625987,250000000
lfp_t6plain_fuds_s0,fp32,23,7,47625987,250000000
lfp_t6plain_fuds_s0,fp32,23,8,47625987,250000000
lfp_t6plain_fuds_s0,fp32,23,9,47625987,250000000
lfp_t6plain_fuds_s0,fp32,23,10,47625987,250000000
lfp_t6plain_fuds_s0,fp32,23,11,47625987,250000000
lfp_t6plain_fuds_s0,fp32,23,12,47625987,250000000
lfp_t6plain_fuds_s0,fp32,23,13,47625987,250000000
lfp_t6plain_fuds_s0,fp32,23,14,47625987,250000000
lfp_t6plain_fuds_s0,fp32,23,15,47625987,250000000
lfp_t6plain_fuds_s0,fp32,24,0,47629483,250000000
lfp_t6plain_fuds_s0,fp32,24,1,47629437,250000000
lfp_t6plain_fuds_s0,fp32,24,2,47629437,250000000
lfp_t6plain_fuds_s0,fp32,24,3,47629437,250000000
lfp_t6plain_fuds_s0,fp32,24,4,47629437,250000000
lfp_t6plain_fuds_s0,fp32,24,5,47629437,250000000
lfp_t6plain_fuds_s0,fp32,24,6,47629437,250000000
lfp_t6plain_fuds_s0,fp32,24,7,47629437,250000000
lfp_t6plain_fuds_s0,fp32,24,8,47629437,250000000
lfp_t6plain_fuds_s0,fp32,24,9,47629437,250000000
lfp_t6plain_fuds_s0,fp32,24,10,47629437,250000000
lfp_t6plain_fuds_s0,fp32,24,11,47629437,250000000
lfp_t6plain_fuds_s0,fp32,24,12,47629437,250000000
lfp_t6plain_fuds_s0,fp32,24,13,47629437,250000000
lfp_t6plain_fuds_s0,fp32,24,14,47629437,250000000
lfp_t6plain_fuds_s0,fp32,24,15,47629437,250000000
lfp_t6plain_fuds_s0,fp32,25,0,47737558,250000000
lfp_t6plain_fuds_s0,fp32,25,1,47737512,250000000
lfp_t6plain_fuds_s0,fp32,25,2,47737512,250000000
lfp_t6plain_fuds_s0,fp32,25,3,47737512,250000000
lfp_t6plain_fuds_s0,fp32,25,4,47737512,250000000
lfp_t6plain_fuds_s0,fp32,25,5,47737512,250000000
lfp_t6plain_fuds_s0,fp32,25,6,47737512,250000000
lfp_t6plain_fuds_s0,fp32,25,7,47737512,250000000
lfp_t6plain_fuds_s0,fp32,25,8,47737512,250000000
lfp_t6plain_fuds_s0,fp32,25,9,47737512,250000000
lfp_t6plain_fuds_s0,fp32,25,10,47737512,250000000
lfp_t6plain_fuds_s0,fp32,25,11,47737512,250000000
lfp_t6plain_fuds_s0,fp32,25,12,47737512,250000000
lfp_t6plain_fuds_s0,fp32,25,13,47737512,250000000
lfp_t6plain_fuds_s0,fp32,25,14,47737512,250000000
lfp_t6plain_fuds_s0,fp32,25,15,47737512,250000000
lfp_t6plain_fuds_s0,fp32,26,0,47779858,250000000
lfp_t6plain_fuds_s0,fp32,26,1,47779805,250000000
lfp_t6plain_fuds_s0,fp32,26,2,47779805,250000000
lfp_t6plain_fuds_s0,fp32,26,3,47779805,250000000
lfp_t6plain_fuds_s0,fp32,26,4,47779805,250000000
lfp_t6plain_fuds_s0,fp32,26,5,47779805,250000000
lfp_t6plain_fuds_s0,fp32,26,6,47779805,250000000
lfp_t6plain_fuds_s0,fp32,26,7,47779805,250000000
lfp_t6plain_fuds_s0,fp32,26,8,47779805,250000000
lfp_t6plain_fuds_s0,fp32,26,9,47779805,250000000
lfp_t6plain_fuds_s0,fp32,26,10,47779805,250000000
lfp_t6plain_fuds_s0,fp32,26,11,47779805,250000000
lfp_t6plain_fuds_s0,fp32,26,12,47779805,250000000
lfp_t6plain_fuds_s0,fp32,26,13,47779805,250000000
lfp_t6plain_fuds_s0,fp32,26,14,47779805,250000000
lfp_t6plain_fuds_s0,fp32,26,15,47779805,250000000
lfp_t6plain_fuds_s0,fp32,27,0,47755750,250000000
lfp_t6plain_fuds_s0,fp32,27,1,47755727,250000000
lfp_t6plain_fuds_s0,fp32,27,2,47755727,250000000
lfp_t6plain_fuds_s0,fp32,27,3,47755727,250000000
lfp_t6plain_fuds_s0,fp32,27,4,47755727,250000000
lfp_t6plain_fuds_s0,fp32,27,5,47755727,250000000
lfp_t6plain_fuds_s0,fp32,27,6,47755727,250000000
lfp_t6plain_fuds_s0,fp32,27,7,47755727,250000000
lfp_t6plain_fuds_s0,fp32,27,8,47755727,250000000
lfp_t6plain_fuds_s0,fp32,27,9,47755727,250000000
lfp_t6plain_fuds_s0,fp32,27,10,47755727,250000000
lfp_t6plain_fuds_s0,fp32,27,11,47755727,250000000
lfp_t6plain_fuds_s0,fp32,27,12,47755727,250000000
lfp_t6plain_fuds_s0,fp32,27,13,47755727,250000000
lfp_t6plain_fuds_s0,fp32,27,14,47755727,250000000
lfp_t6plain_fuds_s0,fp32,27,15,47755727,250000000
lfp_t6plain_fuds_s0,fp32,28,0,47735640,250000000
lfp_t6plain_fuds_s0,fp32,28,1,47735615,250000000
lfp_t6plain_fuds_s0,fp32,28,2,47735615,250000000
lfp_t6plain_fuds_s0,fp32,28,3,47735615,250000000
lfp_t6plain_fuds_s0,fp32,28,4,47735615,250000000
lfp_t6plain_fuds_s0,fp32,28,5,47735615,250000000
lfp_t6plain_fuds_s0,fp32,28,6,47735615,250000000
lfp_t6plain_fuds_s0,fp32,28,7,47735615,250000000
lfp_t6plain_fuds_s0,fp32,28,8,47735615,250000000
lfp_t6plain_fuds_s0,fp32,28,9,47735615,250000000
lfp_t6plain_fuds_s0,fp32,28,10,47735615,250000000
lfp_t6plain_fuds_s0,fp32,28,11,47735615,250000000
lfp_t6plain_fuds_s0,fp32,28,12,47735615,250000000
lfp_t6plain_fuds_s0,fp32,28,13,47735615,250000000
lfp_t6plain_fuds_s0,fp32,28,14,47735615,250000000
lfp_t6plain_fuds_s0,fp32,28,15,47735615,250000000
lfp_t6plain_fuds_s0,fp32,29,0,47734197,250000000
lfp_t6plain_fuds_s0,fp32,29,1,47734144,250000000
lfp_t6plain_fuds_s0,fp32,29,2,47734144,250000000
lfp_t6plain_fuds_s0,fp32,29,3,47734144,250000000
lfp_t6plain_fuds_s0,fp32,29,4,47734144,250000000
lfp_t6plain_fuds_s0,fp32,29,5,47734144,250000000
lfp_t6plain_fuds_s0,fp32,29,6,47734144,250000000
lfp_t6plain_fuds_s0,fp32,29,7,47734144,250000000
lfp_t6plain_fuds_s0,fp32,29,8,47734144,250000000
lfp_t6plain_fuds_s0,fp32,29,9,47734144,250000000
lfp_t6plain_fuds_s0,fp32,29,10,47734144,250000000
lfp_t6plain_fuds_s0,fp32,29,11,47734144,250000000
lfp_t6plain_fuds_s0,fp32,29,12,47734144,250000000
lfp_t6plain_fuds_s0,fp32,29,13,47734144,250000000
lfp_t6plain_fuds_s0,fp32,29,14,47734144,250000000
lfp_t6plain_fuds_s0,fp32,29,15,47734144,250000000
lfp_t6plain_fuds_s0,fp32,30,0,47738655,250000000
lfp_t6plain_fuds_s0,fp32,30,1,47738609,250000000
lfp_t6plain_fuds_s0,fp32,30,2,47738609,250000000
lfp_t6plain_fuds_s0,fp32,30,3,47738609,250000000
lfp_t6plain_fuds_s0,fp32,30,4,47738609,250000000
lfp_t6plain_fuds_s0,fp32,30,5,47738609,250000000
lfp_t6plain_fuds_s0,fp32,30,6,47738609,250000000
lfp_t6plain_fuds_s0,fp32,30,7,47738609,250000000
lfp_t6plain_fuds_s0,fp32,30,8,47738609,250000000
lfp_t6plain_fuds_s0,fp32,30,9,47738609,250000000
lfp_t6plain_fuds_s0,fp32,30,10,47738609,250000000
lfp_t6plain_fuds_s0,fp32,30,11,47738609,250000000
lfp_t6plain_fuds_s0,fp32,30,12,47738609,250000000
lfp_t6plain_fuds_s0,fp32,30,13,47738609,250000000
lfp_t6plain_fuds_s0,fp32,30,14,47738609,250000000
lfp_t6plain_fuds_s0,fp32,30,15,47738609,250000000
lfp_t6plain_fuds_s0,fp32,31,0,47579679,250000000
lfp_t6plain_fuds_s0,fp32,31,1,47579633,250000000
lfp_t6plain_fuds_s0,fp32,31,2,47579633,250000000
lfp_t6plain_fuds_s0,fp32,31,3,47579633,250000000
lfp_t6plain_fuds_s0,fp32,31,4,47579633,250000000
lfp_t6plain_fuds_s0,fp32,31,5,47579633,250000000
lfp_t6plain_fuds_s0,fp32,31,6,47579633,250000000
lfp_t6plain_fuds_s0,fp32,31,7,47579633,250000000
lfp_t6plain_fuds_s0,fp32,31,8,47579633,250000000
lfp_t6plain_fuds_s0,fp32,31,9,47579633,250000000
lfp_t6plain_fuds_s0,fp32,31,10,47579633,250000000
lfp_t6plain_fuds_s0,fp32,31,11,47579633,250000000
lfp_t6plain_fuds_s0,fp32,31,12,47579633,250000000
lfp_t6plain_fuds_s0,fp32,31,13,47579633,250000000
lfp_t6plain_fuds_s0,fp32,31,14,47579633,250000000
lfp_t6plain_fuds_s0,fp32,31,15,47579633,250000000
lfp_t6plain_fuds_s0,fp32,32,0,47630144,250000000
lfp_t6plain_fuds_s0,fp32,32,1,47630096,250000000
lfp_t6plain_fuds_s0,fp32,32,2,47630096,250000000
lfp_t6plain_fuds_s0,fp32,32,3,47630096,250000000
lfp_t6plain_fuds_s0,fp32,32,4,47630096,250000000
lfp_t6plain_fuds_s0,fp32,32,5,47630096,250000000
lfp_t6plain_fuds_s0,fp32,32,6,47630096,250000000
lfp_t6plain_fuds_s0,fp32,32,7,47630096,250000000
lfp_t6plain_fuds_s0,fp32,32,8,47630096,250000000
lfp_t6plain_fuds_s0,fp32,32,9,47630096,250000000
lfp_t6plain_fuds_s0,fp32,32,10,47630096,250000000
lfp_t6plain_fuds_s0,fp32,32,11,47630096,250000000
lfp_t6plain_fuds_s0,fp32,32,12,47630096,250000000
lfp_t6plain_fuds_s0,fp32,32,13,47630096,250000000
lfp_t6plain_fuds_s0,fp32,32,14,47630096,250000000
lfp_t6plain_fuds_s0,fp32,32,15,47630096,250000000
lfp_t6plain_fuds_s0,fp32,33,0,47735454,250000000
lfp_t6plain_fuds_s0,fp32,33,1,47735408,250000000
lfp_t6plain_fuds_s0,fp32,33,2,47735408,250000000
lfp_t6plain_fuds_s0,fp32,33,3,47735408,250000000
lfp_t6plain_fuds_s0,fp32,33,4,47735408,250000000
lfp_t6plain_fuds_s0,fp32,33,5,47735408,250000000
lfp_t6plain_fuds_s0,fp32,33,6,47735408,250000000
lfp_t6plain_fuds_s0,fp32,33,7,47735408,250000000
lfp_t6plain_fuds_s0,fp32,33,8,47735408,250000000
lfp_t6plain_fuds_s0,fp32,33,9,47735408,250000000
lfp_t6plain_fuds_s0,fp32,33,10,47735408,250000000
lfp_t6plain_fuds_s0,fp32,33,11,47735408,250000000
lfp_t6plain_fuds_s0,fp32,33,12,47735408,250000000
lfp_t6plain_fuds_s0,fp32,33,13,47735408,250000000
lfp_t6plain_fuds_s0,fp32,33,14,47735408,250000000
lfp_t6plain_fuds_s0,fp32,33,15,47735408,250000000
lfp_t6plain_fuds_s0,fp32,34,0,47778891,250000000
lfp_t6plain_fuds_s0,fp32,34,1,47778836,250000000
lfp_t6plain_fuds_s0,fp32,34,2,47778836,250000000
lfp_t6plain_fuds_s0,fp32,34,3,47778836,250000000
lfp_t6plain_fuds_s0,fp32,34,4,47778836,250000000
lfp_t6plain_fuds_s0,fp32,34,5,47778836,250000000
lfp_t6plain_fuds_s0,fp32,34,6,47778836,250000000
lfp_t6plain_fuds_s0,fp32,34,7,47778836,250000000
lfp_t6plain_fuds_s0,fp32,34,8,47778836,250000000
lfp_t6plain_fuds_s0,fp32,34,9,47778836,250000000
lfp_t6plain_fuds_s0,fp32,34,10,47778836,250000000
lfp_t6plain_fuds_s0,fp32,34,11,47778836,250000000
lfp_t6plain_fuds_s0,fp32,34,12,47778836,250000000
lfp_t6plain_fuds_s0,fp32,34,13,47778836,250000000
lfp_t6plain_fuds_s0,fp32,34,14,47778836,250000000
lfp_t6plain_fuds_s0,fp32,34,15,47778836,250000000
lfp_t6plain_fuds_s0,fp32,35,0,47734567,250000000
lfp_t6plain_fuds_s0,fp32,35,1,47734542,250000000
lfp_t6plain_fuds_s0,fp32,35,2,47734542,250000000
lfp_t6plain_fuds_s0,fp32,35,3,47734542,250000000
lfp_t6plain_fuds_s0,fp32,35,4,47734542,250000000
lfp_t6plain_fuds_s0,fp32,35,5,47734542,250000000
lfp_t6plain_fuds_s0,fp32,35,6,47734542,250000000
lfp_t6plain_fuds_s0,fp32,35,7,47734542,250000000
lfp_t6plain_fuds_s0,fp32,35,8,47734542,250000000
lfp_t6plain_fuds_s0,fp32,35,9,47734542,250000000
lfp_t6plain_fuds_s0,fp32,35,10,47734542,250000000
lfp_t6plain_fuds_s0,fp32,35,11,47734542,250000000
lfp_t6plain_fuds_s0,fp32,35,12,47734542,250000000
lfp_t6plain_fuds_s0,fp32,35,13,47734542,250000000
lfp_t6plain_fuds_s0,fp32,35,14,47734542,250000000
lfp_t6plain_fuds_s0,fp32,35,15,47734542,250000000
lfp_t6plain_fuds_s0,fp32,36,0,47737251,250000000
lfp_t6plain_fuds_s0,fp32,36,1,47737228,250000000
lfp_t6plain_fuds_s0,fp32,36,2,47737228,250000000
lfp_t6plain_fuds_s0,fp32,36,3,47737228,250000000
lfp_t6plain_fuds_s0,fp32,36,4,47737228,250000000
lfp_t6plain_fuds_s0,fp32,36,5,47737228,250000000
lfp_t6plain_fuds_s0,fp32,36,6,47737228,250000000
lfp_t6plain_fuds_s0,fp32,36,7,47737228,250000000
lfp_t6plain_fuds_s0,fp32,36,8,47737228,250000000
lfp_t6plain_fuds_s0,fp32,36,9,47737228,250000000
lfp_t6plain_fuds_s0,fp32,36,10,47737228,250000000
lfp_t6plain_fuds_s0,fp32,36,11,47737228,250000000
lfp_t6plain_fuds_s0,fp32,36,12,47737228,250000000
lfp_t6plain_fuds_s0,fp32,36,13,47737228,250000000
lfp_t6plain_fuds_s0,fp32,36,14,47737228,250000000
lfp_t6plain_fuds_s0,fp32,36,15,47737228,250000000
lfp_t6plain_fuds_s0,fp32,37,0,47744253,250000000
lfp_t6plain_fuds_s0,fp32,37,1,47744200,250000000
lfp_t6plain_fuds_s0,fp32,37,2,47744200,250000000
lfp_t6plain_fuds_s0,fp32,37,3,47744200,250000000
lfp_t6plain_fuds_s0,fp32,37,4,47744200,250000000
lfp_t6plain_fuds_s0,fp32,37,5,47744200,250000000
lfp_t6plain_fuds_s0,fp32,37,6,47744200,250000000
lfp_t6plain_fuds_s0,fp32,37,7,47744200,250000000
lfp_t6plain_fuds_s0,fp32,37,8,47744200,250000000
lfp_t6plain_fuds_s0,fp32,37,9,47744200,250000000
lfp_t6plain_fuds_s0,fp32,37,10,47744200,250000000
lfp_t6plain_fuds_s0,fp32,37,11,47744200,250000000
lfp_t6plain_fuds_s0,fp32,37,12,47744200,250000000
lfp_t6plain_fuds_s0,fp32,37,13,47744200,250000000
lfp_t6plain_fuds_s0,fp32,37,14,47744200,250000000
lfp_t6plain_fuds_s0,fp32,37,15,47744200,250000000
lfp_t6plain_fuds_s0,fp32,38,0,47758990,250000000
lfp_t6plain_fuds_s0,fp32,38,1,47758944,250000000
lfp_t6plain_fuds_s0,fp32,38,2,47758944,250000000
lfp_t6plain_fuds_s0,fp32,38,3,47758944,250000000
lfp_t6plain_fuds_s0,fp32,38,4,47758944,250000000
lfp_t6plain_fuds_s0,fp32,38,5,47758944,250000000
lfp_t6plain_fuds_s0,fp32,38,6,47758944,250000000
lfp_t6plain_fuds_s0,fp32,38,7,47758944,250000000
lfp_t6plain_fuds_s0,fp32,38,8,47758944,250000000
lfp_t6plain_fuds_s0,fp32,38,9,47758944,250000000
lfp_t6plain_fuds_s0,fp32,38,10,47758944,250000000
lfp_t6plain_fuds_s0,fp32,38,11,47758944,250000000
lfp_t6plain_fuds_s0,fp32,38,12,47758944,250000000
lfp_t6plain_fuds_s0,fp32,38,13,47758944,250000000
lfp_t6plain_fuds_s0,fp32,38,14,47758944,250000000
lfp_t6plain_fuds_s0,fp32,38,15,47758944,250000000
lfp_t6plain_fuds_s0,fp32,39,0,47556312,250000000
lfp_t6plain_fuds_s0,fp32,39,1,47556266,250000000
lfp_t6plain_fuds_s0,fp32,39,2,47556266,250000000
lfp_t6plain_fuds_s0,fp32,39,3,47556266,250000000
lfp_t6plain_fuds_s0,fp32,39,4,47556266,250000000
lfp_t6plain_fuds_s0,fp32,39,5,47556266,250000000
lfp_t6plain_fuds_s0,fp32,39,6,47556266,250000000
lfp_t6plain_fuds_s0,fp32,39,7,47556266,250000000
lfp_t6plain_fuds_s0,fp32,39,8,47556266,250000000
lfp_t6plain_fuds_s0,fp32,39,9,47556266,250000000
lfp_t6plain_fuds_s0,fp32,39,10,47556266,250000000
lfp_t6plain_fuds_s0,fp32,39,11,47556266,250000000
lfp_t6plain_fuds_s0,fp32,39,12,47556266,250000000
lfp_t6plain_fuds_s0,fp32,39,13,47556266,250000000
lfp_t6plain_fuds_s0,fp32,39,14,47556266,250000000
lfp_t6plain_fuds_s0,fp32,39,15,47556266,250000000
lfp_t6plain_fuds_s0,fp32,40,0,47632081,250000000
lfp_t6plain_fuds_s0,fp32,40,1,47632033,250000000
lfp_t6plain_fuds_s0,fp32,40,2,47632033,250000000
lfp_t6plain_fuds_s0,fp32,40,3,47632033,250000000
lfp_t6plain_fuds_s0,fp32,40,4,47632033,250000000
lfp_t6plain_fuds_s0,fp32,40,5,47632033,250000000
lfp_t6plain_fuds_s0,fp32,40,6,47632033,250000000
lfp_t6plain_fuds_s0,fp32,40,7,47632033,250000000
lfp_t6plain_fuds_s0,fp32,40,8,47632033,250000000
lfp_t6plain_fuds_s0,fp32,40,9,47632033,250000000
lfp_t6plain_fuds_s0,fp32,40,10,47632033,250000000
lfp_t6plain_fuds_s0,fp32,40,11,47632033,250000000
lfp_t6plain_fuds_s0,fp32,40,12,47632033,250000000
lfp_t6plain_fuds_s0,fp32,40,13,47632033,250000000
lfp_t6plain_fuds_s0,fp32,40,14,47632033,250000000
lfp_t6plain_fuds_s0,fp32,40,15,47632033,250000000
lfp_t6plain_fuds_s0,fp32,41,0,47731452,250000000
lfp_t6plain_fuds_s0,fp32,41,1,47731404,250000000
lfp_t6plain_fuds_s0,fp32,41,2,47731404,250000000
lfp_t6plain_fuds_s0,fp32,41,3,47731404,250000000
lfp_t6plain_fuds_s0,fp32,41,4,47731404,250000000
lfp_t6plain_fuds_s0,fp32,41,5,47731404,250000000
lfp_t6plain_fuds_s0,fp32,41,6,47731404,250000000
lfp_t6plain_fuds_s0,fp32,41,7,47731404,250000000
lfp_t6plain_fuds_s0,fp32,41,8,47731404,250000000
lfp_t6plain_fuds_s0,fp32,41,9,47731404,250000000
lfp_t6plain_fuds_s0,fp32,41,10,47731404,250000000
lfp_t6plain_fuds_s0,fp32,41,11,47731404,250000000
lfp_t6plain_fuds_s0,fp32,41,12,47731404,250000000
lfp_t6plain_fuds_s0,fp32,41,13,47731404,250000000
lfp_t6plain_fuds_s0,fp32,41,14,47731404,250000000
lfp_t6plain_fuds_s0,fp32,41,15,47731404,250000000
lfp_t6plain_fuds_s0,fp32,42,0,47772724,250000000
lfp_t6plain_fuds_s0,fp32,42,1,47772671,250000000
lfp_t6plain_fuds_s0,fp32,42,2,47772671,250000000
lfp_t6plain_fuds_s0,fp32,42,3,47772671,250000000
lfp_t6plain_fuds_s0,fp32,42,4,47772671,250000000
lfp_t6plain_fuds_s0,fp32,42,5,47772671,250000000
lfp_t6plain_fuds_s0,fp32,42,6,47772671,250000000
lfp_t6plain_fuds_s0,fp32,42,7,47772671,250000000
lfp_t6plain_fuds_s0,fp32,42,8,47772671,250000000
lfp_t6plain_fuds_s0,fp32,42,9,47772671,250000000
lfp_t6plain_fuds_s0,fp32,42,10,47772671,250000000
lfp_t6plain_fuds_s0,fp32,42,11,47772671,250000000
lfp_t6plain_fuds_s0,fp32,42,12,47772671,250000000
lfp_t6plain_fuds_s0,fp32,42,13,47772671,250000000
lfp_t6plain_fuds_s0,fp32,42,14,47772671,250000000
lfp_t6plain_fuds_s0,fp32,42,15,47772671,250000000
lfp_t6plain_fuds_s0,fp32,43,0,47759393,250000000
lfp_t6plain_fuds_s0,fp32,43,1,47759370,250000000
lfp_t6plain_fuds_s0,fp32,43,2,47759370,250000000
lfp_t6plain_fuds_s0,fp32,43,3,47759370,250000000
lfp_t6plain_fuds_s0,fp32,43,4,47759370,250000000
lfp_t6plain_fuds_s0,fp32,43,5,47759370,250000000
lfp_t6plain_fuds_s0,fp32,43,6,47759370,250000000
lfp_t6plain_fuds_s0,fp32,43,7,47759370,250000000
lfp_t6plain_fuds_s0,fp32,43,8,47759370,250000000
lfp_t6plain_fuds_s0,fp32,43,9,47759370,250000000
lfp_t6plain_fuds_s0,fp32,43,10,47759370,250000000
lfp_t6plain_fuds_s0,fp32,43,11,47759370,250000000
lfp_t6plain_fuds_s0,fp32,43,12,47759370,250000000
lfp_t6plain_fuds_s0,fp32,43,13,47759370,250000000
lfp_t6plain_fuds_s0,fp32,43,14,47759370,250000000
lfp_t6plain_fuds_s0,fp32,43,15,47759370,250000000
lfp_t6plain_fuds_s0,fp32,44,0,47729323,250000000
lfp_t6plain_fuds_s0,fp32,44,1,47729300,250000000
lfp_t6plain_fuds_s0,fp32,44,2,47729300,250000000
lfp_t6plain_fuds_s0,fp32,44,3,47729300,250000000
lfp_t6plain_fuds_s0,fp32,44,4,47729300,250000000
lfp_t6plain_fuds_s0,fp32,44,5,47729300,250000000
lfp_t6plain_fuds_s0,fp32,44,6,47729300,250000000
lfp_t6plain_fuds_s0,fp32,44,7,47729300,250000000
lfp_t6plain_fuds_s0,fp32,44,8,47729300,250000000
lfp_t6plain_fuds_s0,fp32,44,9,47729300,250000000
lfp_t6plain_fuds_s0,fp32,44,10,47729300,250000000
lfp_t6plain_fuds_s0,fp32,44,11,47729300,250000000
lfp_t6plain_fuds_s0,fp32,44,12,47729300,250000000
lfp_t6plain_fuds_s0,fp32,44,13,47729300,250000000
lfp_t6plain_fuds_s0,fp32,44,14,47729300,250000000
lfp_t6plain_fuds_s0,fp32,44,15,47729300,250000000
lfp_t6plain_fuds_s0,fp32,45,0,47756785,250000000
lfp_t6plain_fuds_s0,fp32,45,1,47756732,250000000
lfp_t6plain_fuds_s0,fp32,45,2,47756732,250000000
lfp_t6plain_fuds_s0,fp32,45,3,47756732,250000000
lfp_t6plain_fuds_s0,fp32,45,4,47756732,250000000
lfp_t6plain_fuds_s0,fp32,45,5,47756732,250000000
lfp_t6plain_fuds_s0,fp32,45,6,47756732,250000000
lfp_t6plain_fuds_s0,fp32,45,7,47756732,250000000
lfp_t6plain_fuds_s0,fp32,45,8,47756732,250000000
lfp_t6plain_fuds_s0,fp32,45,9,47756732,250000000
lfp_t6plain_fuds_s0,fp32,45,10,47756732,250000000
lfp_t6plain_fuds_s0,fp32,45,11,47756732,250000000
lfp_t6plain_fuds_s0,fp32,45,12,47756732,250000000
lfp_t6plain_fuds_s0,fp32,45,13,47756732,250000000
lfp_t6plain_fuds_s0,fp32,45,14,47756732,250000000
lfp_t6plain_fuds_s0,fp32,45,15,47756732,250000000
lfp_t6plain_fuds_s0,fp32,46,0,47761102,250000000
lfp_t6plain_fuds_s0,fp32,46,1,47761056,250000000
lfp_t6plain_fuds_s0,fp32,46,2,47761056,250000000
lfp_t6plain_fuds_s0,fp32,46,3,47761056,250000000
lfp_t6plain_fuds_s0,fp32,46,4,47761056,250000000
lfp_t6plain_fuds_s0,fp32,46,5,47761056,250000000
lfp_t6plain_fuds_s0,fp32,46,6,47761056,250000000
lfp_t6plain_fuds_s0,fp32,46,7,47761056,250000000
lfp_t6plain_fuds_s0,fp32,46,8,47761056,250000000
lfp_t6plain_fuds_s0,fp32,46,9,47761056,250000000
lfp_t6plain_fuds_s0,fp32,46,10,47761056,250000000
lfp_t6plain_fuds_s0,fp32,46,11,47761056,250000000
lfp_t6plain_fuds_s0,fp32,46,12,47761056,250000000
lfp_t6plain_fuds_s0,fp32,46,13,47761056,250000000
lfp_t6plain_fuds_s0,fp32,46,14,47761056,250000000
lfp_t6plain_fuds_s0,fp32,46,15,47761056,250000000
lfp_t6plain_fuds_s0,fp32,47,0,47579022,250000000
lfp_t6plain_fuds_s0,fp32,47,1,47578976,250000000
lfp_t6plain_fuds_s0,fp32,47,2,47578976,250000000
lfp_t6plain_fuds_s0,fp32,47,3,47578976,250000000
lfp_t6plain_fuds_s0,fp32,47,4,47578976,250000000
lfp_t6plain_fuds_s0,fp32,47,5,47578976,250000000
lfp_t6plain_fuds_s0,fp32,47,6,47578976,250000000
lfp_t6plain_fuds_s0,fp32,47,7,47578976,250000000
lfp_t6plain_fuds_s0,fp32,47,8,47578976,250000000
lfp_t6plain_fuds_s0,fp32,47,9,47578976,250000000
lfp_t6plain_fuds_s0,fp32,47,10,47578976,250000000
lfp_t6plain_fuds_s0,fp32,47,11,47578976,250000000
lfp_t6plain_fuds_s0,fp32,47,12,47578976,250000000
lfp_t6plain_fuds_s0,fp32,47,13,47578976,250000000
lfp_t6plain_fuds_s0,fp32,47,14,47578976,250000000
lfp_t6plain_fuds_s0,fp32,47,15,47578976,250000000
lfp_t6plain_fuds_s0,fp32,48,0,47633631,250000000
lfp_t6plain_fuds_s0,fp32,48,1,47633583,250000000
lfp_t6plain_fuds_s0,fp32,48,2,47633583,250000000
lfp_t6plain_fuds_s0,fp32,48,3,47633583,250000000
lfp_t6plain_fuds_s0,fp32,48,4,47633583,250000000
lfp_t6plain_fuds_s0,fp32,48,5,47633583,250000000
lfp_t6plain_fuds_s0,fp32,48,6,47633583,250000000
lfp_t6plain_fuds_s0,fp32,48,7,47633583,250000000
lfp_t6plain_fuds_s0,fp32,48,8,47633583,250000000
lfp_t6plain_fuds_s0,fp32,48,9,47633583,250000000
lfp_t6plain_fuds_s0,fp32,48,10,47633583,250000000
lfp_t6plain_fuds_s0,fp32,48,11,47633583,250000000
lfp_t6plain_fuds_s0,fp32,48,12,47633583,250000000
lfp_t6plain_fuds_s0,fp32,48,13,47633583,250000000
lfp_t6plain_fuds_s0,fp32,48,14,47633583,250000000
lfp_t6plain_fuds_s0,fp32,48,15,47633583,250000000
lfp_t6plain_fuds_s0,fp32,49,0,47732374,250000000
lfp_t6plain_fuds_s0,fp32,49,1,47732328,250000000
lfp_t6plain_fuds_s0,fp32,49,2,47732328,250000000
lfp_t6plain_fuds_s0,fp32,49,3,47732328,250000000
lfp_t6plain_fuds_s0,fp32,49,4,47732328,250000000
lfp_t6plain_fuds_s0,fp32,49,5,47732328,250000000
lfp_t6plain_fuds_s0,fp32,49,6,47732328,250000000
lfp_t6plain_fuds_s0,fp32,49,7,47732328,250000000
lfp_t6plain_fuds_s0,fp32,49,8,47732328,250000000
lfp_t6plain_fuds_s0,fp32,49,9,47732328,250000000
lfp_t6plain_fuds_s0,fp32,49,10,47732328,250000000
lfp_t6plain_fuds_s0,fp32,49,11,47732328,250000000
lfp_t6plain_fuds_s0,fp32,49,12,47732328,250000000
lfp_t6plain_fuds_s0,fp32,49,13,47732328,250000000
lfp_t6plain_fuds_s0,fp32,49,14,47732328,250000000
lfp_t6plain_fuds_s0,fp32,49,15,47732328,250000000
lfp_t6plain_fuds_s0,fp32,50,0,47770855,250000000
lfp_t6plain_fuds_s0,fp32,50,1,47770802,250000000
lfp_t6plain_fuds_s0,fp32,50,2,47770802,250000000
lfp_t6plain_fuds_s0,fp32,50,3,47770802,250000000
lfp_t6plain_fuds_s0,fp32,50,4,47770802,250000000
lfp_t6plain_fuds_s0,fp32,50,5,47770802,250000000
lfp_t6plain_fuds_s0,fp32,50,6,47770802,250000000
lfp_t6plain_fuds_s0,fp32,50,7,47770802,250000000
lfp_t6plain_fuds_s0,fp32,50,8,47770802,250000000
lfp_t6plain_fuds_s0,fp32,50,9,47770802,250000000
lfp_t6plain_fuds_s0,fp32,50,10,47770802,250000000
lfp_t6plain_fuds_s0,fp32,50,11,47770802,250000000
lfp_t6plain_fuds_s0,fp32,50,12,47770802,250000000
lfp_t6plain_fuds_s0,fp32,50,13,47770802,250000000
lfp_t6plain_fuds_s0,fp32,50,14,47770802,250000000
lfp_t6plain_fuds_s0,fp32,50,15,47770802,250000000
lfp_t6plain_fuds_s0,fp32,51,0,47737951,250000000
lfp_t6plain_fuds_s0,fp32,51,1,47737926,250000000
lfp_t6plain_fuds_s0,fp32,51,2,47737926,250000000
lfp_t6plain_fuds_s0,fp32,51,3,47737926,250000000
lfp_t6plain_fuds_s0,fp32,51,4,47737926,250000000
lfp_t6plain_fuds_s0,fp32,51,5,47737926,250000000
lfp_t6plain_fuds_s0,fp32,51,6,47737926,250000000
lfp_t6plain_fuds_s0,fp32,51,7,47737926,250000000
lfp_t6plain_fuds_s0,fp32,51,8,47737926,250000000
lfp_t6plain_fuds_s0,fp32,51,9,47737926,250000000
lfp_t6plain_fuds_s0,fp32,51,10,47737926,250000000
lfp_t6plain_fuds_s0,fp32,51,11,47737926,250000000
lfp_t6plain_fuds_s0,fp32,51,12,47737926,250000000
lfp_t6plain_fuds_s0,fp32,51,13,47737926,250000000
lfp_t6plain_fuds_s0,fp32,51,14,47737926,250000000
lfp_t6plain_fuds_s0,fp32,51,15,47737926,250000000
lfp_t6plain_fuds_s0,fp32,52,0,47695953,250000000
lfp_t6plain_fuds_s0,fp32,52,1,47695898,250000000
lfp_t6plain_fuds_s0,fp32,52,2,47695898,250000000
lfp_t6plain_fuds_s0,fp32,52,3,47695898,250000000
lfp_t6plain_fuds_s0,fp32,52,4,47695898,250000000
lfp_t6plain_fuds_s0,fp32,52,5,47695898,250000000
lfp_t6plain_fuds_s0,fp32,52,6,47695898,250000000
lfp_t6plain_fuds_s0,fp32,52,7,47695898,250000000
lfp_t6plain_fuds_s0,fp32,52,8,47695898,250000000
lfp_t6plain_fuds_s0,fp32,52,9,47695898,250000000
lfp_t6plain_fuds_s0,fp32,52,10,47695898,250000000
lfp_t6plain_fuds_s0,fp32,52,11,47695898,250000000
lfp_t6plain_fuds_s0,fp32,52,12,47695898,250000000
lfp_t6plain_fuds_s0,fp32,52,13,47695898,250000000
lfp_t6plain_fuds_s0,fp32,52,14,47695898,250000000
lfp_t6plain_fuds_s0,fp32,52,15,47695898,250000000
lfp_t6plain_fuds_s0,fp32,53,0,47747342,250000000
lfp_t6plain_fuds_s0,fp32,53,1,47747287,250000000
lfp_t6plain_fuds_s0,fp32,53,2,47747287,250000000
lfp_t6plain_fuds_s0,fp32,53,3,47747287,250000000
lfp_t6plain_fuds_s0,fp32,53,4,47747287,250000000
lfp_t6plain_fuds_s0,fp32,53,5,47747287,250000000
lfp_t6plain_fuds_s0,fp32,53,6,47747287,250000000
lfp_t6plain_fuds_s0,fp32,53,7,47747287,250000000
lfp_t6plain_fuds_s0,fp32,53,8,47747287,250000000
lfp_t6plain_fuds_s0,fp32,53,9,47747287,250000000
lfp_t6plain_fuds_s0,fp32,53,10,47747287,250000000
lfp_t6plain_fuds_s0,fp32,53,11,47747287,250000000
lfp_t6plain_fuds_s0,fp32,53,12,47747287,250000000
lfp_t6plain_fuds_s0,fp32,53,13,47747287,250000000
lfp_t6plain_fuds_s0,fp32,53,14,47747287,250000000
lfp_t6plain_fuds_s0,fp32,53,15,47747287,250000000
lfp_t6plain_fuds_s0,fp32,54,0,47741779,250000000
lfp_t6plain_fuds_s0,fp32,54,1,47741733,250000000
lfp_t6plain_fuds_s0,fp32,54,2,47741733,250000000
lfp_t6plain_fuds_s0,fp32,54,3,47741733,250000000
lfp_t6plain_fuds_s0,fp32,54,4,47741733,250000000
lfp_t6plain_fuds_s0,fp32,54,5,47741733,250000000
lfp_t6plain_fuds_s0,fp32,54,6,47741733,250000000
lfp_t6plain_fuds_s0,fp32,54,7,47741733,250000000
lfp_t6plain_fuds_s0,fp32,54,8,47741733,250000000
lfp_t6plain_fuds_s0,fp32,54,9,47741733,250000000
lfp_t6plain_fuds_s0,fp32,54,10,47741733,250000000
lfp_t6plain_fuds_s0,fp32,54,11,47741733,250000000
lfp_t6plain_fuds_s0,fp32,54,12,47741733,250000000
lfp_t6plain_fuds_s0,fp32,54,13,47741733,250000000
lfp_t6plain_fuds_s0,fp32,54,14,47741733,250000000
lfp_t6plain_fuds_s0,fp32,54,15,47741733,250000000
lfp_t6plain_fuds_s0,fp32,55,0,47585189,250000000
lfp_t6plain_fuds_s0,fp32,55,1,47585143,250000000
lfp_t6plain_fuds_s0,fp32,55,2,47585143,250000000
lfp_t6plain_fuds_s0,fp32,55,3,47585143,250000000
lfp_t6plain_fuds_s0,fp32,55,4,47585143,250000000
lfp_t6plain_fuds_s0,fp32,55,5,47585143,250000000
lfp_t6plain_fuds_s0,fp32,55,6,47585143,250000000
lfp_t6plain_fuds_s0,fp32,55,7,47585143,250000000
lfp_t6plain_fuds_s0,fp32,55,8,47585143,250000000
lfp_t6plain_fuds_s0,fp32,55,9,47585143,250000000
lfp_t6plain_fuds_s0,fp32,55,10,47585143,250000000
lfp_t6plain_fuds_s0,fp32,55,11,47585143,250000000
lfp_t6plain_fuds_s0,fp32,55,12,47585143,250000000
lfp_t6plain_fuds_s0,fp32,55,13,47585143,250000000
lfp_t6plain_fuds_s0,fp32,55,14,47585143,250000000
lfp_t6plain_fuds_s0,fp32,55,15,47585143,250000000
lfp_t6plain_fuds_s0,fp32,56,0,47633899,250000000
lfp_t6plain_fuds_s0,fp32,56,1,47633851,250000000
lfp_t6plain_fuds_s0,fp32,56,2,47633851,250000000
lfp_t6plain_fuds_s0,fp32,56,3,47633851,250000000
lfp_t6plain_fuds_s0,fp32,56,4,47633851,250000000
lfp_t6plain_fuds_s0,fp32,56,5,47633851,250000000
lfp_t6plain_fuds_s0,fp32,56,6,47633851,250000000
lfp_t6plain_fuds_s0,fp32,56,7,47633851,250000000
lfp_t6plain_fuds_s0,fp32,56,8,47633851,250000000
lfp_t6plain_fuds_s0,fp32,56,9,47633851,250000000
lfp_t6plain_fuds_s0,fp32,56,10,47633851,250000000
lfp_t6plain_fuds_s0,fp32,56,11,47633851,250000000
lfp_t6plain_fuds_s0,fp32,56,12,47633851,250000000
lfp_t6plain_fuds_s0,fp32,56,13,47633851,250000000
lfp_t6plain_fuds_s0,fp32,56,14,47633851,250000000
lfp_t6plain_fuds_s0,fp32,56,15,47633851,250000000
lfp_t6plain_fuds_s0,fp32,57,0,47723226,250000000
lfp_t6plain_fuds_s0,fp32,57,1,47723178,250000000
lfp_t6plain_fuds_s0,fp32,57,2,47723178,250000000
lfp_t6plain_fuds_s0,fp32,57,3,47723178,250000000
lfp_t6plain_fuds_s0,fp32,57,4,47723178,250000000
lfp_t6plain_fuds_s0,fp32,57,5,47723178,250000000
lfp_t6plain_fuds_s0,fp32,57,6,47723178,250000000
lfp_t6plain_fuds_s0,fp32,57,7,47723178,250000000
lfp_t6plain_fuds_s0,fp32,57,8,47723178,250000000
lfp_t6plain_fuds_s0,fp32,57,9,47723178,250000000
lfp_t6plain_fuds_s0,fp32,57,10,47723178,250000000
lfp_t6plain_fuds_s0,fp32,57,11,47723178,250000000
lfp_t6plain_fuds_s0,fp32,57,12,47723178,250000000
lfp_t6plain_fuds_s0,fp32,57,13,47723178,250000000
lfp_t6plain_fuds_s0,fp32,57,14,47723178,250000000
lfp_t6plain_fuds_s0,fp32,57,15,47723178,250000000
lfp_t6plain_fuds_s0,fp32,58,0,47745335,250000000
lfp_t6plain_fuds_s0,fp32,58,1,47745280,250000000
lfp_t6plain_fuds_s0,fp32,58,2,47745280,250000000
lfp_t6plain_fuds_s0,fp32,58,3,47745280,250000000
lfp_t6plain_fuds_s0,fp32,58,4,47745280,250000000
lfp_t6plain_fuds_s0,fp32,58,5,47745280,250000000
lfp_t6plain_fuds_s0,fp32,58,6,47745280,250000000
lfp_t6plain_fuds_s0,fp32,58,7,47745280,250000000
lfp_t6plain_fuds_s0,fp32,58,8,47745280,250000000
lfp_t6plain_fuds_s0,fp32,58,9,47745280,250000000
lfp_t6plain_fuds_s0,fp32,58,10,47745280,250000000
lfp_t6plain_fuds_s0,fp32,58,11,47745280,250000000
lfp_t6plain_fuds_s0,fp32,58,12,47745280,250000000
lfp_t6plain_fuds_s0,fp32,58,13,47745280,250000000
lfp_t6plain_fuds_s0,fp32,58,14,47745280,250000000
lfp_t6plain_fuds_s0,fp32,58,15,47745280,250000000
lfp_t6plain_fuds_s0,fp32,59,0,47726860,250000000
lfp_t6plain_fuds_s0,fp32,59,1,47726835,250000000
lfp_t6plain_fuds_s0,fp32,59,2,47726835,250000000
lfp_t6plain_fuds_s0,fp32,59,3,47726835,250000000
lfp_t6plain_fuds_s0,fp32,59,4,47726835,250000000
lfp_t6plain_fuds_s0,fp32,59,5,47726835,250000000
lfp_t6plain_fuds_s0,fp32,59,6,47726835,250000000
lfp_t6plain_fuds_s0,fp32,59,7,47726835,250000000
lfp_t6plain_fuds_s0,fp32,59,8,47726835,250000000
lfp_t6plain_fuds_s0,fp32,59,9,47726835,250000000
lfp_t6plain_fuds_s0,fp32,59,10,47726835,250000000
lfp_t6plain_fuds_s0,fp32,59,11,47726835,250000000
lfp_t6plain_fuds_s0,fp32,59,12,47726835,250000000
lfp_t6plain_fuds_s0,fp32,59,13,47726835,250000000
lfp_t6plain_fuds_s0,fp32,59,14,47726835,250000000
lfp_t6plain_fuds_s0,fp32,59,15,47726835,250000000
lfp_t6plain_fuds_s0,fp32,60,0,47698718,250000000
lfp_t6plain_fuds_s0,fp32,60,1,47698663,250000000
lfp_t6plain_fuds_s0,fp32,60,2,47698663,250000000
lfp_t6plain_fuds_s0,fp32,60,3,47698663,250000000
lfp_t6plain_fuds_s0,fp32,60,4,47698663,250000000
lfp_t6plain_fuds_s0,fp32,60,5,47698663,250000000
lfp_t6plain_fuds_s0,fp32,60,6,47698663,250000000
lfp_t6plain_fuds_s0,fp32,60,7,47698663,250000000
lfp_t6plain_fuds_s0,fp32,60,8,47698663,250000000
lfp_t6plain_fuds_s0,fp32,60,9,47698663,250000000
lfp_t6plain_fuds_s0,fp32,60,10,47698663,250000000
lfp_t6plain_fuds_s0,fp32,60,11,47698663,250000000
lfp_t6plain_fuds_s0,fp32,60,12,47698663,250000000
lfp_t6plain_fuds_s0,fp32,60,13,47698663,250000000
lfp_t6plain_fuds_s0,fp32,60,14,47698663,250000000
lfp_t6plain_fuds_s0,fp32,60,15,47698663,250000000
lfp_t6plain_fuds_s0,fp32,61,0,47730760,250000000
lfp_t6plain_fuds_s0,fp32,61,1,47730705,250000000
lfp_t6plain_fuds_s0,fp32,61,2,47730705,250000000
lfp_t6plain_fuds_s0,fp32,61,3,47730705,250000000
lfp_t6plain_fuds_s0,fp32,61,4,47730705,250000000
lfp_t6plain_fuds_s0,fp32,61,5,47730705,250000000
lfp_t6plain_fuds_s0,fp32,61,6,47730705,250000000
lfp_t6plain_fuds_s0,fp32,61,7,47730705,250000000
lfp_t6plain_fuds_s0,fp32,61,8,47730705,250000000
lfp_t6plain_fuds_s0,fp32,61,9,47730705,250000000
lfp_t6plain_fuds_s0,fp32,61,10,47730705,250000000
lfp_t6plain_fuds_s0,fp32,61,11,47730705,250000000
lfp_t6plain_fuds_s0,fp32,61,12,47730705,250000000
lfp_t6plain_fuds_s0,fp32,61,13,47730705,250000000
lfp_t6plain_fuds_s0,fp32,61,14,47730705,250000000
lfp_t6plain_fuds_s0,fp32,61,15,47730705,250000000
lfp_t6plain_fuds_s0,fp32,62,0,47709598,250000000
lfp_t6plain_fuds_s0,fp32,62,1,47709550,250000000
lfp_t6plain_fuds_s0,fp32,62,2,47709550,250000000
lfp_t6plain_fuds_s0,fp32,62,3,47709550,250000000
lfp_t6plain_fuds_s0,fp32,62,4,47709550,250000000
lfp_t6plain_fuds_s0,fp32,62,5,47709550,250000000
lfp_t6plain_fuds_s0,fp32,62,6,47709550,250000000
lfp_t6plain_fuds_s0,fp32,62,7,47709550,250000000
lfp_t6plain_fuds_s0,fp32,62,8,47709550,250000000
lfp_t6plain_fuds_s0,fp32,62,9,47709550,250000000
lfp_t6plain_fuds_s0,fp32,62,10,47709550,250000000
lfp_t6plain_fuds_s0,fp32,62,11,47709550,250000000
lfp_t6plain_fuds_s0,fp32,62,12,47709550,250000000
lfp_t6plain_fuds_s0,fp32,62,13,47709550,250000000
lfp_t6plain_fuds_s0,fp32,62,14,47709550,250000000
lfp_t6plain_fuds_s0,fp32,62,15,47709550,250000000
lfp_t6plain_fuds_s0,fp32,63,0,47586465,250000000
lfp_t6plain_fuds_s0,fp32,63,1,47586419,250000000
lfp_t6plain_fuds_s0,fp32,63,2,47586419,250000000
lfp_t6plain_fuds_s0,fp32,63,3,47586419,250000000
lfp_t6plain_fuds_s0,fp32,63,4,47586419,250000000
lfp_t6plain_fuds_s0,fp32,63,5,47586419,250000000
lfp_t6plain_fuds_s0,fp32,63,6,47586419,250000000
lfp_t6plain_fuds_s0,fp32,63,7,47586419,250000000
lfp_t6plain_fuds_s0,fp32,63,8,47586419,250000000
lfp_t6plain_fuds_s0,fp32,63,9,47586419,250000000
lfp_t6plain_fuds_s0,fp32,63,10,47586419,250000000
lfp_t6plain_fuds_s0,fp32,63,11,47586419,250000000
lfp_t6plain_fuds_s0,fp32,63,12,47586419,250000000
lfp_t6plain_fuds_s0,fp32,63,13,47586419,250000000
lfp_t6plain_fuds_s0,fp32,63,14,47586419,250000000
lfp_t6plain_fuds_s0,fp32,63,15,47586419,250000000
lfp_t6plain_fuds_s1,fp32,0,0,47625902,250000000
lfp_t6plain_fuds_s1,fp32,0,1,47625902,250000000
lfp_t6plain_fuds_s1,fp32,0,2,47625902,250000000
lfp_t6plain_fuds_s1,fp32,0,3,47625902,250000000
lfp_t6plain_fuds_s1,fp32,0,4,47625902,250000000
lfp_t6plain_fuds_s1,fp32,0,5,47625902,250000000
lfp_t6plain_fuds_s1,fp32,0,6,47625902,250000000
lfp_t6plain_fuds_s1,fp32,0,7,47625902,250000000
lfp_t6plain_fuds_s1,fp32,0,8,47625902,250000000
lfp_t6plain_fuds_s1,fp32,0,9,47625902,250000000
lfp_t6plain_fuds_s1,fp32,0,10,47625902,250000000
lfp_t6plain_fuds_s1,fp32,0,11,47625902,250000000
lfp_t6plain_fuds_s1,fp32,0,12,47625902,250000000
lfp_t6plain_fuds_s1,fp32,0,13,47625902,250000000
lfp_t6plain_fuds_s1,fp32,0,14,47625902,250000000
lfp_t6plain_fuds_s1,fp32,0,15,47625902,250000000
lfp_t6plain_fuds_s1,fp32,1,0,47754400,250000000
lfp_t6plain_fuds_s1,fp32,1,1,47754354,250000000
lfp_t6plain_fuds_s1,fp32,1,2,47754354,250000000
lfp_t6plain_fuds_s1,fp32,1,3,47754354,250000000
lfp_t6plain_fuds_s1,fp32,1,4,47754354,250000000
lfp_t6plain_fuds_s1,fp32,1,5,47754354,250000000
lfp_t6plain_fuds_s1,fp32,1,6,47754354,250000000
lfp_t6plain_fuds_s1,fp32,1,7,47754354,250000000
lfp_t6plain_fuds_s1,fp32,1,8,47754354,250000000
lfp_t6plain_fuds_s1,fp32,1,9,47754354,250000000
lfp_t6plain_fuds_s1,fp32,1,10,47754354,250000000
lfp_t6plain_fuds_s1,fp32,1,11,47754354,250000000
lfp_t6plain_fuds_s1,fp32,1,12,47754354,250000000
lfp_t6plain_fuds_s1,fp32,1,13,47754354,250000000
lfp_t6plain_fuds_s1,fp32,1,14,47754354,250000000
lfp_t6plain_fuds_s1,fp32,1,15,47754354,250000000
lfp_t6plain_fuds_s1,fp32,2,0,47733535,250000000
lfp_t6plain_fuds_s1,fp32,2,1,47733489,250000000
lfp_t6plain_fuds_s1,fp32,2,2,47733489,250000000
lfp_t6plain_fuds_s1,fp32,2,3,47733489,250000000
lfp_t6plain_fuds_s1,fp32,2,4,47733489,250000000
lfp_t6plain_fuds_s1,fp32,2,5,47733489,250000000
lfp_t6plain_fuds_s1,fp32,2,6,47733489,250000000
lfp_t6plain_fuds_s1,fp32,2,7,47733489,250000000
lfp_t6plain_fuds_s1,fp32,2,8,47733489,250000000
lfp_t6plain_fuds_s1,fp32,2,9,47733489,250000000
lfp_t6plain_fuds_s1,fp32,2,10,47733489,250000000
lfp_t6plain_fuds_s1,fp32,2,11,47733489,250000000
lfp_t6plain_fuds_s1,fp32,2,12,47733489,250000000
lfp_t6plain_fuds_s1,fp32,2,13,47733489,250000000
lfp_t6plain_fuds_s1,fp32,2,14,47733489,250000000
lfp_t6plain_fuds_s1,fp32,2,15,47733489,250000000
lfp_t6plain_fuds_s1,fp32,3,0,47744510,250000000
lfp_t6plain_fuds_s1,fp32,3,1,47744457,250000000
lfp_t6plain_fuds_s1,fp32,3,2,47744457,250000000
lfp_t6plain_fuds_s1,fp32,3,3,47744457,250000000
lfp_t6plain_fuds_s1,fp32,3,4,47744457,250000000
lfp_t6plain_fuds_s1,fp32,3,5,47744457,250000000
lfp_t6plain_fuds_s1,fp32,3,6,47744457,250000000
lfp_t6plain_fuds_s1,fp32,3,7,47744457,250000000
lfp_t6plain_fuds_s1,fp32,3,8,47744457,250000000
lfp_t6plain_fuds_s1,fp32,3,9,47744457,250000000
lfp_t6plain_fuds_s1,fp32,3,10,47744457,250000000
lfp_t6plain_fuds_s1,fp32,3,11,47744457,250000000
lfp_t6plain_fuds_s1,fp32,3,12,47744457,250000000
lfp_t6plain_fuds_s1,fp32,3,13,47744457,250000000
lfp_t6plain_fuds_s1,fp32,3,14,47744457,250000000
lfp_t6plain_fuds_s1,fp32,3,15,47744457,250000000
lfp_t6plain_fuds_s1,fp32,4,0,47722037,250000000
lfp_t6plain_fuds_s1,fp32,4,1,47722012,250000000
lfp_t6plain_fuds_s1,fp32,4,2,47722012,250000000
lfp_t6plain_fuds_s1,fp32,4,3,47722012,250000000
lfp_t6plain_fuds_s1,fp32,4,4,47722012,250000000
lfp_t6plain_fuds_s1,fp32,4,5,47722012,250000000
lfp_t6plain_fuds_s1,fp32,4,6,47722012,250000000
lfp_t6plain_fuds_s1,fp32,4,7,47722012,250000000
lfp_t6plain_fuds_s1,fp32,4,8,47722012,250000000
lfp_t6plain_fuds_s1,fp32,4,9,47722012,250000000
lfp_t6plain_fuds_s1,fp32,4,10,47722012,250000000
lfp_t6plain_fuds_s1,fp32,4,11,47722012,250000000
lfp_t6plain_fuds_s1,fp32,4,12,47722012,250000000
lfp_t6plain_fuds_s1,fp32,4,13,47722012,250000000
lfp_t6plain_fuds_s1,fp32,4,14,47722012,250000000
lfp_t6plain_fuds_s1,fp32,4,15,47722012,250000000
lfp_t6plain_fuds_s1,fp32,5,0,47707666,250000000
lfp_t6plain_fuds_s1,fp32,5,1,47707643,250000000
lfp_t6plain_fuds_s1,fp32,5,2,47707643,250000000
lfp_t6plain_fuds_s1,fp32,5,3,47707643,250000000
lfp_t6plain_fuds_s1,fp32,5,4,47707643,250000000
lfp_t6plain_fuds_s1,fp32,5,5,47707643,250000000
lfp_t6plain_fuds_s1,fp32,5,6,47707643,250000000
lfp_t6plain_fuds_s1,fp32,5,7,47707643,250000000
lfp_t6plain_fuds_s1,fp32,5,8,47707643,250000000
lfp_t6plain_fuds_s1,fp32,5,9,47707643,250000000
lfp_t6plain_fuds_s1,fp32,5,10,47707643,250000000
lfp_t6plain_fuds_s1,fp32,5,11,47707643,250000000
lfp_t6plain_fuds_s1,fp32,5,12,47707643,250000000
lfp_t6plain_fuds_s1,fp32,5,13,47707643,250000000
lfp_t6plain_fuds_s1,fp32,5,14,47707643,250000000
lfp_t6plain_fuds_s1,fp32,5,15,47707643,250000000
lfp_t6plain_fuds_s1,fp32,6,0,47691137,250000000
lfp_t6plain_fuds_s1,fp32,6,1,47691084,250000000
lfp_t6plain_fuds_s1,fp32,6,2,47691084,250000000
lfp_t6plain_fuds_s1,fp32,6,3,47691084,250000000
lfp_t6plain_fuds_s1,fp32,6,4,47691084,250000000
lfp_t6plain_fuds_s1,fp32,6,5,47691084,250000000
lfp_t6plain_fuds_s1,fp32,6,6,47691084,250000000
lfp_t6plain_fuds_s1,fp32,6,7,47691084,250000000
lfp_t6plain_fuds_s1,fp32,6,8,47691084,250000000
lfp_t6plain_fuds_s1,fp32,6,9,47691084,250000000
lfp_t6plain_fuds_s1,fp32,6,10,47691084,250000000
lfp_t6plain_fuds_s1,fp32,6,11,47691084,250000000
lfp_t6plain_fuds_s1,fp32,6,12,47691084,250000000
lfp_t6plain_fuds_s1,fp32,6,13,47691084,250000000
lfp_t6plain_fuds_s1,fp32,6,14,47691084,250000000
lfp_t6plain_fuds_s1,fp32,6,15,47691084,250000000
lfp_t6plain_fuds_s1,fp32,7,0,47672663,250000000
lfp_t6plain_fuds_s1,fp32,7,1,47672608,250000000
lfp_t6plain_fuds_s1,fp32,7,2,47672608,250000000
lfp_t6plain_fuds_s1,fp32,7,3,47672608,250000000
lfp_t6plain_fuds_s1,fp32,7,4,47672608,250000000
lfp_t6plain_fuds_s1,fp32,7,5,47672608,250000000
lfp_t6plain_fuds_s1,fp32,7,6,47672608,250000000
lfp_t6plain_fuds_s1,fp32,7,7,47672608,250000000
lfp_t6plain_fuds_s1,fp32,7,8,47672608,250000000
lfp_t6plain_fuds_s1,fp32,7,9,47672608,250000000
lfp_t6plain_fuds_s1,fp32,7,10,47672608,250000000
lfp_t6plain_fuds_s1,fp32,7,11,47672608,250000000
lfp_t6plain_fuds_s1,fp32,7,12,47672608,250000000
lfp_t6plain_fuds_s1,fp32,7,13,47672608,250000000
lfp_t6plain_fuds_s1,fp32,7,14,47672608,250000000
lfp_t6plain_fuds_s1,fp32,7,15,47672608,250000000
lfp_t6plain_fuds_s1,fp32,8,0,47626589,250000000
lfp_t6plain_fuds_s1,fp32,8,1,47626541,250000000
lfp_t6plain_fuds_s1,fp32,8,2,47626541,250000000
lfp_t6plain_fuds_s1,fp32,8,3,47626541,250000000
lfp_t6plain_fuds_s1,fp32,8,4,47626541,250000000
lfp_t6plain_fuds_s1,fp32,8,5,47626541,250000000
lfp_t6plain_fuds_s1,fp32,8,6,47626541,250000000
lfp_t6plain_fuds_s1,fp32,8,7,47626541,250000000
lfp_t6plain_fuds_s1,fp32,8,8,47626541,250000000
lfp_t6plain_fuds_s1,fp32,8,9,47626541,250000000
lfp_t6plain_fuds_s1,fp32,8,10,47626541,250000000
lfp_t6plain_fuds_s1,fp32,8,11,47626541,250000000
lfp_t6plain_fuds_s1,fp32,8,12,47626541,250000000
lfp_t6plain_fuds_s1,fp32,8,13,47626541,250000000
lfp_t6plain_fuds_s1,fp32,8,14,47626541,250000000
lfp_t6plain_fuds_s1,fp32,8,15,47626541,250000000
lfp_t6plain_fuds_s1,fp32,9,0,47750916,250000000
lfp_t6plain_fuds_s1,fp32,9,1,47750870,250000000
lfp_t6plain_fuds_s1,fp32,9,2,47750870,250000000
lfp_t6plain_fuds_s1,fp32,9,3,47750870,250000000
lfp_t6plain_fuds_s1,fp32,9,4,47750870,250000000
lfp_t6plain_fuds_s1,fp32,9,5,47750870,250000000
lfp_t6plain_fuds_s1,fp32,9,6,47750870,250000000
lfp_t6plain_fuds_s1,fp32,9,7,47750870,250000000
lfp_t6plain_fuds_s1,fp32,9,8,47750870,250000000
lfp_t6plain_fuds_s1,fp32,9,9,47750870,250000000
lfp_t6plain_fuds_s1,fp32,9,10,47750870,250000000
lfp_t6plain_fuds_s1,fp32,9,11,47750870,250000000
lfp_t6plain_fuds_s1,fp32,9,12,47750870,250000000
lfp_t6plain_fuds_s1,fp32,9,13,47750870,250000000
lfp_t6plain_fuds_s1,fp32,9,14,47750870,250000000
lfp_t6plain_fuds_s1,fp32,9,15,47750870,250000000
lfp_t6plain_fuds_s1,fp32,10,0,47770133,250000000
lfp_t6plain_fuds_s1,fp32,10,1,47770080,250000000
lfp_t6plain_fuds_s1,fp32,10,2,47770080,250000000
lfp_t6plain_fuds_s1,fp32,10,3,47770080,250000000
lfp_t6plain_fuds_s1,fp32,10,4,47770080,250000000
lfp_t6plain_fuds_s1,fp32,10,5,47770080,250000000
lfp_t6plain_fuds_s1,fp32,10,6,47770080,250000000
lfp_t6plain_fuds_s1,fp32,10,7,47770080,250000000
lfp_t6plain_fuds_s1,fp32,10,8,47770080,250000000
lfp_t6plain_fuds_s1,fp32,10,9,47770080,250000000
lfp_t6plain_fuds_s1,fp32,10,10,47770080,250000000
lfp_t6plain_fuds_s1,fp32,10,11,47770080,250000000
lfp_t6plain_fuds_s1,fp32,10,12,47770080,250000000
lfp_t6plain_fuds_s1,fp32,10,13,47770080,250000000
lfp_t6plain_fuds_s1,fp32,10,14,47770080,250000000
lfp_t6plain_fuds_s1,fp32,10,15,47770080,250000000
lfp_t6plain_fuds_s1,fp32,11,0,47726994,250000000
lfp_t6plain_fuds_s1,fp32,11,1,47726941,250000000
lfp_t6plain_fuds_s1,fp32,11,2,47726941,250000000
lfp_t6plain_fuds_s1,fp32,11,3,47726941,250000000
lfp_t6plain_fuds_s1,fp32,11,4,47726941,250000000
lfp_t6plain_fuds_s1,fp32,11,5,47726941,250000000
lfp_t6plain_fuds_s1,fp32,11,6,47726941,250000000
lfp_t6plain_fuds_s1,fp32,11,7,47726941,250000000
lfp_t6plain_fuds_s1,fp32,11,8,47726941,250000000
lfp_t6plain_fuds_s1,fp32,11,9,47726941,250000000
lfp_t6plain_fuds_s1,fp32,11,10,47726941,250000000
lfp_t6plain_fuds_s1,fp32,11,11,47726941,250000000
lfp_t6plain_fuds_s1,fp32,11,12,47726941,250000000
lfp_t6plain_fuds_s1,fp32,11,13,47726941,250000000
lfp_t6plain_fuds_s1,fp32,11,14,47726941,250000000
lfp_t6plain_fuds_s1,fp32,11,15,47726941,250000000
lfp_t6plain_fuds_s1,fp32,12,0,47726635,250000000
lfp_t6plain_fuds_s1,fp32,12,1,47726610,250000000
lfp_t6plain_fuds_s1,fp32,12,2,47726610,250000000
lfp_t6plain_fuds_s1,fp32,12,3,47726610,250000000
lfp_t6plain_fuds_s1,fp32,12,4,47726610,250000000
lfp_t6plain_fuds_s1,fp32,12,5,47726610,250000000
lfp_t6plain_fuds_s1,fp32,12,6,47726610,250000000
lfp_t6plain_fuds_s1,fp32,12,7,47726610,250000000
lfp_t6plain_fuds_s1,fp32,12,8,47726610,250000000
lfp_t6plain_fuds_s1,fp32,12,9,47726610,250000000
lfp_t6plain_fuds_s1,fp32,12,10,47726610,250000000
lfp_t6plain_fuds_s1,fp32,12,11,47726610,250000000
lfp_t6plain_fuds_s1,fp32,12,12,47726610,250000000
lfp_t6plain_fuds_s1,fp32,12,13,47726610,250000000
lfp_t6plain_fuds_s1,fp32,12,14,47726610,250000000
lfp_t6plain_fuds_s1,fp32,12,15,47726610,250000000
lfp_t6plain_fuds_s1,fp32,13,0,47724617,250000000
lfp_t6plain_fuds_s1,fp32,13,1,47724562,250000000
lfp_t6plain_fuds_s1,fp32,13,2,47724562,250000000
lfp_t6plain_fuds_s1,fp32,13,3,47724562,250000000
lfp_t6plain_fuds_s1,fp32,13,4,47724562,250000000
lfp_t6plain_fuds_s1,fp32,13,5,47724562,250000000
lfp_t6plain_fuds_s1,fp32,13,6,47724562,250000000
lfp_t6plain_fuds_s1,fp32,13,7,47724562,250000000
lfp_t6plain_fuds_s1,fp32,13,8,47724562,250000000
lfp_t6plain_fuds_s1,fp32,13,9,47724562,250000000
lfp_t6plain_fuds_s1,fp32,13,10,47724562,250000000
lfp_t6plain_fuds_s1,fp32,13,11,47724562,250000000
lfp_t6plain_fuds_s1,fp32,13,12,47724562,250000000
lfp_t6plain_fuds_s1,fp32,13,13,47724562,250000000
lfp_t6plain_fuds_s1,fp32,13,14,47724562,250000000
lfp_t6plain_fuds_s1,fp32,13,15,47724562,250000000
lfp_t6plain_fuds_s1,fp32,14,0,47684147,250000000
lfp_t6plain_fuds_s1,fp32,14,1,47684101,250000000
lfp_t6plain_fuds_s1,fp32,14,2,47684101,250000000
lfp_t6plain_fuds_s1,fp32,14,3,47684101,250000000
lfp_t6plain_fuds_s1,fp32,14,4,47684101,250000000
lfp_t6plain_fuds_s1,fp32,14,5,47684101,250000000
lfp_t6plain_fuds_s1,fp32,14,6,47684101,250000000
lfp_t6plain_fuds_s1,fp32,14,7,47684101,250000000
lfp_t6plain_fuds_s1,fp32,14,8,47684101,250000000
lfp_t6plain_fuds_s1,fp32,14,9,47684101,250000000
lfp_t6plain_fuds_s1,fp32,14,10,47684101,250000000
lfp_t6plain_fuds_s1,fp32,14,11,47684101,250000000
lfp_t6plain_fuds_s1,fp32,14,12,47684101,250000000
lfp_t6plain_fuds_s1,fp32,14,13,47684101,250000000
lfp_t6plain_fuds_s1,fp32,14,14,47684101,250000000
lfp_t6plain_fuds_s1,fp32,14,15,47684101,250000000
lfp_t6plain_fuds_s1,fp32,15,0,47613505,250000000
lfp_t6plain_fuds_s1,fp32,15,1,47613459,250000000
lfp_t6plain_fuds_s1,fp32,15,2,47613459,250000000
lfp_t6plain_fuds_s1,fp32,15,3,47613459,250000000
lfp_t6plain_fuds_s1,fp32,15,4,47613459,250000000
lfp_t6plain_fuds_s1,fp32,15,5,47613459,250000000
lfp_t6plain_fuds_s1,fp32,15,6,47613459,250000000
lfp_t6plain_fuds_s1,fp32,15,7,47613459,250000000
lfp_t6plain_fuds_s1,fp32,15,8,47613459,250000000
lfp_t6plain_fuds_s1,fp32,15,9,47613459,250000000
lfp_t6plain_fuds_s1,fp32,15,10,47613459,250000000
lfp_t6plain_fuds_s1,fp32,15,11,47613459,250000000
lfp_t6plain_fuds_s1,fp32,15,12,47613459,250000000
lfp_t6plain_fuds_s1,fp32,15,13,47613459,250000000
lfp_t6plain_fuds_s1,fp32,15,14,47613459,250000000
lfp_t6plain_fuds_s1,fp32,15,15,47613459,250000000
lfp_t6plain_fuds_s1,fp32,16,0,47627206,250000000
lfp_t6plain_fuds_s1,fp32,16,1,47627158,250000000
lfp_t6plain_fuds_s1,fp32,16,2,47627158,250000000
lfp_t6plain_fuds_s1,fp32,16,3,47627158,250000000
lfp_t6plain_fuds_s1,fp32,16,4,47627158,250000000
lfp_t6plain_fuds_s1,fp32,16,5,47627158,250000000
lfp_t6plain_fuds_s1,fp32,16,6,47627158,250000000
lfp_t6plain_fuds_s1,fp32,16,7,47627158,250000000
lfp_t6plain_fuds_s1,fp32,16,8,47627158,250000000
lfp_t6plain_fuds_s1,fp32,16,9,47627158,250000000
lfp_t6plain_fuds_s1,fp32,16,10,47627158,250000000
lfp_t6plain_fuds_s1,fp32,16,11,47627158,250000000
lfp_t6plain_fuds_s1,fp32,16,12,47627158,250000000
lfp_t6plain_fuds_s1,fp32,16,13,47627158,250000000
lfp_t6plain_fuds_s1,fp32,16,14,47627158,250000000
lfp_t6plain_fuds_s1,fp32,16,15,47627158,250000000
lfp_t6plain_fuds_s1,fp32,17,0,47755279,250000000
lfp_t6plain_fuds_s1,fp32,17,1,47755231,250000000
lfp_t6plain_fuds_s1,fp32,17,2,47755231,250000000
lfp_t6plain_fuds_s1,fp32,17,3,47755231,250000000
lfp_t6plain_fuds_s1,fp32,17,4,47755231,250000000
lfp_t6plain_fuds_s1,fp32,17,5,47755231,250000000
lfp_t6plain_fuds_s1,fp32,17,6,47755231,250000000
lfp_t6plain_fuds_s1,fp32,17,7,47755231,250000000
lfp_t6plain_fuds_s1,fp32,17,8,47755231,250000000
lfp_t6plain_fuds_s1,fp32,17,9,47755231,250000000
lfp_t6plain_fuds_s1,fp32,17,10,47755231,250000000
lfp_t6plain_fuds_s1,fp32,17,11,47755231,250000000
lfp_t6plain_fuds_s1,fp32,17,12,47755231,250000000
lfp_t6plain_fuds_s1,fp32,17,13,47755231,250000000
lfp_t6plain_fuds_s1,fp32,17,14,47755231,250000000
lfp_t6plain_fuds_s1,fp32,17,15,47755231,250000000
lfp_t6plain_fuds_s1,fp32,18,0,47786663,250000000
lfp_t6plain_fuds_s1,fp32,18,1,47786610,250000000
lfp_t6plain_fuds_s1,fp32,18,2,47786610,250000000
lfp_t6plain_fuds_s1,fp32,18,3,47786610,250000000
lfp_t6plain_fuds_s1,fp32,18,4,47786610,250000000
lfp_t6plain_fuds_s1,fp32,18,5,47786610,250000000
lfp_t6plain_fuds_s1,fp32,18,6,47786610,250000000
lfp_t6plain_fuds_s1,fp32,18,7,47786610,250000000
lfp_t6plain_fuds_s1,fp32,18,8,47786610,250000000
lfp_t6plain_fuds_s1,fp32,18,9,47786610,250000000
lfp_t6plain_fuds_s1,fp32,18,10,47786610,250000000
lfp_t6plain_fuds_s1,fp32,18,11,47786610,250000000
lfp_t6plain_fuds_s1,fp32,18,12,47786610,250000000
lfp_t6plain_fuds_s1,fp32,18,13,47786610,250000000
lfp_t6plain_fuds_s1,fp32,18,14,47786610,250000000
lfp_t6plain_fuds_s1,fp32,18,15,47786610,250000000
lfp_t6plain_fuds_s1,fp32,19,0,47747547,250000000
lfp_t6plain_fuds_s1,fp32,19,1,47747494,250000000
lfp_t6plain_fuds_s1,fp32,19,2,47747494,250000000
lfp_t6plain_fuds_s1,fp32,19,3,47747494,250000000
lfp_t6plain_fuds_s1,fp32,19,4,47747494,250000000
lfp_t6plain_fuds_s1,fp32,19,5,47747494,250000000
lfp_t6plain_fuds_s1,fp32,19,6,47747494,250000000
lfp_t6plain_fuds_s1,fp32,19,7,47747494,250000000
lfp_t6plain_fuds_s1,fp32,19,8,47747494,250000000
lfp_t6plain_fuds_s1,fp32,19,9,47747494,250000000
lfp_t6plain_fuds_s1,fp32,19,10,47747494,250000000
lfp_t6plain_fuds_s1,fp32,19,11,47747494,250000000
lfp_t6plain_fuds_s1,fp32,19,12,47747494,250000000
lfp_t6plain_fuds_s1,fp32,19,13,47747494,250000000
lfp_t6plain_fuds_s1,fp32,19,14,47747494,250000000
lfp_t6plain_fuds_s1,fp32,19,15,47747494,250000000
lfp_t6plain_fuds_s1,fp32,20,0,47739142,250000000
lfp_t6plain_fuds_s1,fp32,20,1,47739117,250000000
lfp_t6plain_fuds_s1,fp32,20,2,47739117,250000000
lfp_t6plain_fuds_s1,fp32,20,3,47739117,250000000
lfp_t6plain_fuds_s1,fp32,20,4,47739117,250000000
lfp_t6plain_fuds_s1,fp32,20,5,47739117,250000000
lfp_t6plain_fuds_s1,fp32,20,6,47739117,250000000
lfp_t6plain_fuds_s1,fp32,20,7,47739117,250000000
lfp_t6plain_fuds_s1,fp32,20,8,47739117,250000000
lfp_t6plain_fuds_s1,fp32,20,9,47739117,250000000
lfp_t6plain_fuds_s1,fp32,20,10,47739117,250000000
lfp_t6plain_fuds_s1,fp32,20,11,47739117,250000000
lfp_t6plain_fuds_s1,fp32,20,12,47739117,250000000
lfp_t6plain_fuds_s1,fp32,20,13,47739117,250000000
lfp_t6plain_fuds_s1,fp32,20,14,47739117,250000000
lfp_t6plain_fuds_s1,fp32,20,15,47739117,250000000
lfp_t6plain_fuds_s1,fp32,21,0,47745224,250000000
lfp_t6plain_fuds_s1,fp32,21,1,47745169,250000000
lfp_t6plain_fuds_s1,fp32,21,2,47745169,250000000
lfp_t6plain_fuds_s1,fp32,21,3,47745169,250000000
lfp_t6plain_fuds_s1,fp32,21,4,47745169,250000000
lfp_t6plain_fuds_s1,fp32,21,5,47745169,250000000
lfp_t6plain_fuds_s1,fp32,21,6,47745169,250000000
lfp_t6plain_fuds_s1,fp32,21,7,47745169,250000000
lfp_t6plain_fuds_s1,fp32,21,8,47745169,250000000
lfp_t6plain_fuds_s1,fp32,21,9,47745169,250000000
lfp_t6plain_fuds_s1,fp32,21,10,47745169,250000000
lfp_t6plain_fuds_s1,fp32,21,11,47745169,250000000
lfp_t6plain_fuds_s1,fp32,21,12,47745169,250000000
lfp_t6plain_fuds_s1,fp32,21,13,47745169,250000000
lfp_t6plain_fuds_s1,fp32,21,14,47745169,250000000
lfp_t6plain_fuds_s1,fp32,21,15,47745169,250000000
lfp_t6plain_fuds_s1,fp32,22,0,47717485,250000000
lfp_t6plain_fuds_s1,fp32,22,1,47717439,250000000
lfp_t6plain_fuds_s1,fp32,22,2,47717439,250000000
lfp_t6plain_fuds_s1,fp32,22,3,47717439,250000000
lfp_t6plain_fuds_s1,fp32,22,4,47717439,250000000
lfp_t6plain_fuds_s1,fp32,22,5,47717439,250000000
lfp_t6plain_fuds_s1,fp32,22,6,47717439,250000000
lfp_t6plain_fuds_s1,fp32,22,7,47717439,250000000
lfp_t6plain_fuds_s1,fp32,22,8,47717439,250000000
lfp_t6plain_fuds_s1,fp32,22,9,47717439,250000000
lfp_t6plain_fuds_s1,fp32,22,10,47717439,250000000
lfp_t6plain_fuds_s1,fp32,22,11,47717439,250000000
lfp_t6plain_fuds_s1,fp32,22,12,47717439,250000000
lfp_t6plain_fuds_s1,fp32,22,13,47717439,250000000
lfp_t6plain_fuds_s1,fp32,22,14,47717439,250000000
lfp_t6plain_fuds_s1,fp32,22,15,47717439,250000000
lfp_t6plain_fuds_s1,fp32,23,0,47650227,250000000
lfp_t6plain_fuds_s1,fp32,23,1,47650181,250000000
lfp_t6plain_fuds_s1,fp32,23,2,47650181,250000000
lfp_t6plain_fuds_s1,fp32,23,3,47650181,250000000
lfp_t6plain_fuds_s1,fp32,23,4,47650181,250000000
lfp_t6plain_fuds_s1,fp32,23,5,47650181,250000000
lfp_t6plain_fuds_s1,fp32,23,6,47650181,250000000
lfp_t6plain_fuds_s1,fp32,23,7,47650181,250000000
lfp_t6plain_fuds_s1,fp32,23,8,47650181,250000000
lfp_t6plain_fuds_s1,fp32,23,9,47650181,250000000
lfp_t6plain_fuds_s1,fp32,23,10,47650181,250000000
lfp_t6plain_fuds_s1,fp32,23,11,47650181,250000000
lfp_t6plain_fuds_s1,fp32,23,12,47650181,250000000
lfp_t6plain_fuds_s1,fp32,23,13,47650181,250000000
lfp_t6plain_fuds_s1,fp32,23,14,47650181,250000000
lfp_t6plain_fuds_s1,fp32,23,15,47650181,250000000
lfp_t6plain_fuds_s1,fp32,24,0,47624865,250000000
lfp_t6plain_fuds_s1,fp32,24,1,47624817,250000000
lfp_t6plain_fuds_s1,fp32,24,2,47624817,250000000
lfp_t6plain_fuds_s1,fp32,24,3,47624817,250000000
lfp_t6plain_fuds_s1,fp32,24,4,47624817,250000000
lfp_t6plain_fuds_s1,fp32,24,5,47624817,250000000
lfp_t6plain_fuds_s1,fp32,24,6,47624817,250000000
lfp_t6plain_fuds_s1,fp32,24,7,47624817,250000000
lfp_t6plain_fuds_s1,fp32,24,8,47624817,250000000
lfp_t6plain_fuds_s1,fp32,24,9,47624817,250000000
lfp_t6plain_fuds_s1,fp32,24,10,47624817,250000000
lfp_t6plain_fuds_s1,fp32,24,11,47624817,250000000
lfp_t6plain_fuds_s1,fp32,24,12,47624817,250000000
lfp_t6plain_fuds_s1,fp32,24,13,47624817,250000000
lfp_t6plain_fuds_s1,fp32,24,14,47624817,250000000
lfp_t6plain_fuds_s1,fp32,24,15,47624817,250000000
lfp_t6plain_fuds_s1,fp32,25,0,47765755,250000000
lfp_t6plain_fuds_s1,fp32,25,1,47765709,250000000
lfp_t6plain_fuds_s1,fp32,25,2,47765709,250000000
lfp_t6plain_fuds_s1,fp32,25,3,47765709,250000000
lfp_t6plain_fuds_s1,fp32,25,4,47765709,250000000
lfp_t6plain_fuds_s1,fp32,25,5,47765709,250000000
lfp_t6plain_fuds_s1,fp32,25,6,47765709,250000000
lfp_t6plain_fuds_s1,fp32,25,7,47765709,250000000
lfp_t6plain_fuds_s1,fp32,25,8,47765709,250000000
lfp_t6plain_fuds_s1,fp32,25,9,47765709,250000000
lfp_t6plain_fuds_s1,fp32,25,10,47765709,250000000
lfp_t6plain_fuds_s1,fp32,25,11,47765709,250000000
lfp_t6plain_fuds_s1,fp32,25,12,47765709,250000000
lfp_t6plain_fuds_s1,fp32,25,13,47765709,250000000
lfp_t6plain_fuds_s1,fp32,25,14,47765709,250000000
lfp_t6plain_fuds_s1,fp32,25,15,47765709,250000000
lfp_t6plain_fuds_s1,fp32,26,0,47799945,250000000
lfp_t6plain_fuds_s1,fp32,26,1,47799892,250000000
lfp_t6plain_fuds_s1,fp32,26,2,47799892,250000000
lfp_t6plain_fuds_s1,fp32,26,3,47799892,250000000
lfp_t6plain_fuds_s1,fp32,26,4,47799892,250000000
lfp_t6plain_fuds_s1,fp32,26,5,47799892,250000000
lfp_t6plain_fuds_s1,fp32,26,6,47799892,250000000
lfp_t6plain_fuds_s1,fp32,26,7,47799892,250000000
lfp_t6plain_fuds_s1,fp32,26,8,47799892,250000000
lfp_t6plain_fuds_s1,fp32,26,9,47799892,250000000
lfp_t6plain_fuds_s1,fp32,26,10,47799892,250000000
lfp_t6plain_fuds_s1,fp32,26,11,47799892,250000000
lfp_t6plain_fuds_s1,fp32,26,12,47799892,250000000
lfp_t6plain_fuds_s1,fp32,26,13,47799892,250000000
lfp_t6plain_fuds_s1,fp32,26,14,47799892,250000000
lfp_t6plain_fuds_s1,fp32,26,15,47799892,250000000
lfp_t6plain_fuds_s1,fp32,27,0,47771065,250000000
lfp_t6plain_fuds_s1,fp32,27,1,47771042,250000000
lfp_t6plain_fuds_s1,fp32,27,2,47771042,250000000
lfp_t6plain_fuds_s1,fp32,27,3,47771042,250000000
lfp_t6plain_fuds_s1,fp32,27,4,47771042,250000000
lfp_t6plain_fuds_s1,fp32,27,5,47771042,250000000
lfp_t6plain_fuds_s1,fp32,27,6,47771042,250000000
lfp_t6plain_fuds_s1,fp32,27,7,47771042,250000000
lfp_t6plain_fuds_s1,fp32,27,8,47771042,250000000
lfp_t6plain_fuds_s1,fp32,27,9,47771042,250000000
lfp_t6plain_fuds_s1,fp32,27,10,47771042,250000000
lfp_t6plain_fuds_s1,fp32,27,11,47771042,250000000
lfp_t6plain_fuds_s1,fp32,27,12,47771042,250000000
lfp_t6plain_fuds_s1,fp32,27,13,47771042,250000000
lfp_t6plain_fuds_s1,fp32,27,14,47771042,250000000
lfp_t6plain_fuds_s1,fp32,27,15,47771042,250000000
lfp_t6plain_fuds_s1,fp32,28,0,47749331,250000000
lfp_t6plain_fuds_s1,fp32,28,1,47749306,250000000
lfp_t6plain_fuds_s1,fp32,28,2,47749306,250000000
lfp_t6plain_fuds_s1,fp32,28,3,47749306,250000000
lfp_t6plain_fuds_s1,fp32,28,4,47749306,250000000
lfp_t6plain_fuds_s1,fp32,28,5,47749306,250000000
lfp_t6plain_fuds_s1,fp32,28,6,47749306,250000000
lfp_t6plain_fuds_s1,fp32,28,7,47749306,250000000
lfp_t6plain_fuds_s1,fp32,28,8,47749306,250000000
lfp_t6plain_fuds_s1,fp32,28,9,47749306,250000000
lfp_t6plain_fuds_s1,fp32,28,10,47749306,250000000
lfp_t6plain_fuds_s1,fp32,28,11,47749306,250000000
lfp_t6plain_fuds_s1,fp32,28,12,47749306,250000000
lfp_t6plain_fuds_s1,fp32,28,13,47749306,250000000
lfp_t6plain_fuds_s1,fp32,28,14,47749306,250000000
lfp_t6plain_fuds_s1,fp32,28,15,47749306,250000000
lfp_t6plain_fuds_s1,fp32,29,0,47756373,250000000
lfp_t6plain_fuds_s1,fp32,29,1,47756318,250000000
lfp_t6plain_fuds_s1,fp32,29,2,47756318,250000000
lfp_t6plain_fuds_s1,fp32,29,3,47756318,250000000
lfp_t6plain_fuds_s1,fp32,29,4,47756318,250000000
lfp_t6plain_fuds_s1,fp32,29,5,47756318,250000000
lfp_t6plain_fuds_s1,fp32,29,6,47756318,250000000
lfp_t6plain_fuds_s1,fp32,29,7,47756318,250000000
lfp_t6plain_fuds_s1,fp32,29,8,47756318,250000000
lfp_t6plain_fuds_s1,fp32,29,9,47756318,250000000
lfp_t6plain_fuds_s1,fp32,29,10,47756318,250000000
lfp_t6plain_fuds_s1,fp32,29,11,47756318,250000000
lfp_t6plain_fuds_s1,fp32,29,12,47756318,250000000
lfp_t6plain_fuds_s1,fp32,29,13,47756318,250000000
lfp_t6plain_fuds_s1,fp32,29,14,47756318,250000000
lfp_t6plain_fuds_s1,fp32,29,15,47756318,250000000
lfp_t6plain_fuds_s1,fp32,30,0,47753481,250000000
lfp_t6plain_fuds_s1,fp32,30,1,47753428,250000000
lfp_t6plain_fuds_s1,fp32,30,2,47753428,250000000
lfp_t6plain_fuds_s1,fp32,30,3,47753428,250000000
lfp_t6plain_fuds_s1,fp32,30,4,47753428,250000000
lfp_t6plain_fuds_s1,fp32,30,5,47753428,250000000
lfp_t6plain_fuds_s1,fp32,30,6,47753428,250000000
lfp_t6plain_fuds_s1,fp32,30,7,47753428,250000000
lfp_t6plain_fuds_s1,fp32,30,8,47753428,250000000
lfp_t6plain_fuds_s1,fp32,30,9,47753428,250000000
lfp_t6plain_fuds_s1,fp32,30,10,47753428,250000000
lfp_t6plain_fuds_s1,fp32,30,11,47753428,250000000
lfp_t6plain_fuds_s1,fp32,30,12,47753428,250000000
lfp_t6plain_fuds_s1,fp32,30,13,47753428,250000000
lfp_t6plain_fuds_s1,fp32,30,14,47753428,250000000
lfp_t6plain_fuds_s1,fp32,30,15,47753428,250000000
lfp_t6plain_fuds_s1,fp32,31,0,47589307,250000000
lfp_t6plain_fuds_s1,fp32,31,1,47589261,250000000
lfp_t6plain_fuds_s1,fp32,31,2,47589261,250000000
lfp_t6plain_fuds_s1,fp32,31,3,47589261,250000000
lfp_t6plain_fuds_s1,fp32,31,4,47589261,250000000
lfp_t6plain_fuds_s1,fp32,31,5,47589261,250000000
lfp_t6plain_fuds_s1,fp32,31,6,47589261,250000000
lfp_t6plain_fuds_s1,fp32,31,7,47589261,250000000
lfp_t6plain_fuds_s1,fp32,31,8,47589261,250000000
lfp_t6plain_fuds_s1,fp32,31,9,47589261,250000000
lfp_t6plain_fuds_s1,fp32,31,10,47589261,250000000
lfp_t6plain_fuds_s1,fp32,31,11,47589261,250000000
lfp_t6plain_fuds_s1,fp32,31,12,47589261,250000000
lfp_t6plain_fuds_s1,fp32,31,13,47589261,250000000
lfp_t6plain_fuds_s1,fp32,31,14,47589261,250000000
lfp_t6plain_fuds_s1,fp32,31,15,47589261,250000000
lfp_t6plain_fuds_s1,fp32,32,0,47626634,250000000
lfp_t6plain_fuds_s1,fp32,32,1,47626586,250000000
lfp_t6plain_fuds_s1,fp32,32,2,47626586,250000000
lfp_t6plain_fuds_s1,fp32,32,3,47626586,250000000
lfp_t6plain_fuds_s1,fp32,32,4,47626586,250000000
lfp_t6plain_fuds_s1,fp32,32,5,47626586,250000000
lfp_t6plain_fuds_s1,fp32,32,6,47626586,250000000
lfp_t6plain_fuds_s1,fp32,32,7,47626586,250000000
lfp_t6plain_fuds_s1,fp32,32,8,47626586,250000000
lfp_t6plain_fuds_s1,fp32,32,9,47626586,250000000
lfp_t6plain_fuds_s1,fp32,32,10,47626586,250000000
lfp_t6plain_fuds_s1,fp32,32,11,47626586,250000000
lfp_t6plain_fuds_s1,fp32,32,12,47626586,250000000
lfp_t6plain_fuds_s1,fp32,32,13,47626586,250000000
lfp_t6plain_fuds_s1,fp32,32,14,47626586,250000000
lfp_t6plain_fuds_s1,fp32,32,15,47626586,250000000
lfp_t6plain_fuds_s1,fp32,33,0,47765242,250000000
lfp_t6plain_fuds_s1,fp32,33,1,47765196,250000000
lfp_t6plain_fuds_s1,fp32,33,2,47765196,250000000
lfp_t6plain_fuds_s1,fp32,33,3,47765196,250000000
lfp_t6plain_fuds_s1,fp32,33,4,47765196,250000000
lfp_t6plain_fuds_s1,fp32,33,5,47765196,250000000
lfp_t6plain_fuds_s1,fp32,33,6,47765196,250000000
lfp_t6plain_fuds_s1,fp32,33,7,47765196,250000000
lfp_t6plain_fuds_s1,fp32,33,8,47765196,250000000
lfp_t6plain_fuds_s1,fp32,33,9,47765196,250000000
lfp_t6plain_fuds_s1,fp32,33,10,47765196,250000000
lfp_t6plain_fuds_s1,fp32,33,11,47765196,250000000
lfp_t6plain_fuds_s1,fp32,33,12,47765196,250000000
lfp_t6plain_fuds_s1,fp32,33,13,47765196,250000000
lfp_t6plain_fuds_s1,fp32,33,14,47765196,250000000
lfp_t6plain_fuds_s1,fp32,33,15,47765196,250000000
lfp_t6plain_fuds_s1,fp32,34,0,47798539,250000000
lfp_t6plain_fuds_s1,fp32,34,1,47798484,250000000
lfp_t6plain_fuds_s1,fp32,34,2,47798484,250000000
lfp_t6plain_fuds_s1,fp32,34,3,47798484,250000000
lfp_t6plain_fuds_s1,fp32,34,4,47798484,250000000
lfp_t6plain_fuds_s1,fp32,34,5,47798484,250000000
lfp_t6plain_fuds_s1,fp32,34,6,47798484,250000000
lfp_t6plain_fuds_s1,fp32,34,7,47798484,250000000
lfp_t6plain_fuds_s1,fp32,34,8,47798484,250000000
lfp_t6plain_fuds_s1,fp32,34,9,47798484,250000000
lfp_t6plain_fuds_s1,fp32,34,10,47798484,250000000
lfp_t6plain_fuds_s1,fp32,34,11,47798484,250000000
lfp_t6plain_fuds_s1,fp32,34,12,47798484,250000000
lfp_t6plain_fuds_s1,fp32,34,13,47798484,250000000
lfp_t6plain_fuds_s1,fp32,34,14,47798484,250000000
lfp_t6plain_fuds_s1,fp32,34,15,47798484,250000000
lfp_t6plain_fuds_s1,fp32,35,0,47750360,250000000
lfp_t6plain_fuds_s1,fp32,35,1,47750335,250000000
lfp_t6plain_fuds_s1,fp32,35,2,47750335,250000000
lfp_t6plain_fuds_s1,fp32,35,3,47750335,250000000
lfp_t6plain_fuds_s1,fp32,35,4,47750335,250000000
lfp_t6plain_fuds_s1,fp32,35,5,47750335,250000000
lfp_t6plain_fuds_s1,fp32,35,6,47750335,250000000
lfp_t6plain_fuds_s1,fp32,35,7,47750335,250000000
lfp_t6plain_fuds_s1,fp32,35,8,47750335,250000000
lfp_t6plain_fuds_s1,fp32,35,9,47750335,250000000
lfp_t6plain_fuds_s1,fp32,35,10,47750335,250000000
lfp_t6plain_fuds_s1,fp32,35,11,47750335,250000000
lfp_t6plain_fuds_s1,fp32,35,12,47750335,250000000
lfp_t6plain_fuds_s1,fp32,35,13,47750335,250000000
lfp_t6plain_fuds_s1,fp32,35,14,47750335,250000000
lfp_t6plain_fuds_s1,fp32,35,15,47750335,250000000
lfp_t6plain_fuds_s1,fp32,36,0,47750623,250000000
lfp_t6plain_fuds_s1,fp32,36,1,47750598,250000000
lfp_t6plain_fuds_s1,fp32,36,2,47750598,250000000
lfp_t6plain_fuds_s1,fp32,36,3,47750598,250000000
lfp_t6plain_fuds_s1,fp32,36,4,47750598,250000000
lfp_t6plain_fuds_s1,fp32,36,5,47750598,250000000
lfp_t6plain_fuds_s1,fp32,36,6,47750598,250000000
lfp_t6plain_fuds_s1,fp32,36,7,47750598,250000000
lfp_t6plain_fuds_s1,fp32,36,8,47750598,250000000
lfp_t6plain_fuds_s1,fp32,36,9,47750598,250000000
lfp_t6plain_fuds_s1,fp32,36,10,47750598,250000000
lfp_t6plain_fuds_s1,fp32,36,11,47750598,250000000
lfp_t6plain_fuds_s1,fp32,36,12,47750598,250000000
lfp_t6plain_fuds_s1,fp32,36,13,47750598,250000000
lfp_t6plain_fuds_s1,fp32,36,14,47750598,250000000
lfp_t6plain_fuds_s1,fp32,36,15,47750598,250000000
lfp_t6plain_fuds_s1,fp32,37,0,47749676,250000000
lfp_t6plain_fuds_s1,fp32,37,1,47749623,250000000
lfp_t6plain_fuds_s1,fp32,37,2,47749623,250000000
lfp_t6plain_fuds_s1,fp32,37,3,47749623,250000000
lfp_t6plain_fuds_s1,fp32,37,4,47749623,250000000
lfp_t6plain_fuds_s1,fp32,37,5,47749623,250000000
lfp_t6plain_fuds_s1,fp32,37,6,47749623,250000000
lfp_t6plain_fuds_s1,fp32,37,7,47749623,250000000
lfp_t6plain_fuds_s1,fp32,37,8,47749623,250000000
lfp_t6plain_fuds_s1,fp32,37,9,47749623,250000000
lfp_t6plain_fuds_s1,fp32,37,10,47749623,250000000
lfp_t6plain_fuds_s1,fp32,37,11,47749623,250000000
lfp_t6plain_fuds_s1,fp32,37,12,47749623,250000000
lfp_t6plain_fuds_s1,fp32,37,13,47749623,250000000
lfp_t6plain_fuds_s1,fp32,37,14,47749623,250000000
lfp_t6plain_fuds_s1,fp32,37,15,47749623,250000000
lfp_t6plain_fuds_s1,fp32,38,0,47766563,250000000
lfp_t6plain_fuds_s1,fp32,38,1,47766515,250000000
lfp_t6plain_fuds_s1,fp32,38,2,47766515,250000000
lfp_t6plain_fuds_s1,fp32,38,3,47766515,250000000
lfp_t6plain_fuds_s1,fp32,38,4,47766515,250000000
lfp_t6plain_fuds_s1,fp32,38,5,47766515,250000000
lfp_t6plain_fuds_s1,fp32,38,6,47766515,250000000
lfp_t6plain_fuds_s1,fp32,38,7,47766515,250000000
lfp_t6plain_fuds_s1,fp32,38,8,47766515,250000000
lfp_t6plain_fuds_s1,fp32,38,9,47766515,250000000
lfp_t6plain_fuds_s1,fp32,38,10,47766515,250000000
lfp_t6plain_fuds_s1,fp32,38,11,47766515,250000000
lfp_t6plain_fuds_s1,fp32,38,12,47766515,250000000
lfp_t6plain_fuds_s1,fp32,38,13,47766515,250000000
lfp_t6plain_fuds_s1,fp32,38,14,47766515,250000000
lfp_t6plain_fuds_s1,fp32,38,15,47766515,250000000
lfp_t6plain_fuds_s1,fp32,39,0,47573596,250000000
lfp_t6plain_fuds_s1,fp32,39,1,47573550,250000000
lfp_t6plain_fuds_s1,fp32,39,2,47573550,250000000
lfp_t6plain_fuds_s1,fp32,39,3,47573550,250000000
lfp_t6plain_fuds_s1,fp32,39,4,47573550,250000000
lfp_t6plain_fuds_s1,fp32,39,5,47573550,250000000
lfp_t6plain_fuds_s1,fp32,39,6,47573550,250000000
lfp_t6plain_fuds_s1,fp32,39,7,47573550,250000000
lfp_t6plain_fuds_s1,fp32,39,8,47573550,250000000
lfp_t6plain_fuds_s1,fp32,39,9,47573550,250000000
lfp_t6plain_fuds_s1,fp32,39,10,47573550,250000000
lfp_t6plain_fuds_s1,fp32,39,11,47573550,250000000
lfp_t6plain_fuds_s1,fp32,39,12,47573550,250000000
lfp_t6plain_fuds_s1,fp32,39,13,47573550,250000000
lfp_t6plain_fuds_s1,fp32,39,14,47573550,250000000
lfp_t6plain_fuds_s1,fp32,39,15,47573550,250000000
lfp_t6plain_fuds_s1,fp32,40,0,47627404,250000000
lfp_t6plain_fuds_s1,fp32,40,1,47627356,250000000
lfp_t6plain_fuds_s1,fp32,40,2,47627356,250000000
lfp_t6plain_fuds_s1,fp32,40,3,47627356,250000000
lfp_t6plain_fuds_s1,fp32,40,4,47627356,250000000
lfp_t6plain_fuds_s1,fp32,40,5,47627356,250000000
lfp_t6plain_fuds_s1,fp32,40,6,47627356,250000000
lfp_t6plain_fuds_s1,fp32,40,7,47627356,250000000
lfp_t6plain_fuds_s1,fp32,40,8,47627356,250000000
lfp_t6plain_fuds_s1,fp32,40,9,47627356,250000000
lfp_t6plain_fuds_s1,fp32,40,10,47627356,250000000
lfp_t6plain_fuds_s1,fp32,40,11,47627356,250000000
lfp_t6plain_fuds_s1,fp32,40,12,47627356,250000000
lfp_t6plain_fuds_s1,fp32,40,13,47627356,250000000
lfp_t6plain_fuds_s1,fp32,40,14,47627356,250000000
lfp_t6plain_fuds_s1,fp32,40,15,47627356,250000000
lfp_t6plain_fuds_s1,fp32,41,0,47760749,250000000
lfp_t6plain_fuds_s1,fp32,41,1,47760701,250000000
lfp_t6plain_fuds_s1,fp32,41,2,47760701,250000000
lfp_t6plain_fuds_s1,fp32,41,3,47760701,250000000
lfp_t6plain_fuds_s1,fp32,41,4,47760701,250000000
lfp_t6plain_fuds_s1,fp32,41,5,47760701,250000000
lfp_t6plain_fuds_s1,fp32,41,6,47760701,250000000
lfp_t6plain_fuds_s1,fp32,41,7,47760701,250000000
lfp_t6plain_fuds_s1,fp32,41,8,47760701,250000000
lfp_t6plain_fuds_s1,fp32,41,9,47760701,250000000
lfp_t6plain_fuds_s1,fp32,41,10,47760701,250000000
lfp_t6plain_fuds_s1,fp32,41,11,47760701,250000000
lfp_t6plain_fuds_s1,fp32,41,12,47760701,250000000
lfp_t6plain_fuds_s1,fp32,41,13,47760701,250000000
lfp_t6plain_fuds_s1,fp32,41,14,47760701,250000000
lfp_t6plain_fuds_s1,fp32,41,15,47760701,250000000
lfp_t6plain_fuds_s1,fp32,42,0,47787945,250000000
lfp_t6plain_fuds_s1,fp32,42,1,47787890,250000000
lfp_t6plain_fuds_s1,fp32,42,2,47787890,250000000
lfp_t6plain_fuds_s1,fp32,42,3,47787890,250000000
lfp_t6plain_fuds_s1,fp32,42,4,47787890,250000000
lfp_t6plain_fuds_s1,fp32,42,5,47787890,250000000
lfp_t6plain_fuds_s1,fp32,42,6,47787890,250000000
lfp_t6plain_fuds_s1,fp32,42,7,47787890,250000000
lfp_t6plain_fuds_s1,fp32,42,8,47787890,250000000
lfp_t6plain_fuds_s1,fp32,42,9,47787890,250000000
lfp_t6plain_fuds_s1,fp32,42,10,47787890,250000000
lfp_t6plain_fuds_s1,fp32,42,11,47787890,250000000
lfp_t6plain_fuds_s1,fp32,42,12,47787890,250000000
lfp_t6plain_fuds_s1,fp32,42,13,47787890,250000000
lfp_t6plain_fuds_s1,fp32,42,14,47787890,250000000
lfp_t6plain_fuds_s1,fp32,42,15,47787890,250000000
lfp_t6plain_fuds_s1,fp32,43,0,47766328,250000000
lfp_t6plain_fuds_s1,fp32,43,1,47766303,250000000
lfp_t6plain_fuds_s1,fp32,43,2,47766303,250000000
lfp_t6plain_fuds_s1,fp32,43,3,47766303,250000000
lfp_t6plain_fuds_s1,fp32,43,4,47766303,250000000
lfp_t6plain_fuds_s1,fp32,43,5,47766303,250000000
lfp_t6plain_fuds_s1,fp32,43,6,47766303,250000000
lfp_t6plain_fuds_s1,fp32,43,7,47766303,250000000
lfp_t6plain_fuds_s1,fp32,43,8,47766303,250000000
lfp_t6plain_fuds_s1,fp32,43,9,47766303,250000000
lfp_t6plain_fuds_s1,fp32,43,10,47766303,250000000
lfp_t6plain_fuds_s1,fp32,43,11,47766303,250000000
lfp_t6plain_fuds_s1,fp32,43,12,47766303,250000000
lfp_t6plain_fuds_s1,fp32,43,13,47766303,250000000
lfp_t6plain_fuds_s1,fp32,43,14,47766303,250000000
lfp_t6plain_fuds_s1,fp32,43,15,47766303,250000000
lfp_t6plain_fuds_s1,fp32,44,0,47736280,250000000
lfp_t6plain_fuds_s1,fp32,44,1,47736255,250000000
lfp_t6plain_fuds_s1,fp32,44,2,47736255,250000000
lfp_t6plain_fuds_s1,fp32,44,3,47736255,250000000
lfp_t6plain_fuds_s1,fp32,44,4,47736255,250000000
lfp_t6plain_fuds_s1,fp32,44,5,47736255,250000000
lfp_t6plain_fuds_s1,fp32,44,6,47736255,250000000
lfp_t6plain_fuds_s1,fp32,44,7,47736255,250000000
lfp_t6plain_fuds_s1,fp32,44,8,47736255,250000000
lfp_t6plain_fuds_s1,fp32,44,9,47736255,250000000
lfp_t6plain_fuds_s1,fp32,44,10,47736255,250000000
lfp_t6plain_fuds_s1,fp32,44,11,47736255,250000000
lfp_t6plain_fuds_s1,fp32,44,12,47736255,250000000
lfp_t6plain_fuds_s1,fp32,44,13,47736255,250000000
lfp_t6plain_fuds_s1,fp32,44,14,47736255,250000000
lfp_t6plain_fuds_s1,fp32,44,15,47736255,250000000
lfp_t6plain_fuds_s1,fp32,45,0,47761196,250000000
lfp_t6plain_fuds_s1,fp32,45,1,47761143,250000000
lfp_t6plain_fuds_s1,fp32,45,2,47761143,250000000
lfp_t6plain_fuds_s1,fp32,45,3,47761143,250000000
lfp_t6plain_fuds_s1,fp32,45,4,47761143,250000000
lfp_t6plain_fuds_s1,fp32,45,5,47761143,250000000
lfp_t6plain_fuds_s1,fp32,45,6,47761143,250000000
lfp_t6plain_fuds_s1,fp32,45,7,47761143,250000000
lfp_t6plain_fuds_s1,fp32,45,8,47761143,250000000
lfp_t6plain_fuds_s1,fp32,45,9,47761143,250000000
lfp_t6plain_fuds_s1,fp32,45,10,47761143,250000000
lfp_t6plain_fuds_s1,fp32,45,11,47761143,250000000
lfp_t6plain_fuds_s1,fp32,45,12,47761143,250000000
lfp_t6plain_fuds_s1,fp32,45,13,47761143,250000000
lfp_t6plain_fuds_s1,fp32,45,14,47761143,250000000
lfp_t6plain_fuds_s1,fp32,45,15,47761143,250000000
lfp_t6plain_fuds_s1,fp32,46,0,47767386,250000000
lfp_t6plain_fuds_s1,fp32,46,1,47767338,250000000
lfp_t6plain_fuds_s1,fp32,46,2,47767338,250000000
lfp_t6plain_fuds_s1,fp32,46,3,47767338,250000000
lfp_t6plain_fuds_s1,fp32,46,4,47767338,250000000
lfp_t6plain_fuds_s1,fp32,46,5,47767338,250000000
lfp_t6plain_fuds_s1,fp32,46,6,47767338,250000000
lfp_t6plain_fuds_s1,fp32,46,7,47767338,250000000
lfp_t6plain_fuds_s1,fp32,46,8,47767338,250000000
lfp_t6plain_fuds_s1,fp32,46,9,47767338,250000000
lfp_t6plain_fuds_s1,fp32,46,10,47767338,250000000
lfp_t6plain_fuds_s1,fp32,46,11,47767338,250000000
lfp_t6plain_fuds_s1,fp32,46,12,47767338,250000000
lfp_t6plain_fuds_s1,fp32,46,13,47767338,250000000
lfp_t6plain_fuds_s1,fp32,46,14,47767338,250000000
lfp_t6plain_fuds_s1,fp32,46,15,47767338,250000000
lfp_t6plain_fuds_s1,fp32,47,0,47588032,250000000
lfp_t6plain_fuds_s1,fp32,47,1,47587986,250000000
lfp_t6plain_fuds_s1,fp32,47,2,47587986,250000000
lfp_t6plain_fuds_s1,fp32,47,3,47587986,250000000
lfp_t6plain_fuds_s1,fp32,47,4,47587986,250000000
lfp_t6plain_fuds_s1,fp32,47,5,47587986,250000000
lfp_t6plain_fuds_s1,fp32,47,6,47587986,250000000
lfp_t6plain_fuds_s1,fp32,47,7,47587986,250000000
lfp_t6plain_fuds_s1,fp32,47,8,47587986,250000000
lfp_t6plain_fuds_s1,fp32,47,9,47587986,250000000
lfp_t6plain_fuds_s1,fp32,47,10,47587986,250000000
lfp_t6plain_fuds_s1,fp32,47,11,47587986,250000000
lfp_t6plain_fuds_s1,fp32,47,12,47587986,250000000
lfp_t6plain_fuds_s1,fp32,47,13,47587986,250000000
lfp_t6plain_fuds_s1,fp32,47,14,47587986,250000000
lfp_t6plain_fuds_s1,fp32,47,15,47587986,250000000
lfp_t6plain_fuds_s1,fp32,48,0,47624837,250000000
lfp_t6plain_fuds_s1,fp32,48,1,47624789,250000000
lfp_t6plain_fuds_s1,fp32,48,2,47624789,250000000
lfp_t6plain_fuds_s1,fp32,48,3,47624789,250000000
lfp_t6plain_fuds_s1,fp32,48,4,47624789,250000000
lfp_t6plain_fuds_s1,fp32,48,5,47624789,250000000
lfp_t6plain_fuds_s1,fp32,48,6,47624789,250000000
lfp_t6plain_fuds_s1,fp32,48,7,47624789,250000000
lfp_t6plain_fuds_s1,fp32,48,8,47624789,250000000
lfp_t6plain_fuds_s1,fp32,48,9,47624789,250000000
lfp_t6plain_fuds_s1,fp32,48,10,47624789,250000000
lfp_t6plain_fuds_s1,fp32,48,11,47624789,250000000
lfp_t6plain_fuds_s1,fp32,48,12,47624789,250000000
lfp_t6plain_fuds_s1,fp32,48,13,47624789,250000000
lfp_t6plain_fuds_s1,fp32,48,14,47624789,250000000
lfp_t6plain_fuds_s1,fp32,48,15,47624789,250000000
lfp_t6plain_fuds_s1,fp32,49,0,47753139,250000000
lfp_t6plain_fuds_s1,fp32,49,1,47753091,250000000
lfp_t6plain_fuds_s1,fp32,49,2,47753091,250000000
lfp_t6plain_fuds_s1,fp32,49,3,47753091,250000000
lfp_t6plain_fuds_s1,fp32,49,4,47753091,250000000
lfp_t6plain_fuds_s1,fp32,49,5,47753091,250000000
lfp_t6plain_fuds_s1,fp32,49,6,47753091,250000000
lfp_t6plain_fuds_s1,fp32,49,7,47753091,250000000
lfp_t6plain_fuds_s1,fp32,49,8,47753091,250000000
lfp_t6plain_fuds_s1,fp32,49,9,47753091,250000000
lfp_t6plain_fuds_s1,fp32,49,10,47753091,250000000
lfp_t6plain_fuds_s1,fp32,49,11,47753091,250000000
lfp_t6plain_fuds_s1,fp32,49,12,47753091,250000000
lfp_t6plain_fuds_s1,fp32,49,13,47753091,250000000
lfp_t6plain_fuds_s1,fp32,49,14,47753091,250000000
lfp_t6plain_fuds_s1,fp32,49,15,47753091,250000000
lfp_t6plain_fuds_s1,fp32,50,0,47770795,250000000
lfp_t6plain_fuds_s1,fp32,50,1,47770740,250000000
lfp_t6plain_fuds_s1,fp32,50,2,47770740,250000000
lfp_t6plain_fuds_s1,fp32,50,3,47770740,250000000
lfp_t6plain_fuds_s1,fp32,50,4,47770740,250000000
lfp_t6plain_fuds_s1,fp32,50,5,47770740,250000000
lfp_t6plain_fuds_s1,fp32,50,6,47770740,250000000
lfp_t6plain_fuds_s1,fp32,50,7,47770740,250000000
lfp_t6plain_fuds_s1,fp32,50,8,47770740,250000000
lfp_t6plain_fuds_s1,fp32,50,9,47770740,250000000
lfp_t6plain_fuds_s1,fp32,50,10,47770740,250000000
lfp_t6plain_fuds_s1,fp32,50,11,47770740,250000000
lfp_t6plain_fuds_s1,fp32,50,12,47770740,250000000
lfp_t6plain_fuds_s1,fp32,50,13,47770740,250000000
lfp_t6plain_fuds_s1,fp32,50,14,47770740,250000000
lfp_t6plain_fuds_s1,fp32,50,15,47770740,250000000
lfp_t6plain_fuds_s1,fp32,51,0,47739223,250000000
lfp_t6plain_fuds_s1,fp32,51,1,47739198,250000000
lfp_t6plain_fuds_s1,fp32,51,2,47739198,250000000
lfp_t6plain_fuds_s1,fp32,51,3,47739198,250000000
lfp_t6plain_fuds_s1,fp32,51,4,47739198,250000000
lfp_t6plain_fuds_s1,fp32,51,5,47739198,250000000
lfp_t6plain_fuds_s1,fp32,51,6,47739198,250000000
lfp_t6plain_fuds_s1,fp32,51,7,47739198,250000000
lfp_t6plain_fuds_s1,fp32,51,8,47739198,250000000
lfp_t6plain_fuds_s1,fp32,51,9,47739198,250000000
lfp_t6plain_fuds_s1,fp32,51,10,47739198,250000000
lfp_t6plain_fuds_s1,fp32,51,11,47739198,250000000
lfp_t6plain_fuds_s1,fp32,51,12,47739198,250000000
lfp_t6plain_fuds_s1,fp32,51,13,47739198,250000000
lfp_t6plain_fuds_s1,fp32,51,14,47739198,250000000
lfp_t6plain_fuds_s1,fp32,51,15,47739198,250000000
lfp_t6plain_fuds_s1,fp32,52,0,47709547,250000000
lfp_t6plain_fuds_s1,fp32,52,1,47709492,250000000
lfp_t6plain_fuds_s1,fp32,52,2,47709492,250000000
lfp_t6plain_fuds_s1,fp32,52,3,47709492,250000000
lfp_t6plain_fuds_s1,fp32,52,4,47709492,250000000
lfp_t6plain_fuds_s1,fp32,52,5,47709492,250000000
lfp_t6plain_fuds_s1,fp32,52,6,47709492,250000000
lfp_t6plain_fuds_s1,fp32,52,7,47709492,250000000
lfp_t6plain_fuds_s1,fp32,52,8,47709492,250000000
lfp_t6plain_fuds_s1,fp32,52,9,47709492,250000000
lfp_t6plain_fuds_s1,fp32,52,10,47709492,250000000
lfp_t6plain_fuds_s1,fp32,52,11,47709492,250000000
lfp_t6plain_fuds_s1,fp32,52,12,47709492,250000000
lfp_t6plain_fuds_s1,fp32,52,13,47709492,250000000
lfp_t6plain_fuds_s1,fp32,52,14,47709492,250000000
lfp_t6plain_fuds_s1,fp32,52,15,47709492,250000000
lfp_t6plain_fuds_s1,fp32,53,0,47745633,250000000
lfp_t6plain_fuds_s1,fp32,53,1,47745578,250000000
lfp_t6plain_fuds_s1,fp32,53,2,47745578,250000000
lfp_t6plain_fuds_s1,fp32,53,3,47745578,250000000
lfp_t6plain_fuds_s1,fp32,53,4,47745578,250000000
lfp_t6plain_fuds_s1,fp32,53,5,47745578,250000000
lfp_t6plain_fuds_s1,fp32,53,6,47745578,250000000
lfp_t6plain_fuds_s1,fp32,53,7,47745578,250000000
lfp_t6plain_fuds_s1,fp32,53,8,47745578,250000000
lfp_t6plain_fuds_s1,fp32,53,9,47745578,250000000
lfp_t6plain_fuds_s1,fp32,53,10,47745578,250000000
lfp_t6plain_fuds_s1,fp32,53,11,47745578,250000000
lfp_t6plain_fuds_s1,fp32,53,12,47745578,250000000
lfp_t6plain_fuds_s1,fp32,53,13,47745578,250000000
lfp_t6plain_fuds_s1,fp32,53,14,47745578,250000000
lfp_t6plain_fuds_s1,fp32,53,15,47745578,250000000
lfp_t6plain_fuds_s1,fp32,54,0,47754872,250000000
lfp_t6plain_fuds_s1,fp32,54,1,47754826,250000000
lfp_t6plain_fuds_s1,fp32,54,2,47754826,250000000
lfp_t6plain_fuds_s1,fp32,54,3,47754826,250000000
lfp_t6plain_fuds_s1,fp32,54,4,47754826,250000000
lfp_t6plain_fuds_s1,fp32,54,5,47754826,250000000
lfp_t6plain_fuds_s1,fp32,54,6,47754826,250000000
lfp_t6plain_fuds_s1,fp32,54,7,47754826,250000000
lfp_t6plain_fuds_s1,fp32,54,8,47754826,250000000
lfp_t6plain_fuds_s1,fp32,54,9,47754826,250000000
lfp_t6plain_fuds_s1,fp32,54,10,47754826,250000000
lfp_t6plain_fuds_s1,fp32,54,11,47754826,250000000
lfp_t6plain_fuds_s1,fp32,54,12,47754826,250000000
lfp_t6plain_fuds_s1,fp32,54,13,47754826,250000000
lfp_t6plain_fuds_s1,fp32,54,14,47754826,250000000
lfp_t6plain_fuds_s1,fp32,54,15,47754826,250000000
lfp_t6plain_fuds_s1,fp32,55,0,47602362,250000000
lfp_t6plain_fuds_s1,fp32,55,1,47602316,250000000
lfp_t6plain_fuds_s1,fp32,55,2,47602316,250000000
lfp_t6plain_fuds_s1,fp32,55,3,47602316,250000000
lfp_t6plain_fuds_s1,fp32,55,4,47602316,250000000
lfp_t6plain_fuds_s1,fp32,55,5,47602316,250000000
lfp_t6plain_fuds_s1,fp32,55,6,47602316,250000000
lfp_t6plain_fuds_s1,fp32,55,7,47602316,250000000
lfp_t6plain_fuds_s1,fp32,55,8,47602316,250000000
lfp_t6plain_fuds_s1,fp32,55,9,47602316,250000000
lfp_t6plain_fuds_s1,fp32,55,10,47602316,250000000
lfp_t6plain_fuds_s1,fp32,55,11,47602316,250000000
lfp_t6plain_fuds_s1,fp32,55,12,47602316,250000000
lfp_t6plain_fuds_s1,fp32,55,13,47602316,250000000
lfp_t6plain_fuds_s1,fp32,55,14,47602316,250000000
lfp_t6plain_fuds_s1,fp32,55,15,47602316,250000000
lfp_t6plain_fuds_s1,fp32,56,0,47628321,250000000
lfp_t6plain_fuds_s1,fp32,56,1,47628273,250000000
lfp_t6plain_fuds_s1,fp32,56,2,47628273,250000000
lfp_t6plain_fuds_s1,fp32,56,3,47628273,250000000
lfp_t6plain_fuds_s1,fp32,56,4,47628273,250000000
lfp_t6plain_fuds_s1,fp32,56,5,47628273,250000000
lfp_t6plain_fuds_s1,fp32,56,6,47628273,250000000
lfp_t6plain_fuds_s1,fp32,56,7,47628273,250000000
lfp_t6plain_fuds_s1,fp32,56,8,47628273,250000000
lfp_t6plain_fuds_s1,fp32,56,9,47628273,250000000
lfp_t6plain_fuds_s1,fp32,56,10,47628273,250000000
lfp_t6plain_fuds_s1,fp32,56,11,47628273,250000000
lfp_t6plain_fuds_s1,fp32,56,12,47628273,250000000
lfp_t6plain_fuds_s1,fp32,56,13,47628273,250000000
lfp_t6plain_fuds_s1,fp32,56,14,47628273,250000000
lfp_t6plain_fuds_s1,fp32,56,15,47628273,250000000
lfp_t6plain_fuds_s1,fp32,57,0,47746531,250000000
lfp_t6plain_fuds_s1,fp32,57,1,47746483,250000000
lfp_t6plain_fuds_s1,fp32,57,2,47746483,250000000
lfp_t6plain_fuds_s1,fp32,57,3,47746483,250000000
lfp_t6plain_fuds_s1,fp32,57,4,47746483,250000000
lfp_t6plain_fuds_s1,fp32,57,5,47746483,250000000
lfp_t6plain_fuds_s1,fp32,57,6,47746483,250000000
lfp_t6plain_fuds_s1,fp32,57,7,47746483,250000000
lfp_t6plain_fuds_s1,fp32,57,8,47746483,250000000
lfp_t6plain_fuds_s1,fp32,57,9,47746483,250000000
lfp_t6plain_fuds_s1,fp32,57,10,47746483,250000000
lfp_t6plain_fuds_s1,fp32,57,11,47746483,250000000
lfp_t6plain_fuds_s1,fp32,57,12,47746483,250000000
lfp_t6plain_fuds_s1,fp32,57,13,47746483,250000000
lfp_t6plain_fuds_s1,fp32,57,14,47746483,250000000
lfp_t6plain_fuds_s1,fp32,57,15,47746483,250000000
lfp_t6plain_fuds_s1,fp32,58,0,47751384,250000000
lfp_t6plain_fuds_s1,fp32,58,1,47751329,250000000
lfp_t6plain_fuds_s1,fp32,58,2,47751329,250000000
lfp_t6plain_fuds_s1,fp32,58,3,47751329,250000000
lfp_t6plain_fuds_s1,fp32,58,4,47751329,250000000
lfp_t6plain_fuds_s1,fp32,58,5,47751329,250000000
lfp_t6plain_fuds_s1,fp32,58,6,47751329,250000000
lfp_t6plain_fuds_s1,fp32,58,7,47751329,250000000
lfp_t6plain_fuds_s1,fp32,58,8,47751329,250000000
lfp_t6plain_fuds_s1,fp32,58,9,47751329,250000000
lfp_t6plain_fuds_s1,fp32,58,10,47751329,250000000
lfp_t6plain_fuds_s1,fp32,58,11,47751329,250000000
lfp_t6plain_fuds_s1,fp32,58,12,47751329,250000000
lfp_t6plain_fuds_s1,fp32,58,13,47751329,250000000
lfp_t6plain_fuds_s1,fp32,58,14,47751329,250000000
lfp_t6plain_fuds_s1,fp32,58,15,47751329,250000000
lfp_t6plain_fuds_s1,fp32,59,0,47722805,250000000
lfp_t6plain_fuds_s1,fp32,59,1,47722780,250000000
lfp_t6plain_fuds_s1,fp32,59,2,47722780,250000000
lfp_t6plain_fuds_s1,fp32,59,3,47722780,250000000
lfp_t6plain_fuds_s1,fp32,59,4,47722780,250000000
lfp_t6plain_fuds_s1,fp32,59,5,47722780,250000000
lfp_t6plain_fuds_s1,fp32,59,6,47722780,250000000
lfp_t6plain_fuds_s1,fp32,59,7,47722780,250000000
lfp_t6plain_fuds_s1,fp32,59,8,47722780,250000000
lfp_t6plain_fuds_s1,fp32,59,9,47722780,250000000
lfp_t6plain_fuds_s1,fp32,59,10,47722780,250000000
lfp_t6plain_fuds_s1,fp32,59,11,47722780,250000000
lfp_t6plain_fuds_s1,fp32,59,12,47722780,250000000
lfp_t6plain_fuds_s1,fp32,59,13,47722780,250000000
lfp_t6plain_fuds_s1,fp32,59,14,47722780,250000000
lfp_t6plain_fuds_s1,fp32,59,15,47722780,250000000
lfp_t6plain_fuds_s1,fp32,60,0,47707878,250000000
lfp_t6plain_fuds_s1,fp32,60,1,47707823,250000000
lfp_t6plain_fuds_s1,fp32,60,2,47707823,250000000
lfp_t6plain_fuds_s1,fp32,60,3,47707823,250000000
lfp_t6plain_fuds_s1,fp32,60,4,47707823,250000000
lfp_t6plain_fuds_s1,fp32,60,5,47707823,250000000
lfp_t6plain_fuds_s1,fp32,60,6,47707823,250000000
lfp_t6plain_fuds_s1,fp32,60,7,47707823,250000000
lfp_t6plain_fuds_s1,fp32,60,8,47707823,250000000
lfp_t6plain_fuds_s1,fp32,60,9,47707823,250000000
lfp_t6plain_fuds_s1,fp32,60,10,47707823,250000000
lfp_t6plain_fuds_s1,fp32,60,11,47707823,250000000
lfp_t6plain_fuds_s1,fp32,60,12,47707823,250000000
lfp_t6plain_fuds_s1,fp32,60,13,47707823,250000000
lfp_t6plain_fuds_s1,fp32,60,14,47707823,250000000
lfp_t6plain_fuds_s1,fp32,60,15,47707823,250000000
lfp_t6plain_fuds_s1,fp32,61,0,47730777,250000000
lfp_t6plain_fuds_s1,fp32,61,1,47730722,250000000
lfp_t6plain_fuds_s1,fp32,61,2,47730722,250000000
lfp_t6plain_fuds_s1,fp32,61,3,47730722,250000000
lfp_t6plain_fuds_s1,fp32,61,4,47730722,250000000
lfp_t6plain_fuds_s1,fp32,61,5,47730722,250000000
lfp_t6plain_fuds_s1,fp32,61,6,47730722,250000000
lfp_t6plain_fuds_s1,fp32,61,7,47730722,250000000
lfp_t6plain_fuds_s1,fp32,61,8,47730722,250000000
lfp_t6plain_fuds_s1,fp32,61,9,47730722,250000000
lfp_t6plain_fuds_s1,fp32,61,10,47730722,250000000
lfp_t6plain_fuds_s1,fp32,61,11,47730722,250000000
lfp_t6plain_fuds_s1,fp32,61,12,47730722,250000000
lfp_t6plain_fuds_s1,fp32,61,13,47730722,250000000
lfp_t6plain_fuds_s1,fp32,61,14,47730722,250000000
lfp_t6plain_fuds_s1,fp32,61,15,47730722,250000000
lfp_t6plain_fuds_s1,fp32,62,0,47728253,250000000
lfp_t6plain_fuds_s1,fp32,62,1,47728205,250000000
lfp_t6plain_fuds_s1,fp32,62,2,47728205,250000000
lfp_t6plain_fuds_s1,fp32,62,3,47728205,250000000
lfp_t6plain_fuds_s1,fp32,62,4,47728205,250000000
lfp_t6plain_fuds_s1,fp32,62,5,47728205,250000000
lfp_t6plain_fuds_s1,fp32,62,6,47728205,250000000
lfp_t6plain_fuds_s1,fp32,62,7,47728205,250000000
lfp_t6plain_fuds_s1,fp32,62,8,47728205,250000000
lfp_t6plain_fuds_s1,fp32,62,9,47728205,250000000
lfp_t6plain_fuds_s1,fp32,62,10,47728205,250000000
lfp_t6plain_fuds_s1,fp32,62,11,47728205,250000000
lfp_t6plain_fuds_s1,fp32,62,12,47728205,250000000
lfp_t6plain_fuds_s1,fp32,62,13,47728205,250000000
lfp_t6plain_fuds_s1,fp32,62,14,47728205,250000000
lfp_t6plain_fuds_s1,fp32,62,15,47728205,250000000
lfp_t6plain_fuds_s1,fp32,63,0,47610362,250000000
lfp_t6plain_fuds_s1,fp32,63,1,47610316,250000000
lfp_t6plain_fuds_s1,fp32,63,2,47610316,250000000
lfp_t6plain_fuds_s1,fp32,63,3,47610316,250000000
lfp_t6plain_fuds_s1,fp32,63,4,47610316,250000000
lfp_t6plain_fuds_s1,fp32,63,5,47610316,250000000
lfp_t6plain_fuds_s1,fp32,63,6,47610316,250000000
lfp_t6plain_fuds_s1,fp32,63,7,47610316,250000000
lfp_t6plain_fuds_s1,fp32,63,8,47610316,250000000
lfp_t6plain_fuds_s1,fp32,63,9,47610316,250000000
lfp_t6plain_fuds_s1,fp32,63,10,47610316,250000000
lfp_t6plain_fuds_s1,fp32,63,11,47610316,250000000
lfp_t6plain_fuds_s1,fp32,63,12,47610316,250000000
lfp_t6plain_fuds_s1,fp32,63,13,47610316,250000000
lfp_t6plain_fuds_s1,fp32,63,14,47610316,250000000
lfp_t6plain_fuds_s1,fp32,63,15,47610316,250000000
lfp_t6plain_fuds_s2,fp32,0,0,47634685,250000000
lfp_t6plain_fuds_s2,fp32,0,1,47634685,250000000
lfp_t6plain_fuds_s2,fp32,0,2,47634685,250000000
lfp_t6plain_fuds_s2,fp32,0,3,47634685,250000000
lfp_t6plain_fuds_s2,fp32,0,4,47634685,250000000
lfp_t6plain_fuds_s2,fp32,0,5,47634685,250000000
lfp_t6plain_fuds_s2,fp32,0,6,47634685,250000000
lfp_t6plain_fuds_s2,fp32,0,7,47634685,250000000
lfp_t6plain_fuds_s2,fp32,0,8,47634685,250000000
lfp_t6plain_fuds_s2,fp32,0,9,47634685,250000000
lfp_t6plain_fuds_s2,fp32,0,10,47634685,250000000
lfp_t6plain_fuds_s2,fp32,0,11,47634685,250000000
lfp_t6plain_fuds_s2,fp32,0,12,47634685,250000000
lfp_t6plain_fuds_s2,fp32,0,13,47634685,250000000
lfp_t6plain_fuds_s2,fp32,0,14,47634685,250000000
lfp_t6plain_fuds_s2,fp32,0,15,47634685,250000000
lfp_t6plain_fuds_s2,fp32,1,0,47734015,250000000
lfp_t6plain_fuds_s2,fp32,1,1,47733969,250000000
lfp_t6plain_fuds_s2,fp32,1,2,47733969,250000000
lfp_t6plain_fuds_s2,fp32,1,3,47733969,250000000
lfp_t6plain_fuds_s2,fp32,1,4,47733969,250000000
lfp_t6plain_fuds_s2,fp32,1,5,47733969,250000000
lfp_t6plain_fuds_s2,fp32,1,6,47733969,250000000
lfp_t6plain_fuds_s2,fp32,1,7,47733969,250000000
lfp_t6plain_fuds_s2,fp32,1,8,47733969,250000000
lfp_t6plain_fuds_s2,fp32,1,9,47733969,250000000
lfp_t6plain_fuds_s2,fp32,1,10,47733969,250000000
lfp_t6plain_fuds_s2,fp32,1,11,47733969,250000000
lfp_t6plain_fuds_s2,fp32,1,12,47733969,250000000
lfp_t6plain_fuds_s2,fp32,1,13,47733969,250000000
lfp_t6plain_fuds_s2,fp32,1,14,47733969,250000000
lfp_t6plain_fuds_s2,fp32,1,15,47733969,250000000
lfp_t6plain_fuds_s2,fp32,2,0,47705403,250000000
lfp_t6plain_fuds_s2,fp32,2,1,47705357,250000000
lfp_t6plain_fuds_s2,fp32,2,2,47705357,250000000
lfp_t6plain_fuds_s2,fp32,2,3,47705357,250000000
lfp_t6plain_fuds_s2,fp32,2,4,47705357,250000000
lfp_t6plain_fuds_s2,fp32,2,5,47705357,250000000
lfp_t6plain_fuds_s2,fp32,2,6,47705357,250000000
lfp_t6plain_fuds_s2,fp32,2,7,47705357,250000000
lfp_t6plain_fuds_s2,fp32,2,8,47705357,250000000
lfp_t6plain_fuds_s2,fp32,2,9,47705357,250000000
lfp_t6plain_fuds_s2,fp32,2,10,47705357,250000000
lfp_t6plain_fuds_s2,fp32,2,11,47705357,250000000
lfp_t6plain_fuds_s2,fp32,2,12,47705357,250000000
lfp_t6plain_fuds_s2,fp32,2,13,47705357,250000000
lfp_t6plain_fuds_s2,fp32,2,14,47705357,250000000
lfp_t6plain_fuds_s2,fp32,2,15,47705357,250000000
lfp_t6plain_fuds_s2,fp32,3,0,47718477,250000000
lfp_t6plain_fuds_s2,fp32,3,1,47718424,250000000
lfp_t6plain_fuds_s2,fp32,3,2,47718424,250000000
lfp_t6plain_fuds_s2,fp32,3,3,47718424,250000000
lfp_t6plain_fuds_s2,fp32,3,4,47718424,250000000
lfp_t6plain_fuds_s2,fp32,3,5,47718424,250000000
lfp_t6plain_fuds_s2,fp32,3,6,47718424,250000000
lfp_t6plain_fuds_s2,fp32,3,7,47718424,250000000
lfp_t6plain_fuds_s2,fp32,3,8,47718424,250000000
lfp_t6plain_fuds_s2,fp32,3,9,47718424,250000000
lfp_t6plain_fuds_s2,fp32,3,10,47718424,250000000
lfp_t6plain_fuds_s2,fp32,3,11,47718424,250000000
lfp_t6plain_fuds_s2,fp32,3,12,47718424,250000000
lfp_t6plain_fuds_s2,fp32,3,13,47718424,250000000
lfp_t6plain_fuds_s2,fp32,3,14,47718424,250000000
lfp_t6plain_fuds_s2,fp32,3,15,47718424,250000000
lfp_t6plain_fuds_s2,fp32,4,0,47705458,250000000
lfp_t6plain_fuds_s2,fp32,4,1,47705405,250000000
lfp_t6plain_fuds_s2,fp32,4,2,47705405,250000000
lfp_t6plain_fuds_s2,fp32,4,3,47705405,250000000
lfp_t6plain_fuds_s2,fp32,4,4,47705405,250000000
lfp_t6plain_fuds_s2,fp32,4,5,47705405,250000000
lfp_t6plain_fuds_s2,fp32,4,6,47705405,250000000
lfp_t6plain_fuds_s2,fp32,4,7,47705405,250000000
lfp_t6plain_fuds_s2,fp32,4,8,47705405,250000000
lfp_t6plain_fuds_s2,fp32,4,9,47705405,250000000
lfp_t6plain_fuds_s2,fp32,4,10,47705405,250000000
lfp_t6plain_fuds_s2,fp32,4,11,47705405,250000000
lfp_t6plain_fuds_s2,fp32,4,12,47705405,250000000
lfp_t6plain_fuds_s2,fp32,4,13,47705405,250000000
lfp_t6plain_fuds_s2,fp32,4,14,47705405,250000000
lfp_t6plain_fuds_s2,fp32,4,15,47705405,250000000
lfp_t6plain_fuds_s2,fp32,5,0,47692517,250000000
lfp_t6plain_fuds_s2,fp32,5,1,47692494,250000000
lfp_t6plain_fuds_s2,fp32,5,2,47692494,250000000
lfp_t6plain_fuds_s2,fp32,5,3,47692494,250000000
lfp_t6plain_fuds_s2,fp32,5,4,47692494,250000000
lfp_t6plain_fuds_s2,fp32,5,5,47692494,250000000
lfp_t6plain_fuds_s2,fp32,5,6,47692494,250000000
lfp_t6plain_fuds_s2,fp32,5,7,47692494,250000000
lfp_t6plain_fuds_s2,fp32,5,8,47692494,250000000
lfp_t6plain_fuds_s2,fp32,5,9,47692494,250000000
lfp_t6plain_fuds_s2,fp32,5,10,47692494,250000000
lfp_t6plain_fuds_s2,fp32,5,11,47692494,250000000
lfp_t6plain_fuds_s2,fp32,5,12,47692494,250000000
lfp_t6plain_fuds_s2,fp32,5,13,47692494,250000000
lfp_t6plain_fuds_s2,fp32,5,14,47692494,250000000
lfp_t6plain_fuds_s2,fp32,5,15,47692494,250000000
lfp_t6plain_fuds_s2,fp32,6,0,47663097,250000000
lfp_t6plain_fuds_s2,fp32,6,1,47663042,250000000
lfp_t6plain_fuds_s2,fp32,6,2,47663042,250000000
lfp_t6plain_fuds_s2,fp32,6,3,47663042,250000000
lfp_t6plain_fuds_s2,fp32,6,4,47663042,250000000
lfp_t6plain_fuds_s2,fp32,6,5,47663042,250000000
lfp_t6plain_fuds_s2,fp32,6,6,47663042,250000000
lfp_t6plain_fuds_s2,fp32,6,7,47663042,250000000
lfp_t6plain_fuds_s2,fp32,6,8,47663042,250000000
lfp_t6plain_fuds_s2,fp32,6,9,47663042,250000000
lfp_t6plain_fuds_s2,fp32,6,10,47663042,250000000
lfp_t6plain_fuds_s2,fp32,6,11,47663042,250000000
lfp_t6plain_fuds_s2,fp32,6,12,47663042,250000000
lfp_t6plain_fuds_s2,fp32,6,13,47663042,250000000
lfp_t6plain_fuds_s2,fp32,6,14,47663042,250000000
lfp_t6plain_fuds_s2,fp32,6,15,47663042,250000000
lfp_t6plain_fuds_s2,fp32,7,0,47633936,250000000
lfp_t6plain_fuds_s2,fp32,7,1,47633883,250000000
lfp_t6plain_fuds_s2,fp32,7,2,47633883,250000000
lfp_t6plain_fuds_s2,fp32,7,3,47633883,250000000
lfp_t6plain_fuds_s2,fp32,7,4,47633883,250000000
lfp_t6plain_fuds_s2,fp32,7,5,47633883,250000000
lfp_t6plain_fuds_s2,fp32,7,6,47633883,250000000
lfp_t6plain_fuds_s2,fp32,7,7,47633883,250000000
lfp_t6plain_fuds_s2,fp32,7,8,47633883,250000000
lfp_t6plain_fuds_s2,fp32,7,9,47633883,250000000
lfp_t6plain_fuds_s2,fp32,7,10,47633883,250000000
lfp_t6plain_fuds_s2,fp32,7,11,47633883,250000000
lfp_t6plain_fuds_s2,fp32,7,12,47633883,250000000
lfp_t6plain_fuds_s2,fp32,7,13,47633883,250000000
lfp_t6plain_fuds_s2,fp32,7,14,47633883,250000000
lfp_t6plain_fuds_s2,fp32,7,15,47633883,250000000
lfp_t6plain_fuds_s2,fp32,8,0,47639748,250000000
lfp_t6plain_fuds_s2,fp32,8,1,47639702,250000000
lfp_t6plain_fuds_s2,fp32,8,2,47639702,250000000
lfp_t6plain_fuds_s2,fp32,8,3,47639702,250000000
lfp_t6plain_fuds_s2,fp32,8,4,47639702,250000000
lfp_t6plain_fuds_s2,fp32,8,5,47639702,250000000
lfp_t6plain_fuds_s2,fp32,8,6,47639702,250000000
lfp_t6plain_fuds_s2,fp32,8,7,47639702,250000000
lfp_t6plain_fuds_s2,fp32,8,8,47639702,250000000
lfp_t6plain_fuds_s2,fp32,8,9,47639702,250000000
lfp_t6plain_fuds_s2,fp32,8,10,47639702,250000000
lfp_t6plain_fuds_s2,fp32,8,11,47639702,250000000
lfp_t6plain_fuds_s2,fp32,8,12,47639702,250000000
lfp_t6plain_fuds_s2,fp32,8,13,47639702,250000000
lfp_t6plain_fuds_s2,fp32,8,14,47639702,250000000
lfp_t6plain_fuds_s2,fp32,8,15,47639702,250000000
lfp_t6plain_fuds_s2,fp32,9,0,47744417,250000000
lfp_t6plain_fuds_s2,fp32,9,1,47744371,250000000
lfp_t6plain_fuds_s2,fp32,9,2,47744371,250000000
lfp_t6plain_fuds_s2,fp32,9,3,47744371,250000000
lfp_t6plain_fuds_s2,fp32,9,4,47744371,250000000
lfp_t6plain_fuds_s2,fp32,9,5,47744371,250000000
lfp_t6plain_fuds_s2,fp32,9,6,47744371,250000000
lfp_t6plain_fuds_s2,fp32,9,7,47744371,250000000
lfp_t6plain_fuds_s2,fp32,9,8,47744371,250000000
lfp_t6plain_fuds_s2,fp32,9,9,47744371,250000000
lfp_t6plain_fuds_s2,fp32,9,10,47744371,250000000
lfp_t6plain_fuds_s2,fp32,9,11,47744371,250000000
lfp_t6plain_fuds_s2,fp32,9,12,47744371,250000000
lfp_t6plain_fuds_s2,fp32,9,13,47744371,250000000
lfp_t6plain_fuds_s2,fp32,9,14,47744371,250000000
lfp_t6plain_fuds_s2,fp32,9,15,47744371,250000000
lfp_t6plain_fuds_s2,fp32,10,0,47758785,250000000
lfp_t6plain_fuds_s2,fp32,10,1,47758730,250000000
lfp_t6plain_fuds_s2,fp32,10,2,47758730,250000000
lfp_t6plain_fuds_s2,fp32,10,3,47758730,250000000
lfp_t6plain_fuds_s2,fp32,10,4,47758730,250000000
lfp_t6plain_fuds_s2,fp32,10,5,47758730,250000000
lfp_t6plain_fuds_s2,fp32,10,6,47758730,250000000
lfp_t6plain_fuds_s2,fp32,10,7,47758730,250000000
lfp_t6plain_fuds_s2,fp32,10,8,47758730,250000000
lfp_t6plain_fuds_s2,fp32,10,9,47758730,250000000
lfp_t6plain_fuds_s2,fp32,10,10,47758730,250000000
lfp_t6plain_fuds_s2,fp32,10,11,47758730,250000000
lfp_t6plain_fuds_s2,fp32,10,12,47758730,250000000
lfp_t6plain_fuds_s2,fp32,10,13,47758730,250000000
lfp_t6plain_fuds_s2,fp32,10,14,47758730,250000000
lfp_t6plain_fuds_s2,fp32,10,15,47758730,250000000
lfp_t6plain_fuds_s2,fp32,11,0,47704384,250000000
lfp_t6plain_fuds_s2,fp32,11,1,47704361,250000000
lfp_t6plain_fuds_s2,fp32,11,2,47704361,250000000
lfp_t6plain_fuds_s2,fp32,11,3,47704361,250000000
lfp_t6plain_fuds_s2,fp32,11,4,47704361,250000000
lfp_t6plain_fuds_s2,fp32,11,5,47704361,250000000
lfp_t6plain_fuds_s2,fp32,11,6,47704361,250000000
lfp_t6plain_fuds_s2,fp32,11,7,47704361,250000000
lfp_t6plain_fuds_s2,fp32,11,8,47704361,250000000
lfp_t6plain_fuds_s2,fp32,11,9,47704361,250000000
lfp_t6plain_fuds_s2,fp32,11,10,47704361,250000000
lfp_t6plain_fuds_s2,fp32,11,11,47704361,250000000
lfp_t6plain_fuds_s2,fp32,11,12,47704361,250000000
lfp_t6plain_fuds_s2,fp32,11,13,47704361,250000000
lfp_t6plain_fuds_s2,fp32,11,14,47704361,250000000
lfp_t6plain_fuds_s2,fp32,11,15,47704361,250000000
lfp_t6plain_fuds_s2,fp32,12,0,47708596,250000000
lfp_t6plain_fuds_s2,fp32,12,1,47708571,250000000
lfp_t6plain_fuds_s2,fp32,12,2,47708571,250000000
lfp_t6plain_fuds_s2,fp32,12,3,47708571,250000000
lfp_t6plain_fuds_s2,fp32,12,4,47708571,250000000
lfp_t6plain_fuds_s2,fp32,12,5,47708571,250000000
lfp_t6plain_fuds_s2,fp32,12,6,47708571,250000000
lfp_t6plain_fuds_s2,fp32,12,7,47708571,250000000
lfp_t6plain_fuds_s2,fp32,12,8,47708571,250000000
lfp_t6plain_fuds_s2,fp32,12,9,47708571,250000000
lfp_t6plain_fuds_s2,fp32,12,10,47708571,250000000
lfp_t6plain_fuds_s2,fp32,12,11,47708571,250000000
lfp_t6plain_fuds_s2,fp32,12,12,47708571,250000000
lfp_t6plain_fuds_s2,fp32,12,13,47708571,250000000
lfp_t6plain_fuds_s2,fp32,12,14,47708571,250000000
lfp_t6plain_fuds_s2,fp32,12,15,47708571,250000000
lfp_t6plain_fuds_s2,fp32,13,0,47707096,250000000
lfp_t6plain_fuds_s2,fp32,13,1,47707041,250000000
lfp_t6plain_fuds_s2,fp32,13,2,47707041,250000000
lfp_t6plain_fuds_s2,fp32,13,3,47707041,250000000
lfp_t6plain_fuds_s2,fp32,13,4,47707041,250000000
lfp_t6plain_fuds_s2,fp32,13,5,47707041,250000000
lfp_t6plain_fuds_s2,fp32,13,6,47707041,250000000
lfp_t6plain_fuds_s2,fp32,13,7,47707041,250000000
lfp_t6plain_fuds_s2,fp32,13,8,47707041,250000000
lfp_t6plain_fuds_s2,fp32,13,9,47707041,250000000
lfp_t6plain_fuds_s2,fp32,13,10,47707041,250000000
lfp_t6plain_fuds_s2,fp32,13,11,47707041,250000000
lfp_t6plain_fuds_s2,fp32,13,12,47707041,250000000
lfp_t6plain_fuds_s2,fp32,13,13,47707041,250000000
lfp_t6plain_fuds_s2,fp32,13,14,47707041,250000000
lfp_t6plain_fuds_s2,fp32,13,15,47707041,250000000
lfp_t6plain_fuds_s2,fp32,14,0,47642517,250000000
lfp_t6plain_fuds_s2,fp32,14,1,47642469,250000000
lfp_t6plain_fuds_s2,fp32,14,2,47642469,250000000
lfp_t6plain_fuds_s2,fp32,14,3,47642469,250000000
lfp_t6plain_fuds_s2,fp32,14,4,47642469,250000000
lfp_t6plain_fuds_s2,fp32,14,5,47642469,250000000
lfp_t6plain_fuds_s2,fp32,14,6,47642469,250000000
lfp_t6plain_fuds_s2,fp32,14,7,47642469,250000000
lfp_t6plain_fuds_s2,fp32,14,8,47642469,250000000
lfp_t6plain_fuds_s2,fp32,14,9,47642469,250000000
lfp_t6plain_fuds_s2,fp32,14,10,47642469,250000000
lfp_t6plain_fuds_s2,fp32,14,11,47642469,250000000
lfp_t6plain_fuds_s2,fp32,14,12,47642469,250000000
lfp_t6plain_fuds_s2,fp32,14,13,47642469,250000000
lfp_t6plain_fuds_s2,fp32,14,14,47642469,250000000
lfp_t6plain_fuds_s2,fp32,14,15,47642469,250000000
lfp_t6plain_fuds_s2,fp32,15,0,47579528,250000000
lfp_t6plain_fuds_s2,fp32,15,1,47579482,250000000
lfp_t6plain_fuds_s2,fp32,15,2,47579482,250000000
lfp_t6plain_fuds_s2,fp32,15,3,47579482,250000000
lfp_t6plain_fuds_s2,fp32,15,4,47579482,250000000
lfp_t6plain_fuds_s2,fp32,15,5,47579482,250000000
lfp_t6plain_fuds_s2,fp32,15,6,47579482,250000000
lfp_t6plain_fuds_s2,fp32,15,7,47579482,250000000
lfp_t6plain_fuds_s2,fp32,15,8,47579482,250000000
lfp_t6plain_fuds_s2,fp32,15,9,47579482,250000000
lfp_t6plain_fuds_s2,fp32,15,10,47579482,250000000
lfp_t6plain_fuds_s2,fp32,15,11,47579482,250000000
lfp_t6plain_fuds_s2,fp32,15,12,47579482,250000000
lfp_t6plain_fuds_s2,fp32,15,13,47579482,250000000
lfp_t6plain_fuds_s2,fp32,15,14,47579482,250000000
lfp_t6plain_fuds_s2,fp32,15,15,47579482,250000000
lfp_t6plain_fuds_s2,fp32,16,0,47645560,250000000
lfp_t6plain_fuds_s2,fp32,16,1,47645514,250000000
lfp_t6plain_fuds_s2,fp32,16,2,47645514,250000000
lfp_t6plain_fuds_s2,fp32,16,3,47645514,250000000
lfp_t6plain_fuds_s2,fp32,16,4,47645514,250000000
lfp_t6plain_fuds_s2,fp32,16,5,47645514,250000000
lfp_t6plain_fuds_s2,fp32,16,6,47645514,250000000
lfp_t6plain_fuds_s2,fp32,16,7,47645514,250000000
lfp_t6plain_fuds_s2,fp32,16,8,47645514,250000000
lfp_t6plain_fuds_s2,fp32,16,9,47645514,250000000
lfp_t6plain_fuds_s2,fp32,16,10,47645514,250000000
lfp_t6plain_fuds_s2,fp32,16,11,47645514,250000000
lfp_t6plain_fuds_s2,fp32,16,12,47645514,250000000
lfp_t6plain_fuds_s2,fp32,16,13,47645514,250000000
lfp_t6plain_fuds_s2,fp32,16,14,47645514,250000000
lfp_t6plain_fuds_s2,fp32,16,15,47645514,250000000
lfp_t6plain_fuds_s2,fp32,17,0,47750044,250000000
lfp_t6plain_fuds_s2,fp32,17,1,47749998,250000000
lfp_t6plain_fuds_s2,fp32,17,2,47749998,250000000
lfp_t6plain_fuds_s2,fp32,17,3,47749998,250000000
lfp_t6plain_fuds_s2,fp32,17,4,47749998,250000000
lfp_t6plain_fuds_s2,fp32,17,5,47749998,250000000
lfp_t6plain_fuds_s2,fp32,17,6,47749998,250000000
lfp_t6plain_fuds_s2,fp32,17,7,47749998,250000000
lfp_t6plain_fuds_s2,fp32,17,8,47749998,250000000
lfp_t6plain_fuds_s2,fp32,17,9,47749998,250000000
lfp_t6plain_fuds_s2,fp32,17,10,47749998,250000000
lfp_t6plain_fuds_s2,fp32,17,11,47749998,250000000
lfp_t6plain_fuds_s2,fp32,17,12,47749998,250000000
lfp_t6plain_fuds_s2,fp32,17,13,47749998,250000000
lfp_t6plain_fuds_s2,fp32,17,14,47749998,250000000
lfp_t6plain_fuds_s2,fp32,17,15,47749998,250000000
lfp_t6plain_fuds_s2,fp32,18,0,47784467,250000000
lfp_t6plain_fuds_s2,fp32,18,1,47784412,250000000
lfp_t6plain_fuds_s2,fp32,18,2,47784412,250000000
lfp_t6plain_fuds_s2,fp32,18,3,47784412,250000000
lfp_t6plain_fuds_s2,fp32,18,4,47784412,250000000
lfp_t6plain_fuds_s2,fp32,18,5,47784412,250000000
lfp_t6plain_fuds_s2,fp32,18,6,47784412,250000000
lfp_t6plain_fuds_s2,fp32,18,7,47784412,250000000
lfp_t6plain_fuds_s2,fp32,18,8,47784412,250000000
lfp_t6plain_fuds_s2,fp32,18,9,47784412,250000000
lfp_t6plain_fuds_s2,fp32,18,10,47784412,250000000
lfp_t6plain_fuds_s2,fp32,18,11,47784412,250000000
lfp_t6plain_fuds_s2,fp32,18,12,47784412,250000000
lfp_t6plain_fuds_s2,fp32,18,13,47784412,250000000
lfp_t6plain_fuds_s2,fp32,18,14,47784412,250000000
lfp_t6plain_fuds_s2,fp32,18,15,47784412,250000000
lfp_t6plain_fuds_s2,fp32,19,0,47756400,250000000
lfp_t6plain_fuds_s2,fp32,19,1,47756345,250000000
lfp_t6plain_fuds_s2,fp32,19,2,47756345,250000000
lfp_t6plain_fuds_s2,fp32,19,3,47756345,250000000
lfp_t6plain_fuds_s2,fp32,19,4,47756345,250000000
lfp_t6plain_fuds_s2,fp32,19,5,47756345,250000000
lfp_t6plain_fuds_s2,fp32,19,6,47756345,250000000
lfp_t6plain_fuds_s2,fp32,19,7,47756345,250000000
lfp_t6plain_fuds_s2,fp32,19,8,47756345,250000000
lfp_t6plain_fuds_s2,fp32,19,9,47756345,250000000
lfp_t6plain_fuds_s2,fp32,19,10,47756345,250000000
lfp_t6plain_fuds_s2,fp32,19,11,47756345,250000000
lfp_t6plain_fuds_s2,fp32,19,12,47756345,250000000
lfp_t6plain_fuds_s2,fp32,19,13,47756345,250000000
lfp_t6plain_fuds_s2,fp32,19,14,47756345,250000000
lfp_t6plain_fuds_s2,fp32,19,15,47756345,250000000
lfp_t6plain_fuds_s2,fp32,20,0,47742719,250000000
lfp_t6plain_fuds_s2,fp32,20,1,47742694,250000000
lfp_t6plain_fuds_s2,fp32,20,2,47742694,250000000
lfp_t6plain_fuds_s2,fp32,20,3,47742694,250000000
lfp_t6plain_fuds_s2,fp32,20,4,47742694,250000000
lfp_t6plain_fuds_s2,fp32,20,5,47742694,250000000
lfp_t6plain_fuds_s2,fp32,20,6,47742694,250000000
lfp_t6plain_fuds_s2,fp32,20,7,47742694,250000000
lfp_t6plain_fuds_s2,fp32,20,8,47742694,250000000
lfp_t6plain_fuds_s2,fp32,20,9,47742694,250000000
lfp_t6plain_fuds_s2,fp32,20,10,47742694,250000000
lfp_t6plain_fuds_s2,fp32,20,11,47742694,250000000
lfp_t6plain_fuds_s2,fp32,20,12,47742694,250000000
lfp_t6plain_fuds_s2,fp32,20,13,47742694,250000000
lfp_t6plain_fuds_s2,fp32,20,14,47742694,250000000
lfp_t6plain_fuds_s2,fp32,20,15,47742694,250000000
lfp_t6plain_fuds_s2,fp32,21,0,47742240,250000000
lfp_t6plain_fuds_s2,fp32,21,1,47742185,250000000
lfp_t6plain_fuds_s2,fp32,21,2,47742185,250000000
lfp_t6plain_fuds_s2,fp32,21,3,47742185,250000000
lfp_t6plain_fuds_s2,fp32,21,4,47742185,250000000
lfp_t6plain_fuds_s2,fp32,21,5,47742185,250000000
lfp_t6plain_fuds_s2,fp32,21,6,47742185,250000000
lfp_t6plain_fuds_s2,fp32,21,7,47742185,250000000
lfp_t6plain_fuds_s2,fp32,21,8,47742185,250000000
lfp_t6plain_fuds_s2,fp32,21,9,47742185,250000000
lfp_t6plain_fuds_s2,fp32,21,10,47742185,250000000
lfp_t6plain_fuds_s2,fp32,21,11,47742185,250000000
lfp_t6plain_fuds_s2,fp32,21,12,47742185,250000000
lfp_t6plain_fuds_s2,fp32,21,13,47742185,250000000
lfp_t6plain_fuds_s2,fp32,21,14,47742185,250000000
lfp_t6plain_fuds_s2,fp32,21,15,47742185,250000000
lfp_t6plain_fuds_s2,fp32,22,0,47705792,250000000
lfp_t6plain_fuds_s2,fp32,22,1,47705744,250000000
lfp_t6plain_fuds_s2,fp32,22,2,47705744,250000000
lfp_t6plain_fuds_s2,fp32,22,3,47705744,250000000
lfp_t6plain_fuds_s2,fp32,22,4,47705744,250000000
lfp_t6plain_fuds_s2,fp32,22,5,47705744,250000000
lfp_t6plain_fuds_s2,fp32,22,6,47705744,250000000
lfp_t6plain_fuds_s2,fp32,22,7,47705744,250000000
lfp_t6plain_fuds_s2,fp32,22,8,47705744,250000000
lfp_t6plain_fuds_s2,fp32,22,9,47705744,250000000
lfp_t6plain_fuds_s2,fp32,22,10,47705744,250000000
lfp_t6plain_fuds_s2,fp32,22,11,47705744,250000000
lfp_t6plain_fuds_s2,fp32,22,12,47705744,250000000
lfp_t6plain_fuds_s2,fp32,22,13,47705744,250000000
lfp_t6plain_fuds_s2,fp32,22,14,47705744,250000000
lfp_t6plain_fuds_s2,fp32,22,15,47705744,250000000
lfp_t6plain_fuds_s2,fp32,23,0,47626369,250000000
lfp_t6plain_fuds_s2,fp32,23,1,47626323,250000000
lfp_t6plain_fuds_s2,fp32,23,2,47626323,250000000
lfp_t6plain_fuds_s2,fp32,23,3,47626323,250000000
lfp_t6plain_fuds_s2,fp32,23,4,47626323,250000000
lfp_t6plain_fuds_s2,fp32,23,5,47626323,250000000
lfp_t6plain_fuds_s2,fp32,23,6,47626323,250000000
lfp_t6plain_fuds_s2,fp32,23,7,47626323,250000000
lfp_t6plain_fuds_s2,fp32,23,8,47626323,250000000
lfp_t6plain_fuds_s2,fp32,23,9,47626323,250000000
lfp_t6plain_fuds_s2,fp32,23,10,47626323,250000000
lfp_t6plain_fuds_s2,fp32,23,11,47626323,250000000
lfp_t6plain_fuds_s2,fp32,23,12,47626323,250000000
lfp_t6plain_fuds_s2,fp32,23,13,47626323,250000000
lfp_t6plain_fuds_s2,fp32,23,14,47626323,250000000
lfp_t6plain_fuds_s2,fp32,23,15,47626323,250000000
lfp_t6plain_fuds_s2,fp32,24,0,47650362,250000000
lfp_t6plain_fuds_s2,fp32,24,1,47650316,250000000
lfp_t6plain_fuds_s2,fp32,24,2,47650316,250000000
lfp_t6plain_fuds_s2,fp32,24,3,47650316,250000000
lfp_t6plain_fuds_s2,fp32,24,4,47650316,250000000
lfp_t6plain_fuds_s2,fp32,24,5,47650316,250000000
lfp_t6plain_fuds_s2,fp32,24,6,47650316,250000000
lfp_t6plain_fuds_s2,fp32,24,7,47650316,250000000
lfp_t6plain_fuds_s2,fp32,24,8,47650316,250000000
lfp_t6plain_fuds_s2,fp32,24,9,47650316,250000000
lfp_t6plain_fuds_s2,fp32,24,10,47650316,250000000
lfp_t6plain_fuds_s2,fp32,24,11,47650316,250000000
lfp_t6plain_fuds_s2,fp32,24,12,47650316,250000000
lfp_t6plain_fuds_s2,fp32,24,13,47650316,250000000
lfp_t6plain_fuds_s2,fp32,24,14,47650316,250000000
lfp_t6plain_fuds_s2,fp32,24,15,47650316,250000000
lfp_t6plain_fuds_s2,fp32,25,0,47758015,250000000
lfp_t6plain_fuds_s2,fp32,25,1,47757967,250000000
lfp_t6plain_fuds_s2,fp32,25,2,47757967,250000000
lfp_t6plain_fuds_s2,fp32,25,3,47757967,250000000
lfp_t6plain_fuds_s2,fp32,25,4,47757967,250000000
lfp_t6plain_fuds_s2,fp32,25,5,47757967,250000000
lfp_t6plain_fuds_s2,fp32,25,6,47757967,250000000
lfp_t6plain_fuds_s2,fp32,25,7,47757967,250000000
lfp_t6plain_fuds_s2,fp32,25,8,47757967,250000000
lfp_t6plain_fuds_s2,fp32,25,9,47757967,250000000
lfp_t6plain_fuds_s2,fp32,25,10,47757967,250000000
lfp_t6plain_fuds_s2,fp32,25,11,47757967,250000000
lfp_t6plain_fuds_s2,fp32,25,12,47757967,250000000
lfp_t6plain_fuds_s2,fp32,25,13,47757967,250000000
lfp_t6plain_fuds_s2,fp32,25,14,47757967,250000000
lfp_t6plain_fuds_s2,fp32,25,15,47757967,250000000
lfp_t6plain_fuds_s2,fp32,26,0,47793692,250000000
lfp_t6plain_fuds_s2,fp32,26,1,47793637,250000000
lfp_t6plain_fuds_s2,fp32,26,2,47793637,250000000
lfp_t6plain_fuds_s2,fp32,26,3,47793637,250000000
lfp_t6plain_fuds_s2,fp32,26,4,47793637,250000000
lfp_t6plain_fuds_s2,fp32,26,5,47793637,250000000
lfp_t6plain_fuds_s2,fp32,26,6,47793637,250000000
lfp_t6plain_fuds_s2,fp32,26,7,47793637,250000000
lfp_t6plain_fuds_s2,fp32,26,8,47793637,250000000
lfp_t6plain_fuds_s2,fp32,26,9,47793637,250000000
lfp_t6plain_fuds_s2,fp32,26,10,47793637,250000000
lfp_t6plain_fuds_s2,fp32,26,11,47793637,250000000
lfp_t6plain_fuds_s2,fp32,26,12,47793637,250000000
lfp_t6plain_fuds_s2,fp32,26,13,47793637,250000000
lfp_t6plain_fuds_s2,fp32,26,14,47793637,250000000
lfp_t6plain_fuds_s2,fp32,26,15,47793637,250000000
lfp_t6plain_fuds_s2,fp32,27,0,47766167,250000000
lfp_t6plain_fuds_s2,fp32,27,1,47766112,250000000
lfp_t6plain_fuds_s2,fp32,27,2,47766112,250000000
lfp_t6plain_fuds_s2,fp32,27,3,47766112,250000000
lfp_t6plain_fuds_s2,fp32,27,4,47766112,250000000
lfp_t6plain_fuds_s2,fp32,27,5,47766112,250000000
lfp_t6plain_fuds_s2,fp32,27,6,47766112,250000000
lfp_t6plain_fuds_s2,fp32,27,7,47766112,250000000
lfp_t6plain_fuds_s2,fp32,27,8,47766112,250000000
lfp_t6plain_fuds_s2,fp32,27,9,47766112,250000000
lfp_t6plain_fuds_s2,fp32,27,10,47766112,250000000
lfp_t6plain_fuds_s2,fp32,27,11,47766112,250000000
lfp_t6plain_fuds_s2,fp32,27,12,47766112,250000000
lfp_t6plain_fuds_s2,fp32,27,13,47766112,250000000
lfp_t6plain_fuds_s2,fp32,27,14,47766112,250000000
lfp_t6plain_fuds_s2,fp32,27,15,47766112,250000000
lfp_t6plain_fuds_s2,fp32,28,0,47744612,250000000
lfp_t6plain_fuds_s2,fp32,28,1,47744587,250000000
lfp_t6plain_fuds_s2,fp32,28,2,47744587,250000000
lfp_t6plain_fuds_s2,fp32,28,3,47744587,250000000
lfp_t6plain_fuds_s2,fp32,28,4,47744587,250000000
lfp_t6plain_fuds_s2,fp32,28,5,47744587,250000000
lfp_t6plain_fuds_s2,fp32,28,6,47744587,250000000
lfp_t6plain_fuds_s2,fp32,28,7,47744587,250000000
lfp_t6plain_fuds_s2,fp32,28,8,47744587,250000000
lfp_t6plain_fuds_s2,fp32,28,9,47744587,250000000
lfp_t6plain_fuds_s2,fp32,28,10,47744587,250000000
lfp_t6plain_fuds_s2,fp32,28,11,47744587,250000000
lfp_t6plain_fuds_s2,fp32,28,12,47744587,250000000
lfp_t6plain_fuds_s2,fp32,28,13,47744587,250000000
lfp_t6plain_fuds_s2,fp32,28,14,47744587,250000000
lfp_t6plain_fuds_s2,fp32,28,15,47744587,250000000
lfp_t6plain_fuds_s2,fp32,29,0,47757953,250000000
lfp_t6plain_fuds_s2,fp32,29,1,47757898,250000000
lfp_t6plain_fuds_s2,fp32,29,2,47757898,250000000
lfp_t6plain_fuds_s2,fp32,29,3,47757898,250000000
lfp_t6plain_fuds_s2,fp32,29,4,47757898,250000000
lfp_t6plain_fuds_s2,fp32,29,5,47757898,250000000
lfp_t6plain_fuds_s2,fp32,29,6,47757898,250000000
lfp_t6plain_fuds_s2,fp32,29,7,47757898,250000000
lfp_t6plain_fuds_s2,fp32,29,8,47757898,250000000
lfp_t6plain_fuds_s2,fp32,29,9,47757898,250000000
lfp_t6plain_fuds_s2,fp32,29,10,47757898,250000000
lfp_t6plain_fuds_s2,fp32,29,11,47757898,250000000
lfp_t6plain_fuds_s2,fp32,29,12,47757898,250000000
lfp_t6plain_fuds_s2,fp32,29,13,47757898,250000000
lfp_t6plain_fuds_s2,fp32,29,14,47757898,250000000
lfp_t6plain_fuds_s2,fp32,29,15,47757898,250000000
lfp_t6plain_fuds_s2,fp32,30,0,47743703,250000000
lfp_t6plain_fuds_s2,fp32,30,1,47743655,250000000
lfp_t6plain_fuds_s2,fp32,30,2,47743655,250000000
lfp_t6plain_fuds_s2,fp32,30,3,47743655,250000000
lfp_t6plain_fuds_s2,fp32,30,4,47743655,250000000
lfp_t6plain_fuds_s2,fp32,30,5,47743655,250000000
lfp_t6plain_fuds_s2,fp32,30,6,47743655,250000000
lfp_t6plain_fuds_s2,fp32,30,7,47743655,250000000
lfp_t6plain_fuds_s2,fp32,30,8,47743655,250000000
lfp_t6plain_fuds_s2,fp32,30,9,47743655,250000000
lfp_t6plain_fuds_s2,fp32,30,10,47743655,250000000
lfp_t6plain_fuds_s2,fp32,30,11,47743655,250000000
lfp_t6plain_fuds_s2,fp32,30,12,47743655,250000000
lfp_t6plain_fuds_s2,fp32,30,13,47743655,250000000
lfp_t6plain_fuds_s2,fp32,30,14,47743655,250000000
lfp_t6plain_fuds_s2,fp32,30,15,47743655,250000000
lfp_t6plain_fuds_s2,fp32,31,0,47581382,250000000
lfp_t6plain_fuds_s2,fp32,31,1,47581336,250000000
lfp_t6plain_fuds_s2,fp32,31,2,47581336,250000000
lfp_t6plain_fuds_s2,fp32,31,3,47581336,250000000
lfp_t6plain_fuds_s2,fp32,31,4,47581336,250000000
lfp_t6plain_fuds_s2,fp32,31,5,47581336,250000000
lfp_t6plain_fuds_s2,fp32,31,6,47581336,250000000
lfp_t6plain_fuds_s2,fp32,31,7,47581336,250000000
lfp_t6plain_fuds_s2,fp32,31,8,47581336,250000000
lfp_t6plain_fuds_s2,fp32,31,9,47581336,250000000
lfp_t6plain_fuds_s2,fp32,31,10,47581336,250000000
lfp_t6plain_fuds_s2,fp32,31,11,47581336,250000000
lfp_t6plain_fuds_s2,fp32,31,12,47581336,250000000
lfp_t6plain_fuds_s2,fp32,31,13,47581336,250000000
lfp_t6plain_fuds_s2,fp32,31,14,47581336,250000000
lfp_t6plain_fuds_s2,fp32,31,15,47581336,250000000
lfp_t6plain_fuds_s2,fp32,32,0,47653193,250000000
lfp_t6plain_fuds_s2,fp32,32,1,47653147,250000000
lfp_t6plain_fuds_s2,fp32,32,2,47653147,250000000
lfp_t6plain_fuds_s2,fp32,32,3,47653147,250000000
lfp_t6plain_fuds_s2,fp32,32,4,47653147,250000000
lfp_t6plain_fuds_s2,fp32,32,5,47653147,250000000
lfp_t6plain_fuds_s2,fp32,32,6,47653147,250000000
lfp_t6plain_fuds_s2,fp32,32,7,47653147,250000000
lfp_t6plain_fuds_s2,fp32,32,8,47653147,250000000
lfp_t6plain_fuds_s2,fp32,32,9,47653147,250000000
lfp_t6plain_fuds_s2,fp32,32,10,47653147,250000000
lfp_t6plain_fuds_s2,fp32,32,11,47653147,250000000
lfp_t6plain_fuds_s2,fp32,32,12,47653147,250000000
lfp_t6plain_fuds_s2,fp32,32,13,47653147,250000000
lfp_t6plain_fuds_s2,fp32,32,14,47653147,250000000
lfp_t6plain_fuds_s2,fp32,32,15,47653147,250000000
lfp_t6plain_fuds_s2,fp32,33,0,47755029,250000000
lfp_t6plain_fuds_s2,fp32,33,1,47754981,250000000
lfp_t6plain_fuds_s2,fp32,33,2,47754981,250000000
lfp_t6plain_fuds_s2,fp32,33,3,47754981,250000000
lfp_t6plain_fuds_s2,fp32,33,4,47754981,250000000
lfp_t6plain_fuds_s2,fp32,33,5,47754981,250000000
lfp_t6plain_fuds_s2,fp32,33,6,47754981,250000000
lfp_t6plain_fuds_s2,fp32,33,7,47754981,250000000
lfp_t6plain_fuds_s2,fp32,33,8,47754981,250000000
lfp_t6plain_fuds_s2,fp32,33,9,47754981,250000000
lfp_t6plain_fuds_s2,fp32,33,10,47754981,250000000
lfp_t6plain_fuds_s2,fp32,33,11,47754981,250000000
lfp_t6plain_fuds_s2,fp32,33,12,47754981,250000000
lfp_t6plain_fuds_s2,fp32,33,13,47754981,250000000
lfp_t6plain_fuds_s2,fp32,33,14,47754981,250000000
lfp_t6plain_fuds_s2,fp32,33,15,47754981,250000000
lfp_t6plain_fuds_s2,fp32,34,0,47787765,250000000
lfp_t6plain_fuds_s2,fp32,34,1,47787710,250000000
lfp_t6plain_fuds_s2,fp32,34,2,47787710,250000000
lfp_t6plain_fuds_s2,fp32,34,3,47787710,250000000
lfp_t6plain_fuds_s2,fp32,34,4,47787710,250000000
lfp_t6plain_fuds_s2,fp32,34,5,47787710,250000000
lfp_t6plain_fuds_s2,fp32,34,6,47787710,250000000
lfp_t6plain_fuds_s2,fp32,34,7,47787710,250000000
lfp_t6plain_fuds_s2,fp32,34,8,47787710,250000000
lfp_t6plain_fuds_s2,fp32,34,9,47787710,250000000
lfp_t6plain_fuds_s2,fp32,34,10,47787710,250000000
lfp_t6plain_fuds_s2,fp32,34,11,47787710,250000000
lfp_t6plain_fuds_s2,fp32,34,12,47787710,250000000
lfp_t6plain_fuds_s2,fp32,34,13,47787710,250000000
lfp_t6plain_fuds_s2,fp32,34,14,47787710,250000000
lfp_t6plain_fuds_s2,fp32,34,15,47787710,250000000
lfp_t6plain_fuds_s2,fp32,35,0,47750546,250000000
lfp_t6plain_fuds_s2,fp32,35,1,47750491,250000000
lfp_t6plain_fuds_s2,fp32,35,2,47750491,250000000
lfp_t6plain_fuds_s2,fp32,35,3,47750491,250000000
lfp_t6plain_fuds_s2,fp32,35,4,47750491,250000000
lfp_t6plain_fuds_s2,fp32,35,5,47750491,250000000
lfp_t6plain_fuds_s2,fp32,35,6,47750491,250000000
lfp_t6plain_fuds_s2,fp32,35,7,47750491,250000000
lfp_t6plain_fuds_s2,fp32,35,8,47750491,250000000
lfp_t6plain_fuds_s2,fp32,35,9,47750491,250000000
lfp_t6plain_fuds_s2,fp32,35,10,47750491,250000000
lfp_t6plain_fuds_s2,fp32,35,11,47750491,250000000
lfp_t6plain_fuds_s2,fp32,35,12,47750491,250000000
lfp_t6plain_fuds_s2,fp32,35,13,47750491,250000000
lfp_t6plain_fuds_s2,fp32,35,14,47750491,250000000
lfp_t6plain_fuds_s2,fp32,35,15,47750491,250000000
lfp_t6plain_fuds_s2,fp32,36,0,47749910,250000000
lfp_t6plain_fuds_s2,fp32,36,1,47749885,250000000
lfp_t6plain_fuds_s2,fp32,36,2,47749885,250000000
lfp_t6plain_fuds_s2,fp32,36,3,47749885,250000000
lfp_t6plain_fuds_s2,fp32,36,4,47749885,250000000
lfp_t6plain_fuds_s2,fp32,36,5,47749885,250000000
lfp_t6plain_fuds_s2,fp32,36,6,47749885,250000000
lfp_t6plain_fuds_s2,fp32,36,7,47749885,250000000
lfp_t6plain_fuds_s2,fp32,36,8,47749885,250000000
lfp_t6plain_fuds_s2,fp32,36,9,47749885,250000000
lfp_t6plain_fuds_s2,fp32,36,10,47749885,250000000
lfp_t6plain_fuds_s2,fp32,36,11,47749885,250000000
lfp_t6plain_fuds_s2,fp32,36,12,47749885,250000000
lfp_t6plain_fuds_s2,fp32,36,13,47749885,250000000
lfp_t6plain_fuds_s2,fp32,36,14,47749885,250000000
lfp_t6plain_fuds_s2,fp32,36,15,47749885,250000000
lfp_t6plain_fuds_s2,fp32,37,0,47759717,250000000
lfp_t6plain_fuds_s2,fp32,37,1,47759662,250000000
lfp_t6plain_fuds_s2,fp32,37,2,47759662,250000000
lfp_t6plain_fuds_s2,fp32,37,3,47759662,250000000
lfp_t6plain_fuds_s2,fp32,37,4,47759662,250000000
lfp_t6plain_fuds_s2,fp32,37,5,47759662,250000000
lfp_t6plain_fuds_s2,fp32,37,6,47759662,250000000
lfp_t6plain_fuds_s2,fp32,37,7,47759662,250000000
lfp_t6plain_fuds_s2,fp32,37,8,47759662,250000000
lfp_t6plain_fuds_s2,fp32,37,9,47759662,250000000
lfp_t6plain_fuds_s2,fp32,37,10,47759662,250000000
lfp_t6plain_fuds_s2,fp32,37,11,47759662,250000000
lfp_t6plain_fuds_s2,fp32,37,12,47759662,250000000
lfp_t6plain_fuds_s2,fp32,37,13,47759662,250000000
lfp_t6plain_fuds_s2,fp32,37,14,47759662,250000000
lfp_t6plain_fuds_s2,fp32,37,15,47759662,250000000
lfp_t6plain_fuds_s2,fp32,38,0,47765069,250000000
lfp_t6plain_fuds_s2,fp32,38,1,47765021,250000000
lfp_t6plain_fuds_s2,fp32,38,2,47765021,250000000
lfp_t6plain_fuds_s2,fp32,38,3,47765021,250000000
lfp_t6plain_fuds_s2,fp32,38,4,47765021,250000000
lfp_t6plain_fuds_s2,fp32,38,5,47765021,250000000
lfp_t6plain_fuds_s2,fp32,38,6,47765021,250000000
lfp_t6plain_fuds_s2,fp32,38,7,47765021,250000000
lfp_t6plain_fuds_s2,fp32,38,8,47765021,250000000
lfp_t6plain_fuds_s2,fp32,38,9,47765021,250000000
lfp_t6plain_fuds_s2,fp32,38,10,47765021,250000000
lfp_t6plain_fuds_s2,fp32,38,11,47765021,250000000
lfp_t6plain_fuds_s2,fp32,38,12,47765021,250000000
lfp_t6plain_fuds_s2,fp32,38,13,47765021,250000000
lfp_t6plain_fuds_s2,fp32,38,14,47765021,250000000
lfp_t6plain_fuds_s2,fp32,38,15,47765021,250000000
lfp_t6plain_fuds_s2,fp32,39,0,47575387,250000000
lfp_t6plain_fuds_s2,fp32,39,1,47575341,250000000
lfp_t6plain_fuds_s2,fp32,39,2,47575341,250000000
lfp_t6plain_fuds_s2,fp32,39,3,47575341,250000000
lfp_t6plain_fuds_s2,fp32,39,4,47575341,250000000
lfp_t6plain_fuds_s2,fp32,39,5,47575341,250000000
lfp_t6plain_fuds_s2,fp32,39,6,47575341,250000000
lfp_t6plain_fuds_s2,fp32,39,7,47575341,250000000
lfp_t6plain_fuds_s2,fp32,39,8,47575341,250000000
lfp_t6plain_fuds_s2,fp32,39,9,47575341,250000000
lfp_t6plain_fuds_s2,fp32,39,10,47575341,250000000
lfp_t6plain_fuds_s2,fp32,39,11,47575341,250000000
lfp_t6plain_fuds_s2,fp32,39,12,47575341,250000000
lfp_t6plain_fuds_s2,fp32,39,13,47575341,250000000
lfp_t6plain_fuds_s2,fp32,39,14,47575341,250000000
lfp_t6plain_fuds_s2,fp32,39,15,47575341,250000000
lfp_t6plain_fuds_s2,fp32,40,0,47657029,250000000
lfp_t6plain_fuds_s2,fp32,40,1,47656983,250000000
lfp_t6plain_fuds_s2,fp32,40,2,47656983,250000000
lfp_t6plain_fuds_s2,fp32,40,3,47656983,250000000
lfp_t6plain_fuds_s2,fp32,40,4,47656983,250000000
lfp_t6plain_fuds_s2,fp32,40,5,47656983,250000000
lfp_t6plain_fuds_s2,fp32,40,6,47656983,250000000
lfp_t6plain_fuds_s2,fp32,40,7,47656983,250000000
lfp_t6plain_fuds_s2,fp32,40,8,47656983,250000000
lfp_t6plain_fuds_s2,fp32,40,9,47656983,250000000
lfp_t6plain_fuds_s2,fp32,40,10,47656983,250000000
lfp_t6plain_fuds_s2,fp32,40,11,47656983,250000000
lfp_t6plain_fuds_s2,fp32,40,12,47656983,250000000
lfp_t6plain_fuds_s2,fp32,40,13,47656983,250000000
lfp_t6plain_fuds_s2,fp32,40,14,47656983,250000000
lfp_t6plain_fuds_s2,fp32,40,15,47656983,250000000
lfp_t6plain_fuds_s2,fp32,41,0,47749341,250000000
lfp_t6plain_fuds_s2,fp32,41,1,47749293,250000000
lfp_t6plain_fuds_s2,fp32,41,2,47749293,250000000
lfp_t6plain_fuds_s2,fp32,41,3,47749293,250000000
lfp_t6plain_fuds_s2,fp32,41,4,47749293,250000000
lfp_t6plain_fuds_s2,fp32,41,5,47749293,250000000
lfp_t6plain_fuds_s2,fp32,41,6,47749293,250000000
lfp_t6plain_fuds_s2,fp32,41,7,47749293,250000000
lfp_t6plain_fuds_s2,fp32,41,8,47749293,250000000
lfp_t6plain_fuds_s2,fp32,41,9,47749293,250000000
lfp_t6plain_fuds_s2,fp32,41,10,47749293,250000000
lfp_t6plain_fuds_s2,fp32,41,11,47749293,250000000
lfp_t6plain_fuds_s2,fp32,41,12,47749293,250000000
lfp_t6plain_fuds_s2,fp32,41,13,47749293,250000000
lfp_t6plain_fuds_s2,fp32,41,14,47749293,250000000
lfp_t6plain_fuds_s2,fp32,41,15,47749293,250000000
lfp_t6plain_fuds_s2,fp32,42,0,47788430,250000000
lfp_t6plain_fuds_s2,fp32,42,1,47788375,250000000
lfp_t6plain_fuds_s2,fp32,42,2,47788375,250000000
lfp_t6plain_fuds_s2,fp32,42,3,47788375,250000000
lfp_t6plain_fuds_s2,fp32,42,4,47788375,250000000
lfp_t6plain_fuds_s2,fp32,42,5,47788375,250000000
lfp_t6plain_fuds_s2,fp32,42,6,47788375,250000000
lfp_t6plain_fuds_s2,fp32,42,7,47788375,250000000
lfp_t6plain_fuds_s2,fp32,42,8,47788375,250000000
lfp_t6plain_fuds_s2,fp32,42,9,47788375,250000000
lfp_t6plain_fuds_s2,fp32,42,10,47788375,250000000
lfp_t6plain_fuds_s2,fp32,42,11,47788375,250000000
lfp_t6plain_fuds_s2,fp32,42,12,47788375,250000000
lfp_t6plain_fuds_s2,fp32,42,13,47788375,250000000
lfp_t6plain_fuds_s2,fp32,42,14,47788375,250000000
lfp_t6plain_fuds_s2,fp32,42,15,47788375,250000000
lfp_t6plain_fuds_s2,fp32,43,0,47767005,250000000
lfp_t6plain_fuds_s2,fp32,43,1,47766950,250000000
lfp_t6plain_fuds_s2,fp32,43,2,47766950,250000000
lfp_t6plain_fuds_s2,fp32,43,3,47766950,250000000
lfp_t6plain_fuds_s2,fp32,43,4,47766950,250000000
lfp_t6plain_fuds_s2,fp32,43,5,47766950,250000000
lfp_t6plain_fuds_s2,fp32,43,6,47766950,250000000
lfp_t6plain_fuds_s2,fp32,43,7,47766950,250000000
lfp_t6plain_fuds_s2,fp32,43,8,47766950,250000000
lfp_t6plain_fuds_s2,fp32,43,9,47766950,250000000
lfp_t6plain_fuds_s2,fp32,43,10,47766950,250000000
lfp_t6plain_fuds_s2,fp32,43,11,47766950,250000000
lfp_t6plain_fuds_s2,fp32,43,12,47766950,250000000
lfp_t6plain_fuds_s2,fp32,43,13,47766950,250000000
lfp_t6plain_fuds_s2,fp32,43,14,47766950,250000000
lfp_t6plain_fuds_s2,fp32,43,15,47766950,250000000
lfp_t6plain_fuds_s2,fp32,44,0,47735239,250000000
lfp_t6plain_fuds_s2,fp32,44,1,47735214,250000000
lfp_t6plain_fuds_s2,fp32,44,2,47735214,250000000
lfp_t6plain_fuds_s2,fp32,44,3,47735214,250000000
lfp_t6plain_fuds_s2,fp32,44,4,47735214,250000000
lfp_t6plain_fuds_s2,fp32,44,5,47735214,250000000
lfp_t6plain_fuds_s2,fp32,44,6,47735214,250000000
lfp_t6plain_fuds_s2,fp32,44,7,47735214,250000000
lfp_t6plain_fuds_s2,fp32,44,8,47735214,250000000
lfp_t6plain_fuds_s2,fp32,44,9,47735214,250000000
lfp_t6plain_fuds_s2,fp32,44,10,47735214,250000000
lfp_t6plain_fuds_s2,fp32,44,11,47735214,250000000
lfp_t6plain_fuds_s2,fp32,44,12,47735214,250000000
lfp_t6plain_fuds_s2,fp32,44,13,47735214,250000000
lfp_t6plain_fuds_s2,fp32,44,14,47735214,250000000
lfp_t6plain_fuds_s2,fp32,44,15,47735214,250000000
lfp_t6plain_fuds_s2,fp32,45,0,47773753,250000000
lfp_t6plain_fuds_s2,fp32,45,1,47773698,250000000
lfp_t6plain_fuds_s2,fp32,45,2,47773698,250000000
lfp_t6plain_fuds_s2,fp32,45,3,47773698,250000000
lfp_t6plain_fuds_s2,fp32,45,4,47773698,250000000
lfp_t6plain_fuds_s2,fp32,45,5,47773698,250000000
lfp_t6plain_fuds_s2,fp32,45,6,47773698,250000000
lfp_t6plain_fuds_s2,fp32,45,7,47773698,250000000
lfp_t6plain_fuds_s2,fp32,45,8,47773698,250000000
lfp_t6plain_fuds_s2,fp32,45,9,47773698,250000000
lfp_t6plain_fuds_s2,fp32,45,10,47773698,250000000
lfp_t6plain_fuds_s2,fp32,45,11,47773698,250000000
lfp_t6plain_fuds_s2,fp32,45,12,47773698,250000000
lfp_t6plain_fuds_s2,fp32,45,13,47773698,250000000
lfp_t6plain_fuds_s2,fp32,45,14,47773698,250000000
lfp_t6plain_fuds_s2,fp32,45,15,47773698,250000000
lfp_t6plain_fuds_s2,fp32,46,0,47762877,250000000
lfp_t6plain_fuds_s2,fp32,46,1,47762829,250000000
lfp_t6plain_fuds_s2,fp32,46,2,47762829,250000000
lfp_t6plain_fuds_s2,fp32,46,3,47762829,250000000
lfp_t6plain_fuds_s2,fp32,46,4,47762829,250000000
lfp_t6plain_fuds_s2,fp32,46,5,47762829,250000000
lfp_t6plain_fuds_s2,fp32,46,6,47762829,250000000
lfp_t6plain_fuds_s2,fp32,46,7,47762829,250000000
lfp_t6plain_fuds_s2,fp32,46,8,47762829,250000000
lfp_t6plain_fuds_s2,fp32,46,9,47762829,250000000
lfp_t6plain_fuds_s2,fp32,46,10,47762829,250000000
lfp_t6plain_fuds_s2,fp32,46,11,47762829,250000000
lfp_t6plain_fuds_s2,fp32,46,12,47762829,250000000
lfp_t6plain_fuds_s2,fp32,46,13,47762829,250000000
lfp_t6plain_fuds_s2,fp32,46,14,47762829,250000000
lfp_t6plain_fuds_s2,fp32,46,15,47762829,250000000
lfp_t6plain_fuds_s2,fp32,47,0,47583865,250000000
lfp_t6plain_fuds_s2,fp32,47,1,47583819,250000000
lfp_t6plain_fuds_s2,fp32,47,2,47583819,250000000
lfp_t6plain_fuds_s2,fp32,47,3,47583819,250000000
lfp_t6plain_fuds_s2,fp32,47,4,47583819,250000000
lfp_t6plain_fuds_s2,fp32,47,5,47583819,250000000
lfp_t6plain_fuds_s2,fp32,47,6,47583819,250000000
lfp_t6plain_fuds_s2,fp32,47,7,47583819,250000000
lfp_t6plain_fuds_s2,fp32,47,8,47583819,250000000
lfp_t6plain_fuds_s2,fp32,47,9,47583819,250000000
lfp_t6plain_fuds_s2,fp32,47,10,47583819,250000000
lfp_t6plain_fuds_s2,fp32,47,11,47583819,250000000
lfp_t6plain_fuds_s2,fp32,47,12,47583819,250000000
lfp_t6plain_fuds_s2,fp32,47,13,47583819,250000000
lfp_t6plain_fuds_s2,fp32,47,14,47583819,250000000
lfp_t6plain_fuds_s2,fp32,47,15,47583819,250000000
lfp_t6plain_fuds_s2,fp32,48,0,47658908,250000000
lfp_t6plain_fuds_s2,fp32,48,1,47658860,250000000
lfp_t6plain_fuds_s2,fp32,48,2,47658860,250000000
lfp_t6plain_fuds_s2,fp32,48,3,47658860,250000000
lfp_t6plain_fuds_s2,fp32,48,4,47658860,250000000
lfp_t6plain_fuds_s2,fp32,48,5,47658860,250000000
lfp_t6plain_fuds_s2,fp32,48,6,47658860,250000000
lfp_t6plain_fuds_s2,fp32,48,7,47658860,250000000
lfp_t6plain_fuds_s2,fp32,48,8,47658860,250000000
lfp_t6plain_fuds_s2,fp32,48,9,47658860,250000000
lfp_t6plain_fuds_s2,fp32,48,10,47658860,250000000
lfp_t6plain_fuds_s2,fp32,48,11,47658860,250000000
lfp_t6plain_fuds_s2,fp32,48,12,47658860,250000000
lfp_t6plain_fuds_s2,fp32,48,13,47658860,250000000
lfp_t6plain_fuds_s2,fp32,48,14,47658860,250000000
lfp_t6plain_fuds_s2,fp32,48,15,47658860,250000000
lfp_t6plain_fuds_s2,fp32,49,0,47747866,250000000
lfp_t6plain_fuds_s2,fp32,49,1,47747818,250000000
lfp_t6plain_fuds_s2,fp32,49,2,47747818,250000000
lfp_t6plain_fuds_s2,fp32,49,3,47747818,250000000
lfp_t6plain_fuds_s2,fp32,49,4,47747818,250000000
lfp_t6plain_fuds_s2,fp32,49,5,47747818,250000000
lfp_t6plain_fuds_s2,fp32,49,6,47747818,250000000
lfp_t6plain_fuds_s2,fp32,49,7,47747818,250000000
lfp_t6plain_fuds_s2,fp32,49,8,47747818,250000000
lfp_t6plain_fuds_s2,fp32,49,9,47747818,250000000
lfp_t6plain_fuds_s2,fp32,49,10,47747818,250000000
lfp_t6plain_fuds_s2,fp32,49,11,47747818,250000000
lfp_t6plain_fuds_s2,fp32,49,12,47747818,250000000
lfp_t6plain_fuds_s2,fp32,49,13,47747818,250000000
lfp_t6plain_fuds_s2,fp32,49,14,47747818,250000000
lfp_t6plain_fuds_s2,fp32,49,15,47747818,250000000
lfp_t6plain_fuds_s2,fp32,50,0,47780075,250000000
lfp_t6plain_fuds_s2,fp32,50,1,47780020,250000000
lfp_t6plain_fuds_s2,fp32,50,2,47780020,250000000
lfp_t6plain_fuds_s2,fp32,50,3,47780020,250000000
lfp_t6plain_fuds_s2,fp32,50,4,47780020,250000000
lfp_t6plain_fuds_s2,fp32,50,5,47780020,250000000
lfp_t6plain_fuds_s2,fp32,50,6,47780020,250000000
lfp_t6plain_fuds_s2,fp32,50,7,47780020,250000000
lfp_t6plain_fuds_s2,fp32,50,8,47780020,250000000
lfp_t6plain_fuds_s2,fp32,50,9,47780020,250000000
lfp_t6plain_fuds_s2,fp32,50,10,47780020,250000000
lfp_t6plain_fuds_s2,fp32,50,11,47780020,250000000
lfp_t6plain_fuds_s2,fp32,50,12,47780020,250000000
lfp_t6plain_fuds_s2,fp32,50,13,47780020,250000000
lfp_t6plain_fuds_s2,fp32,50,14,47780020,250000000
lfp_t6plain_fuds_s2,fp32,50,15,47780020,250000000
lfp_t6plain_fuds_s2,fp32,51,0,47753626,250000000
lfp_t6plain_fuds_s2,fp32,51,1,47753601,250000000
lfp_t6plain_fuds_s2,fp32,51,2,47753601,250000000
lfp_t6plain_fuds_s2,fp32,51,3,47753601,250000000
lfp_t6plain_fuds_s2,fp32,51,4,47753601,250000000
lfp_t6plain_fuds_s2,fp32,51,5,47753601,250000000
lfp_t6plain_fuds_s2,fp32,51,6,47753601,250000000
lfp_t6plain_fuds_s2,fp32,51,7,47753601,250000000
lfp_t6plain_fuds_s2,fp32,51,8,47753601,250000000
lfp_t6plain_fuds_s2,fp32,51,9,47753601,250000000
lfp_t6plain_fuds_s2,fp32,51,10,47753601,250000000
lfp_t6plain_fuds_s2,fp32,51,11,47753601,250000000
lfp_t6plain_fuds_s2,fp32,51,12,47753601,250000000
lfp_t6plain_fuds_s2,fp32,51,13,47753601,250000000
lfp_t6plain_fuds_s2,fp32,51,14,47753601,250000000
lfp_t6plain_fuds_s2,fp32,51,15,47753601,250000000
lfp_t6plain_fuds_s2,fp32,52,0,47704043,250000000
lfp_t6plain_fuds_s2,fp32,52,1,47704018,250000000
lfp_t6plain_fuds_s2,fp32,52,2,47704018,250000000
lfp_t6plain_fuds_s2,fp32,52,3,47704018,250000000
lfp_t6plain_fuds_s2,fp32,52,4,47704018,250000000
lfp_t6plain_fuds_s2,fp32,52,5,47704018,250000000
lfp_t6plain_fuds_s2,fp32,52,6,47704018,250000000
lfp_t6plain_fuds_s2,fp32,52,7,47704018,250000000
lfp_t6plain_fuds_s2,fp32,52,8,47704018,250000000
lfp_t6plain_fuds_s2,fp32,52,9,47704018,250000000
lfp_t6plain_fuds_s2,fp32,52,10,47704018,250000000
lfp_t6plain_fuds_s2,fp32,52,11,47704018,250000000
lfp_t6plain_fuds_s2,fp32,52,12,47704018,250000000
lfp_t6plain_fuds_s2,fp32,52,13,47704018,250000000
lfp_t6plain_fuds_s2,fp32,52,14,47704018,250000000
lfp_t6plain_fuds_s2,fp32,52,15,47704018,250000000
lfp_t6plain_fuds_s2,fp32,53,0,47757091,250000000
lfp_t6plain_fuds_s2,fp32,53,1,47757036,250000000
lfp_t6plain_fuds_s2,fp32,53,2,47757036,250000000
lfp_t6plain_fuds_s2,fp32,53,3,47757036,250000000
lfp_t6plain_fuds_s2,fp32,53,4,47757036,250000000
lfp_t6plain_fuds_s2,fp32,53,5,47757036,250000000
lfp_t6plain_fuds_s2,fp32,53,6,47757036,250000000
lfp_t6plain_fuds_s2,fp32,53,7,47757036,250000000
lfp_t6plain_fuds_s2,fp32,53,8,47757036,250000000
lfp_t6plain_fuds_s2,fp32,53,9,47757036,250000000
lfp_t6plain_fuds_s2,fp32,53,10,47757036,250000000
lfp_t6plain_fuds_s2,fp32,53,11,47757036,250000000
lfp_t6plain_fuds_s2,fp32,53,12,47757036,250000000
lfp_t6plain_fuds_s2,fp32,53,13,47757036,250000000
lfp_t6plain_fuds_s2,fp32,53,14,47757036,250000000
lfp_t6plain_fuds_s2,fp32,53,15,47757036,250000000
lfp_t6plain_fuds_s2,fp32,54,0,47745147,250000000
lfp_t6plain_fuds_s2,fp32,54,1,47745099,250000000
lfp_t6plain_fuds_s2,fp32,54,2,47745099,250000000
lfp_t6plain_fuds_s2,fp32,54,3,47745099,250000000
lfp_t6plain_fuds_s2,fp32,54,4,47745099,250000000
lfp_t6plain_fuds_s2,fp32,54,5,47745099,250000000
lfp_t6plain_fuds_s2,fp32,54,6,47745099,250000000
lfp_t6plain_fuds_s2,fp32,54,7,47745099,250000000
lfp_t6plain_fuds_s2,fp32,54,8,47745099,250000000
lfp_t6plain_fuds_s2,fp32,54,9,47745099,250000000
lfp_t6plain_fuds_s2,fp32,54,10,47745099,250000000
lfp_t6plain_fuds_s2,fp32,54,11,47745099,250000000
lfp_t6plain_fuds_s2,fp32,54,12,47745099,250000000
lfp_t6plain_fuds_s2,fp32,54,13,47745099,250000000
lfp_t6plain_fuds_s2,fp32,54,14,47745099,250000000
lfp_t6plain_fuds_s2,fp32,54,15,47745099,250000000
lfp_t6plain_fuds_s2,fp32,55,0,47590065,250000000
lfp_t6plain_fuds_s2,fp32,55,1,47590017,250000000
lfp_t6plain_fuds_s2,fp32,55,2,47590017,250000000
lfp_t6plain_fuds_s2,fp32,55,3,47590017,250000000
lfp_t6plain_fuds_s2,fp32,55,4,47590017,250000000
lfp_t6plain_fuds_s2,fp32,55,5,47590017,250000000
lfp_t6plain_fuds_s2,fp32,55,6,47590017,250000000
lfp_t6plain_fuds_s2,fp32,55,7,47590017,250000000
lfp_t6plain_fuds_s2,fp32,55,8,47590017,250000000
lfp_t6plain_fuds_s2,fp32,55,9,47590017,250000000
lfp_t6plain_fuds_s2,fp32,55,10,47590017,250000000
lfp_t6plain_fuds_s2,fp32,55,11,47590017,250000000
lfp_t6plain_fuds_s2,fp32,55,12,47590017,250000000
lfp_t6plain_fuds_s2,fp32,55,13,47590017,250000000
lfp_t6plain_fuds_s2,fp32,55,14,47590017,250000000
lfp_t6plain_fuds_s2,fp32,55,15,47590017,250000000
lfp_t6plain_fuds_s2,fp32,56,0,47655938,250000000
lfp_t6plain_fuds_s2,fp32,56,1,47655890,250000000
lfp_t6plain_fuds_s2,fp32,56,2,47655890,250000000
lfp_t6plain_fuds_s2,fp32,56,3,47655890,250000000
lfp_t6plain_fuds_s2,fp32,56,4,47655890,250000000
lfp_t6plain_fuds_s2,fp32,56,5,47655890,250000000
lfp_t6plain_fuds_s2,fp32,56,6,47655890,250000000
lfp_t6plain_fuds_s2,fp32,56,7,47655890,250000000
lfp_t6plain_fuds_s2,fp32,56,8,47655890,250000000
lfp_t6plain_fuds_s2,fp32,56,9,47655890,250000000
lfp_t6plain_fuds_s2,fp32,56,10,47655890,250000000
lfp_t6plain_fuds_s2,fp32,56,11,47655890,250000000
lfp_t6plain_fuds_s2,fp32,56,12,47655890,250000000
lfp_t6plain_fuds_s2,fp32,56,13,47655890,250000000
lfp_t6plain_fuds_s2,fp32,56,14,47655890,250000000
lfp_t6plain_fuds_s2,fp32,56,15,47655890,250000000
lfp_t6plain_fuds_s2,fp32,57,0,47745793,250000000
lfp_t6plain_fuds_s2,fp32,57,1,47745745,250000000
lfp_t6plain_fuds_s2,fp32,57,2,47745745,250000000
lfp_t6plain_fuds_s2,fp32,57,3,47745745,250000000
lfp_t6plain_fuds_s2,fp32,57,4,47745745,250000000
lfp_t6plain_fuds_s2,fp32,57,5,47745745,250000000
lfp_t6plain_fuds_s2,fp32,57,6,47745745,250000000
lfp_t6plain_fuds_s2,fp32,57,7,47745745,250000000
lfp_t6plain_fuds_s2,fp32,57,8,47745745,250000000
lfp_t6plain_fuds_s2,fp32,57,9,47745745,250000000
lfp_t6plain_fuds_s2,fp32,57,10,47745745,250000000
lfp_t6plain_fuds_s2,fp32,57,11,47745745,250000000
lfp_t6plain_fuds_s2,fp32,57,12,47745745,250000000
lfp_t6plain_fuds_s2,fp32,57,13,47745745,250000000
lfp_t6plain_fuds_s2,fp32,57,14,47745745,250000000
lfp_t6plain_fuds_s2,fp32,57,15,47745745,250000000
lfp_t6plain_fuds_s2,fp32,58,0,47761664,250000000
lfp_t6plain_fuds_s2,fp32,58,1,47761609,250000000
lfp_t6plain_fuds_s2,fp32,58,2,47761609,250000000
lfp_t6plain_fuds_s2,fp32,58,3,47761609,250000000
lfp_t6plain_fuds_s2,fp32,58,4,47761609,250000000
lfp_t6plain_fuds_s2,fp32,58,5,47761609,250000000
lfp_t6plain_fuds_s2,fp32,58,6,47761609,250000000
lfp_t6plain_fuds_s2,fp32,58,7,47761609,250000000
lfp_t6plain_fuds_s2,fp32,58,8,47761609,250000000
lfp_t6plain_fuds_s2,fp32,58,9,47761609,250000000
lfp_t6plain_fuds_s2,fp32,58,10,47761609,250000000
lfp_t6plain_fuds_s2,fp32,58,11,47761609,250000000
lfp_t6plain_fuds_s2,fp32,58,12,47761609,250000000
lfp_t6plain_fuds_s2,fp32,58,13,47761609,250000000
lfp_t6plain_fuds_s2,fp32,58,14,47761609,250000000
lfp_t6plain_fuds_s2,fp32,58,15,47761609,250000000
lfp_t6plain_fuds_s2,fp32,59,0,47746417,250000000
lfp_t6plain_fuds_s2,fp32,59,1,47746392,250000000
lfp_t6plain_fuds_s2,fp32,59,2,47746392,250000000
lfp_t6plain_fuds_s2,fp32,59,3,47746392,250000000
lfp_t6plain_fuds_s2,fp32,59,4,47746392,250000000
lfp_t6plain_fuds_s2,fp32,59,5,47746392,250000000
lfp_t6plain_fuds_s2,fp32,59,6,47746392,250000000
lfp_t6plain_fuds_s2,fp32,59,7,47746392,250000000
lfp_t6plain_fuds_s2,fp32,59,8,47746392,250000000
lfp_t6plain_fuds_s2,fp32,59,9,47746392,250000000
lfp_t6plain_fuds_s2,fp32,59,10,47746392,250000000
lfp_t6plain_fuds_s2,fp32,59,11,47746392,250000000
lfp_t6plain_fuds_s2,fp32,59,12,47746392,250000000
lfp_t6plain_fuds_s2,fp32,59,13,47746392,250000000
lfp_t6plain_fuds_s2,fp32,59,14,47746392,250000000
lfp_t6plain_fuds_s2,fp32,59,15,47746392,250000000
lfp_t6plain_fuds_s2,fp32,60,0,47709395,250000000
lfp_t6plain_fuds_s2,fp32,60,1,47709340,250000000
lfp_t6plain_fuds_s2,fp32,60,2,47709340,250000000
lfp_t6plain_fuds_s2,fp32,60,3,47709340,250000000
lfp_t6plain_fuds_s2,fp32,60,4,47709340,250000000
lfp_t6plain_fuds_s2,fp32,60,5,47709340,250000000
lfp_t6plain_fuds_s2,fp32,60,6,47709340,250000000
lfp_t6plain_fuds_s2,fp32,60,7,47709340,250000000
lfp_t6plain_fuds_s2,fp32,60,8,47709340,250000000
lfp_t6plain_fuds_s2,fp32,60,9,47709340,250000000
lfp_t6plain_fuds_s2,fp32,60,10,47709340,250000000
lfp_t6plain_fuds_s2,fp32,60,11,47709340,250000000
lfp_t6plain_fuds_s2,fp32,60,12,47709340,250000000
lfp_t6plain_fuds_s2,fp32,60,13,47709340,250000000
lfp_t6plain_fuds_s2,fp32,60,14,47709340,250000000
lfp_t6plain_fuds_s2,fp32,60,15,47709340,250000000
lfp_t6plain_fuds_s2,fp32,61,0,47738795,250000000
lfp_t6plain_fuds_s2,fp32,61,1,47738740,250000000
lfp_t6plain_fuds_s2,fp32,61,2,47738740,250000000
lfp_t6plain_fuds_s2,fp32,61,3,47738740,250000000
lfp_t6plain_fuds_s2,fp32,61,4,47738740,250000000
lfp_t6plain_fuds_s2,fp32,61,5,47738740,250000000
lfp_t6plain_fuds_s2,fp32,61,6,47738740,250000000
lfp_t6plain_fuds_s2,fp32,61,7,47738740,250000000
lfp_t6plain_fuds_s2,fp32,61,8,47738740,250000000
lfp_t6plain_fuds_s2,fp32,61,9,47738740,250000000
lfp_t6plain_fuds_s2,fp32,61,10,47738740,250000000
lfp_t6plain_fuds_s2,fp32,61,11,47738740,250000000
lfp_t6plain_fuds_s2,fp32,61,12,47738740,250000000
lfp_t6plain_fuds_s2,fp32,61,13,47738740,250000000
lfp_t6plain_fuds_s2,fp32,61,14,47738740,250000000
lfp_t6plain_fuds_s2,fp32,61,15,47738740,250000000
lfp_t6plain_fuds_s2,fp32,62,0,47727084,250000000
lfp_t6plain_fuds_s2,fp32,62,1,47727036,250000000
lfp_t6plain_fuds_s2,fp32,62,2,47727036,250000000
lfp_t6plain_fuds_s2,fp32,62,3,47727036,250000000
lfp_t6plain_fuds_s2,fp32,62,4,47727036,250000000
lfp_t6plain_fuds_s2,fp32,62,5,47727036,250000000
lfp_t6plain_fuds_s2,fp32,62,6,47727036,250000000
lfp_t6plain_fuds_s2,fp32,62,7,47727036,250000000
lfp_t6plain_fuds_s2,fp32,62,8,47727036,250000000
lfp_t6plain_fuds_s2,fp32,62,9,47727036,250000000
lfp_t6plain_fuds_s2,fp32,62,10,47727036,250000000
lfp_t6plain_fuds_s2,fp32,62,11,47727036,250000000
lfp_t6plain_fuds_s2,fp32,62,12,47727036,250000000
lfp_t6plain_fuds_s2,fp32,62,13,47727036,250000000
lfp_t6plain_fuds_s2,fp32,62,14,47727036,250000000
lfp_t6plain_fuds_s2,fp32,62,15,47727036,250000000
lfp_t6plain_fuds_s2,fp32,63,0,47595725,250000000
lfp_t6plain_fuds_s2,fp32,63,1,47595677,250000000
lfp_t6plain_fuds_s2,fp32,63,2,47595677,250000000
lfp_t6plain_fuds_s2,fp32,63,3,47595677,250000000
lfp_t6plain_fuds_s2,fp32,63,4,47595677,250000000
lfp_t6plain_fuds_s2,fp32,63,5,47595677,250000000
lfp_t6plain_fuds_s2,fp32,63,6,47595677,250000000
lfp_t6plain_fuds_s2,fp32,63,7,47595677,250000000
lfp_t6plain_fuds_s2,fp32,63,8,47595677,250000000
lfp_t6plain_fuds_s2,fp32,63,9,47595677,250000000
lfp_t6plain_fuds_s2,fp32,63,10,47595677,250000000
lfp_t6plain_fuds_s2,fp32,63,11,47595677,250000000
lfp_t6plain_fuds_s2,fp32,63,12,47595677,250000000
lfp_t6plain_fuds_s2,fp32,63,13,47595677,250000000
lfp_t6plain_fuds_s2,fp32,63,14,47595677,250000000
lfp_t6plain_fuds_s2,fp32,63,15,47595677,250000000
lfp_t6plain_us06_s0,fp32,0,0,47644998,250000000
lfp_t6plain_us06_s0,fp32,0,1,47644998,250000000
lfp_t6plain_us06_s0,fp32,0,2,47644998,250000000
lfp_t6plain_us06_s0,fp32,0,3,47644998,250000000
lfp_t6plain_us06_s0,fp32,0,4,47644998,250000000
lfp_t6plain_us06_s0,fp32,0,5,47644998,250000000
lfp_t6plain_us06_s0,fp32,0,6,47644998,250000000
lfp_t6plain_us06_s0,fp32,0,7,47644998,250000000
lfp_t6plain_us06_s0,fp32,0,8,47644998,250000000
lfp_t6plain_us06_s0,fp32,0,9,47644998,250000000
lfp_t6plain_us06_s0,fp32,0,10,47644998,250000000
lfp_t6plain_us06_s0,fp32,0,11,47644998,250000000
lfp_t6plain_us06_s0,fp32,0,12,47644998,250000000
lfp_t6plain_us06_s0,fp32,0,13,47644998,250000000
lfp_t6plain_us06_s0,fp32,0,14,47644998,250000000
lfp_t6plain_us06_s0,fp32,0,15,47644998,250000000
lfp_t6plain_us06_s0,fp32,1,0,47718705,250000000
lfp_t6plain_us06_s0,fp32,1,1,47718659,250000000
lfp_t6plain_us06_s0,fp32,1,2,47718659,250000000
lfp_t6plain_us06_s0,fp32,1,3,47718659,250000000
lfp_t6plain_us06_s0,fp32,1,4,47718659,250000000
lfp_t6plain_us06_s0,fp32,1,5,47718659,250000000
lfp_t6plain_us06_s0,fp32,1,6,47718659,250000000
lfp_t6plain_us06_s0,fp32,1,7,47718659,250000000
lfp_t6plain_us06_s0,fp32,1,8,47718659,250000000
lfp_t6plain_us06_s0,fp32,1,9,47718659,250000000
lfp_t6plain_us06_s0,fp32,1,10,47718659,250000000
lfp_t6plain_us06_s0,fp32,1,11,47718659,250000000
lfp_t6plain_us06_s0,fp32,1,12,47718659,250000000
lfp_t6plain_us06_s0,fp32,1,13,47718659,250000000
lfp_t6plain_us06_s0,fp32,1,14,47718659,250000000
lfp_t6plain_us06_s0,fp32,1,15,47718659,250000000
lfp_t6plain_us06_s0,fp32,2,0,47746197,250000000
lfp_t6plain_us06_s0,fp32,2,1,47746151,250000000
lfp_t6plain_us06_s0,fp32,2,2,47746151,250000000
lfp_t6plain_us06_s0,fp32,2,3,47746151,250000000
lfp_t6plain_us06_s0,fp32,2,4,47746151,250000000
lfp_t6plain_us06_s0,fp32,2,5,47746151,250000000
lfp_t6plain_us06_s0,fp32,2,6,47746151,250000000
lfp_t6plain_us06_s0,fp32,2,7,47746151,250000000
lfp_t6plain_us06_s0,fp32,2,8,47746151,250000000
lfp_t6plain_us06_s0,fp32,2,9,47746151,250000000
lfp_t6plain_us06_s0,fp32,2,10,47746151,250000000
lfp_t6plain_us06_s0,fp32,2,11,47746151,250000000
lfp_t6plain_us06_s0,fp32,2,12,47746151,250000000
lfp_t6plain_us06_s0,fp32,2,13,47746151,250000000
lfp_t6plain_us06_s0,fp32,2,14,47746151,250000000
lfp_t6plain_us06_s0,fp32,2,15,47746151,250000000
lfp_t6plain_us06_s0,fp32,3,0,47769195,250000000
lfp_t6plain_us06_s0,fp32,3,1,47769142,250000000
lfp_t6plain_us06_s0,fp32,3,2,47769142,250000000
lfp_t6plain_us06_s0,fp32,3,3,47769142,250000000
lfp_t6plain_us06_s0,fp32,3,4,47769142,250000000
lfp_t6plain_us06_s0,fp32,3,5,47769142,250000000
lfp_t6plain_us06_s0,fp32,3,6,47769142,250000000
lfp_t6plain_us06_s0,fp32,3,7,47769142,250000000
lfp_t6plain_us06_s0,fp32,3,8,47769142,250000000
lfp_t6plain_us06_s0,fp32,3,9,47769142,250000000
lfp_t6plain_us06_s0,fp32,3,10,47769142,250000000
lfp_t6plain_us06_s0,fp32,3,11,47769142,250000000
lfp_t6plain_us06_s0,fp32,3,12,47769142,250000000
lfp_t6plain_us06_s0,fp32,3,13,47769142,250000000
lfp_t6plain_us06_s0,fp32,3,14,47769142,250000000
lfp_t6plain_us06_s0,fp32,3,15,47769142,250000000
lfp_t6plain_us06_s0,fp32,4,0,47705760,250000000
lfp_t6plain_us06_s0,fp32,4,1,47705737,250000000
lfp_t6plain_us06_s0,fp32,4,2,47705737,250000000
lfp_t6plain_us06_s0,fp32,4,3,47705737,250000000
lfp_t6plain_us06_s0,fp32,4,4,47705737,250000000
lfp_t6plain_us06_s0,fp32,4,5,47705737,250000000
lfp_t6plain_us06_s0,fp32,4,6,47705737,250000000
lfp_t6plain_us06_s0,fp32,4,7,47705737,250000000
lfp_t6plain_us06_s0,fp32,4,8,47705737,250000000
lfp_t6plain_us06_s0,fp32,4,9,47705737,250000000
lfp_t6plain_us06_s0,fp32,4,10,47705737,250000000
lfp_t6plain_us06_s0,fp32,4,11,47705737,250000000
lfp_t6plain_us06_s0,fp32,4,12,47705737,250000000
lfp_t6plain_us06_s0,fp32,4,13,47705737,250000000
lfp_t6plain_us06_s0,fp32,4,14,47705737,250000000
lfp_t6plain_us06_s0,fp32,4,15,47705737,250000000
lfp_t6plain_us06_s0,fp32,5,0,47704124,250000000
lfp_t6plain_us06_s0,fp32,5,1,47704071,250000000
lfp_t6plain_us06_s0,fp32,5,2,47704071,250000000
lfp_t6plain_us06_s0,fp32,5,3,47704071,250000000
lfp_t6plain_us06_s0,fp32,5,4,47704071,250000000
lfp_t6plain_us06_s0,fp32,5,5,47704071,250000000
lfp_t6plain_us06_s0,fp32,5,6,47704071,250000000
lfp_t6plain_us06_s0,fp32,5,7,47704071,250000000
lfp_t6plain_us06_s0,fp32,5,8,47704071,250000000
lfp_t6plain_us06_s0,fp32,5,9,47704071,250000000
lfp_t6plain_us06_s0,fp32,5,10,47704071,250000000
lfp_t6plain_us06_s0,fp32,5,11,47704071,250000000
lfp_t6plain_us06_s0,fp32,5,12,47704071,250000000
lfp_t6plain_us06_s0,fp32,5,13,47704071,250000000
lfp_t6plain_us06_s0,fp32,5,14,47704071,250000000
lfp_t6plain_us06_s0,fp32,5,15,47704071,250000000
lfp_t6plain_us06_s0,fp32,6,0,47713960,250000000
lfp_t6plain_us06_s0,fp32,6,1,47713907,250000000
lfp_t6plain_us06_s0,fp32,6,2,47713907,250000000
lfp_t6plain_us06_s0,fp32,6,3,47713907,250000000
lfp_t6plain_us06_s0,fp32,6,4,47713907,250000000
lfp_t6plain_us06_s0,fp32,6,5,47713907,250000000
lfp_t6plain_us06_s0,fp32,6,6,47713907,250000000
lfp_t6plain_us06_s0,fp32,6,7,47713907,250000000
lfp_t6plain_us06_s0,fp32,6,8,47713907,250000000
lfp_t6plain_us06_s0,fp32,6,9,47713907,250000000
lfp_t6plain_us06_s0,fp32,6,10,47713907,250000000
lfp_t6plain_us06_s0,fp32,6,11,47713907,250000000
lfp_t6plain_us06_s0,fp32,6,12,47713907,250000000
lfp_t6plain_us06_s0,fp32,6,13,47713907,250000000
lfp_t6plain_us06_s0,fp32,6,14,47713907,250000000
lfp_t6plain_us06_s0,fp32,6,15,47713907,250000000
lfp_t6plain_us06_s0,fp32,7,0,47676713,250000000
lfp_t6plain_us06_s0,fp32,7,1,47676660,250000000
lfp_t6plain_us06_s0,fp32,7,2,47676660,250000000
lfp_t6plain_us06_s0,fp32,7,3,47676660,250000000
lfp_t6plain_us06_s0,fp32,7,4,47676660,250000000
lfp_t6plain_us06_s0,fp32,7,5,47676660,250000000
lfp_t6plain_us06_s0,fp32,7,6,47676660,250000000
lfp_t6plain_us06_s0,fp32,7,7,47676660,250000000
lfp_t6plain_us06_s0,fp32,7,8,47676660,250000000
lfp_t6plain_us06_s0,fp32,7,9,47676660,250000000
lfp_t6plain_us06_s0,fp32,7,10,47676660,250000000
lfp_t6plain_us06_s0,fp32,7,11,47676660,250000000
lfp_t6plain_us06_s0,fp32,7,12,47676660,250000000
lfp_t6plain_us06_s0,fp32,7,13,47676660,250000000
lfp_t6plain_us06_s0,fp32,7,14,47676660,250000000
lfp_t6plain_us06_s0,fp32,7,15,47676660,250000000
lfp_t6plain_us06_s0,fp32,8,0,47647296,250000000
lfp_t6plain_us06_s0,fp32,8,1,47647250,250000000
lfp_t6plain_us06_s0,fp32,8,2,47647250,250000000
lfp_t6plain_us06_s0,fp32,8,3,47647250,250000000
lfp_t6plain_us06_s0,fp32,8,4,47647250,250000000
lfp_t6plain_us06_s0,fp32,8,5,47647250,250000000
lfp_t6plain_us06_s0,fp32,8,6,47647250,250000000
lfp_t6plain_us06_s0,fp32,8,7,47647250,250000000
lfp_t6plain_us06_s0,fp32,8,8,47647250,250000000
lfp_t6plain_us06_s0,fp32,8,9,47647250,250000000
lfp_t6plain_us06_s0,fp32,8,10,47647250,250000000
lfp_t6plain_us06_s0,fp32,8,11,47647250,250000000
lfp_t6plain_us06_s0,fp32,8,12,47647250,250000000
lfp_t6plain_us06_s0,fp32,8,13,47647250,250000000
lfp_t6plain_us06_s0,fp32,8,14,47647250,250000000
lfp_t6plain_us06_s0,fp32,8,15,47647250,250000000
lfp_t6plain_us06_s0,fp32,9,0,47730254,250000000
lfp_t6plain_us06_s0,fp32,9,1,47730208,250000000
lfp_t6plain_us06_s0,fp32,9,2,47730208,250000000
lfp_t6plain_us06_s0,fp32,9,3,47730208,250000000
lfp_t6plain_us06_s0,fp32,9,4,47730208,250000000
lfp_t6plain_us06_s0,fp32,9,5,47730208,250000000
lfp_t6plain_us06_s0,fp32,9,6,47730208,250000000
lfp_t6plain_us06_s0,fp32,9,7,47730208,250000000
lfp_t6plain_us06_s0,fp32,9,8,47730208,250000000
lfp_t6plain_us06_s0,fp32,9,9,47730208,250000000
lfp_t6plain_us06_s0,fp32,9,10,47730208,250000000
lfp_t6plain_us06_s0,fp32,9,11,47730208,250000000
lfp_t6plain_us06_s0,fp32,9,12,47730208,250000000
lfp_t6plain_us06_s0,fp32,9,13,47730208,250000000
lfp_t6plain_us06_s0,fp32,9,14,47730208,250000000
lfp_t6plain_us06_s0,fp32,9,15,47730208,250000000
lfp_t6plain_us06_s0,fp32,10,0,47745118,250000000
lfp_t6plain_us06_s0,fp32,10,1,47745072,250000000
lfp_t6plain_us06_s0,fp32,10,2,47745072,250000000
lfp_t6plain_us06_s0,fp32,10,3,47745072,250000000
lfp_t6plain_us06_s0,fp32,10,4,47745072,250000000
lfp_t6plain_us06_s0,fp32,10,5,47745072,250000000
lfp_t6plain_us06_s0,fp32,10,6,47745072,250000000
lfp_t6plain_us06_s0,fp32,10,7,47745072,250000000
lfp_t6plain_us06_s0,fp32,10,8,47745072,250000000
lfp_t6plain_us06_s0,fp32,10,9,47745072,250000000
lfp_t6plain_us06_s0,fp32,10,10,47745072,250000000
lfp_t6plain_us06_s0,fp32,10,11,47745072,250000000
lfp_t6plain_us06_s0,fp32,10,12,47745072,250000000
lfp_t6plain_us06_s0,fp32,10,13,47745072,250000000
lfp_t6plain_us06_s0,fp32,10,14,47745072,250000000
lfp_t6plain_us06_s0,fp32,10,15,47745072,250000000
lfp_t6plain_us06_s0,fp32,11,0,47745048,250000000
lfp_t6plain_us06_s0,fp32,11,1,47744995,250000000
lfp_t6plain_us06_s0,fp32,11,2,47744995,250000000
lfp_t6plain_us06_s0,fp32,11,3,47744995,250000000
lfp_t6plain_us06_s0,fp32,11,4,47744995,250000000
lfp_t6plain_us06_s0,fp32,11,5,47744995,250000000
lfp_t6plain_us06_s0,fp32,11,6,47744995,250000000
lfp_t6plain_us06_s0,fp32,11,7,47744995,250000000
lfp_t6plain_us06_s0,fp32,11,8,47744995,250000000
lfp_t6plain_us06_s0,fp32,11,9,47744995,250000000
lfp_t6plain_us06_s0,fp32,11,10,47744995,250000000
lfp_t6plain_us06_s0,fp32,11,11,47744995,250000000
lfp_t6plain_us06_s0,fp32,11,12,47744995,250000000
lfp_t6plain_us06_s0,fp32,11,13,47744995,250000000
lfp_t6plain_us06_s0,fp32,11,14,47744995,250000000
lfp_t6plain_us06_s0,fp32,11,15,47744995,250000000
lfp_t6plain_us06_s0,fp32,12,0,47699533,250000000
lfp_t6plain_us06_s0,fp32,12,1,47699510,250000000
lfp_t6plain_us06_s0,fp32,12,2,47699510,250000000
lfp_t6plain_us06_s0,fp32,12,3,47699510,250000000
lfp_t6plain_us06_s0,fp32,12,4,47699510,250000000
lfp_t6plain_us06_s0,fp32,12,5,47699510,250000000
lfp_t6plain_us06_s0,fp32,12,6,47699510,250000000
lfp_t6plain_us06_s0,fp32,12,7,47699510,250000000
lfp_t6plain_us06_s0,fp32,12,8,47699510,250000000
lfp_t6plain_us06_s0,fp32,12,9,47699510,250000000
lfp_t6plain_us06_s0,fp32,12,10,47699510,250000000
lfp_t6plain_us06_s0,fp32,12,11,47699510,250000000
lfp_t6plain_us06_s0,fp32,12,12,47699510,250000000
lfp_t6plain_us06_s0,fp32,12,13,47699510,250000000
lfp_t6plain_us06_s0,fp32,12,14,47699510,250000000
lfp_t6plain_us06_s0,fp32,12,15,47699510,250000000
lfp_t6plain_us06_s0,fp32,13,0,47725714,250000000
lfp_t6plain_us06_s0,fp32,13,1,47725661,250000000
lfp_t6plain_us06_s0,fp32,13,2,47725661,250000000
lfp_t6plain_us06_s0,fp32,13,3,47725661,250000000
lfp_t6plain_us06_s0,fp32,13,4,47725661,250000000
lfp_t6plain_us06_s0,fp32,13,5,47725661,250000000
lfp_t6plain_us06_s0,fp32,13,6,47725661,250000000
lfp_t6plain_us06_s0,fp32,13,7,47725661,250000000
lfp_t6plain_us06_s0,fp32,13,8,47725661,250000000
lfp_t6plain_us06_s0,fp32,13,9,47725661,250000000
lfp_t6plain_us06_s0,fp32,13,10,47725661,250000000
lfp_t6plain_us06_s0,fp32,13,11,47725661,250000000
lfp_t6plain_us06_s0,fp32,13,12,47725661,250000000
lfp_t6plain_us06_s0,fp32,13,13,47725661,250000000
lfp_t6plain_us06_s0,fp32,13,14,47725661,250000000
lfp_t6plain_us06_s0,fp32,13,15,47725661,250000000
lfp_t6plain_us06_s0,fp32,14,0,47677801,250000000
lfp_t6plain_us06_s0,fp32,14,1,47677755,250000000
lfp_t6plain_us06_s0,fp32,14,2,47677755,250000000
lfp_t6plain_us06_s0,fp32,14,3,47677755,250000000
lfp_t6plain_us06_s0,fp32,14,4,47677755,250000000
lfp_t6plain_us06_s0,fp32,14,5,47677755,250000000
lfp_t6plain_us06_s0,fp32,14,6,47677755,250000000
lfp_t6plain_us06_s0,fp32,14,7,47677755,250000000
lfp_t6plain_us06_s0,fp32,14,8,47677755,250000000
lfp_t6plain_us06_s0,fp32,14,9,47677755,250000000
lfp_t6plain_us06_s0,fp32,14,10,47677755,250000000
lfp_t6plain_us06_s0,fp32,14,11,47677755,250000000
lfp_t6plain_us06_s0,fp32,14,12,47677755,250000000
lfp_t6plain_us06_s0,fp32,14,13,47677755,250000000
lfp_t6plain_us06_s0,fp32,14,14,47677755,250000000
lfp_t6plain_us06_s0,fp32,14,15,47677755,250000000
lfp_t6plain_us06_s0,fp32,15,0,47612349,250000000
lfp_t6plain_us06_s0,fp32,15,1,47612303,250000000
lfp_t6plain_us06_s0,fp32,15,2,47612303,250000000
lfp_t6plain_us06_s0,fp32,15,3,47612303,250000000
lfp_t6plain_us06_s0,fp32,15,4,47612303,250000000
lfp_t6plain_us06_s0,fp32,15,5,47612303,250000000
lfp_t6plain_us06_s0,fp32,15,6,47612303,250000000
lfp_t6plain_us06_s0,fp32,15,7,47612303,250000000
lfp_t6plain_us06_s0,fp32,15,8,47612303,250000000
lfp_t6plain_us06_s0,fp32,15,9,47612303,250000000
lfp_t6plain_us06_s0,fp32,15,10,47612303,250000000
lfp_t6plain_us06_s0,fp32,15,11,47612303,250000000
lfp_t6plain_us06_s0,fp32,15,12,47612303,250000000
lfp_t6plain_us06_s0,fp32,15,13,47612303,250000000
lfp_t6plain_us06_s0,fp32,15,14,47612303,250000000
lfp_t6plain_us06_s0,fp32,15,15,47612303,250000000
lfp_t6plain_us06_s0,fp32,16,0,47645700,250000000
lfp_t6plain_us06_s0,fp32,16,1,47645652,250000000
lfp_t6plain_us06_s0,fp32,16,2,47645652,250000000
lfp_t6plain_us06_s0,fp32,16,3,47645652,250000000
lfp_t6plain_us06_s0,fp32,16,4,47645652,250000000
lfp_t6plain_us06_s0,fp32,16,5,47645652,250000000
lfp_t6plain_us06_s0,fp32,16,6,47645652,250000000
lfp_t6plain_us06_s0,fp32,16,7,47645652,250000000
lfp_t6plain_us06_s0,fp32,16,8,47645652,250000000
lfp_t6plain_us06_s0,fp32,16,9,47645652,250000000
lfp_t6plain_us06_s0,fp32,16,10,47645652,250000000
lfp_t6plain_us06_s0,fp32,16,11,47645652,250000000
lfp_t6plain_us06_s0,fp32,16,12,47645652,250000000
lfp_t6plain_us06_s0,fp32,16,13,47645652,250000000
lfp_t6plain_us06_s0,fp32,16,14,47645652,250000000
lfp_t6plain_us06_s0,fp32,16,15,47645652,250000000
lfp_t6plain_us06_s0,fp32,17,0,47736984,250000000
lfp_t6plain_us06_s0,fp32,17,1,47736938,250000000
lfp_t6plain_us06_s0,fp32,17,2,47736938,250000000
lfp_t6plain_us06_s0,fp32,17,3,47736938,250000000
lfp_t6plain_us06_s0,fp32,17,4,47736938,250000000
lfp_t6plain_us06_s0,fp32,17,5,47736938,250000000
lfp_t6plain_us06_s0,fp32,17,6,47736938,250000000
lfp_t6plain_us06_s0,fp32,17,7,47736938,250000000
lfp_t6plain_us06_s0,fp32,17,8,47736938,250000000
lfp_t6plain_us06_s0,fp32,17,9,47736938,250000000
lfp_t6plain_us06_s0,fp32,17,10,47736938,250000000
lfp_t6plain_us06_s0,fp32,17,11,47736938,250000000
lfp_t6plain_us06_s0,fp32,17,12,47736938,250000000
lfp_t6plain_us06_s0,fp32,17,13,47736938,250000000
lfp_t6plain_us06_s0,fp32,17,14,47736938,250000000
lfp_t6plain_us06_s0,fp32,17,15,47736938,250000000
lfp_t6plain_us06_s0,fp32,18,0,47769563,250000000
lfp_t6plain_us06_s0,fp32,18,1,47769510,250000000
lfp_t6plain_us06_s0,fp32,18,2,47769510,250000000
lfp_t6plain_us06_s0,fp32,18,3,47769510,250000000
lfp_t6plain_us06_s0,fp32,18,4,47769510,250000000
lfp_t6plain_us06_s0,fp32,18,5,47769510,250000000
lfp_t6plain_us06_s0,fp32,18,6,47769510,250000000
lfp_t6plain_us06_s0,fp32,18,7,47769510,250000000
lfp_t6plain_us06_s0,fp32,18,8,47769510,250000000
lfp_t6plain_us06_s0,fp32,18,9,47769510,250000000
lfp_t6plain_us06_s0,fp32,18,10,47769510,250000000
lfp_t6plain_us06_s0,fp32,18,11,47769510,250000000
lfp_t6plain_us06_s0,fp32,18,12,47769510,250000000
lfp_t6plain_us06_s0,fp32,18,13,47769510,250000000
lfp_t6plain_us06_s0,fp32,18,14,47769510,250000000
lfp_t6plain_us06_s0,fp32,18,15,47769510,250000000
lfp_t6plain_us06_s0,fp32,19,0,47742838,250000000
lfp_t6plain_us06_s0,fp32,19,1,47742785,250000000
lfp_t6plain_us06_s0,fp32,19,2,47742785,250000000
lfp_t6plain_us06_s0,fp32,19,3,47742785,250000000
lfp_t6plain_us06_s0,fp32,19,4,47742785,250000000
lfp_t6plain_us06_s0,fp32,19,5,47742785,250000000
lfp_t6plain_us06_s0,fp32,19,6,47742785,250000000
lfp_t6plain_us06_s0,fp32,19,7,47742785,250000000
lfp_t6plain_us06_s0,fp32,19,8,47742785,250000000
lfp_t6plain_us06_s0,fp32,19,9,47742785,250000000
lfp_t6plain_us06_s0,fp32,19,10,47742785,250000000
lfp_t6plain_us06_s0,fp32,19,11,47742785,250000000
lfp_t6plain_us06_s0,fp32,19,12,47742785,250000000
lfp_t6plain_us06_s0,fp32,19,13,47742785,250000000
lfp_t6plain_us06_s0,fp32,19,14,47742785,250000000
lfp_t6plain_us06_s0,fp32,19,15,47742785,250000000
lfp_t6plain_us06_s0,fp32,20,0,47734458,250000000
lfp_t6plain_us06_s0,fp32,20,1,47734433,250000000
lfp_t6plain_us06_s0,fp32,20,2,47734433,250000000
lfp_t6plain_us06_s0,fp32,20,3,47734433,250000000
lfp_t6plain_us06_s0,fp32,20,4,47734433,250000000
lfp_t6plain_us06_s0,fp32,20,5,47734433,250000000
lfp_t6plain_us06_s0,fp32,20,6,47734433,250000000
lfp_t6plain_us06_s0,fp32,20,7,47734433,250000000
lfp_t6plain_us06_s0,fp32,20,8,47734433,250000000
lfp_t6plain_us06_s0,fp32,20,9,47734433,250000000
lfp_t6plain_us06_s0,fp32,20,10,47734433,250000000
lfp_t6plain_us06_s0,fp32,20,11,47734433,250000000
lfp_t6plain_us06_s0,fp32,20,12,47734433,250000000
lfp_t6plain_us06_s0,fp32,20,13,47734433,250000000
lfp_t6plain_us06_s0,fp32,20,14,47734433,250000000
lfp_t6plain_us06_s0,fp32,20,15,47734433,250000000
lfp_t6plain_us06_s0,fp32,21,0,47721516,250000000
lfp_t6plain_us06_s0,fp32,21,1,47721463,250000000
lfp_t6plain_us06_s0,fp32,21,2,47721463,250000000
lfp_t6plain_us06_s0,fp32,21,3,47721463,250000000
lfp_t6plain_us06_s0,fp32,21,4,47721463,250000000
lfp_t6plain_us06_s0,fp32,21,5,47721463,250000000
lfp_t6plain_us06_s0,fp32,21,6,47721463,250000000
lfp_t6plain_us06_s0,fp32,21,7,47721463,250000000
lfp_t6plain_us06_s0,fp32,21,8,47721463,250000000
lfp_t6plain_us06_s0,fp32,21,9,47721463,250000000
lfp_t6plain_us06_s0,fp32,21,10,47721463,250000000
lfp_t6plain_us06_s0,fp32,21,11,47721463,250000000
lfp_t6plain_us06_s0,fp32,21,12,47721463,250000000
lfp_t6plain_us06_s0,fp32,21,13,47721463,250000000
lfp_t6plain_us06_s0,fp32,21,14,47721463,250000000
lfp_t6plain_us06_s0,fp32,21,15,47721463,250000000
lfp_t6plain_us06_s0,fp32,22,0,47720906,250000000
lfp_t6plain_us06_s0,fp32,22,1,47720860,250000000
lfp_t6plain_us06_s0,fp32,22,2,47720860,250000000
lfp_t6plain_us06_s0,fp32,22,3,47720860,250000000
lfp_t6plain_us06_s0,fp32,22,4,47720860,250000000
lfp_t6plain_us06_s0,fp32,22,5,47720860,250000000
lfp_t6plain_us06_s0,fp32,22,6,47720860,250000000
lfp_t6plain_us06_s0,fp32,22,7,47720860,250000000
lfp_t6plain_us06_s0,fp32,22,8,47720860,250000000
lfp_t6plain_us06_s0,fp32,22,9,47720860,250000000
lfp_t6plain_us06_s0,fp32,22,10,47720860,250000000
lfp_t6plain_us06_s0,fp32,22,11,47720860,250000000
lfp_t6plain_us06_s0,fp32,22,12,47720860,250000000
lfp_t6plain_us06_s0,fp32,22,13,47720860,250000000
lfp_t6plain_us06_s0,fp32,22,14,47720860,250000000
lfp_t6plain_us06_s0,fp32,22,15,47720860,250000000
lfp_t6plain_us06_s0,fp32,23,0,47559024,250000000
lfp_t6plain_us06_s0,fp32,23,1,47558978,250000000
lfp_t6plain_us06_s0,fp32,23,2,47558978,250000000
lfp_t6plain_us06_s0,fp32,23,3,47558978,250000000
lfp_t6plain_us06_s0,fp32,23,4,47558978,250000000
lfp_t6plain_us06_s0,fp32,23,5,47558978,250000000
lfp_t6plain_us06_s0,fp32,23,6,47558978,250000000
lfp_t6plain_us06_s0,fp32,23,7,47558978,250000000
lfp_t6plain_us06_s0,fp32,23,8,47558978,250000000
lfp_t6plain_us06_s0,fp32,23,9,47558978,250000000
lfp_t6plain_us06_s0,fp32,23,10,47558978,250000000
lfp_t6plain_us06_s0,fp32,23,11,47558978,250000000
lfp_t6plain_us06_s0,fp32,23,12,47558978,250000000
lfp_t6plain_us06_s0,fp32,23,13,47558978,250000000
lfp_t6plain_us06_s0,fp32,23,14,47558978,250000000
lfp_t6plain_us06_s0,fp32,23,15,47558978,250000000
lfp_t6plain_us06_s0,fp32,24,0,47643774,250000000
lfp_t6plain_us06_s0,fp32,24,1,47643726,250000000
lfp_t6plain_us06_s0,fp32,24,2,47643726,250000000
lfp_t6plain_us06_s0,fp32,24,3,47643726,250000000
lfp_t6plain_us06_s0,fp32,24,4,47643726,250000000
lfp_t6plain_us06_s0,fp32,24,5,47643726,250000000
lfp_t6plain_us06_s0,fp32,24,6,47643726,250000000
lfp_t6plain_us06_s0,fp32,24,7,47643726,250000000
lfp_t6plain_us06_s0,fp32,24,8,47643726,250000000
lfp_t6plain_us06_s0,fp32,24,9,47643726,250000000
lfp_t6plain_us06_s0,fp32,24,10,47643726,250000000
lfp_t6plain_us06_s0,fp32,24,11,47643726,250000000
lfp_t6plain_us06_s0,fp32,24,12,47643726,250000000
lfp_t6plain_us06_s0,fp32,24,13,47643726,250000000
lfp_t6plain_us06_s0,fp32,24,14,47643726,250000000
lfp_t6plain_us06_s0,fp32,24,15,47643726,250000000
lfp_t6plain_us06_s0,fp32,25,0,47732387,250000000
lfp_t6plain_us06_s0,fp32,25,1,47732341,250000000
lfp_t6plain_us06_s0,fp32,25,2,47732341,250000000
lfp_t6plain_us06_s0,fp32,25,3,47732341,250000000
lfp_t6plain_us06_s0,fp32,25,4,47732341,250000000
lfp_t6plain_us06_s0,fp32,25,5,47732341,250000000
lfp_t6plain_us06_s0,fp32,25,6,47732341,250000000
lfp_t6plain_us06_s0,fp32,25,7,47732341,250000000
lfp_t6plain_us06_s0,fp32,25,8,47732341,250000000
lfp_t6plain_us06_s0,fp32,25,9,47732341,250000000
lfp_t6plain_us06_s0,fp32,25,10,47732341,250000000
lfp_t6plain_us06_s0,fp32,25,11,47732341,250000000
lfp_t6plain_us06_s0,fp32,25,12,47732341,250000000
lfp_t6plain_us06_s0,fp32,25,13,47732341,250000000
lfp_t6plain_us06_s0,fp32,25,14,47732341,250000000
lfp_t6plain_us06_s0,fp32,25,15,47732341,250000000
lfp_t6plain_us06_s0,fp32,26,0,47784562,250000000
lfp_t6plain_us06_s0,fp32,26,1,47784509,250000000
lfp_t6plain_us06_s0,fp32,26,2,47784509,250000000
lfp_t6plain_us06_s0,fp32,26,3,47784509,250000000
lfp_t6plain_us06_s0,fp32,26,4,47784509,250000000
lfp_t6plain_us06_s0,fp32,26,5,47784509,250000000
lfp_t6plain_us06_s0,fp32,26,6,47784509,250000000
lfp_t6plain_us06_s0,fp32,26,7,47784509,250000000
lfp_t6plain_us06_s0,fp32,26,8,47784509,250000000
lfp_t6plain_us06_s0,fp32,26,9,47784509,250000000
lfp_t6plain_us06_s0,fp32,26,10,47784509,250000000
lfp_t6plain_us06_s0,fp32,26,11,47784509,250000000
lfp_t6plain_us06_s0,fp32,26,12,47784509,250000000
lfp_t6plain_us06_s0,fp32,26,13,47784509,250000000
lfp_t6plain_us06_s0,fp32,26,14,47784509,250000000
lfp_t6plain_us06_s0,fp32,26,15,47784509,250000000
lfp_t6plain_us06_s0,fp32,27,0,47749327,250000000
lfp_t6plain_us06_s0,fp32,27,1,47749274,250000000
lfp_t6plain_us06_s0,fp32,27,2,47749274,250000000
lfp_t6plain_us06_s0,fp32,27,3,47749274,250000000
lfp_t6plain_us06_s0,fp32,27,4,47749274,250000000
lfp_t6plain_us06_s0,fp32,27,5,47749274,250000000
lfp_t6plain_us06_s0,fp32,27,6,47749274,250000000
lfp_t6plain_us06_s0,fp32,27,7,47749274,250000000
lfp_t6plain_us06_s0,fp32,27,8,47749274,250000000
lfp_t6plain_us06_s0,fp32,27,9,47749274,250000000
lfp_t6plain_us06_s0,fp32,27,10,47749274,250000000
lfp_t6plain_us06_s0,fp32,27,11,47749274,250000000
lfp_t6plain_us06_s0,fp32,27,12,47749274,250000000
lfp_t6plain_us06_s0,fp32,27,13,47749274,250000000
lfp_t6plain_us06_s0,fp32,27,14,47749274,250000000
lfp_t6plain_us06_s0,fp32,27,15,47749274,250000000
lfp_t6plain_us06_s0,fp32,28,0,47743035,250000000
lfp_t6plain_us06_s0,fp32,28,1,47743012,250000000
lfp_t6plain_us06_s0,fp32,28,2,47743012,250000000
lfp_t6plain_us06_s0,fp32,28,3,47743012,250000000
lfp_t6plain_us06_s0,fp32,28,4,47743012,250000000
lfp_t6plain_us06_s0,fp32,28,5,47743012,250000000
lfp_t6plain_us06_s0,fp32,28,6,47743012,250000000
lfp_t6plain_us06_s0,fp32,28,7,47743012,250000000
lfp_t6plain_us06_s0,fp32,28,8,47743012,250000000
lfp_t6plain_us06_s0,fp32,28,9,47743012,250000000
lfp_t6plain_us06_s0,fp32,28,10,47743012,250000000
lfp_t6plain_us06_s0,fp32,28,11,47743012,250000000
lfp_t6plain_us06_s0,fp32,28,12,47743012,250000000
lfp_t6plain_us06_s0,fp32,28,13,47743012,250000000
lfp_t6plain_us06_s0,fp32,28,14,47743012,250000000
lfp_t6plain_us06_s0,fp32,28,15,47743012,250000000
lfp_t6plain_us06_s0,fp32,29,0,47740133,250000000
lfp_t6plain_us06_s0,fp32,29,1,47740078,250000000
lfp_t6plain_us06_s0,fp32,29,2,47740078,250000000
lfp_t6plain_us06_s0,fp32,29,3,47740078,250000000
lfp_t6plain_us06_s0,fp32,29,4,47740078,250000000
lfp_t6plain_us06_s0,fp32,29,5,47740078,250000000
lfp_t6plain_us06_s0,fp32,29,6,47740078,250000000
lfp_t6plain_us06_s0,fp32,29,7,47740078,250000000
lfp_t6plain_us06_s0,fp32,29,8,47740078,250000000
lfp_t6plain_us06_s0,fp32,29,9,47740078,250000000
lfp_t6plain_us06_s0,fp32,29,10,47740078,250000000
lfp_t6plain_us06_s0,fp32,29,11,47740078,250000000
lfp_t6plain_us06_s0,fp32,29,12,47740078,250000000
lfp_t6plain_us06_s0,fp32,29,13,47740078,250000000
lfp_t6plain_us06_s0,fp32,29,14,47740078,250000000
lfp_t6plain_us06_s0,fp32,29,15,47740078,250000000
lfp_t6plain_us06_s0,fp32,30,0,47747045,250000000
lfp_t6plain_us06_s0,fp32,30,1,47746999,250000000
lfp_t6plain_us06_s0,fp32,30,2,47746999,250000000
lfp_t6plain_us06_s0,fp32,30,3,47746999,250000000
lfp_t6plain_us06_s0,fp32,30,4,47746999,250000000
lfp_t6plain_us06_s0,fp32,30,5,47746999,250000000
lfp_t6plain_us06_s0,fp32,30,6,47746999,250000000
lfp_t6plain_us06_s0,fp32,30,7,47746999,250000000
lfp_t6plain_us06_s0,fp32,30,8,47746999,250000000
lfp_t6plain_us06_s0,fp32,30,9,47746999,250000000
lfp_t6plain_us06_s0,fp32,30,10,47746999,250000000
lfp_t6plain_us06_s0,fp32,30,11,47746999,250000000
lfp_t6plain_us06_s0,fp32,30,12,47746999,250000000
lfp_t6plain_us06_s0,fp32,30,13,47746999,250000000
lfp_t6plain_us06_s0,fp32,30,14,47746999,250000000
lfp_t6plain_us06_s0,fp32,30,15,47746999,250000000
lfp_t6plain_us06_s0,fp32,31,0,47586148,250000000
lfp_t6plain_us06_s0,fp32,31,1,47586102,250000000
lfp_t6plain_us06_s0,fp32,31,2,47586102,250000000
lfp_t6plain_us06_s0,fp32,31,3,47586102,250000000
lfp_t6plain_us06_s0,fp32,31,4,47586102,250000000
lfp_t6plain_us06_s0,fp32,31,5,47586102,250000000
lfp_t6plain_us06_s0,fp32,31,6,47586102,250000000
lfp_t6plain_us06_s0,fp32,31,7,47586102,250000000
lfp_t6plain_us06_s0,fp32,31,8,47586102,250000000
lfp_t6plain_us06_s0,fp32,31,9,47586102,250000000
lfp_t6plain_us06_s0,fp32,31,10,47586102,250000000
lfp_t6plain_us06_s0,fp32,31,11,47586102,250000000
lfp_t6plain_us06_s0,fp32,31,12,47586102,250000000
lfp_t6plain_us06_s0,fp32,31,13,47586102,250000000
lfp_t6plain_us06_s0,fp32,31,14,47586102,250000000
lfp_t6plain_us06_s0,fp32,31,15,47586102,250000000
lfp_t6plain_us06_s0,fp32,32,0,47642672,250000000
lfp_t6plain_us06_s0,fp32,32,1,47642624,250000000
lfp_t6plain_us06_s0,fp32,32,2,47642624,250000000
lfp_t6plain_us06_s0,fp32,32,3,47642624,250000000
lfp_t6plain_us06_s0,fp32,32,4,47642624,250000000
lfp_t6plain_us06_s0,fp32,32,5,47642624,250000000
lfp_t6plain_us06_s0,fp32,32,6,47642624,250000000
lfp_t6plain_us06_s0,fp32,32,7,47642624,250000000
lfp_t6plain_us06_s0,fp32,32,8,47642624,250000000
lfp_t6plain_us06_s0,fp32,32,9,47642624,250000000
lfp_t6plain_us06_s0,fp32,32,10,47642624,250000000
lfp_t6plain_us06_s0,fp32,32,11,47642624,250000000
lfp_t6plain_us06_s0,fp32,32,12,47642624,250000000
lfp_t6plain_us06_s0,fp32,32,13,47642624,250000000
lfp_t6plain_us06_s0,fp32,32,14,47642624,250000000
lfp_t6plain_us06_s0,fp32,32,15,47642624,250000000
lfp_t6plain_us06_s0,fp32,33,0,47726109,250000000
lfp_t6plain_us06_s0,fp32,33,1,47726063,250000000
lfp_t6plain_us06_s0,fp32,33,2,47726063,250000000
lfp_t6plain_us06_s0,fp32,33,3,47726063,250000000
lfp_t6plain_us06_s0,fp32,33,4,47726063,250000000
lfp_t6plain_us06_s0,fp32,33,5,47726063,250000000
lfp_t6plain_us06_s0,fp32,33,6,47726063,250000000
lfp_t6plain_us06_s0,fp32,33,7,47726063,250000000
lfp_t6plain_us06_s0,fp32,33,8,47726063,250000000
lfp_t6plain_us06_s0,fp32,33,9,47726063,250000000
lfp_t6plain_us06_s0,fp32,33,10,47726063,250000000
lfp_t6plain_us06_s0,fp32,33,11,47726063,250000000
lfp_t6plain_us06_s0,fp32,33,12,47726063,250000000
lfp_t6plain_us06_s0,fp32,33,13,47726063,250000000
lfp_t6plain_us06_s0,fp32,33,14,47726063,250000000
lfp_t6plain_us06_s0,fp32,33,15,47726063,250000000
lfp_t6plain_us06_s0,fp32,34,0,47780816,250000000
lfp_t6plain_us06_s0,fp32,34,1,47780763,250000000
lfp_t6plain_us06_s0,fp32,34,2,47780763,250000000
lfp_t6plain_us06_s0,fp32,34,3,47780763,250000000
lfp_t6plain_us06_s0,fp32,34,4,47780763,250000000
lfp_t6plain_us06_s0,fp32,34,5,47780763,250000000
lfp_t6plain_us06_s0,fp32,34,6,47780763,250000000
lfp_t6plain_us06_s0,fp32,34,7,47780763,250000000
lfp_t6plain_us06_s0,fp32,34,8,47780763,250000000
lfp_t6plain_us06_s0,fp32,34,9,47780763,250000000
lfp_t6plain_us06_s0,fp32,34,10,47780763,250000000
lfp_t6plain_us06_s0,fp32,34,11,47780763,250000000
lfp_t6plain_us06_s0,fp32,34,12,47780763,250000000
lfp_t6plain_us06_s0,fp32,34,13,47780763,250000000
lfp_t6plain_us06_s0,fp32,34,14,47780763,250000000
lfp_t6plain_us06_s0,fp32,34,15,47780763,250000000
lfp_t6plain_us06_s0,fp32,35,0,47741258,250000000
lfp_t6plain_us06_s0,fp32,35,1,47741203,250000000
lfp_t6plain_us06_s0,fp32,35,2,47741203,250000000
lfp_t6plain_us06_s0,fp32,35,3,47741203,250000000
lfp_t6plain_us06_s0,fp32,35,4,47741203,250000000
lfp_t6plain_us06_s0,fp32,35,5,47741203,250000000
lfp_t6plain_us06_s0,fp32,35,6,47741203,250000000
lfp_t6plain_us06_s0,fp32,35,7,47741203,250000000
lfp_t6plain_us06_s0,fp32,35,8,47741203,250000000
lfp_t6plain_us06_s0,fp32,35,9,47741203,250000000
lfp_t6plain_us06_s0,fp32,35,10,47741203,250000000
lfp_t6plain_us06_s0,fp32,35,11,47741203,250000000
lfp_t6plain_us06_s0,fp32,35,12,47741203,250000000
lfp_t6plain_us06_s0,fp32,35,13,47741203,250000000
lfp_t6plain_us06_s0,fp32,35,14,47741203,250000000
lfp_t6plain_us06_s0,fp32,35,15,47741203,250000000
lfp_t6plain_us06_s0,fp32,36,0,47768595,250000000
lfp_t6plain_us06_s0,fp32,36,1,47768572,250000000
lfp_t6plain_us06_s0,fp32,36,2,47768572,250000000
lfp_t6plain_us06_s0,fp32,36,3,47768572,250000000
lfp_t6plain_us06_s0,fp32,36,4,47768572,250000000
lfp_t6plain_us06_s0,fp32,36,5,47768572,250000000
lfp_t6plain_us06_s0,fp32,36,6,47768572,250000000
lfp_t6plain_us06_s0,fp32,36,7,47768572,250000000
lfp_t6plain_us06_s0,fp32,36,8,47768572,250000000
lfp_t6plain_us06_s0,fp32,36,9,47768572,250000000
lfp_t6plain_us06_s0,fp32,36,10,47768572,250000000
lfp_t6plain_us06_s0,fp32,36,11,47768572,250000000
lfp_t6plain_us06_s0,fp32,36,12,47768572,250000000
lfp_t6plain_us06_s0,fp32,36,13,47768572,250000000
lfp_t6plain_us06_s0,fp32,36,14,47768572,250000000
lfp_t6plain_us06_s0,fp32,36,15,47768572,250000000
lfp_t6plain_us06_s0,fp32,37,0,47763363,250000000
lfp_t6plain_us06_s0,fp32,37,1,47763308,250000000
lfp_t6plain_us06_s0,fp32,37,2,47763308,250000000
lfp_t6plain_us06_s0,fp32,37,3,47763308,250000000
lfp_t6plain_us06_s0,fp32,37,4,47763308,250000000
lfp_t6plain_us06_s0,fp32,37,5,47763308,250000000
lfp_t6plain_us06_s0,fp32,37,6,47763308,250000000
lfp_t6plain_us06_s0,fp32,37,7,47763308,250000000
lfp_t6plain_us06_s0,fp32,37,8,47763308,250000000
lfp_t6plain_us06_s0,fp32,37,9,47763308,250000000
lfp_t6plain_us06_s0,fp32,37,10,47763308,250000000
lfp_t6plain_us06_s0,fp32,37,11,47763308,250000000
lfp_t6plain_us06_s0,fp32,37,12,47763308,250000000
lfp_t6plain_us06_s0,fp32,37,13,47763308,250000000
lfp_t6plain_us06_s0,fp32,37,14,47763308,250000000
lfp_t6plain_us06_s0,fp32,37,15,47763308,250000000
lfp_t6plain_us06_s0,fp32,38,0,47747816,250000000
lfp_t6plain_us06_s0,fp32,38,1,47747770,250000000
lfp_t6plain_us06_s0,fp32,38,2,47747770,250000000
lfp_t6plain_us06_s0,fp32,38,3,47747770,250000000
lfp_t6plain_us06_s0,fp32,38,4,47747770,250000000
lfp_t6plain_us06_s0,fp32,38,5,47747770,250000000
lfp_t6plain_us06_s0,fp32,38,6,47747770,250000000
lfp_t6plain_us06_s0,fp32,38,7,47747770,250000000
lfp_t6plain_us06_s0,fp32,38,8,47747770,250000000
lfp_t6plain_us06_s0,fp32,38,9,47747770,250000000
lfp_t6plain_us06_s0,fp32,38,10,47747770,250000000
lfp_t6plain_us06_s0,fp32,38,11,47747770,250000000
lfp_t6plain_us06_s0,fp32,38,12,47747770,250000000
lfp_t6plain_us06_s0,fp32,38,13,47747770,250000000
lfp_t6plain_us06_s0,fp32,38,14,47747770,250000000
lfp_t6plain_us06_s0,fp32,38,15,47747770,250000000
lfp_t6plain_us06_s0,fp32,39,0,47550334,250000000
lfp_t6plain_us06_s0,fp32,39,1,47550288,250000000
lfp_t6plain_us06_s0,fp32,39,2,47550288,250000000
lfp_t6plain_us06_s0,fp32,39,3,47550288,250000000
lfp_t6plain_us06_s0,fp32,39,4,47550288,250000000
lfp_t6plain_us06_s0,fp32,39,5,47550288,250000000
lfp_t6plain_us06_s0,fp32,39,6,47550288,250000000
lfp_t6plain_us06_s0,fp32,39,7,47550288,250000000
lfp_t6plain_us06_s0,fp32,39,8,47550288,250000000
lfp_t6plain_us06_s0,fp32,39,9,47550288,250000000
lfp_t6plain_us06_s0,fp32,39,10,47550288,250000000
lfp_t6plain_us06_s0,fp32,39,11,47550288,250000000
lfp_t6plain_us06_s0,fp32,39,12,47550288,250000000
lfp_t6plain_us06_s0,fp32,39,13,47550288,250000000
lfp_t6plain_us06_s0,fp32,39,14,47550288,250000000
lfp_t6plain_us06_s0,fp32,39,15,47550288,250000000
lfp_t6plain_us06_s0,fp32,40,0,47642885,250000000
lfp_t6plain_us06_s0,fp32,40,1,47642837,250000000
lfp_t6plain_us06_s0,fp32,40,2,47642837,250000000
lfp_t6plain_us06_s0,fp32,40,3,47642837,250000000
lfp_t6plain_us06_s0,fp32,40,4,47642837,250000000
lfp_t6plain_us06_s0,fp32,40,5,47642837,250000000
lfp_t6plain_us06_s0,fp32,40,6,47642837,250000000
lfp_t6plain_us06_s0,fp32,40,7,47642837,250000000
lfp_t6plain_us06_s0,fp32,40,8,47642837,250000000
lfp_t6plain_us06_s0,fp32,40,9,47642837,250000000
lfp_t6plain_us06_s0,fp32,40,10,47642837,250000000
lfp_t6plain_us06_s0,fp32,40,11,47642837,250000000
lfp_t6plain_us06_s0,fp32,40,12,47642837,250000000
lfp_t6plain_us06_s0,fp32,40,13,47642837,250000000
lfp_t6plain_us06_s0,fp32,40,14,47642837,250000000
lfp_t6plain_us06_s0,fp32,40,15,47642837,250000000
lfp_t6plain_us06_s0,fp32,41,0,47716436,250000000
lfp_t6plain_us06_s0,fp32,41,1,47716390,250000000
lfp_t6plain_us06_s0,fp32,41,2,47716390,250000000
lfp_t6plain_us06_s0,fp32,41,3,47716390,250000000
lfp_t6plain_us06_s0,fp32,41,4,47716390,250000000
lfp_t6plain_us06_s0,fp32,41,5,47716390,250000000
lfp_t6plain_us06_s0,fp32,41,6,47716390,250000000
lfp_t6plain_us06_s0,fp32,41,7,47716390,250000000
lfp_t6plain_us06_s0,fp32,41,8,47716390,250000000
lfp_t6plain_us06_s0,fp32,41,9,47716390,250000000
lfp_t6plain_us06_s0,fp32,41,10,47716390,250000000
lfp_t6plain_us06_s0,fp32,41,11,47716390,250000000
lfp_t6plain_us06_s0,fp32,41,12,47716390,250000000
lfp_t6plain_us06_s0,fp32,41,13,47716390,250000000
lfp_t6plain_us06_s0,fp32,41,14,47716390,250000000
lfp_t6plain_us06_s0,fp32,41,15,47716390,250000000
lfp_t6plain_us06_s0,fp32,42,0,47774649,250000000
lfp_t6plain_us06_s0,fp32,42,1,47774594,250000000
lfp_t6plain_us06_s0,fp32,42,2,47774594,250000000
lfp_t6plain_us06_s0,fp32,42,3,47774594,250000000
lfp_t6plain_us06_s0,fp32,42,4,47774594,250000000
lfp_t6plain_us06_s0,fp32,42,5,47774594,250000000
lfp_t6plain_us06_s0,fp32,42,6,47774594,250000000
lfp_t6plain_us06_s0,fp32,42,7,47774594,250000000
lfp_t6plain_us06_s0,fp32,42,8,47774594,250000000
lfp_t6plain_us06_s0,fp32,42,9,47774594,250000000
lfp_t6plain_us06_s0,fp32,42,10,47774594,250000000
lfp_t6plain_us06_s0,fp32,42,11,47774594,250000000
lfp_t6plain_us06_s0,fp32,42,12,47774594,250000000
lfp_t6plain_us06_s0,fp32,42,13,47774594,250000000
lfp_t6plain_us06_s0,fp32,42,14,47774594,250000000
lfp_t6plain_us06_s0,fp32,42,15,47774594,250000000
lfp_t6plain_us06_s0,fp32,43,0,47749837,250000000
lfp_t6plain_us06_s0,fp32,43,1,47749784,250000000
lfp_t6plain_us06_s0,fp32,43,2,47749784,250000000
lfp_t6plain_us06_s0,fp32,43,3,47749784,250000000
lfp_t6plain_us06_s0,fp32,43,4,47749784,250000000
lfp_t6plain_us06_s0,fp32,43,5,47749784,250000000
lfp_t6plain_us06_s0,fp32,43,6,47749784,250000000
lfp_t6plain_us06_s0,fp32,43,7,47749784,250000000
lfp_t6plain_us06_s0,fp32,43,8,47749784,250000000
lfp_t6plain_us06_s0,fp32,43,9,47749784,250000000
lfp_t6plain_us06_s0,fp32,43,10,47749784,250000000
lfp_t6plain_us06_s0,fp32,43,11,47749784,250000000
lfp_t6plain_us06_s0,fp32,43,12,47749784,250000000
lfp_t6plain_us06_s0,fp32,43,13,47749784,250000000
lfp_t6plain_us06_s0,fp32,43,14,47749784,250000000
lfp_t6plain_us06_s0,fp32,43,15,47749784,250000000
lfp_t6plain_us06_s0,fp32,44,0,47766840,250000000
lfp_t6plain_us06_s0,fp32,44,1,47766815,250000000
lfp_t6plain_us06_s0,fp32,44,2,47766815,250000000
lfp_t6plain_us06_s0,fp32,44,3,47766815,250000000
lfp_t6plain_us06_s0,fp32,44,4,47766815,250000000
lfp_t6plain_us06_s0,fp32,44,5,47766815,250000000
lfp_t6plain_us06_s0,fp32,44,6,47766815,250000000
lfp_t6plain_us06_s0,fp32,44,7,47766815,250000000
lfp_t6plain_us06_s0,fp32,44,8,47766815,250000000
lfp_t6plain_us06_s0,fp32,44,9,47766815,250000000
lfp_t6plain_us06_s0,fp32,44,10,47766815,250000000
lfp_t6plain_us06_s0,fp32,44,11,47766815,250000000
lfp_t6plain_us06_s0,fp32,44,12,47766815,250000000
lfp_t6plain_us06_s0,fp32,44,13,47766815,250000000
lfp_t6plain_us06_s0,fp32,44,14,47766815,250000000
lfp_t6plain_us06_s0,fp32,44,15,47766815,250000000
lfp_t6plain_us06_s0,fp32,45,0,47779972,250000000
lfp_t6plain_us06_s0,fp32,45,1,47779919,250000000
lfp_t6plain_us06_s0,fp32,45,2,47779919,250000000
lfp_t6plain_us06_s0,fp32,45,3,47779919,250000000
lfp_t6plain_us06_s0,fp32,45,4,47779919,250000000
lfp_t6plain_us06_s0,fp32,45,5,47779919,250000000
lfp_t6plain_us06_s0,fp32,45,6,47779919,250000000
lfp_t6plain_us06_s0,fp32,45,7,47779919,250000000
lfp_t6plain_us06_s0,fp32,45,8,47779919,250000000
lfp_t6plain_us06_s0,fp32,45,9,47779919,250000000
lfp_t6plain_us06_s0,fp32,45,10,47779919,250000000
lfp_t6plain_us06_s0,fp32,45,11,47779919,250000000
lfp_t6plain_us06_s0,fp32,45,12,47779919,250000000
lfp_t6plain_us06_s0,fp32,45,13,47779919,250000000
lfp_t6plain_us06_s0,fp32,45,14,47779919,250000000
lfp_t6plain_us06_s0,fp32,45,15,47779919,250000000
lfp_t6plain_us06_s0,fp32,46,0,47743026,250000000
lfp_t6plain_us06_s0,fp32,46,1,47742978,250000000
lfp_t6plain_us06_s0,fp32,46,2,47742978,250000000
lfp_t6plain_us06_s0,fp32,46,3,47742978,250000000
lfp_t6plain_us06_s0,fp32,46,4,47742978,250000000
lfp_t6plain_us06_s0,fp32,46,5,47742978,250000000
lfp_t6plain_us06_s0,fp32,46,6,47742978,250000000
lfp_t6plain_us06_s0,fp32,46,7,47742978,250000000
lfp_t6plain_us06_s0,fp32,46,8,47742978,250000000
lfp_t6plain_us06_s0,fp32,46,9,47742978,250000000
lfp_t6plain_us06_s0,fp32,46,10,47742978,250000000
lfp_t6plain_us06_s0,fp32,46,11,47742978,250000000
lfp_t6plain_us06_s0,fp32,46,12,47742978,250000000
lfp_t6plain_us06_s0,fp32,46,13,47742978,250000000
lfp_t6plain_us06_s0,fp32,46,14,47742978,250000000
lfp_t6plain_us06_s0,fp32,46,15,47742978,250000000
lfp_t6plain_us06_s0,fp32,47,0,47556302,250000000
lfp_t6plain_us06_s0,fp32,47,1,47556256,250000000
lfp_t6plain_us06_s0,fp32,47,2,47556256,250000000
lfp_t6plain_us06_s0,fp32,47,3,47556256,250000000
lfp_t6plain_us06_s0,fp32,47,4,47556256,250000000
lfp_t6plain_us06_s0,fp32,47,5,47556256,250000000
lfp_t6plain_us06_s0,fp32,47,6,47556256,250000000
lfp_t6plain_us06_s0,fp32,47,7,47556256,250000000
lfp_t6plain_us06_s0,fp32,47,8,47556256,250000000
lfp_t6plain_us06_s0,fp32,47,9,47556256,250000000
lfp_t6plain_us06_s0,fp32,47,10,47556256,250000000
lfp_t6plain_us06_s0,fp32,47,11,47556256,250000000
lfp_t6plain_us06_s0,fp32,47,12,47556256,250000000
lfp_t6plain_us06_s0,fp32,47,13,47556256,250000000
lfp_t6plain_us06_s0,fp32,47,14,47556256,250000000
lfp_t6plain_us06_s0,fp32,47,15,47556256,250000000
lfp_t6plain_us06_s0,fp32,48,0,47640689,250000000
lfp_t6plain_us06_s0,fp32,48,1,47640641,250000000
lfp_t6plain_us06_s0,fp32,48,2,47640641,250000000
lfp_t6plain_us06_s0,fp32,48,3,47640641,250000000
lfp_t6plain_us06_s0,fp32,48,4,47640641,250000000
lfp_t6plain_us06_s0,fp32,48,5,47640641,250000000
lfp_t6plain_us06_s0,fp32,48,6,47640641,250000000
lfp_t6plain_us06_s0,fp32,48,7,47640641,250000000
lfp_t6plain_us06_s0,fp32,48,8,47640641,250000000
lfp_t6plain_us06_s0,fp32,48,9,47640641,250000000
lfp_t6plain_us06_s0,fp32,48,10,47640641,250000000
lfp_t6plain_us06_s0,fp32,48,11,47640641,250000000
lfp_t6plain_us06_s0,fp32,48,12,47640641,250000000
lfp_t6plain_us06_s0,fp32,48,13,47640641,250000000
lfp_t6plain_us06_s0,fp32,48,14,47640641,250000000
lfp_t6plain_us06_s0,fp32,48,15,47640641,250000000
lfp_t6plain_us06_s0,fp32,49,0,47713415,250000000
lfp_t6plain_us06_s0,fp32,49,1,47713367,250000000
lfp_t6plain_us06_s0,fp32,49,2,47713367,250000000
lfp_t6plain_us06_s0,fp32,49,3,47713367,250000000
lfp_t6plain_us06_s0,fp32,49,4,47713367,250000000
lfp_t6plain_us06_s0,fp32,49,5,47713367,250000000
lfp_t6plain_us06_s0,fp32,49,6,47713367,250000000
lfp_t6plain_us06_s0,fp32,49,7,47713367,250000000
lfp_t6plain_us06_s0,fp32,49,8,47713367,250000000
lfp_t6plain_us06_s0,fp32,49,9,47713367,250000000
lfp_t6plain_us06_s0,fp32,49,10,47713367,250000000
lfp_t6plain_us06_s0,fp32,49,11,47713367,250000000
lfp_t6plain_us06_s0,fp32,49,12,47713367,250000000
lfp_t6plain_us06_s0,fp32,49,13,47713367,250000000
lfp_t6plain_us06_s0,fp32,49,14,47713367,250000000
lfp_t6plain_us06_s0,fp32,49,15,47713367,250000000
lfp_t6plain_us06_s0,fp32,50,0,47756284,250000000
lfp_t6plain_us06_s0,fp32,50,1,47756229,250000000
lfp_t6plain_us06_s0,fp32,50,2,47756229,250000000
lfp_t6plain_us06_s0,fp32,50,3,47756229,250000000
lfp_t6plain_us06_s0,fp32,50,4,47756229,250000000
lfp_t6plain_us06_s0,fp32,50,5,47756229,250000000
lfp_t6plain_us06_s0,fp32,50,6,47756229,250000000
lfp_t6plain_us06_s0,fp32,50,7,47756229,250000000
lfp_t6plain_us06_s0,fp32,50,8,47756229,250000000
lfp_t6plain_us06_s0,fp32,50,9,47756229,250000000
lfp_t6plain_us06_s0,fp32,50,10,47756229,250000000
lfp_t6plain_us06_s0,fp32,50,11,47756229,250000000
lfp_t6plain_us06_s0,fp32,50,12,47756229,250000000
lfp_t6plain_us06_s0,fp32,50,13,47756229,250000000
lfp_t6plain_us06_s0,fp32,50,14,47756229,250000000
lfp_t6plain_us06_s0,fp32,50,15,47756229,250000000
lfp_t6plain_us06_s0,fp32,51,0,47735030,250000000
lfp_t6plain_us06_s0,fp32,51,1,47734975,250000000
lfp_t6plain_us06_s0,fp32,51,2,47734975,250000000
lfp_t6plain_us06_s0,fp32,51,3,47734975,250000000
lfp_t6plain_us06_s0,fp32,51,4,47734975,250000000
lfp_t6plain_us06_s0,fp32,51,5,47734975,250000000
lfp_t6plain_us06_s0,fp32,51,6,47734975,250000000
lfp_t6plain_us06_s0,fp32,51,7,47734975,250000000
lfp_t6plain_us06_s0,fp32,51,8,47734975,250000000
lfp_t6plain_us06_s0,fp32,51,9,47734975,250000000
lfp_t6plain_us06_s0,fp32,51,10,47734975,250000000
lfp_t6plain_us06_s0,fp32,51,11,47734975,250000000
lfp_t6plain_us06_s0,fp32,51,12,47734975,250000000
lfp_t6plain_us06_s0,fp32,51,13,47734975,250000000
lfp_t6plain_us06_s0,fp32,51,14,47734975,250000000
lfp_t6plain_us06_s0,fp32,51,15,47734975,250000000
lfp_t6plain_us06_s0,fp32,52,0,47718198,250000000
lfp_t6plain_us06_s0,fp32,52,1,47718173,250000000
lfp_t6plain_us06_s0,fp32,52,2,47718173,250000000
lfp_t6plain_us06_s0,fp32,52,3,47718173,250000000
lfp_t6plain_us06_s0,fp32,52,4,47718173,250000000
lfp_t6plain_us06_s0,fp32,52,5,47718173,250000000
lfp_t6plain_us06_s0,fp32,52,6,47718173,250000000
lfp_t6plain_us06_s0,fp32,52,7,47718173,250000000
lfp_t6plain_us06_s0,fp32,52,8,47718173,250000000
lfp_t6plain_us06_s0,fp32,52,9,47718173,250000000
lfp_t6plain_us06_s0,fp32,52,10,47718173,250000000
lfp_t6plain_us06_s0,fp32,52,11,47718173,250000000
lfp_t6plain_us06_s0,fp32,52,12,47718173,250000000
lfp_t6plain_us06_s0,fp32,52,13,47718173,250000000
lfp_t6plain_us06_s0,fp32,52,14,47718173,250000000
lfp_t6plain_us06_s0,fp32,52,15,47718173,250000000
lfp_t6plain_us06_s0,fp32,53,0,47760363,250000000
lfp_t6plain_us06_s0,fp32,53,1,47760308,250000000
lfp_t6plain_us06_s0,fp32,53,2,47760308,250000000
lfp_t6plain_us06_s0,fp32,53,3,47760308,250000000
lfp_t6plain_us06_s0,fp32,53,4,47760308,250000000
lfp_t6plain_us06_s0,fp32,53,5,47760308,250000000
lfp_t6plain_us06_s0,fp32,53,6,47760308,250000000
lfp_t6plain_us06_s0,fp32,53,7,47760308,250000000
lfp_t6plain_us06_s0,fp32,53,8,47760308,250000000
lfp_t6plain_us06_s0,fp32,53,9,47760308,250000000
lfp_t6plain_us06_s0,fp32,53,10,47760308,250000000
lfp_t6plain_us06_s0,fp32,53,11,47760308,250000000
lfp_t6plain_us06_s0,fp32,53,12,47760308,250000000
lfp_t6plain_us06_s0,fp32,53,13,47760308,250000000
lfp_t6plain_us06_s0,fp32,53,14,47760308,250000000
lfp_t6plain_us06_s0,fp32,53,15,47760308,250000000
lfp_t6plain_us06_s0,fp32,54,0,47736024,250000000
lfp_t6plain_us06_s0,fp32,54,1,47735976,250000000
lfp_t6plain_us06_s0,fp32,54,2,47735976,250000000
lfp_t6plain_us06_s0,fp32,54,3,47735976,250000000
lfp_t6plain_us06_s0,fp32,54,4,47735976,250000000
lfp_t6plain_us06_s0,fp32,54,5,47735976,250000000
lfp_t6plain_us06_s0,fp32,54,6,47735976,250000000
lfp_t6plain_us06_s0,fp32,54,7,47735976,250000000
lfp_t6plain_us06_s0,fp32,54,8,47735976,250000000
lfp_t6plain_us06_s0,fp32,54,9,47735976,250000000
lfp_t6plain_us06_s0,fp32,54,10,47735976,250000000
lfp_t6plain_us06_s0,fp32,54,11,47735976,250000000
lfp_t6plain_us06_s0,fp32,54,12,47735976,250000000
lfp_t6plain_us06_s0,fp32,54,13,47735976,250000000
lfp_t6plain_us06_s0,fp32,54,14,47735976,250000000
lfp_t6plain_us06_s0,fp32,54,15,47735976,250000000
lfp_t6plain_us06_s0,fp32,55,0,47566653,250000000
lfp_t6plain_us06_s0,fp32,55,1,47566607,250000000
lfp_t6plain_us06_s0,fp32,55,2,47566607,250000000
lfp_t6plain_us06_s0,fp32,55,3,47566607,250000000
lfp_t6plain_us06_s0,fp32,55,4,47566607,250000000
lfp_t6plain_us06_s0,fp32,55,5,47566607,250000000
lfp_t6plain_us06_s0,fp32,55,6,47566607,250000000
lfp_t6plain_us06_s0,fp32,55,7,47566607,250000000
lfp_t6plain_us06_s0,fp32,55,8,47566607,250000000
lfp_t6plain_us06_s0,fp32,55,9,47566607,250000000
lfp_t6plain_us06_s0,fp32,55,10,47566607,250000000
lfp_t6plain_us06_s0,fp32,55,11,47566607,250000000
lfp_t6plain_us06_s0,fp32,55,12,47566607,250000000
lfp_t6plain_us06_s0,fp32,55,13,47566607,250000000
lfp_t6plain_us06_s0,fp32,55,14,47566607,250000000
lfp_t6plain_us06_s0,fp32,55,15,47566607,250000000
lfp_t6plain_us06_s0,fp32,56,0,47642520,250000000
lfp_t6plain_us06_s0,fp32,56,1,47642472,250000000
lfp_t6plain_us06_s0,fp32,56,2,47642472,250000000
lfp_t6plain_us06_s0,fp32,56,3,47642472,250000000
lfp_t6plain_us06_s0,fp32,56,4,47642472,250000000
lfp_t6plain_us06_s0,fp32,56,5,47642472,250000000
lfp_t6plain_us06_s0,fp32,56,6,47642472,250000000
lfp_t6plain_us06_s0,fp32,56,7,47642472,250000000
lfp_t6plain_us06_s0,fp32,56,8,47642472,250000000
lfp_t6plain_us06_s0,fp32,56,9,47642472,250000000
lfp_t6plain_us06_s0,fp32,56,10,47642472,250000000
lfp_t6plain_us06_s0,fp32,56,11,47642472,250000000
lfp_t6plain_us06_s0,fp32,56,12,47642472,250000000
lfp_t6plain_us06_s0,fp32,56,13,47642472,250000000
lfp_t6plain_us06_s0,fp32,56,14,47642472,250000000
lfp_t6plain_us06_s0,fp32,56,15,47642472,250000000
lfp_t6plain_us06_s0,fp32,57,0,47685099,250000000
lfp_t6plain_us06_s0,fp32,57,1,47685053,250000000
lfp_t6plain_us06_s0,fp32,57,2,47685053,250000000
lfp_t6plain_us06_s0,fp32,57,3,47685053,250000000
lfp_t6plain_us06_s0,fp32,57,4,47685053,250000000
lfp_t6plain_us06_s0,fp32,57,5,47685053,250000000
lfp_t6plain_us06_s0,fp32,57,6,47685053,250000000
lfp_t6plain_us06_s0,fp32,57,7,47685053,250000000
lfp_t6plain_us06_s0,fp32,57,8,47685053,250000000
lfp_t6plain_us06_s0,fp32,57,9,47685053,250000000
lfp_t6plain_us06_s0,fp32,57,10,47685053,250000000
lfp_t6plain_us06_s0,fp32,57,11,47685053,250000000
lfp_t6plain_us06_s0,fp32,57,12,47685053,250000000
lfp_t6plain_us06_s0,fp32,57,13,47685053,250000000
lfp_t6plain_us06_s0,fp32,57,14,47685053,250000000
lfp_t6plain_us06_s0,fp32,57,15,47685053,250000000
lfp_t6plain_us06_s0,fp32,58,0,47727500,250000000
lfp_t6plain_us06_s0,fp32,58,1,47727445,250000000
lfp_t6plain_us06_s0,fp32,58,2,47727445,250000000
lfp_t6plain_us06_s0,fp32,58,3,47727445,250000000
lfp_t6plain_us06_s0,fp32,58,4,47727445,250000000
lfp_t6plain_us06_s0,fp32,58,5,47727445,250000000
lfp_t6plain_us06_s0,fp32,58,6,47727445,250000000
lfp_t6plain_us06_s0,fp32,58,7,47727445,250000000
lfp_t6plain_us06_s0,fp32,58,8,47727445,250000000
lfp_t6plain_us06_s0,fp32,58,9,47727445,250000000
lfp_t6plain_us06_s0,fp32,58,10,47727445,250000000
lfp_t6plain_us06_s0,fp32,58,11,47727445,250000000
lfp_t6plain_us06_s0,fp32,58,12,47727445,250000000
lfp_t6plain_us06_s0,fp32,58,13,47727445,250000000
lfp_t6plain_us06_s0,fp32,58,14,47727445,250000000
lfp_t6plain_us06_s0,fp32,58,15,47727445,250000000
lfp_t6plain_us06_s0,fp32,59,0,47704394,250000000
lfp_t6plain_us06_s0,fp32,59,1,47704339,250000000
lfp_t6plain_us06_s0,fp32,59,2,47704339,250000000
lfp_t6plain_us06_s0,fp32,59,3,47704339,250000000
lfp_t6plain_us06_s0,fp32,59,4,47704339,250000000
lfp_t6plain_us06_s0,fp32,59,5,47704339,250000000
lfp_t6plain_us06_s0,fp32,59,6,47704339,250000000
lfp_t6plain_us06_s0,fp32,59,7,47704339,250000000
lfp_t6plain_us06_s0,fp32,59,8,47704339,250000000
lfp_t6plain_us06_s0,fp32,59,9,47704339,250000000
lfp_t6plain_us06_s0,fp32,59,10,47704339,250000000
lfp_t6plain_us06_s0,fp32,59,11,47704339,250000000
lfp_t6plain_us06_s0,fp32,59,12,47704339,250000000
lfp_t6plain_us06_s0,fp32,59,13,47704339,250000000
lfp_t6plain_us06_s0,fp32,59,14,47704339,250000000
lfp_t6plain_us06_s0,fp32,59,15,47704339,250000000
lfp_t6plain_us06_s0,fp32,60,0,47699491,250000000
lfp_t6plain_us06_s0,fp32,60,1,47699466,250000000
lfp_t6plain_us06_s0,fp32,60,2,47699466,250000000
lfp_t6plain_us06_s0,fp32,60,3,47699466,250000000
lfp_t6plain_us06_s0,fp32,60,4,47699466,250000000
lfp_t6plain_us06_s0,fp32,60,5,47699466,250000000
lfp_t6plain_us06_s0,fp32,60,6,47699466,250000000
lfp_t6plain_us06_s0,fp32,60,7,47699466,250000000
lfp_t6plain_us06_s0,fp32,60,8,47699466,250000000
lfp_t6plain_us06_s0,fp32,60,9,47699466,250000000
lfp_t6plain_us06_s0,fp32,60,10,47699466,250000000
lfp_t6plain_us06_s0,fp32,60,11,47699466,250000000
lfp_t6plain_us06_s0,fp32,60,12,47699466,250000000
lfp_t6plain_us06_s0,fp32,60,13,47699466,250000000
lfp_t6plain_us06_s0,fp32,60,14,47699466,250000000
lfp_t6plain_us06_s0,fp32,60,15,47699466,250000000
lfp_t6plain_us06_s0,fp32,61,0,47754452,250000000
lfp_t6plain_us06_s0,fp32,61,1,47754397,250000000
lfp_t6plain_us06_s0,fp32,61,2,47754397,250000000
lfp_t6plain_us06_s0,fp32,61,3,47754397,250000000
lfp_t6plain_us06_s0,fp32,61,4,47754397,250000000
lfp_t6plain_us06_s0,fp32,61,5,47754397,250000000
lfp_t6plain_us06_s0,fp32,61,6,47754397,250000000
lfp_t6plain_us06_s0,fp32,61,7,47754397,250000000
lfp_t6plain_us06_s0,fp32,61,8,47754397,250000000
lfp_t6plain_us06_s0,fp32,61,9,47754397,250000000
lfp_t6plain_us06_s0,fp32,61,10,47754397,250000000
lfp_t6plain_us06_s0,fp32,61,11,47754397,250000000
lfp_t6plain_us06_s0,fp32,61,12,47754397,250000000
lfp_t6plain_us06_s0,fp32,61,13,47754397,250000000
lfp_t6plain_us06_s0,fp32,61,14,47754397,250000000
lfp_t6plain_us06_s0,fp32,61,15,47754397,250000000
lfp_t6plain_us06_s0,fp32,62,0,47736923,250000000
lfp_t6plain_us06_s0,fp32,62,1,47736875,250000000
lfp_t6plain_us06_s0,fp32,62,2,47736875,250000000
lfp_t6plain_us06_s0,fp32,62,3,47736875,250000000
lfp_t6plain_us06_s0,fp32,62,4,47736875,250000000
lfp_t6plain_us06_s0,fp32,62,5,47736875,250000000
lfp_t6plain_us06_s0,fp32,62,6,47736875,250000000
lfp_t6plain_us06_s0,fp32,62,7,47736875,250000000
lfp_t6plain_us06_s0,fp32,62,8,47736875,250000000
lfp_t6plain_us06_s0,fp32,62,9,47736875,250000000
lfp_t6plain_us06_s0,fp32,62,10,47736875,250000000
lfp_t6plain_us06_s0,fp32,62,11,47736875,250000000
lfp_t6plain_us06_s0,fp32,62,12,47736875,250000000
lfp_t6plain_us06_s0,fp32,62,13,47736875,250000000
lfp_t6plain_us06_s0,fp32,62,14,47736875,250000000
lfp_t6plain_us06_s0,fp32,62,15,47736875,250000000
lfp_t6plain_us06_s0,fp32,63,0,47604181,250000000
lfp_t6plain_us06_s0,fp32,63,1,47604135,250000000
lfp_t6plain_us06_s0,fp32,63,2,47604135,250000000
lfp_t6plain_us06_s0,fp32,63,3,47604135,250000000
lfp_t6plain_us06_s0,fp32,63,4,47604135,250000000
lfp_t6plain_us06_s0,fp32,63,5,47604135,250000000
lfp_t6plain_us06_s0,fp32,63,6,47604135,250000000
lfp_t6plain_us06_s0,fp32,63,7,47604135,250000000
lfp_t6plain_us06_s0,fp32,63,8,47604135,250000000
lfp_t6plain_us06_s0,fp32,63,9,47604135,250000000
lfp_t6plain_us06_s0,fp32,63,10,47604135,250000000
lfp_t6plain_us06_s0,fp32,63,11,47604135,250000000
lfp_t6plain_us06_s0,fp32,63,12,47604135,250000000
lfp_t6plain_us06_s0,fp32,63,13,47604135,250000000
lfp_t6plain_us06_s0,fp32,63,14,47604135,250000000
lfp_t6plain_us06_s0,fp32,63,15,47604135,250000000
lfp_t6plain_us06_s1,fp32,0,0,47633715,250000000
lfp_t6plain_us06_s1,fp32,0,1,47633715,250000000
lfp_t6plain_us06_s1,fp32,0,2,47633715,250000000
lfp_t6plain_us06_s1,fp32,0,3,47633715,250000000
lfp_t6plain_us06_s1,fp32,0,4,47633715,250000000
lfp_t6plain_us06_s1,fp32,0,5,47633715,250000000
lfp_t6plain_us06_s1,fp32,0,6,47633715,250000000
lfp_t6plain_us06_s1,fp32,0,7,47633715,250000000
lfp_t6plain_us06_s1,fp32,0,8,47633715,250000000
lfp_t6plain_us06_s1,fp32,0,9,47633715,250000000
lfp_t6plain_us06_s1,fp32,0,10,47633715,250000000
lfp_t6plain_us06_s1,fp32,0,11,47633715,250000000
lfp_t6plain_us06_s1,fp32,0,12,47633715,250000000
lfp_t6plain_us06_s1,fp32,0,13,47633715,250000000
lfp_t6plain_us06_s1,fp32,0,14,47633715,250000000
lfp_t6plain_us06_s1,fp32,0,15,47633715,250000000
lfp_t6plain_us06_s1,fp32,1,0,47734497,250000000
lfp_t6plain_us06_s1,fp32,1,1,47734451,250000000
lfp_t6plain_us06_s1,fp32,1,2,47734451,250000000
lfp_t6plain_us06_s1,fp32,1,3,47734451,250000000
lfp_t6plain_us06_s1,fp32,1,4,47734451,250000000
lfp_t6plain_us06_s1,fp32,1,5,47734451,250000000
lfp_t6plain_us06_s1,fp32,1,6,47734451,250000000
lfp_t6plain_us06_s1,fp32,1,7,47734451,250000000
lfp_t6plain_us06_s1,fp32,1,8,47734451,250000000
lfp_t6plain_us06_s1,fp32,1,9,47734451,250000000
lfp_t6plain_us06_s1,fp32,1,10,47734451,250000000
lfp_t6plain_us06_s1,fp32,1,11,47734451,250000000
lfp_t6plain_us06_s1,fp32,1,12,47734451,250000000
lfp_t6plain_us06_s1,fp32,1,13,47734451,250000000
lfp_t6plain_us06_s1,fp32,1,14,47734451,250000000
lfp_t6plain_us06_s1,fp32,1,15,47734451,250000000
lfp_t6plain_us06_s1,fp32,2,0,47774339,250000000
lfp_t6plain_us06_s1,fp32,2,1,47774293,250000000
lfp_t6plain_us06_s1,fp32,2,2,47774293,250000000
lfp_t6plain_us06_s1,fp32,2,3,47774293,250000000
lfp_t6plain_us06_s1,fp32,2,4,47774293,250000000
lfp_t6plain_us06_s1,fp32,2,5,47774293,250000000
lfp_t6plain_us06_s1,fp32,2,6,47774293,250000000
lfp_t6plain_us06_s1,fp32,2,7,47774293,250000000
lfp_t6plain_us06_s1,fp32,2,8,47774293,250000000
lfp_t6plain_us06_s1,fp32,2,9,47774293,250000000
lfp_t6plain_us06_s1,fp32,2,10,47774293,250000000
lfp_t6plain_us06_s1,fp32,2,11,47774293,250000000
lfp_t6plain_us06_s1,fp32,2,12,47774293,250000000
lfp_t6plain_us06_s1,fp32,2,13,47774293,250000000
lfp_t6plain_us06_s1,fp32,2,14,47774293,250000000
lfp_t6plain_us06_s1,fp32,2,15,47774293,250000000
lfp_t6plain_us06_s1,fp32,3,0,47741697,250000000
lfp_t6plain_us06_s1,fp32,3,1,47741644,250000000
lfp_t6plain_us06_s1,fp32,3,2,47741644,250000000
lfp_t6plain_us06_s1,fp32,3,3,47741644,250000000
lfp_t6plain_us06_s1,fp32,3,4,47741644,250000000
lfp_t6plain_us06_s1,fp32,3,5,47741644,250000000
lfp_t6plain_us06_s1,fp32,3,6,47741644,250000000
lfp_t6plain_us06_s1,fp32,3,7,47741644,250000000
lfp_t6plain_us06_s1,fp32,3,8,47741644,250000000
lfp_t6plain_us06_s1,fp32,3,9,47741644,250000000
lfp_t6plain_us06_s1,fp32,3,10,47741644,250000000
lfp_t6plain_us06_s1,fp32,3,11,47741644,250000000
lfp_t6plain_us06_s1,fp32,3,12,47741644,250000000
lfp_t6plain_us06_s1,fp32,3,13,47741644,250000000
lfp_t6plain_us06_s1,fp32,3,14,47741644,250000000
lfp_t6plain_us06_s1,fp32,3,15,47741644,250000000
lfp_t6plain_us06_s1,fp32,4,0,47710878,250000000
lfp_t6plain_us06_s1,fp32,4,1,47710853,250000000
lfp_t6plain_us06_s1,fp32,4,2,47710853,250000000
lfp_t6plain_us06_s1,fp32,4,3,47710853,250000000
lfp_t6plain_us06_s1,fp32,4,4,47710853,250000000
lfp_t6plain_us06_s1,fp32,4,5,47710853,250000000
lfp_t6plain_us06_s1,fp32,4,6,47710853,250000000
lfp_t6plain_us06_s1,fp32,4,7,47710853,250000000
lfp_t6plain_us06_s1,fp32,4,8,47710853,250000000
lfp_t6plain_us06_s1,fp32,4,9,47710853,250000000
lfp_t6plain_us06_s1,fp32,4,10,47710853,250000000
lfp_t6plain_us06_s1,fp32,4,11,47710853,250000000
lfp_t6plain_us06_s1,fp32,4,12,47710853,250000000
lfp_t6plain_us06_s1,fp32,4,13,47710853,250000000
lfp_t6plain_us06_s1,fp32,4,14,47710853,250000000
lfp_t6plain_us06_s1,fp32,4,15,47710853,250000000
lfp_t6plain_us06_s1,fp32,5,0,47713404,250000000
lfp_t6plain_us06_s1,fp32,5,1,47713349,250000000
lfp_t6plain_us06_s1,fp32,5,2,47713349,250000000
lfp_t6plain_us06_s1,fp32,5,3,47713349,250000000
lfp_t6plain_us06_s1,fp32,5,4,47713349,250000000
lfp_t6plain_us06_s1,fp32,5,5,47713349,250000000
lfp_t6plain_us06_s1,fp32,5,6,47713349,250000000
lfp_t6plain_us06_s1,fp32,5,7,47713349,250000000
lfp_t6plain_us06_s1,fp32,5,8,47713349,250000000
lfp_t6plain_us06_s1,fp32,5,9,47713349,250000000
lfp_t6plain_us06_s1,fp32,5,10,47713349,250000000
lfp_t6plain_us06_s1,fp32,5,11,47713349,250000000
lfp_t6plain_us06_s1,fp32,5,12,47713349,250000000
lfp_t6plain_us06_s1,fp32,5,13,47713349,250000000
lfp_t6plain_us06_s1,fp32,5,14,47713349,250000000
lfp_t6plain_us06_s1,fp32,5,15,47713349,250000000
lfp_t6plain_us06_s1,fp32,6,0,47707064,250000000
lfp_t6plain_us06_s1,fp32,6,1,47707011,250000000
lfp_t6plain_us06_s1,fp32,6,2,47707011,250000000
lfp_t6plain_us06_s1,fp32,6,3,47707011,250000000
lfp_t6plain_us06_s1,fp32,6,4,47707011,250000000
lfp_t6plain_us06_s1,fp32,6,5,47707011,250000000
lfp_t6plain_us06_s1,fp32,6,6,47707011,250000000
lfp_t6plain_us06_s1,fp32,6,7,47707011,250000000
lfp_t6plain_us06_s1,fp32,6,8,47707011,250000000
lfp_t6plain_us06_s1,fp32,6,9,47707011,250000000
lfp_t6plain_us06_s1,fp32,6,10,47707011,250000000
lfp_t6plain_us06_s1,fp32,6,11,47707011,250000000
lfp_t6plain_us06_s1,fp32,6,12,47707011,250000000
lfp_t6plain_us06_s1,fp32,6,13,47707011,250000000
lfp_t6plain_us06_s1,fp32,6,14,47707011,250000000
lfp_t6plain_us06_s1,fp32,6,15,47707011,250000000
lfp_t6plain_us06_s1,fp32,7,0,47686064,250000000
lfp_t6plain_us06_s1,fp32,7,1,47686011,250000000
lfp_t6plain_us06_s1,fp32,7,2,47686011,250000000
lfp_t6plain_us06_s1,fp32,7,3,47686011,250000000
lfp_t6plain_us06_s1,fp32,7,4,47686011,250000000
lfp_t6plain_us06_s1,fp32,7,5,47686011,250000000
lfp_t6plain_us06_s1,fp32,7,6,47686011,250000000
lfp_t6plain_us06_s1,fp32,7,7,47686011,250000000
lfp_t6plain_us06_s1,fp32,7,8,47686011,250000000
lfp_t6plain_us06_s1,fp32,7,9,47686011,250000000
lfp_t6plain_us06_s1,fp32,7,10,47686011,250000000
lfp_t6plain_us06_s1,fp32,7,11,47686011,250000000
lfp_t6plain_us06_s1,fp32,7,12,47686011,250000000
lfp_t6plain_us06_s1,fp32,7,13,47686011,250000000
lfp_t6plain_us06_s1,fp32,7,14,47686011,250000000
lfp_t6plain_us06_s1,fp32,7,15,47686011,250000000
lfp_t6plain_us06_s1,fp32,8,0,47631946,250000000
lfp_t6plain_us06_s1,fp32,8,1,47631898,250000000
lfp_t6plain_us06_s1,fp32,8,2,47631898,250000000
lfp_t6plain_us06_s1,fp32,8,3,47631898,250000000
lfp_t6plain_us06_s1,fp32,8,4,47631898,250000000
lfp_t6plain_us06_s1,fp32,8,5,47631898,250000000
lfp_t6plain_us06_s1,fp32,8,6,47631898,250000000
lfp_t6plain_us06_s1,fp32,8,7,47631898,250000000
lfp_t6plain_us06_s1,fp32,8,8,47631898,250000000
lfp_t6plain_us06_s1,fp32,8,9,47631898,250000000
lfp_t6plain_us06_s1,fp32,8,10,47631898,250000000
lfp_t6plain_us06_s1,fp32,8,11,47631898,250000000
lfp_t6plain_us06_s1,fp32,8,12,47631898,250000000
lfp_t6plain_us06_s1,fp32,8,13,47631898,250000000
lfp_t6plain_us06_s1,fp32,8,14,47631898,250000000
lfp_t6plain_us06_s1,fp32,8,15,47631898,250000000
lfp_t6plain_us06_s1,fp32,9,0,47742620,250000000
lfp_t6plain_us06_s1,fp32,9,1,47742574,250000000
lfp_t6plain_us06_s1,fp32,9,2,47742574,250000000
lfp_t6plain_us06_s1,fp32,9,3,47742574,250000000
lfp_t6plain_us06_s1,fp32,9,4,47742574,250000000
lfp_t6plain_us06_s1,fp32,9,5,47742574,250000000
lfp_t6plain_us06_s1,fp32,9,6,47742574,250000000
lfp_t6plain_us06_s1,fp32,9,7,47742574,250000000
lfp_t6plain_us06_s1,fp32,9,8,47742574,250000000
lfp_t6plain_us06_s1,fp32,9,9,47742574,250000000
lfp_t6plain_us06_s1,fp32,9,10,47742574,250000000
lfp_t6plain_us06_s1,fp32,9,11,47742574,250000000
lfp_t6plain_us06_s1,fp32,9,12,47742574,250000000
lfp_t6plain_us06_s1,fp32,9,13,47742574,250000000
lfp_t6plain_us06_s1,fp32,9,14,47742574,250000000
lfp_t6plain_us06_s1,fp32,9,15,47742574,250000000
lfp_t6plain_us06_s1,fp32,10,0,47763054,250000000
lfp_t6plain_us06_s1,fp32,10,1,47763008,250000000
lfp_t6plain_us06_s1,fp32,10,2,47763008,250000000
lfp_t6plain_us06_s1,fp32,10,3,47763008,250000000
lfp_t6plain_us06_s1,fp32,10,4,47763008,250000000
lfp_t6plain_us06_s1,fp32,10,5,47763008,250000000
lfp_t6plain_us06_s1,fp32,10,6,47763008,250000000
lfp_t6plain_us06_s1,fp32,10,7,47763008,250000000
lfp_t6plain_us06_s1,fp32,10,8,47763008,250000000
lfp_t6plain_us06_s1,fp32,10,9,47763008,250000000
lfp_t6plain_us06_s1,fp32,10,10,47763008,250000000
lfp_t6plain_us06_s1,fp32,10,11,47763008,250000000
lfp_t6plain_us06_s1,fp32,10,12,47763008,250000000
lfp_t6plain_us06_s1,fp32,10,13,47763008,250000000
lfp_t6plain_us06_s1,fp32,10,14,47763008,250000000
lfp_t6plain_us06_s1,fp32,10,15,47763008,250000000
lfp_t6plain_us06_s1,fp32,11,0,47759718,250000000
lfp_t6plain_us06_s1,fp32,11,1,47759665,250000000
lfp_t6plain_us06_s1,fp32,11,2,47759665,250000000
lfp_t6plain_us06_s1,fp32,11,3,47759665,250000000
lfp_t6plain_us06_s1,fp32,11,4,47759665,250000000
lfp_t6plain_us06_s1,fp32,11,5,47759665,250000000
lfp_t6plain_us06_s1,fp32,11,6,47759665,250000000
lfp_t6plain_us06_s1,fp32,11,7,47759665,250000000
lfp_t6plain_us06_s1,fp32,11,8,47759665,250000000
lfp_t6plain_us06_s1,fp32,11,9,47759665,250000000
lfp_t6plain_us06_s1,fp32,11,10,47759665,250000000
lfp_t6plain_us06_s1,fp32,11,11,47759665,250000000
lfp_t6plain_us06_s1,fp32,11,12,47759665,250000000
lfp_t6plain_us06_s1,fp32,11,13,47759665,250000000
lfp_t6plain_us06_s1,fp32,11,14,47759665,250000000
lfp_t6plain_us06_s1,fp32,11,15,47759665,250000000
lfp_t6plain_us06_s1,fp32,12,0,47719272,250000000
lfp_t6plain_us06_s1,fp32,12,1,47719247,250000000
lfp_t6plain_us06_s1,fp32,12,2,47719247,250000000
lfp_t6plain_us06_s1,fp32,12,3,47719247,250000000
lfp_t6plain_us06_s1,fp32,12,4,47719247,250000000
lfp_t6plain_us06_s1,fp32,12,5,47719247,250000000
lfp_t6plain_us06_s1,fp32,12,6,47719247,250000000
lfp_t6plain_us06_s1,fp32,12,7,47719247,250000000
lfp_t6plain_us06_s1,fp32,12,8,47719247,250000000
lfp_t6plain_us06_s1,fp32,12,9,47719247,250000000
lfp_t6plain_us06_s1,fp32,12,10,47719247,250000000
lfp_t6plain_us06_s1,fp32,12,11,47719247,250000000
lfp_t6plain_us06_s1,fp32,12,12,47719247,250000000
lfp_t6plain_us06_s1,fp32,12,13,47719247,250000000
lfp_t6plain_us06_s1,fp32,12,14,47719247,250000000
lfp_t6plain_us06_s1,fp32,12,15,47719247,250000000
lfp_t6plain_us06_s1,fp32,13,0,47724403,250000000
lfp_t6plain_us06_s1,fp32,13,1,47724350,250000000
lfp_t6plain_us06_s1,fp32,13,2,47724350,250000000
lfp_t6plain_us06_s1,fp32,13,3,47724350,250000000
lfp_t6plain_us06_s1,fp32,13,4,47724350,250000000
lfp_t6plain_us06_s1,fp32,13,5,47724350,250000000
lfp_t6plain_us06_s1,fp32,13,6,47724350,250000000
lfp_t6plain_us06_s1,fp32,13,7,47724350,250000000
lfp_t6plain_us06_s1,fp32,13,8,47724350,250000000
lfp_t6plain_us06_s1,fp32,13,9,47724350,250000000
lfp_t6plain_us06_s1,fp32,13,10,47724350,250000000
lfp_t6plain_us06_s1,fp32,13,11,47724350,250000000
lfp_t6plain_us06_s1,fp32,13,12,47724350,250000000
lfp_t6plain_us06_s1,fp32,13,13,47724350,250000000
lfp_t6plain_us06_s1,fp32,13,14,47724350,250000000
lfp_t6plain_us06_s1,fp32,13,15,47724350,250000000
lfp_t6plain_us06_s1,fp32,14,0,47708968,250000000
lfp_t6plain_us06_s1,fp32,14,1,47708922,250000000
lfp_t6plain_us06_s1,fp32,14,2,47708922,250000000
lfp_t6plain_us06_s1,fp32,14,3,47708922,250000000
lfp_t6plain_us06_s1,fp32,14,4,47708922,250000000
lfp_t6plain_us06_s1,fp32,14,5,47708922,250000000
lfp_t6plain_us06_s1,fp32,14,6,47708922,250000000
lfp_t6plain_us06_s1,fp32,14,7,47708922,250000000
lfp_t6plain_us06_s1,fp32,14,8,47708922,250000000
lfp_t6plain_us06_s1,fp32,14,9,47708922,250000000
lfp_t6plain_us06_s1,fp32,14,10,47708922,250000000
lfp_t6plain_us06_s1,fp32,14,11,47708922,250000000
lfp_t6plain_us06_s1,fp32,14,12,47708922,250000000
lfp_t6plain_us06_s1,fp32,14,13,47708922,250000000
lfp_t6plain_us06_s1,fp32,14,14,47708922,250000000
lfp_t6plain_us06_s1,fp32,14,15,47708922,250000000
lfp_t6plain_us06_s1,fp32,15,0,47612837,250000000
lfp_t6plain_us06_s1,fp32,15,1,47612791,250000000
lfp_t6plain_us06_s1,fp32,15,2,47612791,250000000
lfp_t6plain_us06_s1,fp32,15,3,47612791,250000000
lfp_t6plain_us06_s1,fp32,15,4,47612791,250000000
lfp_t6plain_us06_s1,fp32,15,5,47612791,250000000
lfp_t6plain_us06_s1,fp32,15,6,47612791,250000000
lfp_t6plain_us06_s1,fp32,15,7,47612791,250000000
lfp_t6plain_us06_s1,fp32,15,8,47612791,250000000
lfp_t6plain_us06_s1,fp32,15,9,47612791,250000000
lfp_t6plain_us06_s1,fp32,15,10,47612791,250000000
lfp_t6plain_us06_s1,fp32,15,11,47612791,250000000
lfp_t6plain_us06_s1,fp32,15,12,47612791,250000000
lfp_t6plain_us06_s1,fp32,15,13,47612791,250000000
lfp_t6plain_us06_s1,fp32,15,14,47612791,250000000
lfp_t6plain_us06_s1,fp32,15,15,47612791,250000000
lfp_t6plain_us06_s1,fp32,16,0,47634995,250000000
lfp_t6plain_us06_s1,fp32,16,1,47634947,250000000
lfp_t6plain_us06_s1,fp32,16,2,47634947,250000000
lfp_t6plain_us06_s1,fp32,16,3,47634947,250000000
lfp_t6plain_us06_s1,fp32,16,4,47634947,250000000
lfp_t6plain_us06_s1,fp32,16,5,47634947,250000000
lfp_t6plain_us06_s1,fp32,16,6,47634947,250000000
lfp_t6plain_us06_s1,fp32,16,7,47634947,250000000
lfp_t6plain_us06_s1,fp32,16,8,47634947,250000000
lfp_t6plain_us06_s1,fp32,16,9,47634947,250000000
lfp_t6plain_us06_s1,fp32,16,10,47634947,250000000
lfp_t6plain_us06_s1,fp32,16,11,47634947,250000000
lfp_t6plain_us06_s1,fp32,16,12,47634947,250000000
lfp_t6plain_us06_s1,fp32,16,13,47634947,250000000
lfp_t6plain_us06_s1,fp32,16,14,47634947,250000000
lfp_t6plain_us06_s1,fp32,16,15,47634947,250000000
lfp_t6plain_us06_s1,fp32,17,0,47766274,250000000
lfp_t6plain_us06_s1,fp32,17,1,47766228,250000000
lfp_t6plain_us06_s1,fp32,17,2,47766228,250000000
lfp_t6plain_us06_s1,fp32,17,3,47766228,250000000
lfp_t6plain_us06_s1,fp32,17,4,47766228,250000000
lfp_t6plain_us06_s1,fp32,17,5,47766228,250000000
lfp_t6plain_us06_s1,fp32,17,6,47766228,250000000
lfp_t6plain_us06_s1,fp32,17,7,47766228,250000000
lfp_t6plain_us06_s1,fp32,17,8,47766228,250000000
lfp_t6plain_us06_s1,fp32,17,9,47766228,250000000
lfp_t6plain_us06_s1,fp32,17,10,47766228,250000000
lfp_t6plain_us06_s1,fp32,17,11,47766228,250000000
lfp_t6plain_us06_s1,fp32,17,12,47766228,250000000
lfp_t6plain_us06_s1,fp32,17,13,47766228,250000000
lfp_t6plain_us06_s1,fp32,17,14,47766228,250000000
lfp_t6plain_us06_s1,fp32,17,15,47766228,250000000
lfp_t6plain_us06_s1,fp32,18,0,47793948,250000000
lfp_t6plain_us06_s1,fp32,18,1,47793895,250000000
lfp_t6plain_us06_s1,fp32,18,2,47793895,250000000
lfp_t6plain_us06_s1,fp32,18,3,47793895,250000000
lfp_t6plain_us06_s1,fp32,18,4,47793895,250000000
lfp_t6plain_us06_s1,fp32,18,5,47793895,250000000
lfp_t6plain_us06_s1,fp32,18,6,47793895,250000000
lfp_t6plain_us06_s1,fp32,18,7,47793895,250000000
lfp_t6plain_us06_s1,fp32,18,8,47793895,250000000
lfp_t6plain_us06_s1,fp32,18,9,47793895,250000000
lfp_t6plain_us06_s1,fp32,18,10,47793895,250000000
lfp_t6plain_us06_s1,fp32,18,11,47793895,250000000
lfp_t6plain_us06_s1,fp32,18,12,47793895,250000000
lfp_t6plain_us06_s1,fp32,18,13,47793895,250000000
lfp_t6plain_us06_s1,fp32,18,14,47793895,250000000
lfp_t6plain_us06_s1,fp32,18,15,47793895,250000000
lfp_t6plain_us06_s1,fp32,19,0,47757309,250000000
lfp_t6plain_us06_s1,fp32,19,1,47757284,250000000
lfp_t6plain_us06_s1,fp32,19,2,47757284,250000000
lfp_t6plain_us06_s1,fp32,19,3,47757284,250000000
lfp_t6plain_us06_s1,fp32,19,4,47757284,250000000
lfp_t6plain_us06_s1,fp32,19,5,47757284,250000000
lfp_t6plain_us06_s1,fp32,19,6,47757284,250000000
lfp_t6plain_us06_s1,fp32,19,7,47757284,250000000
lfp_t6plain_us06_s1,fp32,19,8,47757284,250000000
lfp_t6plain_us06_s1,fp32,19,9,47757284,250000000
lfp_t6plain_us06_s1,fp32,19,10,47757284,250000000
lfp_t6plain_us06_s1,fp32,19,11,47757284,250000000
lfp_t6plain_us06_s1,fp32,19,12,47757284,250000000
lfp_t6plain_us06_s1,fp32,19,13,47757284,250000000
lfp_t6plain_us06_s1,fp32,19,14,47757284,250000000
lfp_t6plain_us06_s1,fp32,19,15,47757284,250000000
lfp_t6plain_us06_s1,fp32,20,0,47751573,250000000
lfp_t6plain_us06_s1,fp32,20,1,47751548,250000000
lfp_t6plain_us06_s1,fp32,20,2,47751548,250000000
lfp_t6plain_us06_s1,fp32,20,3,47751548,250000000
lfp_t6plain_us06_s1,fp32,20,4,47751548,250000000
lfp_t6plain_us06_s1,fp32,20,5,47751548,250000000
lfp_t6plain_us06_s1,fp32,20,6,47751548,250000000
lfp_t6plain_us06_s1,fp32,20,7,47751548,250000000
lfp_t6plain_us06_s1,fp32,20,8,47751548,250000000
lfp_t6plain_us06_s1,fp32,20,9,47751548,250000000
lfp_t6plain_us06_s1,fp32,20,10,47751548,250000000
lfp_t6plain_us06_s1,fp32,20,11,47751548,250000000
lfp_t6plain_us06_s1,fp32,20,12,47751548,250000000
lfp_t6plain_us06_s1,fp32,20,13,47751548,250000000
lfp_t6plain_us06_s1,fp32,20,14,47751548,250000000
lfp_t6plain_us06_s1,fp32,20,15,47751548,250000000
lfp_t6plain_us06_s1,fp32,21,0,47736881,250000000
lfp_t6plain_us06_s1,fp32,21,1,47736826,250000000
lfp_t6plain_us06_s1,fp32,21,2,47736826,250000000
lfp_t6plain_us06_s1,fp32,21,3,47736826,250000000
lfp_t6plain_us06_s1,fp32,21,4,47736826,250000000
lfp_t6plain_us06_s1,fp32,21,5,47736826,250000000
lfp_t6plain_us06_s1,fp32,21,6,47736826,250000000
lfp_t6plain_us06_s1,fp32,21,7,47736826,250000000
lfp_t6plain_us06_s1,fp32,21,8,47736826,250000000
lfp_t6plain_us06_s1,fp32,21,9,47736826,250000000
lfp_t6plain_us06_s1,fp32,21,10,47736826,250000000
lfp_t6plain_us06_s1,fp32,21,11,47736826,250000000
lfp_t6plain_us06_s1,fp32,21,12,47736826,250000000
lfp_t6plain_us06_s1,fp32,21,13,47736826,250000000
lfp_t6plain_us06_s1,fp32,21,14,47736826,250000000
lfp_t6plain_us06_s1,fp32,21,15,47736826,250000000
lfp_t6plain_us06_s1,fp32,22,0,47715975,250000000
lfp_t6plain_us06_s1,fp32,22,1,47715929,250000000
lfp_t6plain_us06_s1,fp32,22,2,47715929,250000000
lfp_t6plain_us06_s1,fp32,22,3,47715929,250000000
lfp_t6plain_us06_s1,fp32,22,4,47715929,250000000
lfp_t6plain_us06_s1,fp32,22,5,47715929,250000000
lfp_t6plain_us06_s1,fp32,22,6,47715929,250000000
lfp_t6plain_us06_s1,fp32,22,7,47715929,250000000
lfp_t6plain_us06_s1,fp32,22,8,47715929,250000000
lfp_t6plain_us06_s1,fp32,22,9,47715929,250000000
lfp_t6plain_us06_s1,fp32,22,10,47715929,250000000
lfp_t6plain_us06_s1,fp32,22,11,47715929,250000000
lfp_t6plain_us06_s1,fp32,22,12,47715929,250000000
lfp_t6plain_us06_s1,fp32,22,13,47715929,250000000
lfp_t6plain_us06_s1,fp32,22,14,47715929,250000000
lfp_t6plain_us06_s1,fp32,22,15,47715929,250000000
lfp_t6plain_us06_s1,fp32,23,0,47585064,250000000
lfp_t6plain_us06_s1,fp32,23,1,47585018,250000000
lfp_t6plain_us06_s1,fp32,23,2,47585018,250000000
lfp_t6plain_us06_s1,fp32,23,3,47585018,250000000
lfp_t6plain_us06_s1,fp32,23,4,47585018,250000000
lfp_t6plain_us06_s1,fp32,23,5,47585018,250000000
lfp_t6plain_us06_s1,fp32,23,6,47585018,250000000
lfp_t6plain_us06_s1,fp32,23,7,47585018,250000000
lfp_t6plain_us06_s1,fp32,23,8,47585018,250000000
lfp_t6plain_us06_s1,fp32,23,9,47585018,250000000
lfp_t6plain_us06_s1,fp32,23,10,47585018,250000000
lfp_t6plain_us06_s1,fp32,23,11,47585018,250000000
lfp_t6plain_us06_s1,fp32,23,12,47585018,250000000
lfp_t6plain_us06_s1,fp32,23,13,47585018,250000000
lfp_t6plain_us06_s1,fp32,23,14,47585018,250000000
lfp_t6plain_us06_s1,fp32,23,15,47585018,250000000
lfp_t6plain_us06_s1,fp32,24,0,47635662,250000000
lfp_t6plain_us06_s1,fp32,24,1,47635614,250000000
lfp_t6plain_us06_s1,fp32,24,2,47635614,250000000
lfp_t6plain_us06_s1,fp32,24,3,47635614,250000000
lfp_t6plain_us06_s1,fp32,24,4,47635614,250000000
lfp_t6plain_us06_s1,fp32,24,5,47635614,250000000
lfp_t6plain_us06_s1,fp32,24,6,47635614,250000000
lfp_t6plain_us06_s1,fp32,24,7,47635614,250000000
lfp_t6plain_us06_s1,fp32,24,8,47635614,250000000
lfp_t6plain_us06_s1,fp32,24,9,47635614,250000000
lfp_t6plain_us06_s1,fp32,24,10,47635614,250000000
lfp_t6plain_us06_s1,fp32,24,11,47635614,250000000
lfp_t6plain_us06_s1,fp32,24,12,47635614,250000000
lfp_t6plain_us06_s1,fp32,24,13,47635614,250000000
lfp_t6plain_us06_s1,fp32,24,14,47635614,250000000
lfp_t6plain_us06_s1,fp32,24,15,47635614,250000000
lfp_t6plain_us06_s1,fp32,25,0,47760298,250000000
lfp_t6plain_us06_s1,fp32,25,1,47760252,250000000
lfp_t6plain_us06_s1,fp32,25,2,47760252,250000000
lfp_t6plain_us06_s1,fp32,25,3,47760252,250000000
lfp_t6plain_us06_s1,fp32,25,4,47760252,250000000
lfp_t6plain_us06_s1,fp32,25,5,47760252,250000000
lfp_t6plain_us06_s1,fp32,25,6,47760252,250000000
lfp_t6plain_us06_s1,fp32,25,7,47760252,250000000
lfp_t6plain_us06_s1,fp32,25,8,47760252,250000000
lfp_t6plain_us06_s1,fp32,25,9,47760252,250000000
lfp_t6plain_us06_s1,fp32,25,10,47760252,250000000
lfp_t6plain_us06_s1,fp32,25,11,47760252,250000000
lfp_t6plain_us06_s1,fp32,25,12,47760252,250000000
lfp_t6plain_us06_s1,fp32,25,13,47760252,250000000
lfp_t6plain_us06_s1,fp32,25,14,47760252,250000000
lfp_t6plain_us06_s1,fp32,25,15,47760252,250000000
lfp_t6plain_us06_s1,fp32,26,0,47794410,250000000
lfp_t6plain_us06_s1,fp32,26,1,47794355,250000000
lfp_t6plain_us06_s1,fp32,26,2,47794355,250000000
lfp_t6plain_us06_s1,fp32,26,3,47794355,250000000
lfp_t6plain_us06_s1,fp32,26,4,47794355,250000000
lfp_t6plain_us06_s1,fp32,26,5,47794355,250000000
lfp_t6plain_us06_s1,fp32,26,6,47794355,250000000
lfp_t6plain_us06_s1,fp32,26,7,47794355,250000000
lfp_t6plain_us06_s1,fp32,26,8,47794355,250000000
lfp_t6plain_us06_s1,fp32,26,9,47794355,250000000
lfp_t6plain_us06_s1,fp32,26,10,47794355,250000000
lfp_t6plain_us06_s1,fp32,26,11,47794355,250000000
lfp_t6plain_us06_s1,fp32,26,12,47794355,250000000
lfp_t6plain_us06_s1,fp32,26,13,47794355,250000000
lfp_t6plain_us06_s1,fp32,26,14,47794355,250000000
lfp_t6plain_us06_s1,fp32,26,15,47794355,250000000
lfp_t6plain_us06_s1,fp32,27,0,47768953,250000000
lfp_t6plain_us06_s1,fp32,27,1,47768900,250000000
lfp_t6plain_us06_s1,fp32,27,2,47768900,250000000
lfp_t6plain_us06_s1,fp32,27,3,47768900,250000000
lfp_t6plain_us06_s1,fp32,27,4,47768900,250000000
lfp_t6plain_us06_s1,fp32,27,5,47768900,250000000
lfp_t6plain_us06_s1,fp32,27,6,47768900,250000000
lfp_t6plain_us06_s1,fp32,27,7,47768900,250000000
lfp_t6plain_us06_s1,fp32,27,8,47768900,250000000
lfp_t6plain_us06_s1,fp32,27,9,47768900,250000000
lfp_t6plain_us06_s1,fp32,27,10,47768900,250000000
lfp_t6plain_us06_s1,fp32,27,11,47768900,250000000
lfp_t6plain_us06_s1,fp32,27,12,47768900,250000000
lfp_t6plain_us06_s1,fp32,27,13,47768900,250000000
lfp_t6plain_us06_s1,fp32,27,14,47768900,250000000
lfp_t6plain_us06_s1,fp32,27,15,47768900,250000000
lfp_t6plain_us06_s1,fp32,28,0,47759742,250000000
lfp_t6plain_us06_s1,fp32,28,1,47759687,250000000
lfp_t6plain_us06_s1,fp32,28,2,47759687,250000000
lfp_t6plain_us06_s1,fp32,28,3,47759687,250000000
lfp_t6plain_us06_s1,fp32,28,4,47759687,250000000
lfp_t6plain_us06_s1,fp32,28,5,47759687,250000000
lfp_t6plain_us06_s1,fp32,28,6,47759687,250000000
lfp_t6plain_us06_s1,fp32,28,7,47759687,250000000
lfp_t6plain_us06_s1,fp32,28,8,47759687,250000000
lfp_t6plain_us06_s1,fp32,28,9,47759687,250000000
lfp_t6plain_us06_s1,fp32,28,10,47759687,250000000
lfp_t6plain_us06_s1,fp32,28,11,47759687,250000000
lfp_t6plain_us06_s1,fp32,28,12,47759687,250000000
lfp_t6plain_us06_s1,fp32,28,13,47759687,250000000
lfp_t6plain_us06_s1,fp32,28,14,47759687,250000000
lfp_t6plain_us06_s1,fp32,28,15,47759687,250000000
lfp_t6plain_us06_s1,fp32,29,0,47748819,250000000
lfp_t6plain_us06_s1,fp32,29,1,47748764,250000000
lfp_t6plain_us06_s1,fp32,29,2,47748764,250000000
lfp_t6plain_us06_s1,fp32,29,3,47748764,250000000
lfp_t6plain_us06_s1,fp32,29,4,47748764,250000000
lfp_t6plain_us06_s1,fp32,29,5,47748764,250000000
lfp_t6plain_us06_s1,fp32,29,6,47748764,250000000
lfp_t6plain_us06_s1,fp32,29,7,47748764,250000000
lfp_t6plain_us06_s1,fp32,29,8,47748764,250000000
lfp_t6plain_us06_s1,fp32,29,9,47748764,250000000
lfp_t6plain_us06_s1,fp32,29,10,47748764,250000000
lfp_t6plain_us06_s1,fp32,29,11,47748764,250000000
lfp_t6plain_us06_s1,fp32,29,12,47748764,250000000
lfp_t6plain_us06_s1,fp32,29,13,47748764,250000000
lfp_t6plain_us06_s1,fp32,29,14,47748764,250000000
lfp_t6plain_us06_s1,fp32,29,15,47748764,250000000
lfp_t6plain_us06_s1,fp32,30,0,47741493,250000000
lfp_t6plain_us06_s1,fp32,30,1,47741447,250000000
lfp_t6plain_us06_s1,fp32,30,2,47741447,250000000
lfp_t6plain_us06_s1,fp32,30,3,47741447,250000000
lfp_t6plain_us06_s1,fp32,30,4,47741447,250000000
lfp_t6plain_us06_s1,fp32,30,5,47741447,250000000
lfp_t6plain_us06_s1,fp32,30,6,47741447,250000000
lfp_t6plain_us06_s1,fp32,30,7,47741447,250000000
lfp_t6plain_us06_s1,fp32,30,8,47741447,250000000
lfp_t6plain_us06_s1,fp32,30,9,47741447,250000000
lfp_t6plain_us06_s1,fp32,30,10,47741447,250000000
lfp_t6plain_us06_s1,fp32,30,11,47741447,250000000
lfp_t6plain_us06_s1,fp32,30,12,47741447,250000000
lfp_t6plain_us06_s1,fp32,30,13,47741447,250000000
lfp_t6plain_us06_s1,fp32,30,14,47741447,250000000
lfp_t6plain_us06_s1,fp32,30,15,47741447,250000000
lfp_t6plain_us06_s1,fp32,31,0,47613863,250000000
lfp_t6plain_us06_s1,fp32,31,1,47613817,250000000
lfp_t6plain_us06_s1,fp32,31,2,47613817,250000000
lfp_t6plain_us06_s1,fp32,31,3,47613817,250000000
lfp_t6plain_us06_s1,fp32,31,4,47613817,250000000
lfp_t6plain_us06_s1,fp32,31,5,47613817,250000000
lfp_t6plain_us06_s1,fp32,31,6,47613817,250000000
lfp_t6plain_us06_s1,fp32,31,7,47613817,250000000
lfp_t6plain_us06_s1,fp32,31,8,47613817,250000000
lfp_t6plain_us06_s1,fp32,31,9,47613817,250000000
lfp_t6plain_us06_s1,fp32,31,10,47613817,250000000
lfp_t6plain_us06_s1,fp32,31,11,47613817,250000000
lfp_t6plain_us06_s1,fp32,31,12,47613817,250000000
lfp_t6plain_us06_s1,fp32,31,13,47613817,250000000
lfp_t6plain_us06_s1,fp32,31,14,47613817,250000000
lfp_t6plain_us06_s1,fp32,31,15,47613817,250000000
lfp_t6plain_us06_s1,fp32,32,0,47634840,250000000
lfp_t6plain_us06_s1,fp32,32,1,47634792,250000000
lfp_t6plain_us06_s1,fp32,32,2,47634792,250000000
lfp_t6plain_us06_s1,fp32,32,3,47634792,250000000
lfp_t6plain_us06_s1,fp32,32,4,47634792,250000000
lfp_t6plain_us06_s1,fp32,32,5,47634792,250000000
lfp_t6plain_us06_s1,fp32,32,6,47634792,250000000
lfp_t6plain_us06_s1,fp32,32,7,47634792,250000000
lfp_t6plain_us06_s1,fp32,32,8,47634792,250000000
lfp_t6plain_us06_s1,fp32,32,9,47634792,250000000
lfp_t6plain_us06_s1,fp32,32,10,47634792,250000000
lfp_t6plain_us06_s1,fp32,32,11,47634792,250000000
lfp_t6plain_us06_s1,fp32,32,12,47634792,250000000
lfp_t6plain_us06_s1,fp32,32,13,47634792,250000000
lfp_t6plain_us06_s1,fp32,32,14,47634792,250000000
lfp_t6plain_us06_s1,fp32,32,15,47634792,250000000
lfp_t6plain_us06_s1,fp32,33,0,47762648,250000000
lfp_t6plain_us06_s1,fp32,33,1,47762600,250000000
lfp_t6plain_us06_s1,fp32,33,2,47762600,250000000
lfp_t6plain_us06_s1,fp32,33,3,47762600,250000000
lfp_t6plain_us06_s1,fp32,33,4,47762600,250000000
lfp_t6plain_us06_s1,fp32,33,5,47762600,250000000
lfp_t6plain_us06_s1,fp32,33,6,47762600,250000000
lfp_t6plain_us06_s1,fp32,33,7,47762600,250000000
lfp_t6plain_us06_s1,fp32,33,8,47762600,250000000
lfp_t6plain_us06_s1,fp32,33,9,47762600,250000000
lfp_t6plain_us06_s1,fp32,33,10,47762600,250000000
lfp_t6plain_us06_s1,fp32,33,11,47762600,250000000
lfp_t6plain_us06_s1,fp32,33,12,47762600,250000000
lfp_t6plain_us06_s1,fp32,33,13,47762600,250000000
lfp_t6plain_us06_s1,fp32,33,14,47762600,250000000
lfp_t6plain_us06_s1,fp32,33,15,47762600,250000000
lfp_t6plain_us06_s1,fp32,34,0,47792895,250000000
lfp_t6plain_us06_s1,fp32,34,1,47792840,250000000
lfp_t6plain_us06_s1,fp32,34,2,47792840,250000000
lfp_t6plain_us06_s1,fp32,34,3,47792840,250000000
lfp_t6plain_us06_s1,fp32,34,4,47792840,250000000
lfp_t6plain_us06_s1,fp32,34,5,47792840,250000000
lfp_t6plain_us06_s1,fp32,34,6,47792840,250000000
lfp_t6plain_us06_s1,fp32,34,7,47792840,250000000
lfp_t6plain_us06_s1,fp32,34,8,47792840,250000000
lfp_t6plain_us06_s1,fp32,34,9,47792840,250000000
lfp_t6plain_us06_s1,fp32,34,10,47792840,250000000
lfp_t6plain_us06_s1,fp32,34,11,47792840,250000000
lfp_t6plain_us06_s1,fp32,34,12,47792840,250000000
lfp_t6plain_us06_s1,fp32,34,13,47792840,250000000
lfp_t6plain_us06_s1,fp32,34,14,47792840,250000000
lfp_t6plain_us06_s1,fp32,34,15,47792840,250000000
lfp_t6plain_us06_s1,fp32,35,0,47772446,250000000
lfp_t6plain_us06_s1,fp32,35,1,47772391,250000000
lfp_t6plain_us06_s1,fp32,35,2,47772391,250000000
lfp_t6plain_us06_s1,fp32,35,3,47772391,250000000
lfp_t6plain_us06_s1,fp32,35,4,47772391,250000000
lfp_t6plain_us06_s1,fp32,35,5,47772391,250000000
lfp_t6plain_us06_s1,fp32,35,6,47772391,250000000
lfp_t6plain_us06_s1,fp32,35,7,47772391,250000000
lfp_t6plain_us06_s1,fp32,35,8,47772391,250000000
lfp_t6plain_us06_s1,fp32,35,9,47772391,250000000
lfp_t6plain_us06_s1,fp32,35,10,47772391,250000000
lfp_t6plain_us06_s1,fp32,35,11,47772391,250000000
lfp_t6plain_us06_s1,fp32,35,12,47772391,250000000
lfp_t6plain_us06_s1,fp32,35,13,47772391,250000000
lfp_t6plain_us06_s1,fp32,35,14,47772391,250000000
lfp_t6plain_us06_s1,fp32,35,15,47772391,250000000
lfp_t6plain_us06_s1,fp32,36,0,47764985,250000000
lfp_t6plain_us06_s1,fp32,36,1,47764960,250000000
lfp_t6plain_us06_s1,fp32,36,2,47764960,250000000
lfp_t6plain_us06_s1,fp32,36,3,47764960,250000000
lfp_t6plain_us06_s1,fp32,36,4,47764960,250000000
lfp_t6plain_us06_s1,fp32,36,5,47764960,250000000
lfp_t6plain_us06_s1,fp32,36,6,47764960,250000000
lfp_t6plain_us06_s1,fp32,36,7,47764960,250000000
lfp_t6plain_us06_s1,fp32,36,8,47764960,250000000
lfp_t6plain_us06_s1,fp32,36,9,47764960,250000000
lfp_t6plain_us06_s1,fp32,36,10,47764960,250000000
lfp_t6plain_us06_s1,fp32,36,11,47764960,250000000
lfp_t6plain_us06_s1,fp32,36,12,47764960,250000000
lfp_t6plain_us06_s1,fp32,36,13,47764960,250000000
lfp_t6plain_us06_s1,fp32,36,14,47764960,250000000
lfp_t6plain_us06_s1,fp32,36,15,47764960,250000000
lfp_t6plain_us06_s1,fp32,37,0,47769061,250000000
lfp_t6plain_us06_s1,fp32,37,1,47769006,250000000
lfp_t6plain_us06_s1,fp32,37,2,47769006,250000000
lfp_t6plain_us06_s1,fp32,37,3,47769006,250000000
lfp_t6plain_us06_s1,fp32,37,4,47769006,250000000
lfp_t6plain_us06_s1,fp32,37,5,47769006,250000000
lfp_t6plain_us06_s1,fp32,37,6,47769006,250000000
lfp_t6plain_us06_s1,fp32,37,7,47769006,250000000
lfp_t6plain_us06_s1,fp32,37,8,47769006,250000000
lfp_t6plain_us06_s1,fp32,37,9,47769006,250000000
lfp_t6plain_us06_s1,fp32,37,10,47769006,250000000
lfp_t6plain_us06_s1,fp32,37,11,47769006,250000000
lfp_t6plain_us06_s1,fp32,37,12,47769006,250000000
lfp_t6plain_us06_s1,fp32,37,13,47769006,250000000
lfp_t6plain_us06_s1,fp32,37,14,47769006,250000000
lfp_t6plain_us06_s1,fp32,37,15,47769006,250000000
lfp_t6plain_us06_s1,fp32,38,0,47754152,250000000
lfp_t6plain_us06_s1,fp32,38,1,47754106,250000000
lfp_t6plain_us06_s1,fp32,38,2,47754106,250000000
lfp_t6plain_us06_s1,fp32,38,3,47754106,250000000
lfp_t6plain_us06_s1,fp32,38,4,47754106,250000000
lfp_t6plain_us06_s1,fp32,38,5,47754106,250000000
lfp_t6plain_us06_s1,fp32,38,6,47754106,250000000
lfp_t6plain_us06_s1,fp32,38,7,47754106,250000000
lfp_t6plain_us06_s1,fp32,38,8,47754106,250000000
lfp_t6plain_us06_s1,fp32,38,9,47754106,250000000
lfp_t6plain_us06_s1,fp32,38,10,47754106,250000000
lfp_t6plain_us06_s1,fp32,38,11,47754106,250000000
lfp_t6plain_us06_s1,fp32,38,12,47754106,250000000
lfp_t6plain_us06_s1,fp32,38,13,47754106,250000000
lfp_t6plain_us06_s1,fp32,38,14,47754106,250000000
lfp_t6plain_us06_s1,fp32,38,15,47754106,250000000
lfp_t6plain_us06_s1,fp32,39,0,47590318,250000000
lfp_t6plain_us06_s1,fp32,39,1,47590272,250000000
lfp_t6plain_us06_s1,fp32,39,2,47590272,250000000
lfp_t6plain_us06_s1,fp32,39,3,47590272,250000000
lfp_t6plain_us06_s1,fp32,39,4,47590272,250000000
lfp_t6plain_us06_s1,fp32,39,5,47590272,250000000
lfp_t6plain_us06_s1,fp32,39,6,47590272,250000000
lfp_t6plain_us06_s1,fp32,39,7,47590272,250000000
lfp_t6plain_us06_s1,fp32,39,8,47590272,250000000
lfp_t6plain_us06_s1,fp32,39,9,47590272,250000000
lfp_t6plain_us06_s1,fp32,39,10,47590272,250000000
lfp_t6plain_us06_s1,fp32,39,11,47590272,250000000
lfp_t6plain_us06_s1,fp32,39,12,47590272,250000000
lfp_t6plain_us06_s1,fp32,39,13,47590272,250000000
lfp_t6plain_us06_s1,fp32,39,14,47590272,250000000
lfp_t6plain_us06_s1,fp32,39,15,47590272,250000000
lfp_t6plain_us06_s1,fp32,40,0,47633664,250000000
lfp_t6plain_us06_s1,fp32,40,1,47633616,250000000
lfp_t6plain_us06_s1,fp32,40,2,47633616,250000000
lfp_t6plain_us06_s1,fp32,40,3,47633616,250000000
lfp_t6plain_us06_s1,fp32,40,4,47633616,250000000
lfp_t6plain_us06_s1,fp32,40,5,47633616,250000000
lfp_t6plain_us06_s1,fp32,40,6,47633616,250000000
lfp_t6plain_us06_s1,fp32,40,7,47633616,250000000
lfp_t6plain_us06_s1,fp32,40,8,47633616,250000000
lfp_t6plain_us06_s1,fp32,40,9,47633616,250000000
lfp_t6plain_us06_s1,fp32,40,10,47633616,250000000
lfp_t6plain_us06_s1,fp32,40,11,47633616,250000000
lfp_t6plain_us06_s1,fp32,40,12,47633616,250000000
lfp_t6plain_us06_s1,fp32,40,13,47633616,250000000
lfp_t6plain_us06_s1,fp32,40,14,47633616,250000000
lfp_t6plain_us06_s1,fp32,40,15,47633616,250000000
lfp_t6plain_us06_s1,fp32,41,0,47761544,250000000
lfp_t6plain_us06_s1,fp32,41,1,47761498,250000000
lfp_t6plain_us06_s1,fp32,41,2,47761498,250000000
lfp_t6plain_us06_s1,fp32,41,3,47761498,250000000
lfp_t6plain_us06_s1,fp32,41,4,47761498,250000000
lfp_t6plain_us06_s1,fp32,41,5,47761498,250000000
lfp_t6plain_us06_s1,fp32,41,6,47761498,250000000
lfp_t6plain_us06_s1,fp32,41,7,47761498,250000000
lfp_t6plain_us06_s1,fp32,41,8,47761498,250000000
lfp_t6plain_us06_s1,fp32,41,9,47761498,250000000
lfp_t6plain_us06_s1,fp32,41,10,47761498,250000000
lfp_t6plain_us06_s1,fp32,41,11,47761498,250000000
lfp_t6plain_us06_s1,fp32,41,12,47761498,250000000
lfp_t6plain_us06_s1,fp32,41,13,47761498,250000000
lfp_t6plain_us06_s1,fp32,41,14,47761498,250000000
lfp_t6plain_us06_s1,fp32,41,15,47761498,250000000
lfp_t6plain_us06_s1,fp32,42,0,47791691,250000000
lfp_t6plain_us06_s1,fp32,42,1,47791636,250000000
lfp_t6plain_us06_s1,fp32,42,2,47791636,250000000
lfp_t6plain_us06_s1,fp32,42,3,47791636,250000000
lfp_t6plain_us06_s1,fp32,42,4,47791636,250000000
lfp_t6plain_us06_s1,fp32,42,5,47791636,250000000
lfp_t6plain_us06_s1,fp32,42,6,47791636,250000000
lfp_t6plain_us06_s1,fp32,42,7,47791636,250000000
lfp_t6plain_us06_s1,fp32,42,8,47791636,250000000
lfp_t6plain_us06_s1,fp32,42,9,47791636,250000000
lfp_t6plain_us06_s1,fp32,42,10,47791636,250000000
lfp_t6plain_us06_s1,fp32,42,11,47791636,250000000
lfp_t6plain_us06_s1,fp32,42,12,47791636,250000000
lfp_t6plain_us06_s1,fp32,42,13,47791636,250000000
lfp_t6plain_us06_s1,fp32,42,14,47791636,250000000
lfp_t6plain_us06_s1,fp32,42,15,47791636,250000000
lfp_t6plain_us06_s1,fp32,43,0,47770570,250000000
lfp_t6plain_us06_s1,fp32,43,1,47770517,250000000
lfp_t6plain_us06_s1,fp32,43,2,47770517,250000000
lfp_t6plain_us06_s1,fp32,43,3,47770517,250000000
lfp_t6plain_us06_s1,fp32,43,4,47770517,250000000
lfp_t6plain_us06_s1,fp32,43,5,47770517,250000000
lfp_t6plain_us06_s1,fp32,43,6,47770517,250000000
lfp_t6plain_us06_s1,fp32,43,7,47770517,250000000
lfp_t6plain_us06_s1,fp32,43,8,47770517,250000000
lfp_t6plain_us06_s1,fp32,43,9,47770517,250000000
lfp_t6plain_us06_s1,fp32,43,10,47770517,250000000
lfp_t6plain_us06_s1,fp32,43,11,47770517,250000000
lfp_t6plain_us06_s1,fp32,43,12,47770517,250000000
lfp_t6plain_us06_s1,fp32,43,13,47770517,250000000
lfp_t6plain_us06_s1,fp32,43,14,47770517,250000000
lfp_t6plain_us06_s1,fp32,43,15,47770517,250000000
lfp_t6plain_us06_s1,fp32,44,0,47757887,250000000
lfp_t6plain_us06_s1,fp32,44,1,47757862,250000000
lfp_t6plain_us06_s1,fp32,44,2,47757862,250000000
lfp_t6plain_us06_s1,fp32,44,3,47757862,250000000
lfp_t6plain_us06_s1,fp32,44,4,47757862,250000000
lfp_t6plain_us06_s1,fp32,44,5,47757862,250000000
lfp_t6plain_us06_s1,fp32,44,6,47757862,250000000
lfp_t6plain_us06_s1,fp32,44,7,47757862,250000000
lfp_t6plain_us06_s1,fp32,44,8,47757862,250000000
lfp_t6plain_us06_s1,fp32,44,9,47757862,250000000
lfp_t6plain_us06_s1,fp32,44,10,47757862,250000000
lfp_t6plain_us06_s1,fp32,44,11,47757862,250000000
lfp_t6plain_us06_s1,fp32,44,12,47757862,250000000
lfp_t6plain_us06_s1,fp32,44,13,47757862,250000000
lfp_t6plain_us06_s1,fp32,44,14,47757862,250000000
lfp_t6plain_us06_s1,fp32,44,15,47757862,250000000
lfp_t6plain_us06_s1,fp32,45,0,47780406,250000000
lfp_t6plain_us06_s1,fp32,45,1,47780353,250000000
lfp_t6plain_us06_s1,fp32,45,2,47780353,250000000
lfp_t6plain_us06_s1,fp32,45,3,47780353,250000000
lfp_t6plain_us06_s1,fp32,45,4,47780353,250000000
lfp_t6plain_us06_s1,fp32,45,5,47780353,250000000
lfp_t6plain_us06_s1,fp32,45,6,47780353,250000000
lfp_t6plain_us06_s1,fp32,45,7,47780353,250000000
lfp_t6plain_us06_s1,fp32,45,8,47780353,250000000
lfp_t6plain_us06_s1,fp32,45,9,47780353,250000000
lfp_t6plain_us06_s1,fp32,45,10,47780353,250000000
lfp_t6plain_us06_s1,fp32,45,11,47780353,250000000
lfp_t6plain_us06_s1,fp32,45,12,47780353,250000000
lfp_t6plain_us06_s1,fp32,45,13,47780353,250000000
lfp_t6plain_us06_s1,fp32,45,14,47780353,250000000
lfp_t6plain_us06_s1,fp32,45,15,47780353,250000000
lfp_t6plain_us06_s1,fp32,46,0,47754364,250000000
lfp_t6plain_us06_s1,fp32,46,1,47754316,250000000
lfp_t6plain_us06_s1,fp32,46,2,47754316,250000000
lfp_t6plain_us06_s1,fp32,46,3,47754316,250000000
lfp_t6plain_us06_s1,fp32,46,4,47754316,250000000
lfp_t6plain_us06_s1,fp32,46,5,47754316,250000000
lfp_t6plain_us06_s1,fp32,46,6,47754316,250000000
lfp_t6plain_us06_s1,fp32,46,7,47754316,250000000
lfp_t6plain_us06_s1,fp32,46,8,47754316,250000000
lfp_t6plain_us06_s1,fp32,46,9,47754316,250000000
lfp_t6plain_us06_s1,fp32,46,10,47754316,250000000
lfp_t6plain_us06_s1,fp32,46,11,47754316,250000000
lfp_t6plain_us06_s1,fp32,46,12,47754316,250000000
lfp_t6plain_us06_s1,fp32,46,13,47754316,250000000
lfp_t6plain_us06_s1,fp32,46,14,47754316,250000000
lfp_t6plain_us06_s1,fp32,46,15,47754316,250000000
lfp_t6plain_us06_s1,fp32,47,0,47595345,250000000
lfp_t6plain_us06_s1,fp32,47,1,47595299,250000000
lfp_t6plain_us06_s1,fp32,47,2,47595299,250000000
lfp_t6plain_us06_s1,fp32,47,3,47595299,250000000
lfp_t6plain_us06_s1,fp32,47,4,47595299,250000000
lfp_t6plain_us06_s1,fp32,47,5,47595299,250000000
lfp_t6plain_us06_s1,fp32,47,6,47595299,250000000
lfp_t6plain_us06_s1,fp32,47,7,47595299,250000000
lfp_t6plain_us06_s1,fp32,47,8,47595299,250000000
lfp_t6plain_us06_s1,fp32,47,9,47595299,250000000
lfp_t6plain_us06_s1,fp32,47,10,47595299,250000000
lfp_t6plain_us06_s1,fp32,47,11,47595299,250000000
lfp_t6plain_us06_s1,fp32,47,12,47595299,250000000
lfp_t6plain_us06_s1,fp32,47,13,47595299,250000000
lfp_t6plain_us06_s1,fp32,47,14,47595299,250000000
lfp_t6plain_us06_s1,fp32,47,15,47595299,250000000
lfp_t6plain_us06_s1,fp32,48,0,47630039,250000000
lfp_t6plain_us06_s1,fp32,48,1,47629991,250000000
lfp_t6plain_us06_s1,fp32,48,2,47629991,250000000
lfp_t6plain_us06_s1,fp32,48,3,47629991,250000000
lfp_t6plain_us06_s1,fp32,48,4,47629991,250000000
lfp_t6plain_us06_s1,fp32,48,5,47629991,250000000
lfp_t6plain_us06_s1,fp32,48,6,47629991,250000000
lfp_t6plain_us06_s1,fp32,48,7,47629991,250000000
lfp_t6plain_us06_s1,fp32,48,8,47629991,250000000
lfp_t6plain_us06_s1,fp32,48,9,47629991,250000000
lfp_t6plain_us06_s1,fp32,48,10,47629991,250000000
lfp_t6plain_us06_s1,fp32,48,11,47629991,250000000
lfp_t6plain_us06_s1,fp32,48,12,47629991,250000000
lfp_t6plain_us06_s1,fp32,48,13,47629991,250000000
lfp_t6plain_us06_s1,fp32,48,14,47629991,250000000
lfp_t6plain_us06_s1,fp32,48,15,47629991,250000000
lfp_t6plain_us06_s1,fp32,49,0,47758328,250000000
lfp_t6plain_us06_s1,fp32,49,1,47758280,250000000
lfp_t6plain_us06_s1,fp32,49,2,47758280,250000000
lfp_t6plain_us06_s1,fp32,49,3,47758280,250000000
lfp_t6plain_us06_s1,fp32,49,4,47758280,250000000
lfp_t6plain_us06_s1,fp32,49,5,47758280,250000000
lfp_t6plain_us06_s1,fp32,49,6,47758280,250000000
lfp_t6plain_us06_s1,fp32,49,7,47758280,250000000
lfp_t6plain_us06_s1,fp32,49,8,47758280,250000000
lfp_t6plain_us06_s1,fp32,49,9,47758280,250000000
lfp_t6plain_us06_s1,fp32,49,10,47758280,250000000
lfp_t6plain_us06_s1,fp32,49,11,47758280,250000000
lfp_t6plain_us06_s1,fp32,49,12,47758280,250000000
lfp_t6plain_us06_s1,fp32,49,13,47758280,250000000
lfp_t6plain_us06_s1,fp32,49,14,47758280,250000000
lfp_t6plain_us06_s1,fp32,49,15,47758280,250000000
lfp_t6plain_us06_s1,fp32,50,0,47776800,250000000
lfp_t6plain_us06_s1,fp32,50,1,47776745,250000000
lfp_t6plain_us06_s1,fp32,50,2,47776745,250000000
lfp_t6plain_us06_s1,fp32,50,3,47776745,250000000
lfp_t6plain_us06_s1,fp32,50,4,47776745,250000000
lfp_t6plain_us06_s1,fp32,50,5,47776745,250000000
lfp_t6plain_us06_s1,fp32,50,6,47776745,250000000
lfp_t6plain_us06_s1,fp32,50,7,47776745,250000000
lfp_t6plain_us06_s1,fp32,50,8,47776745,250000000
lfp_t6plain_us06_s1,fp32,50,9,47776745,250000000
lfp_t6plain_us06_s1,fp32,50,10,47776745,250000000
lfp_t6plain_us06_s1,fp32,50,11,47776745,250000000
lfp_t6plain_us06_s1,fp32,50,12,47776745,250000000
lfp_t6plain_us06_s1,fp32,50,13,47776745,250000000
lfp_t6plain_us06_s1,fp32,50,14,47776745,250000000
lfp_t6plain_us06_s1,fp32,50,15,47776745,250000000
lfp_t6plain_us06_s1,fp32,51,0,47758149,250000000
lfp_t6plain_us06_s1,fp32,51,1,47758094,250000000
lfp_t6plain_us06_s1,fp32,51,2,47758094,250000000
lfp_t6plain_us06_s1,fp32,51,3,47758094,250000000
lfp_t6plain_us06_s1,fp32,51,4,47758094,250000000
lfp_t6plain_us06_s1,fp32,51,5,47758094,250000000
lfp_t6plain_us06_s1,fp32,51,6,47758094,250000000
lfp_t6plain_us06_s1,fp32,51,7,47758094,250000000
lfp_t6plain_us06_s1,fp32,51,8,47758094,250000000
lfp_t6plain_us06_s1,fp32,51,9,47758094,250000000
lfp_t6plain_us06_s1,fp32,51,10,47758094,250000000
lfp_t6plain_us06_s1,fp32,51,11,47758094,250000000
lfp_t6plain_us06_s1,fp32,51,12,47758094,250000000
lfp_t6plain_us06_s1,fp32,51,13,47758094,250000000
lfp_t6plain_us06_s1,fp32,51,14,47758094,250000000
lfp_t6plain_us06_s1,fp32,51,15,47758094,250000000
lfp_t6plain_us06_s1,fp32,52,0,47737402,250000000
lfp_t6plain_us06_s1,fp32,52,1,47737377,250000000
lfp_t6plain_us06_s1,fp32,52,2,47737377,250000000
lfp_t6plain_us06_s1,fp32,52,3,47737377,250000000
lfp_t6plain_us06_s1,fp32,52,4,47737377,250000000
lfp_t6plain_us06_s1,fp32,52,5,47737377,250000000
lfp_t6plain_us06_s1,fp32,52,6,47737377,250000000
lfp_t6plain_us06_s1,fp32,52,7,47737377,250000000
lfp_t6plain_us06_s1,fp32,52,8,47737377,250000000
lfp_t6plain_us06_s1,fp32,52,9,47737377,250000000
lfp_t6plain_us06_s1,fp32,52,10,47737377,250000000
lfp_t6plain_us06_s1,fp32,52,11,47737377,250000000
lfp_t6plain_us06_s1,fp32,52,12,47737377,250000000
lfp_t6plain_us06_s1,fp32,52,13,47737377,250000000
lfp_t6plain_us06_s1,fp32,52,14,47737377,250000000
lfp_t6plain_us06_s1,fp32,52,15,47737377,250000000
lfp_t6plain_us06_s1,fp32,53,0,47765568,250000000
lfp_t6plain_us06_s1,fp32,53,1,47765513,250000000
lfp_t6plain_us06_s1,fp32,53,2,47765513,250000000
lfp_t6plain_us06_s1,fp32,53,3,47765513,250000000
lfp_t6plain_us06_s1,fp32,53,4,47765513,250000000
lfp_t6plain_us06_s1,fp32,53,5,47765513,250000000
lfp_t6plain_us06_s1,fp32,53,6,47765513,250000000
lfp_t6plain_us06_s1,fp32,53,7,47765513,250000000
lfp_t6plain_us06_s1,fp32,53,8,47765513,250000000
lfp_t6plain_us06_s1,fp32,53,9,47765513,250000000
lfp_t6plain_us06_s1,fp32,53,10,47765513,250000000
lfp_t6plain_us06_s1,fp32,53,11,47765513,250000000
lfp_t6plain_us06_s1,fp32,53,12,47765513,250000000
lfp_t6plain_us06_s1,fp32,53,13,47765513,250000000
lfp_t6plain_us06_s1,fp32,53,14,47765513,250000000
lfp_t6plain_us06_s1,fp32,53,15,47765513,250000000
lfp_t6plain_us06_s1,fp32,54,0,47747963,250000000
lfp_t6plain_us06_s1,fp32,54,1,47747915,250000000
lfp_t6plain_us06_s1,fp32,54,2,47747915,250000000
lfp_t6plain_us06_s1,fp32,54,3,47747915,250000000
lfp_t6plain_us06_s1,fp32,54,4,47747915,250000000
lfp_t6plain_us06_s1,fp32,54,5,47747915,250000000
lfp_t6plain_us06_s1,fp32,54,6,47747915,250000000
lfp_t6plain_us06_s1,fp32,54,7,47747915,250000000
lfp_t6plain_us06_s1,fp32,54,8,47747915,250000000
lfp_t6plain_us06_s1,fp32,54,9,47747915,250000000
lfp_t6plain_us06_s1,fp32,54,10,47747915,250000000
lfp_t6plain_us06_s1,fp32,54,11,47747915,250000000
lfp_t6plain_us06_s1,fp32,54,12,47747915,250000000
lfp_t6plain_us06_s1,fp32,54,13,47747915,250000000
lfp_t6plain_us06_s1,fp32,54,14,47747915,250000000
lfp_t6plain_us06_s1,fp32,54,15,47747915,250000000
lfp_t6plain_us06_s1,fp32,55,0,47601920,250000000
lfp_t6plain_us06_s1,fp32,55,1,47601874,250000000
lfp_t6plain_us06_s1,fp32,55,2,47601874,250000000
lfp_t6plain_us06_s1,fp32,55,3,47601874,250000000
lfp_t6plain_us06_s1,fp32,55,4,47601874,250000000
lfp_t6plain_us06_s1,fp32,55,5,47601874,250000000
lfp_t6plain_us06_s1,fp32,55,6,47601874,250000000
lfp_t6plain_us06_s1,fp32,55,7,47601874,250000000
lfp_t6plain_us06_s1,fp32,55,8,47601874,250000000
lfp_t6plain_us06_s1,fp32,55,9,47601874,250000000
lfp_t6plain_us06_s1,fp32,55,10,47601874,250000000
lfp_t6plain_us06_s1,fp32,55,11,47601874,250000000
lfp_t6plain_us06_s1,fp32,55,12,47601874,250000000
lfp_t6plain_us06_s1,fp32,55,13,47601874,250000000
lfp_t6plain_us06_s1,fp32,55,14,47601874,250000000
lfp_t6plain_us06_s1,fp32,55,15,47601874,250000000
lfp_t6plain_us06_s1,fp32,56,0,47627458,250000000
lfp_t6plain_us06_s1,fp32,56,1,47627410,250000000
lfp_t6plain_us06_s1,fp32,56,2,47627410,250000000
lfp_t6plain_us06_s1,fp32,56,3,47627410,250000000
lfp_t6plain_us06_s1,fp32,56,4,47627410,250000000
lfp_t6plain_us06_s1,fp32,56,5,47627410,250000000
lfp_t6plain_us06_s1,fp32,56,6,47627410,250000000
lfp_t6plain_us06_s1,fp32,56,7,47627410,250000000
lfp_t6plain_us06_s1,fp32,56,8,47627410,250000000
lfp_t6plain_us06_s1,fp32,56,9,47627410,250000000
lfp_t6plain_us06_s1,fp32,56,10,47627410,250000000
lfp_t6plain_us06_s1,fp32,56,11,47627410,250000000
lfp_t6plain_us06_s1,fp32,56,12,47627410,250000000
lfp_t6plain_us06_s1,fp32,56,13,47627410,250000000
lfp_t6plain_us06_s1,fp32,56,14,47627410,250000000
lfp_t6plain_us06_s1,fp32,56,15,47627410,250000000
lfp_t6plain_us06_s1,fp32,57,0,47744291,250000000
lfp_t6plain_us06_s1,fp32,57,1,47744243,250000000
lfp_t6plain_us06_s1,fp32,57,2,47744243,250000000
lfp_t6plain_us06_s1,fp32,57,3,47744243,250000000
lfp_t6plain_us06_s1,fp32,57,4,47744243,250000000
lfp_t6plain_us06_s1,fp32,57,5,47744243,250000000
lfp_t6plain_us06_s1,fp32,57,6,47744243,250000000
lfp_t6plain_us06_s1,fp32,57,7,47744243,250000000
lfp_t6plain_us06_s1,fp32,57,8,47744243,250000000
lfp_t6plain_us06_s1,fp32,57,9,47744243,250000000
lfp_t6plain_us06_s1,fp32,57,10,47744243,250000000
lfp_t6plain_us06_s1,fp32,57,11,47744243,250000000
lfp_t6plain_us06_s1,fp32,57,12,47744243,250000000
lfp_t6plain_us06_s1,fp32,57,13,47744243,250000000
lfp_t6plain_us06_s1,fp32,57,14,47744243,250000000
lfp_t6plain_us06_s1,fp32,57,15,47744243,250000000
lfp_t6plain_us06_s1,fp32,58,0,47757587,250000000
lfp_t6plain_us06_s1,fp32,58,1,47757532,250000000
lfp_t6plain_us06_s1,fp32,58,2,47757532,250000000
lfp_t6plain_us06_s1,fp32,58,3,47757532,250000000
lfp_t6plain_us06_s1,fp32,58,4,47757532,250000000
lfp_t6plain_us06_s1,fp32,58,5,47757532,250000000
lfp_t6plain_us06_s1,fp32,58,6,47757532,250000000
lfp_t6plain_us06_s1,fp32,58,7,47757532,250000000
lfp_t6plain_us06_s1,fp32,58,8,47757532,250000000
lfp_t6plain_us06_s1,fp32,58,9,47757532,250000000
lfp_t6plain_us06_s1,fp32,58,10,47757532,250000000
lfp_t6plain_us06_s1,fp32,58,11,47757532,250000000
lfp_t6plain_us06_s1,fp32,58,12,47757532,250000000
lfp_t6plain_us06_s1,fp32,58,13,47757532,250000000
lfp_t6plain_us06_s1,fp32,58,14,47757532,250000000
lfp_t6plain_us06_s1,fp32,58,15,47757532,250000000
lfp_t6plain_us06_s1,fp32,59,0,47736615,250000000
lfp_t6plain_us06_s1,fp32,59,1,47736560,250000000
lfp_t6plain_us06_s1,fp32,59,2,47736560,250000000
lfp_t6plain_us06_s1,fp32,59,3,47736560,250000000
lfp_t6plain_us06_s1,fp32,59,4,47736560,250000000
lfp_t6plain_us06_s1,fp32,59,5,47736560,250000000
lfp_t6plain_us06_s1,fp32,59,6,47736560,250000000
lfp_t6plain_us06_s1,fp32,59,7,47736560,250000000
lfp_t6plain_us06_s1,fp32,59,8,47736560,250000000
lfp_t6plain_us06_s1,fp32,59,9,47736560,250000000
lfp_t6plain_us06_s1,fp32,59,10,47736560,250000000
lfp_t6plain_us06_s1,fp32,59,11,47736560,250000000
lfp_t6plain_us06_s1,fp32,59,12,47736560,250000000
lfp_t6plain_us06_s1,fp32,59,13,47736560,250000000
lfp_t6plain_us06_s1,fp32,59,14,47736560,250000000
lfp_t6plain_us06_s1,fp32,59,15,47736560,250000000
lfp_t6plain_us06_s1,fp32,60,0,47717403,250000000
lfp_t6plain_us06_s1,fp32,60,1,47717378,250000000
lfp_t6plain_us06_s1,fp32,60,2,47717378,250000000
lfp_t6plain_us06_s1,fp32,60,3,47717378,250000000
lfp_t6plain_us06_s1,fp32,60,4,47717378,250000000
lfp_t6plain_us06_s1,fp32,60,5,47717378,250000000
lfp_t6plain_us06_s1,fp32,60,6,47717378,250000000
lfp_t6plain_us06_s1,fp32,60,7,47717378,250000000
lfp_t6plain_us06_s1,fp32,60,8,47717378,250000000
lfp_t6plain_us06_s1,fp32,60,9,47717378,250000000
lfp_t6plain_us06_s1,fp32,60,10,47717378,250000000
lfp_t6plain_us06_s1,fp32,60,11,47717378,250000000
lfp_t6plain_us06_s1,fp32,60,12,47717378,250000000
lfp_t6plain_us06_s1,fp32,60,13,47717378,250000000
lfp_t6plain_us06_s1,fp32,60,14,47717378,250000000
lfp_t6plain_us06_s1,fp32,60,15,47717378,250000000
lfp_t6plain_us06_s1,fp32,61,0,47743626,250000000
lfp_t6plain_us06_s1,fp32,61,1,47743571,250000000
lfp_t6plain_us06_s1,fp32,61,2,47743571,250000000
lfp_t6plain_us06_s1,fp32,61,3,47743571,250000000
lfp_t6plain_us06_s1,fp32,61,4,47743571,250000000
lfp_t6plain_us06_s1,fp32,61,5,47743571,250000000
lfp_t6plain_us06_s1,fp32,61,6,47743571,250000000
lfp_t6plain_us06_s1,fp32,61,7,47743571,250000000
lfp_t6plain_us06_s1,fp32,61,8,47743571,250000000
lfp_t6plain_us06_s1,fp32,61,9,47743571,250000000
lfp_t6plain_us06_s1,fp32,61,10,47743571,250000000
lfp_t6plain_us06_s1,fp32,61,11,47743571,250000000
lfp_t6plain_us06_s1,fp32,61,12,47743571,250000000
lfp_t6plain_us06_s1,fp32,61,13,47743571,250000000
lfp_t6plain_us06_s1,fp32,61,14,47743571,250000000
lfp_t6plain_us06_s1,fp32,61,15,47743571,250000000
lfp_t6plain_us06_s1,fp32,62,0,47736464,250000000
lfp_t6plain_us06_s1,fp32,62,1,47736416,250000000
lfp_t6plain_us06_s1,fp32,62,2,47736416,250000000
lfp_t6plain_us06_s1,fp32,62,3,47736416,250000000
lfp_t6plain_us06_s1,fp32,62,4,47736416,250000000
lfp_t6plain_us06_s1,fp32,62,5,47736416,250000000
lfp_t6plain_us06_s1,fp32,62,6,47736416,250000000
lfp_t6plain_us06_s1,fp32,62,7,47736416,250000000
lfp_t6plain_us06_s1,fp32,62,8,47736416,250000000
lfp_t6plain_us06_s1,fp32,62,9,47736416,250000000
lfp_t6plain_us06_s1,fp32,62,10,47736416,250000000
lfp_t6plain_us06_s1,fp32,62,11,47736416,250000000
lfp_t6plain_us06_s1,fp32,62,12,47736416,250000000
lfp_t6plain_us06_s1,fp32,62,13,47736416,250000000
lfp_t6plain_us06_s1,fp32,62,14,47736416,250000000
lfp_t6plain_us06_s1,fp32,62,15,47736416,250000000
lfp_t6plain_us06_s1,fp32,63,0,47627137,250000000
lfp_t6plain_us06_s1,fp32,63,1,47627091,250000000
lfp_t6plain_us06_s1,fp32,63,2,47627091,250000000
lfp_t6plain_us06_s1,fp32,63,3,47627091,250000000
lfp_t6plain_us06_s1,fp32,63,4,47627091,250000000
lfp_t6plain_us06_s1,fp32,63,5,47627091,250000000
lfp_t6plain_us06_s1,fp32,63,6,47627091,250000000
lfp_t6plain_us06_s1,fp32,63,7,47627091,250000000
lfp_t6plain_us06_s1,fp32,63,8,47627091,250000000
lfp_t6plain_us06_s1,fp32,63,9,47627091,250000000
lfp_t6plain_us06_s1,fp32,63,10,47627091,250000000
lfp_t6plain_us06_s1,fp32,63,11,47627091,250000000
lfp_t6plain_us06_s1,fp32,63,12,47627091,250000000
lfp_t6plain_us06_s1,fp32,63,13,47627091,250000000
lfp_t6plain_us06_s1,fp32,63,14,47627091,250000000
lfp_t6plain_us06_s1,fp32,63,15,47627091,250000000
lfp_t6plain_us06_s2,fp32,0,0,47635634,250000000
lfp_t6plain_us06_s2,fp32,0,1,47635634,250000000
lfp_t6plain_us06_s2,fp32,0,2,47635634,250000000
lfp_t6plain_us06_s2,fp32,0,3,47635634,250000000
lfp_t6plain_us06_s2,fp32,0,4,47635634,250000000
lfp_t6plain_us06_s2,fp32,0,5,47635634,250000000
lfp_t6plain_us06_s2,fp32,0,6,47635634,250000000
lfp_t6plain_us06_s2,fp32,0,7,47635634,250000000
lfp_t6plain_us06_s2,fp32,0,8,47635634,250000000
lfp_t6plain_us06_s2,fp32,0,9,47635634,250000000
lfp_t6plain_us06_s2,fp32,0,10,47635634,250000000
lfp_t6plain_us06_s2,fp32,0,11,47635634,250000000
lfp_t6plain_us06_s2,fp32,0,12,47635634,250000000
lfp_t6plain_us06_s2,fp32,0,13,47635634,250000000
lfp_t6plain_us06_s2,fp32,0,14,47635634,250000000
lfp_t6plain_us06_s2,fp32,0,15,47635634,250000000
lfp_t6plain_us06_s2,fp32,1,0,47720608,250000000
lfp_t6plain_us06_s2,fp32,1,1,47720562,250000000
lfp_t6plain_us06_s2,fp32,1,2,47720562,250000000
lfp_t6plain_us06_s2,fp32,1,3,47720562,250000000
lfp_t6plain_us06_s2,fp32,1,4,47720562,250000000
lfp_t6plain_us06_s2,fp32,1,5,47720562,250000000
lfp_t6plain_us06_s2,fp32,1,6,47720562,250000000
lfp_t6plain_us06_s2,fp32,1,7,47720562,250000000
lfp_t6plain_us06_s2,fp32,1,8,47720562,250000000
lfp_t6plain_us06_s2,fp32,1,9,47720562,250000000
lfp_t6plain_us06_s2,fp32,1,10,47720562,250000000
lfp_t6plain_us06_s2,fp32,1,11,47720562,250000000
lfp_t6plain_us06_s2,fp32,1,12,47720562,250000000
lfp_t6plain_us06_s2,fp32,1,13,47720562,250000000
lfp_t6plain_us06_s2,fp32,1,14,47720562,250000000
lfp_t6plain_us06_s2,fp32,1,15,47720562,250000000
lfp_t6plain_us06_s2,fp32,2,0,47730050,250000000
lfp_t6plain_us06_s2,fp32,2,1,47730004,250000000
lfp_t6plain_us06_s2,fp32,2,2,47730004,250000000
lfp_t6plain_us06_s2,fp32,2,3,47730004,250000000
lfp_t6plain_us06_s2,fp32,2,4,47730004,250000000
lfp_t6plain_us06_s2,fp32,2,5,47730004,250000000
lfp_t6plain_us06_s2,fp32,2,6,47730004,250000000
lfp_t6plain_us06_s2,fp32,2,7,47730004,250000000
lfp_t6plain_us06_s2,fp32,2,8,47730004,250000000
lfp_t6plain_us06_s2,fp32,2,9,47730004,250000000
lfp_t6plain_us06_s2,fp32,2,10,47730004,250000000
lfp_t6plain_us06_s2,fp32,2,11,47730004,250000000
lfp_t6plain_us06_s2,fp32,2,12,47730004,250000000
lfp_t6plain_us06_s2,fp32,2,13,47730004,250000000
lfp_t6plain_us06_s2,fp32,2,14,47730004,250000000
lfp_t6plain_us06_s2,fp32,2,15,47730004,250000000
lfp_t6plain_us06_s2,fp32,3,0,47732492,250000000
lfp_t6plain_us06_s2,fp32,3,1,47732439,250000000
lfp_t6plain_us06_s2,fp32,3,2,47732439,250000000
lfp_t6plain_us06_s2,fp32,3,3,47732439,250000000
lfp_t6plain_us06_s2,fp32,3,4,47732439,250000000
lfp_t6plain_us06_s2,fp32,3,5,47732439,250000000
lfp_t6plain_us06_s2,fp32,3,6,47732439,250000000
lfp_t6plain_us06_s2,fp32,3,7,47732439,250000000
lfp_t6plain_us06_s2,fp32,3,8,47732439,250000000
lfp_t6plain_us06_s2,fp32,3,9,47732439,250000000
lfp_t6plain_us06_s2,fp32,3,10,47732439,250000000
lfp_t6plain_us06_s2,fp32,3,11,47732439,250000000
lfp_t6plain_us06_s2,fp32,3,12,47732439,250000000
lfp_t6plain_us06_s2,fp32,3,13,47732439,250000000
lfp_t6plain_us06_s2,fp32,3,14,47732439,250000000
lfp_t6plain_us06_s2,fp32,3,15,47732439,250000000
lfp_t6plain_us06_s2,fp32,4,0,47685370,250000000
lfp_t6plain_us06_s2,fp32,4,1,47685347,250000000
lfp_t6plain_us06_s2,fp32,4,2,47685347,250000000
lfp_t6plain_us06_s2,fp32,4,3,47685347,250000000
lfp_t6plain_us06_s2,fp32,4,4,47685347,250000000
lfp_t6plain_us06_s2,fp32,4,5,47685347,250000000
lfp_t6plain_us06_s2,fp32,4,6,47685347,250000000
lfp_t6plain_us06_s2,fp32,4,7,47685347,250000000
lfp_t6plain_us06_s2,fp32,4,8,47685347,250000000
lfp_t6plain_us06_s2,fp32,4,9,47685347,250000000
lfp_t6plain_us06_s2,fp32,4,10,47685347,250000000
lfp_t6plain_us06_s2,fp32,4,11,47685347,250000000
lfp_t6plain_us06_s2,fp32,4,12,47685347,250000000
lfp_t6plain_us06_s2,fp32,4,13,47685347,250000000
lfp_t6plain_us06_s2,fp32,4,14,47685347,250000000
lfp_t6plain_us06_s2,fp32,4,15,47685347,250000000
lfp_t6plain_us06_s2,fp32,5,0,47685870,250000000
lfp_t6plain_us06_s2,fp32,5,1,47685847,250000000
lfp_t6plain_us06_s2,fp32,5,2,47685847,250000000
lfp_t6plain_us06_s2,fp32,5,3,47685847,250000000
lfp_t6plain_us06_s2,fp32,5,4,47685847,250000000
lfp_t6plain_us06_s2,fp32,5,5,47685847,250000000
lfp_t6plain_us06_s2,fp32,5,6,47685847,250000000
lfp_t6plain_us06_s2,fp32,5,7,47685847,250000000
lfp_t6plain_us06_s2,fp32,5,8,47685847,250000000
lfp_t6plain_us06_s2,fp32,5,9,47685847,250000000
lfp_t6plain_us06_s2,fp32,5,10,47685847,250000000
lfp_t6plain_us06_s2,fp32,5,11,47685847,250000000
lfp_t6plain_us06_s2,fp32,5,12,47685847,250000000
lfp_t6plain_us06_s2,fp32,5,13,47685847,250000000
lfp_t6plain_us06_s2,fp32,5,14,47685847,250000000
lfp_t6plain_us06_s2,fp32,5,15,47685847,250000000
lfp_t6plain_us06_s2,fp32,6,0,47690351,250000000
lfp_t6plain_us06_s2,fp32,6,1,47690298,250000000
lfp_t6plain_us06_s2,fp32,6,2,47690298,250000000
lfp_t6plain_us06_s2,fp32,6,3,47690298,250000000
lfp_t6plain_us06_s2,fp32,6,4,47690298,250000000
lfp_t6plain_us06_s2,fp32,6,5,47690298,250000000
lfp_t6plain_us06_s2,fp32,6,6,47690298,250000000
lfp_t6plain_us06_s2,fp32,6,7,47690298,250000000
lfp_t6plain_us06_s2,fp32,6,8,47690298,250000000
lfp_t6plain_us06_s2,fp32,6,9,47690298,250000000
lfp_t6plain_us06_s2,fp32,6,10,47690298,250000000
lfp_t6plain_us06_s2,fp32,6,11,47690298,250000000
lfp_t6plain_us06_s2,fp32,6,12,47690298,250000000
lfp_t6plain_us06_s2,fp32,6,13,47690298,250000000
lfp_t6plain_us06_s2,fp32,6,14,47690298,250000000
lfp_t6plain_us06_s2,fp32,6,15,47690298,250000000
lfp_t6plain_us06_s2,fp32,7,0,47659071,250000000
lfp_t6plain_us06_s2,fp32,7,1,47659018,250000000
lfp_t6plain_us06_s2,fp32,7,2,47659018,250000000
lfp_t6plain_us06_s2,fp32,7,3,47659018,250000000
lfp_t6plain_us06_s2,fp32,7,4,47659018,250000000
lfp_t6plain_us06_s2,fp32,7,5,47659018,250000000
lfp_t6plain_us06_s2,fp32,7,6,47659018,250000000
lfp_t6plain_us06_s2,fp32,7,7,47659018,250000000
lfp_t6plain_us06_s2,fp32,7,8,47659018,250000000
lfp_t6plain_us06_s2,fp32,7,9,47659018,250000000
lfp_t6plain_us06_s2,fp32,7,10,47659018,250000000
lfp_t6plain_us06_s2,fp32,7,11,47659018,250000000
lfp_t6plain_us06_s2,fp32,7,12,47659018,250000000
lfp_t6plain_us06_s2,fp32,7,13,47659018,250000000
lfp_t6plain_us06_s2,fp32,7,14,47659018,250000000
lfp_t6plain_us06_s2,fp32,7,15,47659018,250000000
lfp_t6plain_us06_s2,fp32,8,0,47637260,250000000
lfp_t6plain_us06_s2,fp32,8,1,47637214,250000000
lfp_t6plain_us06_s2,fp32,8,2,47637214,250000000
lfp_t6plain_us06_s2,fp32,8,3,47637214,250000000
lfp_t6plain_us06_s2,fp32,8,4,47637214,250000000
lfp_t6plain_us06_s2,fp32,8,5,47637214,250000000
lfp_t6plain_us06_s2,fp32,8,6,47637214,250000000
lfp_t6plain_us06_s2,fp32,8,7,47637214,250000000
lfp_t6plain_us06_s2,fp32,8,8,47637214,250000000
lfp_t6plain_us06_s2,fp32,8,9,47637214,250000000
lfp_t6plain_us06_s2,fp32,8,10,47637214,250000000
lfp_t6plain_us06_s2,fp32,8,11,47637214,250000000
lfp_t6plain_us06_s2,fp32,8,12,47637214,250000000
lfp_t6plain_us06_s2,fp32,8,13,47637214,250000000
lfp_t6plain_us06_s2,fp32,8,14,47637214,250000000
lfp_t6plain_us06_s2,fp32,8,15,47637214,250000000
lfp_t6plain_us06_s2,fp32,9,0,47744873,250000000
lfp_t6plain_us06_s2,fp32,9,1,47744827,250000000
lfp_t6plain_us06_s2,fp32,9,2,47744827,250000000
lfp_t6plain_us06_s2,fp32,9,3,47744827,250000000
lfp_t6plain_us06_s2,fp32,9,4,47744827,250000000
lfp_t6plain_us06_s2,fp32,9,5,47744827,250000000
lfp_t6plain_us06_s2,fp32,9,6,47744827,250000000
lfp_t6plain_us06_s2,fp32,9,7,47744827,250000000
lfp_t6plain_us06_s2,fp32,9,8,47744827,250000000
lfp_t6plain_us06_s2,fp32,9,9,47744827,250000000
lfp_t6plain_us06_s2,fp32,9,10,47744827,250000000
lfp_t6plain_us06_s2,fp32,9,11,47744827,250000000
lfp_t6plain_us06_s2,fp32,9,12,47744827,250000000
lfp_t6plain_us06_s2,fp32,9,13,47744827,250000000
lfp_t6plain_us06_s2,fp32,9,14,47744827,250000000
lfp_t6plain_us06_s2,fp32,9,15,47744827,250000000
lfp_t6plain_us06_s2,fp32,10,0,47752351,250000000
lfp_t6plain_us06_s2,fp32,10,1,47752298,250000000
lfp_t6plain_us06_s2,fp32,10,2,47752298,250000000
lfp_t6plain_us06_s2,fp32,10,3,47752298,250000000
lfp_t6plain_us06_s2,fp32,10,4,47752298,250000000
lfp_t6plain_us06_s2,fp32,10,5,47752298,250000000
lfp_t6plain_us06_s2,fp32,10,6,47752298,250000000
lfp_t6plain_us06_s2,fp32,10,7,47752298,250000000
lfp_t6plain_us06_s2,fp32,10,8,47752298,250000000
lfp_t6plain_us06_s2,fp32,10,9,47752298,250000000
lfp_t6plain_us06_s2,fp32,10,10,47752298,250000000
lfp_t6plain_us06_s2,fp32,10,11,47752298,250000000
lfp_t6plain_us06_s2,fp32,10,12,47752298,250000000
lfp_t6plain_us06_s2,fp32,10,13,47752298,250000000
lfp_t6plain_us06_s2,fp32,10,14,47752298,250000000
lfp_t6plain_us06_s2,fp32,10,15,47752298,250000000
lfp_t6plain_us06_s2,fp32,11,0,47736963,250000000
lfp_t6plain_us06_s2,fp32,11,1,47736910,250000000
lfp_t6plain_us06_s2,fp32,11,2,47736910,250000000
lfp_t6plain_us06_s2,fp32,11,3,47736910,250000000
lfp_t6plain_us06_s2,fp32,11,4,47736910,250000000
lfp_t6plain_us06_s2,fp32,11,5,47736910,250000000
lfp_t6plain_us06_s2,fp32,11,6,47736910,250000000
lfp_t6plain_us06_s2,fp32,11,7,47736910,250000000
lfp_t6plain_us06_s2,fp32,11,8,47736910,250000000
lfp_t6plain_us06_s2,fp32,11,9,47736910,250000000
lfp_t6plain_us06_s2,fp32,11,10,47736910,250000000
lfp_t6plain_us06_s2,fp32,11,11,47736910,250000000
lfp_t6plain_us06_s2,fp32,11,12,47736910,250000000
lfp_t6plain_us06_s2,fp32,11,13,47736910,250000000
lfp_t6plain_us06_s2,fp32,11,14,47736910,250000000
lfp_t6plain_us06_s2,fp32,11,15,47736910,250000000
lfp_t6plain_us06_s2,fp32,12,0,47685477,250000000
lfp_t6plain_us06_s2,fp32,12,1,47685452,250000000
lfp_t6plain_us06_s2,fp32,12,2,47685452,250000000
lfp_t6plain_us06_s2,fp32,12,3,47685452,250000000
lfp_t6plain_us06_s2,fp32,12,4,47685452,250000000
lfp_t6plain_us06_s2,fp32,12,5,47685452,250000000
lfp_t6plain_us06_s2,fp32,12,6,47685452,250000000
lfp_t6plain_us06_s2,fp32,12,7,47685452,250000000
lfp_t6plain_us06_s2,fp32,12,8,47685452,250000000
lfp_t6plain_us06_s2,fp32,12,9,47685452,250000000
lfp_t6plain_us06_s2,fp32,12,10,47685452,250000000
lfp_t6plain_us06_s2,fp32,12,11,47685452,250000000
lfp_t6plain_us06_s2,fp32,12,12,47685452,250000000
lfp_t6plain_us06_s2,fp32,12,13,47685452,250000000
lfp_t6plain_us06_s2,fp32,12,14,47685452,250000000
lfp_t6plain_us06_s2,fp32,12,15,47685452,250000000
lfp_t6plain_us06_s2,fp32,13,0,47692028,250000000
lfp_t6plain_us06_s2,fp32,13,1,47691973,250000000
lfp_t6plain_us06_s2,fp32,13,2,47691973,250000000
lfp_t6plain_us06_s2,fp32,13,3,47691973,250000000
lfp_t6plain_us06_s2,fp32,13,4,47691973,250000000
lfp_t6plain_us06_s2,fp32,13,5,47691973,250000000
lfp_t6plain_us06_s2,fp32,13,6,47691973,250000000
lfp_t6plain_us06_s2,fp32,13,7,47691973,250000000
lfp_t6plain_us06_s2,fp32,13,8,47691973,250000000
lfp_t6plain_us06_s2,fp32,13,9,47691973,250000000
lfp_t6plain_us06_s2,fp32,13,10,47691973,250000000
lfp_t6plain_us06_s2,fp32,13,11,47691973,250000000
lfp_t6plain_us06_s2,fp32,13,12,47691973,250000000
lfp_t6plain_us06_s2,fp32,13,13,47691973,250000000
lfp_t6plain_us06_s2,fp32,13,14,47691973,250000000
lfp_t6plain_us06_s2,fp32,13,15,47691973,250000000
lfp_t6plain_us06_s2,fp32,14,0,47669724,250000000
lfp_t6plain_us06_s2,fp32,14,1,47669669,250000000
lfp_t6plain_us06_s2,fp32,14,2,47669669,250000000
lfp_t6plain_us06_s2,fp32,14,3,47669669,250000000
lfp_t6plain_us06_s2,fp32,14,4,47669669,250000000
lfp_t6plain_us06_s2,fp32,14,5,47669669,250000000
lfp_t6plain_us06_s2,fp32,14,6,47669669,250000000
lfp_t6plain_us06_s2,fp32,14,7,47669669,250000000
lfp_t6plain_us06_s2,fp32,14,8,47669669,250000000
lfp_t6plain_us06_s2,fp32,14,9,47669669,250000000
lfp_t6plain_us06_s2,fp32,14,10,47669669,250000000
lfp_t6plain_us06_s2,fp32,14,11,47669669,250000000
lfp_t6plain_us06_s2,fp32,14,12,47669669,250000000
lfp_t6plain_us06_s2,fp32,14,13,47669669,250000000
lfp_t6plain_us06_s2,fp32,14,14,47669669,250000000
lfp_t6plain_us06_s2,fp32,14,15,47669669,250000000
lfp_t6plain_us06_s2,fp32,15,0,47593161,250000000
lfp_t6plain_us06_s2,fp32,15,1,47593115,250000000
lfp_t6plain_us06_s2,fp32,15,2,47593115,250000000
lfp_t6plain_us06_s2,fp32,15,3,47593115,250000000
lfp_t6plain_us06_s2,fp32,15,4,47593115,250000000
lfp_t6plain_us06_s2,fp32,15,5,47593115,250000000
lfp_t6plain_us06_s2,fp32,15,6,47593115,250000000
lfp_t6plain_us06_s2,fp32,15,7,47593115,250000000
lfp_t6plain_us06_s2,fp32,15,8,47593115,250000000
lfp_t6plain_us06_s2,fp32,15,9,47593115,250000000
lfp_t6plain_us06_s2,fp32,15,10,47593115,250000000
lfp_t6plain_us06_s2,fp32,15,11,47593115,250000000
lfp_t6plain_us06_s2,fp32,15,12,47593115,250000000
lfp_t6plain_us06_s2,fp32,15,13,47593115,250000000
lfp_t6plain_us06_s2,fp32,15,14,47593115,250000000
lfp_t6plain_us06_s2,fp32,15,15,47593115,250000000
lfp_t6plain_us06_s2,fp32,16,0,47634364,250000000
lfp_t6plain_us06_s2,fp32,16,1,47634318,250000000
lfp_t6plain_us06_s2,fp32,16,2,47634318,250000000
lfp_t6plain_us06_s2,fp32,16,3,47634318,250000000
lfp_t6plain_us06_s2,fp32,16,4,47634318,250000000
lfp_t6plain_us06_s2,fp32,16,5,47634318,250000000
lfp_t6plain_us06_s2,fp32,16,6,47634318,250000000
lfp_t6plain_us06_s2,fp32,16,7,47634318,250000000
lfp_t6plain_us06_s2,fp32,16,8,47634318,250000000
lfp_t6plain_us06_s2,fp32,16,9,47634318,250000000
lfp_t6plain_us06_s2,fp32,16,10,47634318,250000000
lfp_t6plain_us06_s2,fp32,16,11,47634318,250000000
lfp_t6plain_us06_s2,fp32,16,12,47634318,250000000
lfp_t6plain_us06_s2,fp32,16,13,47634318,250000000
lfp_t6plain_us06_s2,fp32,16,14,47634318,250000000
lfp_t6plain_us06_s2,fp32,16,15,47634318,250000000
lfp_t6plain_us06_s2,fp32,17,0,47758735,250000000
lfp_t6plain_us06_s2,fp32,17,1,47758689,250000000
lfp_t6plain_us06_s2,fp32,17,2,47758689,250000000
lfp_t6plain_us06_s2,fp32,17,3,47758689,250000000
lfp_t6plain_us06_s2,fp32,17,4,47758689,250000000
lfp_t6plain_us06_s2,fp32,17,5,47758689,250000000
lfp_t6plain_us06_s2,fp32,17,6,47758689,250000000
lfp_t6plain_us06_s2,fp32,17,7,47758689,250000000
lfp_t6plain_us06_s2,fp32,17,8,47758689,250000000
lfp_t6plain_us06_s2,fp32,17,9,47758689,250000000
lfp_t6plain_us06_s2,fp32,17,10,47758689,250000000
lfp_t6plain_us06_s2,fp32,17,11,47758689,250000000
lfp_t6plain_us06_s2,fp32,17,12,47758689,250000000
lfp_t6plain_us06_s2,fp32,17,13,47758689,250000000
lfp_t6plain_us06_s2,fp32,17,14,47758689,250000000
lfp_t6plain_us06_s2,fp32,17,15,47758689,250000000
lfp_t6plain_us06_s2,fp32,18,0,47800998,250000000
lfp_t6plain_us06_s2,fp32,18,1,47800943,250000000
lfp_t6plain_us06_s2,fp32,18,2,47800943,250000000
lfp_t6plain_us06_s2,fp32,18,3,47800943,250000000
lfp_t6plain_us06_s2,fp32,18,4,47800943,250000000
lfp_t6plain_us06_s2,fp32,18,5,47800943,250000000
lfp_t6plain_us06_s2,fp32,18,6,47800943,250000000
lfp_t6plain_us06_s2,fp32,18,7,47800943,250000000
lfp_t6plain_us06_s2,fp32,18,8,47800943,250000000
lfp_t6plain_us06_s2,fp32,18,9,47800943,250000000
lfp_t6plain_us06_s2,fp32,18,10,47800943,250000000
lfp_t6plain_us06_s2,fp32,18,11,47800943,250000000
lfp_t6plain_us06_s2,fp32,18,12,47800943,250000000
lfp_t6plain_us06_s2,fp32,18,13,47800943,250000000
lfp_t6plain_us06_s2,fp32,18,14,47800943,250000000
lfp_t6plain_us06_s2,fp32,18,15,47800943,250000000
lfp_t6plain_us06_s2,fp32,19,0,47743345,250000000
lfp_t6plain_us06_s2,fp32,19,1,47743290,250000000
lfp_t6plain_us06_s2,fp32,19,2,47743290,250000000
lfp_t6plain_us06_s2,fp32,19,3,47743290,250000000
lfp_t6plain_us06_s2,fp32,19,4,47743290,250000000
lfp_t6plain_us06_s2,fp32,19,5,47743290,250000000
lfp_t6plain_us06_s2,fp32,19,6,47743290,250000000
lfp_t6plain_us06_s2,fp32,19,7,47743290,250000000
lfp_t6plain_us06_s2,fp32,19,8,47743290,250000000
lfp_t6plain_us06_s2,fp32,19,9,47743290,250000000
lfp_t6plain_us06_s2,fp32,19,10,47743290,250000000
lfp_t6plain_us06_s2,fp32,19,11,47743290,250000000
lfp_t6plain_us06_s2,fp32,19,12,47743290,250000000
lfp_t6plain_us06_s2,fp32,19,13,47743290,250000000
lfp_t6plain_us06_s2,fp32,19,14,47743290,250000000
lfp_t6plain_us06_s2,fp32,19,15,47743290,250000000
lfp_t6plain_us06_s2,fp32,20,0,47737601,250000000
lfp_t6plain_us06_s2,fp32,20,1,47737576,250000000
lfp_t6plain_us06_s2,fp32,20,2,47737576,250000000
lfp_t6plain_us06_s2,fp32,20,3,47737576,250000000
lfp_t6plain_us06_s2,fp32,20,4,47737576,250000000
lfp_t6plain_us06_s2,fp32,20,5,47737576,250000000
lfp_t6plain_us06_s2,fp32,20,6,47737576,250000000
lfp_t6plain_us06_s2,fp32,20,7,47737576,250000000
lfp_t6plain_us06_s2,fp32,20,8,47737576,250000000
lfp_t6plain_us06_s2,fp32,20,9,47737576,250000000
lfp_t6plain_us06_s2,fp32,20,10,47737576,250000000
lfp_t6plain_us06_s2,fp32,20,11,47737576,250000000
lfp_t6plain_us06_s2,fp32,20,12,47737576,250000000
lfp_t6plain_us06_s2,fp32,20,13,47737576,250000000
lfp_t6plain_us06_s2,fp32,20,14,47737576,250000000
lfp_t6plain_us06_s2,fp32,20,15,47737576,250000000
lfp_t6plain_us06_s2,fp32,21,0,47719024,250000000
lfp_t6plain_us06_s2,fp32,21,1,47718969,250000000
lfp_t6plain_us06_s2,fp32,21,2,47718969,250000000
lfp_t6plain_us06_s2,fp32,21,3,47718969,250000000
lfp_t6plain_us06_s2,fp32,21,4,47718969,250000000
lfp_t6plain_us06_s2,fp32,21,5,47718969,250000000
lfp_t6plain_us06_s2,fp32,21,6,47718969,250000000
lfp_t6plain_us06_s2,fp32,21,7,47718969,250000000
lfp_t6plain_us06_s2,fp32,21,8,47718969,250000000
lfp_t6plain_us06_s2,fp32,21,9,47718969,250000000
lfp_t6plain_us06_s2,fp32,21,10,47718969,250000000
lfp_t6plain_us06_s2,fp32,21,11,47718969,250000000
lfp_t6plain_us06_s2,fp32,21,12,47718969,250000000
lfp_t6plain_us06_s2,fp32,21,13,47718969,250000000
lfp_t6plain_us06_s2,fp32,21,14,47718969,250000000
lfp_t6plain_us06_s2,fp32,21,15,47718969,250000000
lfp_t6plain_us06_s2,fp32,22,0,47689755,250000000
lfp_t6plain_us06_s2,fp32,22,1,47689707,250000000
lfp_t6plain_us06_s2,fp32,22,2,47689707,250000000
lfp_t6plain_us06_s2,fp32,22,3,47689707,250000000
lfp_t6plain_us06_s2,fp32,22,4,47689707,250000000
lfp_t6plain_us06_s2,fp32,22,5,47689707,250000000
lfp_t6plain_us06_s2,fp32,22,6,47689707,250000000
lfp_t6plain_us06_s2,fp32,22,7,47689707,250000000
lfp_t6plain_us06_s2,fp32,22,8,47689707,250000000
lfp_t6plain_us06_s2,fp32,22,9,47689707,250000000
lfp_t6plain_us06_s2,fp32,22,10,47689707,250000000
lfp_t6plain_us06_s2,fp32,22,11,47689707,250000000
lfp_t6plain_us06_s2,fp32,22,12,47689707,250000000
lfp_t6plain_us06_s2,fp32,22,13,47689707,250000000
lfp_t6plain_us06_s2,fp32,22,14,47689707,250000000
lfp_t6plain_us06_s2,fp32,22,15,47689707,250000000
lfp_t6plain_us06_s2,fp32,23,0,47567057,250000000
lfp_t6plain_us06_s2,fp32,23,1,47567011,250000000
lfp_t6plain_us06_s2,fp32,23,2,47567011,250000000
lfp_t6plain_us06_s2,fp32,23,3,47567011,250000000
lfp_t6plain_us06_s2,fp32,23,4,47567011,250000000
lfp_t6plain_us06_s2,fp32,23,5,47567011,250000000
lfp_t6plain_us06_s2,fp32,23,6,47567011,250000000
lfp_t6plain_us06_s2,fp32,23,7,47567011,250000000
lfp_t6plain_us06_s2,fp32,23,8,47567011,250000000
lfp_t6plain_us06_s2,fp32,23,9,47567011,250000000
lfp_t6plain_us06_s2,fp32,23,10,47567011,250000000
lfp_t6plain_us06_s2,fp32,23,11,47567011,250000000
lfp_t6plain_us06_s2,fp32,23,12,47567011,250000000
lfp_t6plain_us06_s2,fp32,23,13,47567011,250000000
lfp_t6plain_us06_s2,fp32,23,14,47567011,250000000
lfp_t6plain_us06_s2,fp32,23,15,47567011,250000000
lfp_t6plain_us06_s2,fp32,24,0,47632006,250000000
lfp_t6plain_us06_s2,fp32,24,1,47631960,250000000
lfp_t6plain_us06_s2,fp32,24,2,47631960,250000000
lfp_t6plain_us06_s2,fp32,24,3,47631960,250000000
lfp_t6plain_us06_s2,fp32,24,4,47631960,250000000
lfp_t6plain_us06_s2,fp32,24,5,47631960,250000000
lfp_t6plain_us06_s2,fp32,24,6,47631960,250000000
lfp_t6plain_us06_s2,fp32,24,7,47631960,250000000
lfp_t6plain_us06_s2,fp32,24,8,47631960,250000000
lfp_t6plain_us06_s2,fp32,24,9,47631960,250000000
lfp_t6plain_us06_s2,fp32,24,10,47631960,250000000
lfp_t6plain_us06_s2,fp32,24,11,47631960,250000000
lfp_t6plain_us06_s2,fp32,24,12,47631960,250000000
lfp_t6plain_us06_s2,fp32,24,13,47631960,250000000
lfp_t6plain_us06_s2,fp32,24,14,47631960,250000000
lfp_t6plain_us06_s2,fp32,24,15,47631960,250000000
lfp_t6plain_us06_s2,fp32,25,0,47742431,250000000
lfp_t6plain_us06_s2,fp32,25,1,47742383,250000000
lfp_t6plain_us06_s2,fp32,25,2,47742383,250000000
lfp_t6plain_us06_s2,fp32,25,3,47742383,250000000
lfp_t6plain_us06_s2,fp32,25,4,47742383,250000000
lfp_t6plain_us06_s2,fp32,25,5,47742383,250000000
lfp_t6plain_us06_s2,fp32,25,6,47742383,250000000
lfp_t6plain_us06_s2,fp32,25,7,47742383,250000000
lfp_t6plain_us06_s2,fp32,25,8,47742383,250000000
lfp_t6plain_us06_s2,fp32,25,9,47742383,250000000
lfp_t6plain_us06_s2,fp32,25,10,47742383,250000000
lfp_t6plain_us06_s2,fp32,25,11,47742383,250000000
lfp_t6plain_us06_s2,fp32,25,12,47742383,250000000
lfp_t6plain_us06_s2,fp32,25,13,47742383,250000000
lfp_t6plain_us06_s2,fp32,25,14,47742383,250000000
lfp_t6plain_us06_s2,fp32,25,15,47742383,250000000
lfp_t6plain_us06_s2,fp32,26,0,47806192,250000000
lfp_t6plain_us06_s2,fp32,26,1,47806137,250000000
lfp_t6plain_us06_s2,fp32,26,2,47806137,250000000
lfp_t6plain_us06_s2,fp32,26,3,47806137,250000000
lfp_t6plain_us06_s2,fp32,26,4,47806137,250000000
lfp_t6plain_us06_s2,fp32,26,5,47806137,250000000
lfp_t6plain_us06_s2,fp32,26,6,47806137,250000000
lfp_t6plain_us06_s2,fp32,26,7,47806137,250000000
lfp_t6plain_us06_s2,fp32,26,8,47806137,250000000
lfp_t6plain_us06_s2,fp32,26,9,47806137,250000000
lfp_t6plain_us06_s2,fp32,26,10,47806137,250000000
lfp_t6plain_us06_s2,fp32,26,11,47806137,250000000
lfp_t6plain_us06_s2,fp32,26,12,47806137,250000000
lfp_t6plain_us06_s2,fp32,26,13,47806137,250000000
lfp_t6plain_us06_s2,fp32,26,14,47806137,250000000
lfp_t6plain_us06_s2,fp32,26,15,47806137,250000000
lfp_t6plain_us06_s2,fp32,27,0,47745536,250000000
lfp_t6plain_us06_s2,fp32,27,1,47745481,250000000
lfp_t6plain_us06_s2,fp32,27,2,47745481,250000000
lfp_t6plain_us06_s2,fp32,27,3,47745481,250000000
lfp_t6plain_us06_s2,fp32,27,4,47745481,250000000
lfp_t6plain_us06_s2,fp32,27,5,47745481,250000000
lfp_t6plain_us06_s2,fp32,27,6,47745481,250000000
lfp_t6plain_us06_s2,fp32,27,7,47745481,250000000
lfp_t6plain_us06_s2,fp32,27,8,47745481,250000000
lfp_t6plain_us06_s2,fp32,27,9,47745481,250000000
lfp_t6plain_us06_s2,fp32,27,10,47745481,250000000
lfp_t6plain_us06_s2,fp32,27,11,47745481,250000000
lfp_t6plain_us06_s2,fp32,27,12,47745481,250000000
lfp_t6plain_us06_s2,fp32,27,13,47745481,250000000
lfp_t6plain_us06_s2,fp32,27,14,47745481,250000000
lfp_t6plain_us06_s2,fp32,27,15,47745481,250000000
lfp_t6plain_us06_s2,fp32,28,0,47748909,250000000
lfp_t6plain_us06_s2,fp32,28,1,47748884,250000000
lfp_t6plain_us06_s2,fp32,28,2,47748884,250000000
lfp_t6plain_us06_s2,fp32,28,3,47748884,250000000
lfp_t6plain_us06_s2,fp32,28,4,47748884,250000000
lfp_t6plain_us06_s2,fp32,28,5,47748884,250000000
lfp_t6plain_us06_s2,fp32,28,6,47748884,250000000
lfp_t6plain_us06_s2,fp32,28,7,47748884,250000000
lfp_t6plain_us06_s2,fp32,28,8,47748884,250000000
lfp_t6plain_us06_s2,fp32,28,9,47748884,250000000
lfp_t6plain_us06_s2,fp32,28,10,47748884,250000000
lfp_t6plain_us06_s2,fp32,28,11,47748884,250000000
lfp_t6plain_us06_s2,fp32,28,12,47748884,250000000
lfp_t6plain_us06_s2,fp32,28,13,47748884,250000000
lfp_t6plain_us06_s2,fp32,28,14,47748884,250000000
lfp_t6plain_us06_s2,fp32,28,15,47748884,250000000
lfp_t6plain_us06_s2,fp32,29,0,47765219,250000000
lfp_t6plain_us06_s2,fp32,29,1,47765164,250000000
lfp_t6plain_us06_s2,fp32,29,2,47765164,250000000
lfp_t6plain_us06_s2,fp32,29,3,47765164,250000000
lfp_t6plain_us06_s2,fp32,29,4,47765164,250000000
lfp_t6plain_us06_s2,fp32,29,5,47765164,250000000
lfp_t6plain_us06_s2,fp32,29,6,47765164,250000000
lfp_t6plain_us06_s2,fp32,29,7,47765164,250000000
lfp_t6plain_us06_s2,fp32,29,8,47765164,250000000
lfp_t6plain_us06_s2,fp32,29,9,47765164,250000000
lfp_t6plain_us06_s2,fp32,29,10,47765164,250000000
lfp_t6plain_us06_s2,fp32,29,11,47765164,250000000
lfp_t6plain_us06_s2,fp32,29,12,47765164,250000000
lfp_t6plain_us06_s2,fp32,29,13,47765164,250000000
lfp_t6plain_us06_s2,fp32,29,14,47765164,250000000
lfp_t6plain_us06_s2,fp32,29,15,47765164,250000000
lfp_t6plain_us06_s2,fp32,30,0,47735155,250000000
lfp_t6plain_us06_s2,fp32,30,1,47735107,250000000
lfp_t6plain_us06_s2,fp32,30,2,47735107,250000000
lfp_t6plain_us06_s2,fp32,30,3,47735107,250000000
lfp_t6plain_us06_s2,fp32,30,4,47735107,250000000
lfp_t6plain_us06_s2,fp32,30,5,47735107,250000000
lfp_t6plain_us06_s2,fp32,30,6,47735107,250000000
lfp_t6plain_us06_s2,fp32,30,7,47735107,250000000
lfp_t6plain_us06_s2,fp32,30,8,47735107,250000000
lfp_t6plain_us06_s2,fp32,30,9,47735107,250000000
lfp_t6plain_us06_s2,fp32,30,10,47735107,250000000
lfp_t6plain_us06_s2,fp32,30,11,47735107,250000000
lfp_t6plain_us06_s2,fp32,30,12,47735107,250000000
lfp_t6plain_us06_s2,fp32,30,13,47735107,250000000
lfp_t6plain_us06_s2,fp32,30,14,47735107,250000000
lfp_t6plain_us06_s2,fp32,30,15,47735107,250000000
lfp_t6plain_us06_s2,fp32,31,0,47603908,250000000
lfp_t6plain_us06_s2,fp32,31,1,47603862,250000000
lfp_t6plain_us06_s2,fp32,31,2,47603862,250000000
lfp_t6plain_us06_s2,fp32,31,3,47603862,250000000
lfp_t6plain_us06_s2,fp32,31,4,47603862,250000000
lfp_t6plain_us06_s2,fp32,31,5,47603862,250000000
lfp_t6plain_us06_s2,fp32,31,6,47603862,250000000
lfp_t6plain_us06_s2,fp32,31,7,47603862,250000000
lfp_t6plain_us06_s2,fp32,31,8,47603862,250000000
lfp_t6plain_us06_s2,fp32,31,9,47603862,250000000
lfp_t6plain_us06_s2,fp32,31,10,47603862,250000000
lfp_t6plain_us06_s2,fp32,31,11,47603862,250000000
lfp_t6plain_us06_s2,fp32,31,12,47603862,250000000
lfp_t6plain_us06_s2,fp32,31,13,47603862,250000000
lfp_t6plain_us06_s2,fp32,31,14,47603862,250000000
lfp_t6plain_us06_s2,fp32,31,15,47603862,250000000
lfp_t6plain_us06_s2,fp32,32,0,47630215,250000000
lfp_t6plain_us06_s2,fp32,32,1,47630169,250000000
lfp_t6plain_us06_s2,fp32,32,2,47630169,250000000
lfp_t6plain_us06_s2,fp32,32,3,47630169,250000000
lfp_t6plain_us06_s2,fp32,32,4,47630169,250000000
lfp_t6plain_us06_s2,fp32,32,5,47630169,250000000
lfp_t6plain_us06_s2,fp32,32,6,47630169,250000000
lfp_t6plain_us06_s2,fp32,32,7,47630169,250000000
lfp_t6plain_us06_s2,fp32,32,8,47630169,250000000
lfp_t6plain_us06_s2,fp32,32,9,47630169,250000000
lfp_t6plain_us06_s2,fp32,32,10,47630169,250000000
lfp_t6plain_us06_s2,fp32,32,11,47630169,250000000
lfp_t6plain_us06_s2,fp32,32,12,47630169,250000000
lfp_t6plain_us06_s2,fp32,32,13,47630169,250000000
lfp_t6plain_us06_s2,fp32,32,14,47630169,250000000
lfp_t6plain_us06_s2,fp32,32,15,47630169,250000000
lfp_t6plain_us06_s2,fp32,33,0,47739421,250000000
lfp_t6plain_us06_s2,fp32,33,1,47739373,250000000
lfp_t6plain_us06_s2,fp32,33,2,47739373,250000000
lfp_t6plain_us06_s2,fp32,33,3,47739373,250000000
lfp_t6plain_us06_s2,fp32,33,4,47739373,250000000
lfp_t6plain_us06_s2,fp32,33,5,47739373,250000000
lfp_t6plain_us06_s2,fp32,33,6,47739373,250000000
lfp_t6plain_us06_s2,fp32,33,7,47739373,250000000
lfp_t6plain_us06_s2,fp32,33,8,47739373,250000000
lfp_t6plain_us06_s2,fp32,33,9,47739373,250000000
lfp_t6plain_us06_s2,fp32,33,10,47739373,250000000
lfp_t6plain_us06_s2,fp32,33,11,47739373,250000000
lfp_t6plain_us06_s2,fp32,33,12,47739373,250000000
lfp_t6plain_us06_s2,fp32,33,13,47739373,250000000
lfp_t6plain_us06_s2,fp32,33,14,47739373,250000000
lfp_t6plain_us06_s2,fp32,33,15,47739373,250000000
lfp_t6plain_us06_s2,fp32,34,0,47813725,250000000
lfp_t6plain_us06_s2,fp32,34,1,47813670,250000000
lfp_t6plain_us06_s2,fp32,34,2,47813670,250000000
lfp_t6plain_us06_s2,fp32,34,3,47813670,250000000
lfp_t6plain_us06_s2,fp32,34,4,47813670,250000000
lfp_t6plain_us06_s2,fp32,34,5,47813670,250000000
lfp_t6plain_us06_s2,fp32,34,6,47813670,250000000
lfp_t6plain_us06_s2,fp32,34,7,47813670,250000000
lfp_t6plain_us06_s2,fp32,34,8,47813670,250000000
lfp_t6plain_us06_s2,fp32,34,9,47813670,250000000
lfp_t6plain_us06_s2,fp32,34,10,47813670,250000000
lfp_t6plain_us06_s2,fp32,34,11,47813670,250000000
lfp_t6plain_us06_s2,fp32,34,12,47813670,250000000
lfp_t6plain_us06_s2,fp32,34,13,47813670,250000000
lfp_t6plain_us06_s2,fp32,34,14,47813670,250000000
lfp_t6plain_us06_s2,fp32,34,15,47813670,250000000
lfp_t6plain_us06_s2,fp32,35,0,47748638,250000000
lfp_t6plain_us06_s2,fp32,35,1,47748583,250000000
lfp_t6plain_us06_s2,fp32,35,2,47748583,250000000
lfp_t6plain_us06_s2,fp32,35,3,47748583,250000000
lfp_t6plain_us06_s2,fp32,35,4,47748583,250000000
lfp_t6plain_us06_s2,fp32,35,5,47748583,250000000
lfp_t6plain_us06_s2,fp32,35,6,47748583,250000000
lfp_t6plain_us06_s2,fp32,35,7,47748583,250000000
lfp_t6plain_us06_s2,fp32,35,8,47748583,250000000
lfp_t6plain_us06_s2,fp32,35,9,47748583,250000000
lfp_t6plain_us06_s2,fp32,35,10,47748583,250000000
lfp_t6plain_us06_s2,fp32,35,11,47748583,250000000
lfp_t6plain_us06_s2,fp32,35,12,47748583,250000000
lfp_t6plain_us06_s2,fp32,35,13,47748583,250000000
lfp_t6plain_us06_s2,fp32,35,14,47748583,250000000
lfp_t6plain_us06_s2,fp32,35,15,47748583,250000000
lfp_t6plain_us06_s2,fp32,36,0,47759890,250000000
lfp_t6plain_us06_s2,fp32,36,1,47759865,250000000
lfp_t6plain_us06_s2,fp32,36,2,47759865,250000000
lfp_t6plain_us06_s2,fp32,36,3,47759865,250000000
lfp_t6plain_us06_s2,fp32,36,4,47759865,250000000
lfp_t6plain_us06_s2,fp32,36,5,47759865,250000000
lfp_t6plain_us06_s2,fp32,36,6,47759865,250000000
lfp_t6plain_us06_s2,fp32,36,7,47759865,250000000
lfp_t6plain_us06_s2,fp32,36,8,47759865,250000000
lfp_t6plain_us06_s2,fp32,36,9,47759865,250000000
lfp_t6plain_us06_s2,fp32,36,10,47759865,250000000
lfp_t6plain_us06_s2,fp32,36,11,47759865,250000000
lfp_t6plain_us06_s2,fp32,36,12,47759865,250000000
lfp_t6plain_us06_s2,fp32,36,13,47759865,250000000
lfp_t6plain_us06_s2,fp32,36,14,47759865,250000000
lfp_t6plain_us06_s2,fp32,36,15,47759865,250000000
lfp_t6plain_us06_s2,fp32,37,0,47769856,250000000
lfp_t6plain_us06_s2,fp32,37,1,47769801,250000000
lfp_t6plain_us06_s2,fp32,37,2,47769801,250000000
lfp_t6plain_us06_s2,fp32,37,3,47769801,250000000
lfp_t6plain_us06_s2,fp32,37,4,47769801,250000000
lfp_t6plain_us06_s2,fp32,37,5,47769801,250000000
lfp_t6plain_us06_s2,fp32,37,6,47769801,250000000
lfp_t6plain_us06_s2,fp32,37,7,47769801,250000000
lfp_t6plain_us06_s2,fp32,37,8,47769801,250000000
lfp_t6plain_us06_s2,fp32,37,9,47769801,250000000
lfp_t6plain_us06_s2,fp32,37,10,47769801,250000000
lfp_t6plain_us06_s2,fp32,37,11,47769801,250000000
lfp_t6plain_us06_s2,fp32,37,12,47769801,250000000
lfp_t6plain_us06_s2,fp32,37,13,47769801,250000000
lfp_t6plain_us06_s2,fp32,37,14,47769801,250000000
lfp_t6plain_us06_s2,fp32,37,15,47769801,250000000
lfp_t6plain_us06_s2,fp32,38,0,47743542,250000000
lfp_t6plain_us06_s2,fp32,38,1,47743494,250000000
lfp_t6plain_us06_s2,fp32,38,2,47743494,250000000
lfp_t6plain_us06_s2,fp32,38,3,47743494,250000000
lfp_t6plain_us06_s2,fp32,38,4,47743494,250000000
lfp_t6plain_us06_s2,fp32,38,5,47743494,250000000
lfp_t6plain_us06_s2,fp32,38,6,47743494,250000000
lfp_t6plain_us06_s2,fp32,38,7,47743494,250000000
lfp_t6plain_us06_s2,fp32,38,8,47743494,250000000
lfp_t6plain_us06_s2,fp32,38,9,47743494,250000000
lfp_t6plain_us06_s2,fp32,38,10,47743494,250000000
lfp_t6plain_us06_s2,fp32,38,11,47743494,250000000
lfp_t6plain_us06_s2,fp32,38,12,47743494,250000000
lfp_t6plain_us06_s2,fp32,38,13,47743494,250000000
lfp_t6plain_us06_s2,fp32,38,14,47743494,250000000
lfp_t6plain_us06_s2,fp32,38,15,47743494,250000000
lfp_t6plain_us06_s2,fp32,39,0,47578531,250000000
lfp_t6plain_us06_s2,fp32,39,1,47578485,250000000
lfp_t6plain_us06_s2,fp32,39,2,47578485,250000000
lfp_t6plain_us06_s2,fp32,39,3,47578485,250000000
lfp_t6plain_us06_s2,fp32,39,4,47578485,250000000
lfp_t6plain_us06_s2,fp32,39,5,47578485,250000000
lfp_t6plain_us06_s2,fp32,39,6,47578485,250000000
lfp_t6plain_us06_s2,fp32,39,7,47578485,250000000
lfp_t6plain_us06_s2,fp32,39,8,47578485,250000000
lfp_t6plain_us06_s2,fp32,39,9,47578485,250000000
lfp_t6plain_us06_s2,fp32,39,10,47578485,250000000
lfp_t6plain_us06_s2,fp32,39,11,47578485,250000000
lfp_t6plain_us06_s2,fp32,39,12,47578485,250000000
lfp_t6plain_us06_s2,fp32,39,13,47578485,250000000
lfp_t6plain_us06_s2,fp32,39,14,47578485,250000000
lfp_t6plain_us06_s2,fp32,39,15,47578485,250000000
lfp_t6plain_us06_s2,fp32,40,0,47629175,250000000
lfp_t6plain_us06_s2,fp32,40,1,47629129,250000000
lfp_t6plain_us06_s2,fp32,40,2,47629129,250000000
lfp_t6plain_us06_s2,fp32,40,3,47629129,250000000
lfp_t6plain_us06_s2,fp32,40,4,47629129,250000000
lfp_t6plain_us06_s2,fp32,40,5,47629129,250000000
lfp_t6plain_us06_s2,fp32,40,6,47629129,250000000
lfp_t6plain_us06_s2,fp32,40,7,47629129,250000000
lfp_t6plain_us06_s2,fp32,40,8,47629129,250000000
lfp_t6plain_us06_s2,fp32,40,9,47629129,250000000
lfp_t6plain_us06_s2,fp32,40,10,47629129,250000000
lfp_t6plain_us06_s2,fp32,40,11,47629129,250000000
lfp_t6plain_us06_s2,fp32,40,12,47629129,250000000
lfp_t6plain_us06_s2,fp32,40,13,47629129,250000000
lfp_t6plain_us06_s2,fp32,40,14,47629129,250000000
lfp_t6plain_us06_s2,fp32,40,15,47629129,250000000
lfp_t6plain_us06_s2,fp32,41,0,47738483,250000000
lfp_t6plain_us06_s2,fp32,41,1,47738435,250000000
lfp_t6plain_us06_s2,fp32,41,2,47738435,250000000
lfp_t6plain_us06_s2,fp32,41,3,47738435,250000000
lfp_t6plain_us06_s2,fp32,41,4,47738435,250000000
lfp_t6plain_us06_s2,fp32,41,5,47738435,250000000
lfp_t6plain_us06_s2,fp32,41,6,47738435,250000000
lfp_t6plain_us06_s2,fp32,41,7,47738435,250000000
lfp_t6plain_us06_s2,fp32,41,8,47738435,250000000
lfp_t6plain_us06_s2,fp32,41,9,47738435,250000000
lfp_t6plain_us06_s2,fp32,41,10,47738435,250000000
lfp_t6plain_us06_s2,fp32,41,11,47738435,250000000
lfp_t6plain_us06_s2,fp32,41,12,47738435,250000000
lfp_t6plain_us06_s2,fp32,41,13,47738435,250000000
lfp_t6plain_us06_s2,fp32,41,14,47738435,250000000
lfp_t6plain_us06_s2,fp32,41,15,47738435,250000000
lfp_t6plain_us06_s2,fp32,42,0,47803247,250000000
lfp_t6plain_us06_s2,fp32,42,1,47803192,250000000
lfp_t6plain_us06_s2,fp32,42,2,47803192,250000000
lfp_t6plain_us06_s2,fp32,42,3,47803192,250000000
lfp_t6plain_us06_s2,fp32,42,4,47803192,250000000
lfp_t6plain_us06_s2,fp32,42,5,47803192,250000000
lfp_t6plain_us06_s2,fp32,42,6,47803192,250000000
lfp_t6plain_us06_s2,fp32,42,7,47803192,250000000
lfp_t6plain_us06_s2,fp32,42,8,47803192,250000000
lfp_t6plain_us06_s2,fp32,42,9,47803192,250000000
lfp_t6plain_us06_s2,fp32,42,10,47803192,250000000
lfp_t6plain_us06_s2,fp32,42,11,47803192,250000000
lfp_t6plain_us06_s2,fp32,42,12,47803192,250000000
lfp_t6plain_us06_s2,fp32,42,13,47803192,250000000
lfp_t6plain_us06_s2,fp32,42,14,47803192,250000000
lfp_t6plain_us06_s2,fp32,42,15,47803192,250000000
lfp_t6plain_us06_s2,fp32,43,0,47762567,250000000
lfp_t6plain_us06_s2,fp32,43,1,47762512,250000000
lfp_t6plain_us06_s2,fp32,43,2,47762512,250000000
lfp_t6plain_us06_s2,fp32,43,3,47762512,250000000
lfp_t6plain_us06_s2,fp32,43,4,47762512,250000000
lfp_t6plain_us06_s2,fp32,43,5,47762512,250000000
lfp_t6plain_us06_s2,fp32,43,6,47762512,250000000
lfp_t6plain_us06_s2,fp32,43,7,47762512,250000000
lfp_t6plain_us06_s2,fp32,43,8,47762512,250000000
lfp_t6plain_us06_s2,fp32,43,9,47762512,250000000
lfp_t6plain_us06_s2,fp32,43,10,47762512,250000000
lfp_t6plain_us06_s2,fp32,43,11,47762512,250000000
lfp_t6plain_us06_s2,fp32,43,12,47762512,250000000
lfp_t6plain_us06_s2,fp32,43,13,47762512,250000000
lfp_t6plain_us06_s2,fp32,43,14,47762512,250000000
lfp_t6plain_us06_s2,fp32,43,15,47762512,250000000
lfp_t6plain_us06_s2,fp32,44,0,47749175,250000000
lfp_t6plain_us06_s2,fp32,44,1,47749150,250000000
lfp_t6plain_us06_s2,fp32,44,2,47749150,250000000
lfp_t6plain_us06_s2,fp32,44,3,47749150,250000000
lfp_t6plain_us06_s2,fp32,44,4,47749150,250000000
lfp_t6plain_us06_s2,fp32,44,5,47749150,250000000
lfp_t6plain_us06_s2,fp32,44,6,47749150,250000000
lfp_t6plain_us06_s2,fp32,44,7,47749150,250000000
lfp_t6plain_us06_s2,fp32,44,8,47749150,250000000
lfp_t6plain_us06_s2,fp32,44,9,47749150,250000000
lfp_t6plain_us06_s2,fp32,44,10,47749150,250000000
lfp_t6plain_us06_s2,fp32,44,11,47749150,250000000
lfp_t6plain_us06_s2,fp32,44,12,47749150,250000000
lfp_t6plain_us06_s2,fp32,44,13,47749150,250000000
lfp_t6plain_us06_s2,fp32,44,14,47749150,250000000
lfp_t6plain_us06_s2,fp32,44,15,47749150,250000000
lfp_t6plain_us06_s2,fp32,45,0,47787325,250000000
lfp_t6plain_us06_s2,fp32,45,1,47787270,250000000
lfp_t6plain_us06_s2,fp32,45,2,47787270,250000000
lfp_t6plain_us06_s2,fp32,45,3,47787270,250000000
lfp_t6plain_us06_s2,fp32,45,4,47787270,250000000
lfp_t6plain_us06_s2,fp32,45,5,47787270,250000000
lfp_t6plain_us06_s2,fp32,45,6,47787270,250000000
lfp_t6plain_us06_s2,fp32,45,7,47787270,250000000
lfp_t6plain_us06_s2,fp32,45,8,47787270,250000000
lfp_t6plain_us06_s2,fp32,45,9,47787270,250000000
lfp_t6plain_us06_s2,fp32,45,10,47787270,250000000
lfp_t6plain_us06_s2,fp32,45,11,47787270,250000000
lfp_t6plain_us06_s2,fp32,45,12,47787270,250000000
lfp_t6plain_us06_s2,fp32,45,13,47787270,250000000
lfp_t6plain_us06_s2,fp32,45,14,47787270,250000000
lfp_t6plain_us06_s2,fp32,45,15,47787270,250000000
lfp_t6plain_us06_s2,fp32,46,0,47744510,250000000
lfp_t6plain_us06_s2,fp32,46,1,47744462,250000000
lfp_t6plain_us06_s2,fp32,46,2,47744462,250000000
lfp_t6plain_us06_s2,fp32,46,3,47744462,250000000
lfp_t6plain_us06_s2,fp32,46,4,47744462,250000000
lfp_t6plain_us06_s2,fp32,46,5,47744462,250000000
lfp_t6plain_us06_s2,fp32,46,6,47744462,250000000
lfp_t6plain_us06_s2,fp32,46,7,47744462,250000000
lfp_t6plain_us06_s2,fp32,46,8,47744462,250000000
lfp_t6plain_us06_s2,fp32,46,9,47744462,250000000
lfp_t6plain_us06_s2,fp32,46,10,47744462,250000000
lfp_t6plain_us06_s2,fp32,46,11,47744462,250000000
lfp_t6plain_us06_s2,fp32,46,12,47744462,250000000
lfp_t6plain_us06_s2,fp32,46,13,47744462,250000000
lfp_t6plain_us06_s2,fp32,46,14,47744462,250000000
lfp_t6plain_us06_s2,fp32,46,15,47744462,250000000
lfp_t6plain_us06_s2,fp32,47,0,47586416,250000000
lfp_t6plain_us06_s2,fp32,47,1,47586370,250000000
lfp_t6plain_us06_s2,fp32,47,2,47586370,250000000
lfp_t6plain_us06_s2,fp32,47,3,47586370,250000000
lfp_t6plain_us06_s2,fp32,47,4,47586370,250000000
lfp_t6plain_us06_s2,fp32,47,5,47586370,250000000
lfp_t6plain_us06_s2,fp32,47,6,47586370,250000000
lfp_t6plain_us06_s2,fp32,47,7,47586370,250000000
lfp_t6plain_us06_s2,fp32,47,8,47586370,250000000
lfp_t6plain_us06_s2,fp32,47,9,47586370,250000000
lfp_t6plain_us06_s2,fp32,47,10,47586370,250000000
lfp_t6plain_us06_s2,fp32,47,11,47586370,250000000
lfp_t6plain_us06_s2,fp32,47,12,47586370,250000000
lfp_t6plain_us06_s2,fp32,47,13,47586370,250000000
lfp_t6plain_us06_s2,fp32,47,14,47586370,250000000
lfp_t6plain_us06_s2,fp32,47,15,47586370,250000000
lfp_t6plain_us06_s2,fp32,48,0,47633014,250000000
lfp_t6plain_us06_s2,fp32,48,1,47632968,250000000
lfp_t6plain_us06_s2,fp32,48,2,47632968,250000000
lfp_t6plain_us06_s2,fp32,48,3,47632968,250000000
lfp_t6plain_us06_s2,fp32,48,4,47632968,250000000
lfp_t6plain_us06_s2,fp32,48,5,47632968,250000000
lfp_t6plain_us06_s2,fp32,48,6,47632968,250000000
lfp_t6plain_us06_s2,fp32,48,7,47632968,250000000
lfp_t6plain_us06_s2,fp32,48,8,47632968,250000000
lfp_t6plain_us06_s2,fp32,48,9,47632968,250000000
lfp_t6plain_us06_s2,fp32,48,10,47632968,250000000
lfp_t6plain_us06_s2,fp32,48,11,47632968,250000000
lfp_t6plain_us06_s2,fp32,48,12,47632968,250000000
lfp_t6plain_us06_s2,fp32,48,13,47632968,250000000
lfp_t6plain_us06_s2,fp32,48,14,47632968,250000000
lfp_t6plain_us06_s2,fp32,48,15,47632968,250000000
lfp_t6plain_us06_s2,fp32,49,0,47727275,250000000
lfp_t6plain_us06_s2,fp32,49,1,47727227,250000000
lfp_t6plain_us06_s2,fp32,49,2,47727227,250000000
lfp_t6plain_us06_s2,fp32,49,3,47727227,250000000
lfp_t6plain_us06_s2,fp32,49,4,47727227,250000000
lfp_t6plain_us06_s2,fp32,49,5,47727227,250000000
lfp_t6plain_us06_s2,fp32,49,6,47727227,250000000
lfp_t6plain_us06_s2,fp32,49,7,47727227,250000000
lfp_t6plain_us06_s2,fp32,49,8,47727227,250000000
lfp_t6plain_us06_s2,fp32,49,9,47727227,250000000
lfp_t6plain_us06_s2,fp32,49,10,47727227,250000000
lfp_t6plain_us06_s2,fp32,49,11,47727227,250000000
lfp_t6plain_us06_s2,fp32,49,12,47727227,250000000
lfp_t6plain_us06_s2,fp32,49,13,47727227,250000000
lfp_t6plain_us06_s2,fp32,49,14,47727227,250000000
lfp_t6plain_us06_s2,fp32,49,15,47727227,250000000
lfp_t6plain_us06_s2,fp32,50,0,47778465,250000000
lfp_t6plain_us06_s2,fp32,50,1,47778410,250000000
lfp_t6plain_us06_s2,fp32,50,2,47778410,250000000
lfp_t6plain_us06_s2,fp32,50,3,47778410,250000000
lfp_t6plain_us06_s2,fp32,50,4,47778410,250000000
lfp_t6plain_us06_s2,fp32,50,5,47778410,250000000
lfp_t6plain_us06_s2,fp32,50,6,47778410,250000000
lfp_t6plain_us06_s2,fp32,50,7,47778410,250000000
lfp_t6plain_us06_s2,fp32,50,8,47778410,250000000
lfp_t6plain_us06_s2,fp32,50,9,47778410,250000000
lfp_t6plain_us06_s2,fp32,50,10,47778410,250000000
lfp_t6plain_us06_s2,fp32,50,11,47778410,250000000
lfp_t6plain_us06_s2,fp32,50,12,47778410,250000000
lfp_t6plain_us06_s2,fp32,50,13,47778410,250000000
lfp_t6plain_us06_s2,fp32,50,14,47778410,250000000
lfp_t6plain_us06_s2,fp32,50,15,47778410,250000000
lfp_t6plain_us06_s2,fp32,51,0,47743118,250000000
lfp_t6plain_us06_s2,fp32,51,1,47743063,250000000
lfp_t6plain_us06_s2,fp32,51,2,47743063,250000000
lfp_t6plain_us06_s2,fp32,51,3,47743063,250000000
lfp_t6plain_us06_s2,fp32,51,4,47743063,250000000
lfp_t6plain_us06_s2,fp32,51,5,47743063,250000000
lfp_t6plain_us06_s2,fp32,51,6,47743063,250000000
lfp_t6plain_us06_s2,fp32,51,7,47743063,250000000
lfp_t6plain_us06_s2,fp32,51,8,47743063,250000000
lfp_t6plain_us06_s2,fp32,51,9,47743063,250000000
lfp_t6plain_us06_s2,fp32,51,10,47743063,250000000
lfp_t6plain_us06_s2,fp32,51,11,47743063,250000000
lfp_t6plain_us06_s2,fp32,51,12,47743063,250000000
lfp_t6plain_us06_s2,fp32,51,13,47743063,250000000
lfp_t6plain_us06_s2,fp32,51,14,47743063,250000000
lfp_t6plain_us06_s2,fp32,51,15,47743063,250000000
lfp_t6plain_us06_s2,fp32,52,0,47722841,250000000
lfp_t6plain_us06_s2,fp32,52,1,47722816,250000000
lfp_t6plain_us06_s2,fp32,52,2,47722816,250000000
lfp_t6plain_us06_s2,fp32,52,3,47722816,250000000
lfp_t6plain_us06_s2,fp32,52,4,47722816,250000000
lfp_t6plain_us06_s2,fp32,52,5,47722816,250000000
lfp_t6plain_us06_s2,fp32,52,6,47722816,250000000
lfp_t6plain_us06_s2,fp32,52,7,47722816,250000000
lfp_t6plain_us06_s2,fp32,52,8,47722816,250000000
lfp_t6plain_us06_s2,fp32,52,9,47722816,250000000
lfp_t6plain_us06_s2,fp32,52,10,47722816,250000000
lfp_t6plain_us06_s2,fp32,52,11,47722816,250000000
lfp_t6plain_us06_s2,fp32,52,12,47722816,250000000
lfp_t6plain_us06_s2,fp32,52,13,47722816,250000000
lfp_t6plain_us06_s2,fp32,52,14,47722816,250000000
lfp_t6plain_us06_s2,fp32,52,15,47722816,250000000
lfp_t6plain_us06_s2,fp32,53,0,47768995,250000000
lfp_t6plain_us06_s2,fp32,53,1,47768940,250000000
lfp_t6plain_us06_s2,fp32,53,2,47768940,250000000
lfp_t6plain_us06_s2,fp32,53,3,47768940,250000000
lfp_t6plain_us06_s2,fp32,53,4,47768940,250000000
lfp_t6plain_us06_s2,fp32,53,5,47768940,250000000
lfp_t6plain_us06_s2,fp32,53,6,47768940,250000000
lfp_t6plain_us06_s2,fp32,53,7,47768940,250000000
lfp_t6plain_us06_s2,fp32,53,8,47768940,250000000
lfp_t6plain_us06_s2,fp32,53,9,47768940,250000000
lfp_t6plain_us06_s2,fp32,53,10,47768940,250000000
lfp_t6plain_us06_s2,fp32,53,11,47768940,250000000
lfp_t6plain_us06_s2,fp32,53,12,47768940,250000000
lfp_t6plain_us06_s2,fp32,53,13,47768940,250000000
lfp_t6plain_us06_s2,fp32,53,14,47768940,250000000
lfp_t6plain_us06_s2,fp32,53,15,47768940,250000000
lfp_t6plain_us06_s2,fp32,54,0,47760700,250000000
lfp_t6plain_us06_s2,fp32,54,1,47760652,250000000
lfp_t6plain_us06_s2,fp32,54,2,47760652,250000000
lfp_t6plain_us06_s2,fp32,54,3,47760652,250000000
lfp_t6plain_us06_s2,fp32,54,4,47760652,250000000
lfp_t6plain_us06_s2,fp32,54,5,47760652,250000000
lfp_t6plain_us06_s2,fp32,54,6,47760652,250000000
lfp_t6plain_us06_s2,fp32,54,7,47760652,250000000
lfp_t6plain_us06_s2,fp32,54,8,47760652,250000000
lfp_t6plain_us06_s2,fp32,54,9,47760652,250000000
lfp_t6plain_us06_s2,fp32,54,10,47760652,250000000
lfp_t6plain_us06_s2,fp32,54,11,47760652,250000000
lfp_t6plain_us06_s2,fp32,54,12,47760652,250000000
lfp_t6plain_us06_s2,fp32,54,13,47760652,250000000
lfp_t6plain_us06_s2,fp32,54,14,47760652,250000000
lfp_t6plain_us06_s2,fp32,54,15,47760652,250000000
lfp_t6plain_us06_s2,fp32,55,0,47585905,250000000
lfp_t6plain_us06_s2,fp32,55,1,47585857,250000000
lfp_t6plain_us06_s2,fp32,55,2,47585857,250000000
lfp_t6plain_us06_s2,fp32,55,3,47585857,250000000
lfp_t6plain_us06_s2,fp32,55,4,47585857,250000000
lfp_t6plain_us06_s2,fp32,55,5,47585857,250000000
lfp_t6plain_us06_s2,fp32,55,6,47585857,250000000
lfp_t6plain_us06_s2,fp32,55,7,47585857,250000000
lfp_t6plain_us06_s2,fp32,55,8,47585857,250000000
lfp_t6plain_us06_s2,fp32,55,9,47585857,250000000
lfp_t6plain_us06_s2,fp32,55,10,47585857,250000000
lfp_t6plain_us06_s2,fp32,55,11,47585857,250000000
lfp_t6plain_us06_s2,fp32,55,12,47585857,250000000
lfp_t6plain_us06_s2,fp32,55,13,47585857,250000000
lfp_t6plain_us06_s2,fp32,55,14,47585857,250000000
lfp_t6plain_us06_s2,fp32,55,15,47585857,250000000
lfp_t6plain_us06_s2,fp32,56,0,47634019,250000000
lfp_t6plain_us06_s2,fp32,56,1,47633971,250000000
lfp_t6plain_us06_s2,fp32,56,2,47633971,250000000
lfp_t6plain_us06_s2,fp32,56,3,47633971,250000000
lfp_t6plain_us06_s2,fp32,56,4,47633971,250000000
lfp_t6plain_us06_s2,fp32,56,5,47633971,250000000
lfp_t6plain_us06_s2,fp32,56,6,47633971,250000000
lfp_t6plain_us06_s2,fp32,56,7,47633971,250000000
lfp_t6plain_us06_s2,fp32,56,8,47633971,250000000
lfp_t6plain_us06_s2,fp32,56,9,47633971,250000000
lfp_t6plain_us06_s2,fp32,56,10,47633971,250000000
lfp_t6plain_us06_s2,fp32,56,11,47633971,250000000
lfp_t6plain_us06_s2,fp32,56,12,47633971,250000000
lfp_t6plain_us06_s2,fp32,56,13,47633971,250000000
lfp_t6plain_us06_s2,fp32,56,14,47633971,250000000
lfp_t6plain_us06_s2,fp32,56,15,47633971,250000000
lfp_t6plain_us06_s2,fp32,57,0,47717825,250000000
lfp_t6plain_us06_s2,fp32,57,1,47717777,250000000
lfp_t6plain_us06_s2,fp32,57,2,47717777,250000000
lfp_t6plain_us06_s2,fp32,57,3,47717777,250000000
lfp_t6plain_us06_s2,fp32,57,4,47717777,250000000
lfp_t6plain_us06_s2,fp32,57,5,47717777,250000000
lfp_t6plain_us06_s2,fp32,57,6,47717777,250000000
lfp_t6plain_us06_s2,fp32,57,7,47717777,250000000
lfp_t6plain_us06_s2,fp32,57,8,47717777,250000000
lfp_t6plain_us06_s2,fp32,57,9,47717777,250000000
lfp_t6plain_us06_s2,fp32,57,10,47717777,250000000
lfp_t6plain_us06_s2,fp32,57,11,47717777,250000000
lfp_t6plain_us06_s2,fp32,57,12,47717777,250000000
lfp_t6plain_us06_s2,fp32,57,13,47717777,250000000
lfp_t6plain_us06_s2,fp32,57,14,47717777,250000000
lfp_t6plain_us06_s2,fp32,57,15,47717777,250000000
lfp_t6plain_us06_s2,fp32,58,0,47753156,250000000
lfp_t6plain_us06_s2,fp32,58,1,47753101,250000000
lfp_t6plain_us06_s2,fp32,58,2,47753101,250000000
lfp_t6plain_us06_s2,fp32,58,3,47753101,250000000
lfp_t6plain_us06_s2,fp32,58,4,47753101,250000000
lfp_t6plain_us06_s2,fp32,58,5,47753101,250000000
lfp_t6plain_us06_s2,fp32,58,6,47753101,250000000
lfp_t6plain_us06_s2,fp32,58,7,47753101,250000000
lfp_t6plain_us06_s2,fp32,58,8,47753101,250000000
lfp_t6plain_us06_s2,fp32,58,9,47753101,250000000
lfp_t6plain_us06_s2,fp32,58,10,47753101,250000000
lfp_t6plain_us06_s2,fp32,58,11,47753101,250000000
lfp_t6plain_us06_s2,fp32,58,12,47753101,250000000
lfp_t6plain_us06_s2,fp32,58,13,47753101,250000000
lfp_t6plain_us06_s2,fp32,58,14,47753101,250000000
lfp_t6plain_us06_s2,fp32,58,15,47753101,250000000
lfp_t6plain_us06_s2,fp32,59,0,47724047,250000000
lfp_t6plain_us06_s2,fp32,59,1,47723992,250000000
lfp_t6plain_us06_s2,fp32,59,2,47723992,250000000
lfp_t6plain_us06_s2,fp32,59,3,47723992,250000000
lfp_t6plain_us06_s2,fp32,59,4,47723992,250000000
lfp_t6plain_us06_s2,fp32,59,5,47723992,250000000
lfp_t6plain_us06_s2,fp32,59,6,47723992,250000000
lfp_t6plain_us06_s2,fp32,59,7,47723992,250000000
lfp_t6plain_us06_s2,fp32,59,8,47723992,250000000
lfp_t6plain_us06_s2,fp32,59,9,47723992,250000000
lfp_t6plain_us06_s2,fp32,59,10,47723992,250000000
lfp_t6plain_us06_s2,fp32,59,11,47723992,250000000
lfp_t6plain_us06_s2,fp32,59,12,47723992,250000000
lfp_t6plain_us06_s2,fp32,59,13,47723992,250000000
lfp_t6plain_us06_s2,fp32,59,14,47723992,250000000
lfp_t6plain_us06_s2,fp32,59,15,47723992,250000000
lfp_t6plain_us06_s2,fp32,60,0,47712709,250000000
lfp_t6plain_us06_s2,fp32,60,1,47712684,250000000
lfp_t6plain_us06_s2,fp32,60,2,47712684,250000000
lfp_t6plain_us06_s2,fp32,60,3,47712684,250000000
lfp_t6plain_us06_s2,fp32,60,4,47712684,250000000
lfp_t6plain_us06_s2,fp32,60,5,47712684,250000000
lfp_t6plain_us06_s2,fp32,60,6,47712684,250000000
lfp_t6plain_us06_s2,fp32,60,7,47712684,250000000
lfp_t6plain_us06_s2,fp32,60,8,47712684,250000000
lfp_t6plain_us06_s2,fp32,60,9,47712684,250000000
lfp_t6plain_us06_s2,fp32,60,10,47712684,250000000
lfp_t6plain_us06_s2,fp32,60,11,47712684,250000000
lfp_t6plain_us06_s2,fp32,60,12,47712684,250000000
lfp_t6plain_us06_s2,fp32,60,13,47712684,250000000
lfp_t6plain_us06_s2,fp32,60,14,47712684,250000000
lfp_t6plain_us06_s2,fp32,60,15,47712684,250000000
lfp_t6plain_us06_s2,fp32,61,0,47756654,250000000
lfp_t6plain_us06_s2,fp32,61,1,47756599,250000000
lfp_t6plain_us06_s2,fp32,61,2,47756599,250000000
lfp_t6plain_us06_s2,fp32,61,3,47756599,250000000
lfp_t6plain_us06_s2,fp32,61,4,47756599,250000000
lfp_t6plain_us06_s2,fp32,61,5,47756599,250000000
lfp_t6plain_us06_s2,fp32,61,6,47756599,250000000
lfp_t6plain_us06_s2,fp32,61,7,47756599,250000000
lfp_t6plain_us06_s2,fp32,61,8,47756599,250000000
lfp_t6plain_us06_s2,fp32,61,9,47756599,250000000
lfp_t6plain_us06_s2,fp32,61,10,47756599,250000000
lfp_t6plain_us06_s2,fp32,61,11,47756599,250000000
lfp_t6plain_us06_s2,fp32,61,12,47756599,250000000
lfp_t6plain_us06_s2,fp32,61,13,47756599,250000000
lfp_t6plain_us06_s2,fp32,61,14,47756599,250000000
lfp_t6plain_us06_s2,fp32,61,15,47756599,250000000
lfp_t6plain_us06_s2,fp32,62,0,47755137,250000000
lfp_t6plain_us06_s2,fp32,62,1,47755089,250000000
lfp_t6plain_us06_s2,fp32,62,2,47755089,250000000
lfp_t6plain_us06_s2,fp32,62,3,47755089,250000000
lfp_t6plain_us06_s2,fp32,62,4,47755089,250000000
lfp_t6plain_us06_s2,fp32,62,5,47755089,250000000
lfp_t6plain_us06_s2,fp32,62,6,47755089,250000000
lfp_t6plain_us06_s2,fp32,62,7,47755089,250000000
lfp_t6plain_us06_s2,fp32,62,8,47755089,250000000
lfp_t6plain_us06_s2,fp32,62,9,47755089,250000000
lfp_t6plain_us06_s2,fp32,62,10,47755089,250000000
lfp_t6plain_us06_s2,fp32,62,11,47755089,250000000
lfp_t6plain_us06_s2,fp32,62,12,47755089,250000000
lfp_t6plain_us06_s2,fp32,62,13,47755089,250000000
lfp_t6plain_us06_s2,fp32,62,14,47755089,250000000
lfp_t6plain_us06_s2,fp32,62,15,47755089,250000000
lfp_t6plain_us06_s2,fp32,63,0,47613208,250000000
lfp_t6plain_us06_s2,fp32,63,1,47613160,250000000
lfp_t6plain_us06_s2,fp32,63,2,47613160,250000000
lfp_t6plain_us06_s2,fp32,63,3,47613160,250000000
lfp_t6plain_us06_s2,fp32,63,4,47613160,250000000
lfp_t6plain_us06_s2,fp32,63,5,47613160,250000000
lfp_t6plain_us06_s2,fp32,63,6,47613160,250000000
lfp_t6plain_us06_s2,fp32,63,7,47613160,250000000
lfp_t6plain_us06_s2,fp32,63,8,47613160,250000000
lfp_t6plain_us06_s2,fp32,63,9,47613160,250000000
lfp_t6plain_us06_s2,fp32,63,10,47613160,250000000
lfp_t6plain_us06_s2,fp32,63,11,47613160,250000000
lfp_t6plain_us06_s2,fp32,63,12,47613160,250000000
lfp_t6plain_us06_s2,fp32,63,13,47613160,250000000
lfp_t6plain_us06_s2,fp32,63,14,47613160,250000000
lfp_t6plain_us06_s2,fp32,63,15,47613160,250000000
