model,precision,sample_index,repeat_index,total_cycles,network_cycles,preprocessing_window_cycles,clock_hz
nmc_t6plain_dst_s0,fp32,59,0,47942594,47919514,23080,250000000
nmc_t6plain_dst_s0,fp32,60,1,47942536,47919456,23080,250000000
nmc_t6plain_dst_s0,fp32,61,2,47942400,47919320,23080,250000000
nmc_t6plain_dst_s0,fp32,62,3,47942234,47919154,23080,250000000
nmc_t6plain_dst_s0,fp32,63,4,47942443,47919363,23080,250000000
nmc_t6plain_dst_s0,fp32,64,5,47942461,47919384,23077,250000000
nmc_t6plain_dst_s0,fp32,65,6,47942314,47919240,23074,250000000
nmc_t6plain_dst_s0,fp32,66,7,47942504,47919429,23075,250000000
nmc_t6plain_dst_s0,fp32,67,8,47942651,47919576,23075,250000000
nmc_t6plain_dst_s0,fp32,68,9,47942672,47919598,23074,250000000
nmc_t6plain_dst_s0,fp32,69,10,47942833,47919767,23066,250000000
nmc_t6plain_dst_s0,fp32,70,11,47942894,47919828,23066,250000000
nmc_t6plain_dst_s0,fp32,71,12,47943123,47920048,23075,250000000
nmc_t6plain_dst_s0,fp32,72,13,47943249,47920174,23075,250000000
nmc_t6plain_dst_s0,fp32,73,14,47943726,47920651,23075,250000000
nmc_t6plain_dst_s0,fp32,74,15,47943907,47920832,23075,250000000
nmc_t6plain_dst_s0,fp32,75,16,47944125,47921051,23074,250000000
nmc_t6plain_dst_s0,fp32,76,17,47944335,47921261,23074,250000000
nmc_t6plain_dst_s0,fp32,77,18,47944576,47921501,23075,250000000
nmc_t6plain_dst_s0,fp32,78,19,47944758,47921684,23074,250000000
nmc_t6plain_dst_s0,fp32,79,20,47944980,47921903,23077,250000000
nmc_t6plain_dst_s0,fp32,80,21,47945134,47922052,23082,250000000
nmc_t6plain_dst_s0,fp32,81,22,47945266,47922191,23075,250000000
nmc_t6plain_dst_s0,fp32,82,23,47945615,47922540,23075,250000000
nmc_t6plain_dst_s0,fp32,83,24,47945928,47922853,23075,250000000
nmc_t6plain_dst_s0,fp32,84,25,47945928,47922853,23075,250000000
nmc_t6plain_dst_s0,fp32,85,26,47945853,47922778,23075,250000000
nmc_t6plain_dst_s0,fp32,86,27,47946030,47922955,23075,250000000
nmc_t6plain_dst_s0,fp32,87,28,47945924,47922849,23075,250000000
nmc_t6plain_dst_s0,fp32,88,29,47946192,47923117,23075,250000000
nmc_t6plain_dst_s0,fp32,89,30,47946076,47923001,23075,250000000
nmc_t6plain_dst_s0,fp32,90,31,47946149,47923074,23075,250000000
nmc_t6plain_dst_s0,fp32,91,32,47946498,47923416,23082,250000000
nmc_t6plain_dst_s0,fp32,92,33,47946409,47923325,23084,250000000
nmc_t6plain_dst_s0,fp32,93,34,47946214,47923139,23075,250000000
nmc_t6plain_dst_s0,fp32,94,35,47946287,47923212,23075,250000000
nmc_t6plain_dst_s0,fp32,95,36,47946236,47923161,23075,250000000
nmc_t6plain_dst_s0,fp32,96,37,47946219,47923144,23075,250000000
nmc_t6plain_dst_s0,fp32,97,38,47946270,47923195,23075,250000000
nmc_t6plain_dst_s0,fp32,98,39,47946598,47923516,23082,250000000
nmc_t6plain_dst_s0,fp32,99,40,47946909,47923834,23075,250000000
nmc_t6plain_dst_s0,fp32,100,41,47946934,47923859,23075,250000000
nmc_t6plain_dst_s0,fp32,101,42,47946950,47923875,23075,250000000
nmc_t6plain_dst_s0,fp32,102,43,47947122,47924047,23075,250000000
nmc_t6plain_dst_s0,fp32,103,44,47946841,47923766,23075,250000000
nmc_t6plain_dst_s0,fp32,104,45,47946578,47923503,23075,250000000
nmc_t6plain_dst_s0,fp32,105,46,47946727,47923652,23075,250000000
nmc_t6plain_dst_s0,fp32,106,47,47947127,47924052,23075,250000000
nmc_t6plain_dst_s0,fp32,107,48,47947552,47924477,23075,250000000
nmc_t6plain_dst_s0,fp32,108,49,47947916,47924841,23075,250000000
nmc_t6plain_dst_s0,fp32,109,50,47948108,47925033,23075,250000000
nmc_t6plain_dst_s0,fp32,110,51,47948469,47925394,23075,250000000
nmc_t6plain_dst_s0,fp32,111,52,47948861,47925786,23075,250000000
nmc_t6plain_dst_s0,fp32,112,53,47949179,47926104,23075,250000000
nmc_t6plain_dst_s0,fp32,113,54,47949296,47926221,23075,250000000
nmc_t6plain_dst_s0,fp32,114,55,47949393,47926318,23075,250000000
nmc_t6plain_dst_s0,fp32,115,56,47949297,47926222,23075,250000000
nmc_t6plain_dst_s0,fp32,116,57,47949145,47926070,23075,250000000
nmc_t6plain_dst_s0,fp32,117,58,47949264,47926189,23075,250000000
nmc_t6plain_dst_s0,fp32,118,59,47949382,47926307,23075,250000000
nmc_t6plain_dst_s0,fp32,119,60,47949626,47926551,23075,250000000
nmc_t6plain_dst_s0,fp32,120,61,47949752,47926677,23075,250000000
nmc_t6plain_dst_s0,fp32,121,62,47949619,47926544,23075,250000000
nmc_t6plain_dst_s0,fp32,122,63,47949768,47926693,23075,250000000
nmc_t6plain_dst_s0,fp32,123,64,47950027,47926952,23075,250000000
nmc_t6plain_dst_s0,fp32,124,65,47950023,47926948,23075,250000000
nmc_t6plain_dst_s0,fp32,125,66,47950414,47927339,23075,250000000
nmc_t6plain_dst_s0,fp32,126,67,47950634,47927559,23075,250000000
nmc_t6plain_dst_s0,fp32,127,68,47950858,47927783,23075,250000000
nmc_t6plain_dst_s0,fp32,128,69,47951476,47928401,23075,250000000
nmc_t6plain_dst_s0,fp32,129,70,47951414,47928339,23075,250000000
nmc_t6plain_dst_s0,fp32,130,71,47951491,47928416,23075,250000000
nmc_t6plain_dst_s0,fp32,131,72,47951701,47928626,23075,250000000
nmc_t6plain_dst_s0,fp32,132,73,47951948,47928873,23075,250000000
nmc_t6plain_dst_s0,fp32,133,74,47952251,47929176,23075,250000000
nmc_t6plain_dst_s0,fp32,134,75,47952165,47929090,23075,250000000
nmc_t6plain_dst_s0,fp32,135,76,47952514,47929439,23075,250000000
nmc_t6plain_dst_s0,fp32,136,77,47952902,47929827,23075,250000000
nmc_t6plain_dst_s0,fp32,137,78,47953051,47929976,23075,250000000
nmc_t6plain_dst_s0,fp32,138,79,47953267,47930192,23075,250000000
nmc_t6plain_dst_s0,fp32,139,80,47953447,47930372,23075,250000000
nmc_t6plain_dst_s0,fp32,140,81,47953597,47930522,23075,250000000
nmc_t6plain_dst_s0,fp32,141,82,47953796,47930721,23075,250000000
nmc_t6plain_dst_s0,fp32,142,83,47953990,47930915,23075,250000000
nmc_t6plain_dst_s0,fp32,143,84,47954016,47930941,23075,250000000
nmc_t6plain_dst_s0,fp32,144,85,47954129,47931054,23075,250000000
nmc_t6plain_dst_s0,fp32,145,86,47954208,47931133,23075,250000000
nmc_t6plain_dst_s0,fp32,146,87,47954290,47931215,23075,250000000
nmc_t6plain_dst_s0,fp32,147,88,47954283,47931208,23075,250000000
nmc_t6plain_dst_s0,fp32,148,89,47954308,47931233,23075,250000000
nmc_t6plain_dst_s0,fp32,149,90,47954524,47931449,23075,250000000
nmc_t6plain_dst_s0,fp32,150,91,47954607,47931532,23075,250000000
nmc_t6plain_dst_s0,fp32,151,92,47954563,47931488,23075,250000000
nmc_t6plain_dst_s0,fp32,152,93,47954664,47931589,23075,250000000
nmc_t6plain_dst_s0,fp32,153,94,47954869,47931794,23075,250000000
nmc_t6plain_dst_s0,fp32,154,95,47955056,47931981,23075,250000000
nmc_t6plain_dst_s0,fp32,155,96,47955179,47932104,23075,250000000
nmc_t6plain_dst_s0,fp32,156,97,47955376,47932301,23075,250000000
nmc_t6plain_dst_s0,fp32,157,98,47955630,47932555,23075,250000000
nmc_t6plain_dst_s0,fp32,158,99,47955691,47932616,23075,250000000
nmc_t6plain_dst_s0,fp32,159,100,47955707,47932632,23075,250000000
nmc_t6plain_dst_s0,fp32,160,101,47955900,47932825,23075,250000000
nmc_t6plain_dst_s0,fp32,161,102,47955949,47932867,23082,250000000
nmc_t6plain_dst_s0,fp32,162,103,47956159,47933075,23084,250000000
nmc_t6plain_dst_s0,fp32,163,104,47956202,47933127,23075,250000000
nmc_t6plain_dst_s0,fp32,164,105,47956295,47933220,23075,250000000
nmc_t6plain_dst_s0,fp32,165,106,47956272,47933197,23075,250000000
nmc_t6plain_dst_s0,fp32,166,107,47956175,47933100,23075,250000000
nmc_t6plain_dst_s0,fp32,167,108,47956067,47932992,23075,250000000
nmc_t6plain_dst_s0,fp32,168,109,47956003,47932928,23075,250000000
nmc_t6plain_dst_s0,fp32,169,110,47955898,47932823,23075,250000000
nmc_t6plain_dst_s0,fp32,170,111,47955973,47932891,23082,250000000
nmc_t6plain_dst_s0,fp32,171,112,47955830,47932739,23091,250000000
nmc_t6plain_dst_s0,fp32,172,113,47955564,47932482,23082,250000000
nmc_t6plain_dst_s0,fp32,173,114,47955393,47932309,23084,250000000
nmc_t6plain_dst_s0,fp32,174,115,47955221,47932146,23075,250000000
nmc_t6plain_dst_s0,fp32,175,116,47955058,47931983,23075,250000000
nmc_t6plain_dst_s0,fp32,176,117,47954880,47931805,23075,250000000
nmc_t6plain_dst_s0,fp32,177,118,47954733,47931667,23066,250000000
nmc_t6plain_dst_s0,fp32,178,119,47954515,47931451,23064,250000000
nmc_t6plain_dst_s0,fp32,179,120,47954068,47931004,23064,250000000
nmc_t6plain_dst_s0,fp32,180,121,47953815,47930740,23075,250000000
nmc_t6plain_dst_s0,fp32,181,122,47953514,47930450,23064,250000000
nmc_t6plain_dst_s0,fp32,182,123,47953384,47930320,23064,250000000
nmc_t6plain_dst_s0,fp32,183,124,47953020,47929956,23064,250000000
nmc_t6plain_dst_s0,fp32,184,125,47952894,47929819,23075,250000000
nmc_t6plain_dst_s0,fp32,185,126,47952627,47929563,23064,250000000
nmc_t6plain_dst_s0,fp32,186,127,47952386,47929312,23074,250000000
nmc_t6plain_dst_s0,fp32,187,128,47952398,47929323,23075,250000000
nmc_t6plain_dst_s0,fp32,188,129,47952462,47929387,23075,250000000
nmc_t6plain_dst_s0,fp32,189,130,47952329,47929255,23074,250000000
nmc_t6plain_dst_s0,fp32,190,131,47952212,47929137,23075,250000000
nmc_t6plain_dst_s0,fp32,191,132,47952264,47929187,23077,250000000
nmc_t6plain_dst_s0,fp32,192,133,47952230,47929155,23075,250000000
nmc_t6plain_dst_s0,fp32,193,134,47952245,47929179,23066,250000000
nmc_t6plain_dst_s0,fp32,194,135,47952138,47929064,23074,250000000
nmc_t6plain_dst_s0,fp32,195,136,47952085,47929011,23074,250000000
nmc_t6plain_dst_s0,fp32,196,137,47952034,47928960,23074,250000000
nmc_t6plain_dst_s0,fp32,197,138,47952208,47929133,23075,250000000
nmc_t6plain_dst_s0,fp32,198,139,47952118,47929043,23075,250000000
nmc_t6plain_dst_s0,fp32,199,140,47951981,47928907,23074,250000000
nmc_t6plain_dst_s0,fp32,200,141,47951924,47928849,23075,250000000
nmc_t6plain_dst_s0,fp32,201,142,47951890,47928815,23075,250000000
nmc_t6plain_dst_s0,fp32,202,143,47951716,47928641,23075,250000000
nmc_t6plain_dst_s0,fp32,203,144,47951704,47928629,23075,250000000
nmc_t6plain_dst_s0,fp32,204,145,47951702,47928627,23075,250000000
nmc_t6plain_dst_s0,fp32,205,146,47951761,47928686,23075,250000000
nmc_t6plain_dst_s0,fp32,206,147,47951951,47928876,23075,250000000
nmc_t6plain_dst_s0,fp32,207,148,47952277,47929202,23075,250000000
nmc_t6plain_dst_s0,fp32,208,149,47952732,47929657,23075,250000000
nmc_t6plain_dst_s0,fp32,209,150,47952911,47929836,23075,250000000
nmc_t6plain_dst_s0,fp32,210,151,47953200,47930125,23075,250000000
nmc_t6plain_dst_s0,fp32,211,152,47953159,47930084,23075,250000000
nmc_t6plain_dst_s0,fp32,212,153,47953358,47930283,23075,250000000
nmc_t6plain_dst_s0,fp32,213,154,47953290,47930215,23075,250000000
nmc_t6plain_dst_s0,fp32,214,155,47953504,47930429,23075,250000000
nmc_t6plain_dst_s0,fp32,215,156,47953742,47930667,23075,250000000
nmc_t6plain_dst_s0,fp32,216,157,47953617,47930542,23075,250000000
nmc_t6plain_dst_s0,fp32,217,158,47953926,47930851,23075,250000000
nmc_t6plain_dst_s0,fp32,218,159,47954035,47930960,23075,250000000
nmc_t6plain_dst_s0,fp32,219,160,47954346,47931271,23075,250000000
nmc_t6plain_dst_s0,fp32,220,161,47954634,47931552,23082,250000000
nmc_t6plain_dst_s0,fp32,221,162,47954850,47931766,23084,250000000
nmc_t6plain_dst_s0,fp32,222,163,47955497,47932422,23075,250000000
nmc_t6plain_dst_s0,fp32,223,164,47955769,47932694,23075,250000000
nmc_t6plain_dst_s0,fp32,224,165,47955714,47932639,23075,250000000
nmc_t6plain_dst_s0,fp32,225,166,47956147,47933072,23075,250000000
nmc_t6plain_dst_s0,fp32,226,167,47955905,47932830,23075,250000000
nmc_t6plain_dst_s0,fp32,227,168,47955396,47932321,23075,250000000
nmc_t6plain_dst_s0,fp32,228,169,47955652,47932577,23075,250000000
nmc_t6plain_dst_s0,fp32,229,170,47955755,47932680,23075,250000000
nmc_t6plain_dst_s0,fp32,230,171,47955921,47932846,23075,250000000
nmc_t6plain_dst_s0,fp32,231,172,47956046,47932971,23075,250000000
nmc_t6plain_dst_s0,fp32,232,173,47956160,47933085,23075,250000000
nmc_t6plain_dst_s0,fp32,233,174,47956533,47933458,23075,250000000
nmc_t6plain_dst_s0,fp32,234,175,47956793,47933718,23075,250000000
nmc_t6plain_dst_s0,fp32,235,176,47957402,47934327,23075,250000000
nmc_t6plain_dst_s0,fp32,236,177,47957421,47934346,23075,250000000
nmc_t6plain_dst_s0,fp32,237,178,47957224,47934149,23075,250000000
nmc_t6plain_dst_s0,fp32,238,179,47956445,47933363,23082,250000000
nmc_t6plain_dst_s0,fp32,239,180,47955686,47932604,23082,250000000
nmc_t6plain_dst_s0,fp32,240,181,47955038,47931963,23075,250000000
nmc_t6plain_dst_s0,fp32,241,182,47954251,47931176,23075,250000000
nmc_t6plain_dst_s0,fp32,242,183,47953401,47930326,23075,250000000
nmc_t6plain_dst_s0,fp32,243,184,47952693,47929618,23075,250000000
nmc_t6plain_dst_s0,fp32,244,185,47951746,47928671,23075,250000000
nmc_t6plain_dst_s0,fp32,245,186,47950929,47927854,23075,250000000
nmc_t6plain_dst_s0,fp32,246,187,47950021,47926940,23081,250000000
nmc_t6plain_dst_s0,fp32,247,188,47949099,47926016,23083,250000000
nmc_t6plain_dst_s0,fp32,248,189,47948430,47925349,23081,250000000
nmc_t6plain_dst_s0,fp32,249,190,47947911,47924830,23081,250000000
nmc_t6plain_dst_s0,fp32,250,191,47947265,47924182,23083,250000000
nmc_t6plain_dst_s0,fp32,251,192,47946880,47923806,23074,250000000
nmc_t6plain_dst_s0,fp32,252,193,47946252,47923178,23074,250000000
nmc_t6plain_dst_s0,fp32,253,194,47945580,47922506,23074,250000000
nmc_t6plain_dst_s0,fp32,254,195,47944929,47921848,23081,250000000
nmc_t6plain_dst_s0,fp32,255,196,47944404,47921330,23074,250000000
nmc_t6plain_dst_s0,fp32,256,197,47943775,47920701,23074,250000000
nmc_t6plain_dst_s0,fp32,257,198,47943121,47920047,23074,250000000
nmc_t6plain_dst_s0,fp32,258,199,47942521,47919447,23074,250000000
nmc_t6plain_dst_s0,fp32,259,200,47941963,47918889,23074,250000000
nmc_t6plain_dst_s0,fp32,260,201,47941336,47918262,23074,250000000
nmc_t6plain_dst_s0,fp32,261,202,47940760,47917686,23074,250000000
nmc_t6plain_dst_s0,fp32,262,203,47940153,47917079,23074,250000000
nmc_t6plain_dst_s0,fp32,263,204,47939619,47916545,23074,250000000
nmc_t6plain_dst_s0,fp32,264,205,47939311,47916237,23074,250000000
nmc_t6plain_dst_s0,fp32,265,206,47938947,47915873,23074,250000000
nmc_t6plain_dst_s0,fp32,266,207,47938386,47915312,23074,250000000
nmc_t6plain_dst_s0,fp32,267,208,47937879,47914805,23074,250000000
nmc_t6plain_dst_s0,fp32,268,209,47937234,47914160,23074,250000000
nmc_t6plain_dst_s0,fp32,269,210,47936924,47913860,23064,250000000
nmc_t6plain_dst_s0,fp32,270,211,47936607,47913543,23064,250000000
nmc_t6plain_dst_s0,fp32,271,212,47936220,47913156,23064,250000000
nmc_t6plain_dst_s0,fp32,272,213,47935851,47912787,23064,250000000
nmc_t6plain_dst_s0,fp32,273,214,47935375,47912311,23064,250000000
nmc_t6plain_dst_s0,fp32,274,215,47935188,47912124,23064,250000000
nmc_t6plain_dst_s0,fp32,275,216,47934631,47911567,23064,250000000
nmc_t6plain_dst_s0,fp32,276,217,47934401,47911337,23064,250000000
nmc_t6plain_dst_s0,fp32,277,218,47934261,47911186,23075,250000000
nmc_t6plain_dst_s0,fp32,278,219,47933946,47910871,23075,250000000
nmc_t6plain_dst_s0,fp32,279,220,47933477,47910402,23075,250000000
nmc_t6plain_dst_s0,fp32,280,221,47932949,47909874,23075,250000000
nmc_t6plain_dst_s0,fp32,281,222,47932550,47909475,23075,250000000
nmc_t6plain_dst_s0,fp32,282,223,47932049,47908974,23075,250000000
nmc_t6plain_dst_s0,fp32,283,224,47931375,47908300,23075,250000000
nmc_t6plain_dst_s0,fp32,284,225,47930737,47907662,23075,250000000
nmc_t6plain_dst_s0,fp32,285,226,47930123,47907048,23075,250000000
nmc_t6plain_dst_s0,fp32,286,227,47929917,47906842,23075,250000000
nmc_t6plain_dst_s0,fp32,287,228,47929894,47906819,23075,250000000
nmc_t6plain_dst_s0,fp32,288,229,47930672,47907597,23075,250000000
nmc_t6plain_dst_s0,fp32,289,230,47931793,47908718,23075,250000000
nmc_t6plain_dst_s0,fp32,290,231,47932515,47909440,23075,250000000
nmc_t6plain_dst_s0,fp32,291,232,47933254,47910179,23075,250000000
nmc_t6plain_dst_s0,fp32,292,233,47934226,47911151,23075,250000000
nmc_t6plain_dst_s0,fp32,293,234,47935239,47912164,23075,250000000
nmc_t6plain_dst_s0,fp32,294,235,47935903,47912828,23075,250000000
nmc_t6plain_dst_s0,fp32,295,236,47936719,47913644,23075,250000000
nmc_t6plain_dst_s0,fp32,296,237,47937261,47914186,23075,250000000
nmc_t6plain_dst_s0,fp32,297,238,47937469,47914394,23075,250000000
nmc_t6plain_dst_s0,fp32,298,239,47937774,47914699,23075,250000000
nmc_t6plain_dst_s0,fp32,299,240,47938278,47915203,23075,250000000
nmc_t6plain_dst_s0,fp32,300,241,47938709,47915634,23075,250000000
nmc_t6plain_dst_s0,fp32,301,242,47939125,47916050,23075,250000000
nmc_t6plain_dst_s0,fp32,302,243,47939752,47916677,23075,250000000
nmc_t6plain_dst_s0,fp32,303,244,47940040,47916965,23075,250000000
nmc_t6plain_dst_s0,fp32,304,245,47940373,47917298,23075,250000000
nmc_t6plain_dst_s0,fp32,305,246,47940898,47917823,23075,250000000
nmc_t6plain_dst_s0,fp32,306,247,47941256,47918181,23075,250000000
nmc_t6plain_dst_s0,fp32,307,248,47941787,47918712,23075,250000000
nmc_t6plain_dst_s0,fp32,308,249,47942246,47919171,23075,250000000
nmc_t6plain_dst_s0,fp32,309,250,47942429,47919349,23080,250000000
nmc_t6plain_dst_s0,fp32,310,251,47943004,47919922,23082,250000000
nmc_t6plain_dst_s0,fp32,311,252,47943479,47920399,23080,250000000
nmc_t6plain_dst_s0,fp32,312,253,47943782,47920702,23080,250000000
nmc_t6plain_dst_s0,fp32,313,254,47944351,47921271,23080,250000000
nmc_t6plain_dst_s0,fp32,314,255,47944618,47921538,23080,250000000
nmc_t6plain_dst_s0,fp32,315,256,47944877,47921797,23080,250000000
nmc_t6plain_dst_s0,fp32,316,257,47945049,47921969,23080,250000000
nmc_t6plain_dst_s0,fp32,317,258,47945400,47922325,23075,250000000
nmc_t6plain_dst_s0,fp32,318,259,47945509,47922434,23075,250000000
nmc_t6plain_dst_s0,fp32,319,260,47946072,47922997,23075,250000000
nmc_t6plain_dst_s0,fp32,320,261,47946525,47923450,23075,250000000
nmc_t6plain_dst_s0,fp32,321,262,47946858,47923783,23075,250000000
nmc_t6plain_dst_s0,fp32,322,263,47947138,47924072,23066,250000000
nmc_t6plain_dst_s0,fp32,323,264,47947700,47924626,23074,250000000
nmc_t6plain_dst_s0,fp32,324,265,47948148,47925073,23075,250000000
nmc_t6plain_dst_s0,fp32,325,266,47948463,47925397,23066,250000000
nmc_t6plain_dst_s0,fp32,326,267,47948527,47925453,23074,250000000
nmc_t6plain_dst_s0,fp32,327,268,47948832,47925756,23076,250000000
nmc_t6plain_dst_s0,fp32,328,269,47949233,47926159,23074,250000000
nmc_t6plain_dst_s0,fp32,329,270,47949531,47926456,23075,250000000
nmc_t6plain_dst_s0,fp32,330,271,47950014,47926939,23075,250000000
nmc_t6plain_dst_s0,fp32,331,272,47950451,47927374,23077,250000000
nmc_t6plain_dst_s0,fp32,332,273,47950807,47927730,23077,250000000
nmc_t6plain_dst_s0,fp32,333,274,47951109,47928034,23075,250000000
nmc_t6plain_dst_s0,fp32,334,275,47951498,47928423,23075,250000000
nmc_t6plain_dst_s0,fp32,335,276,47951836,47928762,23074,250000000
nmc_t6plain_dst_s0,fp32,336,277,47952187,47929121,23066,250000000
nmc_t6plain_dst_s0,fp32,337,278,47952478,47929403,23075,250000000
nmc_t6plain_dst_s0,fp32,338,279,47952903,47929828,23075,250000000
nmc_t6plain_dst_s0,fp32,339,280,47953339,47930265,23074,250000000
nmc_t6plain_dst_s0,fp32,340,281,47953769,47930695,23074,250000000
nmc_t6plain_dst_s0,fp32,341,282,47954078,47931004,23074,250000000
nmc_t6plain_dst_s0,fp32,342,283,47954530,47931455,23075,250000000
nmc_t6plain_dst_s0,fp32,343,284,47954855,47931781,23074,250000000
nmc_t6plain_dst_s0,fp32,344,285,47955440,47932365,23075,250000000
nmc_t6plain_dst_s0,fp32,345,286,47955929,47932854,23075,250000000
nmc_t6plain_dst_s0,fp32,346,287,47956407,47933333,23074,250000000
nmc_t6plain_dst_s0,fp32,347,288,47956863,47933788,23075,250000000
nmc_t6plain_dst_s0,fp32,348,289,47957253,47934178,23075,250000000
nmc_t6plain_dst_s0,fp32,349,290,47957679,47934605,23074,250000000
nmc_t6plain_dst_s0,fp32,350,291,47958026,47934951,23075,250000000
nmc_t6plain_dst_s0,fp32,351,292,47958383,47935308,23075,250000000
nmc_t6plain_dst_s0,fp32,352,293,47958577,47935511,23066,250000000
nmc_t6plain_dst_s0,fp32,353,294,47958723,47935648,23075,250000000
nmc_t6plain_dst_s0,fp32,354,295,47958647,47935572,23075,250000000
nmc_t6plain_dst_s0,fp32,355,296,47958355,47935291,23064,250000000
nmc_t6plain_dst_s0,fp32,356,297,47958287,47935213,23074,250000000
nmc_t6plain_dst_s0,fp32,357,298,47957838,47934763,23075,250000000
nmc_t6plain_dst_s0,fp32,358,299,47957482,47934407,23075,250000000
nmc_t6plain_dst_s0,fp32,359,300,47957899,47934824,23075,250000000
nmc_t6plain_dst_s0,fp32,360,301,47958505,47935430,23075,250000000
nmc_t6plain_dst_s0,fp32,361,302,47958861,47935786,23075,250000000
nmc_t6plain_dst_s0,fp32,362,303,47959283,47936207,23076,250000000
nmc_t6plain_dst_s0,fp32,363,304,47959921,47936846,23075,250000000
nmc_t6plain_dst_s0,fp32,364,305,47960907,47937832,23075,250000000
nmc_t6plain_dst_s0,fp32,365,306,47961907,47938841,23066,250000000
nmc_t6plain_dst_s0,fp32,366,307,47962917,47939851,23066,250000000
nmc_t6plain_dst_s0,fp32,367,308,47963162,47940096,23066,250000000
nmc_t6plain_dst_s0,fp32,368,309,47963348,47940273,23075,250000000
nmc_t6plain_dst_s0,fp32,369,310,47963560,47940494,23066,250000000
nmc_t6plain_dst_s0,fp32,370,311,47963655,47940581,23074,250000000
nmc_t6plain_dst_s0,fp32,371,312,47963955,47940889,23066,250000000
nmc_t6plain_dst_s0,fp32,372,313,47964042,47940967,23075,250000000
nmc_t6plain_dst_s0,fp32,373,314,47964164,47941089,23075,250000000
nmc_t6plain_dst_s0,fp32,374,315,47964498,47941423,23075,250000000
nmc_t6plain_dst_s0,fp32,375,316,47964437,47941362,23075,250000000
nmc_t6plain_dst_s0,fp32,376,317,47964760,47941685,23075,250000000
nmc_t6plain_dst_s0,fp32,377,318,47964838,47941763,23075,250000000
nmc_t6plain_dst_s0,fp32,378,319,47964979,47941904,23075,250000000
nmc_t6plain_dst_s0,fp32,379,320,47965033,47941958,23075,250000000
nmc_t6plain_dst_s0,fp32,380,321,47964977,47941895,23082,250000000
nmc_t6plain_dst_s0,fp32,381,322,47964810,47941726,23084,250000000
nmc_t6plain_dst_s0,fp32,382,323,47964646,47941571,23075,250000000
nmc_t6plain_dst_s0,fp32,383,324,47964642,47941567,23075,250000000
nmc_t6plain_dst_s0,fp32,384,325,47964565,47941490,23075,250000000
nmc_t6plain_dst_s0,fp32,385,326,47964351,47941276,23075,250000000
nmc_t6plain_dst_s0,fp32,386,327,47964272,47941197,23075,250000000
nmc_t6plain_dst_s0,fp32,387,328,47964148,47941073,23075,250000000
nmc_t6plain_dst_s0,fp32,388,329,47964015,47940940,23075,250000000
nmc_t6plain_dst_s0,fp32,389,330,47963425,47940350,23075,250000000
nmc_t6plain_dst_s0,fp32,390,331,47963062,47939987,23075,250000000
nmc_t6plain_dst_s0,fp32,391,332,47962860,47939785,23075,250000000
nmc_t6plain_dst_s0,fp32,392,333,47962564,47939489,23075,250000000
nmc_t6plain_dst_s0,fp32,393,334,47962143,47939068,23075,250000000
nmc_t6plain_dst_s0,fp32,394,335,47962009,47938934,23075,250000000
nmc_t6plain_dst_s0,fp32,395,336,47961726,47938651,23075,250000000
nmc_t6plain_dst_s0,fp32,396,337,47961629,47938554,23075,250000000
nmc_t6plain_dst_s0,fp32,397,338,47961364,47938289,23075,250000000
nmc_t6plain_dst_s0,fp32,398,339,47960953,47937878,23075,250000000
nmc_t6plain_dst_s0,fp32,399,340,47960355,47937280,23075,250000000
nmc_t6plain_dst_s0,fp32,400,341,47959644,47936569,23075,250000000
nmc_t6plain_dst_s0,fp32,401,342,47958864,47935789,23075,250000000
nmc_t6plain_dst_s0,fp32,402,343,47958413,47935331,23082,250000000
nmc_t6plain_dst_s0,fp32,403,344,47958101,47935017,23084,250000000
nmc_t6plain_dst_s0,fp32,404,345,47957650,47934575,23075,250000000
nmc_t6plain_dst_s0,fp32,405,346,47957580,47934505,23075,250000000
nmc_t6plain_dst_s0,fp32,406,347,47957778,47934703,23075,250000000
nmc_t6plain_dst_s0,fp32,407,348,47957504,47934429,23075,250000000
nmc_t6plain_dst_s0,fp32,408,349,47957411,47934336,23075,250000000
nmc_t6plain_dst_s0,fp32,409,350,47957096,47934021,23075,250000000
nmc_t6plain_dst_s0,fp32,410,351,47957021,47933946,23075,250000000
nmc_t6plain_dst_s0,fp32,411,352,47956798,47933723,23075,250000000
nmc_t6plain_dst_s0,fp32,412,353,47956862,47933798,23064,250000000
nmc_t6plain_dst_s0,fp32,413,354,47957125,47934061,23064,250000000
nmc_t6plain_dst_s0,fp32,414,355,47957352,47934288,23064,250000000
nmc_t6plain_dst_s0,fp32,415,356,47957533,47934469,23064,250000000
nmc_t6plain_dst_s0,fp32,416,357,47957607,47934543,23064,250000000
nmc_t6plain_dst_s0,fp32,417,358,47957828,47934764,23064,250000000
nmc_t6plain_dst_s0,fp32,418,359,47958059,47934995,23064,250000000
nmc_t6plain_dst_s0,fp32,419,360,47958027,47934963,23064,250000000
nmc_t6plain_dst_s0,fp32,420,361,47958018,47934944,23074,250000000
nmc_t6plain_dst_s0,fp32,421,362,47958163,47935088,23075,250000000
nmc_t6plain_dst_s0,fp32,422,363,47958250,47935175,23075,250000000
nmc_t6plain_dst_s0,fp32,423,364,47958373,47935298,23075,250000000
nmc_t6plain_dst_s0,fp32,424,365,47958363,47935288,23075,250000000
nmc_t6plain_dst_s0,fp32,425,366,47958333,47935259,23074,250000000
nmc_t6plain_dst_s0,fp32,426,367,47958359,47935282,23077,250000000
nmc_t6plain_dst_s0,fp32,427,368,47958307,47935232,23075,250000000
nmc_t6plain_dst_s0,fp32,428,369,47958221,47935147,23074,250000000
nmc_t6plain_dst_s0,fp32,429,370,47958136,47935061,23075,250000000
nmc_t6plain_dst_s0,fp32,430,371,47958053,47934978,23075,250000000
nmc_t6plain_dst_s0,fp32,431,372,47957943,47934868,23075,250000000
nmc_t6plain_dst_s0,fp32,432,373,47957597,47934522,23075,250000000
nmc_t6plain_dst_s0,fp32,433,374,47957455,47934380,23075,250000000
nmc_t6plain_dst_s0,fp32,434,375,47957260,47934183,23077,250000000
nmc_t6plain_dst_s0,fp32,435,376,47956937,47933862,23075,250000000
nmc_t6plain_dst_s0,fp32,436,377,47956855,47933780,23075,250000000
nmc_t6plain_dst_s0,fp32,437,378,47956731,47933649,23082,250000000
nmc_t6plain_dst_s0,fp32,438,379,47956796,47933712,23084,250000000
nmc_t6plain_dst_s0,fp32,439,380,47956685,47933610,23075,250000000
nmc_t6plain_dst_s0,fp32,440,381,47956960,47933885,23075,250000000
nmc_t6plain_dst_s0,fp32,441,382,47956841,47933766,23075,250000000
nmc_t6plain_dst_s0,fp32,442,383,47957274,47934199,23075,250000000
nmc_t6plain_dst_s0,fp32,443,384,47957666,47934591,23075,250000000
nmc_t6plain_dst_s0,fp32,444,385,47957954,47934879,23075,250000000
nmc_t6plain_dst_s0,fp32,445,386,47958313,47935238,23075,250000000
nmc_t6plain_dst_s0,fp32,446,387,47958437,47935362,23075,250000000
nmc_t6plain_dst_s0,fp32,447,388,47958757,47935682,23075,250000000
nmc_t6plain_dst_s0,fp32,448,389,47958797,47935722,23075,250000000
nmc_t6plain_dst_s0,fp32,449,390,47959067,47935992,23075,250000000
nmc_t6plain_dst_s0,fp32,450,391,47959288,47936213,23075,250000000
nmc_t6plain_dst_s0,fp32,451,392,47959677,47936602,23075,250000000
nmc_t6plain_dst_s0,fp32,452,393,47960139,47937064,23075,250000000
nmc_t6plain_dst_s0,fp32,453,394,47960335,47937260,23075,250000000
nmc_t6plain_dst_s0,fp32,454,395,47960363,47937288,23075,250000000
nmc_t6plain_dst_s0,fp32,455,396,47960431,47937356,23075,250000000
nmc_t6plain_dst_s0,fp32,456,397,47960419,47937344,23075,250000000
nmc_t6plain_dst_s0,fp32,457,398,47960344,47937269,23075,250000000
nmc_t6plain_dst_s0,fp32,458,399,47960081,47937006,23075,250000000
nmc_t6plain_dst_s0,fp32,459,400,47959565,47936490,23075,250000000
nmc_t6plain_dst_s0,fp32,460,401,47959452,47936377,23075,250000000
nmc_t6plain_dst_s0,fp32,461,402,47958738,47935663,23075,250000000
nmc_t6plain_dst_s0,fp32,462,403,47958614,47935539,23075,250000000
nmc_t6plain_dst_s0,fp32,463,404,47958500,47935425,23075,250000000
nmc_t6plain_dst_s0,fp32,464,405,47958562,47935487,23075,250000000
nmc_t6plain_dst_s0,fp32,465,406,47958825,47935750,23075,250000000
nmc_t6plain_dst_s0,fp32,466,407,47959088,47936013,23075,250000000
nmc_t6plain_dst_s0,fp32,467,408,47959423,47936348,23075,250000000
nmc_t6plain_dst_s0,fp32,468,409,47959742,47936667,23075,250000000
nmc_t6plain_dst_s0,fp32,469,410,47959959,47936884,23075,250000000
nmc_t6plain_dst_s0,fp32,470,411,47960012,47936937,23075,250000000
nmc_t6plain_dst_s0,fp32,471,412,47960008,47936933,23075,250000000
nmc_t6plain_dst_s0,fp32,472,413,47960025,47936950,23075,250000000
nmc_t6plain_dst_s0,fp32,473,414,47959950,47936875,23075,250000000
nmc_t6plain_dst_s0,fp32,474,415,47960073,47936998,23075,250000000
nmc_t6plain_dst_s0,fp32,475,416,47960068,47936993,23075,250000000
nmc_t6plain_dst_s0,fp32,476,417,47960119,47937044,23075,250000000
nmc_t6plain_dst_s0,fp32,477,418,47959998,47936923,23075,250000000
nmc_t6plain_dst_s0,fp32,478,419,47959896,47936821,23075,250000000
nmc_t6plain_dst_s0,fp32,479,420,47959890,47936815,23075,250000000
nmc_t6plain_dst_s0,fp32,480,421,47960013,47936938,23075,250000000
nmc_t6plain_dst_s0,fp32,481,422,47960063,47936988,23075,250000000
nmc_t6plain_dst_s0,fp32,482,423,47960056,47936981,23075,250000000
nmc_t6plain_dst_s0,fp32,483,424,47960110,47937035,23075,250000000
nmc_t6plain_dst_s0,fp32,484,425,47960378,47937303,23075,250000000
nmc_t6plain_dst_s0,fp32,485,426,47960547,47937472,23075,250000000
nmc_t6plain_dst_s0,fp32,486,427,47960622,47937547,23075,250000000
nmc_t6plain_dst_s0,fp32,487,428,47960630,47937555,23075,250000000
nmc_t6plain_dst_s0,fp32,488,429,47960685,47937610,23075,250000000
nmc_t6plain_dst_s0,fp32,489,430,47960882,47937807,23075,250000000
nmc_t6plain_dst_s0,fp32,490,431,47960952,47937877,23075,250000000
nmc_t6plain_dst_s0,fp32,491,432,47960899,47937824,23075,250000000
nmc_t6plain_dst_s0,fp32,492,433,47960889,47937814,23075,250000000
nmc_t6plain_dst_s0,fp32,493,434,47960923,47937848,23075,250000000
nmc_t6plain_dst_s0,fp32,494,435,47960938,47937863,23075,250000000
nmc_t6plain_dst_s0,fp32,495,436,47960868,47937793,23075,250000000
nmc_t6plain_dst_s0,fp32,496,437,47960853,47937778,23075,250000000
nmc_t6plain_dst_s0,fp32,497,438,47960862,47937787,23075,250000000
nmc_t6plain_dst_s0,fp32,498,439,47960746,47937671,23075,250000000
nmc_t6plain_dst_s0,fp32,499,440,47960637,47937562,23075,250000000
nmc_t6plain_dst_s0,fp32,500,441,47960529,47937454,23075,250000000
nmc_t6plain_dst_s0,fp32,501,442,47960439,47937364,23075,250000000
nmc_t6plain_dst_s0,fp32,502,443,47960431,47937356,23075,250000000
nmc_t6plain_dst_s0,fp32,503,444,47960354,47937279,23075,250000000
nmc_t6plain_dst_s0,fp32,504,445,47960281,47937206,23075,250000000
nmc_t6plain_dst_s0,fp32,505,446,47960032,47936957,23075,250000000
nmc_t6plain_dst_s0,fp32,506,447,47959868,47936793,23075,250000000
nmc_t6plain_dst_s0,fp32,507,448,47959864,47936789,23075,250000000
nmc_t6plain_dst_s0,fp32,508,449,47959723,47936648,23075,250000000
nmc_t6plain_dst_s0,fp32,509,450,47959493,47936418,23075,250000000
nmc_t6plain_dst_s0,fp32,510,451,47959524,47936449,23075,250000000
nmc_t6plain_dst_s0,fp32,511,452,47959428,47936353,23075,250000000
nmc_t6plain_dst_s0,fp32,512,453,47959411,47936336,23075,250000000
nmc_t6plain_dst_s0,fp32,513,454,47959319,47936244,23075,250000000
nmc_t6plain_dst_s0,fp32,514,455,47959256,47936181,23075,250000000
nmc_t6plain_dst_s0,fp32,515,456,47959252,47936177,23075,250000000
nmc_t6plain_dst_s0,fp32,516,457,47959052,47935977,23075,250000000
nmc_t6plain_dst_s0,fp32,517,458,47959169,47936094,23075,250000000
nmc_t6plain_dst_s0,fp32,518,459,47959144,47936069,23075,250000000
nmc_t6plain_dst_s0,fp32,519,460,47959012,47935937,23075,250000000
nmc_t6plain_dst_s0,fp32,520,461,47958989,47935914,23075,250000000
nmc_t6plain_dst_s0,fp32,521,462,47958863,47935788,23075,250000000
nmc_t6plain_dst_s0,fp32,522,463,47958700,47935625,23075,250000000
nmc_t6plain_dst_s0,fp32,523,464,47958723,47935648,23075,250000000
nmc_t6plain_dst_s0,fp32,524,465,47958784,47935702,23082,250000000
nmc_t6plain_dst_s0,fp32,525,466,47958789,47935705,23084,250000000
nmc_t6plain_dst_s0,fp32,526,467,47958913,47935838,23075,250000000
nmc_t6plain_dst_s0,fp32,527,468,47958781,47935699,23082,250000000
nmc_t6plain_dst_s0,fp32,528,469,47958902,47935818,23084,250000000
nmc_t6plain_dst_s0,fp32,529,470,47958877,47935802,23075,250000000
nmc_t6plain_dst_s0,fp32,530,471,47958920,47935845,23075,250000000
nmc_t6plain_dst_s0,fp32,531,472,47958805,47935730,23075,250000000
nmc_t6plain_dst_s0,fp32,532,473,47958773,47935698,23075,250000000
nmc_t6plain_dst_s0,fp32,533,474,47958697,47935622,23075,250000000
nmc_t6plain_dst_s0,fp32,534,475,47958625,47935550,23075,250000000
nmc_t6plain_dst_s0,fp32,535,476,47958569,47935505,23064,250000000
nmc_t6plain_dst_s0,fp32,536,477,47958774,47935710,23064,250000000
nmc_t6plain_dst_s0,fp32,537,478,47958851,47935787,23064,250000000
nmc_t6plain_dst_s0,fp32,538,479,47958952,47935886,23066,250000000
nmc_t6plain_dst_s0,fp32,539,480,47959090,47936026,23064,250000000
nmc_t6plain_dst_s0,fp32,540,481,47959329,47936265,23064,250000000
nmc_t6plain_dst_s0,fp32,541,482,47959605,47936541,23064,250000000
nmc_t6plain_dst_s0,fp32,542,483,47959821,47936757,23064,250000000
nmc_t6plain_dst_s0,fp32,543,484,47959912,47936838,23074,250000000
nmc_t6plain_dst_s0,fp32,544,485,47959896,47936821,23075,250000000
nmc_t6plain_dst_s0,fp32,545,486,47960187,47937112,23075,250000000
nmc_t6plain_dst_s0,fp32,546,487,47960375,47937300,23075,250000000
nmc_t6plain_dst_s0,fp32,547,488,47960677,47937602,23075,250000000
nmc_t6plain_dst_s0,fp32,548,489,47960967,47937892,23075,250000000
nmc_t6plain_dst_s0,fp32,549,490,47961275,47938200,23075,250000000
nmc_t6plain_dst_s0,fp32,550,491,47961682,47938605,23077,250000000
nmc_t6plain_dst_s0,fp32,551,492,47962074,47938999,23075,250000000
nmc_t6plain_dst_s0,fp32,552,493,47962345,47939279,23066,250000000
nmc_t6plain_dst_s0,fp32,553,494,47962814,47939739,23075,250000000
nmc_t6plain_dst_s0,fp32,554,495,47963146,47940071,23075,250000000
nmc_t6plain_dst_s0,fp32,555,496,47963483,47940417,23066,250000000
nmc_t6plain_dst_s0,fp32,556,497,47963765,47940691,23074,250000000
nmc_t6plain_dst_s0,fp32,557,498,47964079,47941004,23075,250000000
nmc_t6plain_dst_s0,fp32,558,499,47964398,47941323,23075,250000000
nmc_t6plain_dst_s0,fp32,559,500,47964512,47941437,23075,250000000
nmc_t6plain_dst_s0,fp32,560,501,47964628,47941553,23075,250000000
nmc_t6plain_dst_s0,fp32,561,502,47964599,47941524,23075,250000000
nmc_t6plain_dst_s0,fp32,562,503,47964744,47941669,23075,250000000
nmc_t6plain_dst_s0,fp32,563,504,47964777,47941702,23075,250000000
nmc_t6plain_dst_s0,fp32,564,505,47964643,47941568,23075,250000000
nmc_t6plain_dst_s0,fp32,565,506,47964818,47941743,23075,250000000
nmc_t6plain_dst_s0,fp32,566,507,47964695,47941620,23075,250000000
nmc_t6plain_dst_s0,fp32,567,508,47964674,47941599,23075,250000000
nmc_t6plain_dst_s0,fp32,568,509,47964973,47941898,23075,250000000
nmc_t6plain_dst_s0,fp32,569,510,47965283,47942208,23075,250000000
nmc_t6plain_dst_s0,fp32,570,511,47965431,47942356,23075,250000000
nmc_t6plain_dst_s0,fp32,571,512,47965355,47942280,23075,250000000
nmc_t6plain_dst_s0,fp32,572,513,47965473,47942398,23075,250000000
nmc_t6plain_dst_s0,fp32,573,514,47965968,47942893,23075,250000000
nmc_t6plain_dst_s0,fp32,574,515,47966233,47943158,23075,250000000
nmc_t6plain_dst_s0,fp32,575,516,47966390,47943315,23075,250000000
nmc_t6plain_dst_s0,fp32,576,517,47966380,47943305,23075,250000000
nmc_t6plain_dst_s0,fp32,577,518,47966302,47943227,23075,250000000
nmc_t6plain_dst_s0,fp32,578,519,47966290,47943215,23075,250000000
nmc_t6plain_dst_s0,fp32,579,520,47966320,47943245,23075,250000000
nmc_t6plain_dst_s0,fp32,580,521,47966494,47943419,23075,250000000
nmc_t6plain_dst_s0,fp32,581,522,47966209,47943134,23075,250000000
nmc_t6plain_dst_s0,fp32,582,523,47966005,47942930,23075,250000000
nmc_t6plain_dst_s0,fp32,583,524,47965358,47942283,23075,250000000
nmc_t6plain_dst_s0,fp32,584,525,47964666,47941591,23075,250000000
nmc_t6plain_dst_s0,fp32,585,526,47964688,47941613,23075,250000000
nmc_t6plain_dst_s0,fp32,586,527,47964813,47941738,23075,250000000
nmc_t6plain_dst_s0,fp32,587,528,47964655,47941580,23075,250000000
nmc_t6plain_dst_s0,fp32,588,529,47964527,47941452,23075,250000000
nmc_t6plain_dst_s0,fp32,589,530,47964290,47941215,23075,250000000
nmc_t6plain_dst_s0,fp32,590,531,47964392,47941317,23075,250000000
nmc_t6plain_dst_s0,fp32,591,532,47964380,47941305,23075,250000000
nmc_t6plain_dst_s0,fp32,592,533,47964137,47941062,23075,250000000
nmc_t6plain_dst_s0,fp32,593,534,47963956,47940881,23075,250000000
nmc_t6plain_dst_s0,fp32,594,535,47963397,47940315,23082,250000000
nmc_t6plain_dst_s0,fp32,595,536,47962586,47939504,23082,250000000
nmc_t6plain_dst_s0,fp32,596,537,47962055,47938980,23075,250000000
nmc_t6plain_dst_s0,fp32,597,538,47961268,47938193,23075,250000000
nmc_t6plain_dst_s0,fp32,598,539,47960451,47937376,23075,250000000
nmc_t6plain_dst_s0,fp32,599,540,47959506,47936424,23082,250000000
nmc_t6plain_dst_s0,fp32,600,541,47958720,47935645,23075,250000000
nmc_t6plain_dst_s0,fp32,601,542,47957769,47934694,23075,250000000
nmc_t6plain_dst_s0,fp32,602,543,47956678,47933597,23081,250000000
nmc_t6plain_dst_s0,fp32,603,544,47955946,47932863,23083,250000000
nmc_t6plain_dst_s0,fp32,604,545,47955174,47932093,23081,250000000
nmc_t6plain_dst_s0,fp32,605,546,47954378,47931304,23074,250000000
nmc_t6plain_dst_s0,fp32,606,547,47953664,47930590,23074,250000000
nmc_t6plain_dst_s0,fp32,607,548,47953304,47930230,23074,250000000
nmc_t6plain_dst_s0,fp32,608,549,47952762,47929688,23074,250000000
nmc_t6plain_dst_s0,fp32,609,550,47952252,47929178,23074,250000000
nmc_t6plain_dst_s0,fp32,610,551,47951673,47928599,23074,250000000
nmc_t6plain_dst_s0,fp32,611,552,47951292,47928218,23074,250000000
nmc_t6plain_dst_s0,fp32,612,553,47950768,47927694,23074,250000000
nmc_t6plain_dst_s0,fp32,613,554,47950291,47927217,23074,250000000
nmc_t6plain_dst_s0,fp32,614,555,47949771,47926697,23074,250000000
nmc_t6plain_dst_s0,fp32,615,556,47949346,47926272,23074,250000000
nmc_t6plain_dst_s0,fp32,616,557,47948943,47925869,23074,250000000
nmc_t6plain_dst_s0,fp32,617,558,47948608,47925534,23074,250000000
nmc_t6plain_dst_s0,fp32,618,559,47948060,47924986,23074,250000000
nmc_t6plain_dst_s0,fp32,619,560,47947636,47924562,23074,250000000
nmc_t6plain_dst_s0,fp32,620,561,47947134,47924060,23074,250000000
nmc_t6plain_dst_s0,fp32,621,562,47946880,47923806,23074,250000000
nmc_t6plain_dst_s0,fp32,622,563,47946596,47923522,23074,250000000
nmc_t6plain_dst_s0,fp32,623,564,47946232,47923158,23074,250000000
nmc_t6plain_dst_s0,fp32,624,565,47945962,47922888,23074,250000000
nmc_t6plain_dst_s0,fp32,625,566,47945335,47922261,23074,250000000
nmc_t6plain_dst_s0,fp32,626,567,47945112,47922048,23064,250000000
nmc_t6plain_dst_s0,fp32,627,568,47944817,47921753,23064,250000000
nmc_t6plain_dst_s0,fp32,628,569,47944710,47921646,23064,250000000
nmc_t6plain_dst_s0,fp32,629,570,47944552,47921488,23064,250000000
nmc_t6plain_dst_s0,fp32,630,571,47944401,47921337,23064,250000000
nmc_t6plain_dst_s0,fp32,631,572,47944168,47921104,23064,250000000
nmc_t6plain_dst_s0,fp32,632,573,47943964,47920900,23064,250000000
nmc_t6plain_dst_s0,fp32,633,574,47944146,47921082,23064,250000000
nmc_t6plain_dst_s0,fp32,634,575,47944299,47921224,23075,250000000
nmc_t6plain_dst_s0,fp32,635,576,47944452,47921377,23075,250000000
nmc_t6plain_dst_s0,fp32,636,577,47944765,47921690,23075,250000000
nmc_t6plain_dst_s0,fp32,637,578,47944865,47921790,23075,250000000
nmc_t6plain_dst_s0,fp32,638,579,47944962,47921887,23075,250000000
nmc_t6plain_dst_s0,fp32,639,580,47944939,47921864,23075,250000000
nmc_t6plain_dst_s0,fp32,640,581,47945088,47922022,23066,250000000
nmc_t6plain_dst_s0,fp32,641,582,47945646,47922571,23075,250000000
nmc_t6plain_dst_s0,fp32,642,583,47946260,47923185,23075,250000000
nmc_t6plain_dst_s0,fp32,643,584,47946296,47923221,23075,250000000
nmc_t6plain_dst_s0,fp32,644,585,47947204,47924129,23075,250000000
nmc_t6plain_dst_s0,fp32,645,586,47947750,47924675,23075,250000000
nmc_t6plain_dst_s0,fp32,646,587,47948296,47925221,23075,250000000
nmc_t6plain_dst_s0,fp32,647,588,47949221,47926146,23075,250000000
nmc_t6plain_dst_s0,fp32,648,589,47949779,47926704,23075,250000000
nmc_t6plain_dst_s0,fp32,649,590,47950313,47927238,23075,250000000
nmc_t6plain_dst_s0,fp32,650,591,47951256,47928181,23075,250000000
nmc_t6plain_dst_s0,fp32,651,592,47952383,47929308,23075,250000000
nmc_t6plain_dst_s0,fp32,652,593,47952553,47929478,23075,250000000
nmc_t6plain_dst_s0,fp32,653,594,47953180,47930105,23075,250000000
nmc_t6plain_dst_s0,fp32,654,595,47953826,47930751,23075,250000000
nmc_t6plain_dst_s0,fp32,655,596,47954366,47931291,23075,250000000
nmc_t6plain_dst_s0,fp32,656,597,47954672,47931597,23075,250000000
nmc_t6plain_dst_s0,fp32,657,598,47955122,47932047,23075,250000000
nmc_t6plain_dst_s0,fp32,658,599,47955462,47932387,23075,250000000
nmc_t6plain_dst_s0,fp32,659,600,47955770,47932695,23075,250000000
nmc_t6plain_dst_s0,fp32,660,601,47956296,47933221,23075,250000000
nmc_t6plain_dst_s0,fp32,661,602,47956647,47933572,23075,250000000
nmc_t6plain_dst_s0,fp32,662,603,47957055,47933980,23075,250000000
nmc_t6plain_dst_s0,fp32,663,604,47957233,47934158,23075,250000000
nmc_t6plain_dst_s0,fp32,664,605,47957373,47934298,23075,250000000
nmc_t6plain_dst_s0,fp32,665,606,47957574,47934494,23080,250000000
nmc_t6plain_dst_s0,fp32,666,607,47957734,47934649,23085,250000000
nmc_t6plain_dst_s0,fp32,667,608,47957854,47934774,23080,250000000
nmc_t6plain_dst_s0,fp32,668,609,47957825,47934745,23080,250000000
nmc_t6plain_dst_s0,fp32,669,610,47957862,47934782,23080,250000000
nmc_t6plain_dst_s0,fp32,670,611,47957620,47934540,23080,250000000
nmc_t6plain_dst_s0,fp32,671,612,47957343,47934263,23080,250000000
nmc_t6plain_dst_s0,fp32,672,613,47957138,47934058,23080,250000000
nmc_t6plain_dst_s0,fp32,673,614,47956872,47933798,23074,250000000
nmc_t6plain_dst_s0,fp32,674,615,47957299,47934224,23075,250000000
nmc_t6plain_dst_s0,fp32,675,616,47957616,47934541,23075,250000000
nmc_t6plain_dst_s0,fp32,676,617,47957330,47934255,23075,250000000
nmc_t6plain_dst_s0,fp32,677,618,47957261,47934195,23066,250000000
nmc_t6plain_dst_s0,fp32,678,619,47956990,47933915,23075,250000000
nmc_t6plain_dst_s0,fp32,679,620,47957184,47934109,23075,250000000
nmc_t6plain_dst_s0,fp32,680,621,47957456,47934381,23075,250000000
nmc_t6plain_dst_s0,fp32,681,622,47957608,47934542,23066,250000000
nmc_t6plain_dst_s0,fp32,682,623,47958152,47935077,23075,250000000
nmc_t6plain_dst_s0,fp32,683,624,47958228,47935153,23075,250000000
nmc_t6plain_dst_s0,fp32,684,625,47958201,47935124,23077,250000000
nmc_t6plain_dst_s0,fp32,685,626,47958197,47935123,23074,250000000
nmc_t6plain_dst_s0,fp32,686,627,47958187,47935112,23075,250000000
nmc_t6plain_dst_s0,fp32,687,628,47958233,47935158,23075,250000000
nmc_t6plain_dst_s0,fp32,688,629,47958670,47935593,23077,250000000
nmc_t6plain_dst_s0,fp32,689,630,47958992,47935917,23075,250000000
nmc_t6plain_dst_s0,fp32,690,631,47959237,47936163,23074,250000000
nmc_t6plain_dst_s0,fp32,691,632,47959443,47936368,23075,250000000
nmc_t6plain_dst_s0,fp32,692,633,47959677,47936611,23066,250000000
nmc_t6plain_dst_s0,fp32,693,634,47959968,47936893,23075,250000000
nmc_t6plain_dst_s0,fp32,694,635,47960278,47937204,23074,250000000
nmc_t6plain_dst_s0,fp32,695,636,47960403,47937329,23074,250000000
nmc_t6plain_dst_s0,fp32,696,637,47960791,47937716,23075,250000000
nmc_t6plain_dst_s0,fp32,697,638,47961096,47938021,23075,250000000
nmc_t6plain_dst_s0,fp32,698,639,47961334,47938268,23066,250000000
nmc_t6plain_dst_s0,fp32,699,640,47961746,47938680,23066,250000000
nmc_t6plain_dst_s0,fp32,700,641,47962149,47939074,23075,250000000
nmc_t6plain_dst_s0,fp32,701,642,47962656,47939581,23075,250000000
nmc_t6plain_dst_s0,fp32,702,643,47963113,47940039,23074,250000000
nmc_t6plain_dst_s0,fp32,703,644,47963359,47940284,23075,250000000
nmc_t6plain_dst_s0,fp32,704,645,47963839,47940764,23075,250000000
nmc_t6plain_dst_s0,fp32,705,646,47964360,47941285,23075,250000000
nmc_t6plain_dst_s0,fp32,706,647,47964873,47941807,23066,250000000
nmc_t6plain_dst_s0,fp32,707,648,47965239,47942165,23074,250000000
nmc_t6plain_dst_s0,fp32,708,649,47965773,47942698,23075,250000000
nmc_t6plain_dst_s0,fp32,709,650,47966236,47943161,23075,250000000
nmc_t6plain_dst_s0,fp32,710,651,47966614,47943540,23074,250000000
nmc_t6plain_dst_s0,fp32,711,652,47966715,47943640,23075,250000000
nmc_t6plain_dst_s0,fp32,712,653,47965983,47942908,23075,250000000
nmc_t6plain_dst_s0,fp32,713,654,47965078,47942003,23075,250000000
nmc_t6plain_dst_s0,fp32,714,655,47963676,47940601,23075,250000000
nmc_t6plain_dst_s0,fp32,715,656,47964261,47941186,23075,250000000
nmc_t6plain_dst_s0,fp32,716,657,47964779,47941705,23074,250000000
nmc_t6plain_dst_s0,fp32,717,658,47965726,47942651,23075,250000000
nmc_t6plain_dst_s0,fp32,718,659,47966889,47943823,23066,250000000
nmc_t6plain_dst_s0,fp32,719,660,47967726,47944649,23077,250000000
nmc_t6plain_dst_s0,fp32,720,661,47968525,47945450,23075,250000000
nmc_t6plain_dst_s0,fp32,721,662,47969683,47946606,23077,250000000
nmc_t6plain_dst_s0,fp32,722,663,47970722,47947658,23064,250000000
nmc_t6plain_dst_s0,fp32,723,664,47971081,47948004,23077,250000000
nmc_t6plain_dst_s0,fp32,724,665,47971044,47947970,23074,250000000
nmc_t6plain_dst_s0,fp32,725,666,47971276,47948201,23075,250000000
nmc_t6plain_dst_s0,fp32,726,667,47971548,47948473,23075,250000000
nmc_t6plain_dst_s0,fp32,727,668,47971882,47948807,23075,250000000
nmc_t6plain_dst_s0,fp32,728,669,47971978,47948904,23074,250000000
nmc_t6plain_dst_s0,fp32,729,670,47971946,47948871,23075,250000000
nmc_t6plain_dst_s0,fp32,730,671,47971948,47948873,23075,250000000
nmc_t6plain_dst_s0,fp32,731,672,47971792,47948717,23075,250000000
nmc_t6plain_dst_s0,fp32,732,673,47971697,47948622,23075,250000000
nmc_t6plain_dst_s0,fp32,733,674,47971568,47948493,23075,250000000
nmc_t6plain_dst_s0,fp32,734,675,47971184,47948109,23075,250000000
nmc_t6plain_dst_s0,fp32,735,676,47971050,47947975,23075,250000000
nmc_t6plain_dst_s0,fp32,736,677,47970881,47947806,23075,250000000
nmc_t6plain_dst_s0,fp32,737,678,47970723,47947641,23082,250000000
nmc_t6plain_dst_s0,fp32,738,679,47970484,47947400,23084,250000000
nmc_t6plain_dst_s0,fp32,739,680,47970460,47947385,23075,250000000
nmc_t6plain_dst_s0,fp32,740,681,47970325,47947250,23075,250000000
nmc_t6plain_dst_s0,fp32,741,682,47970276,47947201,23075,250000000
nmc_t6plain_dst_s0,fp32,742,683,47970043,47946968,23075,250000000
nmc_t6plain_dst_s0,fp32,743,684,47969967,47946892,23075,250000000
nmc_t6plain_dst_s0,fp32,744,685,47969770,47946695,23075,250000000
nmc_t6plain_dst_s0,fp32,745,686,47969674,47946599,23075,250000000
nmc_t6plain_dst_s0,fp32,746,687,47969286,47946211,23075,250000000
nmc_t6plain_dst_s0,fp32,747,688,47969189,47946114,23075,250000000
nmc_t6plain_dst_s0,fp32,748,689,47968942,47945867,23075,250000000
nmc_t6plain_dst_s0,fp32,749,690,47969081,47946006,23075,250000000
nmc_t6plain_dst_s0,fp32,750,691,47969090,47946015,23075,250000000
nmc_t6plain_dst_s0,fp32,751,692,47968836,47945761,23075,250000000
nmc_t6plain_dst_s0,fp32,752,693,47968775,47945700,23075,250000000
nmc_t6plain_dst_s0,fp32,753,694,47968732,47945657,23075,250000000
nmc_t6plain_dst_s0,fp32,754,695,47968589,47945514,23075,250000000
nmc_t6plain_dst_s0,fp32,755,696,47968855,47945780,23075,250000000
nmc_t6plain_dst_s0,fp32,756,697,47968794,47945719,23075,250000000
nmc_t6plain_dst_s0,fp32,757,698,47968688,47945613,23075,250000000
nmc_t6plain_dst_s0,fp32,758,699,47968504,47945429,23075,250000000
nmc_t6plain_dst_s0,fp32,759,700,47968308,47945226,23082,250000000
nmc_t6plain_dst_s0,fp32,760,701,47968224,47945140,23084,250000000
nmc_t6plain_dst_s0,fp32,761,702,47968194,47945119,23075,250000000
nmc_t6plain_dst_s0,fp32,762,703,47968216,47945141,23075,250000000
nmc_t6plain_dst_s0,fp32,763,704,47968170,47945088,23082,250000000
nmc_t6plain_dst_s0,fp32,764,705,47968120,47945036,23084,250000000
nmc_t6plain_dst_s0,fp32,765,706,47968091,47945025,23066,250000000
nmc_t6plain_dst_s0,fp32,766,707,47967903,47944828,23075,250000000
nmc_t6plain_dst_s0,fp32,767,708,47967936,47944861,23075,250000000
nmc_t6plain_dst_s0,fp32,768,709,47967646,47944571,23075,250000000
nmc_t6plain_dst_s0,fp32,769,710,47967745,47944681,23064,250000000
nmc_t6plain_dst_s0,fp32,770,711,47967783,47944719,23064,250000000
nmc_t6plain_dst_s0,fp32,771,712,47967701,47944626,23075,250000000
nmc_t6plain_dst_s0,fp32,772,713,47967470,47944406,23064,250000000
nmc_t6plain_dst_s0,fp32,773,714,47967578,47944514,23064,250000000
nmc_t6plain_dst_s0,fp32,774,715,47967751,47944687,23064,250000000
nmc_t6plain_dst_s0,fp32,775,716,47967828,47944764,23064,250000000
nmc_t6plain_dst_s0,fp32,776,717,47968101,47945037,23064,250000000
nmc_t6plain_dst_s0,fp32,777,718,47968152,47945077,23075,250000000
nmc_t6plain_dst_s0,fp32,778,719,47968459,47945384,23075,250000000
nmc_t6plain_dst_s0,fp32,779,720,47968596,47945521,23075,250000000
nmc_t6plain_dst_s0,fp32,780,721,47968601,47945526,23075,250000000
nmc_t6plain_dst_s0,fp32,781,722,47968734,47945660,23074,250000000
nmc_t6plain_dst_s0,fp32,782,723,47968770,47945696,23074,250000000
nmc_t6plain_dst_s0,fp32,783,724,47968837,47945761,23076,250000000
nmc_t6plain_dst_s0,fp32,784,725,47968697,47945622,23075,250000000
nmc_t6plain_dst_s0,fp32,785,726,47968559,47945493,23066,250000000
nmc_t6plain_dst_s0,fp32,786,727,47968706,47945640,23066,250000000
nmc_t6plain_dst_s0,fp32,787,728,47968722,47945647,23075,250000000
nmc_t6plain_dst_s0,fp32,788,729,47968607,47945532,23075,250000000
nmc_t6plain_dst_s0,fp32,789,730,47968631,47945556,23075,250000000
nmc_t6plain_dst_s0,fp32,790,731,47968692,47945615,23077,250000000
nmc_t6plain_dst_s0,fp32,791,732,47968755,47945680,23075,250000000
nmc_t6plain_dst_s0,fp32,792,733,47968833,47945759,23074,250000000
nmc_t6plain_dst_s0,fp32,793,734,47968893,47945818,23075,250000000
nmc_t6plain_dst_s0,fp32,794,735,47968975,47945893,23082,250000000
nmc_t6plain_dst_s0,fp32,795,736,47969167,47946083,23084,250000000
nmc_t6plain_dst_s0,fp32,796,737,47969210,47946135,23075,250000000
nmc_t6plain_dst_s0,fp32,797,738,47969328,47946253,23075,250000000
nmc_t6plain_dst_s0,fp32,798,739,47969288,47946213,23075,250000000
nmc_t6plain_dst_s0,fp32,799,740,47969420,47946345,23075,250000000
nmc_t6plain_dst_s0,fp32,800,741,47969505,47946430,23075,250000000
nmc_t6plain_dst_s0,fp32,801,742,47969682,47946607,23075,250000000
nmc_t6plain_dst_s0,fp32,802,743,47970038,47946963,23075,250000000
nmc_t6plain_dst_s0,fp32,803,744,47970346,47947271,23075,250000000
nmc_t6plain_dst_s0,fp32,804,745,47970783,47947708,23075,250000000
nmc_t6plain_dst_s0,fp32,805,746,47970964,47947889,23075,250000000
nmc_t6plain_dst_s0,fp32,806,747,47970928,47947853,23075,250000000
nmc_t6plain_dst_s0,fp32,807,748,47971022,47947947,23075,250000000
nmc_t6plain_dst_s0,fp32,808,749,47971408,47948333,23075,250000000
nmc_t6plain_dst_s0,fp32,809,750,47971515,47948440,23075,250000000
nmc_t6plain_dst_s0,fp32,810,751,47971777,47948702,23075,250000000
nmc_t6plain_dst_s0,fp32,811,752,47972235,47949160,23075,250000000
nmc_t6plain_dst_s0,fp32,812,753,47972610,47949535,23075,250000000
nmc_t6plain_dst_s0,fp32,813,754,47972564,47949489,23075,250000000
nmc_t6plain_dst_s0,fp32,814,755,47972930,47949855,23075,250000000
nmc_t6plain_dst_s0,fp32,815,756,47972818,47949743,23075,250000000
nmc_t6plain_dst_s0,fp32,816,757,47972949,47949874,23075,250000000
nmc_t6plain_dst_s0,fp32,817,758,47972959,47949884,23075,250000000
nmc_t6plain_dst_s0,fp32,818,759,47972819,47949744,23075,250000000
nmc_t6plain_dst_s0,fp32,819,760,47972863,47949788,23075,250000000
nmc_t6plain_dst_s0,fp32,820,761,47972760,47949685,23075,250000000
nmc_t6plain_dst_s0,fp32,821,762,47972673,47949598,23075,250000000
nmc_t6plain_dst_s0,fp32,822,763,47972917,47949842,23075,250000000
nmc_t6plain_dst_s0,fp32,823,764,47973165,47950090,23075,250000000
nmc_t6plain_dst_s0,fp32,824,765,47973411,47950336,23075,250000000
nmc_t6plain_dst_s0,fp32,825,766,47973705,47950630,23075,250000000
nmc_t6plain_dst_s0,fp32,826,767,47974188,47951113,23075,250000000
nmc_t6plain_dst_s0,fp32,827,768,47974379,47951304,23075,250000000
nmc_t6plain_dst_s0,fp32,828,769,47974807,47951732,23075,250000000
nmc_t6plain_dst_s0,fp32,829,770,47974933,47951858,23075,250000000
nmc_t6plain_dst_s0,fp32,830,771,47975075,47952000,23075,250000000
nmc_t6plain_dst_s0,fp32,831,772,47975278,47952203,23075,250000000
nmc_t6plain_dst_s0,fp32,832,773,47975438,47952363,23075,250000000
nmc_t6plain_dst_s0,fp32,833,774,47975657,47952582,23075,250000000
nmc_t6plain_dst_s0,fp32,834,775,47975685,47952610,23075,250000000
nmc_t6plain_dst_s0,fp32,835,776,47975549,47952474,23075,250000000
nmc_t6plain_dst_s0,fp32,836,777,47975537,47952462,23075,250000000
nmc_t6plain_dst_s0,fp32,837,778,47975797,47952722,23075,250000000
nmc_t6plain_dst_s0,fp32,838,779,47975981,47952906,23075,250000000
nmc_t6plain_dst_s0,fp32,839,780,47976219,47953144,23075,250000000
nmc_t6plain_dst_s0,fp32,840,781,47976530,47953455,23075,250000000
nmc_t6plain_dst_s0,fp32,841,782,47976763,47953688,23075,250000000
nmc_t6plain_dst_s0,fp32,842,783,47977013,47953938,23075,250000000
nmc_t6plain_dst_s0,fp32,843,784,47977026,47953951,23075,250000000
nmc_t6plain_dst_s0,fp32,844,785,47977030,47953955,23075,250000000
nmc_t6plain_dst_s0,fp32,845,786,47977051,47953976,23075,250000000
nmc_t6plain_dst_s0,fp32,846,787,47977107,47954032,23075,250000000
nmc_t6plain_dst_s0,fp32,847,788,47977254,47954179,23075,250000000
nmc_t6plain_dst_s0,fp32,848,789,47977224,47954149,23075,250000000
nmc_t6plain_dst_s0,fp32,849,790,47977194,47954119,23075,250000000
nmc_t6plain_dst_s0,fp32,850,791,47977213,47954138,23075,250000000
nmc_t6plain_dst_s0,fp32,851,792,47977243,47954168,23075,250000000
nmc_t6plain_dst_s0,fp32,852,793,47977119,47954044,23075,250000000
nmc_t6plain_dst_s0,fp32,853,794,47977228,47954153,23075,250000000
nmc_t6plain_dst_s0,fp32,854,795,47977066,47953991,23075,250000000
nmc_t6plain_dst_s0,fp32,855,796,47976937,47953862,23075,250000000
nmc_t6plain_dst_s0,fp32,856,797,47976607,47953532,23075,250000000
nmc_t6plain_dst_s0,fp32,857,798,47976645,47953570,23075,250000000
nmc_t6plain_dst_s0,fp32,858,799,47976472,47953397,23075,250000000
nmc_t6plain_dst_s0,fp32,859,800,47976437,47953362,23075,250000000
nmc_t6plain_dst_s0,fp32,860,801,47976262,47953187,23075,250000000
nmc_t6plain_dst_s0,fp32,861,802,47976194,47953119,23075,250000000
nmc_t6plain_dst_s0,fp32,862,803,47976027,47952952,23075,250000000
nmc_t6plain_dst_s0,fp32,863,804,47975981,47952906,23075,250000000
nmc_t6plain_dst_s0,fp32,864,805,47975942,47952867,23075,250000000
nmc_t6plain_dst_s0,fp32,865,806,47975866,47952791,23075,250000000
nmc_t6plain_dst_s0,fp32,866,807,47975902,47952827,23075,250000000
nmc_t6plain_dst_s0,fp32,867,808,47975824,47952749,23075,250000000
nmc_t6plain_dst_s0,fp32,868,809,47975667,47952592,23075,250000000
nmc_t6plain_dst_s0,fp32,869,810,47975629,47952554,23075,250000000
nmc_t6plain_dst_s0,fp32,870,811,47975780,47952705,23075,250000000
nmc_t6plain_dst_s0,fp32,871,812,47975729,47952654,23075,250000000
nmc_t6plain_dst_s0,fp32,872,813,47975701,47952626,23075,250000000
nmc_t6plain_dst_s0,fp32,873,814,47975767,47952692,23075,250000000
nmc_t6plain_dst_s0,fp32,874,815,47975704,47952629,23075,250000000
nmc_t6plain_dst_s0,fp32,875,816,47975648,47952573,23075,250000000
nmc_t6plain_dst_s0,fp32,876,817,47975755,47952680,23075,250000000
nmc_t6plain_dst_s0,fp32,877,818,47975789,47952714,23075,250000000
nmc_t6plain_dst_s0,fp32,878,819,47975649,47952574,23075,250000000
nmc_t6plain_dst_s0,fp32,879,820,47975600,47952525,23075,250000000
nmc_t6plain_dst_s0,fp32,880,821,47975626,47952551,23075,250000000
nmc_t6plain_dst_s0,fp32,881,822,47975560,47952478,23082,250000000
nmc_t6plain_dst_s0,fp32,882,823,47975310,47952235,23075,250000000
nmc_t6plain_dst_s0,fp32,883,824,47975125,47952050,23075,250000000
nmc_t6plain_dst_s0,fp32,884,825,47975150,47952068,23082,250000000
nmc_t6plain_dst_s0,fp32,885,826,47975053,47951969,23084,250000000
nmc_t6plain_dst_s0,fp32,886,827,47974980,47951905,23075,250000000
nmc_t6plain_dst_s0,fp32,887,828,47974893,47951827,23066,250000000
nmc_t6plain_dst_s0,fp32,888,829,47975021,47951946,23075,250000000
nmc_t6plain_dst_s0,fp32,889,830,47974924,47951858,23066,250000000
nmc_t6plain_dst_s0,fp32,890,831,47974984,47951909,23075,250000000
nmc_t6plain_dst_s0,fp32,891,832,47975007,47951943,23064,250000000
nmc_t6plain_dst_s0,fp32,892,833,47975118,47952054,23064,250000000
nmc_t6plain_dst_s0,fp32,893,834,47975137,47952073,23064,250000000
nmc_t6plain_dst_s0,fp32,894,835,47975214,47952148,23066,250000000
nmc_t6plain_dst_s0,fp32,895,836,47975085,47952021,23064,250000000
nmc_t6plain_dst_s0,fp32,896,837,47974967,47951903,23064,250000000
nmc_t6plain_dst_s0,fp32,897,838,47975006,47951942,23064,250000000
nmc_t6plain_dst_s0,fp32,898,839,47974797,47951733,23064,250000000
nmc_t6plain_dst_s0,fp32,899,840,47974943,47951869,23074,250000000
nmc_t6plain_dst_s0,fp32,900,841,47974979,47951904,23075,250000000
nmc_t6plain_dst_s0,fp32,901,842,47975198,47952123,23075,250000000
nmc_t6plain_dst_s0,fp32,902,843,47975383,47952308,23075,250000000
nmc_t6plain_dst_s0,fp32,903,844,47975762,47952688,23074,250000000
nmc_t6plain_dst_s0,fp32,904,845,47975860,47952785,23075,250000000
nmc_t6plain_dst_s0,fp32,905,846,47975950,47952882,23068,250000000
nmc_t6plain_dst_s0,fp32,906,847,47975992,47952917,23075,250000000
nmc_t6plain_dst_s0,fp32,907,848,47976040,47952965,23075,250000000
nmc_t6plain_dst_s0,fp32,908,849,47975958,47952884,23074,250000000
nmc_t6plain_dst_s0,fp32,909,850,47976001,47952935,23066,250000000
nmc_t6plain_dst_s0,fp32,910,851,47976123,47953048,23075,250000000
nmc_t6plain_dst_s0,fp32,911,852,47976117,47953043,23074,250000000
nmc_t6plain_dst_s0,fp32,912,853,47976081,47953007,23074,250000000
nmc_t6plain_dst_s0,fp32,913,854,47976112,47953038,23074,250000000
nmc_t6plain_dst_s0,fp32,914,855,47976251,47953176,23075,250000000
nmc_t6plain_dst_s0,fp32,915,856,47976255,47953180,23075,250000000
nmc_t6plain_dst_s0,fp32,916,857,47976323,47953248,23075,250000000
nmc_t6plain_dst_s0,fp32,917,858,47976343,47953268,23075,250000000
nmc_t6plain_dst_s0,fp32,918,859,47976412,47953337,23075,250000000
nmc_t6plain_dst_s0,fp32,919,860,47976605,47953530,23075,250000000
nmc_t6plain_dst_s0,fp32,920,861,47976988,47953913,23075,250000000
nmc_t6plain_dst_s0,fp32,921,862,47977292,47954217,23075,250000000
nmc_t6plain_dst_s0,fp32,922,863,47977624,47954549,23075,250000000
nmc_t6plain_dst_s0,fp32,923,864,47978074,47954999,23075,250000000
nmc_t6plain_dst_s0,fp32,924,865,47978599,47955524,23075,250000000
nmc_t6plain_dst_s0,fp32,925,866,47978825,47955750,23075,250000000
nmc_t6plain_dst_s0,fp32,926,867,47979154,47956079,23075,250000000
nmc_t6plain_dst_s0,fp32,927,868,47979245,47956170,23075,250000000
nmc_t6plain_dst_s0,fp32,928,869,47979464,47956389,23075,250000000
nmc_t6plain_dst_s0,fp32,929,870,47979610,47956535,23075,250000000
nmc_t6plain_dst_s0,fp32,930,871,47979748,47956673,23075,250000000
nmc_t6plain_dst_s0,fp32,931,872,47980110,47957035,23075,250000000
nmc_t6plain_dst_s0,fp32,932,873,47980009,47956934,23075,250000000
nmc_t6plain_dst_s0,fp32,933,874,47980347,47957272,23075,250000000
nmc_t6plain_dst_s0,fp32,934,875,47980538,47957463,23075,250000000
nmc_t6plain_dst_s0,fp32,935,876,47980904,47957829,23075,250000000
nmc_t6plain_dst_s0,fp32,936,877,47981049,47957974,23075,250000000
nmc_t6plain_dst_s0,fp32,937,878,47981451,47958376,23075,250000000
nmc_t6plain_dst_s0,fp32,938,879,47981612,47958537,23075,250000000
nmc_t6plain_dst_s0,fp32,939,880,47981621,47958546,23075,250000000
nmc_t6plain_dst_s0,fp32,940,881,47980872,47957797,23075,250000000
nmc_t6plain_dst_s0,fp32,941,882,47980835,47957760,23075,250000000
nmc_t6plain_dst_s0,fp32,942,883,47980823,47957748,23075,250000000
nmc_t6plain_dst_s0,fp32,943,884,47980291,47957216,23075,250000000
nmc_t6plain_dst_s0,fp32,944,885,47980235,47957160,23075,250000000
nmc_t6plain_dst_s0,fp32,945,886,47980174,47957099,23075,250000000
nmc_t6plain_dst_s0,fp32,946,887,47980107,47957032,23075,250000000
nmc_t6plain_dst_s0,fp32,947,888,47980573,47957498,23075,250000000
nmc_t6plain_dst_s0,fp32,948,889,47980683,47957608,23075,250000000
nmc_t6plain_dst_s0,fp32,949,890,47980701,47957626,23075,250000000
nmc_t6plain_dst_s0,fp32,950,891,47980643,47957568,23075,250000000
nmc_t6plain_dst_s0,fp32,951,892,47980068,47956986,23082,250000000
nmc_t6plain_dst_s0,fp32,952,893,47979348,47956266,23082,250000000
nmc_t6plain_dst_s0,fp32,953,894,47978720,47955645,23075,250000000
nmc_t6plain_dst_s0,fp32,954,895,47978066,47954984,23082,250000000
nmc_t6plain_dst_s0,fp32,955,896,47977331,47954247,23084,250000000
nmc_t6plain_dst_s0,fp32,956,897,47976717,47953642,23075,250000000
nmc_t6plain_dst_s0,fp32,957,898,47975756,47952681,23075,250000000
nmc_t6plain_dst_s0,fp32,958,899,47974942,47951867,23075,250000000
nmc_t6plain_dst_s0,fp32,959,900,47974089,47951008,23081,250000000
nmc_t6plain_dst_s0,fp32,960,901,47973246,47950163,23083,250000000
nmc_t6plain_dst_s0,fp32,961,902,47972388,47949307,23081,250000000
nmc_t6plain_dst_s0,fp32,962,903,47971708,47948634,23074,250000000
nmc_t6plain_dst_s0,fp32,963,904,47971078,47948004,23074,250000000
nmc_t6plain_dst_s0,fp32,964,905,47970416,47947342,23074,250000000
nmc_t6plain_dst_s0,fp32,965,906,47969860,47946786,23074,250000000
nmc_t6plain_dst_s0,fp32,966,907,47969318,47946244,23074,250000000
nmc_t6plain_dst_s0,fp32,967,908,47968823,47945749,23074,250000000
nmc_t6plain_dst_s0,fp32,968,909,47968327,47945253,23074,250000000
nmc_t6plain_dst_s0,fp32,969,910,47967858,47944784,23074,250000000
nmc_t6plain_dst_s0,fp32,970,911,47967317,47944243,23074,250000000
nmc_t6plain_dst_s0,fp32,971,912,47966563,47943489,23074,250000000
nmc_t6plain_dst_s0,fp32,972,913,47966221,47943147,23074,250000000
nmc_t6plain_dst_s0,fp32,973,914,47965638,47942564,23074,250000000
nmc_t6plain_dst_s0,fp32,974,915,47965050,47941976,23074,250000000
nmc_t6plain_dst_s0,fp32,975,916,47964466,47941392,23074,250000000
nmc_t6plain_dst_s0,fp32,976,917,47963831,47940757,23074,250000000
nmc_t6plain_dst_s0,fp32,977,918,47963275,47940201,23074,250000000
nmc_t6plain_dst_s0,fp32,978,919,47962621,47939547,23074,250000000
nmc_t6plain_dst_s0,fp32,979,920,47961830,47938756,23074,250000000
nmc_t6plain_dst_s0,fp32,980,921,47961193,47938119,23074,250000000
nmc_t6plain_dst_s0,fp32,981,922,47960595,47937521,23074,250000000
nmc_t6plain_dst_s0,fp32,982,923,47959977,47936903,23074,250000000
nmc_t6plain_dst_s0,fp32,983,924,47959810,47936746,23064,250000000
nmc_t6plain_dst_s0,fp32,984,925,47959322,47936258,23064,250000000
nmc_t6plain_dst_s0,fp32,985,926,47959062,47935998,23064,250000000
nmc_t6plain_dst_s0,fp32,986,927,47958999,47935935,23064,250000000
nmc_t6plain_dst_s0,fp32,987,928,47958790,47935726,23064,250000000
nmc_t6plain_dst_s0,fp32,988,929,47958670,47935606,23064,250000000
nmc_t6plain_dst_s0,fp32,989,930,47958484,47935420,23064,250000000
nmc_t6plain_dst_s0,fp32,990,931,47958408,47935344,23064,250000000
nmc_t6plain_dst_s0,fp32,991,932,47958311,47935236,23075,250000000
nmc_t6plain_dst_s0,fp32,992,933,47958039,47934964,23075,250000000
nmc_t6plain_dst_s0,fp32,993,934,47957820,47934745,23075,250000000
nmc_t6plain_dst_s0,fp32,994,935,47957792,47934717,23075,250000000
nmc_t6plain_dst_s0,fp32,995,936,47957962,47934887,23075,250000000
nmc_t6plain_dst_s0,fp32,996,937,47957869,47934794,23075,250000000
nmc_t6plain_dst_s0,fp32,997,938,47957650,47934575,23075,250000000
nmc_t6plain_dst_s0,fp32,998,939,47957535,47934460,23075,250000000
nmc_t6plain_dst_s0,fp32,999,940,47956883,47933808,23075,250000000
nmc_t6plain_dst_s0,fp32,1000,941,47956526,47933451,23075,250000000
nmc_t6plain_dst_s0,fp32,1001,942,47957337,47934262,23075,250000000
nmc_t6plain_dst_s0,fp32,1002,943,47958318,47935243,23075,250000000
nmc_t6plain_dst_s0,fp32,1003,944,47959215,47936140,23075,250000000
nmc_t6plain_dst_s0,fp32,1004,945,47960181,47937106,23075,250000000
nmc_t6plain_dst_s0,fp32,1005,946,47961192,47938117,23075,250000000
nmc_t6plain_dst_s0,fp32,1006,947,47962246,47939171,23075,250000000
nmc_t6plain_dst_s0,fp32,1007,948,47963213,47940138,23075,250000000
nmc_t6plain_dst_s0,fp32,1008,949,47964057,47940982,23075,250000000
nmc_t6plain_dst_s0,fp32,1009,950,47964738,47941663,23075,250000000
nmc_t6plain_dst_s0,fp32,1010,951,47965120,47942045,23075,250000000
nmc_t6plain_dst_s0,fp32,1011,952,47965920,47942845,23075,250000000
nmc_t6plain_dst_s0,fp32,1012,953,47966234,47943159,23075,250000000
nmc_t6plain_dst_s0,fp32,1013,954,47967014,47943939,23075,250000000
nmc_t6plain_dst_s0,fp32,1014,955,47967620,47944545,23075,250000000
nmc_t6plain_dst_s0,fp32,1015,956,47967797,47944722,23075,250000000
nmc_t6plain_dst_s0,fp32,1016,957,47968016,47944941,23075,250000000
nmc_t6plain_dst_s0,fp32,1017,958,47968267,47945192,23075,250000000
nmc_t6plain_dst_s0,fp32,1018,959,47968414,47945339,23075,250000000
nmc_t6plain_dst_s0,fp32,1019,960,47968901,47945826,23075,250000000
nmc_t6plain_dst_s0,fp32,1020,961,47969043,47945968,23075,250000000
nmc_t6plain_dst_s0,fp32,1021,962,47969472,47946397,23075,250000000
nmc_t6plain_dst_s0,fp32,1022,963,47969376,47946296,23080,250000000
nmc_t6plain_dst_s0,fp32,1023,964,47969357,47946272,23085,250000000
nmc_t6plain_dst_s0,fp32,1024,965,47969361,47946281,23080,250000000
nmc_t6plain_dst_s0,fp32,1025,966,47969299,47946219,23080,250000000
nmc_t6plain_dst_s0,fp32,1026,967,47969297,47946217,23080,250000000
nmc_t6plain_dst_s0,fp32,1027,968,47969129,47946049,23080,250000000
nmc_t6plain_dst_s0,fp32,1028,969,47969141,47946061,23080,250000000
nmc_t6plain_dst_s0,fp32,1029,970,47969102,47946022,23080,250000000
nmc_t6plain_dst_s0,fp32,1030,971,47968901,47945827,23074,250000000
nmc_t6plain_dst_s0,fp32,1031,972,47969012,47945937,23075,250000000
nmc_t6plain_dst_s0,fp32,1032,973,47968870,47945796,23074,250000000
nmc_t6plain_dst_s0,fp32,1033,974,47968091,47945017,23074,250000000
nmc_t6plain_dst_s0,fp32,1034,975,47967820,47944746,23074,250000000
nmc_t6plain_dst_s0,fp32,1035,976,47967567,47944493,23074,250000000
nmc_t6plain_dst_s0,fp32,1036,977,47966813,47943739,23074,250000000
nmc_t6plain_dst_s0,fp32,1037,978,47966514,47943439,23075,250000000
nmc_t6plain_dst_s0,fp32,1038,979,47966390,47943316,23074,250000000
nmc_t6plain_dst_s0,fp32,1039,980,47966402,47943327,23075,250000000
nmc_t6plain_dst_s0,fp32,1040,981,47967205,47944131,23074,250000000
nmc_t6plain_dst_s0,fp32,1041,982,47967375,47944298,23077,250000000
nmc_t6plain_dst_s0,fp32,1042,983,47967634,47944559,23075,250000000
nmc_t6plain_dst_s0,fp32,1043,984,47967827,47944753,23074,250000000
nmc_t6plain_dst_s0,fp32,1044,985,47968103,47945028,23075,250000000
nmc_t6plain_dst_s0,fp32,1045,986,47968367,47945290,23077,250000000
nmc_t6plain_dst_s0,fp32,1046,987,47968692,47945617,23075,250000000
nmc_t6plain_dst_s0,fp32,1047,988,47968866,47945792,23074,250000000
nmc_t6plain_dst_s0,fp32,1048,989,47969006,47945940,23066,250000000
nmc_t6plain_dst_s0,fp32,1049,990,47969129,47946055,23074,250000000
nmc_t6plain_dst_s0,fp32,1050,991,47969292,47946217,23075,250000000
nmc_t6plain_dst_s0,fp32,1051,992,47969306,47946240,23066,250000000
nmc_t6plain_dst_s0,fp32,1052,993,47969644,47946569,23075,250000000
nmc_t6plain_dst_s0,fp32,1053,994,47969874,47946808,23066,250000000
nmc_t6plain_dst_s0,fp32,1054,995,47970296,47947221,23075,250000000
nmc_t6plain_dst_s0,fp32,1055,996,47970486,47947412,23074,250000000
nmc_t6plain_dst_s0,fp32,1056,997,47970667,47947592,23075,250000000
nmc_t6plain_dst_s0,fp32,1057,998,47970973,47947898,23075,250000000
nmc_t6plain_dst_s0,fp32,1058,999,47971204,47948138,23066,250000000
nmc_t6plain_dst_s0,fp32,1059,1000,47971374,47948300,23074,250000000
nmc_t6plain_dst_s0,fp32,1060,1001,47971467,47948393,23074,250000000
nmc_t6plain_dst_s0,fp32,1061,1002,47971642,47948567,23075,250000000
nmc_t6plain_dst_s0,fp32,1062,1003,47972194,47949128,23066,250000000
nmc_t6plain_dst_s0,fp32,1063,1004,47972589,47949523,23066,250000000
nmc_t6plain_dst_s0,fp32,1064,1005,47973002,47949927,23075,250000000
nmc_t6plain_dst_s0,fp32,1065,1006,47973155,47950080,23075,250000000
nmc_t6plain_dst_s0,fp32,1066,1007,47973648,47950574,23074,250000000
nmc_t6plain_dst_s0,fp32,1067,1008,47973854,47950779,23075,250000000
nmc_t6plain_dst_s0,fp32,1068,1009,47973911,47950837,23074,250000000
nmc_t6plain_dst_s0,fp32,1069,1010,47973577,47950511,23066,250000000
nmc_t6plain_dst_s0,fp32,1070,1011,47973444,47950369,23075,250000000
nmc_t6plain_dst_s0,fp32,1071,1012,47971748,47948673,23075,250000000
nmc_t6plain_dst_s0,fp32,1072,1013,47972186,47949111,23075,250000000
nmc_t6plain_dst_s0,fp32,1073,1014,47972614,47949539,23075,250000000
nmc_t6plain_dst_s0,fp32,1074,1015,47973072,47949998,23074,250000000
nmc_t6plain_dst_s0,fp32,1075,1016,47973697,47950631,23066,250000000
nmc_t6plain_dst_s0,fp32,1076,1017,47974319,47951242,23077,250000000
nmc_t6plain_dst_s0,fp32,1077,1018,47975212,47952138,23074,250000000
nmc_t6plain_dst_s0,fp32,1078,1019,47976135,47953060,23075,250000000
nmc_t6plain_dst_s0,fp32,1079,1020,47976568,47953504,23064,250000000
nmc_t6plain_dst_s0,fp32,1080,1021,47976756,47953688,23068,250000000
nmc_t6plain_dst_s0,fp32,1081,1022,47977048,47953974,23074,250000000
nmc_t6plain_dst_s0,fp32,1082,1023,47977080,47954012,23068,250000000
lfp_t6plain_dst_s0,fp32,59,0,47902961,47879898,23063,250000000
lfp_t6plain_dst_s0,fp32,60,1,47902135,47879072,23063,250000000
lfp_t6plain_dst_s0,fp32,61,2,47901129,47878059,23070,250000000
lfp_t6plain_dst_s0,fp32,62,3,47900362,47877299,23063,250000000
lfp_t6plain_dst_s0,fp32,63,4,47899698,47876624,23074,250000000
lfp_t6plain_dst_s0,fp32,64,5,47899637,47876566,23071,250000000
lfp_t6plain_dst_s0,fp32,65,6,47899159,47876088,23071,250000000
lfp_t6plain_dst_s0,fp32,66,7,47899045,47875974,23071,250000000
lfp_t6plain_dst_s0,fp32,67,8,47898988,47875917,23071,250000000
lfp_t6plain_dst_s0,fp32,68,9,47898439,47875368,23071,250000000
lfp_t6plain_dst_s0,fp32,69,10,47897981,47874910,23071,250000000
lfp_t6plain_dst_s0,fp32,70,11,47897408,47874337,23071,250000000
lfp_t6plain_dst_s0,fp32,71,12,47896976,47873903,23073,250000000
lfp_t6plain_dst_s0,fp32,72,13,47896241,47873170,23071,250000000
lfp_t6plain_dst_s0,fp32,73,14,47895841,47872770,23071,250000000
lfp_t6plain_dst_s0,fp32,74,15,47895280,47872209,23071,250000000
lfp_t6plain_dst_s0,fp32,75,16,47894661,47871590,23071,250000000
lfp_t6plain_dst_s0,fp32,76,17,47894158,47871087,23071,250000000
lfp_t6plain_dst_s0,fp32,77,18,47893683,47870612,23071,250000000
lfp_t6plain_dst_s0,fp32,78,19,47892976,47869905,23071,250000000
lfp_t6plain_dst_s0,fp32,79,20,47892222,47869151,23071,250000000
lfp_t6plain_dst_s0,fp32,80,21,47891594,47868529,23065,250000000
lfp_t6plain_dst_s0,fp32,81,22,47891080,47868015,23065,250000000
lfp_t6plain_dst_s0,fp32,82,23,47890161,47867089,23072,250000000
lfp_t6plain_dst_s0,fp32,83,24,47889235,47866161,23074,250000000
lfp_t6plain_dst_s0,fp32,84,25,47888714,47865649,23065,250000000
lfp_t6plain_dst_s0,fp32,85,26,47888157,47865092,23065,250000000
lfp_t6plain_dst_s0,fp32,86,27,47887928,47864863,23065,250000000
lfp_t6plain_dst_s0,fp32,87,28,47887594,47864529,23065,250000000
lfp_t6plain_dst_s0,fp32,88,29,47886969,47863904,23065,250000000
lfp_t6plain_dst_s0,fp32,89,30,47886339,47863274,23065,250000000
lfp_t6plain_dst_s0,fp32,90,31,47885617,47862552,23065,250000000
lfp_t6plain_dst_s0,fp32,91,32,47885217,47862152,23065,250000000
lfp_t6plain_dst_s0,fp32,92,33,47884744,47861679,23065,250000000
lfp_t6plain_dst_s0,fp32,93,34,47883891,47860819,23072,250000000
lfp_t6plain_dst_s0,fp32,94,35,47883245,47860171,23074,250000000
lfp_t6plain_dst_s0,fp32,95,36,47883043,47859969,23074,250000000
lfp_t6plain_dst_s0,fp32,96,37,47882727,47859662,23065,250000000
lfp_t6plain_dst_s0,fp32,97,38,47882642,47859577,23065,250000000
lfp_t6plain_dst_s0,fp32,98,39,47882089,47859024,23065,250000000
lfp_t6plain_dst_s0,fp32,99,40,47881588,47858523,23065,250000000
lfp_t6plain_dst_s0,fp32,100,41,47881054,47857989,23065,250000000
lfp_t6plain_dst_s0,fp32,101,42,47880536,47857464,23072,250000000
lfp_t6plain_dst_s0,fp32,102,43,47880290,47857225,23065,250000000
lfp_t6plain_dst_s0,fp32,103,44,47880000,47856935,23065,250000000
lfp_t6plain_dst_s0,fp32,104,45,47879941,47856876,23065,250000000
lfp_t6plain_dst_s0,fp32,105,46,47879411,47856346,23065,250000000
lfp_t6plain_dst_s0,fp32,106,47,47879286,47856221,23065,250000000
lfp_t6plain_dst_s0,fp32,107,48,47879447,47856382,23065,250000000
lfp_t6plain_dst_s0,fp32,108,49,47879196,47856131,23065,250000000
lfp_t6plain_dst_s0,fp32,109,50,47878782,47855717,23065,250000000
lfp_t6plain_dst_s0,fp32,110,51,47878594,47855529,23065,250000000
lfp_t6plain_dst_s0,fp32,111,52,47878320,47855255,23065,250000000
lfp_t6plain_dst_s0,fp32,112,53,47877852,47854787,23065,250000000
lfp_t6plain_dst_s0,fp32,113,54,47877140,47854075,23065,250000000
lfp_t6plain_dst_s0,fp32,114,55,47876709,47853644,23065,250000000
lfp_t6plain_dst_s0,fp32,115,56,47876398,47853333,23065,250000000
lfp_t6plain_dst_s0,fp32,116,57,47875740,47852677,23063,250000000
lfp_t6plain_dst_s0,fp32,117,58,47875108,47852045,23063,250000000
lfp_t6plain_dst_s0,fp32,118,59,47874297,47851234,23063,250000000
lfp_t6plain_dst_s0,fp32,119,60,47873748,47850685,23063,250000000
lfp_t6plain_dst_s0,fp32,120,61,47873215,47850152,23063,250000000
lfp_t6plain_dst_s0,fp32,121,62,47873060,47849997,23063,250000000
lfp_t6plain_dst_s0,fp32,122,63,47872867,47849804,23063,250000000
lfp_t6plain_dst_s0,fp32,123,64,47872508,47849445,23063,250000000
lfp_t6plain_dst_s0,fp32,124,65,47872272,47849207,23065,250000000
lfp_t6plain_dst_s0,fp32,125,66,47871968,47848903,23065,250000000
lfp_t6plain_dst_s0,fp32,126,67,47871905,47848840,23065,250000000
lfp_t6plain_dst_s0,fp32,127,68,47871719,47848654,23065,250000000
lfp_t6plain_dst_s0,fp32,128,69,47871828,47848763,23065,250000000
lfp_t6plain_dst_s0,fp32,129,70,47871760,47848695,23065,250000000
lfp_t6plain_dst_s0,fp32,130,71,47871694,47848629,23065,250000000
lfp_t6plain_dst_s0,fp32,131,72,47871279,47848214,23065,250000000
lfp_t6plain_dst_s0,fp32,132,73,47870801,47847736,23065,250000000
lfp_t6plain_dst_s0,fp32,133,74,47870680,47847615,23065,250000000
lfp_t6plain_dst_s0,fp32,134,75,47870660,47847595,23065,250000000
lfp_t6plain_dst_s0,fp32,135,76,47870462,47847397,23065,250000000
lfp_t6plain_dst_s0,fp32,136,77,47870398,47847333,23065,250000000
lfp_t6plain_dst_s0,fp32,137,78,47870347,47847282,23065,250000000
lfp_t6plain_dst_s0,fp32,138,79,47870179,47847114,23065,250000000
lfp_t6plain_dst_s0,fp32,139,80,47869947,47846882,23065,250000000
lfp_t6plain_dst_s0,fp32,140,81,47869852,47846787,23065,250000000
lfp_t6plain_dst_s0,fp32,141,82,47869397,47846332,23065,250000000
lfp_t6plain_dst_s0,fp32,142,83,47869013,47845948,23065,250000000
lfp_t6plain_dst_s0,fp32,143,84,47868786,47845721,23065,250000000
lfp_t6plain_dst_s0,fp32,144,85,47868600,47845535,23065,250000000
lfp_t6plain_dst_s0,fp32,145,86,47868681,47845616,23065,250000000
lfp_t6plain_dst_s0,fp32,146,87,47868523,47845458,23065,250000000
lfp_t6plain_dst_s0,fp32,147,88,47868476,47845411,23065,250000000
lfp_t6plain_dst_s0,fp32,148,89,47868294,47845229,23065,250000000
lfp_t6plain_dst_s0,fp32,149,90,47868228,47845163,23065,250000000
lfp_t6plain_dst_s0,fp32,150,91,47867923,47844851,23072,250000000
lfp_t6plain_dst_s0,fp32,151,92,47867436,47844362,23074,250000000
lfp_t6plain_dst_s0,fp32,152,93,47867007,47843942,23065,250000000
lfp_t6plain_dst_s0,fp32,153,94,47866579,47843514,23065,250000000
lfp_t6plain_dst_s0,fp32,154,95,47866264,47843199,23065,250000000
lfp_t6plain_dst_s0,fp32,155,96,47865899,47842834,23065,250000000
lfp_t6plain_dst_s0,fp32,156,97,47865461,47842396,23065,250000000
lfp_t6plain_dst_s0,fp32,157,98,47864686,47841621,23065,250000000
lfp_t6plain_dst_s0,fp32,158,99,47864023,47840958,23065,250000000
lfp_t6plain_dst_s0,fp32,159,100,47863943,47840878,23065,250000000
lfp_t6plain_dst_s0,fp32,160,101,47863553,47840488,23065,250000000
lfp_t6plain_dst_s0,fp32,161,102,47863508,47840443,23065,250000000
lfp_t6plain_dst_s0,fp32,162,103,47863552,47840487,23065,250000000
lfp_t6plain_dst_s0,fp32,163,104,47863384,47840319,23065,250000000
lfp_t6plain_dst_s0,fp32,164,105,47862911,47839846,23065,250000000
lfp_t6plain_dst_s0,fp32,165,106,47863240,47840175,23065,250000000
lfp_t6plain_dst_s0,fp32,166,107,47863357,47840292,23065,250000000
lfp_t6plain_dst_s0,fp32,167,108,47863414,47840349,23065,250000000
lfp_t6plain_dst_s0,fp32,168,109,47863797,47840732,23065,250000000
lfp_t6plain_dst_s0,fp32,169,110,47863969,47840897,23072,250000000
lfp_t6plain_dst_s0,fp32,170,111,47863924,47840850,23074,250000000
lfp_t6plain_dst_s0,fp32,171,112,47863921,47840856,23065,250000000
lfp_t6plain_dst_s0,fp32,172,113,47864180,47841115,23065,250000000
lfp_t6plain_dst_s0,fp32,173,114,47864237,47841172,23065,250000000
lfp_t6plain_dst_s0,fp32,174,115,47864180,47841115,23065,250000000
lfp_t6plain_dst_s0,fp32,175,116,47864364,47841299,23065,250000000
lfp_t6plain_dst_s0,fp32,176,117,47864693,47841628,23065,250000000
lfp_t6plain_dst_s0,fp32,177,118,47865153,47842074,23079,250000000
lfp_t6plain_dst_s0,fp32,178,119,47865204,47842130,23074,250000000
lfp_t6plain_dst_s0,fp32,179,120,47865731,47842666,23065,250000000
lfp_t6plain_dst_s0,fp32,180,121,47865732,47842669,23063,250000000
lfp_t6plain_dst_s0,fp32,181,122,47865443,47842378,23065,250000000
lfp_t6plain_dst_s0,fp32,182,123,47865293,47842219,23074,250000000
lfp_t6plain_dst_s0,fp32,183,124,47865250,47842187,23063,250000000
lfp_t6plain_dst_s0,fp32,184,125,47864915,47841852,23063,250000000
lfp_t6plain_dst_s0,fp32,185,126,47864661,47841598,23063,250000000
lfp_t6plain_dst_s0,fp32,186,127,47864511,47841448,23063,250000000
lfp_t6plain_dst_s0,fp32,187,128,47864167,47841096,23071,250000000
lfp_t6plain_dst_s0,fp32,188,129,47864033,47840962,23071,250000000
lfp_t6plain_dst_s0,fp32,189,130,47863832,47840761,23071,250000000
lfp_t6plain_dst_s0,fp32,190,131,47863701,47840630,23071,250000000
lfp_t6plain_dst_s0,fp32,191,132,47863294,47840223,23071,250000000
lfp_t6plain_dst_s0,fp32,192,133,47862918,47839847,23071,250000000
lfp_t6plain_dst_s0,fp32,193,134,47862785,47839712,23073,250000000
lfp_t6plain_dst_s0,fp32,194,135,47862593,47839522,23071,250000000
lfp_t6plain_dst_s0,fp32,195,136,47862355,47839284,23071,250000000
lfp_t6plain_dst_s0,fp32,196,137,47862239,47839168,23071,250000000
lfp_t6plain_dst_s0,fp32,197,138,47862082,47839011,23071,250000000
lfp_t6plain_dst_s0,fp32,198,139,47861997,47838926,23071,250000000
lfp_t6plain_dst_s0,fp32,199,140,47861616,47838545,23071,250000000
lfp_t6plain_dst_s0,fp32,200,141,47861509,47838438,23071,250000000
lfp_t6plain_dst_s0,fp32,201,142,47861292,47838221,23071,250000000
lfp_t6plain_dst_s0,fp32,202,143,47860882,47837811,23071,250000000
lfp_t6plain_dst_s0,fp32,203,144,47860939,47837874,23065,250000000
lfp_t6plain_dst_s0,fp32,204,145,47860746,47837681,23065,250000000
lfp_t6plain_dst_s0,fp32,205,146,47860672,47837607,23065,250000000
lfp_t6plain_dst_s0,fp32,206,147,47860613,47837548,23065,250000000
lfp_t6plain_dst_s0,fp32,207,148,47860584,47837519,23065,250000000
lfp_t6plain_dst_s0,fp32,208,149,47860569,47837504,23065,250000000
lfp_t6plain_dst_s0,fp32,209,150,47860777,47837712,23065,250000000
lfp_t6plain_dst_s0,fp32,210,151,47860704,47837639,23065,250000000
lfp_t6plain_dst_s0,fp32,211,152,47860281,47837216,23065,250000000
lfp_t6plain_dst_s0,fp32,212,153,47860479,47837414,23065,250000000
lfp_t6plain_dst_s0,fp32,213,154,47860545,47837480,23065,250000000
lfp_t6plain_dst_s0,fp32,214,155,47861170,47838105,23065,250000000
lfp_t6plain_dst_s0,fp32,215,156,47861557,47838492,23065,250000000
lfp_t6plain_dst_s0,fp32,216,157,47861463,47838398,23065,250000000
lfp_t6plain_dst_s0,fp32,217,158,47861644,47838579,23065,250000000
lfp_t6plain_dst_s0,fp32,218,159,47861722,47838657,23065,250000000
lfp_t6plain_dst_s0,fp32,219,160,47861990,47838925,23065,250000000
lfp_t6plain_dst_s0,fp32,220,161,47862053,47838988,23065,250000000
lfp_t6plain_dst_s0,fp32,221,162,47862281,47839216,23065,250000000
lfp_t6plain_dst_s0,fp32,222,163,47862226,47839161,23065,250000000
lfp_t6plain_dst_s0,fp32,223,164,47862503,47839438,23065,250000000
lfp_t6plain_dst_s0,fp32,224,165,47862835,47839770,23065,250000000
lfp_t6plain_dst_s0,fp32,225,166,47863331,47840266,23065,250000000
lfp_t6plain_dst_s0,fp32,226,167,47863742,47840677,23065,250000000
lfp_t6plain_dst_s0,fp32,227,168,47864135,47841070,23065,250000000
lfp_t6plain_dst_s0,fp32,228,169,47864240,47841175,23065,250000000
lfp_t6plain_dst_s0,fp32,229,170,47864674,47841602,23072,250000000
lfp_t6plain_dst_s0,fp32,230,171,47864865,47841791,23074,250000000
lfp_t6plain_dst_s0,fp32,231,172,47865100,47842026,23074,250000000
lfp_t6plain_dst_s0,fp32,232,173,47865407,47842342,23065,250000000
lfp_t6plain_dst_s0,fp32,233,174,47866057,47842992,23065,250000000
lfp_t6plain_dst_s0,fp32,234,175,47866262,47843197,23065,250000000
lfp_t6plain_dst_s0,fp32,235,176,47866364,47843299,23065,250000000
lfp_t6plain_dst_s0,fp32,236,177,47866525,47843460,23065,250000000
lfp_t6plain_dst_s0,fp32,237,178,47866765,47843700,23065,250000000
lfp_t6plain_dst_s0,fp32,238,179,47866695,47843630,23065,250000000
lfp_t6plain_dst_s0,fp32,239,180,47867283,47844211,23072,250000000
lfp_t6plain_dst_s0,fp32,240,181,47867879,47844807,23072,250000000
lfp_t6plain_dst_s0,fp32,241,182,47868439,47845374,23065,250000000
lfp_t6plain_dst_s0,fp32,242,183,47868982,47845917,23065,250000000
lfp_t6plain_dst_s0,fp32,243,184,47869848,47846783,23065,250000000
lfp_t6plain_dst_s0,fp32,244,185,47870047,47846982,23065,250000000
lfp_t6plain_dst_s0,fp32,245,186,47870644,47847579,23065,250000000
lfp_t6plain_dst_s0,fp32,246,187,47871168,47848103,23065,250000000
lfp_t6plain_dst_s0,fp32,247,188,47871636,47848563,23073,250000000
lfp_t6plain_dst_s0,fp32,248,189,47871926,47848846,23080,250000000
lfp_t6plain_dst_s0,fp32,249,190,47872289,47849207,23082,250000000
lfp_t6plain_dst_s0,fp32,250,191,47872882,47849802,23080,250000000
lfp_t6plain_dst_s0,fp32,251,192,47873368,47850279,23089,250000000
lfp_t6plain_dst_s0,fp32,252,193,47873855,47850782,23073,250000000
lfp_t6plain_dst_s0,fp32,253,194,47874247,47851174,23073,250000000
lfp_t6plain_dst_s0,fp32,254,195,47874379,47851306,23073,250000000
lfp_t6plain_dst_s0,fp32,255,196,47874792,47851719,23073,250000000
lfp_t6plain_dst_s0,fp32,256,197,47875140,47852067,23073,250000000
lfp_t6plain_dst_s0,fp32,257,198,47875446,47852366,23080,250000000
lfp_t6plain_dst_s0,fp32,258,199,47876053,47852980,23073,250000000
lfp_t6plain_dst_s0,fp32,259,200,47876535,47853462,23073,250000000
lfp_t6plain_dst_s0,fp32,260,201,47876624,47853551,23073,250000000
lfp_t6plain_dst_s0,fp32,261,202,47876836,47853763,23073,250000000
lfp_t6plain_dst_s0,fp32,262,203,47876873,47853800,23073,250000000
lfp_t6plain_dst_s0,fp32,263,204,47877279,47854206,23073,250000000
lfp_t6plain_dst_s0,fp32,264,205,47877519,47854446,23073,250000000
lfp_t6plain_dst_s0,fp32,265,206,47877736,47854663,23073,250000000
lfp_t6plain_dst_s0,fp32,266,207,47878105,47855032,23073,250000000
lfp_t6plain_dst_s0,fp32,267,208,47878656,47855583,23073,250000000
lfp_t6plain_dst_s0,fp32,268,209,47878964,47855891,23073,250000000
lfp_t6plain_dst_s0,fp32,269,210,47879043,47855970,23073,250000000
lfp_t6plain_dst_s0,fp32,270,211,47879173,47856100,23073,250000000
lfp_t6plain_dst_s0,fp32,271,212,47879063,47856000,23063,250000000
lfp_t6plain_dst_s0,fp32,272,213,47879083,47856020,23063,250000000
lfp_t6plain_dst_s0,fp32,273,214,47879311,47856248,23063,250000000
lfp_t6plain_dst_s0,fp32,274,215,47879344,47856281,23063,250000000
lfp_t6plain_dst_s0,fp32,275,216,47879420,47856357,23063,250000000
lfp_t6plain_dst_s0,fp32,276,217,47879300,47856237,23063,250000000
lfp_t6plain_dst_s0,fp32,277,218,47879068,47856005,23063,250000000
lfp_t6plain_dst_s0,fp32,278,219,47879246,47856183,23063,250000000
lfp_t6plain_dst_s0,fp32,279,220,47878738,47855673,23065,250000000
lfp_t6plain_dst_s0,fp32,280,221,47878968,47855903,23065,250000000
lfp_t6plain_dst_s0,fp32,281,222,47878563,47855498,23065,250000000
lfp_t6plain_dst_s0,fp32,282,223,47878306,47855241,23065,250000000
lfp_t6plain_dst_s0,fp32,283,224,47878208,47855143,23065,250000000
lfp_t6plain_dst_s0,fp32,284,225,47878217,47855152,23065,250000000
lfp_t6plain_dst_s0,fp32,285,226,47878181,47855116,23065,250000000
lfp_t6plain_dst_s0,fp32,286,227,47878293,47855228,23065,250000000
lfp_t6plain_dst_s0,fp32,287,228,47878744,47855679,23065,250000000
lfp_t6plain_dst_s0,fp32,288,229,47877956,47854891,23065,250000000
lfp_t6plain_dst_s0,fp32,289,230,47877272,47854207,23065,250000000
lfp_t6plain_dst_s0,fp32,290,231,47876849,47853784,23065,250000000
lfp_t6plain_dst_s0,fp32,291,232,47876564,47853499,23065,250000000
lfp_t6plain_dst_s0,fp32,292,233,47876228,47853163,23065,250000000
lfp_t6plain_dst_s0,fp32,293,234,47875871,47852806,23065,250000000
lfp_t6plain_dst_s0,fp32,294,235,47875355,47852290,23065,250000000
lfp_t6plain_dst_s0,fp32,295,236,47874933,47851868,23065,250000000
lfp_t6plain_dst_s0,fp32,296,237,47874611,47851546,23065,250000000
lfp_t6plain_dst_s0,fp32,297,238,47874018,47850953,23065,250000000
lfp_t6plain_dst_s0,fp32,298,239,47873594,47850529,23065,250000000
lfp_t6plain_dst_s0,fp32,299,240,47873127,47850062,23065,250000000
lfp_t6plain_dst_s0,fp32,300,241,47872917,47849852,23065,250000000
lfp_t6plain_dst_s0,fp32,301,242,47872826,47849761,23065,250000000
lfp_t6plain_dst_s0,fp32,302,243,47871947,47848882,23065,250000000
lfp_t6plain_dst_s0,fp32,303,244,47871947,47848882,23065,250000000
lfp_t6plain_dst_s0,fp32,304,245,47871296,47848231,23065,250000000
lfp_t6plain_dst_s0,fp32,305,246,47871118,47848053,23065,250000000
lfp_t6plain_dst_s0,fp32,306,247,47871369,47848304,23065,250000000
lfp_t6plain_dst_s0,fp32,307,248,47871115,47848050,23065,250000000
lfp_t6plain_dst_s0,fp32,308,249,47870985,47847920,23065,250000000
lfp_t6plain_dst_s0,fp32,309,250,47870811,47847746,23065,250000000
lfp_t6plain_dst_s0,fp32,310,251,47871187,47848122,23065,250000000
lfp_t6plain_dst_s0,fp32,311,252,47871202,47848128,23074,250000000
lfp_t6plain_dst_s0,fp32,312,253,47871346,47848283,23063,250000000
lfp_t6plain_dst_s0,fp32,313,254,47871265,47848202,23063,250000000
lfp_t6plain_dst_s0,fp32,314,255,47871192,47848129,23063,250000000
lfp_t6plain_dst_s0,fp32,315,256,47871388,47848325,23063,250000000
lfp_t6plain_dst_s0,fp32,316,257,47871150,47848087,23063,250000000
lfp_t6plain_dst_s0,fp32,317,258,47871184,47848121,23063,250000000
lfp_t6plain_dst_s0,fp32,318,259,47871458,47848395,23063,250000000
lfp_t6plain_dst_s0,fp32,319,260,47870795,47847724,23071,250000000
lfp_t6plain_dst_s0,fp32,320,261,47870388,47847317,23071,250000000
lfp_t6plain_dst_s0,fp32,321,262,47870768,47847697,23071,250000000
lfp_t6plain_dst_s0,fp32,322,263,47871317,47848246,23071,250000000
lfp_t6plain_dst_s0,fp32,323,264,47872047,47848976,23071,250000000
lfp_t6plain_dst_s0,fp32,324,265,47872549,47849478,23071,250000000
lfp_t6plain_dst_s0,fp32,325,266,47872759,47849688,23071,250000000
lfp_t6plain_dst_s0,fp32,326,267,47873324,47850253,23071,250000000
lfp_t6plain_dst_s0,fp32,327,268,47873873,47850802,23071,250000000
lfp_t6plain_dst_s0,fp32,328,269,47873578,47850503,23075,250000000
lfp_t6plain_dst_s0,fp32,329,270,47873738,47850667,23071,250000000
lfp_t6plain_dst_s0,fp32,330,271,47873719,47850648,23071,250000000
lfp_t6plain_dst_s0,fp32,331,272,47873703,47850632,23071,250000000
lfp_t6plain_dst_s0,fp32,332,273,47874216,47851143,23073,250000000
lfp_t6plain_dst_s0,fp32,333,274,47874577,47851506,23071,250000000
lfp_t6plain_dst_s0,fp32,334,275,47874457,47851386,23071,250000000
lfp_t6plain_dst_s0,fp32,335,276,47874516,47851445,23071,250000000
lfp_t6plain_dst_s0,fp32,336,277,47874455,47851384,23071,250000000
lfp_t6plain_dst_s0,fp32,337,278,47874599,47851528,23071,250000000
lfp_t6plain_dst_s0,fp32,338,279,47874662,47851591,23071,250000000
lfp_t6plain_dst_s0,fp32,339,280,47875113,47852042,23071,250000000
lfp_t6plain_dst_s0,fp32,340,281,47875443,47852372,23071,250000000
lfp_t6plain_dst_s0,fp32,341,282,47875595,47852524,23071,250000000
lfp_t6plain_dst_s0,fp32,342,283,47875843,47852772,23071,250000000
lfp_t6plain_dst_s0,fp32,343,284,47876125,47853054,23071,250000000
lfp_t6plain_dst_s0,fp32,344,285,47876008,47852937,23071,250000000
lfp_t6plain_dst_s0,fp32,345,286,47876328,47853257,23071,250000000
lfp_t6plain_dst_s0,fp32,346,287,47876700,47853629,23071,250000000
lfp_t6plain_dst_s0,fp32,347,288,47877312,47854241,23071,250000000
lfp_t6plain_dst_s0,fp32,348,289,47877928,47854857,23071,250000000
lfp_t6plain_dst_s0,fp32,349,290,47878343,47855272,23071,250000000
lfp_t6plain_dst_s0,fp32,350,291,47879334,47856263,23071,250000000
lfp_t6plain_dst_s0,fp32,351,292,47880492,47857421,23071,250000000
lfp_t6plain_dst_s0,fp32,352,293,47881421,47858350,23071,250000000
lfp_t6plain_dst_s0,fp32,353,294,47882571,47859500,23071,250000000
lfp_t6plain_dst_s0,fp32,354,295,47883170,47860099,23071,250000000
lfp_t6plain_dst_s0,fp32,355,296,47884218,47861147,23071,250000000
lfp_t6plain_dst_s0,fp32,356,297,47885646,47862575,23071,250000000
lfp_t6plain_dst_s0,fp32,357,298,47886692,47863621,23071,250000000
lfp_t6plain_dst_s0,fp32,358,299,47888264,47865193,23071,250000000
lfp_t6plain_dst_s0,fp32,359,300,47889714,47866643,23071,250000000
lfp_t6plain_dst_s0,fp32,360,301,47890641,47867570,23071,250000000
lfp_t6plain_dst_s0,fp32,361,302,47891419,47868348,23071,250000000
lfp_t6plain_dst_s0,fp32,362,303,47892181,47869108,23073,250000000
lfp_t6plain_dst_s0,fp32,363,304,47893217,47870146,23071,250000000
lfp_t6plain_dst_s0,fp32,364,305,47893777,47870706,23071,250000000
lfp_t6plain_dst_s0,fp32,365,306,47894571,47871500,23071,250000000
lfp_t6plain_dst_s0,fp32,366,307,47895353,47872282,23071,250000000
lfp_t6plain_dst_s0,fp32,367,308,47895186,47872113,23073,250000000
lfp_t6plain_dst_s0,fp32,368,309,47894671,47871600,23071,250000000
lfp_t6plain_dst_s0,fp32,369,310,47895163,47872092,23071,250000000
lfp_t6plain_dst_s0,fp32,370,311,47895679,47872608,23071,250000000
lfp_t6plain_dst_s0,fp32,371,312,47896344,47873273,23071,250000000
lfp_t6plain_dst_s0,fp32,372,313,47896914,47873843,23071,250000000
lfp_t6plain_dst_s0,fp32,373,314,47897433,47874362,23071,250000000
lfp_t6plain_dst_s0,fp32,374,315,47897968,47874897,23071,250000000
lfp_t6plain_dst_s0,fp32,375,316,47898730,47875659,23071,250000000
lfp_t6plain_dst_s0,fp32,376,317,47899464,47876399,23065,250000000
lfp_t6plain_dst_s0,fp32,377,318,47900072,47877007,23065,250000000
lfp_t6plain_dst_s0,fp32,378,319,47900669,47877604,23065,250000000
lfp_t6plain_dst_s0,fp32,379,320,47901484,47878419,23065,250000000
lfp_t6plain_dst_s0,fp32,380,321,47901927,47878862,23065,250000000
lfp_t6plain_dst_s0,fp32,381,322,47902566,47879501,23065,250000000
lfp_t6plain_dst_s0,fp32,382,323,47903029,47879964,23065,250000000
lfp_t6plain_dst_s0,fp32,383,324,47903466,47880401,23065,250000000
lfp_t6plain_dst_s0,fp32,384,325,47903971,47880906,23065,250000000
lfp_t6plain_dst_s0,fp32,385,326,47904362,47881297,23065,250000000
lfp_t6plain_dst_s0,fp32,386,327,47904859,47881794,23065,250000000
lfp_t6plain_dst_s0,fp32,387,328,47905552,47882480,23072,250000000
lfp_t6plain_dst_s0,fp32,388,329,47906181,47883107,23074,250000000
lfp_t6plain_dst_s0,fp32,389,330,47907094,47884029,23065,250000000
lfp_t6plain_dst_s0,fp32,390,331,47907921,47884856,23065,250000000
lfp_t6plain_dst_s0,fp32,391,332,47908722,47885657,23065,250000000
lfp_t6plain_dst_s0,fp32,392,333,47909393,47886328,23065,250000000
lfp_t6plain_dst_s0,fp32,393,334,47910229,47887164,23065,250000000
lfp_t6plain_dst_s0,fp32,394,335,47910947,47887882,23065,250000000
lfp_t6plain_dst_s0,fp32,395,336,47911738,47888673,23065,250000000
lfp_t6plain_dst_s0,fp32,396,337,47912373,47889308,23065,250000000
lfp_t6plain_dst_s0,fp32,397,338,47912936,47889871,23065,250000000
lfp_t6plain_dst_s0,fp32,398,339,47913662,47890597,23065,250000000
lfp_t6plain_dst_s0,fp32,399,340,47914225,47891160,23065,250000000
lfp_t6plain_dst_s0,fp32,400,341,47915154,47892089,23065,250000000
lfp_t6plain_dst_s0,fp32,401,342,47915820,47892755,23065,250000000
lfp_t6plain_dst_s0,fp32,402,343,47916637,47893572,23065,250000000
lfp_t6plain_dst_s0,fp32,403,344,47917353,47894288,23065,250000000
lfp_t6plain_dst_s0,fp32,404,345,47917949,47894884,23065,250000000
lfp_t6plain_dst_s0,fp32,405,346,47918179,47895114,23065,250000000
lfp_t6plain_dst_s0,fp32,406,347,47918731,47895666,23065,250000000
lfp_t6plain_dst_s0,fp32,407,348,47918856,47895791,23065,250000000
lfp_t6plain_dst_s0,fp32,408,349,47919223,47896158,23065,250000000
lfp_t6plain_dst_s0,fp32,409,350,47919636,47896564,23072,250000000
lfp_t6plain_dst_s0,fp32,410,351,47920198,47897124,23074,250000000
lfp_t6plain_dst_s0,fp32,411,352,47920717,47897652,23065,250000000
lfp_t6plain_dst_s0,fp32,412,353,47920907,47897842,23065,250000000
lfp_t6plain_dst_s0,fp32,413,354,47921309,47898244,23065,250000000
lfp_t6plain_dst_s0,fp32,414,355,47921498,47898433,23065,250000000
lfp_t6plain_dst_s0,fp32,415,356,47921348,47898283,23065,250000000
lfp_t6plain_dst_s0,fp32,416,357,47921747,47898684,23063,250000000
lfp_t6plain_dst_s0,fp32,417,358,47921543,47898480,23063,250000000
lfp_t6plain_dst_s0,fp32,418,359,47922020,47898957,23063,250000000
lfp_t6plain_dst_s0,fp32,419,360,47922649,47899586,23063,250000000
lfp_t6plain_dst_s0,fp32,420,361,47923029,47899966,23063,250000000
lfp_t6plain_dst_s0,fp32,421,362,47923390,47900327,23063,250000000
lfp_t6plain_dst_s0,fp32,422,363,47923862,47900799,23063,250000000
lfp_t6plain_dst_s0,fp32,423,364,47924239,47901176,23063,250000000
lfp_t6plain_dst_s0,fp32,424,365,47924895,47901824,23071,250000000
lfp_t6plain_dst_s0,fp32,425,366,47925321,47902250,23071,250000000
lfp_t6plain_dst_s0,fp32,426,367,47925275,47902204,23071,250000000
lfp_t6plain_dst_s0,fp32,427,368,47925529,47902458,23071,250000000
lfp_t6plain_dst_s0,fp32,428,369,47925610,47902537,23073,250000000
lfp_t6plain_dst_s0,fp32,429,370,47925722,47902651,23071,250000000
lfp_t6plain_dst_s0,fp32,430,371,47926002,47902931,23071,250000000
lfp_t6plain_dst_s0,fp32,431,372,47925939,47902868,23071,250000000
lfp_t6plain_dst_s0,fp32,432,373,47926165,47903094,23071,250000000
lfp_t6plain_dst_s0,fp32,433,374,47926143,47903072,23071,250000000
lfp_t6plain_dst_s0,fp32,434,375,47926084,47903013,23071,250000000
lfp_t6plain_dst_s0,fp32,435,376,47925863,47902790,23073,250000000
lfp_t6plain_dst_s0,fp32,436,377,47926113,47903042,23071,250000000
lfp_t6plain_dst_s0,fp32,437,378,47926520,47903449,23071,250000000
lfp_t6plain_dst_s0,fp32,438,379,47926505,47903434,23071,250000000
lfp_t6plain_dst_s0,fp32,439,380,47926781,47903710,23071,250000000
lfp_t6plain_dst_s0,fp32,440,381,47926952,47903887,23065,250000000
lfp_t6plain_dst_s0,fp32,441,382,47927081,47904016,23065,250000000
lfp_t6plain_dst_s0,fp32,442,383,47927289,47904224,23065,250000000
lfp_t6plain_dst_s0,fp32,443,384,47928392,47905327,23065,250000000
lfp_t6plain_dst_s0,fp32,444,385,47928655,47905583,23072,250000000
lfp_t6plain_dst_s0,fp32,445,386,47928502,47905428,23074,250000000
lfp_t6plain_dst_s0,fp32,446,387,47928819,47905754,23065,250000000
lfp_t6plain_dst_s0,fp32,447,388,47928813,47905748,23065,250000000
lfp_t6plain_dst_s0,fp32,448,389,47928913,47905848,23065,250000000
lfp_t6plain_dst_s0,fp32,449,390,47928380,47905315,23065,250000000
lfp_t6plain_dst_s0,fp32,450,391,47928164,47905099,23065,250000000
lfp_t6plain_dst_s0,fp32,451,392,47927796,47904731,23065,250000000
lfp_t6plain_dst_s0,fp32,452,393,47927945,47904880,23065,250000000
lfp_t6plain_dst_s0,fp32,453,394,47928587,47905522,23065,250000000
lfp_t6plain_dst_s0,fp32,454,395,47928946,47905881,23065,250000000
lfp_t6plain_dst_s0,fp32,455,396,47929115,47906050,23065,250000000
lfp_t6plain_dst_s0,fp32,456,397,47929356,47906291,23065,250000000
lfp_t6plain_dst_s0,fp32,457,398,47929598,47906533,23065,250000000
lfp_t6plain_dst_s0,fp32,458,399,47929666,47906601,23065,250000000
lfp_t6plain_dst_s0,fp32,459,400,47930330,47907265,23065,250000000
lfp_t6plain_dst_s0,fp32,460,401,47930499,47907434,23065,250000000
lfp_t6plain_dst_s0,fp32,461,402,47931298,47908233,23065,250000000
lfp_t6plain_dst_s0,fp32,462,403,47931442,47908377,23065,250000000
lfp_t6plain_dst_s0,fp32,463,404,47932794,47909729,23065,250000000
lfp_t6plain_dst_s0,fp32,464,405,47933680,47910615,23065,250000000
lfp_t6plain_dst_s0,fp32,465,406,47934040,47910975,23065,250000000
lfp_t6plain_dst_s0,fp32,466,407,47933934,47910869,23065,250000000
lfp_t6plain_dst_s0,fp32,467,408,47934323,47911258,23065,250000000
lfp_t6plain_dst_s0,fp32,468,409,47934078,47911013,23065,250000000
lfp_t6plain_dst_s0,fp32,469,410,47933924,47910859,23065,250000000
lfp_t6plain_dst_s0,fp32,470,411,47934031,47910966,23065,250000000
lfp_t6plain_dst_s0,fp32,471,412,47933527,47910455,23072,250000000
lfp_t6plain_dst_s0,fp32,472,413,47933175,47910101,23074,250000000
lfp_t6plain_dst_s0,fp32,473,414,47932354,47909289,23065,250000000
lfp_t6plain_dst_s0,fp32,474,415,47932664,47909599,23065,250000000
lfp_t6plain_dst_s0,fp32,475,416,47932811,47909746,23065,250000000
lfp_t6plain_dst_s0,fp32,476,417,47933223,47910160,23063,250000000
lfp_t6plain_dst_s0,fp32,477,418,47933853,47910790,23063,250000000
lfp_t6plain_dst_s0,fp32,478,419,47934203,47911140,23063,250000000
lfp_t6plain_dst_s0,fp32,479,420,47934324,47911261,23063,250000000
lfp_t6plain_dst_s0,fp32,480,421,47934784,47911721,23063,250000000
lfp_t6plain_dst_s0,fp32,481,422,47935228,47912165,23063,250000000
lfp_t6plain_dst_s0,fp32,482,423,47935744,47912681,23063,250000000
lfp_t6plain_dst_s0,fp32,483,424,47935804,47912741,23063,250000000
lfp_t6plain_dst_s0,fp32,484,425,47936078,47913013,23065,250000000
lfp_t6plain_dst_s0,fp32,485,426,47936315,47913250,23065,250000000
lfp_t6plain_dst_s0,fp32,486,427,47936589,47913524,23065,250000000
lfp_t6plain_dst_s0,fp32,487,428,47936861,47913796,23065,250000000
lfp_t6plain_dst_s0,fp32,488,429,47937158,47914093,23065,250000000
lfp_t6plain_dst_s0,fp32,489,430,47938058,47914993,23065,250000000
lfp_t6plain_dst_s0,fp32,490,431,47938091,47915026,23065,250000000
lfp_t6plain_dst_s0,fp32,491,432,47938535,47915470,23065,250000000
lfp_t6plain_dst_s0,fp32,492,433,47938733,47915668,23065,250000000
lfp_t6plain_dst_s0,fp32,493,434,47939128,47916063,23065,250000000
lfp_t6plain_dst_s0,fp32,494,435,47939383,47916318,23065,250000000
lfp_t6plain_dst_s0,fp32,495,436,47939943,47916878,23065,250000000
lfp_t6plain_dst_s0,fp32,496,437,47940511,47917446,23065,250000000
lfp_t6plain_dst_s0,fp32,497,438,47941024,47917959,23065,250000000
lfp_t6plain_dst_s0,fp32,498,439,47941669,47918604,23065,250000000
lfp_t6plain_dst_s0,fp32,499,440,47942158,47919093,23065,250000000
lfp_t6plain_dst_s0,fp32,500,441,47942451,47919386,23065,250000000
lfp_t6plain_dst_s0,fp32,501,442,47942883,47919818,23065,250000000
lfp_t6plain_dst_s0,fp32,502,443,47943247,47920182,23065,250000000
lfp_t6plain_dst_s0,fp32,503,444,47943930,47920865,23065,250000000
lfp_t6plain_dst_s0,fp32,504,445,47944222,47921157,23065,250000000
lfp_t6plain_dst_s0,fp32,505,446,47944596,47921531,23065,250000000
lfp_t6plain_dst_s0,fp32,506,447,47944806,47921741,23065,250000000
lfp_t6plain_dst_s0,fp32,507,448,47945427,47922362,23065,250000000
lfp_t6plain_dst_s0,fp32,508,449,47945866,47922801,23065,250000000
lfp_t6plain_dst_s0,fp32,509,450,47946098,47923033,23065,250000000
lfp_t6plain_dst_s0,fp32,510,451,47946184,47923119,23065,250000000
lfp_t6plain_dst_s0,fp32,511,452,47946095,47923030,23065,250000000
lfp_t6plain_dst_s0,fp32,512,453,47946555,47923490,23065,250000000
lfp_t6plain_dst_s0,fp32,513,454,47947249,47924175,23074,250000000
lfp_t6plain_dst_s0,fp32,514,455,47947310,47924236,23074,250000000
lfp_t6plain_dst_s0,fp32,515,456,47947424,47924350,23074,250000000
lfp_t6plain_dst_s0,fp32,516,457,47947275,47924201,23074,250000000
lfp_t6plain_dst_s0,fp32,517,458,47947525,47924451,23074,250000000
lfp_t6plain_dst_s0,fp32,518,459,47947527,47924453,23074,250000000
lfp_t6plain_dst_s0,fp32,519,460,47947190,47924116,23074,250000000
lfp_t6plain_dst_s0,fp32,520,461,47947079,47924005,23074,250000000
lfp_t6plain_dst_s0,fp32,521,462,47947110,47924036,23074,250000000
lfp_t6plain_dst_s0,fp32,522,463,47947072,47923998,23074,250000000
lfp_t6plain_dst_s0,fp32,523,464,47947219,47924145,23074,250000000
lfp_t6plain_dst_s0,fp32,524,465,47947323,47924249,23074,250000000
lfp_t6plain_dst_s0,fp32,525,466,47947109,47924035,23074,250000000
lfp_t6plain_dst_s0,fp32,526,467,47946993,47923919,23074,250000000
lfp_t6plain_dst_s0,fp32,527,468,47946361,47923287,23074,250000000
lfp_t6plain_dst_s0,fp32,528,469,47945894,47922820,23074,250000000
lfp_t6plain_dst_s0,fp32,529,470,47945381,47922316,23065,250000000
lfp_t6plain_dst_s0,fp32,530,471,47945314,47922249,23065,250000000
lfp_t6plain_dst_s0,fp32,531,472,47945447,47922382,23065,250000000
lfp_t6plain_dst_s0,fp32,532,473,47945366,47922301,23065,250000000
lfp_t6plain_dst_s0,fp32,533,474,47945373,47922308,23065,250000000
lfp_t6plain_dst_s0,fp32,534,475,47945521,47922456,23065,250000000
lfp_t6plain_dst_s0,fp32,535,476,47945478,47922413,23065,250000000
lfp_t6plain_dst_s0,fp32,536,477,47945455,47922383,23072,250000000
lfp_t6plain_dst_s0,fp32,537,478,47945533,47922459,23074,250000000
lfp_t6plain_dst_s0,fp32,538,479,47945779,47922714,23065,250000000
lfp_t6plain_dst_s0,fp32,539,480,47945706,47922641,23065,250000000
lfp_t6plain_dst_s0,fp32,540,481,47945878,47922815,23063,250000000
lfp_t6plain_dst_s0,fp32,541,482,47946199,47923125,23074,250000000
lfp_t6plain_dst_s0,fp32,542,483,47946073,47923010,23063,250000000
lfp_t6plain_dst_s0,fp32,543,484,47946433,47923370,23063,250000000
lfp_t6plain_dst_s0,fp32,544,485,47946688,47923625,23063,250000000
lfp_t6plain_dst_s0,fp32,545,486,47947237,47924174,23063,250000000
lfp_t6plain_dst_s0,fp32,546,487,47947618,47924555,23063,250000000
lfp_t6plain_dst_s0,fp32,547,488,47947833,47924770,23063,250000000
lfp_t6plain_dst_s0,fp32,548,489,47948173,47925102,23071,250000000
lfp_t6plain_dst_s0,fp32,549,490,47948346,47925275,23071,250000000
lfp_t6plain_dst_s0,fp32,550,491,47948296,47925225,23071,250000000
lfp_t6plain_dst_s0,fp32,551,492,47948478,47925407,23071,250000000
lfp_t6plain_dst_s0,fp32,552,493,47948770,47925699,23071,250000000
lfp_t6plain_dst_s0,fp32,553,494,47949047,47925976,23071,250000000
lfp_t6plain_dst_s0,fp32,554,495,47949416,47926345,23071,250000000
lfp_t6plain_dst_s0,fp32,555,496,47949427,47926354,23073,250000000
lfp_t6plain_dst_s0,fp32,556,497,47949642,47926571,23071,250000000
lfp_t6plain_dst_s0,fp32,557,498,47949910,47926839,23071,250000000
lfp_t6plain_dst_s0,fp32,558,499,47950090,47927019,23071,250000000
lfp_t6plain_dst_s0,fp32,559,500,47950337,47927266,23071,250000000
lfp_t6plain_dst_s0,fp32,560,501,47950711,47927640,23071,250000000
lfp_t6plain_dst_s0,fp32,561,502,47950949,47927878,23071,250000000
lfp_t6plain_dst_s0,fp32,562,503,47951163,47928092,23071,250000000
lfp_t6plain_dst_s0,fp32,563,504,47951345,47928280,23065,250000000
lfp_t6plain_dst_s0,fp32,564,505,47951375,47928310,23065,250000000
lfp_t6plain_dst_s0,fp32,565,506,47951651,47928586,23065,250000000
lfp_t6plain_dst_s0,fp32,566,507,47951833,47928768,23065,250000000
lfp_t6plain_dst_s0,fp32,567,508,47952156,47929091,23065,250000000
lfp_t6plain_dst_s0,fp32,568,509,47952352,47929287,23065,250000000
lfp_t6plain_dst_s0,fp32,569,510,47952956,47929891,23065,250000000
lfp_t6plain_dst_s0,fp32,570,511,47953513,47930448,23065,250000000
lfp_t6plain_dst_s0,fp32,571,512,47954115,47931050,23065,250000000
lfp_t6plain_dst_s0,fp32,572,513,47954352,47931287,23065,250000000
lfp_t6plain_dst_s0,fp32,573,514,47954612,47931547,23065,250000000
lfp_t6plain_dst_s0,fp32,574,515,47954994,47931929,23065,250000000
lfp_t6plain_dst_s0,fp32,575,516,47954914,47931849,23065,250000000
lfp_t6plain_dst_s0,fp32,576,517,47955101,47932036,23065,250000000
lfp_t6plain_dst_s0,fp32,577,518,47955524,47932459,23065,250000000
lfp_t6plain_dst_s0,fp32,578,519,47955734,47932669,23065,250000000
lfp_t6plain_dst_s0,fp32,579,520,47955198,47932133,23065,250000000
lfp_t6plain_dst_s0,fp32,580,521,47955133,47932068,23065,250000000
lfp_t6plain_dst_s0,fp32,581,522,47954703,47931638,23065,250000000
lfp_t6plain_dst_s0,fp32,582,523,47954224,47931159,23065,250000000
lfp_t6plain_dst_s0,fp32,583,524,47953368,47930303,23065,250000000
lfp_t6plain_dst_s0,fp32,584,525,47952782,47929717,23065,250000000
lfp_t6plain_dst_s0,fp32,585,526,47952900,47929835,23065,250000000
lfp_t6plain_dst_s0,fp32,586,527,47952912,47929847,23065,250000000
lfp_t6plain_dst_s0,fp32,587,528,47953836,47930771,23065,250000000
lfp_t6plain_dst_s0,fp32,588,529,47954790,47931725,23065,250000000
lfp_t6plain_dst_s0,fp32,589,530,47955245,47932180,23065,250000000
lfp_t6plain_dst_s0,fp32,590,531,47955399,47932334,23065,250000000
lfp_t6plain_dst_s0,fp32,591,532,47955635,47932570,23065,250000000
lfp_t6plain_dst_s0,fp32,592,533,47955471,47932406,23065,250000000
lfp_t6plain_dst_s0,fp32,593,534,47955477,47932412,23065,250000000
lfp_t6plain_dst_s0,fp32,594,535,47955283,47932218,23065,250000000
lfp_t6plain_dst_s0,fp32,595,536,47955158,47932093,23065,250000000
lfp_t6plain_dst_s0,fp32,596,537,47955141,47932076,23065,250000000
lfp_t6plain_dst_s0,fp32,597,538,47954524,47931459,23065,250000000
lfp_t6plain_dst_s0,fp32,598,539,47954817,47931752,23065,250000000
lfp_t6plain_dst_s0,fp32,599,540,47954786,47931714,23072,250000000
lfp_t6plain_dst_s0,fp32,600,541,47954741,47931669,23072,250000000
lfp_t6plain_dst_s0,fp32,601,542,47954904,47931839,23065,250000000
lfp_t6plain_dst_s0,fp32,602,543,47954629,47931564,23065,250000000
lfp_t6plain_dst_s0,fp32,603,544,47954444,47931379,23065,250000000
lfp_t6plain_dst_s0,fp32,604,545,47954245,47931180,23065,250000000
lfp_t6plain_dst_s0,fp32,605,546,47954147,47931075,23072,250000000
lfp_t6plain_dst_s0,fp32,606,547,47953868,47930803,23065,250000000
lfp_t6plain_dst_s0,fp32,607,548,47953876,47930803,23073,250000000
lfp_t6plain_dst_s0,fp32,608,549,47953700,47930620,23080,250000000
lfp_t6plain_dst_s0,fp32,609,550,47953393,47930311,23082,250000000
lfp_t6plain_dst_s0,fp32,610,551,47953323,47930243,23080,250000000
lfp_t6plain_dst_s0,fp32,611,552,47953103,47930021,23082,250000000
lfp_t6plain_dst_s0,fp32,612,553,47953034,47929961,23073,250000000
lfp_t6plain_dst_s0,fp32,613,554,47952805,47929732,23073,250000000
lfp_t6plain_dst_s0,fp32,614,555,47952554,47929481,23073,250000000
lfp_t6plain_dst_s0,fp32,615,556,47952281,47929208,23073,250000000
lfp_t6plain_dst_s0,fp32,616,557,47951903,47928830,23073,250000000
lfp_t6plain_dst_s0,fp32,617,558,47951696,47928623,23073,250000000
lfp_t6plain_dst_s0,fp32,618,559,47951708,47928635,23073,250000000
lfp_t6plain_dst_s0,fp32,619,560,47951643,47928570,23073,250000000
lfp_t6plain_dst_s0,fp32,620,561,47951264,47928191,23073,250000000
lfp_t6plain_dst_s0,fp32,621,562,47951231,47928158,23073,250000000
lfp_t6plain_dst_s0,fp32,622,563,47951220,47928147,23073,250000000
lfp_t6plain_dst_s0,fp32,623,564,47950794,47927721,23073,250000000
lfp_t6plain_dst_s0,fp32,624,565,47950841,47927768,23073,250000000
lfp_t6plain_dst_s0,fp32,625,566,47950950,47927877,23073,250000000
lfp_t6plain_dst_s0,fp32,626,567,47951036,47927963,23073,250000000
lfp_t6plain_dst_s0,fp32,627,568,47950634,47927561,23073,250000000
lfp_t6plain_dst_s0,fp32,628,569,47950121,47927048,23073,250000000
lfp_t6plain_dst_s0,fp32,629,570,47949838,47926765,23073,250000000
lfp_t6plain_dst_s0,fp32,630,571,47949436,47926363,23073,250000000
lfp_t6plain_dst_s0,fp32,631,572,47949027,47925964,23063,250000000
lfp_t6plain_dst_s0,fp32,632,573,47949084,47926021,23063,250000000
lfp_t6plain_dst_s0,fp32,633,574,47948835,47925772,23063,250000000
lfp_t6plain_dst_s0,fp32,634,575,47948452,47925389,23063,250000000
lfp_t6plain_dst_s0,fp32,635,576,47947734,47924671,23063,250000000
lfp_t6plain_dst_s0,fp32,636,577,47947673,47924610,23063,250000000
lfp_t6plain_dst_s0,fp32,637,578,47947810,47924747,23063,250000000
lfp_t6plain_dst_s0,fp32,638,579,47947778,47924715,23063,250000000
lfp_t6plain_dst_s0,fp32,639,580,47947505,47924440,23065,250000000
lfp_t6plain_dst_s0,fp32,640,581,47947203,47924138,23065,250000000
lfp_t6plain_dst_s0,fp32,641,582,47946867,47923802,23065,250000000
lfp_t6plain_dst_s0,fp32,642,583,47946303,47923238,23065,250000000
lfp_t6plain_dst_s0,fp32,643,584,47945601,47922536,23065,250000000
lfp_t6plain_dst_s0,fp32,644,585,47944530,47921465,23065,250000000
lfp_t6plain_dst_s0,fp32,645,586,47943896,47920831,23065,250000000
lfp_t6plain_dst_s0,fp32,646,587,47942595,47919530,23065,250000000
lfp_t6plain_dst_s0,fp32,647,588,47941295,47918230,23065,250000000
lfp_t6plain_dst_s0,fp32,648,589,47938769,47915704,23065,250000000
lfp_t6plain_dst_s0,fp32,649,590,47939505,47916440,23065,250000000
lfp_t6plain_dst_s0,fp32,650,591,47940343,47917278,23065,250000000
lfp_t6plain_dst_s0,fp32,651,592,47940911,47917846,23065,250000000
lfp_t6plain_dst_s0,fp32,652,593,47941815,47918750,23065,250000000
lfp_t6plain_dst_s0,fp32,653,594,47942305,47919240,23065,250000000
lfp_t6plain_dst_s0,fp32,654,595,47942607,47919542,23065,250000000
lfp_t6plain_dst_s0,fp32,655,596,47942528,47919463,23065,250000000
lfp_t6plain_dst_s0,fp32,656,597,47943510,47920445,23065,250000000
lfp_t6plain_dst_s0,fp32,657,598,47942764,47919699,23065,250000000
lfp_t6plain_dst_s0,fp32,658,599,47942732,47919667,23065,250000000
lfp_t6plain_dst_s0,fp32,659,600,47942502,47919437,23065,250000000
lfp_t6plain_dst_s0,fp32,660,601,47942195,47919130,23065,250000000
lfp_t6plain_dst_s0,fp32,661,602,47942717,47919652,23065,250000000
lfp_t6plain_dst_s0,fp32,662,603,47942381,47919316,23065,250000000
lfp_t6plain_dst_s0,fp32,663,604,47942267,47919202,23065,250000000
lfp_t6plain_dst_s0,fp32,664,605,47943126,47920061,23065,250000000
lfp_t6plain_dst_s0,fp32,665,606,47943778,47920713,23065,250000000
lfp_t6plain_dst_s0,fp32,666,607,47943965,47920900,23065,250000000
lfp_t6plain_dst_s0,fp32,667,608,47944606,47921541,23065,250000000
lfp_t6plain_dst_s0,fp32,668,609,47945137,47922072,23065,250000000
lfp_t6plain_dst_s0,fp32,669,610,47945535,47922470,23065,250000000
lfp_t6plain_dst_s0,fp32,670,611,47945997,47922932,23065,250000000
lfp_t6plain_dst_s0,fp32,671,612,47946648,47923574,23074,250000000
lfp_t6plain_dst_s0,fp32,672,613,47947286,47924223,23063,250000000
lfp_t6plain_dst_s0,fp32,673,614,47947906,47924843,23063,250000000
lfp_t6plain_dst_s0,fp32,674,615,47948873,47925810,23063,250000000
lfp_t6plain_dst_s0,fp32,675,616,47949656,47926593,23063,250000000
lfp_t6plain_dst_s0,fp32,676,617,47950363,47927300,23063,250000000
lfp_t6plain_dst_s0,fp32,677,618,47951232,47928169,23063,250000000
lfp_t6plain_dst_s0,fp32,678,619,47951926,47928863,23063,250000000
lfp_t6plain_dst_s0,fp32,679,620,47951746,47928675,23071,250000000
lfp_t6plain_dst_s0,fp32,680,621,47951068,47927997,23071,250000000
lfp_t6plain_dst_s0,fp32,681,622,47951022,47927951,23071,250000000
lfp_t6plain_dst_s0,fp32,682,623,47951052,47927981,23071,250000000
lfp_t6plain_dst_s0,fp32,683,624,47951179,47928108,23071,250000000
lfp_t6plain_dst_s0,fp32,684,625,47950882,47927811,23071,250000000
lfp_t6plain_dst_s0,fp32,685,626,47950958,47927887,23071,250000000
lfp_t6plain_dst_s0,fp32,686,627,47951301,47928230,23071,250000000
lfp_t6plain_dst_s0,fp32,687,628,47951790,47928719,23071,250000000
lfp_t6plain_dst_s0,fp32,688,629,47950592,47927519,23073,250000000
lfp_t6plain_dst_s0,fp32,689,630,47950135,47927064,23071,250000000
lfp_t6plain_dst_s0,fp32,690,631,47949993,47926922,23071,250000000
lfp_t6plain_dst_s0,fp32,691,632,47950136,47927065,23071,250000000
lfp_t6plain_dst_s0,fp32,692,633,47949870,47926797,23073,250000000
lfp_t6plain_dst_s0,fp32,693,634,47949761,47926690,23071,250000000
lfp_t6plain_dst_s0,fp32,694,635,47949462,47926391,23071,250000000
lfp_t6plain_dst_s0,fp32,695,636,47949141,47926070,23071,250000000
lfp_t6plain_dst_s0,fp32,696,637,47949349,47926278,23071,250000000
lfp_t6plain_dst_s0,fp32,697,638,47949394,47926323,23071,250000000
lfp_t6plain_dst_s0,fp32,698,639,47949646,47926575,23071,250000000
lfp_t6plain_dst_s0,fp32,699,640,47949826,47926755,23071,250000000
lfp_t6plain_dst_s0,fp32,700,641,47950015,47926944,23071,250000000
lfp_t6plain_dst_s0,fp32,701,642,47950132,47927061,23071,250000000
lfp_t6plain_dst_s0,fp32,702,643,47950331,47927260,23071,250000000
lfp_t6plain_dst_s0,fp32,703,644,47950215,47927144,23071,250000000
lfp_t6plain_dst_s0,fp32,704,645,47950503,47927432,23071,250000000
lfp_t6plain_dst_s0,fp32,705,646,47950055,47926984,23071,250000000
lfp_t6plain_dst_s0,fp32,706,647,47950097,47927026,23071,250000000
lfp_t6plain_dst_s0,fp32,707,648,47950362,47927291,23071,250000000
lfp_t6plain_dst_s0,fp32,708,649,47950587,47927516,23071,250000000
lfp_t6plain_dst_s0,fp32,709,650,47950726,47927655,23071,250000000
lfp_t6plain_dst_s0,fp32,710,651,47949863,47926792,23071,250000000
lfp_t6plain_dst_s0,fp32,711,652,47950399,47927328,23071,250000000
lfp_t6plain_dst_s0,fp32,712,653,47950922,47927851,23071,250000000
lfp_t6plain_dst_s0,fp32,713,654,47951016,47927945,23071,250000000
lfp_t6plain_dst_s0,fp32,714,655,47951817,47928746,23071,250000000
lfp_t6plain_dst_s0,fp32,715,656,47951923,47928852,23071,250000000
lfp_t6plain_dst_s0,fp32,716,657,47952477,47929406,23071,250000000
lfp_t6plain_dst_s0,fp32,717,658,47953002,47929931,23071,250000000
lfp_t6plain_dst_s0,fp32,718,659,47954017,47930944,23073,250000000
lfp_t6plain_dst_s0,fp32,719,660,47954205,47931134,23071,250000000
lfp_t6plain_dst_s0,fp32,720,661,47954886,47931815,23071,250000000
lfp_t6plain_dst_s0,fp32,721,662,47955444,47932373,23071,250000000
lfp_t6plain_dst_s0,fp32,722,663,47955967,47932894,23073,250000000
lfp_t6plain_dst_s0,fp32,723,664,47956534,47933463,23071,250000000
lfp_t6plain_dst_s0,fp32,724,665,47956957,47933886,23071,250000000
lfp_t6plain_dst_s0,fp32,725,666,47957178,47934107,23071,250000000
lfp_t6plain_dst_s0,fp32,726,667,47956935,47933864,23071,250000000
lfp_t6plain_dst_s0,fp32,727,668,47956345,47933272,23073,250000000
lfp_t6plain_dst_s0,fp32,728,669,47954270,47931199,23071,250000000
lfp_t6plain_dst_s0,fp32,729,670,47954997,47931926,23071,250000000
lfp_t6plain_dst_s0,fp32,730,671,47955748,47932677,23071,250000000
lfp_t6plain_dst_s0,fp32,731,672,47956508,47933437,23071,250000000
lfp_t6plain_dst_s0,fp32,732,673,47956990,47933919,23071,250000000
lfp_t6plain_dst_s0,fp32,733,674,47957280,47934209,23071,250000000
lfp_t6plain_dst_s0,fp32,734,675,47957440,47934369,23071,250000000
lfp_t6plain_dst_s0,fp32,735,676,47957872,47934801,23071,250000000
lfp_t6plain_dst_s0,fp32,736,677,47958354,47935289,23065,250000000
lfp_t6plain_dst_s0,fp32,737,678,47958677,47935612,23065,250000000
lfp_t6plain_dst_s0,fp32,738,679,47959205,47936140,23065,250000000
lfp_t6plain_dst_s0,fp32,739,680,47959477,47936412,23065,250000000
lfp_t6plain_dst_s0,fp32,740,681,47959983,47936918,23065,250000000
lfp_t6plain_dst_s0,fp32,741,682,47960434,47937369,23065,250000000
lfp_t6plain_dst_s0,fp32,742,683,47960483,47937418,23065,250000000
lfp_t6plain_dst_s0,fp32,743,684,47960949,47937884,23065,250000000
lfp_t6plain_dst_s0,fp32,744,685,47960912,47937847,23065,250000000
lfp_t6plain_dst_s0,fp32,745,686,47961160,47938095,23065,250000000
lfp_t6plain_dst_s0,fp32,746,687,47961542,47938477,23065,250000000
lfp_t6plain_dst_s0,fp32,747,688,47962005,47938933,23072,250000000
lfp_t6plain_dst_s0,fp32,748,689,47962341,47939267,23074,250000000
lfp_t6plain_dst_s0,fp32,749,690,47962774,47939709,23065,250000000
lfp_t6plain_dst_s0,fp32,750,691,47963069,47940004,23065,250000000
lfp_t6plain_dst_s0,fp32,751,692,47963605,47940540,23065,250000000
lfp_t6plain_dst_s0,fp32,752,693,47963916,47940851,23065,250000000
lfp_t6plain_dst_s0,fp32,753,694,47964305,47941240,23065,250000000
lfp_t6plain_dst_s0,fp32,754,695,47964744,47941679,23065,250000000
lfp_t6plain_dst_s0,fp32,755,696,47965186,47942121,23065,250000000
lfp_t6plain_dst_s0,fp32,756,697,47965650,47942585,23065,250000000
lfp_t6plain_dst_s0,fp32,757,698,47966039,47942974,23065,250000000
lfp_t6plain_dst_s0,fp32,758,699,47966434,47943369,23065,250000000
lfp_t6plain_dst_s0,fp32,759,700,47966926,47943861,23065,250000000
lfp_t6plain_dst_s0,fp32,760,701,47967435,47944370,23065,250000000
lfp_t6plain_dst_s0,fp32,761,702,47967928,47944863,23065,250000000
lfp_t6plain_dst_s0,fp32,762,703,47968428,47945363,23065,250000000
lfp_t6plain_dst_s0,fp32,763,704,47968878,47945813,23065,250000000
lfp_t6plain_dst_s0,fp32,764,705,47969376,47946311,23065,250000000
lfp_t6plain_dst_s0,fp32,765,706,47969900,47946835,23065,250000000
lfp_t6plain_dst_s0,fp32,766,707,47970094,47947029,23065,250000000
lfp_t6plain_dst_s0,fp32,767,708,47970590,47947525,23065,250000000
lfp_t6plain_dst_s0,fp32,768,709,47971086,47948021,23065,250000000
lfp_t6plain_dst_s0,fp32,769,710,47971519,47948447,23072,250000000
lfp_t6plain_dst_s0,fp32,770,711,47971955,47948881,23074,250000000
lfp_t6plain_dst_s0,fp32,771,712,47972505,47949440,23065,250000000
lfp_t6plain_dst_s0,fp32,772,713,47973228,47950163,23065,250000000
lfp_t6plain_dst_s0,fp32,773,714,47973808,47950743,23065,250000000
lfp_t6plain_dst_s0,fp32,774,715,47974288,47951223,23065,250000000
lfp_t6plain_dst_s0,fp32,775,716,47975170,47952105,23065,250000000
lfp_t6plain_dst_s0,fp32,776,717,47975700,47952637,23063,250000000
lfp_t6plain_dst_s0,fp32,777,718,47975924,47952861,23063,250000000
lfp_t6plain_dst_s0,fp32,778,719,47976273,47953210,23063,250000000
lfp_t6plain_dst_s0,fp32,779,720,47976781,47953718,23063,250000000
lfp_t6plain_dst_s0,fp32,780,721,47976628,47953565,23063,250000000
lfp_t6plain_dst_s0,fp32,781,722,47976803,47953740,23063,250000000
lfp_t6plain_dst_s0,fp32,782,723,47976827,47953764,23063,250000000
lfp_t6plain_dst_s0,fp32,783,724,47976854,47953791,23063,250000000
lfp_t6plain_dst_s0,fp32,784,725,47976570,47953499,23071,250000000
lfp_t6plain_dst_s0,fp32,785,726,47976784,47953713,23071,250000000
lfp_t6plain_dst_s0,fp32,786,727,47977088,47954017,23071,250000000
lfp_t6plain_dst_s0,fp32,787,728,47977584,47954513,23071,250000000
lfp_t6plain_dst_s0,fp32,788,729,47977537,47954464,23073,250000000
lfp_t6plain_dst_s0,fp32,789,730,47977534,47954463,23071,250000000
lfp_t6plain_dst_s0,fp32,790,731,47977920,47954849,23071,250000000
lfp_t6plain_dst_s0,fp32,791,732,47977985,47954914,23071,250000000
lfp_t6plain_dst_s0,fp32,792,733,47978147,47955076,23071,250000000
lfp_t6plain_dst_s0,fp32,793,734,47978444,47955373,23071,250000000
lfp_t6plain_dst_s0,fp32,794,735,47978601,47955530,23071,250000000
lfp_t6plain_dst_s0,fp32,795,736,47978725,47955652,23073,250000000
lfp_t6plain_dst_s0,fp32,796,737,47978978,47955907,23071,250000000
lfp_t6plain_dst_s0,fp32,797,738,47979057,47955986,23071,250000000
lfp_t6plain_dst_s0,fp32,798,739,47979048,47955977,23071,250000000
lfp_t6plain_dst_s0,fp32,799,740,47979407,47956336,23071,250000000
lfp_t6plain_dst_s0,fp32,800,741,47979264,47956199,23065,250000000
lfp_t6plain_dst_s0,fp32,801,742,47979261,47956196,23065,250000000
lfp_t6plain_dst_s0,fp32,802,743,47979521,47956456,23065,250000000
lfp_t6plain_dst_s0,fp32,803,744,47979810,47956745,23065,250000000
lfp_t6plain_dst_s0,fp32,804,745,47979825,47956753,23072,250000000
lfp_t6plain_dst_s0,fp32,805,746,47980044,47956970,23074,250000000
lfp_t6plain_dst_s0,fp32,806,747,47980149,47957084,23065,250000000
lfp_t6plain_dst_s0,fp32,807,748,47980066,47957001,23065,250000000
lfp_t6plain_dst_s0,fp32,808,749,47980337,47957272,23065,250000000
lfp_t6plain_dst_s0,fp32,809,750,47980655,47957590,23065,250000000
lfp_t6plain_dst_s0,fp32,810,751,47981329,47958264,23065,250000000
lfp_t6plain_dst_s0,fp32,811,752,47982095,47959030,23065,250000000
lfp_t6plain_dst_s0,fp32,812,753,47982086,47959021,23065,250000000
lfp_t6plain_dst_s0,fp32,813,754,47982248,47959183,23065,250000000
lfp_t6plain_dst_s0,fp32,814,755,47982283,47959218,23065,250000000
lfp_t6plain_dst_s0,fp32,815,756,47982515,47959450,23065,250000000
lfp_t6plain_dst_s0,fp32,816,757,47982769,47959704,23065,250000000
lfp_t6plain_dst_s0,fp32,817,758,47983365,47960300,23065,250000000
lfp_t6plain_dst_s0,fp32,818,759,47983708,47960643,23065,250000000
lfp_t6plain_dst_s0,fp32,819,760,47983995,47960930,23065,250000000
lfp_t6plain_dst_s0,fp32,820,761,47984500,47961435,23065,250000000
lfp_t6plain_dst_s0,fp32,821,762,47984738,47961673,23065,250000000
lfp_t6plain_dst_s0,fp32,822,763,47985700,47962635,23065,250000000
lfp_t6plain_dst_s0,fp32,823,764,47986349,47963284,23065,250000000
lfp_t6plain_dst_s0,fp32,824,765,47987085,47964020,23065,250000000
lfp_t6plain_dst_s0,fp32,825,766,47987160,47964095,23065,250000000
lfp_t6plain_dst_s0,fp32,826,767,47987698,47964633,23065,250000000
lfp_t6plain_dst_s0,fp32,827,768,47988207,47965142,23065,250000000
lfp_t6plain_dst_s0,fp32,828,769,47988781,47965716,23065,250000000
lfp_t6plain_dst_s0,fp32,829,770,47989481,47966416,23065,250000000
lfp_t6plain_dst_s0,fp32,830,771,47990016,47966951,23065,250000000
lfp_t6plain_dst_s0,fp32,831,772,47990554,47967482,23072,250000000
lfp_t6plain_dst_s0,fp32,832,773,47991414,47968340,23074,250000000
lfp_t6plain_dst_s0,fp32,833,774,47991584,47968519,23065,250000000
lfp_t6plain_dst_s0,fp32,834,775,47991806,47968741,23065,250000000
lfp_t6plain_dst_s0,fp32,835,776,47991998,47968933,23065,250000000
lfp_t6plain_dst_s0,fp32,836,777,47992191,47969128,23063,250000000
lfp_t6plain_dst_s0,fp32,837,778,47992216,47969153,23063,250000000
lfp_t6plain_dst_s0,fp32,838,779,47992130,47969067,23063,250000000
lfp_t6plain_dst_s0,fp32,839,780,47992102,47969039,23063,250000000
lfp_t6plain_dst_s0,fp32,840,781,47991964,47968901,23063,250000000
lfp_t6plain_dst_s0,fp32,841,782,47991548,47968485,23063,250000000
lfp_t6plain_dst_s0,fp32,842,783,47991710,47968647,23063,250000000
lfp_t6plain_dst_s0,fp32,843,784,47991697,47968634,23063,250000000
lfp_t6plain_dst_s0,fp32,844,785,47992041,47968976,23065,250000000
lfp_t6plain_dst_s0,fp32,845,786,47992461,47969396,23065,250000000
lfp_t6plain_dst_s0,fp32,846,787,47992736,47969671,23065,250000000
lfp_t6plain_dst_s0,fp32,847,788,47993077,47970012,23065,250000000
lfp_t6plain_dst_s0,fp32,848,789,47993479,47970414,23065,250000000
lfp_t6plain_dst_s0,fp32,849,790,47993390,47970325,23065,250000000
lfp_t6plain_dst_s0,fp32,850,791,47993204,47970139,23065,250000000
lfp_t6plain_dst_s0,fp32,851,792,47993261,47970196,23065,250000000
lfp_t6plain_dst_s0,fp32,852,793,47993513,47970448,23065,250000000
lfp_t6plain_dst_s0,fp32,853,794,47993706,47970641,23065,250000000
lfp_t6plain_dst_s0,fp32,854,795,47993753,47970688,23065,250000000
lfp_t6plain_dst_s0,fp32,855,796,47994180,47971115,23065,250000000
lfp_t6plain_dst_s0,fp32,856,797,47994420,47971355,23065,250000000
lfp_t6plain_dst_s0,fp32,857,798,47994707,47971642,23065,250000000
lfp_t6plain_dst_s0,fp32,858,799,47994871,47971806,23065,250000000
lfp_t6plain_dst_s0,fp32,859,800,47995016,47971951,23065,250000000
lfp_t6plain_dst_s0,fp32,860,801,47995347,47972282,23065,250000000
lfp_t6plain_dst_s0,fp32,861,802,47995416,47972351,23065,250000000
lfp_t6plain_dst_s0,fp32,862,803,47995703,47972638,23065,250000000
lfp_t6plain_dst_s0,fp32,863,804,47995883,47972818,23065,250000000
lfp_t6plain_dst_s0,fp32,864,805,47996112,47973047,23065,250000000
lfp_t6plain_dst_s0,fp32,865,806,47996456,47973391,23065,250000000
lfp_t6plain_dst_s0,fp32,866,807,47996706,47973641,23065,250000000
lfp_t6plain_dst_s0,fp32,867,808,47996632,47973567,23065,250000000
lfp_t6plain_dst_s0,fp32,868,809,47996705,47973640,23065,250000000
lfp_t6plain_dst_s0,fp32,869,810,47996843,47973778,23065,250000000
lfp_t6plain_dst_s0,fp32,870,811,47997207,47974142,23065,250000000
lfp_t6plain_dst_s0,fp32,871,812,47997386,47974321,23065,250000000
lfp_t6plain_dst_s0,fp32,872,813,47997699,47974634,23065,250000000
lfp_t6plain_dst_s0,fp32,873,814,47997647,47974573,23074,250000000
lfp_t6plain_dst_s0,fp32,874,815,47997860,47974786,23074,250000000
lfp_t6plain_dst_s0,fp32,875,816,47997900,47974826,23074,250000000
lfp_t6plain_dst_s0,fp32,876,817,47997893,47974819,23074,250000000
lfp_t6plain_dst_s0,fp32,877,818,47998133,47975059,23074,250000000
lfp_t6plain_dst_s0,fp32,878,819,47998263,47975189,23074,250000000
lfp_t6plain_dst_s0,fp32,879,820,47998587,47975513,23074,250000000
lfp_t6plain_dst_s0,fp32,880,821,47999657,47976583,23074,250000000
lfp_t6plain_dst_s0,fp32,881,822,47999723,47976649,23074,250000000
lfp_t6plain_dst_s0,fp32,882,823,47999834,47976760,23074,250000000
lfp_t6plain_dst_s0,fp32,883,824,48000101,47977027,23074,250000000
lfp_t6plain_dst_s0,fp32,884,825,48000412,47977338,23074,250000000
lfp_t6plain_dst_s0,fp32,885,826,48001132,47978058,23074,250000000
lfp_t6plain_dst_s0,fp32,886,827,48001509,47978435,23074,250000000
lfp_t6plain_dst_s0,fp32,887,828,48001369,47978295,23074,250000000
lfp_t6plain_dst_s0,fp32,888,829,48001785,47978711,23074,250000000
lfp_t6plain_dst_s0,fp32,889,830,48002052,47978987,23065,250000000
lfp_t6plain_dst_s0,fp32,890,831,48002636,47979571,23065,250000000
lfp_t6plain_dst_s0,fp32,891,832,48002652,47979587,23065,250000000
lfp_t6plain_dst_s0,fp32,892,833,48003135,47980070,23065,250000000
lfp_t6plain_dst_s0,fp32,893,834,48002957,47979892,23065,250000000
lfp_t6plain_dst_s0,fp32,894,835,48002882,47979817,23065,250000000
lfp_t6plain_dst_s0,fp32,895,836,48002970,47979905,23065,250000000
lfp_t6plain_dst_s0,fp32,896,837,48003088,47980016,23072,250000000
lfp_t6plain_dst_s0,fp32,897,838,48003252,47980178,23074,250000000
lfp_t6plain_dst_s0,fp32,898,839,48003305,47980240,23065,250000000
lfp_t6plain_dst_s0,fp32,899,840,48003415,47980350,23065,250000000
lfp_t6plain_dst_s0,fp32,900,841,48003360,47980297,23063,250000000
lfp_t6plain_dst_s0,fp32,901,842,48003317,47980243,23074,250000000
lfp_t6plain_dst_s0,fp32,902,843,48003026,47979963,23063,250000000
lfp_t6plain_dst_s0,fp32,903,844,48002931,47979868,23063,250000000
lfp_t6plain_dst_s0,fp32,904,845,48002785,47979722,23063,250000000
lfp_t6plain_dst_s0,fp32,905,846,48002745,47979682,23063,250000000
lfp_t6plain_dst_s0,fp32,906,847,48002658,47979595,23063,250000000
lfp_t6plain_dst_s0,fp32,907,848,48002487,47979424,23063,250000000
lfp_t6plain_dst_s0,fp32,908,849,48002325,47979254,23071,250000000
lfp_t6plain_dst_s0,fp32,909,850,48002289,47979218,23071,250000000
lfp_t6plain_dst_s0,fp32,910,851,48002242,47979171,23071,250000000
lfp_t6plain_dst_s0,fp32,911,852,48002220,47979149,23071,250000000
lfp_t6plain_dst_s0,fp32,912,853,48002016,47978945,23071,250000000
lfp_t6plain_dst_s0,fp32,913,854,48002036,47978965,23071,250000000
lfp_t6plain_dst_s0,fp32,914,855,48001954,47978883,23071,250000000
lfp_t6plain_dst_s0,fp32,915,856,48001646,47978573,23073,250000000
lfp_t6plain_dst_s0,fp32,916,857,48001519,47978448,23071,250000000
lfp_t6plain_dst_s0,fp32,917,858,48001272,47978201,23071,250000000
lfp_t6plain_dst_s0,fp32,918,859,48001153,47978082,23071,250000000
lfp_t6plain_dst_s0,fp32,919,860,48001286,47978215,23071,250000000
lfp_t6plain_dst_s0,fp32,920,861,48001448,47978377,23071,250000000
lfp_t6plain_dst_s0,fp32,921,862,48001405,47978334,23071,250000000
lfp_t6plain_dst_s0,fp32,922,863,48001513,47978442,23071,250000000
lfp_t6plain_dst_s0,fp32,923,864,48001449,47978378,23071,250000000
lfp_t6plain_dst_s0,fp32,924,865,48001768,47978703,23065,250000000
lfp_t6plain_dst_s0,fp32,925,866,48001761,47978696,23065,250000000
lfp_t6plain_dst_s0,fp32,926,867,48001560,47978495,23065,250000000
lfp_t6plain_dst_s0,fp32,927,868,48001706,47978641,23065,250000000
lfp_t6plain_dst_s0,fp32,928,869,48001550,47978485,23065,250000000
lfp_t6plain_dst_s0,fp32,929,870,48001431,47978366,23065,250000000
lfp_t6plain_dst_s0,fp32,930,871,48001096,47978031,23065,250000000
lfp_t6plain_dst_s0,fp32,931,872,48000658,47977593,23065,250000000
lfp_t6plain_dst_s0,fp32,932,873,48000308,47977243,23065,250000000
lfp_t6plain_dst_s0,fp32,933,874,47999889,47976824,23065,250000000
lfp_t6plain_dst_s0,fp32,934,875,47999933,47976868,23065,250000000
lfp_t6plain_dst_s0,fp32,935,876,47999746,47976681,23065,250000000
lfp_t6plain_dst_s0,fp32,936,877,47999708,47976643,23065,250000000
lfp_t6plain_dst_s0,fp32,937,878,47999760,47976695,23065,250000000
lfp_t6plain_dst_s0,fp32,938,879,47999338,47976273,23065,250000000
lfp_t6plain_dst_s0,fp32,939,880,47999373,47976308,23065,250000000
lfp_t6plain_dst_s0,fp32,940,881,47999331,47976266,23065,250000000
lfp_t6plain_dst_s0,fp32,941,882,47998940,47975875,23065,250000000
lfp_t6plain_dst_s0,fp32,942,883,47998544,47975479,23065,250000000
lfp_t6plain_dst_s0,fp32,943,884,47998393,47975328,23065,250000000
lfp_t6plain_dst_s0,fp32,944,885,47997979,47974914,23065,250000000
lfp_t6plain_dst_s0,fp32,945,886,47997529,47974464,23065,250000000
lfp_t6plain_dst_s0,fp32,946,887,47996900,47973835,23065,250000000
lfp_t6plain_dst_s0,fp32,947,888,47996946,47973881,23065,250000000
lfp_t6plain_dst_s0,fp32,948,889,47997331,47974266,23065,250000000
lfp_t6plain_dst_s0,fp32,949,890,47999235,47976170,23065,250000000
lfp_t6plain_dst_s0,fp32,950,891,47999400,47976335,23065,250000000
lfp_t6plain_dst_s0,fp32,951,892,47999927,47976862,23065,250000000
lfp_t6plain_dst_s0,fp32,952,893,48000382,47977317,23065,250000000
lfp_t6plain_dst_s0,fp32,953,894,48000936,47977871,23065,250000000
lfp_t6plain_dst_s0,fp32,954,895,48001198,47978133,23065,250000000
lfp_t6plain_dst_s0,fp32,955,896,48001519,47978454,23065,250000000
lfp_t6plain_dst_s0,fp32,956,897,48001557,47978492,23065,250000000
lfp_t6plain_dst_s0,fp32,957,898,48001308,47978243,23065,250000000
lfp_t6plain_dst_s0,fp32,958,899,48001690,47978625,23065,250000000
lfp_t6plain_dst_s0,fp32,959,900,48002004,47978939,23065,250000000
lfp_t6plain_dst_s0,fp32,960,901,48002165,47979093,23072,250000000
lfp_t6plain_dst_s0,fp32,961,902,48002168,47979096,23072,250000000
lfp_t6plain_dst_s0,fp32,962,903,48001844,47978779,23065,250000000
lfp_t6plain_dst_s0,fp32,963,904,48001424,47978359,23065,250000000
lfp_t6plain_dst_s0,fp32,964,905,48001247,47978182,23065,250000000
lfp_t6plain_dst_s0,fp32,965,906,48000651,47977579,23072,250000000
lfp_t6plain_dst_s0,fp32,966,907,48000301,47977236,23065,250000000
lfp_t6plain_dst_s0,fp32,967,908,47999698,47976633,23065,250000000
lfp_t6plain_dst_s0,fp32,968,909,47999178,47976105,23073,250000000
lfp_t6plain_dst_s0,fp32,969,910,47998768,47975688,23080,250000000
lfp_t6plain_dst_s0,fp32,970,911,47998290,47975208,23082,250000000
lfp_t6plain_dst_s0,fp32,971,912,47997525,47974445,23080,250000000
lfp_t6plain_dst_s0,fp32,972,913,47996719,47973637,23082,250000000
lfp_t6plain_dst_s0,fp32,973,914,47996240,47973167,23073,250000000
lfp_t6plain_dst_s0,fp32,974,915,47995569,47972496,23073,250000000
lfp_t6plain_dst_s0,fp32,975,916,47995128,47972055,23073,250000000
lfp_t6plain_dst_s0,fp32,976,917,47994922,47971849,23073,250000000
lfp_t6plain_dst_s0,fp32,977,918,47994273,47971200,23073,250000000
lfp_t6plain_dst_s0,fp32,978,919,47993710,47970637,23073,250000000
lfp_t6plain_dst_s0,fp32,979,920,47993198,47970125,23073,250000000
lfp_t6plain_dst_s0,fp32,980,921,47992613,47969540,23073,250000000
lfp_t6plain_dst_s0,fp32,981,922,47991942,47968869,23073,250000000
lfp_t6plain_dst_s0,fp32,982,923,47991705,47968632,23073,250000000
lfp_t6plain_dst_s0,fp32,983,924,47991252,47968179,23073,250000000
lfp_t6plain_dst_s0,fp32,984,925,47990853,47967780,23073,250000000
lfp_t6plain_dst_s0,fp32,985,926,47990480,47967407,23073,250000000
lfp_t6plain_dst_s0,fp32,986,927,47990122,47967049,23073,250000000
lfp_t6plain_dst_s0,fp32,987,928,47989847,47966774,23073,250000000
lfp_t6plain_dst_s0,fp32,988,929,47989431,47966358,23073,250000000
lfp_t6plain_dst_s0,fp32,989,930,47988990,47965917,23073,250000000
lfp_t6plain_dst_s0,fp32,990,931,47988777,47965704,23073,250000000
lfp_t6plain_dst_s0,fp32,991,932,47988022,47964959,23063,250000000
lfp_t6plain_dst_s0,fp32,992,933,47987277,47964214,23063,250000000
lfp_t6plain_dst_s0,fp32,993,934,47986526,47963463,23063,250000000
lfp_t6plain_dst_s0,fp32,994,935,47985914,47962851,23063,250000000
lfp_t6plain_dst_s0,fp32,995,936,47985050,47961987,23063,250000000
lfp_t6plain_dst_s0,fp32,996,937,47984246,47961183,23063,250000000
lfp_t6plain_dst_s0,fp32,997,938,47983547,47960484,23063,250000000
lfp_t6plain_dst_s0,fp32,998,939,47982652,47959589,23063,250000000
lfp_t6plain_dst_s0,fp32,999,940,47981699,47958634,23065,250000000
lfp_t6plain_dst_s0,fp32,1000,941,47980853,47957788,23065,250000000
lfp_t6plain_dst_s0,fp32,1001,942,47980215,47957150,23065,250000000
lfp_t6plain_dst_s0,fp32,1002,943,47979178,47956113,23065,250000000
lfp_t6plain_dst_s0,fp32,1003,944,47978660,47955595,23065,250000000
lfp_t6plain_dst_s0,fp32,1004,945,47978224,47955159,23065,250000000
lfp_t6plain_dst_s0,fp32,1005,946,47977624,47954559,23065,250000000
lfp_t6plain_dst_s0,fp32,1006,947,47974513,47951448,23065,250000000
lfp_t6plain_dst_s0,fp32,1007,948,47970506,47947441,23065,250000000
lfp_t6plain_dst_s0,fp32,1008,949,47966693,47943628,23065,250000000
lfp_t6plain_dst_s0,fp32,1009,950,47963211,47940146,23065,250000000
lfp_t6plain_dst_s0,fp32,1010,951,47964257,47941192,23065,250000000
lfp_t6plain_dst_s0,fp32,1011,952,47965579,47942514,23065,250000000
lfp_t6plain_dst_s0,fp32,1012,953,47966304,47943239,23065,250000000
lfp_t6plain_dst_s0,fp32,1013,954,47967538,47944473,23065,250000000
lfp_t6plain_dst_s0,fp32,1014,955,47968751,47945686,23065,250000000
lfp_t6plain_dst_s0,fp32,1015,956,47970095,47947030,23065,250000000
lfp_t6plain_dst_s0,fp32,1016,957,47971625,47948560,23065,250000000
lfp_t6plain_dst_s0,fp32,1017,958,47973811,47950746,23065,250000000
lfp_t6plain_dst_s0,fp32,1018,959,47973896,47950831,23065,250000000
lfp_t6plain_dst_s0,fp32,1019,960,47974334,47951269,23065,250000000
lfp_t6plain_dst_s0,fp32,1020,961,47974621,47951556,23065,250000000
lfp_t6plain_dst_s0,fp32,1021,962,47974844,47951779,23065,250000000
lfp_t6plain_dst_s0,fp32,1022,963,47975197,47952132,23065,250000000
lfp_t6plain_dst_s0,fp32,1023,964,47975331,47952266,23065,250000000
lfp_t6plain_dst_s0,fp32,1024,965,47975654,47952589,23065,250000000
lfp_t6plain_dst_s0,fp32,1025,966,47975731,47952666,23065,250000000
lfp_t6plain_dst_s0,fp32,1026,967,47975753,47952688,23065,250000000
lfp_t6plain_dst_s0,fp32,1027,968,47975347,47952282,23065,250000000
lfp_t6plain_dst_s0,fp32,1028,969,47975619,47952554,23065,250000000
lfp_t6plain_dst_s0,fp32,1029,970,47975966,47952901,23065,250000000
lfp_t6plain_dst_s0,fp32,1030,971,47976261,47953196,23065,250000000
lfp_t6plain_dst_s0,fp32,1031,972,47976423,47953349,23074,250000000
lfp_t6plain_dst_s0,fp32,1032,973,47976510,47953447,23063,250000000
lfp_t6plain_dst_s0,fp32,1033,974,47976882,47953819,23063,250000000
lfp_t6plain_dst_s0,fp32,1034,975,47977492,47954429,23063,250000000
lfp_t6plain_dst_s0,fp32,1035,976,47977858,47954795,23063,250000000
lfp_t6plain_dst_s0,fp32,1036,977,47978450,47955387,23063,250000000
lfp_t6plain_dst_s0,fp32,1037,978,47979262,47956199,23063,250000000
lfp_t6plain_dst_s0,fp32,1038,979,47979720,47956657,23063,250000000
lfp_t6plain_dst_s0,fp32,1039,980,47980674,47957603,23071,250000000
lfp_t6plain_dst_s0,fp32,1040,981,47982042,47958971,23071,250000000
lfp_t6plain_dst_s0,fp32,1041,982,47982214,47959143,23071,250000000
lfp_t6plain_dst_s0,fp32,1042,983,47982116,47959045,23071,250000000
lfp_t6plain_dst_s0,fp32,1043,984,47981767,47958696,23071,250000000
lfp_t6plain_dst_s0,fp32,1044,985,47981276,47958205,23071,250000000
lfp_t6plain_dst_s0,fp32,1045,986,47981224,47958153,23071,250000000
lfp_t6plain_dst_s0,fp32,1046,987,47980731,47957660,23071,250000000
lfp_t6plain_dst_s0,fp32,1047,988,47980168,47957095,23073,250000000
lfp_t6plain_dst_s0,fp32,1048,989,47977761,47954690,23071,250000000
lfp_t6plain_dst_s0,fp32,1049,990,47976942,47953871,23071,250000000
lfp_t6plain_dst_s0,fp32,1050,991,47976930,47953859,23071,250000000
lfp_t6plain_dst_s0,fp32,1051,992,47976792,47953721,23071,250000000
lfp_t6plain_dst_s0,fp32,1052,993,47976348,47953275,23073,250000000
lfp_t6plain_dst_s0,fp32,1053,994,47975973,47952902,23071,250000000
lfp_t6plain_dst_s0,fp32,1054,995,47975590,47952519,23071,250000000
lfp_t6plain_dst_s0,fp32,1055,996,47975408,47952337,23071,250000000
lfp_t6plain_dst_s0,fp32,1056,997,47975163,47952092,23071,250000000
lfp_t6plain_dst_s0,fp32,1057,998,47975047,47951976,23071,250000000
lfp_t6plain_dst_s0,fp32,1058,999,47975079,47952008,23071,250000000
lfp_t6plain_dst_s0,fp32,1059,1000,47975224,47952153,23071,250000000
lfp_t6plain_dst_s0,fp32,1060,1001,47974937,47951866,23071,250000000
lfp_t6plain_dst_s0,fp32,1061,1002,47974829,47951758,23071,250000000
lfp_t6plain_dst_s0,fp32,1062,1003,47974688,47951617,23071,250000000
lfp_t6plain_dst_s0,fp32,1063,1004,47974592,47951521,23071,250000000
lfp_t6plain_dst_s0,fp32,1064,1005,47974708,47951637,23071,250000000
lfp_t6plain_dst_s0,fp32,1065,1006,47974776,47951705,23071,250000000
lfp_t6plain_dst_s0,fp32,1066,1007,47974966,47951895,23071,250000000
lfp_t6plain_dst_s0,fp32,1067,1008,47975233,47952162,23071,250000000
lfp_t6plain_dst_s0,fp32,1068,1009,47975405,47952334,23071,250000000
lfp_t6plain_dst_s0,fp32,1069,1010,47975780,47952709,23071,250000000
lfp_t6plain_dst_s0,fp32,1070,1011,47976458,47953387,23071,250000000
lfp_t6plain_dst_s0,fp32,1071,1012,47977195,47954124,23071,250000000
lfp_t6plain_dst_s0,fp32,1072,1013,47977619,47954548,23071,250000000
lfp_t6plain_dst_s0,fp32,1073,1014,47978122,47955051,23071,250000000
lfp_t6plain_dst_s0,fp32,1074,1015,47978579,47955508,23071,250000000
lfp_t6plain_dst_s0,fp32,1075,1016,47978995,47955924,23071,250000000
lfp_t6plain_dst_s0,fp32,1076,1017,47979325,47956254,23071,250000000
lfp_t6plain_dst_s0,fp32,1077,1018,47979163,47956092,23071,250000000
lfp_t6plain_dst_s0,fp32,1078,1019,47978637,47955566,23071,250000000
lfp_t6plain_dst_s0,fp32,1079,1020,47977824,47954753,23071,250000000
lfp_t6plain_dst_s0,fp32,1080,1021,47978610,47955537,23073,250000000
lfp_t6plain_dst_s0,fp32,1081,1022,47979475,47956404,23071,250000000
lfp_t6plain_dst_s0,fp32,1082,1023,47980242,47957169,23073,250000000
