chemistry,holdout,temperature_C,seed,record,reset_index,reset_soc_true,reset_band,elapsed_s,abs_err_pct
LFP,DST,-10.0,0,LFP_-10C_DST.csv,1292,83.70679,gt65,0,
LFP,DST,-10.0,0,LFP_-10C_DST.csv,1292,83.70679,gt65,30,
LFP,DST,-10.0,0,LFP_-10C_DST.csv,1292,83.70679,gt65,60,12.571413161087037
LFP,DST,-10.0,0,LFP_-10C_DST.csv,1292,83.70679,gt65,120,14.752680424057004
LFP,DST,-10.0,0,LFP_-10C_DST.csv,1292,83.70679,gt65,300,14.867611796722414
LFP,DST,-10.0,0,LFP_-10C_DST.csv,1292,83.70679,gt65,600,12.020899089813227
LFP,DST,-10.0,0,LFP_-10C_DST.csv,1292,83.70679,gt65,900,9.090737778625495
LFP,DST,-10.0,0,LFP_-10C_DST.csv,1292,83.70679,gt65,1200,6.717573655242916
LFP,DST,-10.0,0,LFP_-10C_DST.csv,1292,83.70679,gt65,1800,5.831689620895389
LFP,DST,-10.0,0,LFP_-10C_DST.csv,1292,83.70679,gt65,2400,2.3940238727798473
LFP,DST,-10.0,0,LFP_-10C_DST.csv,1535,80.09282,gt65,0,
LFP,DST,-10.0,0,LFP_-10C_DST.csv,1535,80.09282,gt65,30,
LFP,DST,-10.0,0,LFP_-10C_DST.csv,1535,80.09282,gt65,60,16.795851202316285
LFP,DST,-10.0,0,LFP_-10C_DST.csv,1535,80.09282,gt65,120,16.047531128326426
LFP,DST,-10.0,0,LFP_-10C_DST.csv,1535,80.09282,gt65,300,13.35611336082458
LFP,DST,-10.0,0,LFP_-10C_DST.csv,1535,80.09282,gt65,600,9.603776165924074
LFP,DST,-10.0,0,LFP_-10C_DST.csv,1535,80.09282,gt65,900,6.4307599871826255
LFP,DST,-10.0,0,LFP_-10C_DST.csv,1535,80.09282,gt65,1200,8.147430297927855
LFP,DST,-10.0,0,LFP_-10C_DST.csv,1535,80.09282,gt65,1800,4.424208959197998
LFP,DST,-10.0,0,LFP_-10C_DST.csv,1535,80.09282,gt65,2400,0.629470188545227
LFP,DST,-10.0,0,LFP_-10C_DST.csv,1679,78.572834,gt65,0,
LFP,DST,-10.0,0,LFP_-10C_DST.csv,1679,78.572834,gt65,30,
LFP,DST,-10.0,0,LFP_-10C_DST.csv,1679,78.572834,gt65,60,17.801558523956302
LFP,DST,-10.0,0,LFP_-10C_DST.csv,1679,78.572834,gt65,120,17.691401694107057
LFP,DST,-10.0,0,LFP_-10C_DST.csv,1679,78.572834,gt65,300,17.171227029342646
LFP,DST,-10.0,0,LFP_-10C_DST.csv,1679,78.572834,gt65,600,13.483175652465818
LFP,DST,-10.0,0,LFP_-10C_DST.csv,1679,78.572834,gt65,900,11.266422147994987
LFP,DST,-10.0,0,LFP_-10C_DST.csv,1679,78.572834,gt65,1200,6.922035766601567
LFP,DST,-10.0,0,LFP_-10C_DST.csv,1679,78.572834,gt65,1800,5.3918991253280595
LFP,DST,-10.0,0,LFP_-10C_DST.csv,1679,78.572834,gt65,2400,2.2634129995727577
LFP,DST,-10.0,0,LFP_-10C_DST.csv,2765,63.603370000000005,35to65,0,
LFP,DST,-10.0,0,LFP_-10C_DST.csv,2765,63.603370000000005,35to65,30,
LFP,DST,-10.0,0,LFP_-10C_DST.csv,2765,63.603370000000005,35to65,60,15.576289101219174
LFP,DST,-10.0,0,LFP_-10C_DST.csv,2765,63.603370000000005,35to65,120,15.400561403373715
LFP,DST,-10.0,0,LFP_-10C_DST.csv,2765,63.603370000000005,35to65,300,14.320695857467648
LFP,DST,-10.0,0,LFP_-10C_DST.csv,2765,63.603370000000005,35to65,600,9.669557236747735
LFP,DST,-10.0,0,LFP_-10C_DST.csv,2765,63.603370000000005,35to65,900,6.712831943244936
LFP,DST,-10.0,0,LFP_-10C_DST.csv,2765,63.603370000000005,35to65,1200,3.408503115173339
LFP,DST,-10.0,0,LFP_-10C_DST.csv,2765,63.603370000000005,35to65,1800,1.999309587371826
LFP,DST,-10.0,0,LFP_-10C_DST.csv,2765,63.603370000000005,35to65,2400,0.633529246643068
LFP,DST,-10.0,0,LFP_-10C_DST.csv,3826,50.008553,35to65,0,
LFP,DST,-10.0,0,LFP_-10C_DST.csv,3826,50.008553,35to65,30,
LFP,DST,-10.0,0,LFP_-10C_DST.csv,3826,50.008553,35to65,60,5.839717727462769
LFP,DST,-10.0,0,LFP_-10C_DST.csv,3826,50.008553,35to65,120,6.512969722015384
LFP,DST,-10.0,0,LFP_-10C_DST.csv,3826,50.008553,35to65,300,6.941958985130306
LFP,DST,-10.0,0,LFP_-10C_DST.csv,3826,50.008553,35to65,600,3.3977486959075947
LFP,DST,-10.0,0,LFP_-10C_DST.csv,3826,50.008553,35to65,900,1.320764336654662
LFP,DST,-10.0,0,LFP_-10C_DST.csv,3826,50.008553,35to65,1200,0.1956764179840107
LFP,DST,-10.0,0,LFP_-10C_DST.csv,3826,50.008553,35to65,1800,
LFP,DST,-10.0,0,LFP_-10C_DST.csv,3826,50.008553,35to65,2400,
LFP,DST,-10.0,0,LFP_-10C_DST.csv,4773,37.017151999999996,35to65,0,
LFP,DST,-10.0,0,LFP_-10C_DST.csv,4773,37.017151999999996,35to65,30,
LFP,DST,-10.0,0,LFP_-10C_DST.csv,4773,37.017151999999996,35to65,60,6.238886631744386
LFP,DST,-10.0,0,LFP_-10C_DST.csv,4773,37.017151999999996,35to65,120,5.672227601013184
LFP,DST,-10.0,0,LFP_-10C_DST.csv,4773,37.017151999999996,35to65,300,1.4811244781570423
LFP,DST,-10.0,0,LFP_-10C_DST.csv,4773,37.017151999999996,35to65,600,
LFP,DST,-10.0,0,LFP_-10C_DST.csv,4773,37.017151999999996,35to65,900,
LFP,DST,-10.0,0,LFP_-10C_DST.csv,4773,37.017151999999996,35to65,1200,
LFP,DST,-10.0,0,LFP_-10C_DST.csv,4773,37.017151999999996,35to65,1800,
LFP,DST,-10.0,0,LFP_-10C_DST.csv,4773,37.017151999999996,35to65,2400,
LFP,DST,-10.0,0,LFP_-10C_DST.csv,5027,32.94816,le35,0,
LFP,DST,-10.0,0,LFP_-10C_DST.csv,5027,32.94816,le35,30,
LFP,DST,-10.0,0,LFP_-10C_DST.csv,5027,32.94816,le35,60,2.753180555534364
LFP,DST,-10.0,0,LFP_-10C_DST.csv,5027,32.94816,le35,120,3.1811584555435175
LFP,DST,-10.0,0,LFP_-10C_DST.csv,5027,32.94816,le35,300,
LFP,DST,-10.0,0,LFP_-10C_DST.csv,5027,32.94816,le35,600,
LFP,DST,-10.0,0,LFP_-10C_DST.csv,5027,32.94816,le35,900,
LFP,DST,-10.0,0,LFP_-10C_DST.csv,5027,32.94816,le35,1200,
LFP,DST,-10.0,0,LFP_-10C_DST.csv,5027,32.94816,le35,1800,
LFP,DST,-10.0,0,LFP_-10C_DST.csv,5027,32.94816,le35,2400,
LFP,DST,-10.0,0,LFP_-10C_DST.csv,5054,32.94831,le35,0,
LFP,DST,-10.0,0,LFP_-10C_DST.csv,5054,32.94831,le35,30,
LFP,DST,-10.0,0,LFP_-10C_DST.csv,5054,32.94831,le35,60,0.755380838127131
LFP,DST,-10.0,0,LFP_-10C_DST.csv,5054,32.94831,le35,120,0.2865875993728615
LFP,DST,-10.0,0,LFP_-10C_DST.csv,5054,32.94831,le35,300,
LFP,DST,-10.0,0,LFP_-10C_DST.csv,5054,32.94831,le35,600,
LFP,DST,-10.0,0,LFP_-10C_DST.csv,5054,32.94831,le35,900,
LFP,DST,-10.0,0,LFP_-10C_DST.csv,5054,32.94831,le35,1200,
LFP,DST,-10.0,0,LFP_-10C_DST.csv,5054,32.94831,le35,1800,
LFP,DST,-10.0,0,LFP_-10C_DST.csv,5054,32.94831,le35,2400,
LFP,DST,-10.0,0,LFP_-10C_DST.csv,5110,32.393699999999995,le35,0,
LFP,DST,-10.0,0,LFP_-10C_DST.csv,5110,32.393699999999995,le35,30,
LFP,DST,-10.0,0,LFP_-10C_DST.csv,5110,32.393699999999995,le35,60,2.610820121994017
LFP,DST,-10.0,0,LFP_-10C_DST.csv,5110,32.393699999999995,le35,120,1.5466450856399518
LFP,DST,-10.0,0,LFP_-10C_DST.csv,5110,32.393699999999995,le35,300,
LFP,DST,-10.0,0,LFP_-10C_DST.csv,5110,32.393699999999995,le35,600,
LFP,DST,-10.0,0,LFP_-10C_DST.csv,5110,32.393699999999995,le35,900,
LFP,DST,-10.0,0,LFP_-10C_DST.csv,5110,32.393699999999995,le35,1200,
LFP,DST,-10.0,0,LFP_-10C_DST.csv,5110,32.393699999999995,le35,1800,
LFP,DST,-10.0,0,LFP_-10C_DST.csv,5110,32.393699999999995,le35,2400,
LFP,DST,-10.0,1,LFP_-10C_DST.csv,1292,83.70679,gt65,0,
LFP,DST,-10.0,1,LFP_-10C_DST.csv,1292,83.70679,gt65,30,
LFP,DST,-10.0,1,LFP_-10C_DST.csv,1292,83.70679,gt65,60,11.876518370437623
LFP,DST,-10.0,1,LFP_-10C_DST.csv,1292,83.70679,gt65,120,13.51949012597656
LFP,DST,-10.0,1,LFP_-10C_DST.csv,1292,83.70679,gt65,300,14.80896082626343
LFP,DST,-10.0,1,LFP_-10C_DST.csv,1292,83.70679,gt65,600,11.606831583023066
LFP,DST,-10.0,1,LFP_-10C_DST.csv,1292,83.70679,gt65,900,8.423380333862312
LFP,DST,-10.0,1,LFP_-10C_DST.csv,1292,83.70679,gt65,1200,5.714612258071895
LFP,DST,-10.0,1,LFP_-10C_DST.csv,1292,83.70679,gt65,1800,5.582440877838138
LFP,DST,-10.0,1,LFP_-10C_DST.csv,1292,83.70679,gt65,2400,1.8498245252838146
LFP,DST,-10.0,1,LFP_-10C_DST.csv,1535,80.09282,gt65,0,
LFP,DST,-10.0,1,LFP_-10C_DST.csv,1535,80.09282,gt65,30,
LFP,DST,-10.0,1,LFP_-10C_DST.csv,1535,80.09282,gt65,60,17.03174850494385
LFP,DST,-10.0,1,LFP_-10C_DST.csv,1535,80.09282,gt65,120,16.121774673858653
LFP,DST,-10.0,1,LFP_-10C_DST.csv,1535,80.09282,gt65,300,12.688821481170649
LFP,DST,-10.0,1,LFP_-10C_DST.csv,1535,80.09282,gt65,600,8.568312355957033
LFP,DST,-10.0,1,LFP_-10C_DST.csv,1535,80.09282,gt65,900,4.903337320632943
LFP,DST,-10.0,1,LFP_-10C_DST.csv,1535,80.09282,gt65,1200,8.001178381042479
LFP,DST,-10.0,1,LFP_-10C_DST.csv,1535,80.09282,gt65,1800,3.8974707923889156
LFP,DST,-10.0,1,LFP_-10C_DST.csv,1535,80.09282,gt65,2400,0.16209141500091562
LFP,DST,-10.0,1,LFP_-10C_DST.csv,1679,78.572834,gt65,0,
LFP,DST,-10.0,1,LFP_-10C_DST.csv,1679,78.572834,gt65,30,
LFP,DST,-10.0,1,LFP_-10C_DST.csv,1679,78.572834,gt65,60,17.8462739284668
LFP,DST,-10.0,1,LFP_-10C_DST.csv,1679,78.572834,gt65,120,16.959981177139284
LFP,DST,-10.0,1,LFP_-10C_DST.csv,1679,78.572834,gt65,300,16.467993548889154
LFP,DST,-10.0,1,LFP_-10C_DST.csv,1679,78.572834,gt65,600,12.859162705383298
LFP,DST,-10.0,1,LFP_-10C_DST.csv,1679,78.572834,gt65,900,10.456788416152946
LFP,DST,-10.0,1,LFP_-10C_DST.csv,1679,78.572834,gt65,1200,6.341599775314336
LFP,DST,-10.0,1,LFP_-10C_DST.csv,1679,78.572834,gt65,1800,4.960221426239009
LFP,DST,-10.0,1,LFP_-10C_DST.csv,1679,78.572834,gt65,2400,1.213915275993351
LFP,DST,-10.0,1,LFP_-10C_DST.csv,2765,63.603370000000005,35to65,0,
LFP,DST,-10.0,1,LFP_-10C_DST.csv,2765,63.603370000000005,35to65,30,
LFP,DST,-10.0,1,LFP_-10C_DST.csv,2765,63.603370000000005,35to65,60,15.503264470672605
LFP,DST,-10.0,1,LFP_-10C_DST.csv,2765,63.603370000000005,35to65,120,15.221345137695309
LFP,DST,-10.0,1,LFP_-10C_DST.csv,2765,63.603370000000005,35to65,300,14.1919110817337
LFP,DST,-10.0,1,LFP_-10C_DST.csv,2765,63.603370000000005,35to65,600,9.723398112373346
LFP,DST,-10.0,1,LFP_-10C_DST.csv,2765,63.603370000000005,35to65,900,6.331621496887209
LFP,DST,-10.0,1,LFP_-10C_DST.csv,2765,63.603370000000005,35to65,1200,2.837538301940917
LFP,DST,-10.0,1,LFP_-10C_DST.csv,2765,63.603370000000005,35to65,1800,1.1613874911193847
LFP,DST,-10.0,1,LFP_-10C_DST.csv,2765,63.603370000000005,35to65,2400,0.5478147872238175
LFP,DST,-10.0,1,LFP_-10C_DST.csv,3826,50.008553,35to65,0,
LFP,DST,-10.0,1,LFP_-10C_DST.csv,3826,50.008553,35to65,30,
LFP,DST,-10.0,1,LFP_-10C_DST.csv,3826,50.008553,35to65,60,6.40150640563202
LFP,DST,-10.0,1,LFP_-10C_DST.csv,3826,50.008553,35to65,120,6.602585305435184
LFP,DST,-10.0,1,LFP_-10C_DST.csv,3826,50.008553,35to65,300,6.691425761978145
LFP,DST,-10.0,1,LFP_-10C_DST.csv,3826,50.008553,35to65,600,3.1805702319717426
LFP,DST,-10.0,1,LFP_-10C_DST.csv,3826,50.008553,35to65,900,0.7403253651351918
LFP,DST,-10.0,1,LFP_-10C_DST.csv,3826,50.008553,35to65,1200,0.13071265634155083
LFP,DST,-10.0,1,LFP_-10C_DST.csv,3826,50.008553,35to65,1800,
LFP,DST,-10.0,1,LFP_-10C_DST.csv,3826,50.008553,35to65,2400,
LFP,DST,-10.0,1,LFP_-10C_DST.csv,4773,37.017151999999996,35to65,0,
LFP,DST,-10.0,1,LFP_-10C_DST.csv,4773,37.017151999999996,35to65,30,
LFP,DST,-10.0,1,LFP_-10C_DST.csv,4773,37.017151999999996,35to65,60,6.64945832611847
LFP,DST,-10.0,1,LFP_-10C_DST.csv,4773,37.017151999999996,35to65,120,6.235425929031372
LFP,DST,-10.0,1,LFP_-10C_DST.csv,4773,37.017151999999996,35to65,300,1.515006738479613
LFP,DST,-10.0,1,LFP_-10C_DST.csv,4773,37.017151999999996,35to65,600,
LFP,DST,-10.0,1,LFP_-10C_DST.csv,4773,37.017151999999996,35to65,900,
LFP,DST,-10.0,1,LFP_-10C_DST.csv,4773,37.017151999999996,35to65,1200,
LFP,DST,-10.0,1,LFP_-10C_DST.csv,4773,37.017151999999996,35to65,1800,
LFP,DST,-10.0,1,LFP_-10C_DST.csv,4773,37.017151999999996,35to65,2400,
LFP,DST,-10.0,1,LFP_-10C_DST.csv,5027,32.94816,le35,0,
LFP,DST,-10.0,1,LFP_-10C_DST.csv,5027,32.94816,le35,30,
LFP,DST,-10.0,1,LFP_-10C_DST.csv,5027,32.94816,le35,60,2.96562641067505
LFP,DST,-10.0,1,LFP_-10C_DST.csv,5027,32.94816,le35,120,3.338902147941589
LFP,DST,-10.0,1,LFP_-10C_DST.csv,5027,32.94816,le35,300,
LFP,DST,-10.0,1,LFP_-10C_DST.csv,5027,32.94816,le35,600,
LFP,DST,-10.0,1,LFP_-10C_DST.csv,5027,32.94816,le35,900,
LFP,DST,-10.0,1,LFP_-10C_DST.csv,5027,32.94816,le35,1200,
LFP,DST,-10.0,1,LFP_-10C_DST.csv,5027,32.94816,le35,1800,
LFP,DST,-10.0,1,LFP_-10C_DST.csv,5027,32.94816,le35,2400,
LFP,DST,-10.0,1,LFP_-10C_DST.csv,5054,32.94831,le35,0,
LFP,DST,-10.0,1,LFP_-10C_DST.csv,5054,32.94831,le35,30,
LFP,DST,-10.0,1,LFP_-10C_DST.csv,5054,32.94831,le35,60,0.9829275300216622
LFP,DST,-10.0,1,LFP_-10C_DST.csv,5054,32.94831,le35,120,0.5673880611419655
LFP,DST,-10.0,1,LFP_-10C_DST.csv,5054,32.94831,le35,300,
LFP,DST,-10.0,1,LFP_-10C_DST.csv,5054,32.94831,le35,600,
LFP,DST,-10.0,1,LFP_-10C_DST.csv,5054,32.94831,le35,900,
LFP,DST,-10.0,1,LFP_-10C_DST.csv,5054,32.94831,le35,1200,
LFP,DST,-10.0,1,LFP_-10C_DST.csv,5054,32.94831,le35,1800,
LFP,DST,-10.0,1,LFP_-10C_DST.csv,5054,32.94831,le35,2400,
LFP,DST,-10.0,1,LFP_-10C_DST.csv,5110,32.393699999999995,le35,0,
LFP,DST,-10.0,1,LFP_-10C_DST.csv,5110,32.393699999999995,le35,30,
LFP,DST,-10.0,1,LFP_-10C_DST.csv,5110,32.393699999999995,le35,60,3.030979223480223
LFP,DST,-10.0,1,LFP_-10C_DST.csv,5110,32.393699999999995,le35,120,2.0075529025268537
LFP,DST,-10.0,1,LFP_-10C_DST.csv,5110,32.393699999999995,le35,300,
LFP,DST,-10.0,1,LFP_-10C_DST.csv,5110,32.393699999999995,le35,600,
LFP,DST,-10.0,1,LFP_-10C_DST.csv,5110,32.393699999999995,le35,900,
LFP,DST,-10.0,1,LFP_-10C_DST.csv,5110,32.393699999999995,le35,1200,
LFP,DST,-10.0,1,LFP_-10C_DST.csv,5110,32.393699999999995,le35,1800,
LFP,DST,-10.0,1,LFP_-10C_DST.csv,5110,32.393699999999995,le35,2400,
LFP,DST,-10.0,2,LFP_-10C_DST.csv,1292,83.70679,gt65,0,
LFP,DST,-10.0,2,LFP_-10C_DST.csv,1292,83.70679,gt65,30,
LFP,DST,-10.0,2,LFP_-10C_DST.csv,1292,83.70679,gt65,60,15.12061441116333
LFP,DST,-10.0,2,LFP_-10C_DST.csv,1292,83.70679,gt65,120,15.949279430709836
LFP,DST,-10.0,2,LFP_-10C_DST.csv,1292,83.70679,gt65,300,15.376188428268435
LFP,DST,-10.0,2,LFP_-10C_DST.csv,1292,83.70679,gt65,600,12.338144811630244
LFP,DST,-10.0,2,LFP_-10C_DST.csv,1292,83.70679,gt65,900,9.176473099670417
LFP,DST,-10.0,2,LFP_-10C_DST.csv,1292,83.70679,gt65,1200,7.4885597354125935
LFP,DST,-10.0,2,LFP_-10C_DST.csv,1292,83.70679,gt65,1800,6.106145168228153
LFP,DST,-10.0,2,LFP_-10C_DST.csv,1292,83.70679,gt65,2400,3.1526181473007213
LFP,DST,-10.0,2,LFP_-10C_DST.csv,1535,80.09282,gt65,0,
LFP,DST,-10.0,2,LFP_-10C_DST.csv,1535,80.09282,gt65,30,
LFP,DST,-10.0,2,LFP_-10C_DST.csv,1535,80.09282,gt65,60,17.74188420326233
LFP,DST,-10.0,2,LFP_-10C_DST.csv,1535,80.09282,gt65,120,16.781502724090586
LFP,DST,-10.0,2,LFP_-10C_DST.csv,1535,80.09282,gt65,300,13.777166531982417
LFP,DST,-10.0,2,LFP_-10C_DST.csv,1535,80.09282,gt65,600,10.4878501386261
LFP,DST,-10.0,2,LFP_-10C_DST.csv,1535,80.09282,gt65,900,7.314869722671517
LFP,DST,-10.0,2,LFP_-10C_DST.csv,1535,80.09282,gt65,1200,8.342307684020994
LFP,DST,-10.0,2,LFP_-10C_DST.csv,1535,80.09282,gt65,1800,5.084962209320068
LFP,DST,-10.0,2,LFP_-10C_DST.csv,1535,80.09282,gt65,2400,0.893110473083496
LFP,DST,-10.0,2,LFP_-10C_DST.csv,1679,78.572834,gt65,0,
LFP,DST,-10.0,2,LFP_-10C_DST.csv,1679,78.572834,gt65,30,
LFP,DST,-10.0,2,LFP_-10C_DST.csv,1679,78.572834,gt65,60,19.13472369271851
LFP,DST,-10.0,2,LFP_-10C_DST.csv,1679,78.572834,gt65,120,18.60568926124573
LFP,DST,-10.0,2,LFP_-10C_DST.csv,1679,78.572834,gt65,300,17.697226098556513
LFP,DST,-10.0,2,LFP_-10C_DST.csv,1679,78.572834,gt65,600,14.109537022552487
LFP,DST,-10.0,2,LFP_-10C_DST.csv,1679,78.572834,gt65,900,12.076967830902092
LFP,DST,-10.0,2,LFP_-10C_DST.csv,1679,78.572834,gt65,1200,7.324551893234258
LFP,DST,-10.0,2,LFP_-10C_DST.csv,1679,78.572834,gt65,1800,5.694169180145259
LFP,DST,-10.0,2,LFP_-10C_DST.csv,1679,78.572834,gt65,2400,2.6346724504852332
LFP,DST,-10.0,2,LFP_-10C_DST.csv,2765,63.603370000000005,35to65,0,
LFP,DST,-10.0,2,LFP_-10C_DST.csv,2765,63.603370000000005,35to65,30,
LFP,DST,-10.0,2,LFP_-10C_DST.csv,2765,63.603370000000005,35to65,60,16.012082501029965
LFP,DST,-10.0,2,LFP_-10C_DST.csv,2765,63.603370000000005,35to65,120,16.140535186866757
LFP,DST,-10.0,2,LFP_-10C_DST.csv,2765,63.603370000000005,35to65,300,14.779594997825619
LFP,DST,-10.0,2,LFP_-10C_DST.csv,2765,63.603370000000005,35to65,600,10.550212883071893
LFP,DST,-10.0,2,LFP_-10C_DST.csv,2765,63.603370000000005,35to65,900,7.83797690174103
LFP,DST,-10.0,2,LFP_-10C_DST.csv,2765,63.603370000000005,35to65,1200,3.561687052246093
LFP,DST,-10.0,2,LFP_-10C_DST.csv,2765,63.603370000000005,35to65,1800,2.2754132031326293
LFP,DST,-10.0,2,LFP_-10C_DST.csv,2765,63.603370000000005,35to65,2400,0.15062946002197108
LFP,DST,-10.0,2,LFP_-10C_DST.csv,3826,50.008553,35to65,0,
LFP,DST,-10.0,2,LFP_-10C_DST.csv,3826,50.008553,35to65,30,
LFP,DST,-10.0,2,LFP_-10C_DST.csv,3826,50.008553,35to65,60,6.710794907371522
LFP,DST,-10.0,2,LFP_-10C_DST.csv,3826,50.008553,35to65,120,7.388392080528263
LFP,DST,-10.0,2,LFP_-10C_DST.csv,3826,50.008553,35to65,300,7.147538385192867
LFP,DST,-10.0,2,LFP_-10C_DST.csv,3826,50.008553,35to65,600,3.7859090438461322
LFP,DST,-10.0,2,LFP_-10C_DST.csv,3826,50.008553,35to65,900,1.8202363587112416
LFP,DST,-10.0,2,LFP_-10C_DST.csv,3826,50.008553,35to65,1200,0.5873945039138775
LFP,DST,-10.0,2,LFP_-10C_DST.csv,3826,50.008553,35to65,1800,
LFP,DST,-10.0,2,LFP_-10C_DST.csv,3826,50.008553,35to65,2400,
LFP,DST,-10.0,2,LFP_-10C_DST.csv,4773,37.017151999999996,35to65,0,
LFP,DST,-10.0,2,LFP_-10C_DST.csv,4773,37.017151999999996,35to65,30,
LFP,DST,-10.0,2,LFP_-10C_DST.csv,4773,37.017151999999996,35to65,60,6.491568602340699
LFP,DST,-10.0,2,LFP_-10C_DST.csv,4773,37.017151999999996,35to65,120,6.165006021461487
LFP,DST,-10.0,2,LFP_-10C_DST.csv,4773,37.017151999999996,35to65,300,2.284127193267821
LFP,DST,-10.0,2,LFP_-10C_DST.csv,4773,37.017151999999996,35to65,600,
LFP,DST,-10.0,2,LFP_-10C_DST.csv,4773,37.017151999999996,35to65,900,
LFP,DST,-10.0,2,LFP_-10C_DST.csv,4773,37.017151999999996,35to65,1200,
LFP,DST,-10.0,2,LFP_-10C_DST.csv,4773,37.017151999999996,35to65,1800,
LFP,DST,-10.0,2,LFP_-10C_DST.csv,4773,37.017151999999996,35to65,2400,
LFP,DST,-10.0,2,LFP_-10C_DST.csv,5027,32.94816,le35,0,
LFP,DST,-10.0,2,LFP_-10C_DST.csv,5027,32.94816,le35,30,
LFP,DST,-10.0,2,LFP_-10C_DST.csv,5027,32.94816,le35,60,3.02288263244629
LFP,DST,-10.0,2,LFP_-10C_DST.csv,5027,32.94816,le35,120,3.1859923922348017
LFP,DST,-10.0,2,LFP_-10C_DST.csv,5027,32.94816,le35,300,
LFP,DST,-10.0,2,LFP_-10C_DST.csv,5027,32.94816,le35,600,
LFP,DST,-10.0,2,LFP_-10C_DST.csv,5027,32.94816,le35,900,
LFP,DST,-10.0,2,LFP_-10C_DST.csv,5027,32.94816,le35,1200,
LFP,DST,-10.0,2,LFP_-10C_DST.csv,5027,32.94816,le35,1800,
LFP,DST,-10.0,2,LFP_-10C_DST.csv,5027,32.94816,le35,2400,
LFP,DST,-10.0,2,LFP_-10C_DST.csv,5054,32.94831,le35,0,
LFP,DST,-10.0,2,LFP_-10C_DST.csv,5054,32.94831,le35,30,
LFP,DST,-10.0,2,LFP_-10C_DST.csv,5054,32.94831,le35,60,1.0219894339752145
LFP,DST,-10.0,2,LFP_-10C_DST.csv,5054,32.94831,le35,120,0.6755019460678078
LFP,DST,-10.0,2,LFP_-10C_DST.csv,5054,32.94831,le35,300,
LFP,DST,-10.0,2,LFP_-10C_DST.csv,5054,32.94831,le35,600,
LFP,DST,-10.0,2,LFP_-10C_DST.csv,5054,32.94831,le35,900,
LFP,DST,-10.0,2,LFP_-10C_DST.csv,5054,32.94831,le35,1200,
LFP,DST,-10.0,2,LFP_-10C_DST.csv,5054,32.94831,le35,1800,
LFP,DST,-10.0,2,LFP_-10C_DST.csv,5054,32.94831,le35,2400,
LFP,DST,-10.0,2,LFP_-10C_DST.csv,5110,32.393699999999995,le35,0,
LFP,DST,-10.0,2,LFP_-10C_DST.csv,5110,32.393699999999995,le35,30,
LFP,DST,-10.0,2,LFP_-10C_DST.csv,5110,32.393699999999995,le35,60,3.2971080019378647
LFP,DST,-10.0,2,LFP_-10C_DST.csv,5110,32.393699999999995,le35,120,2.447995464630125
LFP,DST,-10.0,2,LFP_-10C_DST.csv,5110,32.393699999999995,le35,300,
LFP,DST,-10.0,2,LFP_-10C_DST.csv,5110,32.393699999999995,le35,600,
LFP,DST,-10.0,2,LFP_-10C_DST.csv,5110,32.393699999999995,le35,900,
LFP,DST,-10.0,2,LFP_-10C_DST.csv,5110,32.393699999999995,le35,1200,
LFP,DST,-10.0,2,LFP_-10C_DST.csv,5110,32.393699999999995,le35,1800,
LFP,DST,-10.0,2,LFP_-10C_DST.csv,5110,32.393699999999995,le35,2400,
LFP,DST,0.0,0,LFP_0C_DST.csv,256,96.336776,gt65,0,
LFP,DST,0.0,0,LFP_0C_DST.csv,256,96.336776,gt65,30,
LFP,DST,0.0,0,LFP_0C_DST.csv,256,96.336776,gt65,60,31.273162769607538
LFP,DST,0.0,0,LFP_0C_DST.csv,256,96.336776,gt65,120,27.15444477905274
LFP,DST,0.0,0,LFP_0C_DST.csv,256,96.336776,gt65,300,23.25757737585448
LFP,DST,0.0,0,LFP_0C_DST.csv,256,96.336776,gt65,600,19.30565842247009
LFP,DST,0.0,0,LFP_0C_DST.csv,256,96.336776,gt65,900,15.340102730865482
LFP,DST,0.0,0,LFP_0C_DST.csv,256,96.336776,gt65,1200,12.814539802856444
LFP,DST,0.0,0,LFP_0C_DST.csv,256,96.336776,gt65,1800,8.943801967620843
LFP,DST,0.0,0,LFP_0C_DST.csv,256,96.336776,gt65,2400,7.097002719955441
LFP,DST,0.0,0,LFP_0C_DST.csv,387,95.06139999999999,gt65,0,
LFP,DST,0.0,0,LFP_0C_DST.csv,387,95.06139999999999,gt65,30,
LFP,DST,0.0,0,LFP_0C_DST.csv,387,95.06139999999999,gt65,60,14.811473752792352
LFP,DST,0.0,0,LFP_0C_DST.csv,387,95.06139999999999,gt65,120,14.465123855621343
LFP,DST,0.0,0,LFP_0C_DST.csv,387,95.06139999999999,gt65,300,12.656520731811526
LFP,DST,0.0,0,LFP_0C_DST.csv,387,95.06139999999999,gt65,600,10.888812969665523
LFP,DST,0.0,0,LFP_0C_DST.csv,387,95.06139999999999,gt65,900,9.30196093070984
LFP,DST,0.0,0,LFP_0C_DST.csv,387,95.06139999999999,gt65,1200,8.524870786102284
LFP,DST,0.0,0,LFP_0C_DST.csv,387,95.06139999999999,gt65,1800,6.01318445127869
LFP,DST,0.0,0,LFP_0C_DST.csv,387,95.06139999999999,gt65,2400,3.3778919581603972
LFP,DST,0.0,0,LFP_0C_DST.csv,507,93.847007,gt65,0,
LFP,DST,0.0,0,LFP_0C_DST.csv,507,93.847007,gt65,30,
LFP,DST,0.0,0,LFP_0C_DST.csv,507,93.847007,gt65,60,16.139394440246576
LFP,DST,0.0,0,LFP_0C_DST.csv,507,93.847007,gt65,120,15.237486804382328
LFP,DST,0.0,0,LFP_0C_DST.csv,507,93.847007,gt65,300,14.083243530349733
LFP,DST,0.0,0,LFP_0C_DST.csv,507,93.847007,gt65,600,11.980780353012094
LFP,DST,0.0,0,LFP_0C_DST.csv,507,93.847007,gt65,900,8.994292723846428
LFP,DST,0.0,0,LFP_0C_DST.csv,507,93.847007,gt65,1200,7.780331803909306
LFP,DST,0.0,0,LFP_0C_DST.csv,507,93.847007,gt65,1800,7.12201605065917
LFP,DST,0.0,0,LFP_0C_DST.csv,507,93.847007,gt65,2400,3.996402179336542
LFP,DST,0.0,0,LFP_0C_DST.csv,2740,64.380366,35to65,0,
LFP,DST,0.0,0,LFP_0C_DST.csv,2740,64.380366,35to65,30,
LFP,DST,0.0,0,LFP_0C_DST.csv,2740,64.380366,35to65,60,10.682797746383663
LFP,DST,0.0,0,LFP_0C_DST.csv,2740,64.380366,35to65,120,10.398616290817266
LFP,DST,0.0,0,LFP_0C_DST.csv,2740,64.380366,35to65,300,9.875476685775752
LFP,DST,0.0,0,LFP_0C_DST.csv,2740,64.380366,35to65,600,6.896695651298522
LFP,DST,0.0,0,LFP_0C_DST.csv,2740,64.380366,35to65,900,4.440366940536499
LFP,DST,0.0,0,LFP_0C_DST.csv,2740,64.380366,35to65,1200,2.635499691421508
LFP,DST,0.0,0,LFP_0C_DST.csv,2740,64.380366,35to65,1800,1.5925167934799234
LFP,DST,0.0,0,LFP_0C_DST.csv,2740,64.380366,35to65,2400,0.475338439331054
LFP,DST,0.0,0,LFP_0C_DST.csv,3214,56.8198,35to65,0,
LFP,DST,0.0,0,LFP_0C_DST.csv,3214,56.8198,35to65,30,
LFP,DST,0.0,0,LFP_0C_DST.csv,3214,56.8198,35to65,60,10.19791334234619
LFP,DST,0.0,0,LFP_0C_DST.csv,3214,56.8198,35to65,120,9.817138451919561
LFP,DST,0.0,0,LFP_0C_DST.csv,3214,56.8198,35to65,300,5.109772414619449
LFP,DST,0.0,0,LFP_0C_DST.csv,3214,56.8198,35to65,600,5.003051643524174
LFP,DST,0.0,0,LFP_0C_DST.csv,3214,56.8198,35to65,900,3.8556571964721655
LFP,DST,0.0,0,LFP_0C_DST.csv,3214,56.8198,35to65,1200,1.6910498316421467
LFP,DST,0.0,0,LFP_0C_DST.csv,3214,56.8198,35to65,1800,0.06553250392914123
LFP,DST,0.0,0,LFP_0C_DST.csv,3214,56.8198,35to65,2400,0.4447255173339819
LFP,DST,0.0,0,LFP_0C_DST.csv,3811,50.0961,35to65,0,
LFP,DST,0.0,0,LFP_0C_DST.csv,3811,50.0961,35to65,30,
LFP,DST,0.0,0,LFP_0C_DST.csv,3811,50.0961,35to65,60,3.182085865974429
LFP,DST,0.0,0,LFP_0C_DST.csv,3811,50.0961,35to65,120,4.11674048152161
LFP,DST,0.0,0,LFP_0C_DST.csv,3811,50.0961,35to65,300,4.2003126806716935
LFP,DST,0.0,0,LFP_0C_DST.csv,3811,50.0961,35to65,600,1.6226840812301617
LFP,DST,0.0,0,LFP_0C_DST.csv,3811,50.0961,35to65,900,0.3889856846542372
LFP,DST,0.0,0,LFP_0C_DST.csv,3811,50.0961,35to65,1200,0.11549613694762684
LFP,DST,0.0,0,LFP_0C_DST.csv,3811,50.0961,35to65,1800,0.4103992549285884
LFP,DST,0.0,0,LFP_0C_DST.csv,3811,50.0961,35to65,2400,0.2709397487640359
LFP,DST,0.0,0,LFP_0C_DST.csv,5039,32.829803,le35,0,
LFP,DST,0.0,0,LFP_0C_DST.csv,5039,32.829803,le35,30,
LFP,DST,0.0,0,LFP_0C_DST.csv,5039,32.829803,le35,60,3.7847454581756566
LFP,DST,0.0,0,LFP_0C_DST.csv,5039,32.829803,le35,120,3.4669959617614765
LFP,DST,0.0,0,LFP_0C_DST.csv,5039,32.829803,le35,300,2.178436052955629
LFP,DST,0.0,0,LFP_0C_DST.csv,5039,32.829803,le35,600,0.8078087663307194
LFP,DST,0.0,0,LFP_0C_DST.csv,5039,32.829803,le35,900,0.5234048193664549
LFP,DST,0.0,0,LFP_0C_DST.csv,5039,32.829803,le35,1200,0.26755620373535294
LFP,DST,0.0,0,LFP_0C_DST.csv,5039,32.829803,le35,1800,
LFP,DST,0.0,0,LFP_0C_DST.csv,5039,32.829803,le35,2400,
LFP,DST,0.0,0,LFP_0C_DST.csv,5108,32.27402,le35,0,
LFP,DST,0.0,0,LFP_0C_DST.csv,5108,32.27402,le35,30,
LFP,DST,0.0,0,LFP_0C_DST.csv,5108,32.27402,le35,60,4.642110835693359
LFP,DST,0.0,0,LFP_0C_DST.csv,5108,32.27402,le35,120,4.004978945220948
LFP,DST,0.0,0,LFP_0C_DST.csv,5108,32.27402,le35,300,0.6860289814758289
LFP,DST,0.0,0,LFP_0C_DST.csv,5108,32.27402,le35,600,0.5349885824279781
LFP,DST,0.0,0,LFP_0C_DST.csv,5108,32.27402,le35,900,0.0037413978538509696
LFP,DST,0.0,0,LFP_0C_DST.csv,5108,32.27402,le35,1200,0.23938736457061793
LFP,DST,0.0,0,LFP_0C_DST.csv,5108,32.27402,le35,1800,
LFP,DST,0.0,0,LFP_0C_DST.csv,5108,32.27402,le35,2400,
LFP,DST,0.0,0,LFP_0C_DST.csv,5794,23.001793,le35,0,
LFP,DST,0.0,0,LFP_0C_DST.csv,5794,23.001793,le35,30,
LFP,DST,0.0,0,LFP_0C_DST.csv,5794,23.001793,le35,60,5.02374291381836
LFP,DST,0.0,0,LFP_0C_DST.csv,5794,23.001793,le35,120,4.754239426364897
LFP,DST,0.0,0,LFP_0C_DST.csv,5794,23.001793,le35,300,2.9039504156761176
LFP,DST,0.0,0,LFP_0C_DST.csv,5794,23.001793,le35,600,0.4986826905670174
LFP,DST,0.0,0,LFP_0C_DST.csv,5794,23.001793,le35,900,0.4943846269187926
LFP,DST,0.0,0,LFP_0C_DST.csv,5794,23.001793,le35,1200,
LFP,DST,0.0,0,LFP_0C_DST.csv,5794,23.001793,le35,1800,
LFP,DST,0.0,0,LFP_0C_DST.csv,5794,23.001793,le35,2400,
LFP,DST,0.0,1,LFP_0C_DST.csv,256,96.336776,gt65,0,
LFP,DST,0.0,1,LFP_0C_DST.csv,256,96.336776,gt65,30,
LFP,DST,0.0,1,LFP_0C_DST.csv,256,96.336776,gt65,60,31.09225671224975
LFP,DST,0.0,1,LFP_0C_DST.csv,256,96.336776,gt65,120,27.693819130554203
LFP,DST,0.0,1,LFP_0C_DST.csv,256,96.336776,gt65,300,25.581651882614125
LFP,DST,0.0,1,LFP_0C_DST.csv,256,96.336776,gt65,600,19.854033075332637
LFP,DST,0.0,1,LFP_0C_DST.csv,256,96.336776,gt65,900,14.58460193740845
LFP,DST,0.0,1,LFP_0C_DST.csv,256,96.336776,gt65,1200,11.621934307403563
LFP,DST,0.0,1,LFP_0C_DST.csv,256,96.336776,gt65,1800,8.116531221389764
LFP,DST,0.0,1,LFP_0C_DST.csv,256,96.336776,gt65,2400,6.489255880432125
LFP,DST,0.0,1,LFP_0C_DST.csv,387,95.06139999999999,gt65,0,
LFP,DST,0.0,1,LFP_0C_DST.csv,387,95.06139999999999,gt65,30,
LFP,DST,0.0,1,LFP_0C_DST.csv,387,95.06139999999999,gt65,60,13.924973871047968
LFP,DST,0.0,1,LFP_0C_DST.csv,387,95.06139999999999,gt65,120,13.675636493713384
LFP,DST,0.0,1,LFP_0C_DST.csv,387,95.06139999999999,gt65,300,10.625617630844118
LFP,DST,0.0,1,LFP_0C_DST.csv,387,95.06139999999999,gt65,600,9.908441732864375
LFP,DST,0.0,1,LFP_0C_DST.csv,387,95.06139999999999,gt65,900,9.130275711898804
LFP,DST,0.0,1,LFP_0C_DST.csv,387,95.06139999999999,gt65,1200,8.354991588027943
LFP,DST,0.0,1,LFP_0C_DST.csv,387,95.06139999999999,gt65,1800,5.212014578994754
LFP,DST,0.0,1,LFP_0C_DST.csv,387,95.06139999999999,gt65,2400,2.157296121520993
LFP,DST,0.0,1,LFP_0C_DST.csv,507,93.847007,gt65,0,
LFP,DST,0.0,1,LFP_0C_DST.csv,507,93.847007,gt65,30,
LFP,DST,0.0,1,LFP_0C_DST.csv,507,93.847007,gt65,60,15.713072218490595
LFP,DST,0.0,1,LFP_0C_DST.csv,507,93.847007,gt65,120,14.428073609725956
LFP,DST,0.0,1,LFP_0C_DST.csv,507,93.847007,gt65,300,13.412238281326296
LFP,DST,0.0,1,LFP_0C_DST.csv,507,93.847007,gt65,600,11.281099309387216
LFP,DST,0.0,1,LFP_0C_DST.csv,507,93.847007,gt65,900,8.029555785369865
LFP,DST,0.0,1,LFP_0C_DST.csv,507,93.847007,gt65,1200,7.065737678161625
LFP,DST,0.0,1,LFP_0C_DST.csv,507,93.847007,gt65,1800,6.697684624038686
LFP,DST,0.0,1,LFP_0C_DST.csv,507,93.847007,gt65,2400,3.167021428680414
LFP,DST,0.0,1,LFP_0C_DST.csv,2740,64.380366,35to65,0,
LFP,DST,0.0,1,LFP_0C_DST.csv,2740,64.380366,35to65,30,
LFP,DST,0.0,1,LFP_0C_DST.csv,2740,64.380366,35to65,60,9.879398660385128
LFP,DST,0.0,1,LFP_0C_DST.csv,2740,64.380366,35to65,120,8.966841197738653
LFP,DST,0.0,1,LFP_0C_DST.csv,2740,64.380366,35to65,300,9.15548237921142
LFP,DST,0.0,1,LFP_0C_DST.csv,2740,64.380366,35to65,600,6.367990531211852
LFP,DST,0.0,1,LFP_0C_DST.csv,2740,64.380366,35to65,900,3.869369344749451
LFP,DST,0.0,1,LFP_0C_DST.csv,2740,64.380366,35to65,1200,2.1203933710403433
LFP,DST,0.0,1,LFP_0C_DST.csv,2740,64.380366,35to65,1800,1.442804826965336
LFP,DST,0.0,1,LFP_0C_DST.csv,2740,64.380366,35to65,2400,0.2485219043350213
LFP,DST,0.0,1,LFP_0C_DST.csv,3214,56.8198,35to65,0,
LFP,DST,0.0,1,LFP_0C_DST.csv,3214,56.8198,35to65,30,
LFP,DST,0.0,1,LFP_0C_DST.csv,3214,56.8198,35to65,60,9.565940194953917
LFP,DST,0.0,1,LFP_0C_DST.csv,3214,56.8198,35to65,120,9.094026822433477
LFP,DST,0.0,1,LFP_0C_DST.csv,3214,56.8198,35to65,300,3.9040062136001623
LFP,DST,0.0,1,LFP_0C_DST.csv,3214,56.8198,35to65,600,4.484252815399174
LFP,DST,0.0,1,LFP_0C_DST.csv,3214,56.8198,35to65,900,2.968880153129575
LFP,DST,0.0,1,LFP_0C_DST.csv,3214,56.8198,35to65,1200,1.2681101734771687
LFP,DST,0.0,1,LFP_0C_DST.csv,3214,56.8198,35to65,1800,0.44770556529999084
LFP,DST,0.0,1,LFP_0C_DST.csv,3214,56.8198,35to65,2400,0.30727720648193113
LFP,DST,0.0,1,LFP_0C_DST.csv,3811,50.0961,35to65,0,
LFP,DST,0.0,1,LFP_0C_DST.csv,3811,50.0961,35to65,30,
LFP,DST,0.0,1,LFP_0C_DST.csv,3811,50.0961,35to65,60,1.954772585868838
LFP,DST,0.0,1,LFP_0C_DST.csv,3811,50.0961,35to65,120,3.09151972975922
LFP,DST,0.0,1,LFP_0C_DST.csv,3811,50.0961,35to65,300,3.25943548149872
LFP,DST,0.0,1,LFP_0C_DST.csv,3811,50.0961,35to65,600,1.178739746246336
LFP,DST,0.0,1,LFP_0C_DST.csv,3811,50.0961,35to65,900,0.7016269476623549
LFP,DST,0.0,1,LFP_0C_DST.csv,3811,50.0961,35to65,1200,0.543037273689265
LFP,DST,0.0,1,LFP_0C_DST.csv,3811,50.0961,35to65,1800,0.27525764382934526
LFP,DST,0.0,1,LFP_0C_DST.csv,3811,50.0961,35to65,2400,0.42949257421493314
LFP,DST,0.0,1,LFP_0C_DST.csv,5039,32.829803,le35,0,
LFP,DST,0.0,1,LFP_0C_DST.csv,5039,32.829803,le35,30,
LFP,DST,0.0,1,LFP_0C_DST.csv,5039,32.829803,le35,60,2.817847851325986
LFP,DST,0.0,1,LFP_0C_DST.csv,5039,32.829803,le35,120,2.5838458610534687
LFP,DST,0.0,1,LFP_0C_DST.csv,5039,32.829803,le35,300,1.4433945538177504
LFP,DST,0.0,1,LFP_0C_DST.csv,5039,32.829803,le35,600,0.41674716230773967
LFP,DST,0.0,1,LFP_0C_DST.csv,5039,32.829803,le35,900,0.3453255122871397
LFP,DST,0.0,1,LFP_0C_DST.csv,5039,32.829803,le35,1200,0.19219081269454819
LFP,DST,0.0,1,LFP_0C_DST.csv,5039,32.829803,le35,1800,
LFP,DST,0.0,1,LFP_0C_DST.csv,5039,32.829803,le35,2400,
LFP,DST,0.0,1,LFP_0C_DST.csv,5108,32.27402,le35,0,
LFP,DST,0.0,1,LFP_0C_DST.csv,5108,32.27402,le35,30,
LFP,DST,0.0,1,LFP_0C_DST.csv,5108,32.27402,le35,60,3.752323757789611
LFP,DST,0.0,1,LFP_0C_DST.csv,5108,32.27402,le35,120,3.004273583854676
LFP,DST,0.0,1,LFP_0C_DST.csv,5108,32.27402,le35,300,0.08216538455963018
LFP,DST,0.0,1,LFP_0C_DST.csv,5108,32.27402,le35,600,0.07079875439834638
LFP,DST,0.0,1,LFP_0C_DST.csv,5108,32.27402,le35,900,1.7201554918251034
LFP,DST,0.0,1,LFP_0C_DST.csv,5108,32.27402,le35,1200,0.003895373527527113
LFP,DST,0.0,1,LFP_0C_DST.csv,5108,32.27402,le35,1800,
LFP,DST,0.0,1,LFP_0C_DST.csv,5108,32.27402,le35,2400,
LFP,DST,0.0,1,LFP_0C_DST.csv,5794,23.001793,le35,0,
LFP,DST,0.0,1,LFP_0C_DST.csv,5794,23.001793,le35,30,
LFP,DST,0.0,1,LFP_0C_DST.csv,5794,23.001793,le35,60,4.854416548824311
LFP,DST,0.0,1,LFP_0C_DST.csv,5794,23.001793,le35,120,4.586380825748442
LFP,DST,0.0,1,LFP_0C_DST.csv,5794,23.001793,le35,300,2.3638354764633185
LFP,DST,0.0,1,LFP_0C_DST.csv,5794,23.001793,le35,600,0.09984927087402262
LFP,DST,0.0,1,LFP_0C_DST.csv,5794,23.001793,le35,900,0.3799809618530272
LFP,DST,0.0,1,LFP_0C_DST.csv,5794,23.001793,le35,1200,
LFP,DST,0.0,1,LFP_0C_DST.csv,5794,23.001793,le35,1800,
LFP,DST,0.0,1,LFP_0C_DST.csv,5794,23.001793,le35,2400,
LFP,DST,0.0,2,LFP_0C_DST.csv,256,96.336776,gt65,0,
LFP,DST,0.0,2,LFP_0C_DST.csv,256,96.336776,gt65,30,
LFP,DST,0.0,2,LFP_0C_DST.csv,256,96.336776,gt65,60,31.44945542745971
LFP,DST,0.0,2,LFP_0C_DST.csv,256,96.336776,gt65,120,28.47374590744019
LFP,DST,0.0,2,LFP_0C_DST.csv,256,96.336776,gt65,300,27.040481523956288
LFP,DST,0.0,2,LFP_0C_DST.csv,256,96.336776,gt65,600,22.16188319778442
LFP,DST,0.0,2,LFP_0C_DST.csv,256,96.336776,gt65,900,16.918046294326786
LFP,DST,0.0,2,LFP_0C_DST.csv,256,96.336776,gt65,1200,13.498324287719726
LFP,DST,0.0,2,LFP_0C_DST.csv,256,96.336776,gt65,1800,9.406721441268914
LFP,DST,0.0,2,LFP_0C_DST.csv,256,96.336776,gt65,2400,7.123204921798703
LFP,DST,0.0,2,LFP_0C_DST.csv,387,95.06139999999999,gt65,0,
LFP,DST,0.0,2,LFP_0C_DST.csv,387,95.06139999999999,gt65,30,
LFP,DST,0.0,2,LFP_0C_DST.csv,387,95.06139999999999,gt65,60,14.936726953323358
LFP,DST,0.0,2,LFP_0C_DST.csv,387,95.06139999999999,gt65,120,14.713901721984868
LFP,DST,0.0,2,LFP_0C_DST.csv,387,95.06139999999999,gt65,300,12.38630903518677
LFP,DST,0.0,2,LFP_0C_DST.csv,387,95.06139999999999,gt65,600,12.104735802154536
LFP,DST,0.0,2,LFP_0C_DST.csv,387,95.06139999999999,gt65,900,9.747571215515137
LFP,DST,0.0,2,LFP_0C_DST.csv,387,95.06139999999999,gt65,1200,8.663749608428944
LFP,DST,0.0,2,LFP_0C_DST.csv,387,95.06139999999999,gt65,1800,5.973493718322757
LFP,DST,0.0,2,LFP_0C_DST.csv,387,95.06139999999999,gt65,2400,3.756298005981442
LFP,DST,0.0,2,LFP_0C_DST.csv,507,93.847007,gt65,0,
LFP,DST,0.0,2,LFP_0C_DST.csv,507,93.847007,gt65,30,
LFP,DST,0.0,2,LFP_0C_DST.csv,507,93.847007,gt65,60,16.79829994638061
LFP,DST,0.0,2,LFP_0C_DST.csv,507,93.847007,gt65,120,16.728878463165287
LFP,DST,0.0,2,LFP_0C_DST.csv,507,93.847007,gt65,300,14.427430551605227
LFP,DST,0.0,2,LFP_0C_DST.csv,507,93.847007,gt65,600,12.390943755569467
LFP,DST,0.0,2,LFP_0C_DST.csv,507,93.847007,gt65,900,9.67061470718383
LFP,DST,0.0,2,LFP_0C_DST.csv,507,93.847007,gt65,1200,8.741701079956059
LFP,DST,0.0,2,LFP_0C_DST.csv,507,93.847007,gt65,1800,7.106137373291006
LFP,DST,0.0,2,LFP_0C_DST.csv,507,93.847007,gt65,2400,4.0436448207855165
LFP,DST,0.0,2,LFP_0C_DST.csv,2740,64.380366,35to65,0,
LFP,DST,0.0,2,LFP_0C_DST.csv,2740,64.380366,35to65,30,
LFP,DST,0.0,2,LFP_0C_DST.csv,2740,64.380366,35to65,60,10.353219823562618
LFP,DST,0.0,2,LFP_0C_DST.csv,2740,64.380366,35to65,120,10.905911422500616
LFP,DST,0.0,2,LFP_0C_DST.csv,2740,64.380366,35to65,300,10.176265565170283
LFP,DST,0.0,2,LFP_0C_DST.csv,2740,64.380366,35to65,600,7.385954417472838
LFP,DST,0.0,2,LFP_0C_DST.csv,2740,64.380366,35to65,900,5.115934925117493
LFP,DST,0.0,2,LFP_0C_DST.csv,2740,64.380366,35to65,1200,3.080484127456664
LFP,DST,0.0,2,LFP_0C_DST.csv,2740,64.380366,35to65,1800,1.9746093885803262
LFP,DST,0.0,2,LFP_0C_DST.csv,2740,64.380366,35to65,2400,0.7958177131271356
LFP,DST,0.0,2,LFP_0C_DST.csv,3214,56.8198,35to65,0,
LFP,DST,0.0,2,LFP_0C_DST.csv,3214,56.8198,35to65,30,
LFP,DST,0.0,2,LFP_0C_DST.csv,3214,56.8198,35to65,60,10.712277584899901
LFP,DST,0.0,2,LFP_0C_DST.csv,3214,56.8198,35to65,120,10.100996631965643
LFP,DST,0.0,2,LFP_0C_DST.csv,3214,56.8198,35to65,300,5.131438702995304
LFP,DST,0.0,2,LFP_0C_DST.csv,3214,56.8198,35to65,600,5.172743086967472
LFP,DST,0.0,2,LFP_0C_DST.csv,3214,56.8198,35to65,900,3.952443218658445
LFP,DST,0.0,2,LFP_0C_DST.csv,3214,56.8198,35to65,1200,2.266988652481075
LFP,DST,0.0,2,LFP_0C_DST.csv,3214,56.8198,35to65,1800,0.18414837280273133
LFP,DST,0.0,2,LFP_0C_DST.csv,3214,56.8198,35to65,2400,0.7024738827362036
LFP,DST,0.0,2,LFP_0C_DST.csv,3811,50.0961,35to65,0,
LFP,DST,0.0,2,LFP_0C_DST.csv,3811,50.0961,35to65,30,
LFP,DST,0.0,2,LFP_0C_DST.csv,3811,50.0961,35to65,60,4.293053859710696
LFP,DST,0.0,2,LFP_0C_DST.csv,3811,50.0961,35to65,120,4.594200508262638
LFP,DST,0.0,2,LFP_0C_DST.csv,3811,50.0961,35to65,300,4.3533148235778825
LFP,DST,0.0,2,LFP_0C_DST.csv,3811,50.0961,35to65,600,2.2207421857452374
LFP,DST,0.0,2,LFP_0C_DST.csv,3811,50.0961,35to65,900,0.09472351386261124
LFP,DST,0.0,2,LFP_0C_DST.csv,3811,50.0961,35to65,1200,0.13773121614838146
LFP,DST,0.0,2,LFP_0C_DST.csv,3811,50.0961,35to65,1800,0.6775383321151729
LFP,DST,0.0,2,LFP_0C_DST.csv,3811,50.0961,35to65,2400,0.11694641780853487
LFP,DST,0.0,2,LFP_0C_DST.csv,5039,32.829803,le35,0,
LFP,DST,0.0,2,LFP_0C_DST.csv,5039,32.829803,le35,30,
LFP,DST,0.0,2,LFP_0C_DST.csv,5039,32.829803,le35,60,3.583737734367368
LFP,DST,0.0,2,LFP_0C_DST.csv,5039,32.829803,le35,120,3.2440984321594257
LFP,DST,0.0,2,LFP_0C_DST.csv,5039,32.829803,le35,300,2.5046522738113417
LFP,DST,0.0,2,LFP_0C_DST.csv,5039,32.829803,le35,600,0.7400725578918461
LFP,DST,0.0,2,LFP_0C_DST.csv,5039,32.829803,le35,900,0.6794751113624571
LFP,DST,0.0,2,LFP_0C_DST.csv,5039,32.829803,le35,1200,0.21951656209182602
LFP,DST,0.0,2,LFP_0C_DST.csv,5039,32.829803,le35,1800,
LFP,DST,0.0,2,LFP_0C_DST.csv,5039,32.829803,le35,2400,
LFP,DST,0.0,2,LFP_0C_DST.csv,5108,32.27402,le35,0,
LFP,DST,0.0,2,LFP_0C_DST.csv,5108,32.27402,le35,30,
LFP,DST,0.0,2,LFP_0C_DST.csv,5108,32.27402,le35,60,4.435851942680358
LFP,DST,0.0,2,LFP_0C_DST.csv,5108,32.27402,le35,120,3.4822164082183846
LFP,DST,0.0,2,LFP_0C_DST.csv,5108,32.27402,le35,300,0.5977753641891468
LFP,DST,0.0,2,LFP_0C_DST.csv,5108,32.27402,le35,600,1.447347939308166
LFP,DST,0.0,2,LFP_0C_DST.csv,5108,32.27402,le35,900,1.0178265118560788
LFP,DST,0.0,2,LFP_0C_DST.csv,5108,32.27402,le35,1200,0.30403009194564845
LFP,DST,0.0,2,LFP_0C_DST.csv,5108,32.27402,le35,1800,
LFP,DST,0.0,2,LFP_0C_DST.csv,5108,32.27402,le35,2400,
LFP,DST,0.0,2,LFP_0C_DST.csv,5794,23.001793,le35,0,
LFP,DST,0.0,2,LFP_0C_DST.csv,5794,23.001793,le35,30,
LFP,DST,0.0,2,LFP_0C_DST.csv,5794,23.001793,le35,60,3.7825343008995063
LFP,DST,0.0,2,LFP_0C_DST.csv,5794,23.001793,le35,120,3.491647647132872
LFP,DST,0.0,2,LFP_0C_DST.csv,5794,23.001793,le35,300,2.9054718242340094
LFP,DST,0.0,2,LFP_0C_DST.csv,5794,23.001793,le35,600,0.042894912666321616
LFP,DST,0.0,2,LFP_0C_DST.csv,5794,23.001793,le35,900,0.817671279483795
LFP,DST,0.0,2,LFP_0C_DST.csv,5794,23.001793,le35,1200,
LFP,DST,0.0,2,LFP_0C_DST.csv,5794,23.001793,le35,1800,
LFP,DST,0.0,2,LFP_0C_DST.csv,5794,23.001793,le35,2400,
LFP,DST,10.0,0,LFP_10C_DST.csv,422,94.54148,gt65,0,
LFP,DST,10.0,0,LFP_10C_DST.csv,422,94.54148,gt65,30,
LFP,DST,10.0,0,LFP_10C_DST.csv,422,94.54148,gt65,60,14.665299891296385
LFP,DST,10.0,0,LFP_10C_DST.csv,422,94.54148,gt65,120,14.142137755203237
LFP,DST,10.0,0,LFP_10C_DST.csv,422,94.54148,gt65,300,12.616454206314089
LFP,DST,10.0,0,LFP_10C_DST.csv,422,94.54148,gt65,600,10.469147215805052
LFP,DST,10.0,0,LFP_10C_DST.csv,422,94.54148,gt65,900,8.663845301574696
LFP,DST,10.0,0,LFP_10C_DST.csv,422,94.54148,gt65,1200,6.583760560607914
LFP,DST,10.0,0,LFP_10C_DST.csv,422,94.54148,gt65,1800,5.458474096054076
LFP,DST,10.0,0,LFP_10C_DST.csv,422,94.54148,gt65,2400,4.242260591278082
LFP,DST,10.0,0,LFP_10C_DST.csv,2178,70.746493,gt65,0,
LFP,DST,10.0,0,LFP_10C_DST.csv,2178,70.746493,gt65,30,
LFP,DST,10.0,0,LFP_10C_DST.csv,2178,70.746493,gt65,60,8.84129220428467
LFP,DST,10.0,0,LFP_10C_DST.csv,2178,70.746493,gt65,120,8.74326485359191
LFP,DST,10.0,0,LFP_10C_DST.csv,2178,70.746493,gt65,300,7.827018858871455
LFP,DST,10.0,0,LFP_10C_DST.csv,2178,70.746493,gt65,600,6.4325329185180635
LFP,DST,10.0,0,LFP_10C_DST.csv,2178,70.746493,gt65,900,5.58241106269837
LFP,DST,10.0,0,LFP_10C_DST.csv,2178,70.746493,gt65,1200,4.847228829910279
LFP,DST,10.0,0,LFP_10C_DST.csv,2178,70.746493,gt65,1800,1.43964929261017
LFP,DST,10.0,0,LFP_10C_DST.csv,2178,70.746493,gt65,2400,0.17559854833221067
LFP,DST,10.0,0,LFP_10C_DST.csv,2490,65.89829,gt65,0,
LFP,DST,10.0,0,LFP_10C_DST.csv,2490,65.89829,gt65,30,
LFP,DST,10.0,0,LFP_10C_DST.csv,2490,65.89829,gt65,60,13.608920599014283
LFP,DST,10.0,0,LFP_10C_DST.csv,2490,65.89829,gt65,120,13.037890539810178
LFP,DST,10.0,0,LFP_10C_DST.csv,2490,65.89829,gt65,300,10.716246699905398
LFP,DST,10.0,0,LFP_10C_DST.csv,2490,65.89829,gt65,600,8.83799816596985
LFP,DST,10.0,0,LFP_10C_DST.csv,2490,65.89829,gt65,900,7.147272400360109
LFP,DST,10.0,0,LFP_10C_DST.csv,2490,65.89829,gt65,1200,4.7332342420654285
LFP,DST,10.0,0,LFP_10C_DST.csv,2490,65.89829,gt65,1800,2.11256688804626
LFP,DST,10.0,0,LFP_10C_DST.csv,2490,65.89829,gt65,2400,0.49065630927276516
LFP,DST,10.0,0,LFP_10C_DST.csv,3525,51.53172,35to65,0,
LFP,DST,10.0,0,LFP_10C_DST.csv,3525,51.53172,35to65,30,
LFP,DST,10.0,0,LFP_10C_DST.csv,3525,51.53172,35to65,60,24.75395460010529
LFP,DST,10.0,0,LFP_10C_DST.csv,3525,51.53172,35to65,120,22.886938333526608
LFP,DST,10.0,0,LFP_10C_DST.csv,3525,51.53172,35to65,300,21.267941602325443
LFP,DST,10.0,0,LFP_10C_DST.csv,3525,51.53172,35to65,600,15.638109612472533
LFP,DST,10.0,0,LFP_10C_DST.csv,3525,51.53172,35to65,900,10.213959329559323
LFP,DST,10.0,0,LFP_10C_DST.csv,3525,51.53172,35to65,1200,5.782002642471312
LFP,DST,10.0,0,LFP_10C_DST.csv,3525,51.53172,35to65,1800,2.012241983070375
LFP,DST,10.0,0,LFP_10C_DST.csv,3525,51.53172,35to65,2400,0.43190265768051006
LFP,DST,10.0,0,LFP_10C_DST.csv,4342,41.46325,35to65,0,
LFP,DST,10.0,0,LFP_10C_DST.csv,4342,41.46325,35to65,30,
LFP,DST,10.0,0,LFP_10C_DST.csv,4342,41.46325,35to65,60,2.2442127940063443
LFP,DST,10.0,0,LFP_10C_DST.csv,4342,41.46325,35to65,120,2.430144324645994
LFP,DST,10.0,0,LFP_10C_DST.csv,4342,41.46325,35to65,300,0.8588227515411404
LFP,DST,10.0,0,LFP_10C_DST.csv,4342,41.46325,35to65,600,0.7810476937179587
LFP,DST,10.0,0,LFP_10C_DST.csv,4342,41.46325,35to65,900,0.5942281147918713
LFP,DST,10.0,0,LFP_10C_DST.csv,4342,41.46325,35to65,1200,0.19166429835510357
LFP,DST,10.0,0,LFP_10C_DST.csv,4342,41.46325,35to65,1800,1.147401799732208
LFP,DST,10.0,0,LFP_10C_DST.csv,4342,41.46325,35to65,2400,0.13069138668861413
LFP,DST,10.0,0,LFP_10C_DST.csv,4762,36.07519,35to65,0,
LFP,DST,10.0,0,LFP_10C_DST.csv,4762,36.07519,35to65,30,
LFP,DST,10.0,0,LFP_10C_DST.csv,4762,36.07519,35to65,60,3.4546641334915122
LFP,DST,10.0,0,LFP_10C_DST.csv,4762,36.07519,35to65,120,2.0524382619857775
LFP,DST,10.0,0,LFP_10C_DST.csv,4762,36.07519,35to65,300,0.20959666873931937
LFP,DST,10.0,0,LFP_10C_DST.csv,4762,36.07519,35to65,600,0.8647503543777475
LFP,DST,10.0,0,LFP_10C_DST.csv,4762,36.07519,35to65,900,0.7292881322517388
LFP,DST,10.0,0,LFP_10C_DST.csv,4762,36.07519,35to65,1200,0.33657428154372937
LFP,DST,10.0,0,LFP_10C_DST.csv,4762,36.07519,35to65,1800,0.02718846530342134
LFP,DST,10.0,0,LFP_10C_DST.csv,4762,36.07519,35to65,2400,
LFP,DST,10.0,0,LFP_10C_DST.csv,5211,30.059618,le35,0,
LFP,DST,10.0,0,LFP_10C_DST.csv,5211,30.059618,le35,30,
LFP,DST,10.0,0,LFP_10C_DST.csv,5211,30.059618,le35,60,8.839259865253446
LFP,DST,10.0,0,LFP_10C_DST.csv,5211,30.059618,le35,120,8.17747112573242
LFP,DST,10.0,0,LFP_10C_DST.csv,5211,30.059618,le35,300,5.832982208938596
LFP,DST,10.0,0,LFP_10C_DST.csv,5211,30.059618,le35,600,2.6762655468559267
LFP,DST,10.0,0,LFP_10C_DST.csv,5211,30.059618,le35,900,1.6785103279151912
LFP,DST,10.0,0,LFP_10C_DST.csv,5211,30.059618,le35,1200,0.4122698882350928
LFP,DST,10.0,0,LFP_10C_DST.csv,5211,30.059618,le35,1800,0.2451091506063463
LFP,DST,10.0,0,LFP_10C_DST.csv,5211,30.059618,le35,2400,
LFP,DST,10.0,0,LFP_10C_DST.csv,5868,21.06409,le35,0,
LFP,DST,10.0,0,LFP_10C_DST.csv,5868,21.06409,le35,30,
LFP,DST,10.0,0,LFP_10C_DST.csv,5868,21.06409,le35,60,6.531195514244079
LFP,DST,10.0,0,LFP_10C_DST.csv,5868,21.06409,le35,120,5.984447911159517
LFP,DST,10.0,0,LFP_10C_DST.csv,5868,21.06409,le35,300,3.5404491864891057
LFP,DST,10.0,0,LFP_10C_DST.csv,5868,21.06409,le35,600,1.4196466470165259
LFP,DST,10.0,0,LFP_10C_DST.csv,5868,21.06409,le35,900,0.32473293737411524
LFP,DST,10.0,0,LFP_10C_DST.csv,5868,21.06409,le35,1200,0.2586338926218037
LFP,DST,10.0,0,LFP_10C_DST.csv,5868,21.06409,le35,1800,
LFP,DST,10.0,0,LFP_10C_DST.csv,5868,21.06409,le35,2400,
LFP,DST,10.0,0,LFP_10C_DST.csv,5988,19.885242,le35,0,
LFP,DST,10.0,0,LFP_10C_DST.csv,5988,19.885242,le35,30,
LFP,DST,10.0,0,LFP_10C_DST.csv,5988,19.885242,le35,60,5.040123114318849
LFP,DST,10.0,0,LFP_10C_DST.csv,5988,19.885242,le35,120,4.547846595428467
LFP,DST,10.0,0,LFP_10C_DST.csv,5988,19.885242,le35,300,3.3732998207874285
LFP,DST,10.0,0,LFP_10C_DST.csv,5988,19.885242,le35,600,1.4731053575077055
LFP,DST,10.0,0,LFP_10C_DST.csv,5988,19.885242,le35,900,0.04525171952247664
LFP,DST,10.0,0,LFP_10C_DST.csv,5988,19.885242,le35,1200,
LFP,DST,10.0,0,LFP_10C_DST.csv,5988,19.885242,le35,1800,
LFP,DST,10.0,0,LFP_10C_DST.csv,5988,19.885242,le35,2400,
LFP,DST,10.0,1,LFP_10C_DST.csv,422,94.54148,gt65,0,
LFP,DST,10.0,1,LFP_10C_DST.csv,422,94.54148,gt65,30,
LFP,DST,10.0,1,LFP_10C_DST.csv,422,94.54148,gt65,60,13.470226763549803
LFP,DST,10.0,1,LFP_10C_DST.csv,422,94.54148,gt65,120,13.162147988128652
LFP,DST,10.0,1,LFP_10C_DST.csv,422,94.54148,gt65,300,11.36309965690613
LFP,DST,10.0,1,LFP_10C_DST.csv,422,94.54148,gt65,600,9.63238741012573
LFP,DST,10.0,1,LFP_10C_DST.csv,422,94.54148,gt65,900,8.2775714406433
LFP,DST,10.0,1,LFP_10C_DST.csv,422,94.54148,gt65,1200,6.582032025909427
LFP,DST,10.0,1,LFP_10C_DST.csv,422,94.54148,gt65,1800,5.3234218919219956
LFP,DST,10.0,1,LFP_10C_DST.csv,422,94.54148,gt65,2400,3.931839601287848
LFP,DST,10.0,1,LFP_10C_DST.csv,2178,70.746493,gt65,0,
LFP,DST,10.0,1,LFP_10C_DST.csv,2178,70.746493,gt65,30,
LFP,DST,10.0,1,LFP_10C_DST.csv,2178,70.746493,gt65,60,8.231638016128542
LFP,DST,10.0,1,LFP_10C_DST.csv,2178,70.746493,gt65,120,8.195301472778311
LFP,DST,10.0,1,LFP_10C_DST.csv,2178,70.746493,gt65,300,5.825012089691157
LFP,DST,10.0,1,LFP_10C_DST.csv,2178,70.746493,gt65,600,5.482506406372067
LFP,DST,10.0,1,LFP_10C_DST.csv,2178,70.746493,gt65,900,5.253798735122686
LFP,DST,10.0,1,LFP_10C_DST.csv,2178,70.746493,gt65,1200,4.4610920596618655
LFP,DST,10.0,1,LFP_10C_DST.csv,2178,70.746493,gt65,1800,0.9393517462234513
LFP,DST,10.0,1,LFP_10C_DST.csv,2178,70.746493,gt65,2400,1.6707387700881995
LFP,DST,10.0,1,LFP_10C_DST.csv,2490,65.89829,gt65,0,
LFP,DST,10.0,1,LFP_10C_DST.csv,2490,65.89829,gt65,30,
LFP,DST,10.0,1,LFP_10C_DST.csv,2490,65.89829,gt65,60,13.360095048934937
LFP,DST,10.0,1,LFP_10C_DST.csv,2490,65.89829,gt65,120,12.779021607086179
LFP,DST,10.0,1,LFP_10C_DST.csv,2490,65.89829,gt65,300,9.91125616989136
LFP,DST,10.0,1,LFP_10C_DST.csv,2490,65.89829,gt65,600,8.449483170394899
LFP,DST,10.0,1,LFP_10C_DST.csv,2490,65.89829,gt65,900,6.627445392112733
LFP,DST,10.0,1,LFP_10C_DST.csv,2490,65.89829,gt65,1200,4.244008258445739
LFP,DST,10.0,1,LFP_10C_DST.csv,2490,65.89829,gt65,1800,2.2466803190231275
LFP,DST,10.0,1,LFP_10C_DST.csv,2490,65.89829,gt65,2400,0.48955362334442043
LFP,DST,10.0,1,LFP_10C_DST.csv,3525,51.53172,35to65,0,
LFP,DST,10.0,1,LFP_10C_DST.csv,3525,51.53172,35to65,30,
LFP,DST,10.0,1,LFP_10C_DST.csv,3525,51.53172,35to65,60,24.41924769760132
LFP,DST,10.0,1,LFP_10C_DST.csv,3525,51.53172,35to65,120,20.530725002304074
LFP,DST,10.0,1,LFP_10C_DST.csv,3525,51.53172,35to65,300,19.978502400970463
LFP,DST,10.0,1,LFP_10C_DST.csv,3525,51.53172,35to65,600,14.62108151913452
LFP,DST,10.0,1,LFP_10C_DST.csv,3525,51.53172,35to65,900,9.571176879837033
LFP,DST,10.0,1,LFP_10C_DST.csv,3525,51.53172,35to65,1200,5.351150467712401
LFP,DST,10.0,1,LFP_10C_DST.csv,3525,51.53172,35to65,1800,1.6265135046386732
LFP,DST,10.0,1,LFP_10C_DST.csv,3525,51.53172,35to65,2400,0.7407605158615098
LFP,DST,10.0,1,LFP_10C_DST.csv,4342,41.46325,35to65,0,
LFP,DST,10.0,1,LFP_10C_DST.csv,4342,41.46325,35to65,30,
LFP,DST,10.0,1,LFP_10C_DST.csv,4342,41.46325,35to65,60,1.6688670393829312
LFP,DST,10.0,1,LFP_10C_DST.csv,4342,41.46325,35to65,120,1.6239259389495828
LFP,DST,10.0,1,LFP_10C_DST.csv,4342,41.46325,35to65,300,1.060813951988223
LFP,DST,10.0,1,LFP_10C_DST.csv,4342,41.46325,35to65,600,2.6097122349624655
LFP,DST,10.0,1,LFP_10C_DST.csv,4342,41.46325,35to65,900,0.4418697020492566
LFP,DST,10.0,1,LFP_10C_DST.csv,4342,41.46325,35to65,1200,0.12800653773498638
LFP,DST,10.0,1,LFP_10C_DST.csv,4342,41.46325,35to65,1800,1.0959167976913449
LFP,DST,10.0,1,LFP_10C_DST.csv,4342,41.46325,35to65,2400,0.4593253209480288
LFP,DST,10.0,1,LFP_10C_DST.csv,4762,36.07519,35to65,0,
LFP,DST,10.0,1,LFP_10C_DST.csv,4762,36.07519,35to65,30,
LFP,DST,10.0,1,LFP_10C_DST.csv,4762,36.07519,35to65,60,2.828317664566036
LFP,DST,10.0,1,LFP_10C_DST.csv,4762,36.07519,35to65,120,1.8731504707336413
LFP,DST,10.0,1,LFP_10C_DST.csv,4762,36.07519,35to65,300,0.36725410316467233
LFP,DST,10.0,1,LFP_10C_DST.csv,4762,36.07519,35to65,600,0.8026065517349252
LFP,DST,10.0,1,LFP_10C_DST.csv,4762,36.07519,35to65,900,1.7636030626907342
LFP,DST,10.0,1,LFP_10C_DST.csv,4762,36.07519,35to65,1200,0.017455483764646118
LFP,DST,10.0,1,LFP_10C_DST.csv,4762,36.07519,35to65,1800,0.3704754564228061
LFP,DST,10.0,1,LFP_10C_DST.csv,4762,36.07519,35to65,2400,
LFP,DST,10.0,1,LFP_10C_DST.csv,5211,30.059618,le35,0,
LFP,DST,10.0,1,LFP_10C_DST.csv,5211,30.059618,le35,30,
LFP,DST,10.0,1,LFP_10C_DST.csv,5211,30.059618,le35,60,9.263527216880796
LFP,DST,10.0,1,LFP_10C_DST.csv,5211,30.059618,le35,120,7.537713611732482
LFP,DST,10.0,1,LFP_10C_DST.csv,5211,30.059618,le35,300,5.872537341327664
LFP,DST,10.0,1,LFP_10C_DST.csv,5211,30.059618,le35,600,2.8188607187843324
LFP,DST,10.0,1,LFP_10C_DST.csv,5211,30.059618,le35,900,1.7009201842346187
LFP,DST,10.0,1,LFP_10C_DST.csv,5211,30.059618,le35,1200,0.0832477787265784
LFP,DST,10.0,1,LFP_10C_DST.csv,5211,30.059618,le35,1800,0.2921379603921892
LFP,DST,10.0,1,LFP_10C_DST.csv,5211,30.059618,le35,2400,
LFP,DST,10.0,1,LFP_10C_DST.csv,5868,21.06409,le35,0,
LFP,DST,10.0,1,LFP_10C_DST.csv,5868,21.06409,le35,30,
LFP,DST,10.0,1,LFP_10C_DST.csv,5868,21.06409,le35,60,6.5667854476394645
LFP,DST,10.0,1,LFP_10C_DST.csv,5868,21.06409,le35,120,6.114390507118227
LFP,DST,10.0,1,LFP_10C_DST.csv,5868,21.06409,le35,300,3.347550674602509
LFP,DST,10.0,1,LFP_10C_DST.csv,5868,21.06409,le35,600,1.640484836141587
LFP,DST,10.0,1,LFP_10C_DST.csv,5868,21.06409,le35,900,0.1028126697158811
LFP,DST,10.0,1,LFP_10C_DST.csv,5868,21.06409,le35,1200,0.26987272092323344
LFP,DST,10.0,1,LFP_10C_DST.csv,5868,21.06409,le35,1800,
LFP,DST,10.0,1,LFP_10C_DST.csv,5868,21.06409,le35,2400,
LFP,DST,10.0,1,LFP_10C_DST.csv,5988,19.885242,le35,0,
LFP,DST,10.0,1,LFP_10C_DST.csv,5988,19.885242,le35,30,
LFP,DST,10.0,1,LFP_10C_DST.csv,5988,19.885242,le35,60,4.372263500423433
LFP,DST,10.0,1,LFP_10C_DST.csv,5988,19.885242,le35,120,4.645136276863099
LFP,DST,10.0,1,LFP_10C_DST.csv,5988,19.885242,le35,300,3.272268457777022
LFP,DST,10.0,1,LFP_10C_DST.csv,5988,19.885242,le35,600,1.2621451481380461
LFP,DST,10.0,1,LFP_10C_DST.csv,5988,19.885242,le35,900,0.28862791495323226
LFP,DST,10.0,1,LFP_10C_DST.csv,5988,19.885242,le35,1200,
LFP,DST,10.0,1,LFP_10C_DST.csv,5988,19.885242,le35,1800,
LFP,DST,10.0,1,LFP_10C_DST.csv,5988,19.885242,le35,2400,
LFP,DST,10.0,2,LFP_10C_DST.csv,422,94.54148,gt65,0,
LFP,DST,10.0,2,LFP_10C_DST.csv,422,94.54148,gt65,30,
LFP,DST,10.0,2,LFP_10C_DST.csv,422,94.54148,gt65,60,14.56567072755432
LFP,DST,10.0,2,LFP_10C_DST.csv,422,94.54148,gt65,120,14.086478937911977
LFP,DST,10.0,2,LFP_10C_DST.csv,422,94.54148,gt65,300,12.384180866088869
LFP,DST,10.0,2,LFP_10C_DST.csv,422,94.54148,gt65,600,9.931906710586546
LFP,DST,10.0,2,LFP_10C_DST.csv,422,94.54148,gt65,900,9.090399981445302
LFP,DST,10.0,2,LFP_10C_DST.csv,422,94.54148,gt65,1200,6.576995433425907
LFP,DST,10.0,2,LFP_10C_DST.csv,422,94.54148,gt65,1800,5.6896209084930405
LFP,DST,10.0,2,LFP_10C_DST.csv,422,94.54148,gt65,2400,4.8608614366149965
LFP,DST,10.0,2,LFP_10C_DST.csv,2178,70.746493,gt65,0,
LFP,DST,10.0,2,LFP_10C_DST.csv,2178,70.746493,gt65,30,
LFP,DST,10.0,2,LFP_10C_DST.csv,2178,70.746493,gt65,60,10.077444853210451
LFP,DST,10.0,2,LFP_10C_DST.csv,2178,70.746493,gt65,120,9.99990957939147
LFP,DST,10.0,2,LFP_10C_DST.csv,2178,70.746493,gt65,300,6.804381968460078
LFP,DST,10.0,2,LFP_10C_DST.csv,2178,70.746493,gt65,600,7.214331281249997
LFP,DST,10.0,2,LFP_10C_DST.csv,2178,70.746493,gt65,900,5.760456097106939
LFP,DST,10.0,2,LFP_10C_DST.csv,2178,70.746493,gt65,1200,5.0887200284500125
LFP,DST,10.0,2,LFP_10C_DST.csv,2178,70.746493,gt65,1800,1.437724062583925
LFP,DST,10.0,2,LFP_10C_DST.csv,2178,70.746493,gt65,2400,0.03687171784972776
LFP,DST,10.0,2,LFP_10C_DST.csv,2490,65.89829,gt65,0,
LFP,DST,10.0,2,LFP_10C_DST.csv,2490,65.89829,gt65,30,
LFP,DST,10.0,2,LFP_10C_DST.csv,2490,65.89829,gt65,60,14.883679176361085
LFP,DST,10.0,2,LFP_10C_DST.csv,2490,65.89829,gt65,120,14.312976942703244
LFP,DST,10.0,2,LFP_10C_DST.csv,2490,65.89829,gt65,300,12.074427938079836
LFP,DST,10.0,2,LFP_10C_DST.csv,2490,65.89829,gt65,600,9.364846601371767
LFP,DST,10.0,2,LFP_10C_DST.csv,2490,65.89829,gt65,900,7.323869041900636
LFP,DST,10.0,2,LFP_10C_DST.csv,2490,65.89829,gt65,1200,5.112513497932433
LFP,DST,10.0,2,LFP_10C_DST.csv,2490,65.89829,gt65,1800,2.6484126445770215
LFP,DST,10.0,2,LFP_10C_DST.csv,2490,65.89829,gt65,2400,0.5227712918777456
LFP,DST,10.0,2,LFP_10C_DST.csv,3525,51.53172,35to65,0,
LFP,DST,10.0,2,LFP_10C_DST.csv,3525,51.53172,35to65,30,
LFP,DST,10.0,2,LFP_10C_DST.csv,3525,51.53172,35to65,60,24.895628880271914
LFP,DST,10.0,2,LFP_10C_DST.csv,3525,51.53172,35to65,120,20.550990581527707
LFP,DST,10.0,2,LFP_10C_DST.csv,3525,51.53172,35to65,300,20.50302625522614
LFP,DST,10.0,2,LFP_10C_DST.csv,3525,51.53172,35to65,600,16.257780361183165
LFP,DST,10.0,2,LFP_10C_DST.csv,3525,51.53172,35to65,900,11.169639342262265
LFP,DST,10.0,2,LFP_10C_DST.csv,3525,51.53172,35to65,1200,6.991276576835631
LFP,DST,10.0,2,LFP_10C_DST.csv,3525,51.53172,35to65,1800,0.6894152399444593
LFP,DST,10.0,2,LFP_10C_DST.csv,3525,51.53172,35to65,2400,0.6307288514900193
LFP,DST,10.0,2,LFP_10C_DST.csv,4342,41.46325,35to65,0,
LFP,DST,10.0,2,LFP_10C_DST.csv,4342,41.46325,35to65,30,
LFP,DST,10.0,2,LFP_10C_DST.csv,4342,41.46325,35to65,60,2.5810028788452115
LFP,DST,10.0,2,LFP_10C_DST.csv,4342,41.46325,35to65,120,2.616355195388792
LFP,DST,10.0,2,LFP_10C_DST.csv,4342,41.46325,35to65,300,1.1622163539123562
LFP,DST,10.0,2,LFP_10C_DST.csv,4342,41.46325,35to65,600,1.244211546409609
LFP,DST,10.0,2,LFP_10C_DST.csv,4342,41.46325,35to65,900,0.41347702951049925
LFP,DST,10.0,2,LFP_10C_DST.csv,4342,41.46325,35to65,1200,0.07711688679504292
LFP,DST,10.0,2,LFP_10C_DST.csv,4342,41.46325,35to65,1800,0.682485570484161
LFP,DST,10.0,2,LFP_10C_DST.csv,4342,41.46325,35to65,2400,0.3713086173645017
LFP,DST,10.0,2,LFP_10C_DST.csv,4762,36.07519,35to65,0,
LFP,DST,10.0,2,LFP_10C_DST.csv,4762,36.07519,35to65,30,
LFP,DST,10.0,2,LFP_10C_DST.csv,4762,36.07519,35to65,60,3.876971982421871
LFP,DST,10.0,2,LFP_10C_DST.csv,4762,36.07519,35to65,120,2.5350153474807726
LFP,DST,10.0,2,LFP_10C_DST.csv,4762,36.07519,35to65,300,0.6086259236526494
LFP,DST,10.0,2,LFP_10C_DST.csv,4762,36.07519,35to65,600,0.6270976949615488
LFP,DST,10.0,2,LFP_10C_DST.csv,4762,36.07519,35to65,900,1.0814472747459405
LFP,DST,10.0,2,LFP_10C_DST.csv,4762,36.07519,35to65,1200,0.09395804533385999
LFP,DST,10.0,2,LFP_10C_DST.csv,4762,36.07519,35to65,1800,0.35552437633895906
LFP,DST,10.0,2,LFP_10C_DST.csv,4762,36.07519,35to65,2400,
LFP,DST,10.0,2,LFP_10C_DST.csv,5211,30.059618,le35,0,
LFP,DST,10.0,2,LFP_10C_DST.csv,5211,30.059618,le35,30,
LFP,DST,10.0,2,LFP_10C_DST.csv,5211,30.059618,le35,60,9.540094258754728
LFP,DST,10.0,2,LFP_10C_DST.csv,5211,30.059618,le35,120,8.014169300209044
LFP,DST,10.0,2,LFP_10C_DST.csv,5211,30.059618,le35,300,6.358815875263211
LFP,DST,10.0,2,LFP_10C_DST.csv,5211,30.059618,le35,600,3.3397159071540834
LFP,DST,10.0,2,LFP_10C_DST.csv,5211,30.059618,le35,900,2.0897942977943416
LFP,DST,10.0,2,LFP_10C_DST.csv,5211,30.059618,le35,1200,1.426480171991349
LFP,DST,10.0,2,LFP_10C_DST.csv,5211,30.059618,le35,1800,0.24513932545776385
LFP,DST,10.0,2,LFP_10C_DST.csv,5211,30.059618,le35,2400,
LFP,DST,10.0,2,LFP_10C_DST.csv,5868,21.06409,le35,0,
LFP,DST,10.0,2,LFP_10C_DST.csv,5868,21.06409,le35,30,
LFP,DST,10.0,2,LFP_10C_DST.csv,5868,21.06409,le35,60,6.568528883499145
LFP,DST,10.0,2,LFP_10C_DST.csv,5868,21.06409,le35,120,6.1823725847167985
LFP,DST,10.0,2,LFP_10C_DST.csv,5868,21.06409,le35,300,3.6910582029075627
LFP,DST,10.0,2,LFP_10C_DST.csv,5868,21.06409,le35,600,1.574413832466126
LFP,DST,10.0,2,LFP_10C_DST.csv,5868,21.06409,le35,900,0.7579752583885195
LFP,DST,10.0,2,LFP_10C_DST.csv,5868,21.06409,le35,1200,0.22062214800338786
LFP,DST,10.0,2,LFP_10C_DST.csv,5868,21.06409,le35,1800,
LFP,DST,10.0,2,LFP_10C_DST.csv,5868,21.06409,le35,2400,
LFP,DST,10.0,2,LFP_10C_DST.csv,5988,19.885242,le35,0,
LFP,DST,10.0,2,LFP_10C_DST.csv,5988,19.885242,le35,30,
LFP,DST,10.0,2,LFP_10C_DST.csv,5988,19.885242,le35,60,4.722187468738557
LFP,DST,10.0,2,LFP_10C_DST.csv,5988,19.885242,le35,120,4.66443626084137
LFP,DST,10.0,2,LFP_10C_DST.csv,5988,19.885242,le35,300,3.2275739148921954
LFP,DST,10.0,2,LFP_10C_DST.csv,5988,19.885242,le35,600,1.2926232381858824
LFP,DST,10.0,2,LFP_10C_DST.csv,5988,19.885242,le35,900,0.18433394269943282
LFP,DST,10.0,2,LFP_10C_DST.csv,5988,19.885242,le35,1200,
LFP,DST,10.0,2,LFP_10C_DST.csv,5988,19.885242,le35,1800,
LFP,DST,10.0,2,LFP_10C_DST.csv,5988,19.885242,le35,2400,
LFP,DST,20.0,0,LFP_20C_DST.csv,489,94.108146,gt65,0,
LFP,DST,20.0,0,LFP_20C_DST.csv,489,94.108146,gt65,30,
LFP,DST,20.0,0,LFP_20C_DST.csv,489,94.108146,gt65,60,14.278430023605353
LFP,DST,20.0,0,LFP_20C_DST.csv,489,94.108146,gt65,120,15.269415183715822
LFP,DST,20.0,0,LFP_20C_DST.csv,489,94.108146,gt65,300,12.125122675933838
LFP,DST,20.0,0,LFP_20C_DST.csv,489,94.108146,gt65,600,8.854712733001719
LFP,DST,20.0,0,LFP_20C_DST.csv,489,94.108146,gt65,900,6.786126507873533
LFP,DST,20.0,0,LFP_20C_DST.csv,489,94.108146,gt65,1200,5.248310981445314
LFP,DST,20.0,0,LFP_20C_DST.csv,489,94.108146,gt65,1800,3.8010660330810566
LFP,DST,20.0,0,LFP_20C_DST.csv,489,94.108146,gt65,2400,3.62880149513245
LFP,DST,20.0,0,LFP_20C_DST.csv,937,88.486177,gt65,0,
LFP,DST,20.0,0,LFP_20C_DST.csv,937,88.486177,gt65,30,
LFP,DST,20.0,0,LFP_20C_DST.csv,937,88.486177,gt65,60,10.997242849273675
LFP,DST,20.0,0,LFP_20C_DST.csv,937,88.486177,gt65,120,9.914070017135629
LFP,DST,20.0,0,LFP_20C_DST.csv,937,88.486177,gt65,300,8.579687171783448
LFP,DST,20.0,0,LFP_20C_DST.csv,937,88.486177,gt65,600,6.1636207991485605
LFP,DST,20.0,0,LFP_20C_DST.csv,937,88.486177,gt65,900,4.42316308181762
LFP,DST,20.0,0,LFP_20C_DST.csv,937,88.486177,gt65,1200,3.8407215153503387
LFP,DST,20.0,0,LFP_20C_DST.csv,937,88.486177,gt65,1800,4.289936894470216
LFP,DST,20.0,0,LFP_20C_DST.csv,937,88.486177,gt65,2400,3.2775331965637235
LFP,DST,20.0,0,LFP_20C_DST.csv,2094,71.41937,gt65,0,
LFP,DST,20.0,0,LFP_20C_DST.csv,2094,71.41937,gt65,30,
LFP,DST,20.0,0,LFP_20C_DST.csv,2094,71.41937,gt65,60,30.349111090927124
LFP,DST,20.0,0,LFP_20C_DST.csv,2094,71.41937,gt65,120,29.95534571868896
LFP,DST,20.0,0,LFP_20C_DST.csv,2094,71.41937,gt65,300,27.321180780281068
LFP,DST,20.0,0,LFP_20C_DST.csv,2094,71.41937,gt65,600,21.73912752033233
LFP,DST,20.0,0,LFP_20C_DST.csv,2094,71.41937,gt65,900,16.33238838433838
LFP,DST,20.0,0,LFP_20C_DST.csv,2094,71.41937,gt65,1200,12.080851431755072
LFP,DST,20.0,0,LFP_20C_DST.csv,2094,71.41937,gt65,1800,6.397086819679259
LFP,DST,20.0,0,LFP_20C_DST.csv,2094,71.41937,gt65,2400,3.0329252255477854
LFP,DST,20.0,0,LFP_20C_DST.csv,3250,57.108843,35to65,0,
LFP,DST,20.0,0,LFP_20C_DST.csv,3250,57.108843,35to65,30,
LFP,DST,20.0,0,LFP_20C_DST.csv,3250,57.108843,35to65,60,2.9910986217498774
LFP,DST,20.0,0,LFP_20C_DST.csv,3250,57.108843,35to65,120,2.8541928108978283
LFP,DST,20.0,0,LFP_20C_DST.csv,3250,57.108843,35to65,300,2.9317710309524543
LFP,DST,20.0,0,LFP_20C_DST.csv,3250,57.108843,35to65,600,0.8182244205474873
LFP,DST,20.0,0,LFP_20C_DST.csv,3250,57.108843,35to65,900,0.8336826181793242
LFP,DST,20.0,0,LFP_20C_DST.csv,3250,57.108843,35to65,1200,0.4280085700302152
LFP,DST,20.0,0,LFP_20C_DST.csv,3250,57.108843,35to65,1800,0.5625881331634517
LFP,DST,20.0,0,LFP_20C_DST.csv,3250,57.108843,35to65,2400,0.7628797167434698
LFP,DST,20.0,0,LFP_20C_DST.csv,3762,50.791160000000005,35to65,0,
LFP,DST,20.0,0,LFP_20C_DST.csv,3762,50.791160000000005,35to65,30,
LFP,DST,20.0,0,LFP_20C_DST.csv,3762,50.791160000000005,35to65,60,9.81234113502503
LFP,DST,20.0,0,LFP_20C_DST.csv,3762,50.791160000000005,35to65,120,8.610083511886593
LFP,DST,20.0,0,LFP_20C_DST.csv,3762,50.791160000000005,35to65,300,6.896618356239323
LFP,DST,20.0,0,LFP_20C_DST.csv,3762,50.791160000000005,35to65,600,4.0202557860183745
LFP,DST,20.0,0,LFP_20C_DST.csv,3762,50.791160000000005,35to65,900,2.4193110367126422
LFP,DST,20.0,0,LFP_20C_DST.csv,3762,50.791160000000005,35to65,1200,1.2159644749755856
LFP,DST,20.0,0,LFP_20C_DST.csv,3762,50.791160000000005,35to65,1800,0.16505888851165906
LFP,DST,20.0,0,LFP_20C_DST.csv,3762,50.791160000000005,35to65,2400,0.584430493274688
LFP,DST,20.0,0,LFP_20C_DST.csv,4732,37.4697,35to65,0,
LFP,DST,20.0,0,LFP_20C_DST.csv,4732,37.4697,35to65,30,
LFP,DST,20.0,0,LFP_20C_DST.csv,4732,37.4697,35to65,60,8.431798557632447
LFP,DST,20.0,0,LFP_20C_DST.csv,4732,37.4697,35to65,120,8.172178472068786
LFP,DST,20.0,0,LFP_20C_DST.csv,4732,37.4697,35to65,300,4.927526756401065
LFP,DST,20.0,0,LFP_20C_DST.csv,4732,37.4697,35to65,600,3.374936267051698
LFP,DST,20.0,0,LFP_20C_DST.csv,4732,37.4697,35to65,900,1.6216616499595666
LFP,DST,20.0,0,LFP_20C_DST.csv,4732,37.4697,35to65,1200,0.947417715961457
LFP,DST,20.0,0,LFP_20C_DST.csv,4732,37.4697,35to65,1800,0.04366976018905433
LFP,DST,20.0,0,LFP_20C_DST.csv,4732,37.4697,35to65,2400,0.6399497682069777
LFP,DST,20.0,0,LFP_20C_DST.csv,5419,28.481823000000002,le35,0,
LFP,DST,20.0,0,LFP_20C_DST.csv,5419,28.481823000000002,le35,30,
LFP,DST,20.0,0,LFP_20C_DST.csv,5419,28.481823000000002,le35,60,2.27157417575836
LFP,DST,20.0,0,LFP_20C_DST.csv,5419,28.481823000000002,le35,120,2.383445127185823
LFP,DST,20.0,0,LFP_20C_DST.csv,5419,28.481823000000002,le35,300,1.2842286734123256
LFP,DST,20.0,0,LFP_20C_DST.csv,5419,28.481823000000002,le35,600,0.8146123893661503
LFP,DST,20.0,0,LFP_20C_DST.csv,5419,28.481823000000002,le35,900,0.4165275420455927
LFP,DST,20.0,0,LFP_20C_DST.csv,5419,28.481823000000002,le35,1200,0.20661961880493251
LFP,DST,20.0,0,LFP_20C_DST.csv,5419,28.481823000000002,le35,1800,0.8637159763208393
LFP,DST,20.0,0,LFP_20C_DST.csv,5419,28.481823000000002,le35,2400,
LFP,DST,20.0,0,LFP_20C_DST.csv,6594,13.109905999999999,le35,0,
LFP,DST,20.0,0,LFP_20C_DST.csv,6594,13.109905999999999,le35,30,
LFP,DST,20.0,0,LFP_20C_DST.csv,6594,13.109905999999999,le35,60,4.6680076050796515
LFP,DST,20.0,0,LFP_20C_DST.csv,6594,13.109905999999999,le35,120,4.1984124932823175
LFP,DST,20.0,0,LFP_20C_DST.csv,6594,13.109905999999999,le35,300,2.2093050052665717
LFP,DST,20.0,0,LFP_20C_DST.csv,6594,13.109905999999999,le35,600,0.9648471698331837
LFP,DST,20.0,0,LFP_20C_DST.csv,6594,13.109905999999999,le35,900,
LFP,DST,20.0,0,LFP_20C_DST.csv,6594,13.109905999999999,le35,1200,
LFP,DST,20.0,0,LFP_20C_DST.csv,6594,13.109905999999999,le35,1800,
LFP,DST,20.0,0,LFP_20C_DST.csv,6594,13.109905999999999,le35,2400,
LFP,DST,20.0,0,LFP_20C_DST.csv,7068,7.341480000000001,le35,0,
LFP,DST,20.0,0,LFP_20C_DST.csv,7068,7.341480000000001,le35,30,
LFP,DST,20.0,0,LFP_20C_DST.csv,7068,7.341480000000001,le35,60,0.09320077977790842
LFP,DST,20.0,0,LFP_20C_DST.csv,7068,7.341480000000001,le35,120,0.7472794274480821
LFP,DST,20.0,0,LFP_20C_DST.csv,7068,7.341480000000001,le35,300,
LFP,DST,20.0,0,LFP_20C_DST.csv,7068,7.341480000000001,le35,600,
LFP,DST,20.0,0,LFP_20C_DST.csv,7068,7.341480000000001,le35,900,
LFP,DST,20.0,0,LFP_20C_DST.csv,7068,7.341480000000001,le35,1200,
LFP,DST,20.0,0,LFP_20C_DST.csv,7068,7.341480000000001,le35,1800,
LFP,DST,20.0,0,LFP_20C_DST.csv,7068,7.341480000000001,le35,2400,
LFP,DST,20.0,1,LFP_20C_DST.csv,489,94.108146,gt65,0,
LFP,DST,20.0,1,LFP_20C_DST.csv,489,94.108146,gt65,30,
LFP,DST,20.0,1,LFP_20C_DST.csv,489,94.108146,gt65,60,13.255310335571295
LFP,DST,20.0,1,LFP_20C_DST.csv,489,94.108146,gt65,120,13.954214854888917
LFP,DST,20.0,1,LFP_20C_DST.csv,489,94.108146,gt65,300,10.98000420097351
LFP,DST,20.0,1,LFP_20C_DST.csv,489,94.108146,gt65,600,8.295519837112437
LFP,DST,20.0,1,LFP_20C_DST.csv,489,94.108146,gt65,900,6.08001412307739
LFP,DST,20.0,1,LFP_20C_DST.csv,489,94.108146,gt65,1200,4.9632160050201435
LFP,DST,20.0,1,LFP_20C_DST.csv,489,94.108146,gt65,1800,3.3943537394561787
LFP,DST,20.0,1,LFP_20C_DST.csv,489,94.108146,gt65,2400,2.91127482086182
LFP,DST,20.0,1,LFP_20C_DST.csv,937,88.486177,gt65,0,
LFP,DST,20.0,1,LFP_20C_DST.csv,937,88.486177,gt65,30,
LFP,DST,20.0,1,LFP_20C_DST.csv,937,88.486177,gt65,60,10.32722703735351
LFP,DST,20.0,1,LFP_20C_DST.csv,937,88.486177,gt65,120,8.773392088211068
LFP,DST,20.0,1,LFP_20C_DST.csv,937,88.486177,gt65,300,7.590023570861817
LFP,DST,20.0,1,LFP_20C_DST.csv,937,88.486177,gt65,600,4.9888490134124766
LFP,DST,20.0,1,LFP_20C_DST.csv,937,88.486177,gt65,900,3.333053733520501
LFP,DST,20.0,1,LFP_20C_DST.csv,937,88.486177,gt65,1200,3.117854264907834
LFP,DST,20.0,1,LFP_20C_DST.csv,937,88.486177,gt65,1800,3.6766468229827893
LFP,DST,20.0,1,LFP_20C_DST.csv,937,88.486177,gt65,2400,2.7909745207977323
LFP,DST,20.0,1,LFP_20C_DST.csv,2094,71.41937,gt65,0,
LFP,DST,20.0,1,LFP_20C_DST.csv,2094,71.41937,gt65,30,
LFP,DST,20.0,1,LFP_20C_DST.csv,2094,71.41937,gt65,60,28.75677896621704
LFP,DST,20.0,1,LFP_20C_DST.csv,2094,71.41937,gt65,120,26.216742722816463
LFP,DST,20.0,1,LFP_20C_DST.csv,2094,71.41937,gt65,300,24.957242687095643
LFP,DST,20.0,1,LFP_20C_DST.csv,2094,71.41937,gt65,600,19.636794213066096
LFP,DST,20.0,1,LFP_20C_DST.csv,2094,71.41937,gt65,900,14.66184006452179
LFP,DST,20.0,1,LFP_20C_DST.csv,2094,71.41937,gt65,1200,10.62422418203736
LFP,DST,20.0,1,LFP_20C_DST.csv,2094,71.41937,gt65,1800,5.441680988342284
LFP,DST,20.0,1,LFP_20C_DST.csv,2094,71.41937,gt65,2400,2.0416075957336375
LFP,DST,20.0,1,LFP_20C_DST.csv,3250,57.108843,35to65,0,
LFP,DST,20.0,1,LFP_20C_DST.csv,3250,57.108843,35to65,30,
LFP,DST,20.0,1,LFP_20C_DST.csv,3250,57.108843,35to65,60,2.2373919281005854
LFP,DST,20.0,1,LFP_20C_DST.csv,3250,57.108843,35to65,120,2.045196848754884
LFP,DST,20.0,1,LFP_20C_DST.csv,3250,57.108843,35to65,300,1.4130118995208747
LFP,DST,20.0,1,LFP_20C_DST.csv,3250,57.108843,35to65,600,0.6157712841033955
LFP,DST,20.0,1,LFP_20C_DST.csv,3250,57.108843,35to65,900,0.009070239105227529
LFP,DST,20.0,1,LFP_20C_DST.csv,3250,57.108843,35to65,1200,0.41607962672424037
LFP,DST,20.0,1,LFP_20C_DST.csv,3250,57.108843,35to65,1800,0.6377585309219356
LFP,DST,20.0,1,LFP_20C_DST.csv,3250,57.108843,35to65,2400,0.7405428761138921
LFP,DST,20.0,1,LFP_20C_DST.csv,3762,50.791160000000005,35to65,0,
LFP,DST,20.0,1,LFP_20C_DST.csv,3762,50.791160000000005,35to65,30,
LFP,DST,20.0,1,LFP_20C_DST.csv,3762,50.791160000000005,35to65,60,8.412633340835576
LFP,DST,20.0,1,LFP_20C_DST.csv,3762,50.791160000000005,35to65,120,7.610138109741207
LFP,DST,20.0,1,LFP_20C_DST.csv,3762,50.791160000000005,35to65,300,5.5727395911331215
LFP,DST,20.0,1,LFP_20C_DST.csv,3762,50.791160000000005,35to65,600,2.954950910644534
LFP,DST,20.0,1,LFP_20C_DST.csv,3762,50.791160000000005,35to65,900,2.063668002731319
LFP,DST,20.0,1,LFP_20C_DST.csv,3762,50.791160000000005,35to65,1200,0.18433324366760218
LFP,DST,20.0,1,LFP_20C_DST.csv,3762,50.791160000000005,35to65,1800,0.3406690731811537
LFP,DST,20.0,1,LFP_20C_DST.csv,3762,50.791160000000005,35to65,2400,0.4708508624229424
LFP,DST,20.0,1,LFP_20C_DST.csv,4732,37.4697,35to65,0,
LFP,DST,20.0,1,LFP_20C_DST.csv,4732,37.4697,35to65,30,
LFP,DST,20.0,1,LFP_20C_DST.csv,4732,37.4697,35to65,60,6.937039236419679
LFP,DST,20.0,1,LFP_20C_DST.csv,4732,37.4697,35to65,120,6.243121827629089
LFP,DST,20.0,1,LFP_20C_DST.csv,4732,37.4697,35to65,300,4.760800644035342
LFP,DST,20.0,1,LFP_20C_DST.csv,4732,37.4697,35to65,600,2.814509555015565
LFP,DST,20.0,1,LFP_20C_DST.csv,4732,37.4697,35to65,900,1.7108331787757898
LFP,DST,20.0,1,LFP_20C_DST.csv,4732,37.4697,35to65,1200,0.9437401093788154
LFP,DST,20.0,1,LFP_20C_DST.csv,4732,37.4697,35to65,1800,0.2025593518829325
LFP,DST,20.0,1,LFP_20C_DST.csv,4732,37.4697,35to65,2400,0.35558196844806655
LFP,DST,20.0,1,LFP_20C_DST.csv,5419,28.481823000000002,le35,0,
LFP,DST,20.0,1,LFP_20C_DST.csv,5419,28.481823000000002,le35,30,
LFP,DST,20.0,1,LFP_20C_DST.csv,5419,28.481823000000002,le35,60,1.81572381298065
LFP,DST,20.0,1,LFP_20C_DST.csv,5419,28.481823000000002,le35,120,1.8890231086578382
LFP,DST,20.0,1,LFP_20C_DST.csv,5419,28.481823000000002,le35,300,0.888988783790591
LFP,DST,20.0,1,LFP_20C_DST.csv,5419,28.481823000000002,le35,600,0.03465843125152546
LFP,DST,20.0,1,LFP_20C_DST.csv,5419,28.481823000000002,le35,900,0.2879841651229853
LFP,DST,20.0,1,LFP_20C_DST.csv,5419,28.481823000000002,le35,1200,0.08295935240554897
LFP,DST,20.0,1,LFP_20C_DST.csv,5419,28.481823000000002,le35,1800,0.7370218335023884
LFP,DST,20.0,1,LFP_20C_DST.csv,5419,28.481823000000002,le35,2400,
LFP,DST,20.0,1,LFP_20C_DST.csv,6594,13.109905999999999,le35,0,
LFP,DST,20.0,1,LFP_20C_DST.csv,6594,13.109905999999999,le35,30,
LFP,DST,20.0,1,LFP_20C_DST.csv,6594,13.109905999999999,le35,60,3.9371652531661994
LFP,DST,20.0,1,LFP_20C_DST.csv,6594,13.109905999999999,le35,120,3.579340026193618
LFP,DST,20.0,1,LFP_20C_DST.csv,6594,13.109905999999999,le35,300,2.008307712271119
LFP,DST,20.0,1,LFP_20C_DST.csv,6594,13.109905999999999,le35,600,1.0636295750904088
LFP,DST,20.0,1,LFP_20C_DST.csv,6594,13.109905999999999,le35,900,
LFP,DST,20.0,1,LFP_20C_DST.csv,6594,13.109905999999999,le35,1200,
LFP,DST,20.0,1,LFP_20C_DST.csv,6594,13.109905999999999,le35,1800,
LFP,DST,20.0,1,LFP_20C_DST.csv,6594,13.109905999999999,le35,2400,
LFP,DST,20.0,1,LFP_20C_DST.csv,7068,7.341480000000001,le35,0,
LFP,DST,20.0,1,LFP_20C_DST.csv,7068,7.341480000000001,le35,30,
LFP,DST,20.0,1,LFP_20C_DST.csv,7068,7.341480000000001,le35,60,0.4801228412212373
LFP,DST,20.0,1,LFP_20C_DST.csv,7068,7.341480000000001,le35,120,1.4279022584350587
LFP,DST,20.0,1,LFP_20C_DST.csv,7068,7.341480000000001,le35,300,
LFP,DST,20.0,1,LFP_20C_DST.csv,7068,7.341480000000001,le35,600,
LFP,DST,20.0,1,LFP_20C_DST.csv,7068,7.341480000000001,le35,900,
LFP,DST,20.0,1,LFP_20C_DST.csv,7068,7.341480000000001,le35,1200,
LFP,DST,20.0,1,LFP_20C_DST.csv,7068,7.341480000000001,le35,1800,
LFP,DST,20.0,1,LFP_20C_DST.csv,7068,7.341480000000001,le35,2400,
LFP,DST,20.0,2,LFP_20C_DST.csv,489,94.108146,gt65,0,
LFP,DST,20.0,2,LFP_20C_DST.csv,489,94.108146,gt65,30,
LFP,DST,20.0,2,LFP_20C_DST.csv,489,94.108146,gt65,60,13.161701240951544
LFP,DST,20.0,2,LFP_20C_DST.csv,489,94.108146,gt65,120,13.371269508056642
LFP,DST,20.0,2,LFP_20C_DST.csv,489,94.108146,gt65,300,11.026513705291748
LFP,DST,20.0,2,LFP_20C_DST.csv,489,94.108146,gt65,600,8.711679466934214
LFP,DST,20.0,2,LFP_20C_DST.csv,489,94.108146,gt65,900,6.034720553512571
LFP,DST,20.0,2,LFP_20C_DST.csv,489,94.108146,gt65,1200,4.860016523056032
LFP,DST,20.0,2,LFP_20C_DST.csv,489,94.108146,gt65,1800,3.8359049479522724
LFP,DST,20.0,2,LFP_20C_DST.csv,489,94.108146,gt65,2400,3.6524168553924596
LFP,DST,20.0,2,LFP_20C_DST.csv,937,88.486177,gt65,0,
LFP,DST,20.0,2,LFP_20C_DST.csv,937,88.486177,gt65,30,
LFP,DST,20.0,2,LFP_20C_DST.csv,937,88.486177,gt65,60,10.1285468749237
LFP,DST,20.0,2,LFP_20C_DST.csv,937,88.486177,gt65,120,9.33394397000123
LFP,DST,20.0,2,LFP_20C_DST.csv,937,88.486177,gt65,300,7.5820365484619145
LFP,DST,20.0,2,LFP_20C_DST.csv,937,88.486177,gt65,600,5.214226096237184
LFP,DST,20.0,2,LFP_20C_DST.csv,937,88.486177,gt65,900,4.032347346954339
LFP,DST,20.0,2,LFP_20C_DST.csv,937,88.486177,gt65,1200,3.7921139275360076
LFP,DST,20.0,2,LFP_20C_DST.csv,937,88.486177,gt65,1800,4.269564026885988
LFP,DST,20.0,2,LFP_20C_DST.csv,937,88.486177,gt65,2400,3.4694303504180937
LFP,DST,20.0,2,LFP_20C_DST.csv,2094,71.41937,gt65,0,
LFP,DST,20.0,2,LFP_20C_DST.csv,2094,71.41937,gt65,30,
LFP,DST,20.0,2,LFP_20C_DST.csv,2094,71.41937,gt65,60,29.802646766929627
LFP,DST,20.0,2,LFP_20C_DST.csv,2094,71.41937,gt65,120,27.81388494235992
LFP,DST,20.0,2,LFP_20C_DST.csv,2094,71.41937,gt65,300,27.751496513237
LFP,DST,20.0,2,LFP_20C_DST.csv,2094,71.41937,gt65,600,22.594340924034114
LFP,DST,20.0,2,LFP_20C_DST.csv,2094,71.41937,gt65,900,16.64780722379303
LFP,DST,20.0,2,LFP_20C_DST.csv,2094,71.41937,gt65,1200,12.204739685920721
LFP,DST,20.0,2,LFP_20C_DST.csv,2094,71.41937,gt65,1800,6.300375303298949
LFP,DST,20.0,2,LFP_20C_DST.csv,2094,71.41937,gt65,2400,2.5009597313919016
LFP,DST,20.0,2,LFP_20C_DST.csv,3250,57.108843,35to65,0,
LFP,DST,20.0,2,LFP_20C_DST.csv,3250,57.108843,35to65,30,
LFP,DST,20.0,2,LFP_20C_DST.csv,3250,57.108843,35to65,60,4.4275049957275385
LFP,DST,20.0,2,LFP_20C_DST.csv,3250,57.108843,35to65,120,3.9829378899383556
LFP,DST,20.0,2,LFP_20C_DST.csv,3250,57.108843,35to65,300,3.0271205811996467
LFP,DST,20.0,2,LFP_20C_DST.csv,3250,57.108843,35to65,600,1.086847653388979
LFP,DST,20.0,2,LFP_20C_DST.csv,3250,57.108843,35to65,900,0.5758329248809844
LFP,DST,20.0,2,LFP_20C_DST.csv,3250,57.108843,35to65,1200,0.29917611058044713
LFP,DST,20.0,2,LFP_20C_DST.csv,3250,57.108843,35to65,1800,0.0178285020065303
LFP,DST,20.0,2,LFP_20C_DST.csv,3250,57.108843,35to65,2400,0.39981888471984917
LFP,DST,20.0,2,LFP_20C_DST.csv,3762,50.791160000000005,35to65,0,
LFP,DST,20.0,2,LFP_20C_DST.csv,3762,50.791160000000005,35to65,30,
LFP,DST,20.0,2,LFP_20C_DST.csv,3762,50.791160000000005,35to65,60,9.910960000038152
LFP,DST,20.0,2,LFP_20C_DST.csv,3762,50.791160000000005,35to65,120,8.047546795425411
LFP,DST,20.0,2,LFP_20C_DST.csv,3762,50.791160000000005,35to65,300,6.781548609268192
LFP,DST,20.0,2,LFP_20C_DST.csv,3762,50.791160000000005,35to65,600,4.139038902359012
LFP,DST,20.0,2,LFP_20C_DST.csv,3762,50.791160000000005,35to65,900,2.31558107341003
LFP,DST,20.0,2,LFP_20C_DST.csv,3762,50.791160000000005,35to65,1200,0.08715085059356653
LFP,DST,20.0,2,LFP_20C_DST.csv,3762,50.791160000000005,35to65,1800,0.4452811852264418
LFP,DST,20.0,2,LFP_20C_DST.csv,3762,50.791160000000005,35to65,2400,0.3404627217445366
LFP,DST,20.0,2,LFP_20C_DST.csv,4732,37.4697,35to65,0,
LFP,DST,20.0,2,LFP_20C_DST.csv,4732,37.4697,35to65,30,
LFP,DST,20.0,2,LFP_20C_DST.csv,4732,37.4697,35to65,60,8.100188116424562
LFP,DST,20.0,2,LFP_20C_DST.csv,4732,37.4697,35to65,120,7.7079357753067015
LFP,DST,20.0,2,LFP_20C_DST.csv,4732,37.4697,35to65,300,5.01858179199219
LFP,DST,20.0,2,LFP_20C_DST.csv,4732,37.4697,35to65,600,2.6886573278045667
LFP,DST,20.0,2,LFP_20C_DST.csv,4732,37.4697,35to65,900,1.5336792338066125
LFP,DST,20.0,2,LFP_20C_DST.csv,4732,37.4697,35to65,1200,0.7911388077087409
LFP,DST,20.0,2,LFP_20C_DST.csv,4732,37.4697,35to65,1800,0.1331318616485575
LFP,DST,20.0,2,LFP_20C_DST.csv,4732,37.4697,35to65,2400,0.7939104283069609
LFP,DST,20.0,2,LFP_20C_DST.csv,5419,28.481823000000002,le35,0,
LFP,DST,20.0,2,LFP_20C_DST.csv,5419,28.481823000000002,le35,30,
LFP,DST,20.0,2,LFP_20C_DST.csv,5419,28.481823000000002,le35,60,2.3080999020767194
LFP,DST,20.0,2,LFP_20C_DST.csv,5419,28.481823000000002,le35,120,2.1992086603012098
LFP,DST,20.0,2,LFP_20C_DST.csv,5419,28.481823000000002,le35,300,0.0257704762954738
LFP,DST,20.0,2,LFP_20C_DST.csv,5419,28.481823000000002,le35,600,0.041873932640076106
LFP,DST,20.0,2,LFP_20C_DST.csv,5419,28.481823000000002,le35,900,0.34503177063751167
LFP,DST,20.0,2,LFP_20C_DST.csv,5419,28.481823000000002,le35,1200,0.3844426259117135
LFP,DST,20.0,2,LFP_20C_DST.csv,5419,28.481823000000002,le35,1800,0.7821608035198215
LFP,DST,20.0,2,LFP_20C_DST.csv,5419,28.481823000000002,le35,2400,
LFP,DST,20.0,2,LFP_20C_DST.csv,6594,13.109905999999999,le35,0,
LFP,DST,20.0,2,LFP_20C_DST.csv,6594,13.109905999999999,le35,30,
LFP,DST,20.0,2,LFP_20C_DST.csv,6594,13.109905999999999,le35,60,3.9000300693550116
LFP,DST,20.0,2,LFP_20C_DST.csv,6594,13.109905999999999,le35,120,3.589643434101104
LFP,DST,20.0,2,LFP_20C_DST.csv,6594,13.109905999999999,le35,300,1.846733676388169
LFP,DST,20.0,2,LFP_20C_DST.csv,6594,13.109905999999999,le35,600,0.9441032633352284
LFP,DST,20.0,2,LFP_20C_DST.csv,6594,13.109905999999999,le35,900,
LFP,DST,20.0,2,LFP_20C_DST.csv,6594,13.109905999999999,le35,1200,
LFP,DST,20.0,2,LFP_20C_DST.csv,6594,13.109905999999999,le35,1800,
LFP,DST,20.0,2,LFP_20C_DST.csv,6594,13.109905999999999,le35,2400,
LFP,DST,20.0,2,LFP_20C_DST.csv,7068,7.341480000000001,le35,0,
LFP,DST,20.0,2,LFP_20C_DST.csv,7068,7.341480000000001,le35,30,
LFP,DST,20.0,2,LFP_20C_DST.csv,7068,7.341480000000001,le35,60,0.19679067216529855
LFP,DST,20.0,2,LFP_20C_DST.csv,7068,7.341480000000001,le35,120,0.9718931982906343
LFP,DST,20.0,2,LFP_20C_DST.csv,7068,7.341480000000001,le35,300,
LFP,DST,20.0,2,LFP_20C_DST.csv,7068,7.341480000000001,le35,600,
LFP,DST,20.0,2,LFP_20C_DST.csv,7068,7.341480000000001,le35,900,
LFP,DST,20.0,2,LFP_20C_DST.csv,7068,7.341480000000001,le35,1200,
LFP,DST,20.0,2,LFP_20C_DST.csv,7068,7.341480000000001,le35,1800,
LFP,DST,20.0,2,LFP_20C_DST.csv,7068,7.341480000000001,le35,2400,
LFP,DST,25.0,0,LFP_25C_DST.csv,810,89.7675,gt65,0,
LFP,DST,25.0,0,LFP_25C_DST.csv,810,89.7675,gt65,30,
LFP,DST,25.0,0,LFP_25C_DST.csv,810,89.7675,gt65,60,11.277613372650137
LFP,DST,25.0,0,LFP_25C_DST.csv,810,89.7675,gt65,120,10.653513745803835
LFP,DST,25.0,0,LFP_25C_DST.csv,810,89.7675,gt65,300,9.015578152389523
LFP,DST,25.0,0,LFP_25C_DST.csv,810,89.7675,gt65,600,5.840694686431874
LFP,DST,25.0,0,LFP_25C_DST.csv,810,89.7675,gt65,900,5.2674076700592
LFP,DST,25.0,0,LFP_25C_DST.csv,810,89.7675,gt65,1200,2.714657429580697
LFP,DST,25.0,0,LFP_25C_DST.csv,810,89.7675,gt65,1800,3.948783793533323
LFP,DST,25.0,0,LFP_25C_DST.csv,810,89.7675,gt65,2400,3.14526208847046
LFP,DST,25.0,0,LFP_25C_DST.csv,1260,83.78219999999999,gt65,0,
LFP,DST,25.0,0,LFP_25C_DST.csv,1260,83.78219999999999,gt65,30,
LFP,DST,25.0,0,LFP_25C_DST.csv,1260,83.78219999999999,gt65,60,11.012542488784788
LFP,DST,25.0,0,LFP_25C_DST.csv,1260,83.78219999999999,gt65,120,9.68671436882019
LFP,DST,25.0,0,LFP_25C_DST.csv,1260,83.78219999999999,gt65,300,7.3755950670623776
LFP,DST,25.0,0,LFP_25C_DST.csv,1260,83.78219999999999,gt65,600,5.078846172424306
LFP,DST,25.0,0,LFP_25C_DST.csv,1260,83.78219999999999,gt65,900,4.210858738479615
LFP,DST,25.0,0,LFP_25C_DST.csv,1260,83.78219999999999,gt65,1200,4.934709573211677
LFP,DST,25.0,0,LFP_25C_DST.csv,1260,83.78219999999999,gt65,1800,4.658783922958378
LFP,DST,25.0,0,LFP_25C_DST.csv,1260,83.78219999999999,gt65,2400,3.316423192344665
LFP,DST,25.0,0,LFP_25C_DST.csv,2010,74.24195,gt65,0,
LFP,DST,25.0,0,LFP_25C_DST.csv,2010,74.24195,gt65,30,
LFP,DST,25.0,0,LFP_25C_DST.csv,2010,74.24195,gt65,60,8.899363906402584
LFP,DST,25.0,0,LFP_25C_DST.csv,2010,74.24195,gt65,120,7.470379472885142
LFP,DST,25.0,0,LFP_25C_DST.csv,2010,74.24195,gt65,300,7.36137458686828
LFP,DST,25.0,0,LFP_25C_DST.csv,2010,74.24195,gt65,600,7.3032428216552745
LFP,DST,25.0,0,LFP_25C_DST.csv,2010,74.24195,gt65,900,6.547746514205933
LFP,DST,25.0,0,LFP_25C_DST.csv,2010,74.24195,gt65,1200,5.614316051788329
LFP,DST,25.0,0,LFP_25C_DST.csv,2010,74.24195,gt65,1800,3.5988628493499704
LFP,DST,25.0,0,LFP_25C_DST.csv,2010,74.24195,gt65,2400,1.327171188430789
LFP,DST,25.0,0,LFP_25C_DST.csv,3558,52.25873599999999,35to65,0,
LFP,DST,25.0,0,LFP_25C_DST.csv,3558,52.25873599999999,35to65,30,
LFP,DST,25.0,0,LFP_25C_DST.csv,3558,52.25873599999999,35to65,60,5.242966464385987
LFP,DST,25.0,0,LFP_25C_DST.csv,3558,52.25873599999999,35to65,120,4.566336164436336
LFP,DST,25.0,0,LFP_25C_DST.csv,3558,52.25873599999999,35to65,300,3.894192003669737
LFP,DST,25.0,0,LFP_25C_DST.csv,3558,52.25873599999999,35to65,600,1.7996375088806147
LFP,DST,25.0,0,LFP_25C_DST.csv,3558,52.25873599999999,35to65,900,1.369282191101071
LFP,DST,25.0,0,LFP_25C_DST.csv,3558,52.25873599999999,35to65,1200,0.03439829467010469
LFP,DST,25.0,0,LFP_25C_DST.csv,3558,52.25873599999999,35to65,1800,1.0082530643463166
LFP,DST,25.0,0,LFP_25C_DST.csv,3558,52.25873599999999,35to65,2400,0.3797888709220878
LFP,DST,25.0,0,LFP_25C_DST.csv,3747,50.928174999999996,35to65,0,
LFP,DST,25.0,0,LFP_25C_DST.csv,3747,50.928174999999996,35to65,30,
LFP,DST,25.0,0,LFP_25C_DST.csv,3747,50.928174999999996,35to65,60,8.795919924781806
LFP,DST,25.0,0,LFP_25C_DST.csv,3747,50.928174999999996,35to65,120,8.447063372375489
LFP,DST,25.0,0,LFP_25C_DST.csv,3747,50.928174999999996,35to65,300,6.192752907073974
LFP,DST,25.0,0,LFP_25C_DST.csv,3747,50.928174999999996,35to65,600,3.6641922569274925
LFP,DST,25.0,0,LFP_25C_DST.csv,3747,50.928174999999996,35to65,900,1.8795256642608607
LFP,DST,25.0,0,LFP_25C_DST.csv,3747,50.928174999999996,35to65,1200,1.5543724663925147
LFP,DST,25.0,0,LFP_25C_DST.csv,3747,50.928174999999996,35to65,1800,0.013932129936218729
LFP,DST,25.0,0,LFP_25C_DST.csv,3747,50.928174999999996,35to65,2400,0.5816807157554607
LFP,DST,25.0,0,LFP_25C_DST.csv,3858,48.51394,35to65,0,
LFP,DST,25.0,0,LFP_25C_DST.csv,3858,48.51394,35to65,30,
LFP,DST,25.0,0,LFP_25C_DST.csv,3858,48.51394,35to65,60,22.646582466941837
LFP,DST,25.0,0,LFP_25C_DST.csv,3858,48.51394,35to65,120,21.185511843299864
LFP,DST,25.0,0,LFP_25C_DST.csv,3858,48.51394,35to65,300,18.573901526420592
LFP,DST,25.0,0,LFP_25C_DST.csv,3858,48.51394,35to65,600,13.016792686912538
LFP,DST,25.0,0,LFP_25C_DST.csv,3858,48.51394,35to65,900,7.128113962394714
LFP,DST,25.0,0,LFP_25C_DST.csv,3858,48.51394,35to65,1200,3.4922606657409645
LFP,DST,25.0,0,LFP_25C_DST.csv,3858,48.51394,35to65,1800,1.2015360528564436
LFP,DST,25.0,0,LFP_25C_DST.csv,3858,48.51394,35to65,2400,0.16169566880798314
LFP,DST,25.0,0,LFP_25C_DST.csv,6113,18.872067,le35,0,
LFP,DST,25.0,0,LFP_25C_DST.csv,6113,18.872067,le35,30,
LFP,DST,25.0,0,LFP_25C_DST.csv,6113,18.872067,le35,60,2.593873531486512
LFP,DST,25.0,0,LFP_25C_DST.csv,6113,18.872067,le35,120,2.4337751916732806
LFP,DST,25.0,0,LFP_25C_DST.csv,6113,18.872067,le35,300,2.199012388217925
LFP,DST,25.0,0,LFP_25C_DST.csv,6113,18.872067,le35,600,0.6332732386894229
LFP,DST,25.0,0,LFP_25C_DST.csv,6113,18.872067,le35,900,0.6175496042480466
LFP,DST,25.0,0,LFP_25C_DST.csv,6113,18.872067,le35,1200,0.22736381658172622
LFP,DST,25.0,0,LFP_25C_DST.csv,6113,18.872067,le35,1800,
LFP,DST,25.0,0,LFP_25C_DST.csv,6113,18.872067,le35,2400,
LFP,DST,25.0,0,LFP_25C_DST.csv,6157,18.606138,le35,0,
LFP,DST,25.0,0,LFP_25C_DST.csv,6157,18.606138,le35,30,
LFP,DST,25.0,0,LFP_25C_DST.csv,6157,18.606138,le35,60,3.9343114750442503
LFP,DST,25.0,0,LFP_25C_DST.csv,6157,18.606138,le35,120,3.717045410972595
LFP,DST,25.0,0,LFP_25C_DST.csv,6157,18.606138,le35,300,2.2078029108867643
LFP,DST,25.0,0,LFP_25C_DST.csv,6157,18.606138,le35,600,0.362073801979065
LFP,DST,25.0,0,LFP_25C_DST.csv,6157,18.606138,le35,900,0.639952751964187
LFP,DST,25.0,0,LFP_25C_DST.csv,6157,18.606138,le35,1200,0.005838230636978192
LFP,DST,25.0,0,LFP_25C_DST.csv,6157,18.606138,le35,1800,
LFP,DST,25.0,0,LFP_25C_DST.csv,6157,18.606138,le35,2400,
LFP,DST,25.0,0,LFP_25C_DST.csv,6752,9.560572,le35,0,
LFP,DST,25.0,0,LFP_25C_DST.csv,6752,9.560572,le35,30,
LFP,DST,25.0,0,LFP_25C_DST.csv,6752,9.560572,le35,60,4.110629162381173
LFP,DST,25.0,0,LFP_25C_DST.csv,6752,9.560572,le35,120,2.884274740995407
LFP,DST,25.0,0,LFP_25C_DST.csv,6752,9.560572,le35,300,2.8895261749734873
LFP,DST,25.0,0,LFP_25C_DST.csv,6752,9.560572,le35,600,0.012726347036361663
LFP,DST,25.0,0,LFP_25C_DST.csv,6752,9.560572,le35,900,
LFP,DST,25.0,0,LFP_25C_DST.csv,6752,9.560572,le35,1200,
LFP,DST,25.0,0,LFP_25C_DST.csv,6752,9.560572,le35,1800,
LFP,DST,25.0,0,LFP_25C_DST.csv,6752,9.560572,le35,2400,
LFP,DST,25.0,1,LFP_25C_DST.csv,810,89.7675,gt65,0,
LFP,DST,25.0,1,LFP_25C_DST.csv,810,89.7675,gt65,30,
LFP,DST,25.0,1,LFP_25C_DST.csv,810,89.7675,gt65,60,10.195473165359488
LFP,DST,25.0,1,LFP_25C_DST.csv,810,89.7675,gt65,120,9.600198344726564
LFP,DST,25.0,1,LFP_25C_DST.csv,810,89.7675,gt65,300,7.74750721618652
LFP,DST,25.0,1,LFP_25C_DST.csv,810,89.7675,gt65,600,5.15575387145995
LFP,DST,25.0,1,LFP_25C_DST.csv,810,89.7675,gt65,900,4.709388985671993
LFP,DST,25.0,1,LFP_25C_DST.csv,810,89.7675,gt65,1200,2.188437823181161
LFP,DST,25.0,1,LFP_25C_DST.csv,810,89.7675,gt65,1800,3.054493584716795
LFP,DST,25.0,1,LFP_25C_DST.csv,810,89.7675,gt65,2400,2.2054339310455333
LFP,DST,25.0,1,LFP_25C_DST.csv,1260,83.78219999999999,gt65,0,
LFP,DST,25.0,1,LFP_25C_DST.csv,1260,83.78219999999999,gt65,30,
LFP,DST,25.0,1,LFP_25C_DST.csv,1260,83.78219999999999,gt65,60,10.207224133224486
LFP,DST,25.0,1,LFP_25C_DST.csv,1260,83.78219999999999,gt65,120,8.726626592636109
LFP,DST,25.0,1,LFP_25C_DST.csv,1260,83.78219999999999,gt65,300,6.650099251785278
LFP,DST,25.0,1,LFP_25C_DST.csv,1260,83.78219999999999,gt65,600,4.148066000076284
LFP,DST,25.0,1,LFP_25C_DST.csv,1260,83.78219999999999,gt65,900,2.636670267639161
LFP,DST,25.0,1,LFP_25C_DST.csv,1260,83.78219999999999,gt65,1200,3.803681636276252
LFP,DST,25.0,1,LFP_25C_DST.csv,1260,83.78219999999999,gt65,1800,4.3775096042633095
LFP,DST,25.0,1,LFP_25C_DST.csv,1260,83.78219999999999,gt65,2400,2.580717101417541
LFP,DST,25.0,1,LFP_25C_DST.csv,2010,74.24195,gt65,0,
LFP,DST,25.0,1,LFP_25C_DST.csv,2010,74.24195,gt65,30,
LFP,DST,25.0,1,LFP_25C_DST.csv,2010,74.24195,gt65,60,7.992956073303219
LFP,DST,25.0,1,LFP_25C_DST.csv,2010,74.24195,gt65,120,5.731992126617442
LFP,DST,25.0,1,LFP_25C_DST.csv,2010,74.24195,gt65,300,6.239978760528558
LFP,DST,25.0,1,LFP_25C_DST.csv,2010,74.24195,gt65,600,6.280313868484498
LFP,DST,25.0,1,LFP_25C_DST.csv,2010,74.24195,gt65,900,5.722585772399903
LFP,DST,25.0,1,LFP_25C_DST.csv,2010,74.24195,gt65,1200,4.331838672943114
LFP,DST,25.0,1,LFP_25C_DST.csv,2010,74.24195,gt65,1800,3.3082186804962106
LFP,DST,25.0,1,LFP_25C_DST.csv,2010,74.24195,gt65,2400,0.49541221244812306
LFP,DST,25.0,1,LFP_25C_DST.csv,3558,52.25873599999999,35to65,0,
LFP,DST,25.0,1,LFP_25C_DST.csv,3558,52.25873599999999,35to65,30,
LFP,DST,25.0,1,LFP_25C_DST.csv,3558,52.25873599999999,35to65,60,4.23733179889679
LFP,DST,25.0,1,LFP_25C_DST.csv,3558,52.25873599999999,35to65,120,3.97770155426025
LFP,DST,25.0,1,LFP_25C_DST.csv,3558,52.25873599999999,35to65,300,2.9257297748947124
LFP,DST,25.0,1,LFP_25C_DST.csv,3558,52.25873599999999,35to65,600,1.3767127518768305
LFP,DST,25.0,1,LFP_25C_DST.csv,3558,52.25873599999999,35to65,900,0.3712560585174529
LFP,DST,25.0,1,LFP_25C_DST.csv,3558,52.25873599999999,35to65,1200,0.4770959842376712
LFP,DST,25.0,1,LFP_25C_DST.csv,3558,52.25873599999999,35to65,1800,0.23541924018860172
LFP,DST,25.0,1,LFP_25C_DST.csv,3558,52.25873599999999,35to65,2400,0.24071484338378824
LFP,DST,25.0,1,LFP_25C_DST.csv,3747,50.928174999999996,35to65,0,
LFP,DST,25.0,1,LFP_25C_DST.csv,3747,50.928174999999996,35to65,30,
LFP,DST,25.0,1,LFP_25C_DST.csv,3747,50.928174999999996,35to65,60,7.715493351028449
LFP,DST,25.0,1,LFP_25C_DST.csv,3747,50.928174999999996,35to65,120,6.195870445014954
LFP,DST,25.0,1,LFP_25C_DST.csv,3747,50.928174999999996,35to65,300,4.854887912071227
LFP,DST,25.0,1,LFP_25C_DST.csv,3747,50.928174999999996,35to65,600,2.419611511230471
LFP,DST,25.0,1,LFP_25C_DST.csv,3747,50.928174999999996,35to65,900,1.4578943280487024
LFP,DST,25.0,1,LFP_25C_DST.csv,3747,50.928174999999996,35to65,1200,0.49559219997406245
LFP,DST,25.0,1,LFP_25C_DST.csv,3747,50.928174999999996,35to65,1800,0.041476347846984396
LFP,DST,25.0,1,LFP_25C_DST.csv,3747,50.928174999999996,35to65,2400,0.42125779457473556
LFP,DST,25.0,1,LFP_25C_DST.csv,3858,48.51394,35to65,0,
LFP,DST,25.0,1,LFP_25C_DST.csv,3858,48.51394,35to65,30,
LFP,DST,25.0,1,LFP_25C_DST.csv,3858,48.51394,35to65,60,21.62827883420563
LFP,DST,25.0,1,LFP_25C_DST.csv,3858,48.51394,35to65,120,18.73222042713165
LFP,DST,25.0,1,LFP_25C_DST.csv,3858,48.51394,35to65,300,16.259325019805907
LFP,DST,25.0,1,LFP_25C_DST.csv,3858,48.51394,35to65,600,10.69185689303589
LFP,DST,25.0,1,LFP_25C_DST.csv,3858,48.51394,35to65,900,5.602327443344116
LFP,DST,25.0,1,LFP_25C_DST.csv,3858,48.51394,35to65,1200,2.7558154772186256
LFP,DST,25.0,1,LFP_25C_DST.csv,3858,48.51394,35to65,1800,0.40645926538467236
LFP,DST,25.0,1,LFP_25C_DST.csv,3858,48.51394,35to65,2400,0.35462249290084813
LFP,DST,25.0,1,LFP_25C_DST.csv,6113,18.872067,le35,0,
LFP,DST,25.0,1,LFP_25C_DST.csv,6113,18.872067,le35,30,
LFP,DST,25.0,1,LFP_25C_DST.csv,6113,18.872067,le35,60,1.855781764652253
LFP,DST,25.0,1,LFP_25C_DST.csv,6113,18.872067,le35,120,1.8025053790893573
LFP,DST,25.0,1,LFP_25C_DST.csv,6113,18.872067,le35,300,1.4685321345214835
LFP,DST,25.0,1,LFP_25C_DST.csv,6113,18.872067,le35,600,0.5153268225498202
LFP,DST,25.0,1,LFP_25C_DST.csv,6113,18.872067,le35,900,0.2508201063385007
LFP,DST,25.0,1,LFP_25C_DST.csv,6113,18.872067,le35,1200,0.2033375568017961
LFP,DST,25.0,1,LFP_25C_DST.csv,6113,18.872067,le35,1800,
LFP,DST,25.0,1,LFP_25C_DST.csv,6113,18.872067,le35,2400,
LFP,DST,25.0,1,LFP_25C_DST.csv,6157,18.606138,le35,0,
LFP,DST,25.0,1,LFP_25C_DST.csv,6157,18.606138,le35,30,
LFP,DST,25.0,1,LFP_25C_DST.csv,6157,18.606138,le35,60,3.3739384071884153
LFP,DST,25.0,1,LFP_25C_DST.csv,6157,18.606138,le35,120,3.10970984349823
LFP,DST,25.0,1,LFP_25C_DST.csv,6157,18.606138,le35,300,1.7225398910865781
LFP,DST,25.0,1,LFP_25C_DST.csv,6157,18.606138,le35,600,0.48395784996414193
LFP,DST,25.0,1,LFP_25C_DST.csv,6157,18.606138,le35,900,0.3786139517723077
LFP,DST,25.0,1,LFP_25C_DST.csv,6157,18.606138,le35,1200,0.040739916649723096
LFP,DST,25.0,1,LFP_25C_DST.csv,6157,18.606138,le35,1800,
LFP,DST,25.0,1,LFP_25C_DST.csv,6157,18.606138,le35,2400,
LFP,DST,25.0,1,LFP_25C_DST.csv,6752,9.560572,le35,0,
LFP,DST,25.0,1,LFP_25C_DST.csv,6752,9.560572,le35,30,
LFP,DST,25.0,1,LFP_25C_DST.csv,6752,9.560572,le35,60,4.280217415283204
LFP,DST,25.0,1,LFP_25C_DST.csv,6752,9.560572,le35,120,3.362189253152847
LFP,DST,25.0,1,LFP_25C_DST.csv,6752,9.560572,le35,300,2.796535478543281
LFP,DST,25.0,1,LFP_25C_DST.csv,6752,9.560572,le35,600,0.3018142552304268
LFP,DST,25.0,1,LFP_25C_DST.csv,6752,9.560572,le35,900,
LFP,DST,25.0,1,LFP_25C_DST.csv,6752,9.560572,le35,1200,
LFP,DST,25.0,1,LFP_25C_DST.csv,6752,9.560572,le35,1800,
LFP,DST,25.0,1,LFP_25C_DST.csv,6752,9.560572,le35,2400,
LFP,DST,25.0,2,LFP_25C_DST.csv,810,89.7675,gt65,0,
LFP,DST,25.0,2,LFP_25C_DST.csv,810,89.7675,gt65,30,
LFP,DST,25.0,2,LFP_25C_DST.csv,810,89.7675,gt65,60,9.619877071228018
LFP,DST,25.0,2,LFP_25C_DST.csv,810,89.7675,gt65,120,9.096729831237795
LFP,DST,25.0,2,LFP_25C_DST.csv,810,89.7675,gt65,300,7.7319444434356654
LFP,DST,25.0,2,LFP_25C_DST.csv,810,89.7675,gt65,600,5.265366813201894
LFP,DST,25.0,2,LFP_25C_DST.csv,810,89.7675,gt65,900,3.6857745790862992
LFP,DST,25.0,2,LFP_25C_DST.csv,810,89.7675,gt65,1200,2.1508630551147547
LFP,DST,25.0,2,LFP_25C_DST.csv,810,89.7675,gt65,1800,3.4326433325653056
LFP,DST,25.0,2,LFP_25C_DST.csv,810,89.7675,gt65,2400,3.202601756744386
LFP,DST,25.0,2,LFP_25C_DST.csv,1260,83.78219999999999,gt65,0,
LFP,DST,25.0,2,LFP_25C_DST.csv,1260,83.78219999999999,gt65,30,
LFP,DST,25.0,2,LFP_25C_DST.csv,1260,83.78219999999999,gt65,60,9.619474652023314
LFP,DST,25.0,2,LFP_25C_DST.csv,1260,83.78219999999999,gt65,120,8.128875452041626
LFP,DST,25.0,2,LFP_25C_DST.csv,1260,83.78219999999999,gt65,300,6.194296572723388
LFP,DST,25.0,2,LFP_25C_DST.csv,1260,83.78219999999999,gt65,600,4.072463468643178
LFP,DST,25.0,2,LFP_25C_DST.csv,1260,83.78219999999999,gt65,900,3.576486504135133
LFP,DST,25.0,2,LFP_25C_DST.csv,1260,83.78219999999999,gt65,1200,4.031729007186897
LFP,DST,25.0,2,LFP_25C_DST.csv,1260,83.78219999999999,gt65,1800,4.910530100631718
LFP,DST,25.0,2,LFP_25C_DST.csv,1260,83.78219999999999,gt65,2400,2.9177903083190913
LFP,DST,25.0,2,LFP_25C_DST.csv,2010,74.24195,gt65,0,
LFP,DST,25.0,2,LFP_25C_DST.csv,2010,74.24195,gt65,30,
LFP,DST,25.0,2,LFP_25C_DST.csv,2010,74.24195,gt65,60,7.164743573684689
LFP,DST,25.0,2,LFP_25C_DST.csv,2010,74.24195,gt65,120,6.465868354949961
LFP,DST,25.0,2,LFP_25C_DST.csv,2010,74.24195,gt65,300,6.888781279373163
LFP,DST,25.0,2,LFP_25C_DST.csv,2010,74.24195,gt65,600,6.9708336782073985
LFP,DST,25.0,2,LFP_25C_DST.csv,2010,74.24195,gt65,900,6.595233534698487
LFP,DST,25.0,2,LFP_25C_DST.csv,2010,74.24195,gt65,1200,5.570125168151854
LFP,DST,25.0,2,LFP_25C_DST.csv,2010,74.24195,gt65,1800,3.5419106112670846
LFP,DST,25.0,2,LFP_25C_DST.csv,2010,74.24195,gt65,2400,1.000904303627017
LFP,DST,25.0,2,LFP_25C_DST.csv,3558,52.25873599999999,35to65,0,
LFP,DST,25.0,2,LFP_25C_DST.csv,3558,52.25873599999999,35to65,30,
LFP,DST,25.0,2,LFP_25C_DST.csv,3558,52.25873599999999,35to65,60,5.42126779876709
LFP,DST,25.0,2,LFP_25C_DST.csv,3558,52.25873599999999,35to65,120,5.095452556571956
LFP,DST,25.0,2,LFP_25C_DST.csv,3558,52.25873599999999,35to65,300,3.5858035320663433
LFP,DST,25.0,2,LFP_25C_DST.csv,3558,52.25873599999999,35to65,600,1.8200670008773798
LFP,DST,25.0,2,LFP_25C_DST.csv,3558,52.25873599999999,35to65,900,0.8050765445861785
LFP,DST,25.0,2,LFP_25C_DST.csv,3558,52.25873599999999,35to65,1200,0.23774550078582735
LFP,DST,25.0,2,LFP_25C_DST.csv,3558,52.25873599999999,35to65,1800,0.4353302385330231
LFP,DST,25.0,2,LFP_25C_DST.csv,3558,52.25873599999999,35to65,2400,0.15526115428543008
LFP,DST,25.0,2,LFP_25C_DST.csv,3747,50.928174999999996,35to65,0,
LFP,DST,25.0,2,LFP_25C_DST.csv,3747,50.928174999999996,35to65,30,
LFP,DST,25.0,2,LFP_25C_DST.csv,3747,50.928174999999996,35to65,60,8.892434745834358
LFP,DST,25.0,2,LFP_25C_DST.csv,3747,50.928174999999996,35to65,120,7.17718939566803
LFP,DST,25.0,2,LFP_25C_DST.csv,3747,50.928174999999996,35to65,300,5.9262575600509635
LFP,DST,25.0,2,LFP_25C_DST.csv,3747,50.928174999999996,35to65,600,3.4935680007934593
LFP,DST,25.0,2,LFP_25C_DST.csv,3747,50.928174999999996,35to65,900,1.6470794705657923
LFP,DST,25.0,2,LFP_25C_DST.csv,3747,50.928174999999996,35to65,1200,0.17669752914428472
LFP,DST,25.0,2,LFP_25C_DST.csv,3747,50.928174999999996,35to65,1800,0.14483974258422805
LFP,DST,25.0,2,LFP_25C_DST.csv,3747,50.928174999999996,35to65,2400,0.5618502504386882
LFP,DST,25.0,2,LFP_25C_DST.csv,3858,48.51394,35to65,0,
LFP,DST,25.0,2,LFP_25C_DST.csv,3858,48.51394,35to65,30,
LFP,DST,25.0,2,LFP_25C_DST.csv,3858,48.51394,35to65,60,20.826381785255435
LFP,DST,25.0,2,LFP_25C_DST.csv,3858,48.51394,35to65,120,20.76854159030914
LFP,DST,25.0,2,LFP_25C_DST.csv,3858,48.51394,35to65,300,19.102186433761595
LFP,DST,25.0,2,LFP_25C_DST.csv,3858,48.51394,35to65,600,14.118733557197572
LFP,DST,25.0,2,LFP_25C_DST.csv,3858,48.51394,35to65,900,8.636495925170898
LFP,DST,25.0,2,LFP_25C_DST.csv,3858,48.51394,35to65,1200,3.9672351787948585
LFP,DST,25.0,2,LFP_25C_DST.csv,3858,48.51394,35to65,1800,0.40651737991332837
LFP,DST,25.0,2,LFP_25C_DST.csv,3858,48.51394,35to65,2400,0.17951447736358617
LFP,DST,25.0,2,LFP_25C_DST.csv,6113,18.872067,le35,0,
LFP,DST,25.0,2,LFP_25C_DST.csv,6113,18.872067,le35,30,
LFP,DST,25.0,2,LFP_25C_DST.csv,6113,18.872067,le35,60,2.1021516033668526
LFP,DST,25.0,2,LFP_25C_DST.csv,6113,18.872067,le35,120,1.863686566719057
LFP,DST,25.0,2,LFP_25C_DST.csv,6113,18.872067,le35,300,0.896817792881011
LFP,DST,25.0,2,LFP_25C_DST.csv,6113,18.872067,le35,600,0.24128999784660365
LFP,DST,25.0,2,LFP_25C_DST.csv,6113,18.872067,le35,900,0.22241327769660924
LFP,DST,25.0,2,LFP_25C_DST.csv,6113,18.872067,le35,1200,0.21849986084556594
LFP,DST,25.0,2,LFP_25C_DST.csv,6113,18.872067,le35,1800,
LFP,DST,25.0,2,LFP_25C_DST.csv,6113,18.872067,le35,2400,
LFP,DST,25.0,2,LFP_25C_DST.csv,6157,18.606138,le35,0,
LFP,DST,25.0,2,LFP_25C_DST.csv,6157,18.606138,le35,30,
LFP,DST,25.0,2,LFP_25C_DST.csv,6157,18.606138,le35,60,3.463917578941345
LFP,DST,25.0,2,LFP_25C_DST.csv,6157,18.606138,le35,120,3.069560154777527
LFP,DST,25.0,2,LFP_25C_DST.csv,6157,18.606138,le35,300,1.0806068075523374
LFP,DST,25.0,2,LFP_25C_DST.csv,6157,18.606138,le35,600,0.21426436997985832
LFP,DST,25.0,2,LFP_25C_DST.csv,6157,18.606138,le35,900,0.22831189927444395
LFP,DST,25.0,2,LFP_25C_DST.csv,6157,18.606138,le35,1200,0.02776417174663548
LFP,DST,25.0,2,LFP_25C_DST.csv,6157,18.606138,le35,1800,
LFP,DST,25.0,2,LFP_25C_DST.csv,6157,18.606138,le35,2400,
LFP,DST,25.0,2,LFP_25C_DST.csv,6752,9.560572,le35,0,
LFP,DST,25.0,2,LFP_25C_DST.csv,6752,9.560572,le35,30,
LFP,DST,25.0,2,LFP_25C_DST.csv,6752,9.560572,le35,60,3.477939269135476
LFP,DST,25.0,2,LFP_25C_DST.csv,6752,9.560572,le35,120,2.019520123781204
LFP,DST,25.0,2,LFP_25C_DST.csv,6752,9.560572,le35,300,2.4369037762393946
LFP,DST,25.0,2,LFP_25C_DST.csv,6752,9.560572,le35,600,0.19264669258117673
LFP,DST,25.0,2,LFP_25C_DST.csv,6752,9.560572,le35,900,
LFP,DST,25.0,2,LFP_25C_DST.csv,6752,9.560572,le35,1200,
LFP,DST,25.0,2,LFP_25C_DST.csv,6752,9.560572,le35,1800,
LFP,DST,25.0,2,LFP_25C_DST.csv,6752,9.560572,le35,2400,
LFP,DST,30.0,0,LFP_30C_DST.csv,1275,84.01098999999999,gt65,0,
LFP,DST,30.0,0,LFP_30C_DST.csv,1275,84.01098999999999,gt65,30,
LFP,DST,30.0,0,LFP_30C_DST.csv,1275,84.01098999999999,gt65,60,8.262449803863518
LFP,DST,30.0,0,LFP_30C_DST.csv,1275,84.01098999999999,gt65,120,6.418085428344725
LFP,DST,30.0,0,LFP_30C_DST.csv,1275,84.01098999999999,gt65,300,4.907423227828971
LFP,DST,30.0,0,LFP_30C_DST.csv,1275,84.01098999999999,gt65,600,3.1057654340362575
LFP,DST,30.0,0,LFP_30C_DST.csv,1275,84.01098999999999,gt65,900,1.9451500355682327
LFP,DST,30.0,0,LFP_30C_DST.csv,1275,84.01098999999999,gt65,1200,2.331508284378046
LFP,DST,30.0,0,LFP_30C_DST.csv,1275,84.01098999999999,gt65,1800,3.370123788803106
LFP,DST,30.0,0,LFP_30C_DST.csv,1275,84.01098999999999,gt65,2400,2.212344946136483
LFP,DST,30.0,0,LFP_30C_DST.csv,1303,83.76154,gt65,0,
LFP,DST,30.0,0,LFP_30C_DST.csv,1303,83.76154,gt65,30,
LFP,DST,30.0,0,LFP_30C_DST.csv,1303,83.76154,gt65,60,7.3115221543884275
LFP,DST,30.0,0,LFP_30C_DST.csv,1303,83.76154,gt65,120,6.557284541397095
LFP,DST,30.0,0,LFP_30C_DST.csv,1303,83.76154,gt65,300,5.159986819076536
LFP,DST,30.0,0,LFP_30C_DST.csv,1303,83.76154,gt65,600,3.3070865825653044
LFP,DST,30.0,0,LFP_30C_DST.csv,1303,83.76154,gt65,900,2.902829852890008
LFP,DST,30.0,0,LFP_30C_DST.csv,1303,83.76154,gt65,1200,2.9557861319732694
LFP,DST,30.0,0,LFP_30C_DST.csv,1303,83.76154,gt65,1800,3.792030706024171
LFP,DST,30.0,0,LFP_30C_DST.csv,1303,83.76154,gt65,2400,2.4849478541412395
LFP,DST,30.0,0,LFP_30C_DST.csv,2665,65.570176,gt65,0,
LFP,DST,30.0,0,LFP_30C_DST.csv,2665,65.570176,gt65,30,
LFP,DST,30.0,0,LFP_30C_DST.csv,2665,65.570176,gt65,60,15.93208056226348
LFP,DST,30.0,0,LFP_30C_DST.csv,2665,65.570176,gt65,120,15.30914659431457
LFP,DST,30.0,0,LFP_30C_DST.csv,2665,65.570176,gt65,300,13.028710928894036
LFP,DST,30.0,0,LFP_30C_DST.csv,2665,65.570176,gt65,600,10.237741955062859
LFP,DST,30.0,0,LFP_30C_DST.csv,2665,65.570176,gt65,900,8.759743106727605
LFP,DST,30.0,0,LFP_30C_DST.csv,2665,65.570176,gt65,1200,6.142056107139588
LFP,DST,30.0,0,LFP_30C_DST.csv,2665,65.570176,gt65,1800,2.8018112036895744
LFP,DST,30.0,0,LFP_30C_DST.csv,2665,65.570176,gt65,2400,0.3446395431899987
LFP,DST,30.0,0,LFP_30C_DST.csv,3313,56.875175,35to65,0,
LFP,DST,30.0,0,LFP_30C_DST.csv,3313,56.875175,35to65,30,
LFP,DST,30.0,0,LFP_30C_DST.csv,3313,56.875175,35to65,60,6.147797311782831
LFP,DST,30.0,0,LFP_30C_DST.csv,3313,56.875175,35to65,120,5.81590795575714
LFP,DST,30.0,0,LFP_30C_DST.csv,3313,56.875175,35to65,300,4.280203392608641
LFP,DST,30.0,0,LFP_30C_DST.csv,3313,56.875175,35to65,600,4.25651097859955
LFP,DST,30.0,0,LFP_30C_DST.csv,3313,56.875175,35to65,900,2.0802352810287488
LFP,DST,30.0,0,LFP_30C_DST.csv,3313,56.875175,35to65,1200,1.3231536043167154
LFP,DST,30.0,0,LFP_30C_DST.csv,3313,56.875175,35to65,1800,0.39827226888274936
LFP,DST,30.0,0,LFP_30C_DST.csv,3313,56.875175,35to65,2400,0.027723788303372743
LFP,DST,30.0,0,LFP_30C_DST.csv,3435,55.630919999999996,35to65,0,
LFP,DST,30.0,0,LFP_30C_DST.csv,3435,55.630919999999996,35to65,30,
LFP,DST,30.0,0,LFP_30C_DST.csv,3435,55.630919999999996,35to65,60,7.04915476226806
LFP,DST,30.0,0,LFP_30C_DST.csv,3435,55.630919999999996,35to65,120,7.549485931541447
LFP,DST,30.0,0,LFP_30C_DST.csv,3435,55.630919999999996,35to65,300,5.262815503906246
LFP,DST,30.0,0,LFP_30C_DST.csv,3435,55.630919999999996,35to65,600,3.314975290603641
LFP,DST,30.0,0,LFP_30C_DST.csv,3435,55.630919999999996,35to65,900,1.9606113538436887
LFP,DST,30.0,0,LFP_30C_DST.csv,3435,55.630919999999996,35to65,1200,0.9351824549865739
LFP,DST,30.0,0,LFP_30C_DST.csv,3435,55.630919999999996,35to65,1800,0.23252781433105696
LFP,DST,30.0,0,LFP_30C_DST.csv,3435,55.630919999999996,35to65,2400,0.5072793447875981
LFP,DST,30.0,0,LFP_30C_DST.csv,4229,43.54005,35to65,0,
LFP,DST,30.0,0,LFP_30C_DST.csv,4229,43.54005,35to65,30,
LFP,DST,30.0,0,LFP_30C_DST.csv,4229,43.54005,35to65,60,19.910991387767787
LFP,DST,30.0,0,LFP_30C_DST.csv,4229,43.54005,35to65,120,18.112789368648528
LFP,DST,30.0,0,LFP_30C_DST.csv,4229,43.54005,35to65,300,15.703883965805055
LFP,DST,30.0,0,LFP_30C_DST.csv,4229,43.54005,35to65,600,10.151915898094174
LFP,DST,30.0,0,LFP_30C_DST.csv,4229,43.54005,35to65,900,5.53858015949249
LFP,DST,30.0,0,LFP_30C_DST.csv,4229,43.54005,35to65,1200,2.5238160023498537
LFP,DST,30.0,0,LFP_30C_DST.csv,4229,43.54005,35to65,1800,1.1900201693687436
LFP,DST,30.0,0,LFP_30C_DST.csv,4229,43.54005,35to65,2400,0.03794593524169798
LFP,DST,30.0,0,LFP_30C_DST.csv,5650,25.795448,le35,0,
LFP,DST,30.0,0,LFP_30C_DST.csv,5650,25.795448,le35,30,
LFP,DST,30.0,0,LFP_30C_DST.csv,5650,25.795448,le35,60,11.236781396751404
LFP,DST,30.0,0,LFP_30C_DST.csv,5650,25.795448,le35,120,8.968122099601747
LFP,DST,30.0,0,LFP_30C_DST.csv,5650,25.795448,le35,300,7.2024467532691965
LFP,DST,30.0,0,LFP_30C_DST.csv,5650,25.795448,le35,600,3.7064137855949397
LFP,DST,30.0,0,LFP_30C_DST.csv,5650,25.795448,le35,900,1.6689327195739736
LFP,DST,30.0,0,LFP_30C_DST.csv,5650,25.795448,le35,1200,0.9084629503631589
LFP,DST,30.0,0,LFP_30C_DST.csv,5650,25.795448,le35,1800,
LFP,DST,30.0,0,LFP_30C_DST.csv,5650,25.795448,le35,2400,
LFP,DST,30.0,0,LFP_30C_DST.csv,5976,22.344695,le35,0,
LFP,DST,30.0,0,LFP_30C_DST.csv,5976,22.344695,le35,30,
LFP,DST,30.0,0,LFP_30C_DST.csv,5976,22.344695,le35,60,3.544357892906188
LFP,DST,30.0,0,LFP_30C_DST.csv,5976,22.344695,le35,120,3.420569412471771
LFP,DST,30.0,0,LFP_30C_DST.csv,5976,22.344695,le35,300,2.191999398323059
LFP,DST,30.0,0,LFP_30C_DST.csv,5976,22.344695,le35,600,0.938839990619659
LFP,DST,30.0,0,LFP_30C_DST.csv,5976,22.344695,le35,900,0.5971135351791368
LFP,DST,30.0,0,LFP_30C_DST.csv,5976,22.344695,le35,1200,0.2846851837949753
LFP,DST,30.0,0,LFP_30C_DST.csv,5976,22.344695,le35,1800,
LFP,DST,30.0,0,LFP_30C_DST.csv,5976,22.344695,le35,2400,
LFP,DST,30.0,0,LFP_30C_DST.csv,6856,10.101994,le35,0,
LFP,DST,30.0,0,LFP_30C_DST.csv,6856,10.101994,le35,30,
LFP,DST,30.0,0,LFP_30C_DST.csv,6856,10.101994,le35,60,2.7595638023166646
LFP,DST,30.0,0,LFP_30C_DST.csv,6856,10.101994,le35,120,2.4485862827568052
LFP,DST,30.0,0,LFP_30C_DST.csv,6856,10.101994,le35,300,0.4224210763536451
LFP,DST,30.0,0,LFP_30C_DST.csv,6856,10.101994,le35,600,
LFP,DST,30.0,0,LFP_30C_DST.csv,6856,10.101994,le35,900,
LFP,DST,30.0,0,LFP_30C_DST.csv,6856,10.101994,le35,1200,
LFP,DST,30.0,0,LFP_30C_DST.csv,6856,10.101994,le35,1800,
LFP,DST,30.0,0,LFP_30C_DST.csv,6856,10.101994,le35,2400,
LFP,DST,30.0,1,LFP_30C_DST.csv,1275,84.01098999999999,gt65,0,
LFP,DST,30.0,1,LFP_30C_DST.csv,1275,84.01098999999999,gt65,30,
LFP,DST,30.0,1,LFP_30C_DST.csv,1275,84.01098999999999,gt65,60,7.260942760025017
LFP,DST,30.0,1,LFP_30C_DST.csv,1275,84.01098999999999,gt65,120,6.373131605255125
LFP,DST,30.0,1,LFP_30C_DST.csv,1275,84.01098999999999,gt65,300,3.6615252194824137
LFP,DST,30.0,1,LFP_30C_DST.csv,1275,84.01098999999999,gt65,600,2.0934997518157985
LFP,DST,30.0,1,LFP_30C_DST.csv,1275,84.01098999999999,gt65,900,1.2929083287200882
LFP,DST,30.0,1,LFP_30C_DST.csv,1275,84.01098999999999,gt65,1200,1.9501577671050967
LFP,DST,30.0,1,LFP_30C_DST.csv,1275,84.01098999999999,gt65,1800,2.9281911105804497
LFP,DST,30.0,1,LFP_30C_DST.csv,1275,84.01098999999999,gt65,2400,1.8284254686737142
LFP,DST,30.0,1,LFP_30C_DST.csv,1303,83.76154,gt65,0,
LFP,DST,30.0,1,LFP_30C_DST.csv,1303,83.76154,gt65,30,
LFP,DST,30.0,1,LFP_30C_DST.csv,1303,83.76154,gt65,60,6.121318726119995
LFP,DST,30.0,1,LFP_30C_DST.csv,1303,83.76154,gt65,120,5.329333491592408
LFP,DST,30.0,1,LFP_30C_DST.csv,1303,83.76154,gt65,300,3.996480311203001
LFP,DST,30.0,1,LFP_30C_DST.csv,1303,83.76154,gt65,600,1.9441012100219695
LFP,DST,30.0,1,LFP_30C_DST.csv,1303,83.76154,gt65,900,1.451951471160882
LFP,DST,30.0,1,LFP_30C_DST.csv,1303,83.76154,gt65,1200,2.096978568191531
LFP,DST,30.0,1,LFP_30C_DST.csv,1303,83.76154,gt65,1800,2.9354106327056897
LFP,DST,30.0,1,LFP_30C_DST.csv,1303,83.76154,gt65,2400,1.9124750433960003
LFP,DST,30.0,1,LFP_30C_DST.csv,2665,65.570176,gt65,0,
LFP,DST,30.0,1,LFP_30C_DST.csv,2665,65.570176,gt65,30,
LFP,DST,30.0,1,LFP_30C_DST.csv,2665,65.570176,gt65,60,14.531511480957022
LFP,DST,30.0,1,LFP_30C_DST.csv,2665,65.570176,gt65,120,14.244172524719232
LFP,DST,30.0,1,LFP_30C_DST.csv,2665,65.570176,gt65,300,11.81574746701812
LFP,DST,30.0,1,LFP_30C_DST.csv,2665,65.570176,gt65,600,8.985686786911003
LFP,DST,30.0,1,LFP_30C_DST.csv,2665,65.570176,gt65,900,6.82498825824738
LFP,DST,30.0,1,LFP_30C_DST.csv,2665,65.570176,gt65,1200,4.907232641792298
LFP,DST,30.0,1,LFP_30C_DST.csv,2665,65.570176,gt65,1800,1.2265081259918205
LFP,DST,30.0,1,LFP_30C_DST.csv,2665,65.570176,gt65,2400,0.6383265291595421
LFP,DST,30.0,1,LFP_30C_DST.csv,3313,56.875175,35to65,0,
LFP,DST,30.0,1,LFP_30C_DST.csv,3313,56.875175,35to65,30,
LFP,DST,30.0,1,LFP_30C_DST.csv,3313,56.875175,35to65,60,4.9227728500366155
LFP,DST,30.0,1,LFP_30C_DST.csv,3313,56.875175,35to65,120,4.7238286739501945
LFP,DST,30.0,1,LFP_30C_DST.csv,3313,56.875175,35to65,300,3.6295531297759993
LFP,DST,30.0,1,LFP_30C_DST.csv,3313,56.875175,35to65,600,2.1733226832351704
LFP,DST,30.0,1,LFP_30C_DST.csv,3313,56.875175,35to65,900,1.178554096260072
LFP,DST,30.0,1,LFP_30C_DST.csv,3313,56.875175,35to65,1200,0.41040383701324856
LFP,DST,30.0,1,LFP_30C_DST.csv,3313,56.875175,35to65,1800,0.7182001997146585
LFP,DST,30.0,1,LFP_30C_DST.csv,3313,56.875175,35to65,2400,0.14440548511123907
LFP,DST,30.0,1,LFP_30C_DST.csv,3435,55.630919999999996,35to65,0,
LFP,DST,30.0,1,LFP_30C_DST.csv,3435,55.630919999999996,35to65,30,
LFP,DST,30.0,1,LFP_30C_DST.csv,3435,55.630919999999996,35to65,60,6.306790832519525
LFP,DST,30.0,1,LFP_30C_DST.csv,3435,55.630919999999996,35to65,120,5.112126836921696
LFP,DST,30.0,1,LFP_30C_DST.csv,3435,55.630919999999996,35to65,300,4.273083357643124
LFP,DST,30.0,1,LFP_30C_DST.csv,3435,55.630919999999996,35to65,600,2.4147395184707676
LFP,DST,30.0,1,LFP_30C_DST.csv,3435,55.630919999999996,35to65,900,1.1153817281417844
LFP,DST,30.0,1,LFP_30C_DST.csv,3435,55.630919999999996,35to65,1200,0.6685887602996843
LFP,DST,30.0,1,LFP_30C_DST.csv,3435,55.630919999999996,35to65,1800,0.3762495140457176
LFP,DST,30.0,1,LFP_30C_DST.csv,3435,55.630919999999996,35to65,2400,0.5272916042709355
LFP,DST,30.0,1,LFP_30C_DST.csv,4229,43.54005,35to65,0,
LFP,DST,30.0,1,LFP_30C_DST.csv,4229,43.54005,35to65,30,
LFP,DST,30.0,1,LFP_30C_DST.csv,4229,43.54005,35to65,60,18.3853210977745
LFP,DST,30.0,1,LFP_30C_DST.csv,4229,43.54005,35to65,120,15.663135325927733
LFP,DST,30.0,1,LFP_30C_DST.csv,4229,43.54005,35to65,300,13.170567353561403
LFP,DST,30.0,1,LFP_30C_DST.csv,4229,43.54005,35to65,600,7.7629378936386075
LFP,DST,30.0,1,LFP_30C_DST.csv,4229,43.54005,35to65,900,3.796804289169309
LFP,DST,30.0,1,LFP_30C_DST.csv,4229,43.54005,35to65,1200,1.651552690010071
LFP,DST,30.0,1,LFP_30C_DST.csv,4229,43.54005,35to65,1800,0.2566084519538876
LFP,DST,30.0,1,LFP_30C_DST.csv,4229,43.54005,35to65,2400,0.05166245412063475
LFP,DST,30.0,1,LFP_30C_DST.csv,5650,25.795448,le35,0,
LFP,DST,30.0,1,LFP_30C_DST.csv,5650,25.795448,le35,30,
LFP,DST,30.0,1,LFP_30C_DST.csv,5650,25.795448,le35,60,10.205789425258637
LFP,DST,30.0,1,LFP_30C_DST.csv,5650,25.795448,le35,120,8.373980020248414
LFP,DST,30.0,1,LFP_30C_DST.csv,5650,25.795448,le35,300,5.755411381011964
LFP,DST,30.0,1,LFP_30C_DST.csv,5650,25.795448,le35,600,2.6073071161689754
LFP,DST,30.0,1,LFP_30C_DST.csv,5650,25.795448,le35,900,1.1338588431930532
LFP,DST,30.0,1,LFP_30C_DST.csv,5650,25.795448,le35,1200,0.01889219008445764
LFP,DST,30.0,1,LFP_30C_DST.csv,5650,25.795448,le35,1800,
LFP,DST,30.0,1,LFP_30C_DST.csv,5650,25.795448,le35,2400,
LFP,DST,30.0,1,LFP_30C_DST.csv,5976,22.344695,le35,0,
LFP,DST,30.0,1,LFP_30C_DST.csv,5976,22.344695,le35,30,
LFP,DST,30.0,1,LFP_30C_DST.csv,5976,22.344695,le35,60,2.740449187194823
LFP,DST,30.0,1,LFP_30C_DST.csv,5976,22.344695,le35,120,2.049749009372711
LFP,DST,30.0,1,LFP_30C_DST.csv,5976,22.344695,le35,300,1.431147597881317
LFP,DST,30.0,1,LFP_30C_DST.csv,5976,22.344695,le35,600,0.6251064724960322
LFP,DST,30.0,1,LFP_30C_DST.csv,5976,22.344695,le35,900,0.30658410526656965
LFP,DST,30.0,1,LFP_30C_DST.csv,5976,22.344695,le35,1200,0.4203639817552567
LFP,DST,30.0,1,LFP_30C_DST.csv,5976,22.344695,le35,1800,
LFP,DST,30.0,1,LFP_30C_DST.csv,5976,22.344695,le35,2400,
LFP,DST,30.0,1,LFP_30C_DST.csv,6856,10.101994,le35,0,
LFP,DST,30.0,1,LFP_30C_DST.csv,6856,10.101994,le35,30,
LFP,DST,30.0,1,LFP_30C_DST.csv,6856,10.101994,le35,60,2.519515781238555
LFP,DST,30.0,1,LFP_30C_DST.csv,6856,10.101994,le35,120,2.555606422451019
LFP,DST,30.0,1,LFP_30C_DST.csv,6856,10.101994,le35,300,0.33646149283275584
LFP,DST,30.0,1,LFP_30C_DST.csv,6856,10.101994,le35,600,
LFP,DST,30.0,1,LFP_30C_DST.csv,6856,10.101994,le35,900,
LFP,DST,30.0,1,LFP_30C_DST.csv,6856,10.101994,le35,1200,
LFP,DST,30.0,1,LFP_30C_DST.csv,6856,10.101994,le35,1800,
LFP,DST,30.0,1,LFP_30C_DST.csv,6856,10.101994,le35,2400,
LFP,DST,30.0,2,LFP_30C_DST.csv,1275,84.01098999999999,gt65,0,
LFP,DST,30.0,2,LFP_30C_DST.csv,1275,84.01098999999999,gt65,30,
LFP,DST,30.0,2,LFP_30C_DST.csv,1275,84.01098999999999,gt65,60,5.941140952621453
LFP,DST,30.0,2,LFP_30C_DST.csv,1275,84.01098999999999,gt65,120,4.713869424926756
LFP,DST,30.0,2,LFP_30C_DST.csv,1275,84.01098999999999,gt65,300,3.3154785333099284
LFP,DST,30.0,2,LFP_30C_DST.csv,1275,84.01098999999999,gt65,600,1.9825516660308864
LFP,DST,30.0,2,LFP_30C_DST.csv,1275,84.01098999999999,gt65,900,1.6312958180389359
LFP,DST,30.0,2,LFP_30C_DST.csv,1275,84.01098999999999,gt65,1200,2.1667550857543887
LFP,DST,30.0,2,LFP_30C_DST.csv,1275,84.01098999999999,gt65,1800,3.4823235721283012
LFP,DST,30.0,2,LFP_30C_DST.csv,1275,84.01098999999999,gt65,2400,2.491100968589791
LFP,DST,30.0,2,LFP_30C_DST.csv,1303,83.76154,gt65,0,
LFP,DST,30.0,2,LFP_30C_DST.csv,1303,83.76154,gt65,30,
LFP,DST,30.0,2,LFP_30C_DST.csv,1303,83.76154,gt65,60,5.5910162015533444
LFP,DST,30.0,2,LFP_30C_DST.csv,1303,83.76154,gt65,120,5.4632412865448
LFP,DST,30.0,2,LFP_30C_DST.csv,1303,83.76154,gt65,300,3.6254294765472395
LFP,DST,30.0,2,LFP_30C_DST.csv,1303,83.76154,gt65,600,1.9845787242889372
LFP,DST,30.0,2,LFP_30C_DST.csv,1303,83.76154,gt65,900,1.8722357424011165
LFP,DST,30.0,2,LFP_30C_DST.csv,1303,83.76154,gt65,1200,2.430448674316409
LFP,DST,30.0,2,LFP_30C_DST.csv,1303,83.76154,gt65,1800,3.6452542682647717
LFP,DST,30.0,2,LFP_30C_DST.csv,1303,83.76154,gt65,2400,2.59795826063538
LFP,DST,30.0,2,LFP_30C_DST.csv,2665,65.570176,gt65,0,
LFP,DST,30.0,2,LFP_30C_DST.csv,2665,65.570176,gt65,30,
LFP,DST,30.0,2,LFP_30C_DST.csv,2665,65.570176,gt65,60,15.988523180633536
LFP,DST,30.0,2,LFP_30C_DST.csv,2665,65.570176,gt65,120,14.562658023147577
LFP,DST,30.0,2,LFP_30C_DST.csv,2665,65.570176,gt65,300,12.991091457344048
LFP,DST,30.0,2,LFP_30C_DST.csv,2665,65.570176,gt65,600,10.136664398452751
LFP,DST,30.0,2,LFP_30C_DST.csv,2665,65.570176,gt65,900,7.951206100349431
LFP,DST,30.0,2,LFP_30C_DST.csv,2665,65.570176,gt65,1200,5.146339654541016
LFP,DST,30.0,2,LFP_30C_DST.csv,2665,65.570176,gt65,1800,2.474477395744323
LFP,DST,30.0,2,LFP_30C_DST.csv,2665,65.570176,gt65,2400,0.3777082001113854
LFP,DST,30.0,2,LFP_30C_DST.csv,3313,56.875175,35to65,0,
LFP,DST,30.0,2,LFP_30C_DST.csv,3313,56.875175,35to65,30,
LFP,DST,30.0,2,LFP_30C_DST.csv,3313,56.875175,35to65,60,6.352917756080622
LFP,DST,30.0,2,LFP_30C_DST.csv,3313,56.875175,35to65,120,6.230717540374755
LFP,DST,30.0,2,LFP_30C_DST.csv,3313,56.875175,35to65,300,4.63978033314514
LFP,DST,30.0,2,LFP_30C_DST.csv,3313,56.875175,35to65,600,2.732560282608034
LFP,DST,30.0,2,LFP_30C_DST.csv,3313,56.875175,35to65,900,1.4903579140090955
LFP,DST,30.0,2,LFP_30C_DST.csv,3313,56.875175,35to65,1200,1.2526293886184732
LFP,DST,30.0,2,LFP_30C_DST.csv,3313,56.875175,35to65,1800,0.028583414443971833
LFP,DST,30.0,2,LFP_30C_DST.csv,3313,56.875175,35to65,2400,0.2423910507736231
LFP,DST,30.0,2,LFP_30C_DST.csv,3435,55.630919999999996,35to65,0,
LFP,DST,30.0,2,LFP_30C_DST.csv,3435,55.630919999999996,35to65,30,
LFP,DST,30.0,2,LFP_30C_DST.csv,3435,55.630919999999996,35to65,60,6.755184654235833
LFP,DST,30.0,2,LFP_30C_DST.csv,3435,55.630919999999996,35to65,120,6.215170393135075
LFP,DST,30.0,2,LFP_30C_DST.csv,3435,55.630919999999996,35to65,300,5.179732589553829
LFP,DST,30.0,2,LFP_30C_DST.csv,3435,55.630919999999996,35to65,600,3.3950898936462437
LFP,DST,30.0,2,LFP_30C_DST.csv,3435,55.630919999999996,35to65,900,2.156335125892639
LFP,DST,30.0,2,LFP_30C_DST.csv,3435,55.630919999999996,35to65,1200,0.4150842456054704
LFP,DST,30.0,2,LFP_30C_DST.csv,3435,55.630919999999996,35to65,1800,0.1154351611709572
LFP,DST,30.0,2,LFP_30C_DST.csv,3435,55.630919999999996,35to65,2400,0.21106363176345866
LFP,DST,30.0,2,LFP_30C_DST.csv,4229,43.54005,35to65,0,
LFP,DST,30.0,2,LFP_30C_DST.csv,4229,43.54005,35to65,30,
LFP,DST,30.0,2,LFP_30C_DST.csv,4229,43.54005,35to65,60,19.862996237678523
LFP,DST,30.0,2,LFP_30C_DST.csv,4229,43.54005,35to65,120,18.537856912631987
LFP,DST,30.0,2,LFP_30C_DST.csv,4229,43.54005,35to65,300,16.501450737312318
LFP,DST,30.0,2,LFP_30C_DST.csv,4229,43.54005,35to65,600,11.400794138679501
LFP,DST,30.0,2,LFP_30C_DST.csv,4229,43.54005,35to65,900,6.035480241127011
LFP,DST,30.0,2,LFP_30C_DST.csv,4229,43.54005,35to65,1200,2.5563243756103518
LFP,DST,30.0,2,LFP_30C_DST.csv,4229,43.54005,35to65,1800,0.41726085101699795
LFP,DST,30.0,2,LFP_30C_DST.csv,4229,43.54005,35to65,2400,0.13792949009704714
LFP,DST,30.0,2,LFP_30C_DST.csv,5650,25.795448,le35,0,
LFP,DST,30.0,2,LFP_30C_DST.csv,5650,25.795448,le35,30,
LFP,DST,30.0,2,LFP_30C_DST.csv,5650,25.795448,le35,60,10.64366004693985
LFP,DST,30.0,2,LFP_30C_DST.csv,5650,25.795448,le35,120,9.376220201217652
LFP,DST,30.0,2,LFP_30C_DST.csv,5650,25.795448,le35,300,6.72018855262375
LFP,DST,30.0,2,LFP_30C_DST.csv,5650,25.795448,le35,600,3.410697261470794
LFP,DST,30.0,2,LFP_30C_DST.csv,5650,25.795448,le35,900,1.2809526756858816
LFP,DST,30.0,2,LFP_30C_DST.csv,5650,25.795448,le35,1200,0.6367484716320035
LFP,DST,30.0,2,LFP_30C_DST.csv,5650,25.795448,le35,1800,
LFP,DST,30.0,2,LFP_30C_DST.csv,5650,25.795448,le35,2400,
LFP,DST,30.0,2,LFP_30C_DST.csv,5976,22.344695,le35,0,
LFP,DST,30.0,2,LFP_30C_DST.csv,5976,22.344695,le35,30,
LFP,DST,30.0,2,LFP_30C_DST.csv,5976,22.344695,le35,60,2.586907622253417
LFP,DST,30.0,2,LFP_30C_DST.csv,5976,22.344695,le35,120,2.6492316648979184
LFP,DST,30.0,2,LFP_30C_DST.csv,5976,22.344695,le35,300,2.0730955825767516
LFP,DST,30.0,2,LFP_30C_DST.csv,5976,22.344695,le35,600,0.7845459170379634
LFP,DST,30.0,2,LFP_30C_DST.csv,5976,22.344695,le35,900,0.5767183158531175
LFP,DST,30.0,2,LFP_30C_DST.csv,5976,22.344695,le35,1200,0.22903456214237217
LFP,DST,30.0,2,LFP_30C_DST.csv,5976,22.344695,le35,1800,
LFP,DST,30.0,2,LFP_30C_DST.csv,5976,22.344695,le35,2400,
LFP,DST,30.0,2,LFP_30C_DST.csv,6856,10.101994,le35,0,
LFP,DST,30.0,2,LFP_30C_DST.csv,6856,10.101994,le35,30,
LFP,DST,30.0,2,LFP_30C_DST.csv,6856,10.101994,le35,60,2.591144918039321
LFP,DST,30.0,2,LFP_30C_DST.csv,6856,10.101994,le35,120,2.3016310310630796
LFP,DST,30.0,2,LFP_30C_DST.csv,6856,10.101994,le35,300,0.23884216601028463
LFP,DST,30.0,2,LFP_30C_DST.csv,6856,10.101994,le35,600,
LFP,DST,30.0,2,LFP_30C_DST.csv,6856,10.101994,le35,900,
LFP,DST,30.0,2,LFP_30C_DST.csv,6856,10.101994,le35,1200,
LFP,DST,30.0,2,LFP_30C_DST.csv,6856,10.101994,le35,1800,
LFP,DST,30.0,2,LFP_30C_DST.csv,6856,10.101994,le35,2400,
LFP,DST,40.0,0,LFP_40C_DST.csv,2136,71.81083000000001,gt65,0,
LFP,DST,40.0,0,LFP_40C_DST.csv,2136,71.81083000000001,gt65,30,
LFP,DST,40.0,0,LFP_40C_DST.csv,2136,71.81083000000001,gt65,60,6.078139219360352
LFP,DST,40.0,0,LFP_40C_DST.csv,2136,71.81083000000001,gt65,120,5.946430638198848
LFP,DST,40.0,0,LFP_40C_DST.csv,2136,71.81083000000001,gt65,300,7.901420439453119
LFP,DST,40.0,0,LFP_40C_DST.csv,2136,71.81083000000001,gt65,600,6.887930903457644
LFP,DST,40.0,0,LFP_40C_DST.csv,2136,71.81083000000001,gt65,900,6.182995897903446
LFP,DST,40.0,0,LFP_40C_DST.csv,2136,71.81083000000001,gt65,1200,5.173754779205318
LFP,DST,40.0,0,LFP_40C_DST.csv,2136,71.81083000000001,gt65,1800,2.9179192406082137
LFP,DST,40.0,0,LFP_40C_DST.csv,2136,71.81083000000001,gt65,2400,1.2694773039550782
LFP,DST,40.0,0,LFP_40C_DST.csv,2626,66.156745,gt65,0,
LFP,DST,40.0,0,LFP_40C_DST.csv,2626,66.156745,gt65,30,
LFP,DST,40.0,0,LFP_40C_DST.csv,2626,66.156745,gt65,60,17.823553032882685
LFP,DST,40.0,0,LFP_40C_DST.csv,2626,66.156745,gt65,120,17.073865145912166
LFP,DST,40.0,0,LFP_40C_DST.csv,2626,66.156745,gt65,300,14.697199424247742
LFP,DST,40.0,0,LFP_40C_DST.csv,2626,66.156745,gt65,600,11.280617188453675
LFP,DST,40.0,0,LFP_40C_DST.csv,2626,66.156745,gt65,900,8.981141937309268
LFP,DST,40.0,0,LFP_40C_DST.csv,2626,66.156745,gt65,1200,6.809141013679508
LFP,DST,40.0,0,LFP_40C_DST.csv,2626,66.156745,gt65,1800,2.7635425947189347
LFP,DST,40.0,0,LFP_40C_DST.csv,2626,66.156745,gt65,2400,0.5927737969589231
LFP,DST,40.0,0,LFP_40C_DST.csv,2684,65.5411,gt65,0,
LFP,DST,40.0,0,LFP_40C_DST.csv,2684,65.5411,gt65,30,
LFP,DST,40.0,0,LFP_40C_DST.csv,2684,65.5411,gt65,60,16.609311803016652
LFP,DST,40.0,0,LFP_40C_DST.csv,2684,65.5411,gt65,120,15.74711116477966
LFP,DST,40.0,0,LFP_40C_DST.csv,2684,65.5411,gt65,300,13.647794491699216
LFP,DST,40.0,0,LFP_40C_DST.csv,2684,65.5411,gt65,600,10.638711333137508
LFP,DST,40.0,0,LFP_40C_DST.csv,2684,65.5411,gt65,900,7.993851704521184
LFP,DST,40.0,0,LFP_40C_DST.csv,2684,65.5411,gt65,1200,6.053960596649169
LFP,DST,40.0,0,LFP_40C_DST.csv,2684,65.5411,gt65,1800,2.5742797657775895
LFP,DST,40.0,0,LFP_40C_DST.csv,2684,65.5411,gt65,2400,0.4592063560943629
LFP,DST,40.0,0,LFP_40C_DST.csv,2916,62.13818,35to65,0,
LFP,DST,40.0,0,LFP_40C_DST.csv,2916,62.13818,35to65,30,
LFP,DST,40.0,0,LFP_40C_DST.csv,2916,62.13818,35to65,60,12.729236970497126
LFP,DST,40.0,0,LFP_40C_DST.csv,2916,62.13818,35to65,120,12.213529004631042
LFP,DST,40.0,0,LFP_40C_DST.csv,2916,62.13818,35to65,300,10.126099724960326
LFP,DST,40.0,0,LFP_40C_DST.csv,2916,62.13818,35to65,600,8.405786206512452
LFP,DST,40.0,0,LFP_40C_DST.csv,2916,62.13818,35to65,900,6.178221274696348
LFP,DST,40.0,0,LFP_40C_DST.csv,2916,62.13818,35to65,1200,4.571676718185422
LFP,DST,40.0,0,LFP_40C_DST.csv,2916,62.13818,35to65,1800,0.7198755004959096
LFP,DST,40.0,0,LFP_40C_DST.csv,2916,62.13818,35to65,2400,0.5512774995346064
LFP,DST,40.0,0,LFP_40C_DST.csv,2976,61.640125999999995,35to65,0,
LFP,DST,40.0,0,LFP_40C_DST.csv,2976,61.640125999999995,35to65,30,
LFP,DST,40.0,0,LFP_40C_DST.csv,2976,61.640125999999995,35to65,60,12.847722425041198
LFP,DST,40.0,0,LFP_40C_DST.csv,2976,61.640125999999995,35to65,120,12.392929720344547
LFP,DST,40.0,0,LFP_40C_DST.csv,2976,61.640125999999995,35to65,300,10.251978132072445
LFP,DST,40.0,0,LFP_40C_DST.csv,2976,61.640125999999995,35to65,600,7.866549807693481
LFP,DST,40.0,0,LFP_40C_DST.csv,2976,61.640125999999995,35to65,900,5.856490385528559
LFP,DST,40.0,0,LFP_40C_DST.csv,2976,61.640125999999995,35to65,1200,4.2322720453643825
LFP,DST,40.0,0,LFP_40C_DST.csv,2976,61.640125999999995,35to65,1800,0.6398498848037733
LFP,DST,40.0,0,LFP_40C_DST.csv,2976,61.640125999999995,35to65,2400,0.4143295938949585
LFP,DST,40.0,0,LFP_40C_DST.csv,4396,43.074175999999994,35to65,0,
LFP,DST,40.0,0,LFP_40C_DST.csv,4396,43.074175999999994,35to65,30,
LFP,DST,40.0,0,LFP_40C_DST.csv,4396,43.074175999999994,35to65,60,0.3616243860626227
LFP,DST,40.0,0,LFP_40C_DST.csv,4396,43.074175999999994,35to65,120,0.0069381089630127235
LFP,DST,40.0,0,LFP_40C_DST.csv,4396,43.074175999999994,35to65,300,0.7558894723510718
LFP,DST,40.0,0,LFP_40C_DST.csv,4396,43.074175999999994,35to65,600,1.9226668421936068
LFP,DST,40.0,0,LFP_40C_DST.csv,4396,43.074175999999994,35to65,900,0.4608156776504515
LFP,DST,40.0,0,LFP_40C_DST.csv,4396,43.074175999999994,35to65,1200,0.44154563523101586
LFP,DST,40.0,0,LFP_40C_DST.csv,4396,43.074175999999994,35to65,1800,0.5778354719619756
LFP,DST,40.0,0,LFP_40C_DST.csv,4396,43.074175999999994,35to65,2400,1.002108804622651
LFP,DST,40.0,0,LFP_40C_DST.csv,4946,34.569630000000004,le35,0,
LFP,DST,40.0,0,LFP_40C_DST.csv,4946,34.569630000000004,le35,30,
LFP,DST,40.0,0,LFP_40C_DST.csv,4946,34.569630000000004,le35,60,12.636792659736635
LFP,DST,40.0,0,LFP_40C_DST.csv,4946,34.569630000000004,le35,120,10.995551557777404
LFP,DST,40.0,0,LFP_40C_DST.csv,4946,34.569630000000004,le35,300,9.032395272949216
LFP,DST,40.0,0,LFP_40C_DST.csv,4946,34.569630000000004,le35,600,4.8130004415740935
LFP,DST,40.0,0,LFP_40C_DST.csv,4946,34.569630000000004,le35,900,1.9850497378158565
LFP,DST,40.0,0,LFP_40C_DST.csv,4946,34.569630000000004,le35,1200,0.6201012870216367
LFP,DST,40.0,0,LFP_40C_DST.csv,4946,34.569630000000004,le35,1800,0.207520830600739
LFP,DST,40.0,0,LFP_40C_DST.csv,4946,34.569630000000004,le35,2400,0.1888736917764664
LFP,DST,40.0,0,LFP_40C_DST.csv,5224,32.419986,le35,0,
LFP,DST,40.0,0,LFP_40C_DST.csv,5224,32.419986,le35,30,
LFP,DST,40.0,0,LFP_40C_DST.csv,5224,32.419986,le35,60,4.19896627155304
LFP,DST,40.0,0,LFP_40C_DST.csv,5224,32.419986,le35,120,3.8760215748138442
LFP,DST,40.0,0,LFP_40C_DST.csv,5224,32.419986,le35,300,2.2086174998168957
LFP,DST,40.0,0,LFP_40C_DST.csv,5224,32.419986,le35,600,0.6653169983596818
LFP,DST,40.0,0,LFP_40C_DST.csv,5224,32.419986,le35,900,0.16325281563949545
LFP,DST,40.0,0,LFP_40C_DST.csv,5224,32.419986,le35,1200,0.1062258508720415
LFP,DST,40.0,0,LFP_40C_DST.csv,5224,32.419986,le35,1800,0.42648327643585127
LFP,DST,40.0,0,LFP_40C_DST.csv,5224,32.419986,le35,2400,
LFP,DST,40.0,0,LFP_40C_DST.csv,5529,28.381774,le35,0,
LFP,DST,40.0,0,LFP_40C_DST.csv,5529,28.381774,le35,30,
LFP,DST,40.0,0,LFP_40C_DST.csv,5529,28.381774,le35,60,3.6649053270339955
LFP,DST,40.0,0,LFP_40C_DST.csv,5529,28.381774,le35,120,3.5688190435409552
LFP,DST,40.0,0,LFP_40C_DST.csv,5529,28.381774,le35,300,1.5735478917312626
LFP,DST,40.0,0,LFP_40C_DST.csv,5529,28.381774,le35,600,0.4937140651130676
LFP,DST,40.0,0,LFP_40C_DST.csv,5529,28.381774,le35,900,0.38702383477783364
LFP,DST,40.0,0,LFP_40C_DST.csv,5529,28.381774,le35,1200,0.09305733412552009
LFP,DST,40.0,0,LFP_40C_DST.csv,5529,28.381774,le35,1800,0.24186935087623596
LFP,DST,40.0,0,LFP_40C_DST.csv,5529,28.381774,le35,2400,
LFP,DST,40.0,1,LFP_40C_DST.csv,2136,71.81083000000001,gt65,0,
LFP,DST,40.0,1,LFP_40C_DST.csv,2136,71.81083000000001,gt65,30,
LFP,DST,40.0,1,LFP_40C_DST.csv,2136,71.81083000000001,gt65,60,5.221584711151124
LFP,DST,40.0,1,LFP_40C_DST.csv,2136,71.81083000000001,gt65,120,5.093738510971065
LFP,DST,40.0,1,LFP_40C_DST.csv,2136,71.81083000000001,gt65,300,5.941881979675287
LFP,DST,40.0,1,LFP_40C_DST.csv,2136,71.81083000000001,gt65,600,5.738258633636477
LFP,DST,40.0,1,LFP_40C_DST.csv,2136,71.81083000000001,gt65,900,5.389342171325687
LFP,DST,40.0,1,LFP_40C_DST.csv,2136,71.81083000000001,gt65,1200,4.434412804946895
LFP,DST,40.0,1,LFP_40C_DST.csv,2136,71.81083000000001,gt65,1800,2.069217644348143
LFP,DST,40.0,1,LFP_40C_DST.csv,2136,71.81083000000001,gt65,2400,0.20723312709045416
LFP,DST,40.0,1,LFP_40C_DST.csv,2626,66.156745,gt65,0,
LFP,DST,40.0,1,LFP_40C_DST.csv,2626,66.156745,gt65,30,
LFP,DST,40.0,1,LFP_40C_DST.csv,2626,66.156745,gt65,60,16.46482939244079
LFP,DST,40.0,1,LFP_40C_DST.csv,2626,66.156745,gt65,120,15.68067809986114
LFP,DST,40.0,1,LFP_40C_DST.csv,2626,66.156745,gt65,300,13.258900602798462
LFP,DST,40.0,1,LFP_40C_DST.csv,2626,66.156745,gt65,600,9.986314248085023
LFP,DST,40.0,1,LFP_40C_DST.csv,2626,66.156745,gt65,900,7.426342857414248
LFP,DST,40.0,1,LFP_40C_DST.csv,2626,66.156745,gt65,1200,5.4586487746810946
LFP,DST,40.0,1,LFP_40C_DST.csv,2626,66.156745,gt65,1800,1.4523059747695939
LFP,DST,40.0,1,LFP_40C_DST.csv,2626,66.156745,gt65,2400,0.4130508917999265
LFP,DST,40.0,1,LFP_40C_DST.csv,2684,65.5411,gt65,0,
LFP,DST,40.0,1,LFP_40C_DST.csv,2684,65.5411,gt65,30,
LFP,DST,40.0,1,LFP_40C_DST.csv,2684,65.5411,gt65,60,15.273118718299855
LFP,DST,40.0,1,LFP_40C_DST.csv,2684,65.5411,gt65,120,13.888823115081784
LFP,DST,40.0,1,LFP_40C_DST.csv,2684,65.5411,gt65,300,12.345877057960507
LFP,DST,40.0,1,LFP_40C_DST.csv,2684,65.5411,gt65,600,9.34875655160522
LFP,DST,40.0,1,LFP_40C_DST.csv,2684,65.5411,gt65,900,6.798745794219975
LFP,DST,40.0,1,LFP_40C_DST.csv,2684,65.5411,gt65,1200,4.775899921981811
LFP,DST,40.0,1,LFP_40C_DST.csv,2684,65.5411,gt65,1800,1.3266681238937394
LFP,DST,40.0,1,LFP_40C_DST.csv,2684,65.5411,gt65,2400,0.8102747335891749
LFP,DST,40.0,1,LFP_40C_DST.csv,2916,62.13818,35to65,0,
LFP,DST,40.0,1,LFP_40C_DST.csv,2916,62.13818,35to65,30,
LFP,DST,40.0,1,LFP_40C_DST.csv,2916,62.13818,35to65,60,11.433977375579829
LFP,DST,40.0,1,LFP_40C_DST.csv,2916,62.13818,35to65,120,11.008534683761596
LFP,DST,40.0,1,LFP_40C_DST.csv,2916,62.13818,35to65,300,8.80804731388092
LFP,DST,40.0,1,LFP_40C_DST.csv,2916,62.13818,35to65,600,7.813396503715516
LFP,DST,40.0,1,LFP_40C_DST.csv,2916,62.13818,35to65,900,5.064988304458616
LFP,DST,40.0,1,LFP_40C_DST.csv,2916,62.13818,35to65,1200,3.108168112228391
LFP,DST,40.0,1,LFP_40C_DST.csv,2916,62.13818,35to65,1800,0.11146406918334861
LFP,DST,40.0,1,LFP_40C_DST.csv,2916,62.13818,35to65,2400,0.5392580219726568
LFP,DST,40.0,1,LFP_40C_DST.csv,2976,61.640125999999995,35to65,0,
LFP,DST,40.0,1,LFP_40C_DST.csv,2976,61.640125999999995,35to65,30,
LFP,DST,40.0,1,LFP_40C_DST.csv,2976,61.640125999999995,35to65,60,11.602980746803283
LFP,DST,40.0,1,LFP_40C_DST.csv,2976,61.640125999999995,35to65,120,11.076659488143925
LFP,DST,40.0,1,LFP_40C_DST.csv,2976,61.640125999999995,35to65,300,9.041535946670528
LFP,DST,40.0,1,LFP_40C_DST.csv,2976,61.640125999999995,35to65,600,6.504312473442077
LFP,DST,40.0,1,LFP_40C_DST.csv,2976,61.640125999999995,35to65,900,5.505791556831355
LFP,DST,40.0,1,LFP_40C_DST.csv,2976,61.640125999999995,35to65,1200,2.867558138122561
LFP,DST,40.0,1,LFP_40C_DST.csv,2976,61.640125999999995,35to65,1800,0.005924718086241398
LFP,DST,40.0,1,LFP_40C_DST.csv,2976,61.640125999999995,35to65,2400,0.343873923538208
LFP,DST,40.0,1,LFP_40C_DST.csv,4396,43.074175999999994,35to65,0,
LFP,DST,40.0,1,LFP_40C_DST.csv,4396,43.074175999999994,35to65,30,
LFP,DST,40.0,1,LFP_40C_DST.csv,4396,43.074175999999994,35to65,60,1.4842956998443597
LFP,DST,40.0,1,LFP_40C_DST.csv,4396,43.074175999999994,35to65,120,1.5670271010818482
LFP,DST,40.0,1,LFP_40C_DST.csv,4396,43.074175999999994,35to65,300,1.48880010543823
LFP,DST,40.0,1,LFP_40C_DST.csv,4396,43.074175999999994,35to65,600,1.0207740609359774
LFP,DST,40.0,1,LFP_40C_DST.csv,4396,43.074175999999994,35to65,900,0.8277031278686522
LFP,DST,40.0,1,LFP_40C_DST.csv,4396,43.074175999999994,35to65,1200,0.5548779068069436
LFP,DST,40.0,1,LFP_40C_DST.csv,4396,43.074175999999994,35to65,1800,0.6442872003059392
LFP,DST,40.0,1,LFP_40C_DST.csv,4396,43.074175999999994,35to65,2400,1.2649220747146614
LFP,DST,40.0,1,LFP_40C_DST.csv,4946,34.569630000000004,le35,0,
LFP,DST,40.0,1,LFP_40C_DST.csv,4946,34.569630000000004,le35,30,
LFP,DST,40.0,1,LFP_40C_DST.csv,4946,34.569630000000004,le35,60,11.753642559028627
LFP,DST,40.0,1,LFP_40C_DST.csv,4946,34.569630000000004,le35,120,9.928233535526275
LFP,DST,40.0,1,LFP_40C_DST.csv,4946,34.569630000000004,le35,300,7.769140392044065
LFP,DST,40.0,1,LFP_40C_DST.csv,4946,34.569630000000004,le35,600,3.5311742434730498
LFP,DST,40.0,1,LFP_40C_DST.csv,4946,34.569630000000004,le35,900,1.0290046466636653
LFP,DST,40.0,1,LFP_40C_DST.csv,4946,34.569630000000004,le35,1200,0.061237917289734156
LFP,DST,40.0,1,LFP_40C_DST.csv,4946,34.569630000000004,le35,1800,0.4623616159267421
LFP,DST,40.0,1,LFP_40C_DST.csv,4946,34.569630000000004,le35,2400,0.16648097179241184
LFP,DST,40.0,1,LFP_40C_DST.csv,5224,32.419986,le35,0,
LFP,DST,40.0,1,LFP_40C_DST.csv,5224,32.419986,le35,30,
LFP,DST,40.0,1,LFP_40C_DST.csv,5224,32.419986,le35,60,3.383619434509278
LFP,DST,40.0,1,LFP_40C_DST.csv,5224,32.419986,le35,120,3.1396896351165786
LFP,DST,40.0,1,LFP_40C_DST.csv,5224,32.419986,le35,300,1.5136571440582287
LFP,DST,40.0,1,LFP_40C_DST.csv,5224,32.419986,le35,600,0.06834220826339887
LFP,DST,40.0,1,LFP_40C_DST.csv,5224,32.419986,le35,900,0.21069629486846964
LFP,DST,40.0,1,LFP_40C_DST.csv,5224,32.419986,le35,1200,0.048020425132753175
LFP,DST,40.0,1,LFP_40C_DST.csv,5224,32.419986,le35,1800,0.5089314013214103
LFP,DST,40.0,1,LFP_40C_DST.csv,5224,32.419986,le35,2400,
LFP,DST,40.0,1,LFP_40C_DST.csv,5529,28.381774,le35,0,
LFP,DST,40.0,1,LFP_40C_DST.csv,5529,28.381774,le35,30,
LFP,DST,40.0,1,LFP_40C_DST.csv,5529,28.381774,le35,60,2.85697777814865
LFP,DST,40.0,1,LFP_40C_DST.csv,5529,28.381774,le35,120,2.6659919594764716
LFP,DST,40.0,1,LFP_40C_DST.csv,5529,28.381774,le35,300,0.904083422775269
LFP,DST,40.0,1,LFP_40C_DST.csv,5529,28.381774,le35,600,0.21542772575378422
LFP,DST,40.0,1,LFP_40C_DST.csv,5529,28.381774,le35,900,0.06840720613098306
LFP,DST,40.0,1,LFP_40C_DST.csv,5529,28.381774,le35,1200,0.4940982458000196
LFP,DST,40.0,1,LFP_40C_DST.csv,5529,28.381774,le35,1800,0.21291043421211242
LFP,DST,40.0,1,LFP_40C_DST.csv,5529,28.381774,le35,2400,
LFP,DST,40.0,2,LFP_40C_DST.csv,2136,71.81083000000001,gt65,0,
LFP,DST,40.0,2,LFP_40C_DST.csv,2136,71.81083000000001,gt65,30,
LFP,DST,40.0,2,LFP_40C_DST.csv,2136,71.81083000000001,gt65,60,4.564360055999757
LFP,DST,40.0,2,LFP_40C_DST.csv,2136,71.81083000000001,gt65,120,4.372522309188838
LFP,DST,40.0,2,LFP_40C_DST.csv,2136,71.81083000000001,gt65,300,5.248179281921381
LFP,DST,40.0,2,LFP_40C_DST.csv,2136,71.81083000000001,gt65,600,5.719214949630739
LFP,DST,40.0,2,LFP_40C_DST.csv,2136,71.81083000000001,gt65,900,5.706808430328373
LFP,DST,40.0,2,LFP_40C_DST.csv,2136,71.81083000000001,gt65,1200,5.027777043685909
LFP,DST,40.0,2,LFP_40C_DST.csv,2136,71.81083000000001,gt65,1800,2.4503535848999007
LFP,DST,40.0,2,LFP_40C_DST.csv,2136,71.81083000000001,gt65,2400,0.9508994183273316
LFP,DST,40.0,2,LFP_40C_DST.csv,2626,66.156745,gt65,0,
LFP,DST,40.0,2,LFP_40C_DST.csv,2626,66.156745,gt65,30,
LFP,DST,40.0,2,LFP_40C_DST.csv,2626,66.156745,gt65,60,17.542749590881343
LFP,DST,40.0,2,LFP_40C_DST.csv,2626,66.156745,gt65,120,16.888751000633235
LFP,DST,40.0,2,LFP_40C_DST.csv,2626,66.156745,gt65,300,14.483668764572144
LFP,DST,40.0,2,LFP_40C_DST.csv,2626,66.156745,gt65,600,10.575759481430055
LFP,DST,40.0,2,LFP_40C_DST.csv,2626,66.156745,gt65,900,8.764869463974001
LFP,DST,40.0,2,LFP_40C_DST.csv,2626,66.156745,gt65,1200,6.41165551906586
LFP,DST,40.0,2,LFP_40C_DST.csv,2626,66.156745,gt65,1800,2.6280791185379044
LFP,DST,40.0,2,LFP_40C_DST.csv,2626,66.156745,gt65,2400,1.1854525822830198
LFP,DST,40.0,2,LFP_40C_DST.csv,2684,65.5411,gt65,0,
LFP,DST,40.0,2,LFP_40C_DST.csv,2684,65.5411,gt65,30,
LFP,DST,40.0,2,LFP_40C_DST.csv,2684,65.5411,gt65,60,16.38760636631011
LFP,DST,40.0,2,LFP_40C_DST.csv,2684,65.5411,gt65,120,15.021049105377195
LFP,DST,40.0,2,LFP_40C_DST.csv,2684,65.5411,gt65,300,13.46501684849548
LFP,DST,40.0,2,LFP_40C_DST.csv,2684,65.5411,gt65,600,10.52082526670074
LFP,DST,40.0,2,LFP_40C_DST.csv,2684,65.5411,gt65,900,7.314162058753972
LFP,DST,40.0,2,LFP_40C_DST.csv,2684,65.5411,gt65,1200,5.889895831672668
LFP,DST,40.0,2,LFP_40C_DST.csv,2684,65.5411,gt65,1800,2.33171270339966
LFP,DST,40.0,2,LFP_40C_DST.csv,2684,65.5411,gt65,2400,0.21839763073730722
LFP,DST,40.0,2,LFP_40C_DST.csv,2916,62.13818,35to65,0,
LFP,DST,40.0,2,LFP_40C_DST.csv,2916,62.13818,35to65,30,
LFP,DST,40.0,2,LFP_40C_DST.csv,2916,62.13818,35to65,60,12.516561637474055
LFP,DST,40.0,2,LFP_40C_DST.csv,2916,62.13818,35to65,120,12.032748117027282
LFP,DST,40.0,2,LFP_40C_DST.csv,2916,62.13818,35to65,300,9.304911632728576
LFP,DST,40.0,2,LFP_40C_DST.csv,2916,62.13818,35to65,600,7.4963623783874525
LFP,DST,40.0,2,LFP_40C_DST.csv,2916,62.13818,35to65,900,5.877778102241514
LFP,DST,40.0,2,LFP_40C_DST.csv,2916,62.13818,35to65,1200,3.9990072121124243
LFP,DST,40.0,2,LFP_40C_DST.csv,2916,62.13818,35to65,1800,1.202372119720458
LFP,DST,40.0,2,LFP_40C_DST.csv,2916,62.13818,35to65,2400,0.6791888662796026
LFP,DST,40.0,2,LFP_40C_DST.csv,2976,61.640125999999995,35to65,0,
LFP,DST,40.0,2,LFP_40C_DST.csv,2976,61.640125999999995,35to65,30,
LFP,DST,40.0,2,LFP_40C_DST.csv,2976,61.640125999999995,35to65,60,12.650776757774352
LFP,DST,40.0,2,LFP_40C_DST.csv,2976,61.640125999999995,35to65,120,12.135464477005009
LFP,DST,40.0,2,LFP_40C_DST.csv,2976,61.640125999999995,35to65,300,10.216161701026913
LFP,DST,40.0,2,LFP_40C_DST.csv,2976,61.640125999999995,35to65,600,7.001206594612121
LFP,DST,40.0,2,LFP_40C_DST.csv,2976,61.640125999999995,35to65,900,5.229217064376826
LFP,DST,40.0,2,LFP_40C_DST.csv,2976,61.640125999999995,35to65,1200,3.808772103538516
LFP,DST,40.0,2,LFP_40C_DST.csv,2976,61.640125999999995,35to65,1800,1.1890321806030286
LFP,DST,40.0,2,LFP_40C_DST.csv,2976,61.640125999999995,35to65,2400,0.7529823238830566
LFP,DST,40.0,2,LFP_40C_DST.csv,4396,43.074175999999994,35to65,0,
LFP,DST,40.0,2,LFP_40C_DST.csv,4396,43.074175999999994,35to65,30,
LFP,DST,40.0,2,LFP_40C_DST.csv,4396,43.074175999999994,35to65,60,0.11281964565277036
LFP,DST,40.0,2,LFP_40C_DST.csv,4396,43.074175999999994,35to65,120,0.32454145864868167
LFP,DST,40.0,2,LFP_40C_DST.csv,4396,43.074175999999994,35to65,300,0.41047459541320563
LFP,DST,40.0,2,LFP_40C_DST.csv,4396,43.074175999999994,35to65,600,2.0315913502883944
LFP,DST,40.0,2,LFP_40C_DST.csv,4396,43.074175999999994,35to65,900,0.5190762376861571
LFP,DST,40.0,2,LFP_40C_DST.csv,4396,43.074175999999994,35to65,1200,0.4951719341354348
LFP,DST,40.0,2,LFP_40C_DST.csv,4396,43.074175999999994,35to65,1800,0.4496541932563787
LFP,DST,40.0,2,LFP_40C_DST.csv,4396,43.074175999999994,35to65,2400,1.1518230063114174
LFP,DST,40.0,2,LFP_40C_DST.csv,4946,34.569630000000004,le35,0,
LFP,DST,40.0,2,LFP_40C_DST.csv,4946,34.569630000000004,le35,30,
LFP,DST,40.0,2,LFP_40C_DST.csv,4946,34.569630000000004,le35,60,12.48455494639969
LFP,DST,40.0,2,LFP_40C_DST.csv,4946,34.569630000000004,le35,120,12.168299765823363
LFP,DST,40.0,2,LFP_40C_DST.csv,4946,34.569630000000004,le35,300,9.635668783882139
LFP,DST,40.0,2,LFP_40C_DST.csv,4946,34.569630000000004,le35,600,4.870487631343838
LFP,DST,40.0,2,LFP_40C_DST.csv,4946,34.569630000000004,le35,900,1.9017149938392635
LFP,DST,40.0,2,LFP_40C_DST.csv,4946,34.569630000000004,le35,1200,0.4275857349777219
LFP,DST,40.0,2,LFP_40C_DST.csv,4946,34.569630000000004,le35,1800,0.05863402488899183
LFP,DST,40.0,2,LFP_40C_DST.csv,4946,34.569630000000004,le35,2400,0.043915940740776094
LFP,DST,40.0,2,LFP_40C_DST.csv,5224,32.419986,le35,0,
LFP,DST,40.0,2,LFP_40C_DST.csv,5224,32.419986,le35,30,
LFP,DST,40.0,2,LFP_40C_DST.csv,5224,32.419986,le35,60,4.678354508552552
LFP,DST,40.0,2,LFP_40C_DST.csv,5224,32.419986,le35,120,3.398719500381471
LFP,DST,40.0,2,LFP_40C_DST.csv,5224,32.419986,le35,300,2.2951038393859875
LFP,DST,40.0,2,LFP_40C_DST.csv,5224,32.419986,le35,600,0.679073750373842
LFP,DST,40.0,2,LFP_40C_DST.csv,5224,32.419986,le35,900,0.13203935328674277
LFP,DST,40.0,2,LFP_40C_DST.csv,5224,32.419986,le35,1200,0.16854113072967358
LFP,DST,40.0,2,LFP_40C_DST.csv,5224,32.419986,le35,1800,0.5702824621887199
LFP,DST,40.0,2,LFP_40C_DST.csv,5224,32.419986,le35,2400,
LFP,DST,40.0,2,LFP_40C_DST.csv,5529,28.381774,le35,0,
LFP,DST,40.0,2,LFP_40C_DST.csv,5529,28.381774,le35,30,
LFP,DST,40.0,2,LFP_40C_DST.csv,5529,28.381774,le35,60,3.584632771682738
LFP,DST,40.0,2,LFP_40C_DST.csv,5529,28.381774,le35,120,3.591395792865754
LFP,DST,40.0,2,LFP_40C_DST.csv,5529,28.381774,le35,300,1.5647666374397282
LFP,DST,40.0,2,LFP_40C_DST.csv,5529,28.381774,le35,600,0.2654461570167541
LFP,DST,40.0,2,LFP_40C_DST.csv,5529,28.381774,le35,900,0.11445984403991538
LFP,DST,40.0,2,LFP_40C_DST.csv,5529,28.381774,le35,1200,0.15041711896705756
LFP,DST,40.0,2,LFP_40C_DST.csv,5529,28.381774,le35,1800,0.10973181387367248
LFP,DST,40.0,2,LFP_40C_DST.csv,5529,28.381774,le35,2400,
LFP,DST,50.0,0,LFP_50C_DST.csv,1287,84.09123,gt65,0,
LFP,DST,50.0,0,LFP_50C_DST.csv,1287,84.09123,gt65,30,
LFP,DST,50.0,0,LFP_50C_DST.csv,1287,84.09123,gt65,60,9.189873448562622
LFP,DST,50.0,0,LFP_50C_DST.csv,1287,84.09123,gt65,120,6.4901058174438475
LFP,DST,50.0,0,LFP_50C_DST.csv,1287,84.09123,gt65,300,5.823734164886474
LFP,DST,50.0,0,LFP_50C_DST.csv,1287,84.09123,gt65,600,3.2903112834167416
LFP,DST,50.0,0,LFP_50C_DST.csv,1287,84.09123,gt65,900,1.989816227951053
LFP,DST,50.0,0,LFP_50C_DST.csv,1287,84.09123,gt65,1200,1.409214259262086
LFP,DST,50.0,0,LFP_50C_DST.csv,1287,84.09123,gt65,1800,3.860706158584591
LFP,DST,50.0,0,LFP_50C_DST.csv,1287,84.09123,gt65,2400,2.357625592666622
LFP,DST,50.0,0,LFP_50C_DST.csv,1384,81.00295,gt65,0,
LFP,DST,50.0,0,LFP_50C_DST.csv,1384,81.00295,gt65,30,
LFP,DST,50.0,0,LFP_50C_DST.csv,1384,81.00295,gt65,60,11.257452148437494
LFP,DST,50.0,0,LFP_50C_DST.csv,1384,81.00295,gt65,120,10.836468735198977
LFP,DST,50.0,0,LFP_50C_DST.csv,1384,81.00295,gt65,300,7.9280491537475655
LFP,DST,50.0,0,LFP_50C_DST.csv,1384,81.00295,gt65,600,4.200530814361571
LFP,DST,50.0,0,LFP_50C_DST.csv,1384,81.00295,gt65,900,3.8217589744567846
LFP,DST,50.0,0,LFP_50C_DST.csv,1384,81.00295,gt65,1200,4.862189017990119
LFP,DST,50.0,0,LFP_50C_DST.csv,1384,81.00295,gt65,1800,4.379483567504884
LFP,DST,50.0,0,LFP_50C_DST.csv,1384,81.00295,gt65,2400,2.924509503021241
LFP,DST,50.0,0,LFP_50C_DST.csv,2458,67.049253,gt65,0,
LFP,DST,50.0,0,LFP_50C_DST.csv,2458,67.049253,gt65,30,
LFP,DST,50.0,0,LFP_50C_DST.csv,2458,67.049253,gt65,60,23.328870087051385
LFP,DST,50.0,0,LFP_50C_DST.csv,2458,67.049253,gt65,120,22.930129244232177
LFP,DST,50.0,0,LFP_50C_DST.csv,2458,67.049253,gt65,300,19.90529350753785
LFP,DST,50.0,0,LFP_50C_DST.csv,2458,67.049253,gt65,600,15.682882900047304
LFP,DST,50.0,0,LFP_50C_DST.csv,2458,67.049253,gt65,900,12.057298662414553
LFP,DST,50.0,0,LFP_50C_DST.csv,2458,67.049253,gt65,1200,9.279816900634763
LFP,DST,50.0,0,LFP_50C_DST.csv,2458,67.049253,gt65,1800,4.12731763181305
LFP,DST,50.0,0,LFP_50C_DST.csv,2458,67.049253,gt65,2400,0.43142096633147986
LFP,DST,50.0,0,LFP_50C_DST.csv,3373,56.584095999999995,35to65,0,
LFP,DST,50.0,0,LFP_50C_DST.csv,3373,56.584095999999995,35to65,30,
LFP,DST,50.0,0,LFP_50C_DST.csv,3373,56.584095999999995,35to65,60,10.805270277275078
LFP,DST,50.0,0,LFP_50C_DST.csv,3373,56.584095999999995,35to65,120,9.807751902389526
LFP,DST,50.0,0,LFP_50C_DST.csv,3373,56.584095999999995,35to65,300,8.465774258575443
LFP,DST,50.0,0,LFP_50C_DST.csv,3373,56.584095999999995,35to65,600,5.839556911300662
LFP,DST,50.0,0,LFP_50C_DST.csv,3373,56.584095999999995,35to65,900,3.8838447022857636
LFP,DST,50.0,0,LFP_50C_DST.csv,3373,56.584095999999995,35to65,1200,1.7669199928131079
LFP,DST,50.0,0,LFP_50C_DST.csv,3373,56.584095999999995,35to65,1800,0.026810181411740075
LFP,DST,50.0,0,LFP_50C_DST.csv,3373,56.584095999999995,35to65,2400,0.544728553787234
LFP,DST,50.0,0,LFP_50C_DST.csv,4252,43.720594,35to65,0,
LFP,DST,50.0,0,LFP_50C_DST.csv,4252,43.720594,35to65,30,
LFP,DST,50.0,0,LFP_50C_DST.csv,4252,43.720594,35to65,60,9.504952773178097
LFP,DST,50.0,0,LFP_50C_DST.csv,4252,43.720594,35to65,120,9.174127626266483
LFP,DST,50.0,0,LFP_50C_DST.csv,4252,43.720594,35to65,300,6.8068104097747835
LFP,DST,50.0,0,LFP_50C_DST.csv,4252,43.720594,35to65,600,3.192171616180424
LFP,DST,50.0,0,LFP_50C_DST.csv,4252,43.720594,35to65,900,1.4014865555572555
LFP,DST,50.0,0,LFP_50C_DST.csv,4252,43.720594,35to65,1200,0.5282906369781522
LFP,DST,50.0,0,LFP_50C_DST.csv,4252,43.720594,35to65,1800,0.3588062759819053
LFP,DST,50.0,0,LFP_50C_DST.csv,4252,43.720594,35to65,2400,0.2301614469680775
LFP,DST,50.0,0,LFP_50C_DST.csv,4673,38.955602,35to65,0,
LFP,DST,50.0,0,LFP_50C_DST.csv,4673,38.955602,35to65,30,
LFP,DST,50.0,0,LFP_50C_DST.csv,4673,38.955602,35to65,60,1.2052210395050054
LFP,DST,50.0,0,LFP_50C_DST.csv,4673,38.955602,35to65,120,0.953945584884643
LFP,DST,50.0,0,LFP_50C_DST.csv,4673,38.955602,35to65,300,0.09648233897399905
LFP,DST,50.0,0,LFP_50C_DST.csv,4673,38.955602,35to65,600,0.16822812419128041
LFP,DST,50.0,0,LFP_50C_DST.csv,4673,38.955602,35to65,900,0.06901459678649857
LFP,DST,50.0,0,LFP_50C_DST.csv,4673,38.955602,35to65,1200,0.5983721900939933
LFP,DST,50.0,0,LFP_50C_DST.csv,4673,38.955602,35to65,1800,0.35388734973907354
LFP,DST,50.0,0,LFP_50C_DST.csv,4673,38.955602,35to65,2400,0.30539453933334393
LFP,DST,50.0,0,LFP_50C_DST.csv,4960,34.627829999999996,le35,0,
LFP,DST,50.0,0,LFP_50C_DST.csv,4960,34.627829999999996,le35,30,
LFP,DST,50.0,0,LFP_50C_DST.csv,4960,34.627829999999996,le35,60,6.3914258062362705
LFP,DST,50.0,0,LFP_50C_DST.csv,4960,34.627829999999996,le35,120,5.899536314117434
LFP,DST,50.0,0,LFP_50C_DST.csv,4960,34.627829999999996,le35,300,4.641567552604677
LFP,DST,50.0,0,LFP_50C_DST.csv,4960,34.627829999999996,le35,600,2.211976687660215
LFP,DST,50.0,0,LFP_50C_DST.csv,4960,34.627829999999996,le35,900,0.5429431419563286
LFP,DST,50.0,0,LFP_50C_DST.csv,4960,34.627829999999996,le35,1200,0.10146478510284496
LFP,DST,50.0,0,LFP_50C_DST.csv,4960,34.627829999999996,le35,1800,0.2563645339183811
LFP,DST,50.0,0,LFP_50C_DST.csv,4960,34.627829999999996,le35,2400,0.332285500470352
LFP,DST,50.0,0,LFP_50C_DST.csv,5269,32.158592000000006,le35,0,
LFP,DST,50.0,0,LFP_50C_DST.csv,5269,32.158592000000006,le35,30,
LFP,DST,50.0,0,LFP_50C_DST.csv,5269,32.158592000000006,le35,60,4.4764367091293344
LFP,DST,50.0,0,LFP_50C_DST.csv,5269,32.158592000000006,le35,120,3.448960566947939
LFP,DST,50.0,0,LFP_50C_DST.csv,5269,32.158592000000006,le35,300,2.661663542655944
LFP,DST,50.0,0,LFP_50C_DST.csv,5269,32.158592000000006,le35,600,0.8487984505653401
LFP,DST,50.0,0,LFP_50C_DST.csv,5269,32.158592000000006,le35,900,0.10107464251327514
LFP,DST,50.0,0,LFP_50C_DST.csv,5269,32.158592000000006,le35,1200,0.08161392136001666
LFP,DST,50.0,0,LFP_50C_DST.csv,5269,32.158592000000006,le35,1800,0.3745682592777264
LFP,DST,50.0,0,LFP_50C_DST.csv,5269,32.158592000000006,le35,2400,
LFP,DST,50.0,0,LFP_50C_DST.csv,6825,10.768914,le35,0,
LFP,DST,50.0,0,LFP_50C_DST.csv,6825,10.768914,le35,30,
LFP,DST,50.0,0,LFP_50C_DST.csv,6825,10.768914,le35,60,0.13436961073112563
LFP,DST,50.0,0,LFP_50C_DST.csv,6825,10.768914,le35,120,0.006030581127166812
LFP,DST,50.0,0,LFP_50C_DST.csv,6825,10.768914,le35,300,0.4454509864063265
LFP,DST,50.0,0,LFP_50C_DST.csv,6825,10.768914,le35,600,0.2991385900876997
LFP,DST,50.0,0,LFP_50C_DST.csv,6825,10.768914,le35,900,
LFP,DST,50.0,0,LFP_50C_DST.csv,6825,10.768914,le35,1200,
LFP,DST,50.0,0,LFP_50C_DST.csv,6825,10.768914,le35,1800,
LFP,DST,50.0,0,LFP_50C_DST.csv,6825,10.768914,le35,2400,
LFP,DST,50.0,1,LFP_50C_DST.csv,1287,84.09123,gt65,0,
LFP,DST,50.0,1,LFP_50C_DST.csv,1287,84.09123,gt65,30,
LFP,DST,50.0,1,LFP_50C_DST.csv,1287,84.09123,gt65,60,8.080261460494995
LFP,DST,50.0,1,LFP_50C_DST.csv,1287,84.09123,gt65,120,5.474740693695068
LFP,DST,50.0,1,LFP_50C_DST.csv,1287,84.09123,gt65,300,4.301699758224487
LFP,DST,50.0,1,LFP_50C_DST.csv,1287,84.09123,gt65,600,1.6377367442321713
LFP,DST,50.0,1,LFP_50C_DST.csv,1287,84.09123,gt65,900,0.7374987993621858
LFP,DST,50.0,1,LFP_50C_DST.csv,1287,84.09123,gt65,1200,0.45937848197937114
LFP,DST,50.0,1,LFP_50C_DST.csv,1287,84.09123,gt65,1800,2.907097407287594
LFP,DST,50.0,1,LFP_50C_DST.csv,1287,84.09123,gt65,2400,1.7269548067626914
LFP,DST,50.0,1,LFP_50C_DST.csv,1384,81.00295,gt65,0,
LFP,DST,50.0,1,LFP_50C_DST.csv,1384,81.00295,gt65,30,
LFP,DST,50.0,1,LFP_50C_DST.csv,1384,81.00295,gt65,60,10.44591106796264
LFP,DST,50.0,1,LFP_50C_DST.csv,1384,81.00295,gt65,120,9.88363484428406
LFP,DST,50.0,1,LFP_50C_DST.csv,1384,81.00295,gt65,300,7.124930209579475
LFP,DST,50.0,1,LFP_50C_DST.csv,1384,81.00295,gt65,600,3.315825032424925
LFP,DST,50.0,1,LFP_50C_DST.csv,1384,81.00295,gt65,900,2.5943086036682104
LFP,DST,50.0,1,LFP_50C_DST.csv,1384,81.00295,gt65,1200,3.442936860778815
LFP,DST,50.0,1,LFP_50C_DST.csv,1384,81.00295,gt65,1800,3.226789342193605
LFP,DST,50.0,1,LFP_50C_DST.csv,1384,81.00295,gt65,2400,2.2026972547912607
LFP,DST,50.0,1,LFP_50C_DST.csv,2458,67.049253,gt65,0,
LFP,DST,50.0,1,LFP_50C_DST.csv,2458,67.049253,gt65,30,
LFP,DST,50.0,1,LFP_50C_DST.csv,2458,67.049253,gt65,60,20.884140878105157
LFP,DST,50.0,1,LFP_50C_DST.csv,2458,67.049253,gt65,120,20.468302442932128
LFP,DST,50.0,1,LFP_50C_DST.csv,2458,67.049253,gt65,300,17.78918556686402
LFP,DST,50.0,1,LFP_50C_DST.csv,2458,67.049253,gt65,600,13.612536425399782
LFP,DST,50.0,1,LFP_50C_DST.csv,2458,67.049253,gt65,900,9.983572604408266
LFP,DST,50.0,1,LFP_50C_DST.csv,2458,67.049253,gt65,1200,7.022720133209226
LFP,DST,50.0,1,LFP_50C_DST.csv,2458,67.049253,gt65,1800,2.856665814491272
LFP,DST,50.0,1,LFP_50C_DST.csv,2458,67.049253,gt65,2400,0.17064555054474084
LFP,DST,50.0,1,LFP_50C_DST.csv,3373,56.584095999999995,35to65,0,
LFP,DST,50.0,1,LFP_50C_DST.csv,3373,56.584095999999995,35to65,30,
LFP,DST,50.0,1,LFP_50C_DST.csv,3373,56.584095999999995,35to65,60,8.999604188217155
LFP,DST,50.0,1,LFP_50C_DST.csv,3373,56.584095999999995,35to65,120,9.352807530212402
LFP,DST,50.0,1,LFP_50C_DST.csv,3373,56.584095999999995,35to65,300,6.635554036102299
LFP,DST,50.0,1,LFP_50C_DST.csv,3373,56.584095999999995,35to65,600,4.273903825592043
LFP,DST,50.0,1,LFP_50C_DST.csv,3373,56.584095999999995,35to65,900,2.9229790854873627
LFP,DST,50.0,1,LFP_50C_DST.csv,3373,56.584095999999995,35to65,1200,0.7562159522857641
LFP,DST,50.0,1,LFP_50C_DST.csv,3373,56.584095999999995,35to65,1800,0.41878222200012516
LFP,DST,50.0,1,LFP_50C_DST.csv,3373,56.584095999999995,35to65,2400,0.7308082943115259
LFP,DST,50.0,1,LFP_50C_DST.csv,4252,43.720594,35to65,0,
LFP,DST,50.0,1,LFP_50C_DST.csv,4252,43.720594,35to65,30,
LFP,DST,50.0,1,LFP_50C_DST.csv,4252,43.720594,35to65,60,8.974516138160702
LFP,DST,50.0,1,LFP_50C_DST.csv,4252,43.720594,35to65,120,8.121992397155765
LFP,DST,50.0,1,LFP_50C_DST.csv,4252,43.720594,35to65,300,5.841435701599124
LFP,DST,50.0,1,LFP_50C_DST.csv,4252,43.720594,35to65,600,2.1730245777206463
LFP,DST,50.0,1,LFP_50C_DST.csv,4252,43.720594,35to65,900,0.7562215723800705
LFP,DST,50.0,1,LFP_50C_DST.csv,4252,43.720594,35to65,1200,0.23480676845550263
LFP,DST,50.0,1,LFP_50C_DST.csv,4252,43.720594,35to65,1800,0.07523717846298439
LFP,DST,50.0,1,LFP_50C_DST.csv,4252,43.720594,35to65,2400,0.44874360028839
LFP,DST,50.0,1,LFP_50C_DST.csv,4673,38.955602,35to65,0,
LFP,DST,50.0,1,LFP_50C_DST.csv,4673,38.955602,35to65,30,
LFP,DST,50.0,1,LFP_50C_DST.csv,4673,38.955602,35to65,60,0.3002258364868169
LFP,DST,50.0,1,LFP_50C_DST.csv,4673,38.955602,35to65,120,0.12015707074737492
LFP,DST,50.0,1,LFP_50C_DST.csv,4673,38.955602,35to65,300,0.6416055584640503
LFP,DST,50.0,1,LFP_50C_DST.csv,4673,38.955602,35to65,600,0.28181972641754527
LFP,DST,50.0,1,LFP_50C_DST.csv,4673,38.955602,35to65,900,0.44976310714721635
LFP,DST,50.0,1,LFP_50C_DST.csv,4673,38.955602,35to65,1200,0.8149635482788078
LFP,DST,50.0,1,LFP_50C_DST.csv,4673,38.955602,35to65,1800,0.6220262948417652
LFP,DST,50.0,1,LFP_50C_DST.csv,4673,38.955602,35to65,2400,0.22978008697128338
LFP,DST,50.0,1,LFP_50C_DST.csv,4960,34.627829999999996,le35,0,
LFP,DST,50.0,1,LFP_50C_DST.csv,4960,34.627829999999996,le35,30,
LFP,DST,50.0,1,LFP_50C_DST.csv,4960,34.627829999999996,le35,60,5.619348961067203
LFP,DST,50.0,1,LFP_50C_DST.csv,4960,34.627829999999996,le35,120,5.038946571456911
LFP,DST,50.0,1,LFP_50C_DST.csv,4960,34.627829999999996,le35,300,3.857745612182619
LFP,DST,50.0,1,LFP_50C_DST.csv,4960,34.627829999999996,le35,600,1.2167102501296974
LFP,DST,50.0,1,LFP_50C_DST.csv,4960,34.627829999999996,le35,900,0.2850592512893684
LFP,DST,50.0,1,LFP_50C_DST.csv,4960,34.627829999999996,le35,1200,0.6885735163726814
LFP,DST,50.0,1,LFP_50C_DST.csv,4960,34.627829999999996,le35,1800,0.521431604640961
LFP,DST,50.0,1,LFP_50C_DST.csv,4960,34.627829999999996,le35,2400,0.2764169493352888
LFP,DST,50.0,1,LFP_50C_DST.csv,5269,32.158592000000006,le35,0,
LFP,DST,50.0,1,LFP_50C_DST.csv,5269,32.158592000000006,le35,30,
LFP,DST,50.0,1,LFP_50C_DST.csv,5269,32.158592000000006,le35,60,3.9935496794815073
LFP,DST,50.0,1,LFP_50C_DST.csv,5269,32.158592000000006,le35,120,2.6088003162841815
LFP,DST,50.0,1,LFP_50C_DST.csv,5269,32.158592000000006,le35,300,1.7961087330856316
LFP,DST,50.0,1,LFP_50C_DST.csv,5269,32.158592000000006,le35,600,0.04166811380386548
LFP,DST,50.0,1,LFP_50C_DST.csv,5269,32.158592000000006,le35,900,0.6096064383049011
LFP,DST,50.0,1,LFP_50C_DST.csv,5269,32.158592000000006,le35,1200,0.6917285553970345
LFP,DST,50.0,1,LFP_50C_DST.csv,5269,32.158592000000006,le35,1800,0.24378598288574338
LFP,DST,50.0,1,LFP_50C_DST.csv,5269,32.158592000000006,le35,2400,
LFP,DST,50.0,1,LFP_50C_DST.csv,6825,10.768914,le35,0,
LFP,DST,50.0,1,LFP_50C_DST.csv,6825,10.768914,le35,30,
LFP,DST,50.0,1,LFP_50C_DST.csv,6825,10.768914,le35,60,1.0706207444114693
LFP,DST,50.0,1,LFP_50C_DST.csv,6825,10.768914,le35,120,0.944016047586441
LFP,DST,50.0,1,LFP_50C_DST.csv,6825,10.768914,le35,300,0.16358546414089226
LFP,DST,50.0,1,LFP_50C_DST.csv,6825,10.768914,le35,600,0.31490401863079054
LFP,DST,50.0,1,LFP_50C_DST.csv,6825,10.768914,le35,900,
LFP,DST,50.0,1,LFP_50C_DST.csv,6825,10.768914,le35,1200,
LFP,DST,50.0,1,LFP_50C_DST.csv,6825,10.768914,le35,1800,
LFP,DST,50.0,1,LFP_50C_DST.csv,6825,10.768914,le35,2400,
LFP,DST,50.0,2,LFP_50C_DST.csv,1287,84.09123,gt65,0,
LFP,DST,50.0,2,LFP_50C_DST.csv,1287,84.09123,gt65,30,
LFP,DST,50.0,2,LFP_50C_DST.csv,1287,84.09123,gt65,60,6.104397288513184
LFP,DST,50.0,2,LFP_50C_DST.csv,1287,84.09123,gt65,120,5.022746751434326
LFP,DST,50.0,2,LFP_50C_DST.csv,1287,84.09123,gt65,300,3.7785199887084957
LFP,DST,50.0,2,LFP_50C_DST.csv,1287,84.09123,gt65,600,1.4169253771972592
LFP,DST,50.0,2,LFP_50C_DST.csv,1287,84.09123,gt65,900,0.6284878645324738
LFP,DST,50.0,2,LFP_50C_DST.csv,1287,84.09123,gt65,1200,0.6801302443695079
LFP,DST,50.0,2,LFP_50C_DST.csv,1287,84.09123,gt65,1800,2.7470291337432826
LFP,DST,50.0,2,LFP_50C_DST.csv,1287,84.09123,gt65,2400,2.1403905043182334
LFP,DST,50.0,2,LFP_50C_DST.csv,1384,81.00295,gt65,0,
LFP,DST,50.0,2,LFP_50C_DST.csv,1384,81.00295,gt65,30,
LFP,DST,50.0,2,LFP_50C_DST.csv,1384,81.00295,gt65,60,9.815806526184076
LFP,DST,50.0,2,LFP_50C_DST.csv,1384,81.00295,gt65,120,8.598588505249026
LFP,DST,50.0,2,LFP_50C_DST.csv,1384,81.00295,gt65,300,5.272805280151374
LFP,DST,50.0,2,LFP_50C_DST.csv,1384,81.00295,gt65,600,2.186924981307982
LFP,DST,50.0,2,LFP_50C_DST.csv,1384,81.00295,gt65,900,1.9710228332519506
LFP,DST,50.0,2,LFP_50C_DST.csv,1384,81.00295,gt65,1200,3.131890022018439
LFP,DST,50.0,2,LFP_50C_DST.csv,1384,81.00295,gt65,1800,3.5636688339996354
LFP,DST,50.0,2,LFP_50C_DST.csv,1384,81.00295,gt65,2400,2.6777939573669443
LFP,DST,50.0,2,LFP_50C_DST.csv,2458,67.049253,gt65,0,
LFP,DST,50.0,2,LFP_50C_DST.csv,2458,67.049253,gt65,30,
LFP,DST,50.0,2,LFP_50C_DST.csv,2458,67.049253,gt65,60,22.039457707786553
LFP,DST,50.0,2,LFP_50C_DST.csv,2458,67.049253,gt65,120,21.375044062042235
LFP,DST,50.0,2,LFP_50C_DST.csv,2458,67.049253,gt65,300,19.02214638706208
LFP,DST,50.0,2,LFP_50C_DST.csv,2458,67.049253,gt65,600,14.739308590698244
LFP,DST,50.0,2,LFP_50C_DST.csv,2458,67.049253,gt65,900,10.940987112274172
LFP,DST,50.0,2,LFP_50C_DST.csv,2458,67.049253,gt65,1200,8.06462124481201
LFP,DST,50.0,2,LFP_50C_DST.csv,2458,67.049253,gt65,1800,3.547543252082825
LFP,DST,50.0,2,LFP_50C_DST.csv,2458,67.049253,gt65,2400,0.9317512952728251
LFP,DST,50.0,2,LFP_50C_DST.csv,3373,56.584095999999995,35to65,0,
LFP,DST,50.0,2,LFP_50C_DST.csv,3373,56.584095999999995,35to65,30,
LFP,DST,50.0,2,LFP_50C_DST.csv,3373,56.584095999999995,35to65,60,9.77936407209777
LFP,DST,50.0,2,LFP_50C_DST.csv,3373,56.584095999999995,35to65,120,9.150416978645325
LFP,DST,50.0,2,LFP_50C_DST.csv,3373,56.584095999999995,35to65,300,7.508690556488041
LFP,DST,50.0,2,LFP_50C_DST.csv,3373,56.584095999999995,35to65,600,5.178651669334414
LFP,DST,50.0,2,LFP_50C_DST.csv,3373,56.584095999999995,35to65,900,2.644890635055539
LFP,DST,50.0,2,LFP_50C_DST.csv,3373,56.584095999999995,35to65,1200,1.150244377502439
LFP,DST,50.0,2,LFP_50C_DST.csv,3373,56.584095999999995,35to65,1800,0.059339391914370765
LFP,DST,50.0,2,LFP_50C_DST.csv,3373,56.584095999999995,35to65,2400,0.41079989720917
LFP,DST,50.0,2,LFP_50C_DST.csv,4252,43.720594,35to65,0,
LFP,DST,50.0,2,LFP_50C_DST.csv,4252,43.720594,35to65,30,
LFP,DST,50.0,2,LFP_50C_DST.csv,4252,43.720594,35to65,60,11.112710579956051
LFP,DST,50.0,2,LFP_50C_DST.csv,4252,43.720594,35to65,120,11.091039824333194
LFP,DST,50.0,2,LFP_50C_DST.csv,4252,43.720594,35to65,300,8.887662203063968
LFP,DST,50.0,2,LFP_50C_DST.csv,4252,43.720594,35to65,600,5.072951478584294
LFP,DST,50.0,2,LFP_50C_DST.csv,4252,43.720594,35to65,900,1.791303912620549
LFP,DST,50.0,2,LFP_50C_DST.csv,4252,43.720594,35to65,1200,0.3499833421325711
LFP,DST,50.0,2,LFP_50C_DST.csv,4252,43.720594,35to65,1800,0.19337209429168922
LFP,DST,50.0,2,LFP_50C_DST.csv,4252,43.720594,35to65,2400,0.4043947643432606
LFP,DST,50.0,2,LFP_50C_DST.csv,4673,38.955602,35to65,0,
LFP,DST,50.0,2,LFP_50C_DST.csv,4673,38.955602,35to65,30,
LFP,DST,50.0,2,LFP_50C_DST.csv,4673,38.955602,35to65,60,2.0274075095367436
LFP,DST,50.0,2,LFP_50C_DST.csv,4673,38.955602,35to65,120,1.8123359161529535
LFP,DST,50.0,2,LFP_50C_DST.csv,4673,38.955602,35to65,300,0.15147358424377444
LFP,DST,50.0,2,LFP_50C_DST.csv,4673,38.955602,35to65,600,0.04681048255157094
LFP,DST,50.0,2,LFP_50C_DST.csv,4673,38.955602,35to65,900,0.15586750492095902
LFP,DST,50.0,2,LFP_50C_DST.csv,4673,38.955602,35to65,1200,0.513088374233245
LFP,DST,50.0,2,LFP_50C_DST.csv,4673,38.955602,35to65,1800,0.5514335338020313
LFP,DST,50.0,2,LFP_50C_DST.csv,4673,38.955602,35to65,2400,0.1884427757034306
LFP,DST,50.0,2,LFP_50C_DST.csv,4960,34.627829999999996,le35,0,
LFP,DST,50.0,2,LFP_50C_DST.csv,4960,34.627829999999996,le35,30,
LFP,DST,50.0,2,LFP_50C_DST.csv,4960,34.627829999999996,le35,60,6.431635099601749
LFP,DST,50.0,2,LFP_50C_DST.csv,4960,34.627829999999996,le35,120,6.825047435867312
LFP,DST,50.0,2,LFP_50C_DST.csv,4960,34.627829999999996,le35,300,5.107812965431215
LFP,DST,50.0,2,LFP_50C_DST.csv,4960,34.627829999999996,le35,600,2.132630984535215
LFP,DST,50.0,2,LFP_50C_DST.csv,4960,34.627829999999996,le35,900,0.47030743171691825
LFP,DST,50.0,2,LFP_50C_DST.csv,4960,34.627829999999996,le35,1200,0.13145784235382152
LFP,DST,50.0,2,LFP_50C_DST.csv,4960,34.627829999999996,le35,1800,0.02570349933433569
LFP,DST,50.0,2,LFP_50C_DST.csv,4960,34.627829999999996,le35,2400,0.00026334136371630734
LFP,DST,50.0,2,LFP_50C_DST.csv,5269,32.158592000000006,le35,0,
LFP,DST,50.0,2,LFP_50C_DST.csv,5269,32.158592000000006,le35,30,
LFP,DST,50.0,2,LFP_50C_DST.csv,5269,32.158592000000006,le35,60,4.451858733856202
LFP,DST,50.0,2,LFP_50C_DST.csv,5269,32.158592000000006,le35,120,3.0323121790390033
LFP,DST,50.0,2,LFP_50C_DST.csv,5269,32.158592000000006,le35,300,2.5794150933303825
LFP,DST,50.0,2,LFP_50C_DST.csv,5269,32.158592000000006,le35,600,0.7533505526542683
LFP,DST,50.0,2,LFP_50C_DST.csv,5269,32.158592000000006,le35,900,0.009392268035888662
LFP,DST,50.0,2,LFP_50C_DST.csv,5269,32.158592000000006,le35,1200,0.4631372921028145
LFP,DST,50.0,2,LFP_50C_DST.csv,5269,32.158592000000006,le35,1800,0.2191059346584332
LFP,DST,50.0,2,LFP_50C_DST.csv,5269,32.158592000000006,le35,2400,
LFP,DST,50.0,2,LFP_50C_DST.csv,6825,10.768914,le35,0,
LFP,DST,50.0,2,LFP_50C_DST.csv,6825,10.768914,le35,30,
LFP,DST,50.0,2,LFP_50C_DST.csv,6825,10.768914,le35,60,0.113607077781678
LFP,DST,50.0,2,LFP_50C_DST.csv,6825,10.768914,le35,120,0.2002074502601623
LFP,DST,50.0,2,LFP_50C_DST.csv,6825,10.768914,le35,300,0.21238527693462395
LFP,DST,50.0,2,LFP_50C_DST.csv,6825,10.768914,le35,600,0.1553945100404741
LFP,DST,50.0,2,LFP_50C_DST.csv,6825,10.768914,le35,900,
LFP,DST,50.0,2,LFP_50C_DST.csv,6825,10.768914,le35,1200,
LFP,DST,50.0,2,LFP_50C_DST.csv,6825,10.768914,le35,1800,
LFP,DST,50.0,2,LFP_50C_DST.csv,6825,10.768914,le35,2400,
LFP,FUDS,-10.0,0,LFP_-10C_FUDS.csv,117,98.43499,gt65,0,
LFP,FUDS,-10.0,0,LFP_-10C_FUDS.csv,117,98.43499,gt65,30,
LFP,FUDS,-10.0,0,LFP_-10C_FUDS.csv,117,98.43499,gt65,60,10.614308756790152
LFP,FUDS,-10.0,0,LFP_-10C_FUDS.csv,117,98.43499,gt65,120,10.209763067138667
LFP,FUDS,-10.0,0,LFP_-10C_FUDS.csv,117,98.43499,gt65,300,9.320754207153328
LFP,FUDS,-10.0,0,LFP_-10C_FUDS.csv,117,98.43499,gt65,600,8.525526822494513
LFP,FUDS,-10.0,0,LFP_-10C_FUDS.csv,117,98.43499,gt65,900,7.501187383346547
LFP,FUDS,-10.0,0,LFP_-10C_FUDS.csv,117,98.43499,gt65,1200,6.644735035171507
LFP,FUDS,-10.0,0,LFP_-10C_FUDS.csv,117,98.43499,gt65,1800,3.724799338378901
LFP,FUDS,-10.0,0,LFP_-10C_FUDS.csv,117,98.43499,gt65,2400,2.6360840418243328
LFP,FUDS,-10.0,0,LFP_-10C_FUDS.csv,346,93.71119999999999,gt65,0,
LFP,FUDS,-10.0,0,LFP_-10C_FUDS.csv,346,93.71119999999999,gt65,30,
LFP,FUDS,-10.0,0,LFP_-10C_FUDS.csv,346,93.71119999999999,gt65,60,16.25091523078919
LFP,FUDS,-10.0,0,LFP_-10C_FUDS.csv,346,93.71119999999999,gt65,120,14.510693725128178
LFP,FUDS,-10.0,0,LFP_-10C_FUDS.csv,346,93.71119999999999,gt65,300,13.721562698059088
LFP,FUDS,-10.0,0,LFP_-10C_FUDS.csv,346,93.71119999999999,gt65,600,11.342581201171882
LFP,FUDS,-10.0,0,LFP_-10C_FUDS.csv,346,93.71119999999999,gt65,900,9.825514334640502
LFP,FUDS,-10.0,0,LFP_-10C_FUDS.csv,346,93.71119999999999,gt65,1200,8.816924379806522
LFP,FUDS,-10.0,0,LFP_-10C_FUDS.csv,346,93.71119999999999,gt65,1800,4.70974355384827
LFP,FUDS,-10.0,0,LFP_-10C_FUDS.csv,346,93.71119999999999,gt65,2400,3.1310476240539487
LFP,FUDS,-10.0,0,LFP_-10C_FUDS.csv,377,92.4965,gt65,0,
LFP,FUDS,-10.0,0,LFP_-10C_FUDS.csv,377,92.4965,gt65,30,
LFP,FUDS,-10.0,0,LFP_-10C_FUDS.csv,377,92.4965,gt65,60,24.668160815887447
LFP,FUDS,-10.0,0,LFP_-10C_FUDS.csv,377,92.4965,gt65,120,23.83086122499084
LFP,FUDS,-10.0,0,LFP_-10C_FUDS.csv,377,92.4965,gt65,300,20.857710845260627
LFP,FUDS,-10.0,0,LFP_-10C_FUDS.csv,377,92.4965,gt65,600,17.135595818328852
LFP,FUDS,-10.0,0,LFP_-10C_FUDS.csv,377,92.4965,gt65,900,14.125364159469598
LFP,FUDS,-10.0,0,LFP_-10C_FUDS.csv,377,92.4965,gt65,1200,11.781961210098274
LFP,FUDS,-10.0,0,LFP_-10C_FUDS.csv,377,92.4965,gt65,1800,6.039185351562509
LFP,FUDS,-10.0,0,LFP_-10C_FUDS.csv,377,92.4965,gt65,2400,4.543882561767575
LFP,FUDS,-10.0,0,LFP_-10C_FUDS.csv,3351,54.688853,35to65,0,
LFP,FUDS,-10.0,0,LFP_-10C_FUDS.csv,3351,54.688853,35to65,30,
LFP,FUDS,-10.0,0,LFP_-10C_FUDS.csv,3351,54.688853,35to65,60,6.537476204139715
LFP,FUDS,-10.0,0,LFP_-10C_FUDS.csv,3351,54.688853,35to65,120,6.374662915954588
LFP,FUDS,-10.0,0,LFP_-10C_FUDS.csv,3351,54.688853,35to65,300,4.20702466316223
LFP,FUDS,-10.0,0,LFP_-10C_FUDS.csv,3351,54.688853,35to65,600,1.25260016255951
LFP,FUDS,-10.0,0,LFP_-10C_FUDS.csv,3351,54.688853,35to65,900,0.7058711316757211
LFP,FUDS,-10.0,0,LFP_-10C_FUDS.csv,3351,54.688853,35to65,1200,3.690182964126585
LFP,FUDS,-10.0,0,LFP_-10C_FUDS.csv,3351,54.688853,35to65,1800,0.08297220065307442
LFP,FUDS,-10.0,0,LFP_-10C_FUDS.csv,3351,54.688853,35to65,2400,
LFP,FUDS,-10.0,0,LFP_-10C_FUDS.csv,3709,50.396339999999995,35to65,0,
LFP,FUDS,-10.0,0,LFP_-10C_FUDS.csv,3709,50.396339999999995,35to65,30,
LFP,FUDS,-10.0,0,LFP_-10C_FUDS.csv,3709,50.396339999999995,35to65,60,27.646777501441953
LFP,FUDS,-10.0,0,LFP_-10C_FUDS.csv,3709,50.396339999999995,35to65,120,26.050122096691133
LFP,FUDS,-10.0,0,LFP_-10C_FUDS.csv,3709,50.396339999999995,35to65,300,26.841153460388185
LFP,FUDS,-10.0,0,LFP_-10C_FUDS.csv,3709,50.396339999999995,35to65,600,23.965453484134677
LFP,FUDS,-10.0,0,LFP_-10C_FUDS.csv,3709,50.396339999999995,35to65,900,12.364041995048524
LFP,FUDS,-10.0,0,LFP_-10C_FUDS.csv,3709,50.396339999999995,35to65,1200,7.113159196144103
LFP,FUDS,-10.0,0,LFP_-10C_FUDS.csv,3709,50.396339999999995,35to65,1800,5.536069817523959
LFP,FUDS,-10.0,0,LFP_-10C_FUDS.csv,3709,50.396339999999995,35to65,2400,
LFP,FUDS,-10.0,0,LFP_-10C_FUDS.csv,4639,37.751552,35to65,0,
LFP,FUDS,-10.0,0,LFP_-10C_FUDS.csv,4639,37.751552,35to65,30,
LFP,FUDS,-10.0,0,LFP_-10C_FUDS.csv,4639,37.751552,35to65,60,16.20575937945938
LFP,FUDS,-10.0,0,LFP_-10C_FUDS.csv,4639,37.751552,35to65,120,16.39573701115799
LFP,FUDS,-10.0,0,LFP_-10C_FUDS.csv,4639,37.751552,35to65,300,12.221670091278078
LFP,FUDS,-10.0,0,LFP_-10C_FUDS.csv,4639,37.751552,35to65,600,9.719572924365998
LFP,FUDS,-10.0,0,LFP_-10C_FUDS.csv,4639,37.751552,35to65,900,6.969284967727663
LFP,FUDS,-10.0,0,LFP_-10C_FUDS.csv,4639,37.751552,35to65,1200,
LFP,FUDS,-10.0,0,LFP_-10C_FUDS.csv,4639,37.751552,35to65,1800,
LFP,FUDS,-10.0,0,LFP_-10C_FUDS.csv,4639,37.751552,35to65,2400,
LFP,FUDS,-10.0,0,LFP_-10C_FUDS.csv,5119,32.501560000000005,le35,0,
LFP,FUDS,-10.0,0,LFP_-10C_FUDS.csv,5119,32.501560000000005,le35,30,
LFP,FUDS,-10.0,0,LFP_-10C_FUDS.csv,5119,32.501560000000005,le35,60,10.239046413322448
LFP,FUDS,-10.0,0,LFP_-10C_FUDS.csv,5119,32.501560000000005,le35,120,9.617241993209841
LFP,FUDS,-10.0,0,LFP_-10C_FUDS.csv,5119,32.501560000000005,le35,300,7.18888613702774
LFP,FUDS,-10.0,0,LFP_-10C_FUDS.csv,5119,32.501560000000005,le35,600,
LFP,FUDS,-10.0,0,LFP_-10C_FUDS.csv,5119,32.501560000000005,le35,900,
LFP,FUDS,-10.0,0,LFP_-10C_FUDS.csv,5119,32.501560000000005,le35,1200,
LFP,FUDS,-10.0,0,LFP_-10C_FUDS.csv,5119,32.501560000000005,le35,1800,
LFP,FUDS,-10.0,0,LFP_-10C_FUDS.csv,5119,32.501560000000005,le35,2400,
LFP,FUDS,-10.0,0,LFP_-10C_FUDS.csv,5230,31.466696,le35,0,
LFP,FUDS,-10.0,0,LFP_-10C_FUDS.csv,5230,31.466696,le35,30,
LFP,FUDS,-10.0,0,LFP_-10C_FUDS.csv,5230,31.466696,le35,60,16.317149517448428
LFP,FUDS,-10.0,0,LFP_-10C_FUDS.csv,5230,31.466696,le35,120,17.018540211040495
LFP,FUDS,-10.0,0,LFP_-10C_FUDS.csv,5230,31.466696,le35,300,15.156439906997683
LFP,FUDS,-10.0,0,LFP_-10C_FUDS.csv,5230,31.466696,le35,600,
LFP,FUDS,-10.0,0,LFP_-10C_FUDS.csv,5230,31.466696,le35,900,
LFP,FUDS,-10.0,0,LFP_-10C_FUDS.csv,5230,31.466696,le35,1200,
LFP,FUDS,-10.0,0,LFP_-10C_FUDS.csv,5230,31.466696,le35,1800,
LFP,FUDS,-10.0,0,LFP_-10C_FUDS.csv,5230,31.466696,le35,2400,
LFP,FUDS,-10.0,0,LFP_-10C_FUDS.csv,5566,28.224050000000002,le35,0,
LFP,FUDS,-10.0,0,LFP_-10C_FUDS.csv,5566,28.224050000000002,le35,30,
LFP,FUDS,-10.0,0,LFP_-10C_FUDS.csv,5566,28.224050000000002,le35,60,17.482035233089448
LFP,FUDS,-10.0,0,LFP_-10C_FUDS.csv,5566,28.224050000000002,le35,120,
LFP,FUDS,-10.0,0,LFP_-10C_FUDS.csv,5566,28.224050000000002,le35,300,
LFP,FUDS,-10.0,0,LFP_-10C_FUDS.csv,5566,28.224050000000002,le35,600,
LFP,FUDS,-10.0,0,LFP_-10C_FUDS.csv,5566,28.224050000000002,le35,900,
LFP,FUDS,-10.0,0,LFP_-10C_FUDS.csv,5566,28.224050000000002,le35,1200,
LFP,FUDS,-10.0,0,LFP_-10C_FUDS.csv,5566,28.224050000000002,le35,1800,
LFP,FUDS,-10.0,0,LFP_-10C_FUDS.csv,5566,28.224050000000002,le35,2400,
LFP,FUDS,-10.0,1,LFP_-10C_FUDS.csv,117,98.43499,gt65,0,
LFP,FUDS,-10.0,1,LFP_-10C_FUDS.csv,117,98.43499,gt65,30,
LFP,FUDS,-10.0,1,LFP_-10C_FUDS.csv,117,98.43499,gt65,60,12.45616976638793
LFP,FUDS,-10.0,1,LFP_-10C_FUDS.csv,117,98.43499,gt65,120,12.307775037658686
LFP,FUDS,-10.0,1,LFP_-10C_FUDS.csv,117,98.43499,gt65,300,9.154951966781624
LFP,FUDS,-10.0,1,LFP_-10C_FUDS.csv,117,98.43499,gt65,600,8.89050990431214
LFP,FUDS,-10.0,1,LFP_-10C_FUDS.csv,117,98.43499,gt65,900,7.839092075042714
LFP,FUDS,-10.0,1,LFP_-10C_FUDS.csv,117,98.43499,gt65,1200,7.2630497782134995
LFP,FUDS,-10.0,1,LFP_-10C_FUDS.csv,117,98.43499,gt65,1800,3.9527394209289497
LFP,FUDS,-10.0,1,LFP_-10C_FUDS.csv,117,98.43499,gt65,2400,3.361091099014274
LFP,FUDS,-10.0,1,LFP_-10C_FUDS.csv,346,93.71119999999999,gt65,0,
LFP,FUDS,-10.0,1,LFP_-10C_FUDS.csv,346,93.71119999999999,gt65,30,
LFP,FUDS,-10.0,1,LFP_-10C_FUDS.csv,346,93.71119999999999,gt65,60,17.269922198333745
LFP,FUDS,-10.0,1,LFP_-10C_FUDS.csv,346,93.71119999999999,gt65,120,16.443308766860966
LFP,FUDS,-10.0,1,LFP_-10C_FUDS.csv,346,93.71119999999999,gt65,300,15.017337873153693
LFP,FUDS,-10.0,1,LFP_-10C_FUDS.csv,346,93.71119999999999,gt65,600,11.89495532569886
LFP,FUDS,-10.0,1,LFP_-10C_FUDS.csv,346,93.71119999999999,gt65,900,10.595254677734374
LFP,FUDS,-10.0,1,LFP_-10C_FUDS.csv,346,93.71119999999999,gt65,1200,9.654816673736576
LFP,FUDS,-10.0,1,LFP_-10C_FUDS.csv,346,93.71119999999999,gt65,1800,5.42993455574036
LFP,FUDS,-10.0,1,LFP_-10C_FUDS.csv,346,93.71119999999999,gt65,2400,4.17188777297973
LFP,FUDS,-10.0,1,LFP_-10C_FUDS.csv,377,92.4965,gt65,0,
LFP,FUDS,-10.0,1,LFP_-10C_FUDS.csv,377,92.4965,gt65,30,
LFP,FUDS,-10.0,1,LFP_-10C_FUDS.csv,377,92.4965,gt65,60,26.405844827346797
LFP,FUDS,-10.0,1,LFP_-10C_FUDS.csv,377,92.4965,gt65,120,25.844484939437862
LFP,FUDS,-10.0,1,LFP_-10C_FUDS.csv,377,92.4965,gt65,300,23.177458054809577
LFP,FUDS,-10.0,1,LFP_-10C_FUDS.csv,377,92.4965,gt65,600,19.064110060501093
LFP,FUDS,-10.0,1,LFP_-10C_FUDS.csv,377,92.4965,gt65,900,16.30404505622863
LFP,FUDS,-10.0,1,LFP_-10C_FUDS.csv,377,92.4965,gt65,1200,13.35568476470948
LFP,FUDS,-10.0,1,LFP_-10C_FUDS.csv,377,92.4965,gt65,1800,7.0008407299041835
LFP,FUDS,-10.0,1,LFP_-10C_FUDS.csv,377,92.4965,gt65,2400,5.671727610671994
LFP,FUDS,-10.0,1,LFP_-10C_FUDS.csv,3351,54.688853,35to65,0,
LFP,FUDS,-10.0,1,LFP_-10C_FUDS.csv,3351,54.688853,35to65,30,
LFP,FUDS,-10.0,1,LFP_-10C_FUDS.csv,3351,54.688853,35to65,60,8.326804660064703
LFP,FUDS,-10.0,1,LFP_-10C_FUDS.csv,3351,54.688853,35to65,120,7.674953142890928
LFP,FUDS,-10.0,1,LFP_-10C_FUDS.csv,3351,54.688853,35to65,300,5.00145026988983
LFP,FUDS,-10.0,1,LFP_-10C_FUDS.csv,3351,54.688853,35to65,600,2.4818803959426887
LFP,FUDS,-10.0,1,LFP_-10C_FUDS.csv,3351,54.688853,35to65,900,1.6162069108657846
LFP,FUDS,-10.0,1,LFP_-10C_FUDS.csv,3351,54.688853,35to65,1200,3.946360747138975
LFP,FUDS,-10.0,1,LFP_-10C_FUDS.csv,3351,54.688853,35to65,1800,0.6889428217620832
LFP,FUDS,-10.0,1,LFP_-10C_FUDS.csv,3351,54.688853,35to65,2400,
LFP,FUDS,-10.0,1,LFP_-10C_FUDS.csv,3709,50.396339999999995,35to65,0,
LFP,FUDS,-10.0,1,LFP_-10C_FUDS.csv,3709,50.396339999999995,35to65,30,
LFP,FUDS,-10.0,1,LFP_-10C_FUDS.csv,3709,50.396339999999995,35to65,60,30.73768513474655
LFP,FUDS,-10.0,1,LFP_-10C_FUDS.csv,3709,50.396339999999995,35to65,120,29.041783526096346
LFP,FUDS,-10.0,1,LFP_-10C_FUDS.csv,3709,50.396339999999995,35to65,300,28.46053715312958
LFP,FUDS,-10.0,1,LFP_-10C_FUDS.csv,3709,50.396339999999995,35to65,600,22.06940589197159
LFP,FUDS,-10.0,1,LFP_-10C_FUDS.csv,3709,50.396339999999995,35to65,900,13.351322900295258
LFP,FUDS,-10.0,1,LFP_-10C_FUDS.csv,3709,50.396339999999995,35to65,1200,8.830377952819823
LFP,FUDS,-10.0,1,LFP_-10C_FUDS.csv,3709,50.396339999999995,35to65,1800,7.162278242092135
LFP,FUDS,-10.0,1,LFP_-10C_FUDS.csv,3709,50.396339999999995,35to65,2400,
LFP,FUDS,-10.0,1,LFP_-10C_FUDS.csv,4639,37.751552,35to65,0,
LFP,FUDS,-10.0,1,LFP_-10C_FUDS.csv,4639,37.751552,35to65,30,
LFP,FUDS,-10.0,1,LFP_-10C_FUDS.csv,4639,37.751552,35to65,60,18.668052587104796
LFP,FUDS,-10.0,1,LFP_-10C_FUDS.csv,4639,37.751552,35to65,120,17.773504335605622
LFP,FUDS,-10.0,1,LFP_-10C_FUDS.csv,4639,37.751552,35to65,300,13.920377135402681
LFP,FUDS,-10.0,1,LFP_-10C_FUDS.csv,4639,37.751552,35to65,600,11.347691677799226
LFP,FUDS,-10.0,1,LFP_-10C_FUDS.csv,4639,37.751552,35to65,900,8.164651648349764
LFP,FUDS,-10.0,1,LFP_-10C_FUDS.csv,4639,37.751552,35to65,1200,
LFP,FUDS,-10.0,1,LFP_-10C_FUDS.csv,4639,37.751552,35to65,1800,
LFP,FUDS,-10.0,1,LFP_-10C_FUDS.csv,4639,37.751552,35to65,2400,
LFP,FUDS,-10.0,1,LFP_-10C_FUDS.csv,5119,32.501560000000005,le35,0,
LFP,FUDS,-10.0,1,LFP_-10C_FUDS.csv,5119,32.501560000000005,le35,30,
LFP,FUDS,-10.0,1,LFP_-10C_FUDS.csv,5119,32.501560000000005,le35,60,12.13607301177597
LFP,FUDS,-10.0,1,LFP_-10C_FUDS.csv,5119,32.501560000000005,le35,120,11.28948606517029
LFP,FUDS,-10.0,1,LFP_-10C_FUDS.csv,5119,32.501560000000005,le35,300,8.569451899547577
LFP,FUDS,-10.0,1,LFP_-10C_FUDS.csv,5119,32.501560000000005,le35,600,
LFP,FUDS,-10.0,1,LFP_-10C_FUDS.csv,5119,32.501560000000005,le35,900,
LFP,FUDS,-10.0,1,LFP_-10C_FUDS.csv,5119,32.501560000000005,le35,1200,
LFP,FUDS,-10.0,1,LFP_-10C_FUDS.csv,5119,32.501560000000005,le35,1800,
LFP,FUDS,-10.0,1,LFP_-10C_FUDS.csv,5119,32.501560000000005,le35,2400,
LFP,FUDS,-10.0,1,LFP_-10C_FUDS.csv,5230,31.466696,le35,0,
LFP,FUDS,-10.0,1,LFP_-10C_FUDS.csv,5230,31.466696,le35,30,
LFP,FUDS,-10.0,1,LFP_-10C_FUDS.csv,5230,31.466696,le35,60,18.513252851875308
LFP,FUDS,-10.0,1,LFP_-10C_FUDS.csv,5230,31.466696,le35,120,19.19748262317848
LFP,FUDS,-10.0,1,LFP_-10C_FUDS.csv,5230,31.466696,le35,300,17.295913613481524
LFP,FUDS,-10.0,1,LFP_-10C_FUDS.csv,5230,31.466696,le35,600,
LFP,FUDS,-10.0,1,LFP_-10C_FUDS.csv,5230,31.466696,le35,900,
LFP,FUDS,-10.0,1,LFP_-10C_FUDS.csv,5230,31.466696,le35,1200,
LFP,FUDS,-10.0,1,LFP_-10C_FUDS.csv,5230,31.466696,le35,1800,
LFP,FUDS,-10.0,1,LFP_-10C_FUDS.csv,5230,31.466696,le35,2400,
LFP,FUDS,-10.0,1,LFP_-10C_FUDS.csv,5566,28.224050000000002,le35,0,
LFP,FUDS,-10.0,1,LFP_-10C_FUDS.csv,5566,28.224050000000002,le35,30,
LFP,FUDS,-10.0,1,LFP_-10C_FUDS.csv,5566,28.224050000000002,le35,60,19.138417018959046
LFP,FUDS,-10.0,1,LFP_-10C_FUDS.csv,5566,28.224050000000002,le35,120,
LFP,FUDS,-10.0,1,LFP_-10C_FUDS.csv,5566,28.224050000000002,le35,300,
LFP,FUDS,-10.0,1,LFP_-10C_FUDS.csv,5566,28.224050000000002,le35,600,
LFP,FUDS,-10.0,1,LFP_-10C_FUDS.csv,5566,28.224050000000002,le35,900,
LFP,FUDS,-10.0,1,LFP_-10C_FUDS.csv,5566,28.224050000000002,le35,1200,
LFP,FUDS,-10.0,1,LFP_-10C_FUDS.csv,5566,28.224050000000002,le35,1800,
LFP,FUDS,-10.0,1,LFP_-10C_FUDS.csv,5566,28.224050000000002,le35,2400,
LFP,FUDS,-10.0,2,LFP_-10C_FUDS.csv,117,98.43499,gt65,0,
LFP,FUDS,-10.0,2,LFP_-10C_FUDS.csv,117,98.43499,gt65,30,
LFP,FUDS,-10.0,2,LFP_-10C_FUDS.csv,117,98.43499,gt65,60,12.058815401992788
LFP,FUDS,-10.0,2,LFP_-10C_FUDS.csv,117,98.43499,gt65,120,9.219694154632563
LFP,FUDS,-10.0,2,LFP_-10C_FUDS.csv,117,98.43499,gt65,300,9.001714385528572
LFP,FUDS,-10.0,2,LFP_-10C_FUDS.csv,117,98.43499,gt65,600,8.929282725738531
LFP,FUDS,-10.0,2,LFP_-10C_FUDS.csv,117,98.43499,gt65,900,7.815673410110463
LFP,FUDS,-10.0,2,LFP_-10C_FUDS.csv,117,98.43499,gt65,1200,6.9690200655364976
LFP,FUDS,-10.0,2,LFP_-10C_FUDS.csv,117,98.43499,gt65,1800,3.9200105104827827
LFP,FUDS,-10.0,2,LFP_-10C_FUDS.csv,117,98.43499,gt65,2400,2.8497786142730632
LFP,FUDS,-10.0,2,LFP_-10C_FUDS.csv,346,93.71119999999999,gt65,0,
LFP,FUDS,-10.0,2,LFP_-10C_FUDS.csv,346,93.71119999999999,gt65,30,
LFP,FUDS,-10.0,2,LFP_-10C_FUDS.csv,346,93.71119999999999,gt65,60,16.24614089874268
LFP,FUDS,-10.0,2,LFP_-10C_FUDS.csv,346,93.71119999999999,gt65,120,14.8952092490387
LFP,FUDS,-10.0,2,LFP_-10C_FUDS.csv,346,93.71119999999999,gt65,300,14.01506192939759
LFP,FUDS,-10.0,2,LFP_-10C_FUDS.csv,346,93.71119999999999,gt65,600,11.282982516860969
LFP,FUDS,-10.0,2,LFP_-10C_FUDS.csv,346,93.71119999999999,gt65,900,10.232137221298217
LFP,FUDS,-10.0,2,LFP_-10C_FUDS.csv,346,93.71119999999999,gt65,1200,8.90664129112244
LFP,FUDS,-10.0,2,LFP_-10C_FUDS.csv,346,93.71119999999999,gt65,1800,4.871820503921512
LFP,FUDS,-10.0,2,LFP_-10C_FUDS.csv,346,93.71119999999999,gt65,2400,3.6944724497222836
LFP,FUDS,-10.0,2,LFP_-10C_FUDS.csv,377,92.4965,gt65,0,
LFP,FUDS,-10.0,2,LFP_-10C_FUDS.csv,377,92.4965,gt65,30,
LFP,FUDS,-10.0,2,LFP_-10C_FUDS.csv,377,92.4965,gt65,60,26.045016189270015
LFP,FUDS,-10.0,2,LFP_-10C_FUDS.csv,377,92.4965,gt65,120,23.901141061645504
LFP,FUDS,-10.0,2,LFP_-10C_FUDS.csv,377,92.4965,gt65,300,21.98103786209107
LFP,FUDS,-10.0,2,LFP_-10C_FUDS.csv,377,92.4965,gt65,600,17.740010758209223
LFP,FUDS,-10.0,2,LFP_-10C_FUDS.csv,377,92.4965,gt65,900,14.642458294754022
LFP,FUDS,-10.0,2,LFP_-10C_FUDS.csv,377,92.4965,gt65,1200,12.354380376663215
LFP,FUDS,-10.0,2,LFP_-10C_FUDS.csv,377,92.4965,gt65,1800,6.178678101730355
LFP,FUDS,-10.0,2,LFP_-10C_FUDS.csv,377,92.4965,gt65,2400,5.062919808471676
LFP,FUDS,-10.0,2,LFP_-10C_FUDS.csv,3351,54.688853,35to65,0,
LFP,FUDS,-10.0,2,LFP_-10C_FUDS.csv,3351,54.688853,35to65,30,
LFP,FUDS,-10.0,2,LFP_-10C_FUDS.csv,3351,54.688853,35to65,60,7.127439997894292
LFP,FUDS,-10.0,2,LFP_-10C_FUDS.csv,3351,54.688853,35to65,120,7.100212375411985
LFP,FUDS,-10.0,2,LFP_-10C_FUDS.csv,3351,54.688853,35to65,300,4.444659441184996
LFP,FUDS,-10.0,2,LFP_-10C_FUDS.csv,3351,54.688853,35to65,600,2.226471512847901
LFP,FUDS,-10.0,2,LFP_-10C_FUDS.csv,3351,54.688853,35to65,900,1.2493999269180307
LFP,FUDS,-10.0,2,LFP_-10C_FUDS.csv,3351,54.688853,35to65,1200,4.544678131858824
LFP,FUDS,-10.0,2,LFP_-10C_FUDS.csv,3351,54.688853,35to65,1800,0.6633277256698591
LFP,FUDS,-10.0,2,LFP_-10C_FUDS.csv,3351,54.688853,35to65,2400,
LFP,FUDS,-10.0,2,LFP_-10C_FUDS.csv,3709,50.396339999999995,35to65,0,
LFP,FUDS,-10.0,2,LFP_-10C_FUDS.csv,3709,50.396339999999995,35to65,30,
LFP,FUDS,-10.0,2,LFP_-10C_FUDS.csv,3709,50.396339999999995,35to65,60,28.22065698180389
LFP,FUDS,-10.0,2,LFP_-10C_FUDS.csv,3709,50.396339999999995,35to65,120,25.52094460979462
LFP,FUDS,-10.0,2,LFP_-10C_FUDS.csv,3709,50.396339999999995,35to65,300,25.172174232845308
LFP,FUDS,-10.0,2,LFP_-10C_FUDS.csv,3709,50.396339999999995,35to65,600,20.098883786277774
LFP,FUDS,-10.0,2,LFP_-10C_FUDS.csv,3709,50.396339999999995,35to65,900,11.242947172164918
LFP,FUDS,-10.0,2,LFP_-10C_FUDS.csv,3709,50.396339999999995,35to65,1200,6.487703816658019
LFP,FUDS,-10.0,2,LFP_-10C_FUDS.csv,3709,50.396339999999995,35to65,1800,6.057006962280276
LFP,FUDS,-10.0,2,LFP_-10C_FUDS.csv,3709,50.396339999999995,35to65,2400,
LFP,FUDS,-10.0,2,LFP_-10C_FUDS.csv,4639,37.751552,35to65,0,
LFP,FUDS,-10.0,2,LFP_-10C_FUDS.csv,4639,37.751552,35to65,30,
LFP,FUDS,-10.0,2,LFP_-10C_FUDS.csv,4639,37.751552,35to65,60,16.11217263658142
LFP,FUDS,-10.0,2,LFP_-10C_FUDS.csv,4639,37.751552,35to65,120,15.121733922683717
LFP,FUDS,-10.0,2,LFP_-10C_FUDS.csv,4639,37.751552,35to65,300,10.271505952007296
LFP,FUDS,-10.0,2,LFP_-10C_FUDS.csv,4639,37.751552,35to65,600,8.774648569812776
LFP,FUDS,-10.0,2,LFP_-10C_FUDS.csv,4639,37.751552,35to65,900,6.352433518714907
LFP,FUDS,-10.0,2,LFP_-10C_FUDS.csv,4639,37.751552,35to65,1200,
LFP,FUDS,-10.0,2,LFP_-10C_FUDS.csv,4639,37.751552,35to65,1800,
LFP,FUDS,-10.0,2,LFP_-10C_FUDS.csv,4639,37.751552,35to65,2400,
LFP,FUDS,-10.0,2,LFP_-10C_FUDS.csv,5119,32.501560000000005,le35,0,
LFP,FUDS,-10.0,2,LFP_-10C_FUDS.csv,5119,32.501560000000005,le35,30,
LFP,FUDS,-10.0,2,LFP_-10C_FUDS.csv,5119,32.501560000000005,le35,60,9.020234245677948
LFP,FUDS,-10.0,2,LFP_-10C_FUDS.csv,5119,32.501560000000005,le35,120,8.052870407363894
LFP,FUDS,-10.0,2,LFP_-10C_FUDS.csv,5119,32.501560000000005,le35,300,6.062051386852264
LFP,FUDS,-10.0,2,LFP_-10C_FUDS.csv,5119,32.501560000000005,le35,600,
LFP,FUDS,-10.0,2,LFP_-10C_FUDS.csv,5119,32.501560000000005,le35,900,
LFP,FUDS,-10.0,2,LFP_-10C_FUDS.csv,5119,32.501560000000005,le35,1200,
LFP,FUDS,-10.0,2,LFP_-10C_FUDS.csv,5119,32.501560000000005,le35,1800,
LFP,FUDS,-10.0,2,LFP_-10C_FUDS.csv,5119,32.501560000000005,le35,2400,
LFP,FUDS,-10.0,2,LFP_-10C_FUDS.csv,5230,31.466696,le35,0,
LFP,FUDS,-10.0,2,LFP_-10C_FUDS.csv,5230,31.466696,le35,30,
LFP,FUDS,-10.0,2,LFP_-10C_FUDS.csv,5230,31.466696,le35,60,15.732942042263033
LFP,FUDS,-10.0,2,LFP_-10C_FUDS.csv,5230,31.466696,le35,120,15.67728073151779
LFP,FUDS,-10.0,2,LFP_-10C_FUDS.csv,5230,31.466696,le35,300,13.391196197910311
LFP,FUDS,-10.0,2,LFP_-10C_FUDS.csv,5230,31.466696,le35,600,
LFP,FUDS,-10.0,2,LFP_-10C_FUDS.csv,5230,31.466696,le35,900,
LFP,FUDS,-10.0,2,LFP_-10C_FUDS.csv,5230,31.466696,le35,1200,
LFP,FUDS,-10.0,2,LFP_-10C_FUDS.csv,5230,31.466696,le35,1800,
LFP,FUDS,-10.0,2,LFP_-10C_FUDS.csv,5230,31.466696,le35,2400,
LFP,FUDS,-10.0,2,LFP_-10C_FUDS.csv,5566,28.224050000000002,le35,0,
LFP,FUDS,-10.0,2,LFP_-10C_FUDS.csv,5566,28.224050000000002,le35,30,
LFP,FUDS,-10.0,2,LFP_-10C_FUDS.csv,5566,28.224050000000002,le35,60,16.522645576307298
LFP,FUDS,-10.0,2,LFP_-10C_FUDS.csv,5566,28.224050000000002,le35,120,
LFP,FUDS,-10.0,2,LFP_-10C_FUDS.csv,5566,28.224050000000002,le35,300,
LFP,FUDS,-10.0,2,LFP_-10C_FUDS.csv,5566,28.224050000000002,le35,600,
LFP,FUDS,-10.0,2,LFP_-10C_FUDS.csv,5566,28.224050000000002,le35,900,
LFP,FUDS,-10.0,2,LFP_-10C_FUDS.csv,5566,28.224050000000002,le35,1200,
LFP,FUDS,-10.0,2,LFP_-10C_FUDS.csv,5566,28.224050000000002,le35,1800,
LFP,FUDS,-10.0,2,LFP_-10C_FUDS.csv,5566,28.224050000000002,le35,2400,
LFP,FUDS,0.0,0,LFP_0C_FUDS.csv,1141,84.172016,gt65,0,
LFP,FUDS,0.0,0,LFP_0C_FUDS.csv,1141,84.172016,gt65,30,
LFP,FUDS,0.0,0,LFP_0C_FUDS.csv,1141,84.172016,gt65,60,12.064246134490958
LFP,FUDS,0.0,0,LFP_0C_FUDS.csv,1141,84.172016,gt65,120,11.26351575904846
LFP,FUDS,0.0,0,LFP_0C_FUDS.csv,1141,84.172016,gt65,300,10.618304132385262
LFP,FUDS,0.0,0,LFP_0C_FUDS.csv,1141,84.172016,gt65,600,9.3819160257721
LFP,FUDS,0.0,0,LFP_0C_FUDS.csv,1141,84.172016,gt65,900,7.086152237335213
LFP,FUDS,0.0,0,LFP_0C_FUDS.csv,1141,84.172016,gt65,1200,6.454432176818841
LFP,FUDS,0.0,0,LFP_0C_FUDS.csv,1141,84.172016,gt65,1800,4.740528642807007
LFP,FUDS,0.0,0,LFP_0C_FUDS.csv,1141,84.172016,gt65,2400,1.3183834656524596
LFP,FUDS,0.0,0,LFP_0C_FUDS.csv,2059,71.80508,gt65,0,
LFP,FUDS,0.0,0,LFP_0C_FUDS.csv,2059,71.80508,gt65,30,
LFP,FUDS,0.0,0,LFP_0C_FUDS.csv,2059,71.80508,gt65,60,7.891068685684203
LFP,FUDS,0.0,0,LFP_0C_FUDS.csv,2059,71.80508,gt65,120,7.29646124201966
LFP,FUDS,0.0,0,LFP_0C_FUDS.csv,2059,71.80508,gt65,300,6.925727590560911
LFP,FUDS,0.0,0,LFP_0C_FUDS.csv,2059,71.80508,gt65,600,5.201624344406127
LFP,FUDS,0.0,0,LFP_0C_FUDS.csv,2059,71.80508,gt65,900,4.7783616385497965
LFP,FUDS,0.0,0,LFP_0C_FUDS.csv,2059,71.80508,gt65,1200,2.1059840425872807
LFP,FUDS,0.0,0,LFP_0C_FUDS.csv,2059,71.80508,gt65,1800,1.4499100375137317
LFP,FUDS,0.0,0,LFP_0C_FUDS.csv,2059,71.80508,gt65,2400,0.6805803691024792
LFP,FUDS,0.0,0,LFP_0C_FUDS.csv,2345,67.84964,gt65,0,
LFP,FUDS,0.0,0,LFP_0C_FUDS.csv,2345,67.84964,gt65,30,
LFP,FUDS,0.0,0,LFP_0C_FUDS.csv,2345,67.84964,gt65,60,19.146639280502313
LFP,FUDS,0.0,0,LFP_0C_FUDS.csv,2345,67.84964,gt65,120,17.596101775772098
LFP,FUDS,0.0,0,LFP_0C_FUDS.csv,2345,67.84964,gt65,300,15.85185385749817
LFP,FUDS,0.0,0,LFP_0C_FUDS.csv,2345,67.84964,gt65,600,12.078368937950131
LFP,FUDS,0.0,0,LFP_0C_FUDS.csv,2345,67.84964,gt65,900,7.757489494323735
LFP,FUDS,0.0,0,LFP_0C_FUDS.csv,2345,67.84964,gt65,1200,5.800703564826968
LFP,FUDS,0.0,0,LFP_0C_FUDS.csv,2345,67.84964,gt65,1800,2.7483391714859025
LFP,FUDS,0.0,0,LFP_0C_FUDS.csv,2345,67.84964,gt65,2400,0.7660855430221574
LFP,FUDS,0.0,0,LFP_0C_FUDS.csv,4161,46.465454,35to65,0,
LFP,FUDS,0.0,0,LFP_0C_FUDS.csv,4161,46.465454,35to65,30,
LFP,FUDS,0.0,0,LFP_0C_FUDS.csv,4161,46.465454,35to65,60,0.23128418442535548
LFP,FUDS,0.0,0,LFP_0C_FUDS.csv,4161,46.465454,35to65,120,0.028297986679078235
LFP,FUDS,0.0,0,LFP_0C_FUDS.csv,4161,46.465454,35to65,300,1.4211029981460541
LFP,FUDS,0.0,0,LFP_0C_FUDS.csv,4161,46.465454,35to65,600,3.1474769922180172
LFP,FUDS,0.0,0,LFP_0C_FUDS.csv,4161,46.465454,35to65,900,1.1941580833816516
LFP,FUDS,0.0,0,LFP_0C_FUDS.csv,4161,46.465454,35to65,1200,0.31923981568145976
LFP,FUDS,0.0,0,LFP_0C_FUDS.csv,4161,46.465454,35to65,1800,1.7081905435829157
LFP,FUDS,0.0,0,LFP_0C_FUDS.csv,4161,46.465454,35to65,2400,0.13599663074493407
LFP,FUDS,0.0,0,LFP_0C_FUDS.csv,4315,43.556616,35to65,0,
LFP,FUDS,0.0,0,LFP_0C_FUDS.csv,4315,43.556616,35to65,30,
LFP,FUDS,0.0,0,LFP_0C_FUDS.csv,4315,43.556616,35to65,60,23.41513805623245
LFP,FUDS,0.0,0,LFP_0C_FUDS.csv,4315,43.556616,35to65,120,21.89493130545044
LFP,FUDS,0.0,0,LFP_0C_FUDS.csv,4315,43.556616,35to65,300,19.064658805332186
LFP,FUDS,0.0,0,LFP_0C_FUDS.csv,4315,43.556616,35to65,600,16.723048703437804
LFP,FUDS,0.0,0,LFP_0C_FUDS.csv,4315,43.556616,35to65,900,12.83379010629654
LFP,FUDS,0.0,0,LFP_0C_FUDS.csv,4315,43.556616,35to65,1200,9.03475756975174
LFP,FUDS,0.0,0,LFP_0C_FUDS.csv,4315,43.556616,35to65,1800,1.177983080539704
LFP,FUDS,0.0,0,LFP_0C_FUDS.csv,4315,43.556616,35to65,2400,1.0746890454349511
LFP,FUDS,0.0,0,LFP_0C_FUDS.csv,4389,40.384054000000006,35to65,0,
LFP,FUDS,0.0,0,LFP_0C_FUDS.csv,4389,40.384054000000006,35to65,30,
LFP,FUDS,0.0,0,LFP_0C_FUDS.csv,4389,40.384054000000006,35to65,60,25.24534928943634
LFP,FUDS,0.0,0,LFP_0C_FUDS.csv,4389,40.384054000000006,35to65,120,23.353029520008093
LFP,FUDS,0.0,0,LFP_0C_FUDS.csv,4389,40.384054000000006,35to65,300,21.829104033973692
LFP,FUDS,0.0,0,LFP_0C_FUDS.csv,4389,40.384054000000006,35to65,600,19.86476755080414
LFP,FUDS,0.0,0,LFP_0C_FUDS.csv,4389,40.384054000000006,35to65,900,14.660510045845033
LFP,FUDS,0.0,0,LFP_0C_FUDS.csv,4389,40.384054000000006,35to65,1200,11.769844173168181
LFP,FUDS,0.0,0,LFP_0C_FUDS.csv,4389,40.384054000000006,35to65,1800,2.7199567812805157
LFP,FUDS,0.0,0,LFP_0C_FUDS.csv,4389,40.384054000000006,35to65,2400,1.2935053629264832
LFP,FUDS,0.0,0,LFP_0C_FUDS.csv,5418,29.711729999999996,le35,0,
LFP,FUDS,0.0,0,LFP_0C_FUDS.csv,5418,29.711729999999996,le35,30,
LFP,FUDS,0.0,0,LFP_0C_FUDS.csv,5418,29.711729999999996,le35,60,5.394548019950868
LFP,FUDS,0.0,0,LFP_0C_FUDS.csv,5418,29.711729999999996,le35,120,5.499381319076541
LFP,FUDS,0.0,0,LFP_0C_FUDS.csv,5418,29.711729999999996,le35,300,3.0956607118720996
LFP,FUDS,0.0,0,LFP_0C_FUDS.csv,5418,29.711729999999996,le35,600,0.5127486562995927
LFP,FUDS,0.0,0,LFP_0C_FUDS.csv,5418,29.711729999999996,le35,900,1.0411840936660752
LFP,FUDS,0.0,0,LFP_0C_FUDS.csv,5418,29.711729999999996,le35,1200,0.49755136590957605
LFP,FUDS,0.0,0,LFP_0C_FUDS.csv,5418,29.711729999999996,le35,1800,
LFP,FUDS,0.0,0,LFP_0C_FUDS.csv,5418,29.711729999999996,le35,2400,
LFP,FUDS,0.0,0,LFP_0C_FUDS.csv,6514,14.766915,le35,0,
LFP,FUDS,0.0,0,LFP_0C_FUDS.csv,6514,14.766915,le35,30,
LFP,FUDS,0.0,0,LFP_0C_FUDS.csv,6514,14.766915,le35,60,6.1511683644428246
LFP,FUDS,0.0,0,LFP_0C_FUDS.csv,6514,14.766915,le35,120,5.746024451272966
LFP,FUDS,0.0,0,LFP_0C_FUDS.csv,6514,14.766915,le35,300,4.604828953195572
LFP,FUDS,0.0,0,LFP_0C_FUDS.csv,6514,14.766915,le35,600,
LFP,FUDS,0.0,0,LFP_0C_FUDS.csv,6514,14.766915,le35,900,
LFP,FUDS,0.0,0,LFP_0C_FUDS.csv,6514,14.766915,le35,1200,
LFP,FUDS,0.0,0,LFP_0C_FUDS.csv,6514,14.766915,le35,1800,
LFP,FUDS,0.0,0,LFP_0C_FUDS.csv,6514,14.766915,le35,2400,
LFP,FUDS,0.0,0,LFP_0C_FUDS.csv,6517,14.766923000000002,le35,0,
LFP,FUDS,0.0,0,LFP_0C_FUDS.csv,6517,14.766923000000002,le35,30,
LFP,FUDS,0.0,0,LFP_0C_FUDS.csv,6517,14.766923000000002,le35,60,6.357937085737229
LFP,FUDS,0.0,0,LFP_0C_FUDS.csv,6517,14.766923000000002,le35,120,5.623349446105957
LFP,FUDS,0.0,0,LFP_0C_FUDS.csv,6517,14.766923000000002,le35,300,4.46106223286438
LFP,FUDS,0.0,0,LFP_0C_FUDS.csv,6517,14.766923000000002,le35,600,
LFP,FUDS,0.0,0,LFP_0C_FUDS.csv,6517,14.766923000000002,le35,900,
LFP,FUDS,0.0,0,LFP_0C_FUDS.csv,6517,14.766923000000002,le35,1200,
LFP,FUDS,0.0,0,LFP_0C_FUDS.csv,6517,14.766923000000002,le35,1800,
LFP,FUDS,0.0,0,LFP_0C_FUDS.csv,6517,14.766923000000002,le35,2400,
LFP,FUDS,0.0,1,LFP_0C_FUDS.csv,1141,84.172016,gt65,0,
LFP,FUDS,0.0,1,LFP_0C_FUDS.csv,1141,84.172016,gt65,30,
LFP,FUDS,0.0,1,LFP_0C_FUDS.csv,1141,84.172016,gt65,60,14.102367357940665
LFP,FUDS,0.0,1,LFP_0C_FUDS.csv,1141,84.172016,gt65,120,13.021900463638303
LFP,FUDS,0.0,1,LFP_0C_FUDS.csv,1141,84.172016,gt65,300,12.55404245750428
LFP,FUDS,0.0,1,LFP_0C_FUDS.csv,1141,84.172016,gt65,600,9.564562538757329
LFP,FUDS,0.0,1,LFP_0C_FUDS.csv,1141,84.172016,gt65,900,7.7870551761779865
LFP,FUDS,0.0,1,LFP_0C_FUDS.csv,1141,84.172016,gt65,1200,6.942653822174066
LFP,FUDS,0.0,1,LFP_0C_FUDS.csv,1141,84.172016,gt65,1800,5.464719116363526
LFP,FUDS,0.0,1,LFP_0C_FUDS.csv,1141,84.172016,gt65,2400,2.0944776638793883
LFP,FUDS,0.0,1,LFP_0C_FUDS.csv,2059,71.80508,gt65,0,
LFP,FUDS,0.0,1,LFP_0C_FUDS.csv,2059,71.80508,gt65,30,
LFP,FUDS,0.0,1,LFP_0C_FUDS.csv,2059,71.80508,gt65,60,9.079489935073852
LFP,FUDS,0.0,1,LFP_0C_FUDS.csv,2059,71.80508,gt65,120,8.386963980972297
LFP,FUDS,0.0,1,LFP_0C_FUDS.csv,2059,71.80508,gt65,300,7.72906707191467
LFP,FUDS,0.0,1,LFP_0C_FUDS.csv,2059,71.80508,gt65,600,6.220166395721435
LFP,FUDS,0.0,1,LFP_0C_FUDS.csv,2059,71.80508,gt65,900,4.670012315277091
LFP,FUDS,0.0,1,LFP_0C_FUDS.csv,2059,71.80508,gt65,1200,2.2930711016082768
LFP,FUDS,0.0,1,LFP_0C_FUDS.csv,2059,71.80508,gt65,1800,2.048298947807311
LFP,FUDS,0.0,1,LFP_0C_FUDS.csv,2059,71.80508,gt65,2400,0.9158667241210949
LFP,FUDS,0.0,1,LFP_0C_FUDS.csv,2345,67.84964,gt65,0,
LFP,FUDS,0.0,1,LFP_0C_FUDS.csv,2345,67.84964,gt65,30,
LFP,FUDS,0.0,1,LFP_0C_FUDS.csv,2345,67.84964,gt65,60,20.385205917541498
LFP,FUDS,0.0,1,LFP_0C_FUDS.csv,2345,67.84964,gt65,120,19.01162864268494
LFP,FUDS,0.0,1,LFP_0C_FUDS.csv,2345,67.84964,gt65,300,17.607720265846254
LFP,FUDS,0.0,1,LFP_0C_FUDS.csv,2345,67.84964,gt65,600,13.320476090888974
LFP,FUDS,0.0,1,LFP_0C_FUDS.csv,2345,67.84964,gt65,900,8.104975632667546
LFP,FUDS,0.0,1,LFP_0C_FUDS.csv,2345,67.84964,gt65,1200,6.343877712432864
LFP,FUDS,0.0,1,LFP_0C_FUDS.csv,2345,67.84964,gt65,1800,3.4099388075637833
LFP,FUDS,0.0,1,LFP_0C_FUDS.csv,2345,67.84964,gt65,2400,0.5446244853591935
LFP,FUDS,0.0,1,LFP_0C_FUDS.csv,4161,46.465454,35to65,0,
LFP,FUDS,0.0,1,LFP_0C_FUDS.csv,4161,46.465454,35to65,30,
LFP,FUDS,0.0,1,LFP_0C_FUDS.csv,4161,46.465454,35to65,60,0.24267165180969386
LFP,FUDS,0.0,1,LFP_0C_FUDS.csv,4161,46.465454,35to65,120,0.1197076699066173
LFP,FUDS,0.0,1,LFP_0C_FUDS.csv,4161,46.465454,35to65,300,0.5671174501266449
LFP,FUDS,0.0,1,LFP_0C_FUDS.csv,4161,46.465454,35to65,600,2.873957237808227
LFP,FUDS,0.0,1,LFP_0C_FUDS.csv,4161,46.465454,35to65,900,1.2457816662216175
LFP,FUDS,0.0,1,LFP_0C_FUDS.csv,4161,46.465454,35to65,1200,0.1310441102676414
LFP,FUDS,0.0,1,LFP_0C_FUDS.csv,4161,46.465454,35to65,1800,1.4566067885665888
LFP,FUDS,0.0,1,LFP_0C_FUDS.csv,4161,46.465454,35to65,2400,0.18874078090667723
LFP,FUDS,0.0,1,LFP_0C_FUDS.csv,4315,43.556616,35to65,0,
LFP,FUDS,0.0,1,LFP_0C_FUDS.csv,4315,43.556616,35to65,30,
LFP,FUDS,0.0,1,LFP_0C_FUDS.csv,4315,43.556616,35to65,60,23.17278855080795
LFP,FUDS,0.0,1,LFP_0C_FUDS.csv,4315,43.556616,35to65,120,22.04897801975632
LFP,FUDS,0.0,1,LFP_0C_FUDS.csv,4315,43.556616,35to65,300,20.551523491344454
LFP,FUDS,0.0,1,LFP_0C_FUDS.csv,4315,43.556616,35to65,600,15.712752954727172
LFP,FUDS,0.0,1,LFP_0C_FUDS.csv,4315,43.556616,35to65,900,12.418713790893555
LFP,FUDS,0.0,1,LFP_0C_FUDS.csv,4315,43.556616,35to65,1200,8.538994446716309
LFP,FUDS,0.0,1,LFP_0C_FUDS.csv,4315,43.556616,35to65,1800,1.3618798009490973
LFP,FUDS,0.0,1,LFP_0C_FUDS.csv,4315,43.556616,35to65,2400,1.2098150103149408
LFP,FUDS,0.0,1,LFP_0C_FUDS.csv,4389,40.384054000000006,35to65,0,
LFP,FUDS,0.0,1,LFP_0C_FUDS.csv,4389,40.384054000000006,35to65,30,
LFP,FUDS,0.0,1,LFP_0C_FUDS.csv,4389,40.384054000000006,35to65,60,27.380651415843964
LFP,FUDS,0.0,1,LFP_0C_FUDS.csv,4389,40.384054000000006,35to65,120,25.6650325960846
LFP,FUDS,0.0,1,LFP_0C_FUDS.csv,4389,40.384054000000006,35to65,300,24.38367417242813
LFP,FUDS,0.0,1,LFP_0C_FUDS.csv,4389,40.384054000000006,35to65,600,19.85870575843048
LFP,FUDS,0.0,1,LFP_0C_FUDS.csv,4389,40.384054000000006,35to65,900,14.774052423793794
LFP,FUDS,0.0,1,LFP_0C_FUDS.csv,4389,40.384054000000006,35to65,1200,10.356550990318297
LFP,FUDS,0.0,1,LFP_0C_FUDS.csv,4389,40.384054000000006,35to65,1800,2.8724820870285015
LFP,FUDS,0.0,1,LFP_0C_FUDS.csv,4389,40.384054000000006,35to65,2400,1.4140095633850098
LFP,FUDS,0.0,1,LFP_0C_FUDS.csv,5418,29.711729999999996,le35,0,
LFP,FUDS,0.0,1,LFP_0C_FUDS.csv,5418,29.711729999999996,le35,30,
LFP,FUDS,0.0,1,LFP_0C_FUDS.csv,5418,29.711729999999996,le35,60,5.158671578948976
LFP,FUDS,0.0,1,LFP_0C_FUDS.csv,5418,29.711729999999996,le35,120,4.486112788707736
LFP,FUDS,0.0,1,LFP_0C_FUDS.csv,5418,29.711729999999996,le35,300,2.7394171610946643
LFP,FUDS,0.0,1,LFP_0C_FUDS.csv,5418,29.711729999999996,le35,600,0.1759853935508744
LFP,FUDS,0.0,1,LFP_0C_FUDS.csv,5418,29.711729999999996,le35,900,0.5960029623031602
LFP,FUDS,0.0,1,LFP_0C_FUDS.csv,5418,29.711729999999996,le35,1200,0.45907209735870325
LFP,FUDS,0.0,1,LFP_0C_FUDS.csv,5418,29.711729999999996,le35,1800,
LFP,FUDS,0.0,1,LFP_0C_FUDS.csv,5418,29.711729999999996,le35,2400,
LFP,FUDS,0.0,1,LFP_0C_FUDS.csv,6514,14.766915,le35,0,
LFP,FUDS,0.0,1,LFP_0C_FUDS.csv,6514,14.766915,le35,30,
LFP,FUDS,0.0,1,LFP_0C_FUDS.csv,6514,14.766915,le35,60,6.754730957902908
LFP,FUDS,0.0,1,LFP_0C_FUDS.csv,6514,14.766915,le35,120,6.208522222059251
LFP,FUDS,0.0,1,LFP_0C_FUDS.csv,6514,14.766915,le35,300,4.8583893472442625
LFP,FUDS,0.0,1,LFP_0C_FUDS.csv,6514,14.766915,le35,600,
LFP,FUDS,0.0,1,LFP_0C_FUDS.csv,6514,14.766915,le35,900,
LFP,FUDS,0.0,1,LFP_0C_FUDS.csv,6514,14.766915,le35,1200,
LFP,FUDS,0.0,1,LFP_0C_FUDS.csv,6514,14.766915,le35,1800,
LFP,FUDS,0.0,1,LFP_0C_FUDS.csv,6514,14.766915,le35,2400,
LFP,FUDS,0.0,1,LFP_0C_FUDS.csv,6517,14.766923000000002,le35,0,
LFP,FUDS,0.0,1,LFP_0C_FUDS.csv,6517,14.766923000000002,le35,30,
LFP,FUDS,0.0,1,LFP_0C_FUDS.csv,6517,14.766923000000002,le35,60,6.599148887504578
LFP,FUDS,0.0,1,LFP_0C_FUDS.csv,6517,14.766923000000002,le35,120,6.1545892537117
LFP,FUDS,0.0,1,LFP_0C_FUDS.csv,6517,14.766923000000002,le35,300,4.651491622341156
LFP,FUDS,0.0,1,LFP_0C_FUDS.csv,6517,14.766923000000002,le35,600,
LFP,FUDS,0.0,1,LFP_0C_FUDS.csv,6517,14.766923000000002,le35,900,
LFP,FUDS,0.0,1,LFP_0C_FUDS.csv,6517,14.766923000000002,le35,1200,
LFP,FUDS,0.0,1,LFP_0C_FUDS.csv,6517,14.766923000000002,le35,1800,
LFP,FUDS,0.0,1,LFP_0C_FUDS.csv,6517,14.766923000000002,le35,2400,
LFP,FUDS,0.0,2,LFP_0C_FUDS.csv,1141,84.172016,gt65,0,
LFP,FUDS,0.0,2,LFP_0C_FUDS.csv,1141,84.172016,gt65,30,
LFP,FUDS,0.0,2,LFP_0C_FUDS.csv,1141,84.172016,gt65,60,12.982557015151968
LFP,FUDS,0.0,2,LFP_0C_FUDS.csv,1141,84.172016,gt65,120,11.75254802757263
LFP,FUDS,0.0,2,LFP_0C_FUDS.csv,1141,84.172016,gt65,300,11.037461875839242
LFP,FUDS,0.0,2,LFP_0C_FUDS.csv,1141,84.172016,gt65,600,9.532668093338017
LFP,FUDS,0.0,2,LFP_0C_FUDS.csv,1141,84.172016,gt65,900,7.254738014617928
LFP,FUDS,0.0,2,LFP_0C_FUDS.csv,1141,84.172016,gt65,1200,6.5646650068664485
LFP,FUDS,0.0,2,LFP_0C_FUDS.csv,1141,84.172016,gt65,1800,4.785655319366455
LFP,FUDS,0.0,2,LFP_0C_FUDS.csv,1141,84.172016,gt65,2400,1.6054036721038756
LFP,FUDS,0.0,2,LFP_0C_FUDS.csv,2059,71.80508,gt65,0,
LFP,FUDS,0.0,2,LFP_0C_FUDS.csv,2059,71.80508,gt65,30,
LFP,FUDS,0.0,2,LFP_0C_FUDS.csv,2059,71.80508,gt65,60,7.682780254516601
LFP,FUDS,0.0,2,LFP_0C_FUDS.csv,2059,71.80508,gt65,120,7.149899380981452
LFP,FUDS,0.0,2,LFP_0C_FUDS.csv,2059,71.80508,gt65,300,6.953008636474607
LFP,FUDS,0.0,2,LFP_0C_FUDS.csv,2059,71.80508,gt65,600,5.697040270385742
LFP,FUDS,0.0,2,LFP_0C_FUDS.csv,2059,71.80508,gt65,900,3.751075585845939
LFP,FUDS,0.0,2,LFP_0C_FUDS.csv,2059,71.80508,gt65,1200,1.8218606218719486
LFP,FUDS,0.0,2,LFP_0C_FUDS.csv,2059,71.80508,gt65,1800,1.7785968708953845
LFP,FUDS,0.0,2,LFP_0C_FUDS.csv,2059,71.80508,gt65,2400,1.5399005328292859
LFP,FUDS,0.0,2,LFP_0C_FUDS.csv,2345,67.84964,gt65,0,
LFP,FUDS,0.0,2,LFP_0C_FUDS.csv,2345,67.84964,gt65,30,
LFP,FUDS,0.0,2,LFP_0C_FUDS.csv,2345,67.84964,gt65,60,20.09378092784118
LFP,FUDS,0.0,2,LFP_0C_FUDS.csv,2345,67.84964,gt65,120,18.710649028427127
LFP,FUDS,0.0,2,LFP_0C_FUDS.csv,2345,67.84964,gt65,300,17.12308383987427
LFP,FUDS,0.0,2,LFP_0C_FUDS.csv,2345,67.84964,gt65,600,11.915800249557492
LFP,FUDS,0.0,2,LFP_0C_FUDS.csv,2345,67.84964,gt65,900,7.679768017768865
LFP,FUDS,0.0,2,LFP_0C_FUDS.csv,2345,67.84964,gt65,1200,6.082487503234866
LFP,FUDS,0.0,2,LFP_0C_FUDS.csv,2345,67.84964,gt65,1800,3.5040485811996476
LFP,FUDS,0.0,2,LFP_0C_FUDS.csv,2345,67.84964,gt65,2400,0.6018807071304337
LFP,FUDS,0.0,2,LFP_0C_FUDS.csv,4161,46.465454,35to65,0,
LFP,FUDS,0.0,2,LFP_0C_FUDS.csv,4161,46.465454,35to65,30,
LFP,FUDS,0.0,2,LFP_0C_FUDS.csv,4161,46.465454,35to65,60,0.1662579346008286
LFP,FUDS,0.0,2,LFP_0C_FUDS.csv,4161,46.465454,35to65,120,0.14768609016418566
LFP,FUDS,0.0,2,LFP_0C_FUDS.csv,4161,46.465454,35to65,300,0.4628152822341889
LFP,FUDS,0.0,2,LFP_0C_FUDS.csv,4161,46.465454,35to65,600,3.2597393604202267
LFP,FUDS,0.0,2,LFP_0C_FUDS.csv,4161,46.465454,35to65,900,0.9006618322753894
LFP,FUDS,0.0,2,LFP_0C_FUDS.csv,4161,46.465454,35to65,1200,0.0016871299438498966
LFP,FUDS,0.0,2,LFP_0C_FUDS.csv,4161,46.465454,35to65,1800,1.6350511740951532
LFP,FUDS,0.0,2,LFP_0C_FUDS.csv,4161,46.465454,35to65,2400,0.1996520251464844
LFP,FUDS,0.0,2,LFP_0C_FUDS.csv,4315,43.556616,35to65,0,
LFP,FUDS,0.0,2,LFP_0C_FUDS.csv,4315,43.556616,35to65,30,
LFP,FUDS,0.0,2,LFP_0C_FUDS.csv,4315,43.556616,35to65,60,21.76844649548721
LFP,FUDS,0.0,2,LFP_0C_FUDS.csv,4315,43.556616,35to65,120,21.329590190452578
LFP,FUDS,0.0,2,LFP_0C_FUDS.csv,4315,43.556616,35to65,300,18.271911069355014
LFP,FUDS,0.0,2,LFP_0C_FUDS.csv,4315,43.556616,35to65,600,13.800483958488464
LFP,FUDS,0.0,2,LFP_0C_FUDS.csv,4315,43.556616,35to65,900,11.53822205734253
LFP,FUDS,0.0,2,LFP_0C_FUDS.csv,4315,43.556616,35to65,1200,7.930784181079865
LFP,FUDS,0.0,2,LFP_0C_FUDS.csv,4315,43.556616,35to65,1800,1.2378276340103156
LFP,FUDS,0.0,2,LFP_0C_FUDS.csv,4315,43.556616,35to65,2400,0.09459422517394955
LFP,FUDS,0.0,2,LFP_0C_FUDS.csv,4389,40.384054000000006,35to65,0,
LFP,FUDS,0.0,2,LFP_0C_FUDS.csv,4389,40.384054000000006,35to65,30,
LFP,FUDS,0.0,2,LFP_0C_FUDS.csv,4389,40.384054000000006,35to65,60,25.085115613002777
LFP,FUDS,0.0,2,LFP_0C_FUDS.csv,4389,40.384054000000006,35to65,120,22.760568291637426
LFP,FUDS,0.0,2,LFP_0C_FUDS.csv,4389,40.384054000000006,35to65,300,20.832331089046477
LFP,FUDS,0.0,2,LFP_0C_FUDS.csv,4389,40.384054000000006,35to65,600,16.92846542535019
LFP,FUDS,0.0,2,LFP_0C_FUDS.csv,4389,40.384054000000006,35to65,900,13.063297790843965
LFP,FUDS,0.0,2,LFP_0C_FUDS.csv,4389,40.384054000000006,35to65,1200,8.161982475494383
LFP,FUDS,0.0,2,LFP_0C_FUDS.csv,4389,40.384054000000006,35to65,1800,2.2377507346992473
LFP,FUDS,0.0,2,LFP_0C_FUDS.csv,4389,40.384054000000006,35to65,2400,0.18915721005058295
LFP,FUDS,0.0,2,LFP_0C_FUDS.csv,5418,29.711729999999996,le35,0,
LFP,FUDS,0.0,2,LFP_0C_FUDS.csv,5418,29.711729999999996,le35,30,
LFP,FUDS,0.0,2,LFP_0C_FUDS.csv,5418,29.711729999999996,le35,60,4.517581901138307
LFP,FUDS,0.0,2,LFP_0C_FUDS.csv,5418,29.711729999999996,le35,120,3.9424916062660245
LFP,FUDS,0.0,2,LFP_0C_FUDS.csv,5418,29.711729999999996,le35,300,1.5119444385642993
LFP,FUDS,0.0,2,LFP_0C_FUDS.csv,5418,29.711729999999996,le35,600,0.16148507359314124
LFP,FUDS,0.0,2,LFP_0C_FUDS.csv,5418,29.711729999999996,le35,900,1.043270256233214
LFP,FUDS,0.0,2,LFP_0C_FUDS.csv,5418,29.711729999999996,le35,1200,0.17867674011230505
LFP,FUDS,0.0,2,LFP_0C_FUDS.csv,5418,29.711729999999996,le35,1800,
LFP,FUDS,0.0,2,LFP_0C_FUDS.csv,5418,29.711729999999996,le35,2400,
LFP,FUDS,0.0,2,LFP_0C_FUDS.csv,6514,14.766915,le35,0,
LFP,FUDS,0.0,2,LFP_0C_FUDS.csv,6514,14.766915,le35,30,
LFP,FUDS,0.0,2,LFP_0C_FUDS.csv,6514,14.766915,le35,60,3.898786324419021
LFP,FUDS,0.0,2,LFP_0C_FUDS.csv,6514,14.766915,le35,120,2.6512380457096114
LFP,FUDS,0.0,2,LFP_0C_FUDS.csv,6514,14.766915,le35,300,2.3384264106044768
LFP,FUDS,0.0,2,LFP_0C_FUDS.csv,6514,14.766915,le35,600,
LFP,FUDS,0.0,2,LFP_0C_FUDS.csv,6514,14.766915,le35,900,
LFP,FUDS,0.0,2,LFP_0C_FUDS.csv,6514,14.766915,le35,1200,
LFP,FUDS,0.0,2,LFP_0C_FUDS.csv,6514,14.766915,le35,1800,
LFP,FUDS,0.0,2,LFP_0C_FUDS.csv,6514,14.766915,le35,2400,
LFP,FUDS,0.0,2,LFP_0C_FUDS.csv,6517,14.766923000000002,le35,0,
LFP,FUDS,0.0,2,LFP_0C_FUDS.csv,6517,14.766923000000002,le35,30,
LFP,FUDS,0.0,2,LFP_0C_FUDS.csv,6517,14.766923000000002,le35,60,3.7703973830833437
LFP,FUDS,0.0,2,LFP_0C_FUDS.csv,6517,14.766923000000002,le35,120,2.6703244925022123
LFP,FUDS,0.0,2,LFP_0C_FUDS.csv,6517,14.766923000000002,le35,300,2.2859412235145573
LFP,FUDS,0.0,2,LFP_0C_FUDS.csv,6517,14.766923000000002,le35,600,
LFP,FUDS,0.0,2,LFP_0C_FUDS.csv,6517,14.766923000000002,le35,900,
LFP,FUDS,0.0,2,LFP_0C_FUDS.csv,6517,14.766923000000002,le35,1200,
LFP,FUDS,0.0,2,LFP_0C_FUDS.csv,6517,14.766923000000002,le35,1800,
LFP,FUDS,0.0,2,LFP_0C_FUDS.csv,6517,14.766923000000002,le35,2400,
LFP,FUDS,10.0,0,LFP_10C_FUDS.csv,1208,83.346224,gt65,0,
LFP,FUDS,10.0,0,LFP_10C_FUDS.csv,1208,83.346224,gt65,30,
LFP,FUDS,10.0,0,LFP_10C_FUDS.csv,1208,83.346224,gt65,60,14.143444469223027
LFP,FUDS,10.0,0,LFP_10C_FUDS.csv,1208,83.346224,gt65,120,12.884216041183478
LFP,FUDS,10.0,0,LFP_10C_FUDS.csv,1208,83.346224,gt65,300,11.097151041488644
LFP,FUDS,10.0,0,LFP_10C_FUDS.csv,1208,83.346224,gt65,600,8.439314630844123
LFP,FUDS,10.0,0,LFP_10C_FUDS.csv,1208,83.346224,gt65,900,7.870095945449833
LFP,FUDS,10.0,0,LFP_10C_FUDS.csv,1208,83.346224,gt65,1200,6.435110316085812
LFP,FUDS,10.0,0,LFP_10C_FUDS.csv,1208,83.346224,gt65,1800,5.5083871528930715
LFP,FUDS,10.0,0,LFP_10C_FUDS.csv,1208,83.346224,gt65,2400,2.503367063789362
LFP,FUDS,10.0,0,LFP_10C_FUDS.csv,2561,65.75593400000001,gt65,0,
LFP,FUDS,10.0,0,LFP_10C_FUDS.csv,2561,65.75593400000001,gt65,30,
LFP,FUDS,10.0,0,LFP_10C_FUDS.csv,2561,65.75593400000001,gt65,60,8.724128746261599
LFP,FUDS,10.0,0,LFP_10C_FUDS.csv,2561,65.75593400000001,gt65,120,8.10687733497619
LFP,FUDS,10.0,0,LFP_10C_FUDS.csv,2561,65.75593400000001,gt65,300,7.222525518112178
LFP,FUDS,10.0,0,LFP_10C_FUDS.csv,2561,65.75593400000001,gt65,600,4.419558272171017
LFP,FUDS,10.0,0,LFP_10C_FUDS.csv,2561,65.75593400000001,gt65,900,3.9633390103149395
LFP,FUDS,10.0,0,LFP_10C_FUDS.csv,2561,65.75593400000001,gt65,1200,2.953607760086058
LFP,FUDS,10.0,0,LFP_10C_FUDS.csv,2561,65.75593400000001,gt65,1800,1.6751738481063825
LFP,FUDS,10.0,0,LFP_10C_FUDS.csv,2561,65.75593400000001,gt65,2400,0.7830286764526377
LFP,FUDS,10.0,0,LFP_10C_FUDS.csv,2597,65.24056,gt65,0,
LFP,FUDS,10.0,0,LFP_10C_FUDS.csv,2597,65.24056,gt65,30,
LFP,FUDS,10.0,0,LFP_10C_FUDS.csv,2597,65.24056,gt65,60,13.280063764358516
LFP,FUDS,10.0,0,LFP_10C_FUDS.csv,2597,65.24056,gt65,120,12.470796908187864
LFP,FUDS,10.0,0,LFP_10C_FUDS.csv,2597,65.24056,gt65,300,11.103290797607421
LFP,FUDS,10.0,0,LFP_10C_FUDS.csv,2597,65.24056,gt65,600,7.46048418544769
LFP,FUDS,10.0,0,LFP_10C_FUDS.csv,2597,65.24056,gt65,900,6.121109779434207
LFP,FUDS,10.0,0,LFP_10C_FUDS.csv,2597,65.24056,gt65,1200,4.693928479118348
LFP,FUDS,10.0,0,LFP_10C_FUDS.csv,2597,65.24056,gt65,1800,2.7228891890411404
LFP,FUDS,10.0,0,LFP_10C_FUDS.csv,2597,65.24056,gt65,2400,0.1907053406219461
LFP,FUDS,10.0,0,LFP_10C_FUDS.csv,4204,44.83129,35to65,0,
LFP,FUDS,10.0,0,LFP_10C_FUDS.csv,4204,44.83129,35to65,30,
LFP,FUDS,10.0,0,LFP_10C_FUDS.csv,4204,44.83129,35to65,60,10.859084118797298
LFP,FUDS,10.0,0,LFP_10C_FUDS.csv,4204,44.83129,35to65,120,9.659158747505188
LFP,FUDS,10.0,0,LFP_10C_FUDS.csv,4204,44.83129,35to65,300,6.827566269287111
LFP,FUDS,10.0,0,LFP_10C_FUDS.csv,4204,44.83129,35to65,600,5.30331115727234
LFP,FUDS,10.0,0,LFP_10C_FUDS.csv,4204,44.83129,35to65,900,2.854544279998777
LFP,FUDS,10.0,0,LFP_10C_FUDS.csv,4204,44.83129,35to65,1200,2.070980766242979
LFP,FUDS,10.0,0,LFP_10C_FUDS.csv,4204,44.83129,35to65,1800,0.7741482389106729
LFP,FUDS,10.0,0,LFP_10C_FUDS.csv,4204,44.83129,35to65,2400,0.2041161315788269
LFP,FUDS,10.0,0,LFP_10C_FUDS.csv,4342,41.298884,35to65,0,
LFP,FUDS,10.0,0,LFP_10C_FUDS.csv,4342,41.298884,35to65,30,
LFP,FUDS,10.0,0,LFP_10C_FUDS.csv,4342,41.298884,35to65,60,26.24994203962708
LFP,FUDS,10.0,0,LFP_10C_FUDS.csv,4342,41.298884,35to65,120,23.22541039854812
LFP,FUDS,10.0,0,LFP_10C_FUDS.csv,4342,41.298884,35to65,300,20.58918815662384
LFP,FUDS,10.0,0,LFP_10C_FUDS.csv,4342,41.298884,35to65,600,15.41429713476181
LFP,FUDS,10.0,0,LFP_10C_FUDS.csv,4342,41.298884,35to65,900,11.570359292793274
LFP,FUDS,10.0,0,LFP_10C_FUDS.csv,4342,41.298884,35to65,1200,7.537240077148439
LFP,FUDS,10.0,0,LFP_10C_FUDS.csv,4342,41.298884,35to65,1800,2.4315519333419786
LFP,FUDS,10.0,0,LFP_10C_FUDS.csv,4342,41.298884,35to65,2400,0.904309302562714
LFP,FUDS,10.0,0,LFP_10C_FUDS.csv,4423,39.625847,35to65,0,
LFP,FUDS,10.0,0,LFP_10C_FUDS.csv,4423,39.625847,35to65,30,
LFP,FUDS,10.0,0,LFP_10C_FUDS.csv,4423,39.625847,35to65,60,7.673460405387878
LFP,FUDS,10.0,0,LFP_10C_FUDS.csv,4423,39.625847,35to65,120,6.607922783058164
LFP,FUDS,10.0,0,LFP_10C_FUDS.csv,4423,39.625847,35to65,300,5.788499452598572
LFP,FUDS,10.0,0,LFP_10C_FUDS.csv,4423,39.625847,35to65,600,3.6220553917999254
LFP,FUDS,10.0,0,LFP_10C_FUDS.csv,4423,39.625847,35to65,900,2.091273682586671
LFP,FUDS,10.0,0,LFP_10C_FUDS.csv,4423,39.625847,35to65,1200,1.0798869253692622
LFP,FUDS,10.0,0,LFP_10C_FUDS.csv,4423,39.625847,35to65,1800,0.2827416975708026
LFP,FUDS,10.0,0,LFP_10C_FUDS.csv,4423,39.625847,35to65,2400,0.09451313606643552
LFP,FUDS,10.0,0,LFP_10C_FUDS.csv,5649,26.274884,le35,0,
LFP,FUDS,10.0,0,LFP_10C_FUDS.csv,5649,26.274884,le35,30,
LFP,FUDS,10.0,0,LFP_10C_FUDS.csv,5649,26.274884,le35,60,10.84798984154892
LFP,FUDS,10.0,0,LFP_10C_FUDS.csv,5649,26.274884,le35,120,8.932169164169313
LFP,FUDS,10.0,0,LFP_10C_FUDS.csv,5649,26.274884,le35,300,7.085961322544097
LFP,FUDS,10.0,0,LFP_10C_FUDS.csv,5649,26.274884,le35,600,4.409816129949569
LFP,FUDS,10.0,0,LFP_10C_FUDS.csv,5649,26.274884,le35,900,2.8237052274150862
LFP,FUDS,10.0,0,LFP_10C_FUDS.csv,5649,26.274884,le35,1200,1.4005623644500744
LFP,FUDS,10.0,0,LFP_10C_FUDS.csv,5649,26.274884,le35,1800,
LFP,FUDS,10.0,0,LFP_10C_FUDS.csv,5649,26.274884,le35,2400,
LFP,FUDS,10.0,0,LFP_10C_FUDS.csv,6441,13.918707999999999,le35,0,
LFP,FUDS,10.0,0,LFP_10C_FUDS.csv,6441,13.918707999999999,le35,30,
LFP,FUDS,10.0,0,LFP_10C_FUDS.csv,6441,13.918707999999999,le35,60,6.201293159303663
LFP,FUDS,10.0,0,LFP_10C_FUDS.csv,6441,13.918707999999999,le35,120,5.293072998298646
LFP,FUDS,10.0,0,LFP_10C_FUDS.csv,6441,13.918707999999999,le35,300,4.759914249982835
LFP,FUDS,10.0,0,LFP_10C_FUDS.csv,6441,13.918707999999999,le35,600,2.459365233633042
LFP,FUDS,10.0,0,LFP_10C_FUDS.csv,6441,13.918707999999999,le35,900,
LFP,FUDS,10.0,0,LFP_10C_FUDS.csv,6441,13.918707999999999,le35,1200,
LFP,FUDS,10.0,0,LFP_10C_FUDS.csv,6441,13.918707999999999,le35,1800,
LFP,FUDS,10.0,0,LFP_10C_FUDS.csv,6441,13.918707999999999,le35,2400,
LFP,FUDS,10.0,0,LFP_10C_FUDS.csv,6989,8.91318,le35,0,
LFP,FUDS,10.0,0,LFP_10C_FUDS.csv,6989,8.91318,le35,30,
LFP,FUDS,10.0,0,LFP_10C_FUDS.csv,6989,8.91318,le35,60,2.2854368596153263
LFP,FUDS,10.0,0,LFP_10C_FUDS.csv,6989,8.91318,le35,120,
LFP,FUDS,10.0,0,LFP_10C_FUDS.csv,6989,8.91318,le35,300,
LFP,FUDS,10.0,0,LFP_10C_FUDS.csv,6989,8.91318,le35,600,
LFP,FUDS,10.0,0,LFP_10C_FUDS.csv,6989,8.91318,le35,900,
LFP,FUDS,10.0,0,LFP_10C_FUDS.csv,6989,8.91318,le35,1200,
LFP,FUDS,10.0,0,LFP_10C_FUDS.csv,6989,8.91318,le35,1800,
LFP,FUDS,10.0,0,LFP_10C_FUDS.csv,6989,8.91318,le35,2400,
LFP,FUDS,10.0,1,LFP_10C_FUDS.csv,1208,83.346224,gt65,0,
LFP,FUDS,10.0,1,LFP_10C_FUDS.csv,1208,83.346224,gt65,30,
LFP,FUDS,10.0,1,LFP_10C_FUDS.csv,1208,83.346224,gt65,60,16.443575790176396
LFP,FUDS,10.0,1,LFP_10C_FUDS.csv,1208,83.346224,gt65,120,14.914618463134772
LFP,FUDS,10.0,1,LFP_10C_FUDS.csv,1208,83.346224,gt65,300,12.933039665679928
LFP,FUDS,10.0,1,LFP_10C_FUDS.csv,1208,83.346224,gt65,600,9.473753240921027
LFP,FUDS,10.0,1,LFP_10C_FUDS.csv,1208,83.346224,gt65,900,8.805090166183476
LFP,FUDS,10.0,1,LFP_10C_FUDS.csv,1208,83.346224,gt65,1200,7.148697123336788
LFP,FUDS,10.0,1,LFP_10C_FUDS.csv,1208,83.346224,gt65,1800,5.698925320846563
LFP,FUDS,10.0,1,LFP_10C_FUDS.csv,1208,83.346224,gt65,2400,2.855290767936701
LFP,FUDS,10.0,1,LFP_10C_FUDS.csv,2561,65.75593400000001,gt65,0,
LFP,FUDS,10.0,1,LFP_10C_FUDS.csv,2561,65.75593400000001,gt65,30,
LFP,FUDS,10.0,1,LFP_10C_FUDS.csv,2561,65.75593400000001,gt65,60,10.053717636337282
LFP,FUDS,10.0,1,LFP_10C_FUDS.csv,2561,65.75593400000001,gt65,120,9.323211439514154
LFP,FUDS,10.0,1,LFP_10C_FUDS.csv,2561,65.75593400000001,gt65,300,8.194373290710445
LFP,FUDS,10.0,1,LFP_10C_FUDS.csv,2561,65.75593400000001,gt65,600,4.988812432098385
LFP,FUDS,10.0,1,LFP_10C_FUDS.csv,2561,65.75593400000001,gt65,900,4.316311756210325
LFP,FUDS,10.0,1,LFP_10C_FUDS.csv,2561,65.75593400000001,gt65,1200,3.4765878540420516
LFP,FUDS,10.0,1,LFP_10C_FUDS.csv,2561,65.75593400000001,gt65,1800,1.8364610366363507
LFP,FUDS,10.0,1,LFP_10C_FUDS.csv,2561,65.75593400000001,gt65,2400,0.7106060528182994
LFP,FUDS,10.0,1,LFP_10C_FUDS.csv,2597,65.24056,gt65,0,
LFP,FUDS,10.0,1,LFP_10C_FUDS.csv,2597,65.24056,gt65,30,
LFP,FUDS,10.0,1,LFP_10C_FUDS.csv,2597,65.24056,gt65,60,14.78328694512939
LFP,FUDS,10.0,1,LFP_10C_FUDS.csv,2597,65.24056,gt65,120,13.786378706741331
LFP,FUDS,10.0,1,LFP_10C_FUDS.csv,2597,65.24056,gt65,300,12.488049746887206
LFP,FUDS,10.0,1,LFP_10C_FUDS.csv,2597,65.24056,gt65,600,8.340296426048276
LFP,FUDS,10.0,1,LFP_10C_FUDS.csv,2597,65.24056,gt65,900,6.56978374298096
LFP,FUDS,10.0,1,LFP_10C_FUDS.csv,2597,65.24056,gt65,1200,5.257544039649964
LFP,FUDS,10.0,1,LFP_10C_FUDS.csv,2597,65.24056,gt65,1800,3.584173325813296
LFP,FUDS,10.0,1,LFP_10C_FUDS.csv,2597,65.24056,gt65,2400,0.15546707463073517
LFP,FUDS,10.0,1,LFP_10C_FUDS.csv,4204,44.83129,35to65,0,
LFP,FUDS,10.0,1,LFP_10C_FUDS.csv,4204,44.83129,35to65,30,
LFP,FUDS,10.0,1,LFP_10C_FUDS.csv,4204,44.83129,35to65,60,11.957755674316402
LFP,FUDS,10.0,1,LFP_10C_FUDS.csv,4204,44.83129,35to65,120,9.587552707504273
LFP,FUDS,10.0,1,LFP_10C_FUDS.csv,4204,44.83129,35to65,300,7.44232857550049
LFP,FUDS,10.0,1,LFP_10C_FUDS.csv,4204,44.83129,35to65,600,5.7787565470199596
LFP,FUDS,10.0,1,LFP_10C_FUDS.csv,4204,44.83129,35to65,900,3.309679387039182
LFP,FUDS,10.0,1,LFP_10C_FUDS.csv,4204,44.83129,35to65,1200,2.3262495784225443
LFP,FUDS,10.0,1,LFP_10C_FUDS.csv,4204,44.83129,35to65,1800,0.2462388408317544
LFP,FUDS,10.0,1,LFP_10C_FUDS.csv,4204,44.83129,35to65,2400,0.02134817412986756
LFP,FUDS,10.0,1,LFP_10C_FUDS.csv,4342,41.298884,35to65,0,
LFP,FUDS,10.0,1,LFP_10C_FUDS.csv,4342,41.298884,35to65,30,
LFP,FUDS,10.0,1,LFP_10C_FUDS.csv,4342,41.298884,35to65,60,26.863424336093907
LFP,FUDS,10.0,1,LFP_10C_FUDS.csv,4342,41.298884,35to65,120,23.772300895755762
LFP,FUDS,10.0,1,LFP_10C_FUDS.csv,4342,41.298884,35to65,300,22.079383252162934
LFP,FUDS,10.0,1,LFP_10C_FUDS.csv,4342,41.298884,35to65,600,15.436902196292877
LFP,FUDS,10.0,1,LFP_10C_FUDS.csv,4342,41.298884,35to65,900,12.0127509267807
LFP,FUDS,10.0,1,LFP_10C_FUDS.csv,4342,41.298884,35to65,1200,8.193987895141603
LFP,FUDS,10.0,1,LFP_10C_FUDS.csv,4342,41.298884,35to65,1800,1.8688319325981126
LFP,FUDS,10.0,1,LFP_10C_FUDS.csv,4342,41.298884,35to65,2400,0.8657860755863194
LFP,FUDS,10.0,1,LFP_10C_FUDS.csv,4423,39.625847,35to65,0,
LFP,FUDS,10.0,1,LFP_10C_FUDS.csv,4423,39.625847,35to65,30,
LFP,FUDS,10.0,1,LFP_10C_FUDS.csv,4423,39.625847,35to65,60,8.43397394947052
LFP,FUDS,10.0,1,LFP_10C_FUDS.csv,4423,39.625847,35to65,120,7.459902634780882
LFP,FUDS,10.0,1,LFP_10C_FUDS.csv,4423,39.625847,35to65,300,6.422740556724548
LFP,FUDS,10.0,1,LFP_10C_FUDS.csv,4423,39.625847,35to65,600,3.858185152542113
LFP,FUDS,10.0,1,LFP_10C_FUDS.csv,4423,39.625847,35to65,900,2.1839946679992686
LFP,FUDS,10.0,1,LFP_10C_FUDS.csv,4423,39.625847,35to65,1200,1.3767955423889155
LFP,FUDS,10.0,1,LFP_10C_FUDS.csv,4423,39.625847,35to65,1800,0.33756157948684873
LFP,FUDS,10.0,1,LFP_10C_FUDS.csv,4423,39.625847,35to65,2400,0.13614772550010557
LFP,FUDS,10.0,1,LFP_10C_FUDS.csv,5649,26.274884,le35,0,
LFP,FUDS,10.0,1,LFP_10C_FUDS.csv,5649,26.274884,le35,30,
LFP,FUDS,10.0,1,LFP_10C_FUDS.csv,5649,26.274884,le35,60,9.284458681194305
LFP,FUDS,10.0,1,LFP_10C_FUDS.csv,5649,26.274884,le35,120,8.00790675972748
LFP,FUDS,10.0,1,LFP_10C_FUDS.csv,5649,26.274884,le35,300,6.4853387281875605
LFP,FUDS,10.0,1,LFP_10C_FUDS.csv,5649,26.274884,le35,600,4.044973119047164
LFP,FUDS,10.0,1,LFP_10C_FUDS.csv,5649,26.274884,le35,900,2.5450840604705824
LFP,FUDS,10.0,1,LFP_10C_FUDS.csv,5649,26.274884,le35,1200,1.1663392072826397
LFP,FUDS,10.0,1,LFP_10C_FUDS.csv,5649,26.274884,le35,1800,
LFP,FUDS,10.0,1,LFP_10C_FUDS.csv,5649,26.274884,le35,2400,
LFP,FUDS,10.0,1,LFP_10C_FUDS.csv,6441,13.918707999999999,le35,0,
LFP,FUDS,10.0,1,LFP_10C_FUDS.csv,6441,13.918707999999999,le35,30,
LFP,FUDS,10.0,1,LFP_10C_FUDS.csv,6441,13.918707999999999,le35,60,7.013751406249998
LFP,FUDS,10.0,1,LFP_10C_FUDS.csv,6441,13.918707999999999,le35,120,6.183423340095521
LFP,FUDS,10.0,1,LFP_10C_FUDS.csv,6441,13.918707999999999,le35,300,4.942747027482987
LFP,FUDS,10.0,1,LFP_10C_FUDS.csv,6441,13.918707999999999,le35,600,1.5919596998424534
LFP,FUDS,10.0,1,LFP_10C_FUDS.csv,6441,13.918707999999999,le35,900,
LFP,FUDS,10.0,1,LFP_10C_FUDS.csv,6441,13.918707999999999,le35,1200,
LFP,FUDS,10.0,1,LFP_10C_FUDS.csv,6441,13.918707999999999,le35,1800,
LFP,FUDS,10.0,1,LFP_10C_FUDS.csv,6441,13.918707999999999,le35,2400,
LFP,FUDS,10.0,1,LFP_10C_FUDS.csv,6989,8.91318,le35,0,
LFP,FUDS,10.0,1,LFP_10C_FUDS.csv,6989,8.91318,le35,30,
LFP,FUDS,10.0,1,LFP_10C_FUDS.csv,6989,8.91318,le35,60,1.8496866731719974
LFP,FUDS,10.0,1,LFP_10C_FUDS.csv,6989,8.91318,le35,120,
LFP,FUDS,10.0,1,LFP_10C_FUDS.csv,6989,8.91318,le35,300,
LFP,FUDS,10.0,1,LFP_10C_FUDS.csv,6989,8.91318,le35,600,
LFP,FUDS,10.0,1,LFP_10C_FUDS.csv,6989,8.91318,le35,900,
LFP,FUDS,10.0,1,LFP_10C_FUDS.csv,6989,8.91318,le35,1200,
LFP,FUDS,10.0,1,LFP_10C_FUDS.csv,6989,8.91318,le35,1800,
LFP,FUDS,10.0,1,LFP_10C_FUDS.csv,6989,8.91318,le35,2400,
LFP,FUDS,10.0,2,LFP_10C_FUDS.csv,1208,83.346224,gt65,0,
LFP,FUDS,10.0,2,LFP_10C_FUDS.csv,1208,83.346224,gt65,30,
LFP,FUDS,10.0,2,LFP_10C_FUDS.csv,1208,83.346224,gt65,60,14.54966204429627
LFP,FUDS,10.0,2,LFP_10C_FUDS.csv,1208,83.346224,gt65,120,13.124845952606208
LFP,FUDS,10.0,2,LFP_10C_FUDS.csv,1208,83.346224,gt65,300,10.846227407913204
LFP,FUDS,10.0,2,LFP_10C_FUDS.csv,1208,83.346224,gt65,600,8.892786768295295
LFP,FUDS,10.0,2,LFP_10C_FUDS.csv,1208,83.346224,gt65,900,8.173853136154179
LFP,FUDS,10.0,2,LFP_10C_FUDS.csv,1208,83.346224,gt65,1200,6.68623064498901
LFP,FUDS,10.0,2,LFP_10C_FUDS.csv,1208,83.346224,gt65,1800,5.647718970520025
LFP,FUDS,10.0,2,LFP_10C_FUDS.csv,1208,83.346224,gt65,2400,2.38079309204101
LFP,FUDS,10.0,2,LFP_10C_FUDS.csv,2561,65.75593400000001,gt65,0,
LFP,FUDS,10.0,2,LFP_10C_FUDS.csv,2561,65.75593400000001,gt65,30,
LFP,FUDS,10.0,2,LFP_10C_FUDS.csv,2561,65.75593400000001,gt65,60,8.927547477951052
LFP,FUDS,10.0,2,LFP_10C_FUDS.csv,2561,65.75593400000001,gt65,120,8.140804298782342
LFP,FUDS,10.0,2,LFP_10C_FUDS.csv,2561,65.75593400000001,gt65,300,6.83979217308044
LFP,FUDS,10.0,2,LFP_10C_FUDS.csv,2561,65.75593400000001,gt65,600,4.276340231704708
LFP,FUDS,10.0,2,LFP_10C_FUDS.csv,2561,65.75593400000001,gt65,900,3.882190266685484
LFP,FUDS,10.0,2,LFP_10C_FUDS.csv,2561,65.75593400000001,gt65,1200,3.126988731040953
LFP,FUDS,10.0,2,LFP_10C_FUDS.csv,2561,65.75593400000001,gt65,1800,1.6755523376007062
LFP,FUDS,10.0,2,LFP_10C_FUDS.csv,2561,65.75593400000001,gt65,2400,0.6423527740859996
LFP,FUDS,10.0,2,LFP_10C_FUDS.csv,2597,65.24056,gt65,0,
LFP,FUDS,10.0,2,LFP_10C_FUDS.csv,2597,65.24056,gt65,30,
LFP,FUDS,10.0,2,LFP_10C_FUDS.csv,2597,65.24056,gt65,60,14.141237632537837
LFP,FUDS,10.0,2,LFP_10C_FUDS.csv,2597,65.24056,gt65,120,12.72214373474121
LFP,FUDS,10.0,2,LFP_10C_FUDS.csv,2597,65.24056,gt65,300,11.206079007522582
LFP,FUDS,10.0,2,LFP_10C_FUDS.csv,2597,65.24056,gt65,600,8.271166959037778
LFP,FUDS,10.0,2,LFP_10C_FUDS.csv,2597,65.24056,gt65,900,5.740966256217959
LFP,FUDS,10.0,2,LFP_10C_FUDS.csv,2597,65.24056,gt65,1200,4.75243937866211
LFP,FUDS,10.0,2,LFP_10C_FUDS.csv,2597,65.24056,gt65,1800,4.787227515495303
LFP,FUDS,10.0,2,LFP_10C_FUDS.csv,2597,65.24056,gt65,2400,0.0902709548492453
LFP,FUDS,10.0,2,LFP_10C_FUDS.csv,4204,44.83129,35to65,0,
LFP,FUDS,10.0,2,LFP_10C_FUDS.csv,4204,44.83129,35to65,30,
LFP,FUDS,10.0,2,LFP_10C_FUDS.csv,4204,44.83129,35to65,60,11.740833510353085
LFP,FUDS,10.0,2,LFP_10C_FUDS.csv,4204,44.83129,35to65,120,9.471565049003601
LFP,FUDS,10.0,2,LFP_10C_FUDS.csv,4204,44.83129,35to65,300,7.453453782447816
LFP,FUDS,10.0,2,LFP_10C_FUDS.csv,4204,44.83129,35to65,600,5.5586425543289195
LFP,FUDS,10.0,2,LFP_10C_FUDS.csv,4204,44.83129,35to65,900,3.2723549584808325
LFP,FUDS,10.0,2,LFP_10C_FUDS.csv,4204,44.83129,35to65,1200,2.5205219773712138
LFP,FUDS,10.0,2,LFP_10C_FUDS.csv,4204,44.83129,35to65,1800,0.7637084853782632
LFP,FUDS,10.0,2,LFP_10C_FUDS.csv,4204,44.83129,35to65,2400,0.07624251076087951
LFP,FUDS,10.0,2,LFP_10C_FUDS.csv,4342,41.298884,35to65,0,
LFP,FUDS,10.0,2,LFP_10C_FUDS.csv,4342,41.298884,35to65,30,
LFP,FUDS,10.0,2,LFP_10C_FUDS.csv,4342,41.298884,35to65,60,26.073239599842076
LFP,FUDS,10.0,2,LFP_10C_FUDS.csv,4342,41.298884,35to65,120,23.73013657004165
LFP,FUDS,10.0,2,LFP_10C_FUDS.csv,4342,41.298884,35to65,300,20.94159912874222
LFP,FUDS,10.0,2,LFP_10C_FUDS.csv,4342,41.298884,35to65,600,15.215943307762146
LFP,FUDS,10.0,2,LFP_10C_FUDS.csv,4342,41.298884,35to65,900,12.28714388923645
LFP,FUDS,10.0,2,LFP_10C_FUDS.csv,4342,41.298884,35to65,1200,8.206230689178469
LFP,FUDS,10.0,2,LFP_10C_FUDS.csv,4342,41.298884,35to65,1800,2.1489111781654344
LFP,FUDS,10.0,2,LFP_10C_FUDS.csv,4342,41.298884,35to65,2400,0.5428443849029545
LFP,FUDS,10.0,2,LFP_10C_FUDS.csv,4423,39.625847,35to65,0,
LFP,FUDS,10.0,2,LFP_10C_FUDS.csv,4423,39.625847,35to65,30,
LFP,FUDS,10.0,2,LFP_10C_FUDS.csv,4423,39.625847,35to65,60,8.52097288898468
LFP,FUDS,10.0,2,LFP_10C_FUDS.csv,4423,39.625847,35to65,120,6.712549796264646
LFP,FUDS,10.0,2,LFP_10C_FUDS.csv,4423,39.625847,35to65,300,6.570038535125732
LFP,FUDS,10.0,2,LFP_10C_FUDS.csv,4423,39.625847,35to65,600,3.932643274795531
LFP,FUDS,10.0,2,LFP_10C_FUDS.csv,4423,39.625847,35to65,900,2.336123602859498
LFP,FUDS,10.0,2,LFP_10C_FUDS.csv,4423,39.625847,35to65,1200,1.2169835688171382
LFP,FUDS,10.0,2,LFP_10C_FUDS.csv,4423,39.625847,35to65,1800,0.2433132250518817
LFP,FUDS,10.0,2,LFP_10C_FUDS.csv,4423,39.625847,35to65,2400,0.17487899669265872
LFP,FUDS,10.0,2,LFP_10C_FUDS.csv,5649,26.274884,le35,0,
LFP,FUDS,10.0,2,LFP_10C_FUDS.csv,5649,26.274884,le35,30,
LFP,FUDS,10.0,2,LFP_10C_FUDS.csv,5649,26.274884,le35,60,9.402751549331665
LFP,FUDS,10.0,2,LFP_10C_FUDS.csv,5649,26.274884,le35,120,7.857074225891115
LFP,FUDS,10.0,2,LFP_10C_FUDS.csv,5649,26.274884,le35,300,6.414604406116485
LFP,FUDS,10.0,2,LFP_10C_FUDS.csv,5649,26.274884,le35,600,3.9918109913139332
LFP,FUDS,10.0,2,LFP_10C_FUDS.csv,5649,26.274884,le35,900,2.2926896822853102
LFP,FUDS,10.0,2,LFP_10C_FUDS.csv,5649,26.274884,le35,1200,1.020510483375169
LFP,FUDS,10.0,2,LFP_10C_FUDS.csv,5649,26.274884,le35,1800,
LFP,FUDS,10.0,2,LFP_10C_FUDS.csv,5649,26.274884,le35,2400,
LFP,FUDS,10.0,2,LFP_10C_FUDS.csv,6441,13.918707999999999,le35,0,
LFP,FUDS,10.0,2,LFP_10C_FUDS.csv,6441,13.918707999999999,le35,30,
LFP,FUDS,10.0,2,LFP_10C_FUDS.csv,6441,13.918707999999999,le35,60,5.437282312688826
LFP,FUDS,10.0,2,LFP_10C_FUDS.csv,6441,13.918707999999999,le35,120,4.461789369358064
LFP,FUDS,10.0,2,LFP_10C_FUDS.csv,6441,13.918707999999999,le35,300,3.2727224834823616
LFP,FUDS,10.0,2,LFP_10C_FUDS.csv,6441,13.918707999999999,le35,600,1.849759101721764
LFP,FUDS,10.0,2,LFP_10C_FUDS.csv,6441,13.918707999999999,le35,900,
LFP,FUDS,10.0,2,LFP_10C_FUDS.csv,6441,13.918707999999999,le35,1200,
LFP,FUDS,10.0,2,LFP_10C_FUDS.csv,6441,13.918707999999999,le35,1800,
LFP,FUDS,10.0,2,LFP_10C_FUDS.csv,6441,13.918707999999999,le35,2400,
LFP,FUDS,10.0,2,LFP_10C_FUDS.csv,6989,8.91318,le35,0,
LFP,FUDS,10.0,2,LFP_10C_FUDS.csv,6989,8.91318,le35,30,
LFP,FUDS,10.0,2,LFP_10C_FUDS.csv,6989,8.91318,le35,60,1.6197051315383915
LFP,FUDS,10.0,2,LFP_10C_FUDS.csv,6989,8.91318,le35,120,
LFP,FUDS,10.0,2,LFP_10C_FUDS.csv,6989,8.91318,le35,300,
LFP,FUDS,10.0,2,LFP_10C_FUDS.csv,6989,8.91318,le35,600,
LFP,FUDS,10.0,2,LFP_10C_FUDS.csv,6989,8.91318,le35,900,
LFP,FUDS,10.0,2,LFP_10C_FUDS.csv,6989,8.91318,le35,1200,
LFP,FUDS,10.0,2,LFP_10C_FUDS.csv,6989,8.91318,le35,1800,
LFP,FUDS,10.0,2,LFP_10C_FUDS.csv,6989,8.91318,le35,2400,
LFP,FUDS,20.0,0,LFP_20C_FUDS.csv,654,89.614284,gt65,0,
LFP,FUDS,20.0,0,LFP_20C_FUDS.csv,654,89.614284,gt65,30,
LFP,FUDS,20.0,0,LFP_20C_FUDS.csv,654,89.614284,gt65,60,18.547911905593878
LFP,FUDS,20.0,0,LFP_20C_FUDS.csv,654,89.614284,gt65,120,18.511199990768432
LFP,FUDS,20.0,0,LFP_20C_FUDS.csv,654,89.614284,gt65,300,15.225961505966197
LFP,FUDS,20.0,0,LFP_20C_FUDS.csv,654,89.614284,gt65,600,12.175923337097174
LFP,FUDS,20.0,0,LFP_20C_FUDS.csv,654,89.614284,gt65,900,10.236827142486575
LFP,FUDS,20.0,0,LFP_20C_FUDS.csv,654,89.614284,gt65,1200,7.107812561294551
LFP,FUDS,20.0,0,LFP_20C_FUDS.csv,654,89.614284,gt65,1800,5.883701560516357
LFP,FUDS,20.0,0,LFP_20C_FUDS.csv,654,89.614284,gt65,2400,4.587030696807858
LFP,FUDS,20.0,0,LFP_20C_FUDS.csv,786,87.89261,gt65,0,
LFP,FUDS,20.0,0,LFP_20C_FUDS.csv,786,87.89261,gt65,30,
LFP,FUDS,20.0,0,LFP_20C_FUDS.csv,786,87.89261,gt65,60,19.040700215225215
LFP,FUDS,20.0,0,LFP_20C_FUDS.csv,786,87.89261,gt65,120,17.374873077682494
LFP,FUDS,20.0,0,LFP_20C_FUDS.csv,786,87.89261,gt65,300,15.635526306182854
LFP,FUDS,20.0,0,LFP_20C_FUDS.csv,786,87.89261,gt65,600,12.20243530747986
LFP,FUDS,20.0,0,LFP_20C_FUDS.csv,786,87.89261,gt65,900,9.939011602401735
LFP,FUDS,20.0,0,LFP_20C_FUDS.csv,786,87.89261,gt65,1200,7.239803895492557
LFP,FUDS,20.0,0,LFP_20C_FUDS.csv,786,87.89261,gt65,1800,6.24610808732605
LFP,FUDS,20.0,0,LFP_20C_FUDS.csv,786,87.89261,gt65,2400,3.950084020385745
LFP,FUDS,20.0,0,LFP_20C_FUDS.csv,2524,66.811955,gt65,0,
LFP,FUDS,20.0,0,LFP_20C_FUDS.csv,2524,66.811955,gt65,30,
LFP,FUDS,20.0,0,LFP_20C_FUDS.csv,2524,66.811955,gt65,60,9.589839539794923
LFP,FUDS,20.0,0,LFP_20C_FUDS.csv,2524,66.811955,gt65,120,9.305691603317257
LFP,FUDS,20.0,0,LFP_20C_FUDS.csv,2524,66.811955,gt65,300,8.70747716789245
LFP,FUDS,20.0,0,LFP_20C_FUDS.csv,2524,66.811955,gt65,600,6.047290952819829
LFP,FUDS,20.0,0,LFP_20C_FUDS.csv,2524,66.811955,gt65,900,5.004688090515138
LFP,FUDS,20.0,0,LFP_20C_FUDS.csv,2524,66.811955,gt65,1200,3.5898986222839397
LFP,FUDS,20.0,0,LFP_20C_FUDS.csv,2524,66.811955,gt65,1800,1.3545220973968455
LFP,FUDS,20.0,0,LFP_20C_FUDS.csv,2524,66.811955,gt65,2400,0.19969370391083174
LFP,FUDS,20.0,0,LFP_20C_FUDS.csv,3901,49.282655,35to65,0,
LFP,FUDS,20.0,0,LFP_20C_FUDS.csv,3901,49.282655,35to65,30,
LFP,FUDS,20.0,0,LFP_20C_FUDS.csv,3901,49.282655,35to65,60,0.5395291332473704
LFP,FUDS,20.0,0,LFP_20C_FUDS.csv,3901,49.282655,35to65,120,0.7381205295867943
LFP,FUDS,20.0,0,LFP_20C_FUDS.csv,3901,49.282655,35to65,300,1.2269947654037523
LFP,FUDS,20.0,0,LFP_20C_FUDS.csv,3901,49.282655,35to65,600,2.855149077728271
LFP,FUDS,20.0,0,LFP_20C_FUDS.csv,3901,49.282655,35to65,900,1.2366951297073356
LFP,FUDS,20.0,0,LFP_20C_FUDS.csv,3901,49.282655,35to65,1200,0.8674011577606251
LFP,FUDS,20.0,0,LFP_20C_FUDS.csv,3901,49.282655,35to65,1800,0.005057628334043329
LFP,FUDS,20.0,0,LFP_20C_FUDS.csv,3901,49.282655,35to65,2400,0.5376189048843365
LFP,FUDS,20.0,0,LFP_20C_FUDS.csv,4480,39.98534,35to65,0,
LFP,FUDS,20.0,0,LFP_20C_FUDS.csv,4480,39.98534,35to65,30,
LFP,FUDS,20.0,0,LFP_20C_FUDS.csv,4480,39.98534,35to65,60,14.714619960929873
LFP,FUDS,20.0,0,LFP_20C_FUDS.csv,4480,39.98534,35to65,120,13.654098570137023
LFP,FUDS,20.0,0,LFP_20C_FUDS.csv,4480,39.98534,35to65,300,11.356356995323182
LFP,FUDS,20.0,0,LFP_20C_FUDS.csv,4480,39.98534,35to65,600,7.999479571441647
LFP,FUDS,20.0,0,LFP_20C_FUDS.csv,4480,39.98534,35to65,900,5.54531356788635
LFP,FUDS,20.0,0,LFP_20C_FUDS.csv,4480,39.98534,35to65,1200,3.4853996060104357
LFP,FUDS,20.0,0,LFP_20C_FUDS.csv,4480,39.98534,35to65,1800,0.560900437023161
LFP,FUDS,20.0,0,LFP_20C_FUDS.csv,4480,39.98534,35to65,2400,0.7632166148189548
LFP,FUDS,20.0,0,LFP_20C_FUDS.csv,4536,39.642984,35to65,0,
LFP,FUDS,20.0,0,LFP_20C_FUDS.csv,4536,39.642984,35to65,30,
LFP,FUDS,20.0,0,LFP_20C_FUDS.csv,4536,39.642984,35to65,60,5.023488704956051
LFP,FUDS,20.0,0,LFP_20C_FUDS.csv,4536,39.642984,35to65,120,4.743975024810794
LFP,FUDS,20.0,0,LFP_20C_FUDS.csv,4536,39.642984,35to65,300,3.692961171028138
LFP,FUDS,20.0,0,LFP_20C_FUDS.csv,4536,39.642984,35to65,600,2.203306579605105
LFP,FUDS,20.0,0,LFP_20C_FUDS.csv,4536,39.642984,35to65,900,1.0757424597549416
LFP,FUDS,20.0,0,LFP_20C_FUDS.csv,4536,39.642984,35to65,1200,2.416318606048584
LFP,FUDS,20.0,0,LFP_20C_FUDS.csv,4536,39.642984,35to65,1800,0.2912726796073919
LFP,FUDS,20.0,0,LFP_20C_FUDS.csv,4536,39.642984,35to65,2400,0.1888344481525408
LFP,FUDS,20.0,0,LFP_20C_FUDS.csv,6044,20.452724,le35,0,
LFP,FUDS,20.0,0,LFP_20C_FUDS.csv,6044,20.452724,le35,30,
LFP,FUDS,20.0,0,LFP_20C_FUDS.csv,6044,20.452724,le35,60,5.863762172489167
LFP,FUDS,20.0,0,LFP_20C_FUDS.csv,6044,20.452724,le35,120,5.542595399108887
LFP,FUDS,20.0,0,LFP_20C_FUDS.csv,6044,20.452724,le35,300,4.41767770275116
LFP,FUDS,20.0,0,LFP_20C_FUDS.csv,6044,20.452724,le35,600,2.8977319528617844
LFP,FUDS,20.0,0,LFP_20C_FUDS.csv,6044,20.452724,le35,900,1.5890531586856849
LFP,FUDS,20.0,0,LFP_20C_FUDS.csv,6044,20.452724,le35,1200,0.6752087398118976
LFP,FUDS,20.0,0,LFP_20C_FUDS.csv,6044,20.452724,le35,1800,
LFP,FUDS,20.0,0,LFP_20C_FUDS.csv,6044,20.452724,le35,2400,
LFP,FUDS,20.0,0,LFP_20C_FUDS.csv,6172,19.286528,le35,0,
LFP,FUDS,20.0,0,LFP_20C_FUDS.csv,6172,19.286528,le35,30,
LFP,FUDS,20.0,0,LFP_20C_FUDS.csv,6172,19.286528,le35,60,6.159870325489045
LFP,FUDS,20.0,0,LFP_20C_FUDS.csv,6172,19.286528,le35,120,5.772328838310241
LFP,FUDS,20.0,0,LFP_20C_FUDS.csv,6172,19.286528,le35,300,4.694411652128219
LFP,FUDS,20.0,0,LFP_20C_FUDS.csv,6172,19.286528,le35,600,2.8652962803096766
LFP,FUDS,20.0,0,LFP_20C_FUDS.csv,6172,19.286528,le35,900,1.167892689323807
LFP,FUDS,20.0,0,LFP_20C_FUDS.csv,6172,19.286528,le35,1200,
LFP,FUDS,20.0,0,LFP_20C_FUDS.csv,6172,19.286528,le35,1800,
LFP,FUDS,20.0,0,LFP_20C_FUDS.csv,6172,19.286528,le35,2400,
LFP,FUDS,20.0,0,LFP_20C_FUDS.csv,6579,14.68968,le35,0,
LFP,FUDS,20.0,0,LFP_20C_FUDS.csv,6579,14.68968,le35,30,
LFP,FUDS,20.0,0,LFP_20C_FUDS.csv,6579,14.68968,le35,60,6.163726033815383
LFP,FUDS,20.0,0,LFP_20C_FUDS.csv,6579,14.68968,le35,120,5.682085805305482
LFP,FUDS,20.0,0,LFP_20C_FUDS.csv,6579,14.68968,le35,300,4.330765907012941
LFP,FUDS,20.0,0,LFP_20C_FUDS.csv,6579,14.68968,le35,600,1.128830057141494
LFP,FUDS,20.0,0,LFP_20C_FUDS.csv,6579,14.68968,le35,900,
LFP,FUDS,20.0,0,LFP_20C_FUDS.csv,6579,14.68968,le35,1200,
LFP,FUDS,20.0,0,LFP_20C_FUDS.csv,6579,14.68968,le35,1800,
LFP,FUDS,20.0,0,LFP_20C_FUDS.csv,6579,14.68968,le35,2400,
LFP,FUDS,20.0,1,LFP_20C_FUDS.csv,654,89.614284,gt65,0,
LFP,FUDS,20.0,1,LFP_20C_FUDS.csv,654,89.614284,gt65,30,
LFP,FUDS,20.0,1,LFP_20C_FUDS.csv,654,89.614284,gt65,60,20.09410407478333
LFP,FUDS,20.0,1,LFP_20C_FUDS.csv,654,89.614284,gt65,120,19.947087804336547
LFP,FUDS,20.0,1,LFP_20C_FUDS.csv,654,89.614284,gt65,300,16.71809226234437
LFP,FUDS,20.0,1,LFP_20C_FUDS.csv,654,89.614284,gt65,600,13.792550315017706
LFP,FUDS,20.0,1,LFP_20C_FUDS.csv,654,89.614284,gt65,900,11.840835817108157
LFP,FUDS,20.0,1,LFP_20C_FUDS.csv,654,89.614284,gt65,1200,8.071947492858882
LFP,FUDS,20.0,1,LFP_20C_FUDS.csv,654,89.614284,gt65,1800,6.475963113327026
LFP,FUDS,20.0,1,LFP_20C_FUDS.csv,654,89.614284,gt65,2400,5.305189180313107
LFP,FUDS,20.0,1,LFP_20C_FUDS.csv,786,87.89261,gt65,0,
LFP,FUDS,20.0,1,LFP_20C_FUDS.csv,786,87.89261,gt65,30,
LFP,FUDS,20.0,1,LFP_20C_FUDS.csv,786,87.89261,gt65,60,20.583262461547847
LFP,FUDS,20.0,1,LFP_20C_FUDS.csv,786,87.89261,gt65,120,18.990051662734984
LFP,FUDS,20.0,1,LFP_20C_FUDS.csv,786,87.89261,gt65,300,16.993528730422966
LFP,FUDS,20.0,1,LFP_20C_FUDS.csv,786,87.89261,gt65,600,14.037406020141603
LFP,FUDS,20.0,1,LFP_20C_FUDS.csv,786,87.89261,gt65,900,10.030850439071656
LFP,FUDS,20.0,1,LFP_20C_FUDS.csv,786,87.89261,gt65,1200,8.184692487258914
LFP,FUDS,20.0,1,LFP_20C_FUDS.csv,786,87.89261,gt65,1800,6.886369260574341
LFP,FUDS,20.0,1,LFP_20C_FUDS.csv,786,87.89261,gt65,2400,4.056752492675784
LFP,FUDS,20.0,1,LFP_20C_FUDS.csv,2524,66.811955,gt65,0,
LFP,FUDS,20.0,1,LFP_20C_FUDS.csv,2524,66.811955,gt65,30,
LFP,FUDS,20.0,1,LFP_20C_FUDS.csv,2524,66.811955,gt65,60,10.638988576202394
LFP,FUDS,20.0,1,LFP_20C_FUDS.csv,2524,66.811955,gt65,120,10.415494326248165
LFP,FUDS,20.0,1,LFP_20C_FUDS.csv,2524,66.811955,gt65,300,9.452702120590203
LFP,FUDS,20.0,1,LFP_20C_FUDS.csv,2524,66.811955,gt65,600,7.014012725967412
LFP,FUDS,20.0,1,LFP_20C_FUDS.csv,2524,66.811955,gt65,900,5.045901722145082
LFP,FUDS,20.0,1,LFP_20C_FUDS.csv,2524,66.811955,gt65,1200,4.039970314750676
LFP,FUDS,20.0,1,LFP_20C_FUDS.csv,2524,66.811955,gt65,1800,1.6783451917648264
LFP,FUDS,20.0,1,LFP_20C_FUDS.csv,2524,66.811955,gt65,2400,0.03409411933136397
LFP,FUDS,20.0,1,LFP_20C_FUDS.csv,3901,49.282655,35to65,0,
LFP,FUDS,20.0,1,LFP_20C_FUDS.csv,3901,49.282655,35to65,30,
LFP,FUDS,20.0,1,LFP_20C_FUDS.csv,3901,49.282655,35to65,60,0.19319076497650656
LFP,FUDS,20.0,1,LFP_20C_FUDS.csv,3901,49.282655,35to65,120,0.0007037853546165707
LFP,FUDS,20.0,1,LFP_20C_FUDS.csv,3901,49.282655,35to65,300,0.914556158187871
LFP,FUDS,20.0,1,LFP_20C_FUDS.csv,3901,49.282655,35to65,600,1.91814022000122
LFP,FUDS,20.0,1,LFP_20C_FUDS.csv,3901,49.282655,35to65,900,1.1589676926879875
LFP,FUDS,20.0,1,LFP_20C_FUDS.csv,3901,49.282655,35to65,1200,0.5828158010482838
LFP,FUDS,20.0,1,LFP_20C_FUDS.csv,3901,49.282655,35to65,1800,0.3018556283111593
LFP,FUDS,20.0,1,LFP_20C_FUDS.csv,3901,49.282655,35to65,2400,0.4252507384376507
LFP,FUDS,20.0,1,LFP_20C_FUDS.csv,4480,39.98534,35to65,0,
LFP,FUDS,20.0,1,LFP_20C_FUDS.csv,4480,39.98534,35to65,30,
LFP,FUDS,20.0,1,LFP_20C_FUDS.csv,4480,39.98534,35to65,60,15.070988681461337
LFP,FUDS,20.0,1,LFP_20C_FUDS.csv,4480,39.98534,35to65,120,14.382133543281554
LFP,FUDS,20.0,1,LFP_20C_FUDS.csv,4480,39.98534,35to65,300,12.40699018738556
LFP,FUDS,20.0,1,LFP_20C_FUDS.csv,4480,39.98534,35to65,600,8.278208771804806
LFP,FUDS,20.0,1,LFP_20C_FUDS.csv,4480,39.98534,35to65,900,5.919334203968045
LFP,FUDS,20.0,1,LFP_20C_FUDS.csv,4480,39.98534,35to65,1200,3.3554078362197863
LFP,FUDS,20.0,1,LFP_20C_FUDS.csv,4480,39.98534,35to65,1800,0.26751892485809137
LFP,FUDS,20.0,1,LFP_20C_FUDS.csv,4480,39.98534,35to65,2400,0.46919360766449003
LFP,FUDS,20.0,1,LFP_20C_FUDS.csv,4536,39.642984,35to65,0,
LFP,FUDS,20.0,1,LFP_20C_FUDS.csv,4536,39.642984,35to65,30,
LFP,FUDS,20.0,1,LFP_20C_FUDS.csv,4536,39.642984,35to65,60,5.5172237799529995
LFP,FUDS,20.0,1,LFP_20C_FUDS.csv,4536,39.642984,35to65,120,5.403533201805118
LFP,FUDS,20.0,1,LFP_20C_FUDS.csv,4536,39.642984,35to65,300,4.064768984672547
LFP,FUDS,20.0,1,LFP_20C_FUDS.csv,4536,39.642984,35to65,600,2.6540756464157127
LFP,FUDS,20.0,1,LFP_20C_FUDS.csv,4536,39.642984,35to65,900,1.4698573117065408
LFP,FUDS,20.0,1,LFP_20C_FUDS.csv,4536,39.642984,35to65,1200,1.5318050490913393
LFP,FUDS,20.0,1,LFP_20C_FUDS.csv,4536,39.642984,35to65,1800,0.1644086635513311
LFP,FUDS,20.0,1,LFP_20C_FUDS.csv,4536,39.642984,35to65,2400,0.0021348193225847467
LFP,FUDS,20.0,1,LFP_20C_FUDS.csv,6044,20.452724,le35,0,
LFP,FUDS,20.0,1,LFP_20C_FUDS.csv,6044,20.452724,le35,30,
LFP,FUDS,20.0,1,LFP_20C_FUDS.csv,6044,20.452724,le35,60,5.772382291584016
LFP,FUDS,20.0,1,LFP_20C_FUDS.csv,6044,20.452724,le35,120,5.231269908634186
LFP,FUDS,20.0,1,LFP_20C_FUDS.csv,6044,20.452724,le35,300,3.405021610107422
LFP,FUDS,20.0,1,LFP_20C_FUDS.csv,6044,20.452724,le35,600,2.142701291040419
LFP,FUDS,20.0,1,LFP_20C_FUDS.csv,6044,20.452724,le35,900,1.0646731006355292
LFP,FUDS,20.0,1,LFP_20C_FUDS.csv,6044,20.452724,le35,1200,0.427618123466492
LFP,FUDS,20.0,1,LFP_20C_FUDS.csv,6044,20.452724,le35,1800,
LFP,FUDS,20.0,1,LFP_20C_FUDS.csv,6044,20.452724,le35,2400,
LFP,FUDS,20.0,1,LFP_20C_FUDS.csv,6172,19.286528,le35,0,
LFP,FUDS,20.0,1,LFP_20C_FUDS.csv,6172,19.286528,le35,30,
LFP,FUDS,20.0,1,LFP_20C_FUDS.csv,6172,19.286528,le35,60,5.80181032316208
LFP,FUDS,20.0,1,LFP_20C_FUDS.csv,6172,19.286528,le35,120,5.007158681354522
LFP,FUDS,20.0,1,LFP_20C_FUDS.csv,6172,19.286528,le35,300,3.618344413082122
LFP,FUDS,20.0,1,LFP_20C_FUDS.csv,6172,19.286528,le35,600,2.0064089953155513
LFP,FUDS,20.0,1,LFP_20C_FUDS.csv,6172,19.286528,le35,900,0.3329895683292392
LFP,FUDS,20.0,1,LFP_20C_FUDS.csv,6172,19.286528,le35,1200,
LFP,FUDS,20.0,1,LFP_20C_FUDS.csv,6172,19.286528,le35,1800,
LFP,FUDS,20.0,1,LFP_20C_FUDS.csv,6172,19.286528,le35,2400,
LFP,FUDS,20.0,1,LFP_20C_FUDS.csv,6579,14.68968,le35,0,
LFP,FUDS,20.0,1,LFP_20C_FUDS.csv,6579,14.68968,le35,30,
LFP,FUDS,20.0,1,LFP_20C_FUDS.csv,6579,14.68968,le35,60,5.630409749397277
LFP,FUDS,20.0,1,LFP_20C_FUDS.csv,6579,14.68968,le35,120,4.93530591643715
LFP,FUDS,20.0,1,LFP_20C_FUDS.csv,6579,14.68968,le35,300,3.435890827619554
LFP,FUDS,20.0,1,LFP_20C_FUDS.csv,6579,14.68968,le35,600,0.5614877161952965
LFP,FUDS,20.0,1,LFP_20C_FUDS.csv,6579,14.68968,le35,900,
LFP,FUDS,20.0,1,LFP_20C_FUDS.csv,6579,14.68968,le35,1200,
LFP,FUDS,20.0,1,LFP_20C_FUDS.csv,6579,14.68968,le35,1800,
LFP,FUDS,20.0,1,LFP_20C_FUDS.csv,6579,14.68968,le35,2400,
LFP,FUDS,20.0,2,LFP_20C_FUDS.csv,654,89.614284,gt65,0,
LFP,FUDS,20.0,2,LFP_20C_FUDS.csv,654,89.614284,gt65,30,
LFP,FUDS,20.0,2,LFP_20C_FUDS.csv,654,89.614284,gt65,60,18.874509596176154
LFP,FUDS,20.0,2,LFP_20C_FUDS.csv,654,89.614284,gt65,120,17.972385922927856
LFP,FUDS,20.0,2,LFP_20C_FUDS.csv,654,89.614284,gt65,300,14.869752227859507
LFP,FUDS,20.0,2,LFP_20C_FUDS.csv,654,89.614284,gt65,600,11.873149623031622
LFP,FUDS,20.0,2,LFP_20C_FUDS.csv,654,89.614284,gt65,900,10.12567044044495
LFP,FUDS,20.0,2,LFP_20C_FUDS.csv,654,89.614284,gt65,1200,7.023448147079463
LFP,FUDS,20.0,2,LFP_20C_FUDS.csv,654,89.614284,gt65,1800,5.907084462661743
LFP,FUDS,20.0,2,LFP_20C_FUDS.csv,654,89.614284,gt65,2400,5.518448638854977
LFP,FUDS,20.0,2,LFP_20C_FUDS.csv,786,87.89261,gt65,0,
LFP,FUDS,20.0,2,LFP_20C_FUDS.csv,786,87.89261,gt65,30,
LFP,FUDS,20.0,2,LFP_20C_FUDS.csv,786,87.89261,gt65,60,18.65413429153442
LFP,FUDS,20.0,2,LFP_20C_FUDS.csv,786,87.89261,gt65,120,17.62989751081848
LFP,FUDS,20.0,2,LFP_20C_FUDS.csv,786,87.89261,gt65,300,15.03118885234069
LFP,FUDS,20.0,2,LFP_20C_FUDS.csv,786,87.89261,gt65,600,11.8704731988678
LFP,FUDS,20.0,2,LFP_20C_FUDS.csv,786,87.89261,gt65,900,7.6733019638061535
LFP,FUDS,20.0,2,LFP_20C_FUDS.csv,786,87.89261,gt65,1200,7.324967011947635
LFP,FUDS,20.0,2,LFP_20C_FUDS.csv,786,87.89261,gt65,1800,6.3702407205352785
LFP,FUDS,20.0,2,LFP_20C_FUDS.csv,786,87.89261,gt65,2400,3.9018161790466337
LFP,FUDS,20.0,2,LFP_20C_FUDS.csv,2524,66.811955,gt65,0,
LFP,FUDS,20.0,2,LFP_20C_FUDS.csv,2524,66.811955,gt65,30,
LFP,FUDS,20.0,2,LFP_20C_FUDS.csv,2524,66.811955,gt65,60,9.95220597770691
LFP,FUDS,20.0,2,LFP_20C_FUDS.csv,2524,66.811955,gt65,120,9.881758574142452
LFP,FUDS,20.0,2,LFP_20C_FUDS.csv,2524,66.811955,gt65,300,8.781738594818108
LFP,FUDS,20.0,2,LFP_20C_FUDS.csv,2524,66.811955,gt65,600,6.101370247024541
LFP,FUDS,20.0,2,LFP_20C_FUDS.csv,2524,66.811955,gt65,900,5.088942236137392
LFP,FUDS,20.0,2,LFP_20C_FUDS.csv,2524,66.811955,gt65,1200,3.852695501098637
LFP,FUDS,20.0,2,LFP_20C_FUDS.csv,2524,66.811955,gt65,1800,0.7835513236999461
LFP,FUDS,20.0,2,LFP_20C_FUDS.csv,2524,66.811955,gt65,2400,0.01931164238738603
LFP,FUDS,20.0,2,LFP_20C_FUDS.csv,3901,49.282655,35to65,0,
LFP,FUDS,20.0,2,LFP_20C_FUDS.csv,3901,49.282655,35to65,30,
LFP,FUDS,20.0,2,LFP_20C_FUDS.csv,3901,49.282655,35to65,60,0.3187922720184275
LFP,FUDS,20.0,2,LFP_20C_FUDS.csv,3901,49.282655,35to65,120,0.3596459364242577
LFP,FUDS,20.0,2,LFP_20C_FUDS.csv,3901,49.282655,35to65,300,1.2480799084930467
LFP,FUDS,20.0,2,LFP_20C_FUDS.csv,3901,49.282655,35to65,600,2.4538727277069086
LFP,FUDS,20.0,2,LFP_20C_FUDS.csv,3901,49.282655,35to65,900,1.299896914794921
LFP,FUDS,20.0,2,LFP_20C_FUDS.csv,3901,49.282655,35to65,1200,0.6459460605621388
LFP,FUDS,20.0,2,LFP_20C_FUDS.csv,3901,49.282655,35to65,1800,0.25315600174712927
LFP,FUDS,20.0,2,LFP_20C_FUDS.csv,3901,49.282655,35to65,2400,0.24754843073653987
LFP,FUDS,20.0,2,LFP_20C_FUDS.csv,4480,39.98534,35to65,0,
LFP,FUDS,20.0,2,LFP_20C_FUDS.csv,4480,39.98534,35to65,30,
LFP,FUDS,20.0,2,LFP_20C_FUDS.csv,4480,39.98534,35to65,60,15.536576953079226
LFP,FUDS,20.0,2,LFP_20C_FUDS.csv,4480,39.98534,35to65,120,14.307344615249633
LFP,FUDS,20.0,2,LFP_20C_FUDS.csv,4480,39.98534,35to65,300,12.34910513661194
LFP,FUDS,20.0,2,LFP_20C_FUDS.csv,4480,39.98534,35to65,600,8.457951048473355
LFP,FUDS,20.0,2,LFP_20C_FUDS.csv,4480,39.98534,35to65,900,5.86090377069473
LFP,FUDS,20.0,2,LFP_20C_FUDS.csv,4480,39.98534,35to65,1200,3.2264248750419604
LFP,FUDS,20.0,2,LFP_20C_FUDS.csv,4480,39.98534,35to65,1800,0.30395524420928766
LFP,FUDS,20.0,2,LFP_20C_FUDS.csv,4480,39.98534,35to65,2400,0.6767161191467288
LFP,FUDS,20.0,2,LFP_20C_FUDS.csv,4536,39.642984,35to65,0,
LFP,FUDS,20.0,2,LFP_20C_FUDS.csv,4536,39.642984,35to65,30,
LFP,FUDS,20.0,2,LFP_20C_FUDS.csv,4536,39.642984,35to65,60,5.484605138099667
LFP,FUDS,20.0,2,LFP_20C_FUDS.csv,4536,39.642984,35to65,120,5.3148563915405305
LFP,FUDS,20.0,2,LFP_20C_FUDS.csv,4536,39.642984,35to65,300,4.1152720001907355
LFP,FUDS,20.0,2,LFP_20C_FUDS.csv,4536,39.642984,35to65,600,2.444833540931704
LFP,FUDS,20.0,2,LFP_20C_FUDS.csv,4536,39.642984,35to65,900,1.3531961207199075
LFP,FUDS,20.0,2,LFP_20C_FUDS.csv,4536,39.642984,35to65,1200,1.6518860565719606
LFP,FUDS,20.0,2,LFP_20C_FUDS.csv,4536,39.642984,35to65,1800,0.013704279701233446
LFP,FUDS,20.0,2,LFP_20C_FUDS.csv,4536,39.642984,35to65,2400,0.029652793699263214
LFP,FUDS,20.0,2,LFP_20C_FUDS.csv,6044,20.452724,le35,0,
LFP,FUDS,20.0,2,LFP_20C_FUDS.csv,6044,20.452724,le35,30,
LFP,FUDS,20.0,2,LFP_20C_FUDS.csv,6044,20.452724,le35,60,5.255000563888551
LFP,FUDS,20.0,2,LFP_20C_FUDS.csv,6044,20.452724,le35,120,4.863202286449432
LFP,FUDS,20.0,2,LFP_20C_FUDS.csv,6044,20.452724,le35,300,3.2876243017578126
LFP,FUDS,20.0,2,LFP_20C_FUDS.csv,6044,20.452724,le35,600,2.359172694877623
LFP,FUDS,20.0,2,LFP_20C_FUDS.csv,6044,20.452724,le35,900,1.012873684093476
LFP,FUDS,20.0,2,LFP_20C_FUDS.csv,6044,20.452724,le35,1200,0.23555780189704922
LFP,FUDS,20.0,2,LFP_20C_FUDS.csv,6044,20.452724,le35,1800,
LFP,FUDS,20.0,2,LFP_20C_FUDS.csv,6044,20.452724,le35,2400,
LFP,FUDS,20.0,2,LFP_20C_FUDS.csv,6172,19.286528,le35,0,
LFP,FUDS,20.0,2,LFP_20C_FUDS.csv,6172,19.286528,le35,30,
LFP,FUDS,20.0,2,LFP_20C_FUDS.csv,6172,19.286528,le35,60,5.2526280273628245
LFP,FUDS,20.0,2,LFP_20C_FUDS.csv,6172,19.286528,le35,120,4.854086502990722
LFP,FUDS,20.0,2,LFP_20C_FUDS.csv,6172,19.286528,le35,300,3.7999180424613943
LFP,FUDS,20.0,2,LFP_20C_FUDS.csv,6172,19.286528,le35,600,2.4979595600814815
LFP,FUDS,20.0,2,LFP_20C_FUDS.csv,6172,19.286528,le35,900,0.33282938084640534
LFP,FUDS,20.0,2,LFP_20C_FUDS.csv,6172,19.286528,le35,1200,
LFP,FUDS,20.0,2,LFP_20C_FUDS.csv,6172,19.286528,le35,1800,
LFP,FUDS,20.0,2,LFP_20C_FUDS.csv,6172,19.286528,le35,2400,
LFP,FUDS,20.0,2,LFP_20C_FUDS.csv,6579,14.68968,le35,0,
LFP,FUDS,20.0,2,LFP_20C_FUDS.csv,6579,14.68968,le35,30,
LFP,FUDS,20.0,2,LFP_20C_FUDS.csv,6579,14.68968,le35,60,5.470109762796401
LFP,FUDS,20.0,2,LFP_20C_FUDS.csv,6579,14.68968,le35,120,4.894722603925706
LFP,FUDS,20.0,2,LFP_20C_FUDS.csv,6579,14.68968,le35,300,3.583639566146852
LFP,FUDS,20.0,2,LFP_20C_FUDS.csv,6579,14.68968,le35,600,0.5594347087118141
LFP,FUDS,20.0,2,LFP_20C_FUDS.csv,6579,14.68968,le35,900,
LFP,FUDS,20.0,2,LFP_20C_FUDS.csv,6579,14.68968,le35,1200,
LFP,FUDS,20.0,2,LFP_20C_FUDS.csv,6579,14.68968,le35,1800,
LFP,FUDS,20.0,2,LFP_20C_FUDS.csv,6579,14.68968,le35,2400,
LFP,FUDS,25.0,0,LFP_25C_FUDS.csv,838,87.40436,gt65,0,
LFP,FUDS,25.0,0,LFP_25C_FUDS.csv,838,87.40436,gt65,30,
LFP,FUDS,25.0,0,LFP_25C_FUDS.csv,838,87.40436,gt65,60,13.120400469177255
LFP,FUDS,25.0,0,LFP_25C_FUDS.csv,838,87.40436,gt65,120,13.68715076980591
LFP,FUDS,25.0,0,LFP_25C_FUDS.csv,838,87.40436,gt65,300,11.786633774017332
LFP,FUDS,25.0,0,LFP_25C_FUDS.csv,838,87.40436,gt65,600,10.119094466171262
LFP,FUDS,25.0,0,LFP_25C_FUDS.csv,838,87.40436,gt65,900,7.084387939926145
LFP,FUDS,25.0,0,LFP_25C_FUDS.csv,838,87.40436,gt65,1200,5.561841625213631
LFP,FUDS,25.0,0,LFP_25C_FUDS.csv,838,87.40436,gt65,1800,5.296009442108158
LFP,FUDS,25.0,0,LFP_25C_FUDS.csv,838,87.40436,gt65,2400,3.4059942268676835
LFP,FUDS,25.0,0,LFP_25C_FUDS.csv,1718,75.93684,gt65,0,
LFP,FUDS,25.0,0,LFP_25C_FUDS.csv,1718,75.93684,gt65,30,
LFP,FUDS,25.0,0,LFP_25C_FUDS.csv,1718,75.93684,gt65,60,12.893389547958378
LFP,FUDS,25.0,0,LFP_25C_FUDS.csv,1718,75.93684,gt65,120,11.280041091384888
LFP,FUDS,25.0,0,LFP_25C_FUDS.csv,1718,75.93684,gt65,300,10.32551001396179
LFP,FUDS,25.0,0,LFP_25C_FUDS.csv,1718,75.93684,gt65,600,8.92605954658508
LFP,FUDS,25.0,0,LFP_25C_FUDS.csv,1718,75.93684,gt65,900,8.086210957641597
LFP,FUDS,25.0,0,LFP_25C_FUDS.csv,1718,75.93684,gt65,1200,7.584100490341186
LFP,FUDS,25.0,0,LFP_25C_FUDS.csv,1718,75.93684,gt65,1800,4.357716955528254
LFP,FUDS,25.0,0,LFP_25C_FUDS.csv,1718,75.93684,gt65,2400,2.1489320841522215
LFP,FUDS,25.0,0,LFP_25C_FUDS.csv,2336,68.14473,gt65,0,
LFP,FUDS,25.0,0,LFP_25C_FUDS.csv,2336,68.14473,gt65,30,
LFP,FUDS,25.0,0,LFP_25C_FUDS.csv,2336,68.14473,gt65,60,25.970879543296803
LFP,FUDS,25.0,0,LFP_25C_FUDS.csv,2336,68.14473,gt65,120,24.830251397438047
LFP,FUDS,25.0,0,LFP_25C_FUDS.csv,2336,68.14473,gt65,300,22.924441540145878
LFP,FUDS,25.0,0,LFP_25C_FUDS.csv,2336,68.14473,gt65,600,18.425459046325685
LFP,FUDS,25.0,0,LFP_25C_FUDS.csv,2336,68.14473,gt65,900,12.715271383209227
LFP,FUDS,25.0,0,LFP_25C_FUDS.csv,2336,68.14473,gt65,1200,9.840014390357979
LFP,FUDS,25.0,0,LFP_25C_FUDS.csv,2336,68.14473,gt65,1800,5.203583755149843
LFP,FUDS,25.0,0,LFP_25C_FUDS.csv,2336,68.14473,gt65,2400,1.2886166985778829
LFP,FUDS,25.0,0,LFP_25C_FUDS.csv,2751,64.870024,35to65,0,
LFP,FUDS,25.0,0,LFP_25C_FUDS.csv,2751,64.870024,35to65,30,
LFP,FUDS,25.0,0,LFP_25C_FUDS.csv,2751,64.870024,35to65,60,9.157192416320804
LFP,FUDS,25.0,0,LFP_25C_FUDS.csv,2751,64.870024,35to65,120,8.943576053222657
LFP,FUDS,25.0,0,LFP_25C_FUDS.csv,2751,64.870024,35to65,300,7.531601553710942
LFP,FUDS,25.0,0,LFP_25C_FUDS.csv,2751,64.870024,35to65,600,5.460205332313542
LFP,FUDS,25.0,0,LFP_25C_FUDS.csv,2751,64.870024,35to65,900,4.296619478569028
LFP,FUDS,25.0,0,LFP_25C_FUDS.csv,2751,64.870024,35to65,1200,3.024621307067868
LFP,FUDS,25.0,0,LFP_25C_FUDS.csv,2751,64.870024,35to65,1800,0.15395842663573944
LFP,FUDS,25.0,0,LFP_25C_FUDS.csv,2751,64.870024,35to65,2400,0.5080701075058016
LFP,FUDS,25.0,0,LFP_25C_FUDS.csv,4397,40.618359999999996,35to65,0,
LFP,FUDS,25.0,0,LFP_25C_FUDS.csv,4397,40.618359999999996,35to65,30,
LFP,FUDS,25.0,0,LFP_25C_FUDS.csv,4397,40.618359999999996,35to65,60,17.391754002265927
LFP,FUDS,25.0,0,LFP_25C_FUDS.csv,4397,40.618359999999996,35to65,120,15.958102481296535
LFP,FUDS,25.0,0,LFP_25C_FUDS.csv,4397,40.618359999999996,35to65,300,13.275359759532925
LFP,FUDS,25.0,0,LFP_25C_FUDS.csv,4397,40.618359999999996,35to65,600,9.109908724460603
LFP,FUDS,25.0,0,LFP_25C_FUDS.csv,4397,40.618359999999996,35to65,900,5.854603306419371
LFP,FUDS,25.0,0,LFP_25C_FUDS.csv,4397,40.618359999999996,35to65,1200,4.249795882614137
LFP,FUDS,25.0,0,LFP_25C_FUDS.csv,4397,40.618359999999996,35to65,1800,0.7682641118049602
LFP,FUDS,25.0,0,LFP_25C_FUDS.csv,4397,40.618359999999996,35to65,2400,0.6003464496612541
LFP,FUDS,25.0,0,LFP_25C_FUDS.csv,4754,36.998215,35to65,0,
LFP,FUDS,25.0,0,LFP_25C_FUDS.csv,4754,36.998215,35to65,30,
LFP,FUDS,25.0,0,LFP_25C_FUDS.csv,4754,36.998215,35to65,60,9.504324116065973
LFP,FUDS,25.0,0,LFP_25C_FUDS.csv,4754,36.998215,35to65,120,8.664429452621455
LFP,FUDS,25.0,0,LFP_25C_FUDS.csv,4754,36.998215,35to65,300,6.932154296455387
LFP,FUDS,25.0,0,LFP_25C_FUDS.csv,4754,36.998215,35to65,600,4.88124807437897
LFP,FUDS,25.0,0,LFP_25C_FUDS.csv,4754,36.998215,35to65,900,3.0104260658531174
LFP,FUDS,25.0,0,LFP_25C_FUDS.csv,4754,36.998215,35to65,1200,0.7089469847679126
LFP,FUDS,25.0,0,LFP_25C_FUDS.csv,4754,36.998215,35to65,1800,0.49268917206191887
LFP,FUDS,25.0,0,LFP_25C_FUDS.csv,4754,36.998215,35to65,2400,0.21831469569187156
LFP,FUDS,25.0,0,LFP_25C_FUDS.csv,5575,28.248134000000004,le35,0,
LFP,FUDS,25.0,0,LFP_25C_FUDS.csv,5575,28.248134000000004,le35,30,
LFP,FUDS,25.0,0,LFP_25C_FUDS.csv,5575,28.248134000000004,le35,60,9.664276583843229
LFP,FUDS,25.0,0,LFP_25C_FUDS.csv,5575,28.248134000000004,le35,120,8.207853053432462
LFP,FUDS,25.0,0,LFP_25C_FUDS.csv,5575,28.248134000000004,le35,300,5.424477167564394
LFP,FUDS,25.0,0,LFP_25C_FUDS.csv,5575,28.248134000000004,le35,600,3.363880274898527
LFP,FUDS,25.0,0,LFP_25C_FUDS.csv,5575,28.248134000000004,le35,900,2.268671209449769
LFP,FUDS,25.0,0,LFP_25C_FUDS.csv,5575,28.248134000000004,le35,1200,1.0992126036891943
LFP,FUDS,25.0,0,LFP_25C_FUDS.csv,5575,28.248134000000004,le35,1800,0.5993509409389497
LFP,FUDS,25.0,0,LFP_25C_FUDS.csv,5575,28.248134000000004,le35,2400,
LFP,FUDS,25.0,0,LFP_25C_FUDS.csv,6606,13.944903,le35,0,
LFP,FUDS,25.0,0,LFP_25C_FUDS.csv,6606,13.944903,le35,30,
LFP,FUDS,25.0,0,LFP_25C_FUDS.csv,6606,13.944903,le35,60,6.069668109100343
LFP,FUDS,25.0,0,LFP_25C_FUDS.csv,6606,13.944903,le35,120,5.707096792095184
LFP,FUDS,25.0,0,LFP_25C_FUDS.csv,6606,13.944903,le35,300,4.2628383774814615
LFP,FUDS,25.0,0,LFP_25C_FUDS.csv,6606,13.944903,le35,600,0.6902366552623747
LFP,FUDS,25.0,0,LFP_25C_FUDS.csv,6606,13.944903,le35,900,
LFP,FUDS,25.0,0,LFP_25C_FUDS.csv,6606,13.944903,le35,1200,
LFP,FUDS,25.0,0,LFP_25C_FUDS.csv,6606,13.944903,le35,1800,
LFP,FUDS,25.0,0,LFP_25C_FUDS.csv,6606,13.944903,le35,2400,
LFP,FUDS,25.0,0,LFP_25C_FUDS.csv,7008,10.254254999999999,le35,0,
LFP,FUDS,25.0,0,LFP_25C_FUDS.csv,7008,10.254254999999999,le35,30,
LFP,FUDS,25.0,0,LFP_25C_FUDS.csv,7008,10.254254999999999,le35,60,3.6785596925878528
LFP,FUDS,25.0,0,LFP_25C_FUDS.csv,7008,10.254254999999999,le35,120,1.2702364908149715
LFP,FUDS,25.0,0,LFP_25C_FUDS.csv,7008,10.254254999999999,le35,300,0.4253491347225191
LFP,FUDS,25.0,0,LFP_25C_FUDS.csv,7008,10.254254999999999,le35,600,
LFP,FUDS,25.0,0,LFP_25C_FUDS.csv,7008,10.254254999999999,le35,900,
LFP,FUDS,25.0,0,LFP_25C_FUDS.csv,7008,10.254254999999999,le35,1200,
LFP,FUDS,25.0,0,LFP_25C_FUDS.csv,7008,10.254254999999999,le35,1800,
LFP,FUDS,25.0,0,LFP_25C_FUDS.csv,7008,10.254254999999999,le35,2400,
LFP,FUDS,25.0,1,LFP_25C_FUDS.csv,838,87.40436,gt65,0,
LFP,FUDS,25.0,1,LFP_25C_FUDS.csv,838,87.40436,gt65,30,
LFP,FUDS,25.0,1,LFP_25C_FUDS.csv,838,87.40436,gt65,60,14.539497654312143
LFP,FUDS,25.0,1,LFP_25C_FUDS.csv,838,87.40436,gt65,120,14.679156833267214
LFP,FUDS,25.0,1,LFP_25C_FUDS.csv,838,87.40436,gt65,300,13.043028160308836
LFP,FUDS,25.0,1,LFP_25C_FUDS.csv,838,87.40436,gt65,600,11.242528771362302
LFP,FUDS,25.0,1,LFP_25C_FUDS.csv,838,87.40436,gt65,900,7.902235191818235
LFP,FUDS,25.0,1,LFP_25C_FUDS.csv,838,87.40436,gt65,1200,6.395066875457772
LFP,FUDS,25.0,1,LFP_25C_FUDS.csv,838,87.40436,gt65,1800,5.8912750690155065
LFP,FUDS,25.0,1,LFP_25C_FUDS.csv,838,87.40436,gt65,2400,3.508633425170906
LFP,FUDS,25.0,1,LFP_25C_FUDS.csv,1718,75.93684,gt65,0,
LFP,FUDS,25.0,1,LFP_25C_FUDS.csv,1718,75.93684,gt65,30,
LFP,FUDS,25.0,1,LFP_25C_FUDS.csv,1718,75.93684,gt65,60,13.431792343750004
LFP,FUDS,25.0,1,LFP_25C_FUDS.csv,1718,75.93684,gt65,120,12.353836648406983
LFP,FUDS,25.0,1,LFP_25C_FUDS.csv,1718,75.93684,gt65,300,11.329437006378171
LFP,FUDS,25.0,1,LFP_25C_FUDS.csv,1718,75.93684,gt65,600,9.920574965591427
LFP,FUDS,25.0,1,LFP_25C_FUDS.csv,1718,75.93684,gt65,900,8.67822217094421
LFP,FUDS,25.0,1,LFP_25C_FUDS.csv,1718,75.93684,gt65,1200,8.168297534713744
LFP,FUDS,25.0,1,LFP_25C_FUDS.csv,1718,75.93684,gt65,1800,4.625937857017512
LFP,FUDS,25.0,1,LFP_25C_FUDS.csv,1718,75.93684,gt65,2400,2.509242161819458
LFP,FUDS,25.0,1,LFP_25C_FUDS.csv,2336,68.14473,gt65,0,
LFP,FUDS,25.0,1,LFP_25C_FUDS.csv,2336,68.14473,gt65,30,
LFP,FUDS,25.0,1,LFP_25C_FUDS.csv,2336,68.14473,gt65,60,26.220926988594044
LFP,FUDS,25.0,1,LFP_25C_FUDS.csv,2336,68.14473,gt65,120,25.063505234069822
LFP,FUDS,25.0,1,LFP_25C_FUDS.csv,2336,68.14473,gt65,300,23.48966344585419
LFP,FUDS,25.0,1,LFP_25C_FUDS.csv,2336,68.14473,gt65,600,19.239992279968263
LFP,FUDS,25.0,1,LFP_25C_FUDS.csv,2336,68.14473,gt65,900,12.89316144554138
LFP,FUDS,25.0,1,LFP_25C_FUDS.csv,2336,68.14473,gt65,1200,10.238084010490425
LFP,FUDS,25.0,1,LFP_25C_FUDS.csv,2336,68.14473,gt65,1800,5.844834365501406
LFP,FUDS,25.0,1,LFP_25C_FUDS.csv,2336,68.14473,gt65,2400,1.364624541595461
LFP,FUDS,25.0,1,LFP_25C_FUDS.csv,2751,64.870024,35to65,0,
LFP,FUDS,25.0,1,LFP_25C_FUDS.csv,2751,64.870024,35to65,30,
LFP,FUDS,25.0,1,LFP_25C_FUDS.csv,2751,64.870024,35to65,60,10.002356476913455
LFP,FUDS,25.0,1,LFP_25C_FUDS.csv,2751,64.870024,35to65,120,9.50230403288269
LFP,FUDS,25.0,1,LFP_25C_FUDS.csv,2751,64.870024,35to65,300,8.213109141143804
LFP,FUDS,25.0,1,LFP_25C_FUDS.csv,2751,64.870024,35to65,600,5.594434992347722
LFP,FUDS,25.0,1,LFP_25C_FUDS.csv,2751,64.870024,35to65,900,4.5179523862457245
LFP,FUDS,25.0,1,LFP_25C_FUDS.csv,2751,64.870024,35to65,1200,3.441341220550534
LFP,FUDS,25.0,1,LFP_25C_FUDS.csv,2751,64.870024,35to65,1800,0.3630068170242282
LFP,FUDS,25.0,1,LFP_25C_FUDS.csv,2751,64.870024,35to65,2400,0.7493556700210604
LFP,FUDS,25.0,1,LFP_25C_FUDS.csv,4397,40.618359999999996,35to65,0,
LFP,FUDS,25.0,1,LFP_25C_FUDS.csv,4397,40.618359999999996,35to65,30,
LFP,FUDS,25.0,1,LFP_25C_FUDS.csv,4397,40.618359999999996,35to65,60,16.913258344821926
LFP,FUDS,25.0,1,LFP_25C_FUDS.csv,4397,40.618359999999996,35to65,120,16.324776844909664
LFP,FUDS,25.0,1,LFP_25C_FUDS.csv,4397,40.618359999999996,35to65,300,13.893261740409848
LFP,FUDS,25.0,1,LFP_25C_FUDS.csv,4397,40.618359999999996,35to65,600,9.339084113273621
LFP,FUDS,25.0,1,LFP_25C_FUDS.csv,4397,40.618359999999996,35to65,900,6.365801052219389
LFP,FUDS,25.0,1,LFP_25C_FUDS.csv,4397,40.618359999999996,35to65,1200,4.437382130535127
LFP,FUDS,25.0,1,LFP_25C_FUDS.csv,4397,40.618359999999996,35to65,1800,0.7953514426231365
LFP,FUDS,25.0,1,LFP_25C_FUDS.csv,4397,40.618359999999996,35to65,2400,0.4102508461952201
LFP,FUDS,25.0,1,LFP_25C_FUDS.csv,4754,36.998215,35to65,0,
LFP,FUDS,25.0,1,LFP_25C_FUDS.csv,4754,36.998215,35to65,30,
LFP,FUDS,25.0,1,LFP_25C_FUDS.csv,4754,36.998215,35to65,60,9.93855289395141
LFP,FUDS,25.0,1,LFP_25C_FUDS.csv,4754,36.998215,35to65,120,8.808046844207759
LFP,FUDS,25.0,1,LFP_25C_FUDS.csv,4754,36.998215,35to65,300,7.47693478923798
LFP,FUDS,25.0,1,LFP_25C_FUDS.csv,4754,36.998215,35to65,600,5.204883414115908
LFP,FUDS,25.0,1,LFP_25C_FUDS.csv,4754,36.998215,35to65,900,3.0906747793464646
LFP,FUDS,25.0,1,LFP_25C_FUDS.csv,4754,36.998215,35to65,1200,0.6314877686500537
LFP,FUDS,25.0,1,LFP_25C_FUDS.csv,4754,36.998215,35to65,1800,0.19891128900909294
LFP,FUDS,25.0,1,LFP_25C_FUDS.csv,4754,36.998215,35to65,2400,0.46196805272083274
LFP,FUDS,25.0,1,LFP_25C_FUDS.csv,5575,28.248134000000004,le35,0,
LFP,FUDS,25.0,1,LFP_25C_FUDS.csv,5575,28.248134000000004,le35,30,
LFP,FUDS,25.0,1,LFP_25C_FUDS.csv,5575,28.248134000000004,le35,60,9.362788839988706
LFP,FUDS,25.0,1,LFP_25C_FUDS.csv,5575,28.248134000000004,le35,120,6.682762418609617
LFP,FUDS,25.0,1,LFP_25C_FUDS.csv,5575,28.248134000000004,le35,300,4.712453492122652
LFP,FUDS,25.0,1,LFP_25C_FUDS.csv,5575,28.248134000000004,le35,600,2.963755784637449
LFP,FUDS,25.0,1,LFP_25C_FUDS.csv,5575,28.248134000000004,le35,900,1.5442452975463876
LFP,FUDS,25.0,1,LFP_25C_FUDS.csv,5575,28.248134000000004,le35,1200,0.6531612445125585
LFP,FUDS,25.0,1,LFP_25C_FUDS.csv,5575,28.248134000000004,le35,1800,0.48692577755069744
LFP,FUDS,25.0,1,LFP_25C_FUDS.csv,5575,28.248134000000004,le35,2400,
LFP,FUDS,25.0,1,LFP_25C_FUDS.csv,6606,13.944903,le35,0,
LFP,FUDS,25.0,1,LFP_25C_FUDS.csv,6606,13.944903,le35,30,
LFP,FUDS,25.0,1,LFP_25C_FUDS.csv,6606,13.944903,le35,60,5.083409423511506
LFP,FUDS,25.0,1,LFP_25C_FUDS.csv,6606,13.944903,le35,120,4.838258511655807
LFP,FUDS,25.0,1,LFP_25C_FUDS.csv,6606,13.944903,le35,300,3.2005435366687784
LFP,FUDS,25.0,1,LFP_25C_FUDS.csv,6606,13.944903,le35,600,0.13226273915443443
LFP,FUDS,25.0,1,LFP_25C_FUDS.csv,6606,13.944903,le35,900,
LFP,FUDS,25.0,1,LFP_25C_FUDS.csv,6606,13.944903,le35,1200,
LFP,FUDS,25.0,1,LFP_25C_FUDS.csv,6606,13.944903,le35,1800,
LFP,FUDS,25.0,1,LFP_25C_FUDS.csv,6606,13.944903,le35,2400,
LFP,FUDS,25.0,1,LFP_25C_FUDS.csv,7008,10.254254999999999,le35,0,
LFP,FUDS,25.0,1,LFP_25C_FUDS.csv,7008,10.254254999999999,le35,30,
LFP,FUDS,25.0,1,LFP_25C_FUDS.csv,7008,10.254254999999999,le35,60,2.5027466882133487
LFP,FUDS,25.0,1,LFP_25C_FUDS.csv,7008,10.254254999999999,le35,120,0.5996238873889919
LFP,FUDS,25.0,1,LFP_25C_FUDS.csv,7008,10.254254999999999,le35,300,0.09018224128169994
LFP,FUDS,25.0,1,LFP_25C_FUDS.csv,7008,10.254254999999999,le35,600,
LFP,FUDS,25.0,1,LFP_25C_FUDS.csv,7008,10.254254999999999,le35,900,
LFP,FUDS,25.0,1,LFP_25C_FUDS.csv,7008,10.254254999999999,le35,1200,
LFP,FUDS,25.0,1,LFP_25C_FUDS.csv,7008,10.254254999999999,le35,1800,
LFP,FUDS,25.0,1,LFP_25C_FUDS.csv,7008,10.254254999999999,le35,2400,
LFP,FUDS,25.0,2,LFP_25C_FUDS.csv,838,87.40436,gt65,0,
LFP,FUDS,25.0,2,LFP_25C_FUDS.csv,838,87.40436,gt65,30,
LFP,FUDS,25.0,2,LFP_25C_FUDS.csv,838,87.40436,gt65,60,12.54661039578248
LFP,FUDS,25.0,2,LFP_25C_FUDS.csv,838,87.40436,gt65,120,12.570433908081057
LFP,FUDS,25.0,2,LFP_25C_FUDS.csv,838,87.40436,gt65,300,11.475873037551878
LFP,FUDS,25.0,2,LFP_25C_FUDS.csv,838,87.40436,gt65,600,9.581502293548581
LFP,FUDS,25.0,2,LFP_25C_FUDS.csv,838,87.40436,gt65,900,7.2495047268829325
LFP,FUDS,25.0,2,LFP_25C_FUDS.csv,838,87.40436,gt65,1200,5.791927474975594
LFP,FUDS,25.0,2,LFP_25C_FUDS.csv,838,87.40436,gt65,1800,5.546819826858524
LFP,FUDS,25.0,2,LFP_25C_FUDS.csv,838,87.40436,gt65,2400,3.1819880508728104
LFP,FUDS,25.0,2,LFP_25C_FUDS.csv,1718,75.93684,gt65,0,
LFP,FUDS,25.0,2,LFP_25C_FUDS.csv,1718,75.93684,gt65,30,
LFP,FUDS,25.0,2,LFP_25C_FUDS.csv,1718,75.93684,gt65,60,11.982666338577275
LFP,FUDS,25.0,2,LFP_25C_FUDS.csv,1718,75.93684,gt65,120,10.807298772277832
LFP,FUDS,25.0,2,LFP_25C_FUDS.csv,1718,75.93684,gt65,300,10.481912601852414
LFP,FUDS,25.0,2,LFP_25C_FUDS.csv,1718,75.93684,gt65,600,8.931465687866208
LFP,FUDS,25.0,2,LFP_25C_FUDS.csv,1718,75.93684,gt65,900,8.237684241409298
LFP,FUDS,25.0,2,LFP_25C_FUDS.csv,1718,75.93684,gt65,1200,7.870977645645141
LFP,FUDS,25.0,2,LFP_25C_FUDS.csv,1718,75.93684,gt65,1800,4.420951523170466
LFP,FUDS,25.0,2,LFP_25C_FUDS.csv,1718,75.93684,gt65,2400,2.3719160404891966
LFP,FUDS,25.0,2,LFP_25C_FUDS.csv,2336,68.14473,gt65,0,
LFP,FUDS,25.0,2,LFP_25C_FUDS.csv,2336,68.14473,gt65,30,
LFP,FUDS,25.0,2,LFP_25C_FUDS.csv,2336,68.14473,gt65,60,26.625591862670888
LFP,FUDS,25.0,2,LFP_25C_FUDS.csv,2336,68.14473,gt65,120,25.602688850708006
LFP,FUDS,25.0,2,LFP_25C_FUDS.csv,2336,68.14473,gt65,300,24.08861263980866
LFP,FUDS,25.0,2,LFP_25C_FUDS.csv,2336,68.14473,gt65,600,20.03338374610901
LFP,FUDS,25.0,2,LFP_25C_FUDS.csv,2336,68.14473,gt65,900,12.376201420707702
LFP,FUDS,25.0,2,LFP_25C_FUDS.csv,2336,68.14473,gt65,1200,10.065218619712837
LFP,FUDS,25.0,2,LFP_25C_FUDS.csv,2336,68.14473,gt65,1800,5.743408121719362
LFP,FUDS,25.0,2,LFP_25C_FUDS.csv,2336,68.14473,gt65,2400,1.3479471619873067
LFP,FUDS,25.0,2,LFP_25C_FUDS.csv,2751,64.870024,35to65,0,
LFP,FUDS,25.0,2,LFP_25C_FUDS.csv,2751,64.870024,35to65,30,
LFP,FUDS,25.0,2,LFP_25C_FUDS.csv,2751,64.870024,35to65,60,9.189647145401004
LFP,FUDS,25.0,2,LFP_25C_FUDS.csv,2751,64.870024,35to65,120,8.740801051696778
LFP,FUDS,25.0,2,LFP_25C_FUDS.csv,2751,64.870024,35to65,300,7.435536747726445
LFP,FUDS,25.0,2,LFP_25C_FUDS.csv,2751,64.870024,35to65,600,5.3467687526092575
LFP,FUDS,25.0,2,LFP_25C_FUDS.csv,2751,64.870024,35to65,900,4.330796781883237
LFP,FUDS,25.0,2,LFP_25C_FUDS.csv,2751,64.870024,35to65,1200,3.039969503097531
LFP,FUDS,25.0,2,LFP_25C_FUDS.csv,2751,64.870024,35to65,1800,0.02687834374236786
LFP,FUDS,25.0,2,LFP_25C_FUDS.csv,2751,64.870024,35to65,2400,0.3927112780075106
LFP,FUDS,25.0,2,LFP_25C_FUDS.csv,4397,40.618359999999996,35to65,0,
LFP,FUDS,25.0,2,LFP_25C_FUDS.csv,4397,40.618359999999996,35to65,30,
LFP,FUDS,25.0,2,LFP_25C_FUDS.csv,4397,40.618359999999996,35to65,60,18.525055856399533
LFP,FUDS,25.0,2,LFP_25C_FUDS.csv,4397,40.618359999999996,35to65,120,17.080660598209377
LFP,FUDS,25.0,2,LFP_25C_FUDS.csv,4397,40.618359999999996,35to65,300,14.535679111682889
LFP,FUDS,25.0,2,LFP_25C_FUDS.csv,4397,40.618359999999996,35to65,600,9.694584096107484
LFP,FUDS,25.0,2,LFP_25C_FUDS.csv,4397,40.618359999999996,35to65,900,6.237226382858275
LFP,FUDS,25.0,2,LFP_25C_FUDS.csv,4397,40.618359999999996,35to65,1200,4.10691311827469
LFP,FUDS,25.0,2,LFP_25C_FUDS.csv,4397,40.618359999999996,35to65,1800,0.784405049610136
LFP,FUDS,25.0,2,LFP_25C_FUDS.csv,4397,40.618359999999996,35to65,2400,0.5483078694820396
LFP,FUDS,25.0,2,LFP_25C_FUDS.csv,4754,36.998215,35to65,0,
LFP,FUDS,25.0,2,LFP_25C_FUDS.csv,4754,36.998215,35to65,30,
LFP,FUDS,25.0,2,LFP_25C_FUDS.csv,4754,36.998215,35to65,60,10.371521033599848
LFP,FUDS,25.0,2,LFP_25C_FUDS.csv,4754,36.998215,35to65,120,9.324521091186519
LFP,FUDS,25.0,2,LFP_25C_FUDS.csv,4754,36.998215,35to65,300,7.388091085968021
LFP,FUDS,25.0,2,LFP_25C_FUDS.csv,4754,36.998215,35to65,600,5.0646694477462795
LFP,FUDS,25.0,2,LFP_25C_FUDS.csv,4754,36.998215,35to65,900,3.164332709243773
LFP,FUDS,25.0,2,LFP_25C_FUDS.csv,4754,36.998215,35to65,1200,0.40475468015670657
LFP,FUDS,25.0,2,LFP_25C_FUDS.csv,4754,36.998215,35to65,1800,0.48312560680770744
LFP,FUDS,25.0,2,LFP_25C_FUDS.csv,4754,36.998215,35to65,2400,0.5627535465715408
LFP,FUDS,25.0,2,LFP_25C_FUDS.csv,5575,28.248134000000004,le35,0,
LFP,FUDS,25.0,2,LFP_25C_FUDS.csv,5575,28.248134000000004,le35,30,
LFP,FUDS,25.0,2,LFP_25C_FUDS.csv,5575,28.248134000000004,le35,60,10.285033627204893
LFP,FUDS,25.0,2,LFP_25C_FUDS.csv,5575,28.248134000000004,le35,120,8.255164240222928
LFP,FUDS,25.0,2,LFP_25C_FUDS.csv,5575,28.248134000000004,le35,300,5.085094280677797
LFP,FUDS,25.0,2,LFP_25C_FUDS.csv,5575,28.248134000000004,le35,600,3.4740028363533
LFP,FUDS,25.0,2,LFP_25C_FUDS.csv,5575,28.248134000000004,le35,900,2.0356483408164987
LFP,FUDS,25.0,2,LFP_25C_FUDS.csv,5575,28.248134000000004,le35,1200,0.9686404336700445
LFP,FUDS,25.0,2,LFP_25C_FUDS.csv,5575,28.248134000000004,le35,1800,0.5417318758926393
LFP,FUDS,25.0,2,LFP_25C_FUDS.csv,5575,28.248134000000004,le35,2400,
LFP,FUDS,25.0,2,LFP_25C_FUDS.csv,6606,13.944903,le35,0,
LFP,FUDS,25.0,2,LFP_25C_FUDS.csv,6606,13.944903,le35,30,
LFP,FUDS,25.0,2,LFP_25C_FUDS.csv,6606,13.944903,le35,60,5.766015971582414
LFP,FUDS,25.0,2,LFP_25C_FUDS.csv,6606,13.944903,le35,120,5.316934473150253
LFP,FUDS,25.0,2,LFP_25C_FUDS.csv,6606,13.944903,le35,300,3.6026975650844584
LFP,FUDS,25.0,2,LFP_25C_FUDS.csv,6606,13.944903,le35,600,0.1894462529691694
LFP,FUDS,25.0,2,LFP_25C_FUDS.csv,6606,13.944903,le35,900,
LFP,FUDS,25.0,2,LFP_25C_FUDS.csv,6606,13.944903,le35,1200,
LFP,FUDS,25.0,2,LFP_25C_FUDS.csv,6606,13.944903,le35,1800,
LFP,FUDS,25.0,2,LFP_25C_FUDS.csv,6606,13.944903,le35,2400,
LFP,FUDS,25.0,2,LFP_25C_FUDS.csv,7008,10.254254999999999,le35,0,
LFP,FUDS,25.0,2,LFP_25C_FUDS.csv,7008,10.254254999999999,le35,30,
LFP,FUDS,25.0,2,LFP_25C_FUDS.csv,7008,10.254254999999999,le35,60,3.1686572302246097
LFP,FUDS,25.0,2,LFP_25C_FUDS.csv,7008,10.254254999999999,le35,120,0.9773169146469112
LFP,FUDS,25.0,2,LFP_25C_FUDS.csv,7008,10.254254999999999,le35,300,0.12220251909809132
LFP,FUDS,25.0,2,LFP_25C_FUDS.csv,7008,10.254254999999999,le35,600,
LFP,FUDS,25.0,2,LFP_25C_FUDS.csv,7008,10.254254999999999,le35,900,
LFP,FUDS,25.0,2,LFP_25C_FUDS.csv,7008,10.254254999999999,le35,1200,
LFP,FUDS,25.0,2,LFP_25C_FUDS.csv,7008,10.254254999999999,le35,1800,
LFP,FUDS,25.0,2,LFP_25C_FUDS.csv,7008,10.254254999999999,le35,2400,
LFP,FUDS,30.0,0,LFP_30C_FUDS.csv,843,87.382627,gt65,0,
LFP,FUDS,30.0,0,LFP_30C_FUDS.csv,843,87.382627,gt65,30,
LFP,FUDS,30.0,0,LFP_30C_FUDS.csv,843,87.382627,gt65,60,15.991848167037958
LFP,FUDS,30.0,0,LFP_30C_FUDS.csv,843,87.382627,gt65,120,16.413360737274175
LFP,FUDS,30.0,0,LFP_30C_FUDS.csv,843,87.382627,gt65,300,14.405016020660398
LFP,FUDS,30.0,0,LFP_30C_FUDS.csv,843,87.382627,gt65,600,11.88563525115967
LFP,FUDS,30.0,0,LFP_30C_FUDS.csv,843,87.382627,gt65,900,8.582993130874641
LFP,FUDS,30.0,0,LFP_30C_FUDS.csv,843,87.382627,gt65,1200,6.934708210113527
LFP,FUDS,30.0,0,LFP_30C_FUDS.csv,843,87.382627,gt65,1800,6.013888527740477
LFP,FUDS,30.0,0,LFP_30C_FUDS.csv,843,87.382627,gt65,2400,3.916729005126953
LFP,FUDS,30.0,0,LFP_30C_FUDS.csv,2117,71.15542,gt65,0,
LFP,FUDS,30.0,0,LFP_30C_FUDS.csv,2117,71.15542,gt65,30,
LFP,FUDS,30.0,0,LFP_30C_FUDS.csv,2117,71.15542,gt65,60,18.38403623657227
LFP,FUDS,30.0,0,LFP_30C_FUDS.csv,2117,71.15542,gt65,120,17.90306281387329
LFP,FUDS,30.0,0,LFP_30C_FUDS.csv,2117,71.15542,gt65,300,15.968745646209712
LFP,FUDS,30.0,0,LFP_30C_FUDS.csv,2117,71.15542,gt65,600,13.742837270812984
LFP,FUDS,30.0,0,LFP_30C_FUDS.csv,2117,71.15542,gt65,900,12.604093204864498
LFP,FUDS,30.0,0,LFP_30C_FUDS.csv,2117,71.15542,gt65,1200,8.334708342269892
LFP,FUDS,30.0,0,LFP_30C_FUDS.csv,2117,71.15542,gt65,1800,5.3265193695068405
LFP,FUDS,30.0,0,LFP_30C_FUDS.csv,2117,71.15542,gt65,2400,1.5665917829284695
LFP,FUDS,30.0,0,LFP_30C_FUDS.csv,2402,68.19976,gt65,0,
LFP,FUDS,30.0,0,LFP_30C_FUDS.csv,2402,68.19976,gt65,30,
LFP,FUDS,30.0,0,LFP_30C_FUDS.csv,2402,68.19976,gt65,60,11.716660920028687
LFP,FUDS,30.0,0,LFP_30C_FUDS.csv,2402,68.19976,gt65,120,11.396834320297245
LFP,FUDS,30.0,0,LFP_30C_FUDS.csv,2402,68.19976,gt65,300,10.835393352279667
LFP,FUDS,30.0,0,LFP_30C_FUDS.csv,2402,68.19976,gt65,600,9.531745567398076
LFP,FUDS,30.0,0,LFP_30C_FUDS.csv,2402,68.19976,gt65,900,6.37213899051666
LFP,FUDS,30.0,0,LFP_30C_FUDS.csv,2402,68.19976,gt65,1200,5.226270254936217
LFP,FUDS,30.0,0,LFP_30C_FUDS.csv,2402,68.19976,gt65,1800,3.0858417351532026
LFP,FUDS,30.0,0,LFP_30C_FUDS.csv,2402,68.19976,gt65,2400,0.765338530494688
LFP,FUDS,30.0,0,LFP_30C_FUDS.csv,3611,51.987159999999996,35to65,0,
LFP,FUDS,30.0,0,LFP_30C_FUDS.csv,3611,51.987159999999996,35to65,30,
LFP,FUDS,30.0,0,LFP_30C_FUDS.csv,3611,51.987159999999996,35to65,60,14.222838586273191
LFP,FUDS,30.0,0,LFP_30C_FUDS.csv,3611,51.987159999999996,35to65,120,13.084929990463259
LFP,FUDS,30.0,0,LFP_30C_FUDS.csv,3611,51.987159999999996,35to65,300,10.994077681922917
LFP,FUDS,30.0,0,LFP_30C_FUDS.csv,3611,51.987159999999996,35to65,600,8.026580748863225
LFP,FUDS,30.0,0,LFP_30C_FUDS.csv,3611,51.987159999999996,35to65,900,4.2590945199737575
LFP,FUDS,30.0,0,LFP_30C_FUDS.csv,3611,51.987159999999996,35to65,1200,2.3044854650573683
LFP,FUDS,30.0,0,LFP_30C_FUDS.csv,3611,51.987159999999996,35to65,1800,1.2863252668685945
LFP,FUDS,30.0,0,LFP_30C_FUDS.csv,3611,51.987159999999996,35to65,2400,0.45987537028122105
LFP,FUDS,30.0,0,LFP_30C_FUDS.csv,3848,49.81315,35to65,0,
LFP,FUDS,30.0,0,LFP_30C_FUDS.csv,3848,49.81315,35to65,30,
LFP,FUDS,30.0,0,LFP_30C_FUDS.csv,3848,49.81315,35to65,60,12.476220364929198
LFP,FUDS,30.0,0,LFP_30C_FUDS.csv,3848,49.81315,35to65,120,11.939412257797244
LFP,FUDS,30.0,0,LFP_30C_FUDS.csv,3848,49.81315,35to65,300,10.00407297808838
LFP,FUDS,30.0,0,LFP_30C_FUDS.csv,3848,49.81315,35to65,600,6.030041338554383
LFP,FUDS,30.0,0,LFP_30C_FUDS.csv,3848,49.81315,35to65,900,3.5026726404647803
LFP,FUDS,30.0,0,LFP_30C_FUDS.csv,3848,49.81315,35to65,1200,2.159186958374022
LFP,FUDS,30.0,0,LFP_30C_FUDS.csv,3848,49.81315,35to65,1800,1.5353779178237943
LFP,FUDS,30.0,0,LFP_30C_FUDS.csv,3848,49.81315,35to65,2400,0.11665187120437537
LFP,FUDS,30.0,0,LFP_30C_FUDS.csv,4722,37.867323000000006,35to65,0,
LFP,FUDS,30.0,0,LFP_30C_FUDS.csv,4722,37.867323000000006,35to65,30,
LFP,FUDS,30.0,0,LFP_30C_FUDS.csv,4722,37.867323000000006,35to65,60,3.941327375144958
LFP,FUDS,30.0,0,LFP_30C_FUDS.csv,4722,37.867323000000006,35to65,120,3.771544094696047
LFP,FUDS,30.0,0,LFP_30C_FUDS.csv,4722,37.867323000000006,35to65,300,2.838358174041751
LFP,FUDS,30.0,0,LFP_30C_FUDS.csv,4722,37.867323000000006,35to65,600,1.8186899266433727
LFP,FUDS,30.0,0,LFP_30C_FUDS.csv,4722,37.867323000000006,35to65,900,1.5538473744583108
LFP,FUDS,30.0,0,LFP_30C_FUDS.csv,4722,37.867323000000006,35to65,1200,0.1481623903389
LFP,FUDS,30.0,0,LFP_30C_FUDS.csv,4722,37.867323000000006,35to65,1800,0.6165701672477741
LFP,FUDS,30.0,0,LFP_30C_FUDS.csv,4722,37.867323000000006,35to65,2400,0.10141553504562317
LFP,FUDS,30.0,0,LFP_30C_FUDS.csv,5803,24.146749,le35,0,
LFP,FUDS,30.0,0,LFP_30C_FUDS.csv,5803,24.146749,le35,30,
LFP,FUDS,30.0,0,LFP_30C_FUDS.csv,5803,24.146749,le35,60,3.773051759204865
LFP,FUDS,30.0,0,LFP_30C_FUDS.csv,5803,24.146749,le35,120,3.529657381217959
LFP,FUDS,30.0,0,LFP_30C_FUDS.csv,5803,24.146749,le35,300,2.2441123661499027
LFP,FUDS,30.0,0,LFP_30C_FUDS.csv,5803,24.146749,le35,600,1.6058580314407358
LFP,FUDS,30.0,0,LFP_30C_FUDS.csv,5803,24.146749,le35,900,1.247744153518676
LFP,FUDS,30.0,0,LFP_30C_FUDS.csv,5803,24.146749,le35,1200,1.433696560491562
LFP,FUDS,30.0,0,LFP_30C_FUDS.csv,5803,24.146749,le35,1800,
LFP,FUDS,30.0,0,LFP_30C_FUDS.csv,5803,24.146749,le35,2400,
LFP,FUDS,30.0,0,LFP_30C_FUDS.csv,6352,17.148912,le35,0,
LFP,FUDS,30.0,0,LFP_30C_FUDS.csv,6352,17.148912,le35,30,
LFP,FUDS,30.0,0,LFP_30C_FUDS.csv,6352,17.148912,le35,60,8.121973991674423
LFP,FUDS,30.0,0,LFP_30C_FUDS.csv,6352,17.148912,le35,120,7.49829193972206
LFP,FUDS,30.0,0,LFP_30C_FUDS.csv,6352,17.148912,le35,300,6.119054891075134
LFP,FUDS,30.0,0,LFP_30C_FUDS.csv,6352,17.148912,le35,600,3.6944051730594634
LFP,FUDS,30.0,0,LFP_30C_FUDS.csv,6352,17.148912,le35,900,0.7959261622793194
LFP,FUDS,30.0,0,LFP_30C_FUDS.csv,6352,17.148912,le35,1200,
LFP,FUDS,30.0,0,LFP_30C_FUDS.csv,6352,17.148912,le35,1800,
LFP,FUDS,30.0,0,LFP_30C_FUDS.csv,6352,17.148912,le35,2400,
LFP,FUDS,30.0,0,LFP_30C_FUDS.csv,6429,16.58606,le35,0,
LFP,FUDS,30.0,0,LFP_30C_FUDS.csv,6429,16.58606,le35,30,
LFP,FUDS,30.0,0,LFP_30C_FUDS.csv,6429,16.58606,le35,60,7.7811603581771855
LFP,FUDS,30.0,0,LFP_30C_FUDS.csv,6429,16.58606,le35,120,7.219046234521867
LFP,FUDS,30.0,0,LFP_30C_FUDS.csv,6429,16.58606,le35,300,5.876437702722551
LFP,FUDS,30.0,0,LFP_30C_FUDS.csv,6429,16.58606,le35,600,3.5504902553520203
LFP,FUDS,30.0,0,LFP_30C_FUDS.csv,6429,16.58606,le35,900,0.5136847627895356
LFP,FUDS,30.0,0,LFP_30C_FUDS.csv,6429,16.58606,le35,1200,
LFP,FUDS,30.0,0,LFP_30C_FUDS.csv,6429,16.58606,le35,1800,
LFP,FUDS,30.0,0,LFP_30C_FUDS.csv,6429,16.58606,le35,2400,
LFP,FUDS,30.0,1,LFP_30C_FUDS.csv,843,87.382627,gt65,0,
LFP,FUDS,30.0,1,LFP_30C_FUDS.csv,843,87.382627,gt65,30,
LFP,FUDS,30.0,1,LFP_30C_FUDS.csv,843,87.382627,gt65,60,17.304837163543695
LFP,FUDS,30.0,1,LFP_30C_FUDS.csv,843,87.382627,gt65,120,17.39674200863648
LFP,FUDS,30.0,1,LFP_30C_FUDS.csv,843,87.382627,gt65,300,15.575996950988767
LFP,FUDS,30.0,1,LFP_30C_FUDS.csv,843,87.382627,gt65,600,13.10398995315552
LFP,FUDS,30.0,1,LFP_30C_FUDS.csv,843,87.382627,gt65,900,9.228726010513313
LFP,FUDS,30.0,1,LFP_30C_FUDS.csv,843,87.382627,gt65,1200,7.540869566085817
LFP,FUDS,30.0,1,LFP_30C_FUDS.csv,843,87.382627,gt65,1800,6.576419283737181
LFP,FUDS,30.0,1,LFP_30C_FUDS.csv,843,87.382627,gt65,2400,3.640378030090332
LFP,FUDS,30.0,1,LFP_30C_FUDS.csv,2117,71.15542,gt65,0,
LFP,FUDS,30.0,1,LFP_30C_FUDS.csv,2117,71.15542,gt65,30,
LFP,FUDS,30.0,1,LFP_30C_FUDS.csv,2117,71.15542,gt65,60,18.80821269111634
LFP,FUDS,30.0,1,LFP_30C_FUDS.csv,2117,71.15542,gt65,120,18.324187510604858
LFP,FUDS,30.0,1,LFP_30C_FUDS.csv,2117,71.15542,gt65,300,16.79887741539001
LFP,FUDS,30.0,1,LFP_30C_FUDS.csv,2117,71.15542,gt65,600,14.447399934844967
LFP,FUDS,30.0,1,LFP_30C_FUDS.csv,2117,71.15542,gt65,900,11.404409657844539
LFP,FUDS,30.0,1,LFP_30C_FUDS.csv,2117,71.15542,gt65,1200,8.585086593345636
LFP,FUDS,30.0,1,LFP_30C_FUDS.csv,2117,71.15542,gt65,1800,5.6282291406631515
LFP,FUDS,30.0,1,LFP_30C_FUDS.csv,2117,71.15542,gt65,2400,1.4556109145889309
LFP,FUDS,30.0,1,LFP_30C_FUDS.csv,2402,68.19976,gt65,0,
LFP,FUDS,30.0,1,LFP_30C_FUDS.csv,2402,68.19976,gt65,30,
LFP,FUDS,30.0,1,LFP_30C_FUDS.csv,2402,68.19976,gt65,60,12.266472044830323
LFP,FUDS,30.0,1,LFP_30C_FUDS.csv,2402,68.19976,gt65,120,11.988303131332401
LFP,FUDS,30.0,1,LFP_30C_FUDS.csv,2402,68.19976,gt65,300,11.202885789642337
LFP,FUDS,30.0,1,LFP_30C_FUDS.csv,2402,68.19976,gt65,600,9.062186136322026
LFP,FUDS,30.0,1,LFP_30C_FUDS.csv,2402,68.19976,gt65,900,6.60455836212158
LFP,FUDS,30.0,1,LFP_30C_FUDS.csv,2402,68.19976,gt65,1200,5.517471727218627
LFP,FUDS,30.0,1,LFP_30C_FUDS.csv,2402,68.19976,gt65,1800,3.253581126480107
LFP,FUDS,30.0,1,LFP_30C_FUDS.csv,2402,68.19976,gt65,2400,0.7325649165649395
LFP,FUDS,30.0,1,LFP_30C_FUDS.csv,3611,51.987159999999996,35to65,0,
LFP,FUDS,30.0,1,LFP_30C_FUDS.csv,3611,51.987159999999996,35to65,30,
LFP,FUDS,30.0,1,LFP_30C_FUDS.csv,3611,51.987159999999996,35to65,60,14.244668787422178
LFP,FUDS,30.0,1,LFP_30C_FUDS.csv,3611,51.987159999999996,35to65,120,13.38419299095154
LFP,FUDS,30.0,1,LFP_30C_FUDS.csv,3611,51.987159999999996,35to65,300,11.652998089218144
LFP,FUDS,30.0,1,LFP_30C_FUDS.csv,3611,51.987159999999996,35to65,600,8.298041162796025
LFP,FUDS,30.0,1,LFP_30C_FUDS.csv,3611,51.987159999999996,35to65,900,3.920200391174319
LFP,FUDS,30.0,1,LFP_30C_FUDS.csv,3611,51.987159999999996,35to65,1200,2.4650126943664503
LFP,FUDS,30.0,1,LFP_30C_FUDS.csv,3611,51.987159999999996,35to65,1800,1.2103889494247468
LFP,FUDS,30.0,1,LFP_30C_FUDS.csv,3611,51.987159999999996,35to65,2400,0.18869807841110386
LFP,FUDS,30.0,1,LFP_30C_FUDS.csv,3848,49.81315,35to65,0,
LFP,FUDS,30.0,1,LFP_30C_FUDS.csv,3848,49.81315,35to65,30,
LFP,FUDS,30.0,1,LFP_30C_FUDS.csv,3848,49.81315,35to65,60,12.883758182884215
LFP,FUDS,30.0,1,LFP_30C_FUDS.csv,3848,49.81315,35to65,120,12.455311319953921
LFP,FUDS,30.0,1,LFP_30C_FUDS.csv,3848,49.81315,35to65,300,10.363757206985476
LFP,FUDS,30.0,1,LFP_30C_FUDS.csv,3848,49.81315,35to65,600,5.904099704376222
LFP,FUDS,30.0,1,LFP_30C_FUDS.csv,3848,49.81315,35to65,900,3.5350916067581153
LFP,FUDS,30.0,1,LFP_30C_FUDS.csv,3848,49.81315,35to65,1200,2.2751835575714097
LFP,FUDS,30.0,1,LFP_30C_FUDS.csv,3848,49.81315,35to65,1800,1.2521813493347196
LFP,FUDS,30.0,1,LFP_30C_FUDS.csv,3848,49.81315,35to65,2400,0.05362293958663855
LFP,FUDS,30.0,1,LFP_30C_FUDS.csv,4722,37.867323000000006,35to65,0,
LFP,FUDS,30.0,1,LFP_30C_FUDS.csv,4722,37.867323000000006,35to65,30,
LFP,FUDS,30.0,1,LFP_30C_FUDS.csv,4722,37.867323000000006,35to65,60,4.4432580887985225
LFP,FUDS,30.0,1,LFP_30C_FUDS.csv,4722,37.867323000000006,35to65,120,4.041365380897524
LFP,FUDS,30.0,1,LFP_30C_FUDS.csv,4722,37.867323000000006,35to65,300,2.8231828314819367
LFP,FUDS,30.0,1,LFP_30C_FUDS.csv,4722,37.867323000000006,35to65,600,1.768771036643983
LFP,FUDS,30.0,1,LFP_30C_FUDS.csv,4722,37.867323000000006,35to65,900,1.6232569832992532
LFP,FUDS,30.0,1,LFP_30C_FUDS.csv,4722,37.867323000000006,35to65,1200,0.03575846110534897
LFP,FUDS,30.0,1,LFP_30C_FUDS.csv,4722,37.867323000000006,35to65,1800,0.6145763918800373
LFP,FUDS,30.0,1,LFP_30C_FUDS.csv,4722,37.867323000000006,35to65,2400,0.6596895851364142
LFP,FUDS,30.0,1,LFP_30C_FUDS.csv,5803,24.146749,le35,0,
LFP,FUDS,30.0,1,LFP_30C_FUDS.csv,5803,24.146749,le35,30,
LFP,FUDS,30.0,1,LFP_30C_FUDS.csv,5803,24.146749,le35,60,3.304316362342835
LFP,FUDS,30.0,1,LFP_30C_FUDS.csv,5803,24.146749,le35,120,2.343971985023501
LFP,FUDS,30.0,1,LFP_30C_FUDS.csv,5803,24.146749,le35,300,2.1409978208045963
LFP,FUDS,30.0,1,LFP_30C_FUDS.csv,5803,24.146749,le35,600,1.267911616493226
LFP,FUDS,30.0,1,LFP_30C_FUDS.csv,5803,24.146749,le35,900,1.131607483406066
LFP,FUDS,30.0,1,LFP_30C_FUDS.csv,5803,24.146749,le35,1200,1.1328138037815094
LFP,FUDS,30.0,1,LFP_30C_FUDS.csv,5803,24.146749,le35,1800,
LFP,FUDS,30.0,1,LFP_30C_FUDS.csv,5803,24.146749,le35,2400,
LFP,FUDS,30.0,1,LFP_30C_FUDS.csv,6352,17.148912,le35,0,
LFP,FUDS,30.0,1,LFP_30C_FUDS.csv,6352,17.148912,le35,30,
LFP,FUDS,30.0,1,LFP_30C_FUDS.csv,6352,17.148912,le35,60,7.39847344188118
LFP,FUDS,30.0,1,LFP_30C_FUDS.csv,6352,17.148912,le35,120,6.511370152460097
LFP,FUDS,30.0,1,LFP_30C_FUDS.csv,6352,17.148912,le35,300,5.248812176193237
LFP,FUDS,30.0,1,LFP_30C_FUDS.csv,6352,17.148912,le35,600,2.623454247709274
LFP,FUDS,30.0,1,LFP_30C_FUDS.csv,6352,17.148912,le35,900,0.26273802784748046
LFP,FUDS,30.0,1,LFP_30C_FUDS.csv,6352,17.148912,le35,1200,
LFP,FUDS,30.0,1,LFP_30C_FUDS.csv,6352,17.148912,le35,1800,
LFP,FUDS,30.0,1,LFP_30C_FUDS.csv,6352,17.148912,le35,2400,
LFP,FUDS,30.0,1,LFP_30C_FUDS.csv,6429,16.58606,le35,0,
LFP,FUDS,30.0,1,LFP_30C_FUDS.csv,6429,16.58606,le35,30,
LFP,FUDS,30.0,1,LFP_30C_FUDS.csv,6429,16.58606,le35,60,7.027841839776993
LFP,FUDS,30.0,1,LFP_30C_FUDS.csv,6429,16.58606,le35,120,6.446500002775194
LFP,FUDS,30.0,1,LFP_30C_FUDS.csv,6429,16.58606,le35,300,5.02262798840523
LFP,FUDS,30.0,1,LFP_30C_FUDS.csv,6429,16.58606,le35,600,2.324375028606415
LFP,FUDS,30.0,1,LFP_30C_FUDS.csv,6429,16.58606,le35,900,0.16594008929901127
LFP,FUDS,30.0,1,LFP_30C_FUDS.csv,6429,16.58606,le35,1200,
LFP,FUDS,30.0,1,LFP_30C_FUDS.csv,6429,16.58606,le35,1800,
LFP,FUDS,30.0,1,LFP_30C_FUDS.csv,6429,16.58606,le35,2400,
LFP,FUDS,30.0,2,LFP_30C_FUDS.csv,843,87.382627,gt65,0,
LFP,FUDS,30.0,2,LFP_30C_FUDS.csv,843,87.382627,gt65,30,
LFP,FUDS,30.0,2,LFP_30C_FUDS.csv,843,87.382627,gt65,60,15.339993890380853
LFP,FUDS,30.0,2,LFP_30C_FUDS.csv,843,87.382627,gt65,120,15.758138798187261
LFP,FUDS,30.0,2,LFP_30C_FUDS.csv,843,87.382627,gt65,300,13.22218568695068
LFP,FUDS,30.0,2,LFP_30C_FUDS.csv,843,87.382627,gt65,600,11.165205830688478
LFP,FUDS,30.0,2,LFP_30C_FUDS.csv,843,87.382627,gt65,900,8.515294175338752
LFP,FUDS,30.0,2,LFP_30C_FUDS.csv,843,87.382627,gt65,1200,6.495404096725466
LFP,FUDS,30.0,2,LFP_30C_FUDS.csv,843,87.382627,gt65,1800,6.444329430450438
LFP,FUDS,30.0,2,LFP_30C_FUDS.csv,843,87.382627,gt65,2400,3.586084159164429
LFP,FUDS,30.0,2,LFP_30C_FUDS.csv,2117,71.15542,gt65,0,
LFP,FUDS,30.0,2,LFP_30C_FUDS.csv,2117,71.15542,gt65,30,
LFP,FUDS,30.0,2,LFP_30C_FUDS.csv,2117,71.15542,gt65,60,19.030901604461675
LFP,FUDS,30.0,2,LFP_30C_FUDS.csv,2117,71.15542,gt65,120,18.446055167312622
LFP,FUDS,30.0,2,LFP_30C_FUDS.csv,2117,71.15542,gt65,300,16.971826252670283
LFP,FUDS,30.0,2,LFP_30C_FUDS.csv,2117,71.15542,gt65,600,14.388856252746578
LFP,FUDS,30.0,2,LFP_30C_FUDS.csv,2117,71.15542,gt65,900,11.71304548872375
LFP,FUDS,30.0,2,LFP_30C_FUDS.csv,2117,71.15542,gt65,1200,8.847215900138849
LFP,FUDS,30.0,2,LFP_30C_FUDS.csv,2117,71.15542,gt65,1800,5.710480570220952
LFP,FUDS,30.0,2,LFP_30C_FUDS.csv,2117,71.15542,gt65,2400,1.5365480617294338
LFP,FUDS,30.0,2,LFP_30C_FUDS.csv,2402,68.19976,gt65,0,
LFP,FUDS,30.0,2,LFP_30C_FUDS.csv,2402,68.19976,gt65,30,
LFP,FUDS,30.0,2,LFP_30C_FUDS.csv,2402,68.19976,gt65,60,11.782369080429078
LFP,FUDS,30.0,2,LFP_30C_FUDS.csv,2402,68.19976,gt65,120,11.436101860275272
LFP,FUDS,30.0,2,LFP_30C_FUDS.csv,2402,68.19976,gt65,300,11.123450679550174
LFP,FUDS,30.0,2,LFP_30C_FUDS.csv,2402,68.19976,gt65,600,8.782235040740971
LFP,FUDS,30.0,2,LFP_30C_FUDS.csv,2402,68.19976,gt65,900,6.748151911849973
LFP,FUDS,30.0,2,LFP_30C_FUDS.csv,2402,68.19976,gt65,1200,5.49193709739685
LFP,FUDS,30.0,2,LFP_30C_FUDS.csv,2402,68.19976,gt65,1800,3.2501359780120893
LFP,FUDS,30.0,2,LFP_30C_FUDS.csv,2402,68.19976,gt65,2400,1.1285960578460674
LFP,FUDS,30.0,2,LFP_30C_FUDS.csv,3611,51.987159999999996,35to65,0,
LFP,FUDS,30.0,2,LFP_30C_FUDS.csv,3611,51.987159999999996,35to65,30,
LFP,FUDS,30.0,2,LFP_30C_FUDS.csv,3611,51.987159999999996,35to65,60,15.647523706855772
LFP,FUDS,30.0,2,LFP_30C_FUDS.csv,3611,51.987159999999996,35to65,120,14.25043325393677
LFP,FUDS,30.0,2,LFP_30C_FUDS.csv,3611,51.987159999999996,35to65,300,12.100450157547002
LFP,FUDS,30.0,2,LFP_30C_FUDS.csv,3611,51.987159999999996,35to65,600,9.038265285797124
LFP,FUDS,30.0,2,LFP_30C_FUDS.csv,3611,51.987159999999996,35to65,900,4.5768915847549465
LFP,FUDS,30.0,2,LFP_30C_FUDS.csv,3611,51.987159999999996,35to65,1200,3.1603217372970533
LFP,FUDS,30.0,2,LFP_30C_FUDS.csv,3611,51.987159999999996,35to65,1800,1.701564004928592
LFP,FUDS,30.0,2,LFP_30C_FUDS.csv,3611,51.987159999999996,35to65,2400,0.2674358141593949
LFP,FUDS,30.0,2,LFP_30C_FUDS.csv,3848,49.81315,35to65,0,
LFP,FUDS,30.0,2,LFP_30C_FUDS.csv,3848,49.81315,35to65,30,
LFP,FUDS,30.0,2,LFP_30C_FUDS.csv,3848,49.81315,35to65,60,14.031225080848692
LFP,FUDS,30.0,2,LFP_30C_FUDS.csv,3848,49.81315,35to65,120,13.320037624961856
LFP,FUDS,30.0,2,LFP_30C_FUDS.csv,3848,49.81315,35to65,300,11.51445467669678
LFP,FUDS,30.0,2,LFP_30C_FUDS.csv,3848,49.81315,35to65,600,6.785580875030519
LFP,FUDS,30.0,2,LFP_30C_FUDS.csv,3848,49.81315,35to65,900,4.3129381815414405
LFP,FUDS,30.0,2,LFP_30C_FUDS.csv,3848,49.81315,35to65,1200,2.4154511681213364
LFP,FUDS,30.0,2,LFP_30C_FUDS.csv,3848,49.81315,35to65,1800,1.6297231298065213
LFP,FUDS,30.0,2,LFP_30C_FUDS.csv,3848,49.81315,35to65,2400,0.007271387577056032
LFP,FUDS,30.0,2,LFP_30C_FUDS.csv,4722,37.867323000000006,35to65,0,
LFP,FUDS,30.0,2,LFP_30C_FUDS.csv,4722,37.867323000000006,35to65,30,
LFP,FUDS,30.0,2,LFP_30C_FUDS.csv,4722,37.867323000000006,35to65,60,5.206555169792175
LFP,FUDS,30.0,2,LFP_30C_FUDS.csv,4722,37.867323000000006,35to65,120,4.795343275680544
LFP,FUDS,30.0,2,LFP_30C_FUDS.csv,4722,37.867323000000006,35to65,300,3.176513205245975
LFP,FUDS,30.0,2,LFP_30C_FUDS.csv,4722,37.867323000000006,35to65,600,2.202278598327638
LFP,FUDS,30.0,2,LFP_30C_FUDS.csv,4722,37.867323000000006,35to65,900,1.8413861413192727
LFP,FUDS,30.0,2,LFP_30C_FUDS.csv,4722,37.867323000000006,35to65,1200,0.1721458092803978
LFP,FUDS,30.0,2,LFP_30C_FUDS.csv,4722,37.867323000000006,35to65,1800,0.8423644825859089
LFP,FUDS,30.0,2,LFP_30C_FUDS.csv,4722,37.867323000000006,35to65,2400,0.1878012917766565
LFP,FUDS,30.0,2,LFP_30C_FUDS.csv,5803,24.146749,le35,0,
LFP,FUDS,30.0,2,LFP_30C_FUDS.csv,5803,24.146749,le35,30,
LFP,FUDS,30.0,2,LFP_30C_FUDS.csv,5803,24.146749,le35,60,3.330345710716248
LFP,FUDS,30.0,2,LFP_30C_FUDS.csv,5803,24.146749,le35,120,3.3160060221366905
LFP,FUDS,30.0,2,LFP_30C_FUDS.csv,5803,24.146749,le35,300,2.3425032433967594
LFP,FUDS,30.0,2,LFP_30C_FUDS.csv,5803,24.146749,le35,600,1.5282155310401926
LFP,FUDS,30.0,2,LFP_30C_FUDS.csv,5803,24.146749,le35,900,1.4637618169975273
LFP,FUDS,30.0,2,LFP_30C_FUDS.csv,5803,24.146749,le35,1200,1.3020038231506348
LFP,FUDS,30.0,2,LFP_30C_FUDS.csv,5803,24.146749,le35,1800,
LFP,FUDS,30.0,2,LFP_30C_FUDS.csv,5803,24.146749,le35,2400,
LFP,FUDS,30.0,2,LFP_30C_FUDS.csv,6352,17.148912,le35,0,
LFP,FUDS,30.0,2,LFP_30C_FUDS.csv,6352,17.148912,le35,30,
LFP,FUDS,30.0,2,LFP_30C_FUDS.csv,6352,17.148912,le35,60,8.135317981523514
LFP,FUDS,30.0,2,LFP_30C_FUDS.csv,6352,17.148912,le35,120,7.400700509773253
LFP,FUDS,30.0,2,LFP_30C_FUDS.csv,6352,17.148912,le35,300,5.747399814332962
LFP,FUDS,30.0,2,LFP_30C_FUDS.csv,6352,17.148912,le35,600,3.367911045547485
LFP,FUDS,30.0,2,LFP_30C_FUDS.csv,6352,17.148912,le35,900,0.4814479586250302
LFP,FUDS,30.0,2,LFP_30C_FUDS.csv,6352,17.148912,le35,1200,
LFP,FUDS,30.0,2,LFP_30C_FUDS.csv,6352,17.148912,le35,1800,
LFP,FUDS,30.0,2,LFP_30C_FUDS.csv,6352,17.148912,le35,2400,
LFP,FUDS,30.0,2,LFP_30C_FUDS.csv,6429,16.58606,le35,0,
LFP,FUDS,30.0,2,LFP_30C_FUDS.csv,6429,16.58606,le35,30,
LFP,FUDS,30.0,2,LFP_30C_FUDS.csv,6429,16.58606,le35,60,7.589634243236542
LFP,FUDS,30.0,2,LFP_30C_FUDS.csv,6429,16.58606,le35,120,7.0610834950542465
LFP,FUDS,30.0,2,LFP_30C_FUDS.csv,6429,16.58606,le35,300,5.849391350097658
LFP,FUDS,30.0,2,LFP_30C_FUDS.csv,6429,16.58606,le35,600,3.1405198228321076
LFP,FUDS,30.0,2,LFP_30C_FUDS.csv,6429,16.58606,le35,900,0.09574071891479496
LFP,FUDS,30.0,2,LFP_30C_FUDS.csv,6429,16.58606,le35,1200,
LFP,FUDS,30.0,2,LFP_30C_FUDS.csv,6429,16.58606,le35,1800,
LFP,FUDS,30.0,2,LFP_30C_FUDS.csv,6429,16.58606,le35,2400,
LFP,FUDS,40.0,0,LFP_40C_FUDS.csv,309,93.51182999999999,gt65,0,
LFP,FUDS,40.0,0,LFP_40C_FUDS.csv,309,93.51182999999999,gt65,30,
LFP,FUDS,40.0,0,LFP_40C_FUDS.csv,309,93.51182999999999,gt65,60,20.68047524394227
LFP,FUDS,40.0,0,LFP_40C_FUDS.csv,309,93.51182999999999,gt65,120,19.7430434644928
LFP,FUDS,40.0,0,LFP_40C_FUDS.csv,309,93.51182999999999,gt65,300,17.928598125915528
LFP,FUDS,40.0,0,LFP_40C_FUDS.csv,309,93.51182999999999,gt65,600,14.932834789962769
LFP,FUDS,40.0,0,LFP_40C_FUDS.csv,309,93.51182999999999,gt65,900,13.659828967071533
LFP,FUDS,40.0,0,LFP_40C_FUDS.csv,309,93.51182999999999,gt65,1200,10.91501727946472
LFP,FUDS,40.0,0,LFP_40C_FUDS.csv,309,93.51182999999999,gt65,1800,6.913867302017209
LFP,FUDS,40.0,0,LFP_40C_FUDS.csv,309,93.51182999999999,gt65,2400,6.110536112060544
LFP,FUDS,40.0,0,LFP_40C_FUDS.csv,1923,73.496157,gt65,0,
LFP,FUDS,40.0,0,LFP_40C_FUDS.csv,1923,73.496157,gt65,30,
LFP,FUDS,40.0,0,LFP_40C_FUDS.csv,1923,73.496157,gt65,60,10.690040947418211
LFP,FUDS,40.0,0,LFP_40C_FUDS.csv,1923,73.496157,gt65,120,10.511863556427002
LFP,FUDS,40.0,0,LFP_40C_FUDS.csv,1923,73.496157,gt65,300,9.652691771545406
LFP,FUDS,40.0,0,LFP_40C_FUDS.csv,1923,73.496157,gt65,600,8.702680177230832
LFP,FUDS,40.0,0,LFP_40C_FUDS.csv,1923,73.496157,gt65,900,8.582404776992803
LFP,FUDS,40.0,0,LFP_40C_FUDS.csv,1923,73.496157,gt65,1200,5.893037547302249
LFP,FUDS,40.0,0,LFP_40C_FUDS.csv,1923,73.496157,gt65,1800,4.145560264854431
LFP,FUDS,40.0,0,LFP_40C_FUDS.csv,1923,73.496157,gt65,2400,2.1105051907653802
LFP,FUDS,40.0,0,LFP_40C_FUDS.csv,2448,67.90858,gt65,0,
LFP,FUDS,40.0,0,LFP_40C_FUDS.csv,2448,67.90858,gt65,30,
LFP,FUDS,40.0,0,LFP_40C_FUDS.csv,2448,67.90858,gt65,60,14.224976310882568
LFP,FUDS,40.0,0,LFP_40C_FUDS.csv,2448,67.90858,gt65,120,13.910258228530878
LFP,FUDS,40.0,0,LFP_40C_FUDS.csv,2448,67.90858,gt65,300,12.960040085906982
LFP,FUDS,40.0,0,LFP_40C_FUDS.csv,2448,67.90858,gt65,600,9.864087178840641
LFP,FUDS,40.0,0,LFP_40C_FUDS.csv,2448,67.90858,gt65,900,7.731216226539615
LFP,FUDS,40.0,0,LFP_40C_FUDS.csv,2448,67.90858,gt65,1200,6.480890150032046
LFP,FUDS,40.0,0,LFP_40C_FUDS.csv,2448,67.90858,gt65,1800,4.072886172065736
LFP,FUDS,40.0,0,LFP_40C_FUDS.csv,2448,67.90858,gt65,2400,0.6616486505126957
LFP,FUDS,40.0,0,LFP_40C_FUDS.csv,3401,54.95554,35to65,0,
LFP,FUDS,40.0,0,LFP_40C_FUDS.csv,3401,54.95554,35to65,30,
LFP,FUDS,40.0,0,LFP_40C_FUDS.csv,3401,54.95554,35to65,60,16.661503824745182
LFP,FUDS,40.0,0,LFP_40C_FUDS.csv,3401,54.95554,35to65,120,15.874725168014528
LFP,FUDS,40.0,0,LFP_40C_FUDS.csv,3401,54.95554,35to65,300,13.681318335762029
LFP,FUDS,40.0,0,LFP_40C_FUDS.csv,3401,54.95554,35to65,600,10.339186009338377
LFP,FUDS,40.0,0,LFP_40C_FUDS.csv,3401,54.95554,35to65,900,7.73713311449432
LFP,FUDS,40.0,0,LFP_40C_FUDS.csv,3401,54.95554,35to65,1200,3.0872676187515253
LFP,FUDS,40.0,0,LFP_40C_FUDS.csv,3401,54.95554,35to65,1800,1.4245089488143918
LFP,FUDS,40.0,0,LFP_40C_FUDS.csv,3401,54.95554,35to65,2400,0.35841034796905547
LFP,FUDS,40.0,0,LFP_40C_FUDS.csv,4059,48.466977,35to65,0,
LFP,FUDS,40.0,0,LFP_40C_FUDS.csv,4059,48.466977,35to65,30,
LFP,FUDS,40.0,0,LFP_40C_FUDS.csv,4059,48.466977,35to65,60,4.055291610229496
LFP,FUDS,40.0,0,LFP_40C_FUDS.csv,4059,48.466977,35to65,120,3.706163381179813
LFP,FUDS,40.0,0,LFP_40C_FUDS.csv,4059,48.466977,35to65,300,4.084445456466675
LFP,FUDS,40.0,0,LFP_40C_FUDS.csv,4059,48.466977,35to65,600,0.5596934598617551
LFP,FUDS,40.0,0,LFP_40C_FUDS.csv,4059,48.466977,35to65,900,0.3964515740661625
LFP,FUDS,40.0,0,LFP_40C_FUDS.csv,4059,48.466977,35to65,1200,0.7756206091461166
LFP,FUDS,40.0,0,LFP_40C_FUDS.csv,4059,48.466977,35to65,1800,0.23015729264831464
LFP,FUDS,40.0,0,LFP_40C_FUDS.csv,4059,48.466977,35to65,2400,0.1451506378288272
LFP,FUDS,40.0,0,LFP_40C_FUDS.csv,4598,39.2106,35to65,0,
LFP,FUDS,40.0,0,LFP_40C_FUDS.csv,4598,39.2106,35to65,30,
LFP,FUDS,40.0,0,LFP_40C_FUDS.csv,4598,39.2106,35to65,60,7.592159394615173
LFP,FUDS,40.0,0,LFP_40C_FUDS.csv,4598,39.2106,35to65,120,6.960874808525084
LFP,FUDS,40.0,0,LFP_40C_FUDS.csv,4598,39.2106,35to65,300,5.25229538371277
LFP,FUDS,40.0,0,LFP_40C_FUDS.csv,4598,39.2106,35to65,600,3.6929753022308347
LFP,FUDS,40.0,0,LFP_40C_FUDS.csv,4598,39.2106,35to65,900,3.120505753562931
LFP,FUDS,40.0,0,LFP_40C_FUDS.csv,4598,39.2106,35to65,1200,1.1371539726562503
LFP,FUDS,40.0,0,LFP_40C_FUDS.csv,4598,39.2106,35to65,1800,0.5330492516250622
LFP,FUDS,40.0,0,LFP_40C_FUDS.csv,4598,39.2106,35to65,2400,1.206996948246001
LFP,FUDS,40.0,0,LFP_40C_FUDS.csv,6103,20.997691,le35,0,
LFP,FUDS,40.0,0,LFP_40C_FUDS.csv,6103,20.997691,le35,30,
LFP,FUDS,40.0,0,LFP_40C_FUDS.csv,6103,20.997691,le35,60,5.988408237716676
LFP,FUDS,40.0,0,LFP_40C_FUDS.csv,6103,20.997691,le35,120,5.432631085536958
LFP,FUDS,40.0,0,LFP_40C_FUDS.csv,6103,20.997691,le35,300,4.360089425430296
LFP,FUDS,40.0,0,LFP_40C_FUDS.csv,6103,20.997691,le35,600,3.4148213243865975
LFP,FUDS,40.0,0,LFP_40C_FUDS.csv,6103,20.997691,le35,900,2.58407293004036
LFP,FUDS,40.0,0,LFP_40C_FUDS.csv,6103,20.997691,le35,1200,0.3393455879850391
LFP,FUDS,40.0,0,LFP_40C_FUDS.csv,6103,20.997691,le35,1800,
LFP,FUDS,40.0,0,LFP_40C_FUDS.csv,6103,20.997691,le35,2400,
LFP,FUDS,40.0,0,LFP_40C_FUDS.csv,6529,16.34373,le35,0,
LFP,FUDS,40.0,0,LFP_40C_FUDS.csv,6529,16.34373,le35,30,
LFP,FUDS,40.0,0,LFP_40C_FUDS.csv,6529,16.34373,le35,60,7.549790944332122
LFP,FUDS,40.0,0,LFP_40C_FUDS.csv,6529,16.34373,le35,120,6.8602697706565845
LFP,FUDS,40.0,0,LFP_40C_FUDS.csv,6529,16.34373,le35,300,5.344260899688722
LFP,FUDS,40.0,0,LFP_40C_FUDS.csv,6529,16.34373,le35,600,1.44834778201046
LFP,FUDS,40.0,0,LFP_40C_FUDS.csv,6529,16.34373,le35,900,0.5402124994373319
LFP,FUDS,40.0,0,LFP_40C_FUDS.csv,6529,16.34373,le35,1200,
LFP,FUDS,40.0,0,LFP_40C_FUDS.csv,6529,16.34373,le35,1800,
LFP,FUDS,40.0,0,LFP_40C_FUDS.csv,6529,16.34373,le35,2400,
LFP,FUDS,40.0,0,LFP_40C_FUDS.csv,7157,7.14712,le35,0,
LFP,FUDS,40.0,0,LFP_40C_FUDS.csv,7157,7.14712,le35,30,
LFP,FUDS,40.0,0,LFP_40C_FUDS.csv,7157,7.14712,le35,60,3.205334943715096
LFP,FUDS,40.0,0,LFP_40C_FUDS.csv,7157,7.14712,le35,120,3.026534214205361
LFP,FUDS,40.0,0,LFP_40C_FUDS.csv,7157,7.14712,le35,300,1.197804881690788
LFP,FUDS,40.0,0,LFP_40C_FUDS.csv,7157,7.14712,le35,600,
LFP,FUDS,40.0,0,LFP_40C_FUDS.csv,7157,7.14712,le35,900,
LFP,FUDS,40.0,0,LFP_40C_FUDS.csv,7157,7.14712,le35,1200,
LFP,FUDS,40.0,0,LFP_40C_FUDS.csv,7157,7.14712,le35,1800,
LFP,FUDS,40.0,0,LFP_40C_FUDS.csv,7157,7.14712,le35,2400,
LFP,FUDS,40.0,1,LFP_40C_FUDS.csv,309,93.51182999999999,gt65,0,
LFP,FUDS,40.0,1,LFP_40C_FUDS.csv,309,93.51182999999999,gt65,30,
LFP,FUDS,40.0,1,LFP_40C_FUDS.csv,309,93.51182999999999,gt65,60,20.6228017896576
LFP,FUDS,40.0,1,LFP_40C_FUDS.csv,309,93.51182999999999,gt65,120,20.003736299346926
LFP,FUDS,40.0,1,LFP_40C_FUDS.csv,309,93.51182999999999,gt65,300,18.438778122406006
LFP,FUDS,40.0,1,LFP_40C_FUDS.csv,309,93.51182999999999,gt65,600,15.532231018753052
LFP,FUDS,40.0,1,LFP_40C_FUDS.csv,309,93.51182999999999,gt65,900,13.80540139100647
LFP,FUDS,40.0,1,LFP_40C_FUDS.csv,309,93.51182999999999,gt65,1200,11.436033400375365
LFP,FUDS,40.0,1,LFP_40C_FUDS.csv,309,93.51182999999999,gt65,1800,6.948759861068723
LFP,FUDS,40.0,1,LFP_40C_FUDS.csv,309,93.51182999999999,gt65,2400,6.3319852487945525
LFP,FUDS,40.0,1,LFP_40C_FUDS.csv,1923,73.496157,gt65,0,
LFP,FUDS,40.0,1,LFP_40C_FUDS.csv,1923,73.496157,gt65,30,
LFP,FUDS,40.0,1,LFP_40C_FUDS.csv,1923,73.496157,gt65,60,10.927470089416502
LFP,FUDS,40.0,1,LFP_40C_FUDS.csv,1923,73.496157,gt65,120,10.64571174673462
LFP,FUDS,40.0,1,LFP_40C_FUDS.csv,1923,73.496157,gt65,300,9.616517712631222
LFP,FUDS,40.0,1,LFP_40C_FUDS.csv,1923,73.496157,gt65,600,8.805390901107785
LFP,FUDS,40.0,1,LFP_40C_FUDS.csv,1923,73.496157,gt65,900,8.50001327651978
LFP,FUDS,40.0,1,LFP_40C_FUDS.csv,1923,73.496157,gt65,1200,5.763707389068607
LFP,FUDS,40.0,1,LFP_40C_FUDS.csv,1923,73.496157,gt65,1800,4.355782866744995
LFP,FUDS,40.0,1,LFP_40C_FUDS.csv,1923,73.496157,gt65,2400,2.6784927519912713
LFP,FUDS,40.0,1,LFP_40C_FUDS.csv,2448,67.90858,gt65,0,
LFP,FUDS,40.0,1,LFP_40C_FUDS.csv,2448,67.90858,gt65,30,
LFP,FUDS,40.0,1,LFP_40C_FUDS.csv,2448,67.90858,gt65,60,14.261561641845702
LFP,FUDS,40.0,1,LFP_40C_FUDS.csv,2448,67.90858,gt65,120,13.93570941184997
LFP,FUDS,40.0,1,LFP_40C_FUDS.csv,2448,67.90858,gt65,300,12.981706374282837
LFP,FUDS,40.0,1,LFP_40C_FUDS.csv,2448,67.90858,gt65,600,9.763128831520085
LFP,FUDS,40.0,1,LFP_40C_FUDS.csv,2448,67.90858,gt65,900,7.904916082344059
LFP,FUDS,40.0,1,LFP_40C_FUDS.csv,2448,67.90858,gt65,1200,6.730007762870791
LFP,FUDS,40.0,1,LFP_40C_FUDS.csv,2448,67.90858,gt65,1800,4.1299874217605606
LFP,FUDS,40.0,1,LFP_40C_FUDS.csv,2448,67.90858,gt65,2400,0.9390278056716923
LFP,FUDS,40.0,1,LFP_40C_FUDS.csv,3401,54.95554,35to65,0,
LFP,FUDS,40.0,1,LFP_40C_FUDS.csv,3401,54.95554,35to65,30,
LFP,FUDS,40.0,1,LFP_40C_FUDS.csv,3401,54.95554,35to65,60,16.860145244155888
LFP,FUDS,40.0,1,LFP_40C_FUDS.csv,3401,54.95554,35to65,120,15.829929297233583
LFP,FUDS,40.0,1,LFP_40C_FUDS.csv,3401,54.95554,35to65,300,13.829814367523198
LFP,FUDS,40.0,1,LFP_40C_FUDS.csv,3401,54.95554,35to65,600,10.793471750190733
LFP,FUDS,40.0,1,LFP_40C_FUDS.csv,3401,54.95554,35to65,900,7.578307597793575
LFP,FUDS,40.0,1,LFP_40C_FUDS.csv,3401,54.95554,35to65,1200,3.130993586158752
LFP,FUDS,40.0,1,LFP_40C_FUDS.csv,3401,54.95554,35to65,1800,1.5312131838912961
LFP,FUDS,40.0,1,LFP_40C_FUDS.csv,3401,54.95554,35to65,2400,0.1820506348915103
LFP,FUDS,40.0,1,LFP_40C_FUDS.csv,4059,48.466977,35to65,0,
LFP,FUDS,40.0,1,LFP_40C_FUDS.csv,4059,48.466977,35to65,30,
LFP,FUDS,40.0,1,LFP_40C_FUDS.csv,4059,48.466977,35to65,60,4.037445979583744
LFP,FUDS,40.0,1,LFP_40C_FUDS.csv,4059,48.466977,35to65,120,3.889221166213993
LFP,FUDS,40.0,1,LFP_40C_FUDS.csv,4059,48.466977,35to65,300,3.087304452857971
LFP,FUDS,40.0,1,LFP_40C_FUDS.csv,4059,48.466977,35to65,600,0.6919859689407346
LFP,FUDS,40.0,1,LFP_40C_FUDS.csv,4059,48.466977,35to65,900,0.6761374289779667
LFP,FUDS,40.0,1,LFP_40C_FUDS.csv,4059,48.466977,35to65,1200,0.7739308174667343
LFP,FUDS,40.0,1,LFP_40C_FUDS.csv,4059,48.466977,35to65,1800,0.4882319934806816
LFP,FUDS,40.0,1,LFP_40C_FUDS.csv,4059,48.466977,35to65,2400,0.20739278813552886
LFP,FUDS,40.0,1,LFP_40C_FUDS.csv,4598,39.2106,35to65,0,
LFP,FUDS,40.0,1,LFP_40C_FUDS.csv,4598,39.2106,35to65,30,
LFP,FUDS,40.0,1,LFP_40C_FUDS.csv,4598,39.2106,35to65,60,7.991975430839538
LFP,FUDS,40.0,1,LFP_40C_FUDS.csv,4598,39.2106,35to65,120,7.284230006431578
LFP,FUDS,40.0,1,LFP_40C_FUDS.csv,4598,39.2106,35to65,300,5.409732112190248
LFP,FUDS,40.0,1,LFP_40C_FUDS.csv,4598,39.2106,35to65,600,3.6795284943695066
LFP,FUDS,40.0,1,LFP_40C_FUDS.csv,4598,39.2106,35to65,900,3.249114695594791
LFP,FUDS,40.0,1,LFP_40C_FUDS.csv,4598,39.2106,35to65,1200,0.8150907054252627
LFP,FUDS,40.0,1,LFP_40C_FUDS.csv,4598,39.2106,35to65,1800,0.6202433963508618
LFP,FUDS,40.0,1,LFP_40C_FUDS.csv,4598,39.2106,35to65,2400,1.0358608372249591
LFP,FUDS,40.0,1,LFP_40C_FUDS.csv,6103,20.997691,le35,0,
LFP,FUDS,40.0,1,LFP_40C_FUDS.csv,6103,20.997691,le35,30,
LFP,FUDS,40.0,1,LFP_40C_FUDS.csv,6103,20.997691,le35,60,5.472597092411043
LFP,FUDS,40.0,1,LFP_40C_FUDS.csv,6103,20.997691,le35,120,4.547473798416139
LFP,FUDS,40.0,1,LFP_40C_FUDS.csv,6103,20.997691,le35,300,3.3431090158081034
LFP,FUDS,40.0,1,LFP_40C_FUDS.csv,6103,20.997691,le35,600,2.714928684272767
LFP,FUDS,40.0,1,LFP_40C_FUDS.csv,6103,20.997691,le35,900,1.9943594757938392
LFP,FUDS,40.0,1,LFP_40C_FUDS.csv,6103,20.997691,le35,1200,0.22079940010738408
LFP,FUDS,40.0,1,LFP_40C_FUDS.csv,6103,20.997691,le35,1800,
LFP,FUDS,40.0,1,LFP_40C_FUDS.csv,6103,20.997691,le35,2400,
LFP,FUDS,40.0,1,LFP_40C_FUDS.csv,6529,16.34373,le35,0,
LFP,FUDS,40.0,1,LFP_40C_FUDS.csv,6529,16.34373,le35,30,
LFP,FUDS,40.0,1,LFP_40C_FUDS.csv,6529,16.34373,le35,60,6.601640488380431
LFP,FUDS,40.0,1,LFP_40C_FUDS.csv,6529,16.34373,le35,120,6.122300938402175
LFP,FUDS,40.0,1,LFP_40C_FUDS.csv,6529,16.34373,le35,300,4.643016724254609
LFP,FUDS,40.0,1,LFP_40C_FUDS.csv,6529,16.34373,le35,600,0.6079845030254365
LFP,FUDS,40.0,1,LFP_40C_FUDS.csv,6529,16.34373,le35,900,0.3258682363605496
LFP,FUDS,40.0,1,LFP_40C_FUDS.csv,6529,16.34373,le35,1200,
LFP,FUDS,40.0,1,LFP_40C_FUDS.csv,6529,16.34373,le35,1800,
LFP,FUDS,40.0,1,LFP_40C_FUDS.csv,6529,16.34373,le35,2400,
LFP,FUDS,40.0,1,LFP_40C_FUDS.csv,7157,7.14712,le35,0,
LFP,FUDS,40.0,1,LFP_40C_FUDS.csv,7157,7.14712,le35,30,
LFP,FUDS,40.0,1,LFP_40C_FUDS.csv,7157,7.14712,le35,60,2.5202887030277257
LFP,FUDS,40.0,1,LFP_40C_FUDS.csv,7157,7.14712,le35,120,2.030260458178139
LFP,FUDS,40.0,1,LFP_40C_FUDS.csv,7157,7.14712,le35,300,0.5273908362377164
LFP,FUDS,40.0,1,LFP_40C_FUDS.csv,7157,7.14712,le35,600,
LFP,FUDS,40.0,1,LFP_40C_FUDS.csv,7157,7.14712,le35,900,
LFP,FUDS,40.0,1,LFP_40C_FUDS.csv,7157,7.14712,le35,1200,
LFP,FUDS,40.0,1,LFP_40C_FUDS.csv,7157,7.14712,le35,1800,
LFP,FUDS,40.0,1,LFP_40C_FUDS.csv,7157,7.14712,le35,2400,
LFP,FUDS,40.0,2,LFP_40C_FUDS.csv,309,93.51182999999999,gt65,0,
LFP,FUDS,40.0,2,LFP_40C_FUDS.csv,309,93.51182999999999,gt65,30,
LFP,FUDS,40.0,2,LFP_40C_FUDS.csv,309,93.51182999999999,gt65,60,19.393467912094124
LFP,FUDS,40.0,2,LFP_40C_FUDS.csv,309,93.51182999999999,gt65,120,17.985028308700564
LFP,FUDS,40.0,2,LFP_40C_FUDS.csv,309,93.51182999999999,gt65,300,17.323634823303223
LFP,FUDS,40.0,2,LFP_40C_FUDS.csv,309,93.51182999999999,gt65,600,14.265751526565552
LFP,FUDS,40.0,2,LFP_40C_FUDS.csv,309,93.51182999999999,gt65,900,12.742304867721558
LFP,FUDS,40.0,2,LFP_40C_FUDS.csv,309,93.51182999999999,gt65,1200,9.921276720840453
LFP,FUDS,40.0,2,LFP_40C_FUDS.csv,309,93.51182999999999,gt65,1800,6.233611412124631
LFP,FUDS,40.0,2,LFP_40C_FUDS.csv,309,93.51182999999999,gt65,2400,5.917923702468869
LFP,FUDS,40.0,2,LFP_40C_FUDS.csv,1923,73.496157,gt65,0,
LFP,FUDS,40.0,2,LFP_40C_FUDS.csv,1923,73.496157,gt65,30,
LFP,FUDS,40.0,2,LFP_40C_FUDS.csv,1923,73.496157,gt65,60,9.735687138061522
LFP,FUDS,40.0,2,LFP_40C_FUDS.csv,1923,73.496157,gt65,120,9.636873331588745
LFP,FUDS,40.0,2,LFP_40C_FUDS.csv,1923,73.496157,gt65,300,9.240680624999996
LFP,FUDS,40.0,2,LFP_40C_FUDS.csv,1923,73.496157,gt65,600,8.450302190322873
LFP,FUDS,40.0,2,LFP_40C_FUDS.csv,1923,73.496157,gt65,900,8.380213900985723
LFP,FUDS,40.0,2,LFP_40C_FUDS.csv,1923,73.496157,gt65,1200,5.909351338577274
LFP,FUDS,40.0,2,LFP_40C_FUDS.csv,1923,73.496157,gt65,1800,4.292467832832337
LFP,FUDS,40.0,2,LFP_40C_FUDS.csv,1923,73.496157,gt65,2400,2.5125295790786737
LFP,FUDS,40.0,2,LFP_40C_FUDS.csv,2448,67.90858,gt65,0,
LFP,FUDS,40.0,2,LFP_40C_FUDS.csv,2448,67.90858,gt65,30,
LFP,FUDS,40.0,2,LFP_40C_FUDS.csv,2448,67.90858,gt65,60,14.452916393432616
LFP,FUDS,40.0,2,LFP_40C_FUDS.csv,2448,67.90858,gt65,120,14.35368102287292
LFP,FUDS,40.0,2,LFP_40C_FUDS.csv,2448,67.90858,gt65,300,13.328796141738891
LFP,FUDS,40.0,2,LFP_40C_FUDS.csv,2448,67.90858,gt65,600,9.793473556175236
LFP,FUDS,40.0,2,LFP_40C_FUDS.csv,2448,67.90858,gt65,900,8.003171359024051
LFP,FUDS,40.0,2,LFP_40C_FUDS.csv,2448,67.90858,gt65,1200,6.678852076492312
LFP,FUDS,40.0,2,LFP_40C_FUDS.csv,2448,67.90858,gt65,1800,4.0183151395416274
LFP,FUDS,40.0,2,LFP_40C_FUDS.csv,2448,67.90858,gt65,2400,1.0082884029006962
LFP,FUDS,40.0,2,LFP_40C_FUDS.csv,3401,54.95554,35to65,0,
LFP,FUDS,40.0,2,LFP_40C_FUDS.csv,3401,54.95554,35to65,30,
LFP,FUDS,40.0,2,LFP_40C_FUDS.csv,3401,54.95554,35to65,60,17.767810735260014
LFP,FUDS,40.0,2,LFP_40C_FUDS.csv,3401,54.95554,35to65,120,17.011856620574953
LFP,FUDS,40.0,2,LFP_40C_FUDS.csv,3401,54.95554,35to65,300,14.797468953361516
LFP,FUDS,40.0,2,LFP_40C_FUDS.csv,3401,54.95554,35to65,600,11.458629783561705
LFP,FUDS,40.0,2,LFP_40C_FUDS.csv,3401,54.95554,35to65,900,8.645704596199032
LFP,FUDS,40.0,2,LFP_40C_FUDS.csv,3401,54.95554,35to65,1200,3.448462825393676
LFP,FUDS,40.0,2,LFP_40C_FUDS.csv,3401,54.95554,35to65,1800,1.5745785431976316
LFP,FUDS,40.0,2,LFP_40C_FUDS.csv,3401,54.95554,35to65,2400,0.45090185549926787
LFP,FUDS,40.0,2,LFP_40C_FUDS.csv,4059,48.466977,35to65,0,
LFP,FUDS,40.0,2,LFP_40C_FUDS.csv,4059,48.466977,35to65,30,
LFP,FUDS,40.0,2,LFP_40C_FUDS.csv,4059,48.466977,35to65,60,4.500073390472416
LFP,FUDS,40.0,2,LFP_40C_FUDS.csv,4059,48.466977,35to65,120,3.979307626327518
LFP,FUDS,40.0,2,LFP_40C_FUDS.csv,4059,48.466977,35to65,300,2.6846750774002075
LFP,FUDS,40.0,2,LFP_40C_FUDS.csv,4059,48.466977,35to65,600,0.6181596559219358
LFP,FUDS,40.0,2,LFP_40C_FUDS.csv,4059,48.466977,35to65,900,0.5526336247711185
LFP,FUDS,40.0,2,LFP_40C_FUDS.csv,4059,48.466977,35to65,1200,0.707158714157103
LFP,FUDS,40.0,2,LFP_40C_FUDS.csv,4059,48.466977,35to65,1800,0.6276472576103203
LFP,FUDS,40.0,2,LFP_40C_FUDS.csv,4059,48.466977,35to65,2400,0.1334517361755374
LFP,FUDS,40.0,2,LFP_40C_FUDS.csv,4598,39.2106,35to65,0,
LFP,FUDS,40.0,2,LFP_40C_FUDS.csv,4598,39.2106,35to65,30,
LFP,FUDS,40.0,2,LFP_40C_FUDS.csv,4598,39.2106,35to65,60,9.132438783042907
LFP,FUDS,40.0,2,LFP_40C_FUDS.csv,4598,39.2106,35to65,120,8.098715556358336
LFP,FUDS,40.0,2,LFP_40C_FUDS.csv,4598,39.2106,35to65,300,6.379004964134218
LFP,FUDS,40.0,2,LFP_40C_FUDS.csv,4598,39.2106,35to65,600,3.955238719474792
LFP,FUDS,40.0,2,LFP_40C_FUDS.csv,4598,39.2106,35to65,900,3.3028244410018957
LFP,FUDS,40.0,2,LFP_40C_FUDS.csv,4598,39.2106,35to65,1200,1.0432304635353091
LFP,FUDS,40.0,2,LFP_40C_FUDS.csv,4598,39.2106,35to65,1800,0.40331825215530515
LFP,FUDS,40.0,2,LFP_40C_FUDS.csv,4598,39.2106,35to65,2400,0.988215119365691
LFP,FUDS,40.0,2,LFP_40C_FUDS.csv,6103,20.997691,le35,0,
LFP,FUDS,40.0,2,LFP_40C_FUDS.csv,6103,20.997691,le35,30,
LFP,FUDS,40.0,2,LFP_40C_FUDS.csv,6103,20.997691,le35,60,5.735621958992006
LFP,FUDS,40.0,2,LFP_40C_FUDS.csv,6103,20.997691,le35,120,5.126306424758912
LFP,FUDS,40.0,2,LFP_40C_FUDS.csv,6103,20.997691,le35,300,3.8515843194580057
LFP,FUDS,40.0,2,LFP_40C_FUDS.csv,6103,20.997691,le35,600,2.9670682526016243
LFP,FUDS,40.0,2,LFP_40C_FUDS.csv,6103,20.997691,le35,900,2.2851675574207313
LFP,FUDS,40.0,2,LFP_40C_FUDS.csv,6103,20.997691,le35,1200,0.15852297712993657
LFP,FUDS,40.0,2,LFP_40C_FUDS.csv,6103,20.997691,le35,1800,
LFP,FUDS,40.0,2,LFP_40C_FUDS.csv,6103,20.997691,le35,2400,
LFP,FUDS,40.0,2,LFP_40C_FUDS.csv,6529,16.34373,le35,0,
LFP,FUDS,40.0,2,LFP_40C_FUDS.csv,6529,16.34373,le35,30,
LFP,FUDS,40.0,2,LFP_40C_FUDS.csv,6529,16.34373,le35,60,7.6054154889526355
LFP,FUDS,40.0,2,LFP_40C_FUDS.csv,6529,16.34373,le35,120,6.9827252781734455
LFP,FUDS,40.0,2,LFP_40C_FUDS.csv,6529,16.34373,le35,300,5.200583158399583
LFP,FUDS,40.0,2,LFP_40C_FUDS.csv,6529,16.34373,le35,600,1.2122422356552125
LFP,FUDS,40.0,2,LFP_40C_FUDS.csv,6529,16.34373,le35,900,0.43020951980113953
LFP,FUDS,40.0,2,LFP_40C_FUDS.csv,6529,16.34373,le35,1200,
LFP,FUDS,40.0,2,LFP_40C_FUDS.csv,6529,16.34373,le35,1800,
LFP,FUDS,40.0,2,LFP_40C_FUDS.csv,6529,16.34373,le35,2400,
LFP,FUDS,40.0,2,LFP_40C_FUDS.csv,7157,7.14712,le35,0,
LFP,FUDS,40.0,2,LFP_40C_FUDS.csv,7157,7.14712,le35,30,
LFP,FUDS,40.0,2,LFP_40C_FUDS.csv,7157,7.14712,le35,60,3.2487528296146397
LFP,FUDS,40.0,2,LFP_40C_FUDS.csv,7157,7.14712,le35,120,2.9742018948861126
LFP,FUDS,40.0,2,LFP_40C_FUDS.csv,7157,7.14712,le35,300,1.1404447243202207
LFP,FUDS,40.0,2,LFP_40C_FUDS.csv,7157,7.14712,le35,600,
LFP,FUDS,40.0,2,LFP_40C_FUDS.csv,7157,7.14712,le35,900,
LFP,FUDS,40.0,2,LFP_40C_FUDS.csv,7157,7.14712,le35,1200,
LFP,FUDS,40.0,2,LFP_40C_FUDS.csv,7157,7.14712,le35,1800,
LFP,FUDS,40.0,2,LFP_40C_FUDS.csv,7157,7.14712,le35,2400,
LFP,FUDS,50.0,0,LFP_50C_FUDS.csv,913,86.73429499999999,gt65,0,
LFP,FUDS,50.0,0,LFP_50C_FUDS.csv,913,86.73429499999999,gt65,30,
LFP,FUDS,50.0,0,LFP_50C_FUDS.csv,913,86.73429499999999,gt65,60,16.656052598266598
LFP,FUDS,50.0,0,LFP_50C_FUDS.csv,913,86.73429499999999,gt65,120,15.950196535079954
LFP,FUDS,50.0,0,LFP_50C_FUDS.csv,913,86.73429499999999,gt65,300,14.977951140365604
LFP,FUDS,50.0,0,LFP_50C_FUDS.csv,913,86.73429499999999,gt65,600,12.4609756452179
LFP,FUDS,50.0,0,LFP_50C_FUDS.csv,913,86.73429499999999,gt65,900,8.682712311859135
LFP,FUDS,50.0,0,LFP_50C_FUDS.csv,913,86.73429499999999,gt65,1200,7.147935828170787
LFP,FUDS,50.0,0,LFP_50C_FUDS.csv,913,86.73429499999999,gt65,1800,7.0952955881652855
LFP,FUDS,50.0,0,LFP_50C_FUDS.csv,913,86.73429499999999,gt65,2400,4.0837002028656
LFP,FUDS,50.0,0,LFP_50C_FUDS.csv,1429,81.91322,gt65,0,
LFP,FUDS,50.0,0,LFP_50C_FUDS.csv,1429,81.91322,gt65,30,
LFP,FUDS,50.0,0,LFP_50C_FUDS.csv,1429,81.91322,gt65,60,16.52609719329834
LFP,FUDS,50.0,0,LFP_50C_FUDS.csv,1429,81.91322,gt65,120,16.449883906173696
LFP,FUDS,50.0,0,LFP_50C_FUDS.csv,1429,81.91322,gt65,300,12.855786363815298
LFP,FUDS,50.0,0,LFP_50C_FUDS.csv,1429,81.91322,gt65,600,9.661112576599123
LFP,FUDS,50.0,0,LFP_50C_FUDS.csv,1429,81.91322,gt65,900,9.160878240661617
LFP,FUDS,50.0,0,LFP_50C_FUDS.csv,1429,81.91322,gt65,1200,8.363624078598022
LFP,FUDS,50.0,0,LFP_50C_FUDS.csv,1429,81.91322,gt65,1800,5.059533961105345
LFP,FUDS,50.0,0,LFP_50C_FUDS.csv,1429,81.91322,gt65,2400,4.256695458450324
LFP,FUDS,50.0,0,LFP_50C_FUDS.csv,1755,75.49034,gt65,0,
LFP,FUDS,50.0,0,LFP_50C_FUDS.csv,1755,75.49034,gt65,30,
LFP,FUDS,50.0,0,LFP_50C_FUDS.csv,1755,75.49034,gt65,60,10.83980729324341
LFP,FUDS,50.0,0,LFP_50C_FUDS.csv,1755,75.49034,gt65,120,9.890665894317635
LFP,FUDS,50.0,0,LFP_50C_FUDS.csv,1755,75.49034,gt65,300,8.99479360510253
LFP,FUDS,50.0,0,LFP_50C_FUDS.csv,1755,75.49034,gt65,600,8.144718884506233
LFP,FUDS,50.0,0,LFP_50C_FUDS.csv,1755,75.49034,gt65,900,7.966759592666634
LFP,FUDS,50.0,0,LFP_50C_FUDS.csv,1755,75.49034,gt65,1200,7.471341363510135
LFP,FUDS,50.0,0,LFP_50C_FUDS.csv,1755,75.49034,gt65,1800,4.464972025909418
LFP,FUDS,50.0,0,LFP_50C_FUDS.csv,1755,75.49034,gt65,2400,3.805172601875306
LFP,FUDS,50.0,0,LFP_50C_FUDS.csv,2878,64.0297,35to65,0,
LFP,FUDS,50.0,0,LFP_50C_FUDS.csv,2878,64.0297,35to65,30,
LFP,FUDS,50.0,0,LFP_50C_FUDS.csv,2878,64.0297,35to65,60,13.807284404449462
LFP,FUDS,50.0,0,LFP_50C_FUDS.csv,2878,64.0297,35to65,120,13.090119678573608
LFP,FUDS,50.0,0,LFP_50C_FUDS.csv,2878,64.0297,35to65,300,9.716907253074645
LFP,FUDS,50.0,0,LFP_50C_FUDS.csv,2878,64.0297,35to65,600,8.605131573097225
LFP,FUDS,50.0,0,LFP_50C_FUDS.csv,2878,64.0297,35to65,900,6.857915582962036
LFP,FUDS,50.0,0,LFP_50C_FUDS.csv,2878,64.0297,35to65,1200,5.918375024330139
LFP,FUDS,50.0,0,LFP_50C_FUDS.csv,2878,64.0297,35to65,1800,1.49898858039856
LFP,FUDS,50.0,0,LFP_50C_FUDS.csv,2878,64.0297,35to65,2400,1.4211981976470938
LFP,FUDS,50.0,0,LFP_50C_FUDS.csv,3358,55.61867,35to65,0,
LFP,FUDS,50.0,0,LFP_50C_FUDS.csv,3358,55.61867,35to65,30,
LFP,FUDS,50.0,0,LFP_50C_FUDS.csv,3358,55.61867,35to65,60,9.916797739768981
LFP,FUDS,50.0,0,LFP_50C_FUDS.csv,3358,55.61867,35to65,120,10.011445073432924
LFP,FUDS,50.0,0,LFP_50C_FUDS.csv,3358,55.61867,35to65,300,8.415275578201296
LFP,FUDS,50.0,0,LFP_50C_FUDS.csv,3358,55.61867,35to65,600,6.70343890091705
LFP,FUDS,50.0,0,LFP_50C_FUDS.csv,3358,55.61867,35to65,900,5.13407610353088
LFP,FUDS,50.0,0,LFP_50C_FUDS.csv,3358,55.61867,35to65,1200,1.9397039139556895
LFP,FUDS,50.0,0,LFP_50C_FUDS.csv,3358,55.61867,35to65,1800,1.4750476378326454
LFP,FUDS,50.0,0,LFP_50C_FUDS.csv,3358,55.61867,35to65,2400,0.5024916695213335
LFP,FUDS,50.0,0,LFP_50C_FUDS.csv,4613,39.479998,35to65,0,
LFP,FUDS,50.0,0,LFP_50C_FUDS.csv,4613,39.479998,35to65,30,
LFP,FUDS,50.0,0,LFP_50C_FUDS.csv,4613,39.479998,35to65,60,3.1290109853744497
LFP,FUDS,50.0,0,LFP_50C_FUDS.csv,4613,39.479998,35to65,120,2.546709858825686
LFP,FUDS,50.0,0,LFP_50C_FUDS.csv,4613,39.479998,35to65,300,1.7173676361236545
LFP,FUDS,50.0,0,LFP_50C_FUDS.csv,4613,39.479998,35to65,600,1.40238952127838
LFP,FUDS,50.0,0,LFP_50C_FUDS.csv,4613,39.479998,35to65,900,1.7564893989181556
LFP,FUDS,50.0,0,LFP_50C_FUDS.csv,4613,39.479998,35to65,1200,0.6108780151443476
LFP,FUDS,50.0,0,LFP_50C_FUDS.csv,4613,39.479998,35to65,1800,0.42634116007614153
LFP,FUDS,50.0,0,LFP_50C_FUDS.csv,4613,39.479998,35to65,2400,1.341582738239289
LFP,FUDS,50.0,0,LFP_50C_FUDS.csv,5864,23.770675,le35,0,
LFP,FUDS,50.0,0,LFP_50C_FUDS.csv,5864,23.770675,le35,30,
LFP,FUDS,50.0,0,LFP_50C_FUDS.csv,5864,23.770675,le35,60,6.065883033550261
LFP,FUDS,50.0,0,LFP_50C_FUDS.csv,5864,23.770675,le35,120,5.507388911434173
LFP,FUDS,50.0,0,LFP_50C_FUDS.csv,5864,23.770675,le35,300,4.522651723236084
LFP,FUDS,50.0,0,LFP_50C_FUDS.csv,5864,23.770675,le35,600,3.0250933982048025
LFP,FUDS,50.0,0,LFP_50C_FUDS.csv,5864,23.770675,le35,900,2.7447328213996904
LFP,FUDS,50.0,0,LFP_50C_FUDS.csv,5864,23.770675,le35,1200,1.1115887887458804
LFP,FUDS,50.0,0,LFP_50C_FUDS.csv,5864,23.770675,le35,1800,
LFP,FUDS,50.0,0,LFP_50C_FUDS.csv,5864,23.770675,le35,2400,
LFP,FUDS,50.0,0,LFP_50C_FUDS.csv,6421,17.375547,le35,0,
LFP,FUDS,50.0,0,LFP_50C_FUDS.csv,6421,17.375547,le35,30,
LFP,FUDS,50.0,0,LFP_50C_FUDS.csv,6421,17.375547,le35,60,5.758238541501999
LFP,FUDS,50.0,0,LFP_50C_FUDS.csv,6421,17.375547,le35,120,5.535964044992447
LFP,FUDS,50.0,0,LFP_50C_FUDS.csv,6421,17.375547,le35,300,5.027700720695497
LFP,FUDS,50.0,0,LFP_50C_FUDS.csv,6421,17.375547,le35,600,3.1673572475242615
LFP,FUDS,50.0,0,LFP_50C_FUDS.csv,6421,17.375547,le35,900,0.401184738736152
LFP,FUDS,50.0,0,LFP_50C_FUDS.csv,6421,17.375547,le35,1200,
LFP,FUDS,50.0,0,LFP_50C_FUDS.csv,6421,17.375547,le35,1800,
LFP,FUDS,50.0,0,LFP_50C_FUDS.csv,6421,17.375547,le35,2400,
LFP,FUDS,50.0,0,LFP_50C_FUDS.csv,7216,6.2542625,le35,0,
LFP,FUDS,50.0,0,LFP_50C_FUDS.csv,7216,6.2542625,le35,30,
LFP,FUDS,50.0,0,LFP_50C_FUDS.csv,7216,6.2542625,le35,60,2.835885172269821
LFP,FUDS,50.0,0,LFP_50C_FUDS.csv,7216,6.2542625,le35,120,1.953432002688026
LFP,FUDS,50.0,0,LFP_50C_FUDS.csv,7216,6.2542625,le35,300,0.9194286678679471
LFP,FUDS,50.0,0,LFP_50C_FUDS.csv,7216,6.2542625,le35,600,
LFP,FUDS,50.0,0,LFP_50C_FUDS.csv,7216,6.2542625,le35,900,
LFP,FUDS,50.0,0,LFP_50C_FUDS.csv,7216,6.2542625,le35,1200,
LFP,FUDS,50.0,0,LFP_50C_FUDS.csv,7216,6.2542625,le35,1800,
LFP,FUDS,50.0,0,LFP_50C_FUDS.csv,7216,6.2542625,le35,2400,
LFP,FUDS,50.0,1,LFP_50C_FUDS.csv,913,86.73429499999999,gt65,0,
LFP,FUDS,50.0,1,LFP_50C_FUDS.csv,913,86.73429499999999,gt65,30,
LFP,FUDS,50.0,1,LFP_50C_FUDS.csv,913,86.73429499999999,gt65,60,16.702925690917965
LFP,FUDS,50.0,1,LFP_50C_FUDS.csv,913,86.73429499999999,gt65,120,16.165589839904783
LFP,FUDS,50.0,1,LFP_50C_FUDS.csv,913,86.73429499999999,gt65,300,14.975590796432499
LFP,FUDS,50.0,1,LFP_50C_FUDS.csv,913,86.73429499999999,gt65,600,12.535803316268925
LFP,FUDS,50.0,1,LFP_50C_FUDS.csv,913,86.73429499999999,gt65,900,8.423587079162601
LFP,FUDS,50.0,1,LFP_50C_FUDS.csv,913,86.73429499999999,gt65,1200,7.031027277908336
LFP,FUDS,50.0,1,LFP_50C_FUDS.csv,913,86.73429499999999,gt65,1800,6.874216000228884
LFP,FUDS,50.0,1,LFP_50C_FUDS.csv,913,86.73429499999999,gt65,2400,4.114426397247314
LFP,FUDS,50.0,1,LFP_50C_FUDS.csv,1429,81.91322,gt65,0,
LFP,FUDS,50.0,1,LFP_50C_FUDS.csv,1429,81.91322,gt65,30,
LFP,FUDS,50.0,1,LFP_50C_FUDS.csv,1429,81.91322,gt65,60,16.32812036567688
LFP,FUDS,50.0,1,LFP_50C_FUDS.csv,1429,81.91322,gt65,120,16.229501692581167
LFP,FUDS,50.0,1,LFP_50C_FUDS.csv,1429,81.91322,gt65,300,12.32884554121398
LFP,FUDS,50.0,1,LFP_50C_FUDS.csv,1429,81.91322,gt65,600,9.49017241584778
LFP,FUDS,50.0,1,LFP_50C_FUDS.csv,1429,81.91322,gt65,900,8.624460279541012
LFP,FUDS,50.0,1,LFP_50C_FUDS.csv,1429,81.91322,gt65,1200,8.131523591842651
LFP,FUDS,50.0,1,LFP_50C_FUDS.csv,1429,81.91322,gt65,1800,4.7640200927734355
LFP,FUDS,50.0,1,LFP_50C_FUDS.csv,1429,81.91322,gt65,2400,4.3593316765213075
LFP,FUDS,50.0,1,LFP_50C_FUDS.csv,1755,75.49034,gt65,0,
LFP,FUDS,50.0,1,LFP_50C_FUDS.csv,1755,75.49034,gt65,30,
LFP,FUDS,50.0,1,LFP_50C_FUDS.csv,1755,75.49034,gt65,60,10.290890238113406
LFP,FUDS,50.0,1,LFP_50C_FUDS.csv,1755,75.49034,gt65,120,9.731783753204354
LFP,FUDS,50.0,1,LFP_50C_FUDS.csv,1755,75.49034,gt65,300,8.840965937866201
LFP,FUDS,50.0,1,LFP_50C_FUDS.csv,1755,75.49034,gt65,600,8.038676260986335
LFP,FUDS,50.0,1,LFP_50C_FUDS.csv,1755,75.49034,gt65,900,7.677641302719124
LFP,FUDS,50.0,1,LFP_50C_FUDS.csv,1755,75.49034,gt65,1200,7.1467761913147
LFP,FUDS,50.0,1,LFP_50C_FUDS.csv,1755,75.49034,gt65,1800,4.4043839044952335
LFP,FUDS,50.0,1,LFP_50C_FUDS.csv,1755,75.49034,gt65,2400,3.8856358920898444
LFP,FUDS,50.0,1,LFP_50C_FUDS.csv,2878,64.0297,35to65,0,
LFP,FUDS,50.0,1,LFP_50C_FUDS.csv,2878,64.0297,35to65,30,
LFP,FUDS,50.0,1,LFP_50C_FUDS.csv,2878,64.0297,35to65,60,13.31755178134918
LFP,FUDS,50.0,1,LFP_50C_FUDS.csv,2878,64.0297,35to65,120,12.247953731613158
LFP,FUDS,50.0,1,LFP_50C_FUDS.csv,2878,64.0297,35to65,300,9.679705014038085
LFP,FUDS,50.0,1,LFP_50C_FUDS.csv,2878,64.0297,35to65,600,8.310297197715755
LFP,FUDS,50.0,1,LFP_50C_FUDS.csv,2878,64.0297,35to65,900,6.9194901612472535
LFP,FUDS,50.0,1,LFP_50C_FUDS.csv,2878,64.0297,35to65,1200,5.751505860816955
LFP,FUDS,50.0,1,LFP_50C_FUDS.csv,2878,64.0297,35to65,1800,1.5255662915039068
LFP,FUDS,50.0,1,LFP_50C_FUDS.csv,2878,64.0297,35to65,2400,1.6182094300231924
LFP,FUDS,50.0,1,LFP_50C_FUDS.csv,3358,55.61867,35to65,0,
LFP,FUDS,50.0,1,LFP_50C_FUDS.csv,3358,55.61867,35to65,30,
LFP,FUDS,50.0,1,LFP_50C_FUDS.csv,3358,55.61867,35to65,60,9.741968375946044
LFP,FUDS,50.0,1,LFP_50C_FUDS.csv,3358,55.61867,35to65,120,9.450678614921571
LFP,FUDS,50.0,1,LFP_50C_FUDS.csv,3358,55.61867,35to65,300,8.112424378097536
LFP,FUDS,50.0,1,LFP_50C_FUDS.csv,3358,55.61867,35to65,600,6.4643169870071375
LFP,FUDS,50.0,1,LFP_50C_FUDS.csv,3358,55.61867,35to65,900,5.125439390502926
LFP,FUDS,50.0,1,LFP_50C_FUDS.csv,3358,55.61867,35to65,1200,1.713093014984132
LFP,FUDS,50.0,1,LFP_50C_FUDS.csv,3358,55.61867,35to65,1800,1.6600276726608314
LFP,FUDS,50.0,1,LFP_50C_FUDS.csv,3358,55.61867,35to65,2400,1.0265342162704485
LFP,FUDS,50.0,1,LFP_50C_FUDS.csv,4613,39.479998,35to65,0,
LFP,FUDS,50.0,1,LFP_50C_FUDS.csv,4613,39.479998,35to65,30,
LFP,FUDS,50.0,1,LFP_50C_FUDS.csv,4613,39.479998,35to65,60,3.0237402420043935
LFP,FUDS,50.0,1,LFP_50C_FUDS.csv,4613,39.479998,35to65,120,2.766943060806277
LFP,FUDS,50.0,1,LFP_50C_FUDS.csv,4613,39.479998,35to65,300,1.6601739992294284
LFP,FUDS,50.0,1,LFP_50C_FUDS.csv,4613,39.479998,35to65,600,1.331331844009398
LFP,FUDS,50.0,1,LFP_50C_FUDS.csv,4613,39.479998,35to65,900,1.7791868476486243
LFP,FUDS,50.0,1,LFP_50C_FUDS.csv,4613,39.479998,35to65,1200,0.5037818795280451
LFP,FUDS,50.0,1,LFP_50C_FUDS.csv,4613,39.479998,35to65,1800,0.6018529970817568
LFP,FUDS,50.0,1,LFP_50C_FUDS.csv,4613,39.479998,35to65,2400,1.5274680186100014
LFP,FUDS,50.0,1,LFP_50C_FUDS.csv,5864,23.770675,le35,0,
LFP,FUDS,50.0,1,LFP_50C_FUDS.csv,5864,23.770675,le35,30,
LFP,FUDS,50.0,1,LFP_50C_FUDS.csv,5864,23.770675,le35,60,4.8039454152946455
LFP,FUDS,50.0,1,LFP_50C_FUDS.csv,5864,23.770675,le35,120,4.618038437553405
LFP,FUDS,50.0,1,LFP_50C_FUDS.csv,5864,23.770675,le35,300,3.6604660662117006
LFP,FUDS,50.0,1,LFP_50C_FUDS.csv,5864,23.770675,le35,600,2.217398307434081
LFP,FUDS,50.0,1,LFP_50C_FUDS.csv,5864,23.770675,le35,900,2.0998887960262316
LFP,FUDS,50.0,1,LFP_50C_FUDS.csv,5864,23.770675,le35,1200,0.8164586253147128
LFP,FUDS,50.0,1,LFP_50C_FUDS.csv,5864,23.770675,le35,1800,
LFP,FUDS,50.0,1,LFP_50C_FUDS.csv,5864,23.770675,le35,2400,
LFP,FUDS,50.0,1,LFP_50C_FUDS.csv,6421,17.375547,le35,0,
LFP,FUDS,50.0,1,LFP_50C_FUDS.csv,6421,17.375547,le35,30,
LFP,FUDS,50.0,1,LFP_50C_FUDS.csv,6421,17.375547,le35,60,4.5246809297981265
LFP,FUDS,50.0,1,LFP_50C_FUDS.csv,6421,17.375547,le35,120,4.239012423221588
LFP,FUDS,50.0,1,LFP_50C_FUDS.csv,6421,17.375547,le35,300,3.7977916583099383
LFP,FUDS,50.0,1,LFP_50C_FUDS.csv,6421,17.375547,le35,600,2.408722739868164
LFP,FUDS,50.0,1,LFP_50C_FUDS.csv,6421,17.375547,le35,900,0.1351800124454492
LFP,FUDS,50.0,1,LFP_50C_FUDS.csv,6421,17.375547,le35,1200,
LFP,FUDS,50.0,1,LFP_50C_FUDS.csv,6421,17.375547,le35,1800,
LFP,FUDS,50.0,1,LFP_50C_FUDS.csv,6421,17.375547,le35,2400,
LFP,FUDS,50.0,1,LFP_50C_FUDS.csv,7216,6.2542625,le35,0,
LFP,FUDS,50.0,1,LFP_50C_FUDS.csv,7216,6.2542625,le35,30,
LFP,FUDS,50.0,1,LFP_50C_FUDS.csv,7216,6.2542625,le35,60,2.1827151230792996
LFP,FUDS,50.0,1,LFP_50C_FUDS.csv,7216,6.2542625,le35,120,1.1924684435373303
LFP,FUDS,50.0,1,LFP_50C_FUDS.csv,7216,6.2542625,le35,300,0.30524620308952377
LFP,FUDS,50.0,1,LFP_50C_FUDS.csv,7216,6.2542625,le35,600,
LFP,FUDS,50.0,1,LFP_50C_FUDS.csv,7216,6.2542625,le35,900,
LFP,FUDS,50.0,1,LFP_50C_FUDS.csv,7216,6.2542625,le35,1200,
LFP,FUDS,50.0,1,LFP_50C_FUDS.csv,7216,6.2542625,le35,1800,
LFP,FUDS,50.0,1,LFP_50C_FUDS.csv,7216,6.2542625,le35,2400,
LFP,FUDS,50.0,2,LFP_50C_FUDS.csv,913,86.73429499999999,gt65,0,
LFP,FUDS,50.0,2,LFP_50C_FUDS.csv,913,86.73429499999999,gt65,30,
LFP,FUDS,50.0,2,LFP_50C_FUDS.csv,913,86.73429499999999,gt65,60,15.961497554092404
LFP,FUDS,50.0,2,LFP_50C_FUDS.csv,913,86.73429499999999,gt65,120,14.874070436447141
LFP,FUDS,50.0,2,LFP_50C_FUDS.csv,913,86.73429499999999,gt65,300,14.267416090927128
LFP,FUDS,50.0,2,LFP_50C_FUDS.csv,913,86.73429499999999,gt65,600,11.394004820022587
LFP,FUDS,50.0,2,LFP_50C_FUDS.csv,913,86.73429499999999,gt65,900,7.932653422470096
LFP,FUDS,50.0,2,LFP_50C_FUDS.csv,913,86.73429499999999,gt65,1200,6.780359944305431
LFP,FUDS,50.0,2,LFP_50C_FUDS.csv,913,86.73429499999999,gt65,1800,6.777793566375735
LFP,FUDS,50.0,2,LFP_50C_FUDS.csv,913,86.73429499999999,gt65,2400,4.132039569778442
LFP,FUDS,50.0,2,LFP_50C_FUDS.csv,1429,81.91322,gt65,0,
LFP,FUDS,50.0,2,LFP_50C_FUDS.csv,1429,81.91322,gt65,30,
LFP,FUDS,50.0,2,LFP_50C_FUDS.csv,1429,81.91322,gt65,60,15.265709295806886
LFP,FUDS,50.0,2,LFP_50C_FUDS.csv,1429,81.91322,gt65,120,15.842900006103505
LFP,FUDS,50.0,2,LFP_50C_FUDS.csv,1429,81.91322,gt65,300,12.545538227294912
LFP,FUDS,50.0,2,LFP_50C_FUDS.csv,1429,81.91322,gt65,600,9.45161417114258
LFP,FUDS,50.0,2,LFP_50C_FUDS.csv,1429,81.91322,gt65,900,8.628453790740963
LFP,FUDS,50.0,2,LFP_50C_FUDS.csv,1429,81.91322,gt65,1200,8.293457490768432
LFP,FUDS,50.0,2,LFP_50C_FUDS.csv,1429,81.91322,gt65,1800,5.038970358657835
LFP,FUDS,50.0,2,LFP_50C_FUDS.csv,1429,81.91322,gt65,2400,4.498583027877814
LFP,FUDS,50.0,2,LFP_50C_FUDS.csv,1755,75.49034,gt65,0,
LFP,FUDS,50.0,2,LFP_50C_FUDS.csv,1755,75.49034,gt65,30,
LFP,FUDS,50.0,2,LFP_50C_FUDS.csv,1755,75.49034,gt65,60,9.65332915527344
LFP,FUDS,50.0,2,LFP_50C_FUDS.csv,1755,75.49034,gt65,120,8.706309681701669
LFP,FUDS,50.0,2,LFP_50C_FUDS.csv,1755,75.49034,gt65,300,8.36511225630187
LFP,FUDS,50.0,2,LFP_50C_FUDS.csv,1755,75.49034,gt65,600,7.814985989608772
LFP,FUDS,50.0,2,LFP_50C_FUDS.csv,1755,75.49034,gt65,900,7.819077164306648
LFP,FUDS,50.0,2,LFP_50C_FUDS.csv,1755,75.49034,gt65,1200,7.103741637786868
LFP,FUDS,50.0,2,LFP_50C_FUDS.csv,1755,75.49034,gt65,1800,4.654768116035456
LFP,FUDS,50.0,2,LFP_50C_FUDS.csv,1755,75.49034,gt65,2400,4.149189749893189
LFP,FUDS,50.0,2,LFP_50C_FUDS.csv,2878,64.0297,35to65,0,
LFP,FUDS,50.0,2,LFP_50C_FUDS.csv,2878,64.0297,35to65,30,
LFP,FUDS,50.0,2,LFP_50C_FUDS.csv,2878,64.0297,35to65,60,15.008407403640746
LFP,FUDS,50.0,2,LFP_50C_FUDS.csv,2878,64.0297,35to65,120,12.324912268714904
LFP,FUDS,50.0,2,LFP_50C_FUDS.csv,2878,64.0297,35to65,300,10.098382940101622
LFP,FUDS,50.0,2,LFP_50C_FUDS.csv,2878,64.0297,35to65,600,8.839801020042415
LFP,FUDS,50.0,2,LFP_50C_FUDS.csv,2878,64.0297,35to65,900,7.250433030433655
LFP,FUDS,50.0,2,LFP_50C_FUDS.csv,2878,64.0297,35to65,1200,6.12732208682251
LFP,FUDS,50.0,2,LFP_50C_FUDS.csv,2878,64.0297,35to65,1800,1.7376813408660894
LFP,FUDS,50.0,2,LFP_50C_FUDS.csv,2878,64.0297,35to65,2400,1.4846980059585562
LFP,FUDS,50.0,2,LFP_50C_FUDS.csv,3358,55.61867,35to65,0,
LFP,FUDS,50.0,2,LFP_50C_FUDS.csv,3358,55.61867,35to65,30,
LFP,FUDS,50.0,2,LFP_50C_FUDS.csv,3358,55.61867,35to65,60,10.37522004296875
LFP,FUDS,50.0,2,LFP_50C_FUDS.csv,3358,55.61867,35to65,120,10.259477881736757
LFP,FUDS,50.0,2,LFP_50C_FUDS.csv,3358,55.61867,35to65,300,8.86414027661133
LFP,FUDS,50.0,2,LFP_50C_FUDS.csv,3358,55.61867,35to65,600,6.892141245811459
LFP,FUDS,50.0,2,LFP_50C_FUDS.csv,3358,55.61867,35to65,900,5.334216579757687
LFP,FUDS,50.0,2,LFP_50C_FUDS.csv,3358,55.61867,35to65,1200,1.9307781184005748
LFP,FUDS,50.0,2,LFP_50C_FUDS.csv,3358,55.61867,35to65,1800,1.6516353386764564
LFP,FUDS,50.0,2,LFP_50C_FUDS.csv,3358,55.61867,35to65,2400,1.096924321517946
LFP,FUDS,50.0,2,LFP_50C_FUDS.csv,4613,39.479998,35to65,0,
LFP,FUDS,50.0,2,LFP_50C_FUDS.csv,4613,39.479998,35to65,30,
LFP,FUDS,50.0,2,LFP_50C_FUDS.csv,4613,39.479998,35to65,60,4.053908179283141
LFP,FUDS,50.0,2,LFP_50C_FUDS.csv,4613,39.479998,35to65,120,3.5272509688644433
LFP,FUDS,50.0,2,LFP_50C_FUDS.csv,4613,39.479998,35to65,300,2.4742393364105197
LFP,FUDS,50.0,2,LFP_50C_FUDS.csv,4613,39.479998,35to65,600,1.5512282797470078
LFP,FUDS,50.0,2,LFP_50C_FUDS.csv,4613,39.479998,35to65,900,1.8132300405120887
LFP,FUDS,50.0,2,LFP_50C_FUDS.csv,4613,39.479998,35to65,1200,0.5795945173339838
LFP,FUDS,50.0,2,LFP_50C_FUDS.csv,4613,39.479998,35to65,1800,0.5536402900390627
LFP,FUDS,50.0,2,LFP_50C_FUDS.csv,4613,39.479998,35to65,2400,1.3541876304931648
LFP,FUDS,50.0,2,LFP_50C_FUDS.csv,5864,23.770675,le35,0,
LFP,FUDS,50.0,2,LFP_50C_FUDS.csv,5864,23.770675,le35,30,
LFP,FUDS,50.0,2,LFP_50C_FUDS.csv,5864,23.770675,le35,60,5.770507746017454
LFP,FUDS,50.0,2,LFP_50C_FUDS.csv,5864,23.770675,le35,120,4.866719446369171
LFP,FUDS,50.0,2,LFP_50C_FUDS.csv,5864,23.770675,le35,300,4.175350359291077
LFP,FUDS,50.0,2,LFP_50C_FUDS.csv,5864,23.770675,le35,600,2.6661944605026235
LFP,FUDS,50.0,2,LFP_50C_FUDS.csv,5864,23.770675,le35,900,2.5037333611793535
LFP,FUDS,50.0,2,LFP_50C_FUDS.csv,5864,23.770675,le35,1200,1.1567914612274173
LFP,FUDS,50.0,2,LFP_50C_FUDS.csv,5864,23.770675,le35,1800,
LFP,FUDS,50.0,2,LFP_50C_FUDS.csv,5864,23.770675,le35,2400,
LFP,FUDS,50.0,2,LFP_50C_FUDS.csv,6421,17.375547,le35,0,
LFP,FUDS,50.0,2,LFP_50C_FUDS.csv,6421,17.375547,le35,30,
LFP,FUDS,50.0,2,LFP_50C_FUDS.csv,6421,17.375547,le35,60,5.214770841020584
LFP,FUDS,50.0,2,LFP_50C_FUDS.csv,6421,17.375547,le35,120,5.103293183509827
LFP,FUDS,50.0,2,LFP_50C_FUDS.csv,6421,17.375547,le35,300,4.400543628601076
LFP,FUDS,50.0,2,LFP_50C_FUDS.csv,6421,17.375547,le35,600,2.9641992861557007
LFP,FUDS,50.0,2,LFP_50C_FUDS.csv,6421,17.375547,le35,900,0.18273408816337522
LFP,FUDS,50.0,2,LFP_50C_FUDS.csv,6421,17.375547,le35,1200,
LFP,FUDS,50.0,2,LFP_50C_FUDS.csv,6421,17.375547,le35,1800,
LFP,FUDS,50.0,2,LFP_50C_FUDS.csv,6421,17.375547,le35,2400,
LFP,FUDS,50.0,2,LFP_50C_FUDS.csv,7216,6.2542625,le35,0,
LFP,FUDS,50.0,2,LFP_50C_FUDS.csv,7216,6.2542625,le35,30,
LFP,FUDS,50.0,2,LFP_50C_FUDS.csv,7216,6.2542625,le35,60,2.98373952277708
LFP,FUDS,50.0,2,LFP_50C_FUDS.csv,7216,6.2542625,le35,120,2.0333527043705937
LFP,FUDS,50.0,2,LFP_50C_FUDS.csv,7216,6.2542625,le35,300,1.0257192094572072
LFP,FUDS,50.0,2,LFP_50C_FUDS.csv,7216,6.2542625,le35,600,
LFP,FUDS,50.0,2,LFP_50C_FUDS.csv,7216,6.2542625,le35,900,
LFP,FUDS,50.0,2,LFP_50C_FUDS.csv,7216,6.2542625,le35,1200,
LFP,FUDS,50.0,2,LFP_50C_FUDS.csv,7216,6.2542625,le35,1800,
LFP,FUDS,50.0,2,LFP_50C_FUDS.csv,7216,6.2542625,le35,2400,
LFP,US06,-10.0,0,LFP_-10C_US06.csv,1089,84.44425,gt65,0,
LFP,US06,-10.0,0,LFP_-10C_US06.csv,1089,84.44425,gt65,30,
LFP,US06,-10.0,0,LFP_-10C_US06.csv,1089,84.44425,gt65,60,10.297518537368774
LFP,US06,-10.0,0,LFP_-10C_US06.csv,1089,84.44425,gt65,120,9.820539813308713
LFP,US06,-10.0,0,LFP_-10C_US06.csv,1089,84.44425,gt65,300,8.085477280212402
LFP,US06,-10.0,0,LFP_-10C_US06.csv,1089,84.44425,gt65,600,7.853817449325561
LFP,US06,-10.0,0,LFP_-10C_US06.csv,1089,84.44425,gt65,900,7.421422369674673
LFP,US06,-10.0,0,LFP_-10C_US06.csv,1089,84.44425,gt65,1200,7.1654333737182725
LFP,US06,-10.0,0,LFP_-10C_US06.csv,1089,84.44425,gt65,1800,6.441629122802738
LFP,US06,-10.0,0,LFP_-10C_US06.csv,1089,84.44425,gt65,2400,5.455998627433779
LFP,US06,-10.0,0,LFP_-10C_US06.csv,1276,82.19467,gt65,0,
LFP,US06,-10.0,0,LFP_-10C_US06.csv,1276,82.19467,gt65,30,
LFP,US06,-10.0,0,LFP_-10C_US06.csv,1276,82.19467,gt65,60,18.682241044662476
LFP,US06,-10.0,0,LFP_-10C_US06.csv,1276,82.19467,gt65,120,17.56597152122498
LFP,US06,-10.0,0,LFP_-10C_US06.csv,1276,82.19467,gt65,300,15.533445472793588
LFP,US06,-10.0,0,LFP_-10C_US06.csv,1276,82.19467,gt65,600,13.937941972503666
LFP,US06,-10.0,0,LFP_-10C_US06.csv,1276,82.19467,gt65,900,11.32525239053345
LFP,US06,-10.0,0,LFP_-10C_US06.csv,1276,82.19467,gt65,1200,10.654619161300658
LFP,US06,-10.0,0,LFP_-10C_US06.csv,1276,82.19467,gt65,1800,8.123248923606873
LFP,US06,-10.0,0,LFP_-10C_US06.csv,1276,82.19467,gt65,2400,5.805552015350344
LFP,US06,-10.0,0,LFP_-10C_US06.csv,1755,75.52714999999999,gt65,0,
LFP,US06,-10.0,0,LFP_-10C_US06.csv,1755,75.52714999999999,gt65,30,
LFP,US06,-10.0,0,LFP_-10C_US06.csv,1755,75.52714999999999,gt65,60,9.423114118499754
LFP,US06,-10.0,0,LFP_-10C_US06.csv,1755,75.52714999999999,gt65,120,8.588812534103397
LFP,US06,-10.0,0,LFP_-10C_US06.csv,1755,75.52714999999999,gt65,300,7.129774889678956
LFP,US06,-10.0,0,LFP_-10C_US06.csv,1755,75.52714999999999,gt65,600,7.173264131683354
LFP,US06,-10.0,0,LFP_-10C_US06.csv,1755,75.52714999999999,gt65,900,6.1717776410675
LFP,US06,-10.0,0,LFP_-10C_US06.csv,1755,75.52714999999999,gt65,1200,6.462967218902591
LFP,US06,-10.0,0,LFP_-10C_US06.csv,1755,75.52714999999999,gt65,1800,5.408653214645383
LFP,US06,-10.0,0,LFP_-10C_US06.csv,1755,75.52714999999999,gt65,2400,3.893867211860659
LFP,US06,-10.0,0,LFP_-10C_US06.csv,3033,57.97548999999999,35to65,0,
LFP,US06,-10.0,0,LFP_-10C_US06.csv,3033,57.97548999999999,35to65,30,
LFP,US06,-10.0,0,LFP_-10C_US06.csv,3033,57.97548999999999,35to65,60,4.918021028060913
LFP,US06,-10.0,0,LFP_-10C_US06.csv,3033,57.97548999999999,35to65,120,3.986551344909671
LFP,US06,-10.0,0,LFP_-10C_US06.csv,3033,57.97548999999999,35to65,300,3.740756899604804
LFP,US06,-10.0,0,LFP_-10C_US06.csv,3033,57.97548999999999,35to65,600,3.6151524405899025
LFP,US06,-10.0,0,LFP_-10C_US06.csv,3033,57.97548999999999,35to65,900,3.2013862725143483
LFP,US06,-10.0,0,LFP_-10C_US06.csv,3033,57.97548999999999,35to65,1200,3.2559274869995107
LFP,US06,-10.0,0,LFP_-10C_US06.csv,3033,57.97548999999999,35to65,1800,2.396127423431402
LFP,US06,-10.0,0,LFP_-10C_US06.csv,3033,57.97548999999999,35to65,2400,
LFP,US06,-10.0,0,LFP_-10C_US06.csv,3261,54.518069999999994,35to65,0,
LFP,US06,-10.0,0,LFP_-10C_US06.csv,3261,54.518069999999994,35to65,30,
LFP,US06,-10.0,0,LFP_-10C_US06.csv,3261,54.518069999999994,35to65,60,14.149768017730715
LFP,US06,-10.0,0,LFP_-10C_US06.csv,3261,54.518069999999994,35to65,120,12.910774111412046
LFP,US06,-10.0,0,LFP_-10C_US06.csv,3261,54.518069999999994,35to65,300,11.389556424140935
LFP,US06,-10.0,0,LFP_-10C_US06.csv,3261,54.518069999999994,35to65,600,7.7787031713104255
LFP,US06,-10.0,0,LFP_-10C_US06.csv,3261,54.518069999999994,35to65,900,6.082528894195555
LFP,US06,-10.0,0,LFP_-10C_US06.csv,3261,54.518069999999994,35to65,1200,3.747818808822636
LFP,US06,-10.0,0,LFP_-10C_US06.csv,3261,54.518069999999994,35to65,1800,2.0423159134292597
LFP,US06,-10.0,0,LFP_-10C_US06.csv,3261,54.518069999999994,35to65,2400,
LFP,US06,-10.0,0,LFP_-10C_US06.csv,4478,37.695634,35to65,0,
LFP,US06,-10.0,0,LFP_-10C_US06.csv,4478,37.695634,35to65,30,
LFP,US06,-10.0,0,LFP_-10C_US06.csv,4478,37.695634,35to65,60,10.25328798278808
LFP,US06,-10.0,0,LFP_-10C_US06.csv,4478,37.695634,35to65,120,9.153992227020261
LFP,US06,-10.0,0,LFP_-10C_US06.csv,4478,37.695634,35to65,300,9.029312093700412
LFP,US06,-10.0,0,LFP_-10C_US06.csv,4478,37.695634,35to65,600,4.383483459358217
LFP,US06,-10.0,0,LFP_-10C_US06.csv,4478,37.695634,35to65,900,
LFP,US06,-10.0,0,LFP_-10C_US06.csv,4478,37.695634,35to65,1200,
LFP,US06,-10.0,0,LFP_-10C_US06.csv,4478,37.695634,35to65,1800,
LFP,US06,-10.0,0,LFP_-10C_US06.csv,4478,37.695634,35to65,2400,
LFP,US06,-10.0,0,LFP_-10C_US06.csv,4652,34.609407,le35,0,
LFP,US06,-10.0,0,LFP_-10C_US06.csv,4652,34.609407,le35,30,
LFP,US06,-10.0,0,LFP_-10C_US06.csv,4652,34.609407,le35,60,11.769744460601807
LFP,US06,-10.0,0,LFP_-10C_US06.csv,4652,34.609407,le35,120,12.332160317790986
LFP,US06,-10.0,0,LFP_-10C_US06.csv,4652,34.609407,le35,300,8.470289056827546
LFP,US06,-10.0,0,LFP_-10C_US06.csv,4652,34.609407,le35,600,
LFP,US06,-10.0,0,LFP_-10C_US06.csv,4652,34.609407,le35,900,
LFP,US06,-10.0,0,LFP_-10C_US06.csv,4652,34.609407,le35,1200,
LFP,US06,-10.0,0,LFP_-10C_US06.csv,4652,34.609407,le35,1800,
LFP,US06,-10.0,0,LFP_-10C_US06.csv,4652,34.609407,le35,2400,
LFP,US06,-10.0,0,LFP_-10C_US06.csv,4797,33.507776,le35,0,
LFP,US06,-10.0,0,LFP_-10C_US06.csv,4797,33.507776,le35,30,
LFP,US06,-10.0,0,LFP_-10C_US06.csv,4797,33.507776,le35,60,3.2666783273696893
LFP,US06,-10.0,0,LFP_-10C_US06.csv,4797,33.507776,le35,120,1.7492686722335833
LFP,US06,-10.0,0,LFP_-10C_US06.csv,4797,33.507776,le35,300,1.9609838062133775
LFP,US06,-10.0,0,LFP_-10C_US06.csv,4797,33.507776,le35,600,
LFP,US06,-10.0,0,LFP_-10C_US06.csv,4797,33.507776,le35,900,
LFP,US06,-10.0,0,LFP_-10C_US06.csv,4797,33.507776,le35,1200,
LFP,US06,-10.0,0,LFP_-10C_US06.csv,4797,33.507776,le35,1800,
LFP,US06,-10.0,0,LFP_-10C_US06.csv,4797,33.507776,le35,2400,
LFP,US06,-10.0,0,LFP_-10C_US06.csv,4821,33.085838,le35,0,
LFP,US06,-10.0,0,LFP_-10C_US06.csv,4821,33.085838,le35,30,
LFP,US06,-10.0,0,LFP_-10C_US06.csv,4821,33.085838,le35,60,15.20812972559738
LFP,US06,-10.0,0,LFP_-10C_US06.csv,4821,33.085838,le35,120,14.464828034881595
LFP,US06,-10.0,0,LFP_-10C_US06.csv,4821,33.085838,le35,300,
LFP,US06,-10.0,0,LFP_-10C_US06.csv,4821,33.085838,le35,600,
LFP,US06,-10.0,0,LFP_-10C_US06.csv,4821,33.085838,le35,900,
LFP,US06,-10.0,0,LFP_-10C_US06.csv,4821,33.085838,le35,1200,
LFP,US06,-10.0,0,LFP_-10C_US06.csv,4821,33.085838,le35,1800,
LFP,US06,-10.0,0,LFP_-10C_US06.csv,4821,33.085838,le35,2400,
LFP,US06,-10.0,1,LFP_-10C_US06.csv,1089,84.44425,gt65,0,
LFP,US06,-10.0,1,LFP_-10C_US06.csv,1089,84.44425,gt65,30,
LFP,US06,-10.0,1,LFP_-10C_US06.csv,1089,84.44425,gt65,60,10.334860847320556
LFP,US06,-10.0,1,LFP_-10C_US06.csv,1089,84.44425,gt65,120,9.651495080261228
LFP,US06,-10.0,1,LFP_-10C_US06.csv,1089,84.44425,gt65,300,7.786840128494262
LFP,US06,-10.0,1,LFP_-10C_US06.csv,1089,84.44425,gt65,600,7.594042526000976
LFP,US06,-10.0,1,LFP_-10C_US06.csv,1089,84.44425,gt65,900,7.291943199829092
LFP,US06,-10.0,1,LFP_-10C_US06.csv,1089,84.44425,gt65,1200,6.976450886993419
LFP,US06,-10.0,1,LFP_-10C_US06.csv,1089,84.44425,gt65,1800,6.3042881003112825
LFP,US06,-10.0,1,LFP_-10C_US06.csv,1089,84.44425,gt65,2400,5.320803372154238
LFP,US06,-10.0,1,LFP_-10C_US06.csv,1276,82.19467,gt65,0,
LFP,US06,-10.0,1,LFP_-10C_US06.csv,1276,82.19467,gt65,30,
LFP,US06,-10.0,1,LFP_-10C_US06.csv,1276,82.19467,gt65,60,18.38940342488098
LFP,US06,-10.0,1,LFP_-10C_US06.csv,1276,82.19467,gt65,120,17.494463828887945
LFP,US06,-10.0,1,LFP_-10C_US06.csv,1276,82.19467,gt65,300,15.216408367233285
LFP,US06,-10.0,1,LFP_-10C_US06.csv,1276,82.19467,gt65,600,13.799748603591922
LFP,US06,-10.0,1,LFP_-10C_US06.csv,1276,82.19467,gt65,900,11.339450216918948
LFP,US06,-10.0,1,LFP_-10C_US06.csv,1276,82.19467,gt65,1200,10.711839620285033
LFP,US06,-10.0,1,LFP_-10C_US06.csv,1276,82.19467,gt65,1800,8.255681503601075
LFP,US06,-10.0,1,LFP_-10C_US06.csv,1276,82.19467,gt65,2400,5.937176952407839
LFP,US06,-10.0,1,LFP_-10C_US06.csv,1755,75.52714999999999,gt65,0,
LFP,US06,-10.0,1,LFP_-10C_US06.csv,1755,75.52714999999999,gt65,30,
LFP,US06,-10.0,1,LFP_-10C_US06.csv,1755,75.52714999999999,gt65,60,9.108878431243895
LFP,US06,-10.0,1,LFP_-10C_US06.csv,1755,75.52714999999999,gt65,120,8.313778821716312
LFP,US06,-10.0,1,LFP_-10C_US06.csv,1755,75.52714999999999,gt65,300,6.84086521598816
LFP,US06,-10.0,1,LFP_-10C_US06.csv,1755,75.52714999999999,gt65,600,7.129877910751347
LFP,US06,-10.0,1,LFP_-10C_US06.csv,1755,75.52714999999999,gt65,900,6.2330392949676465
LFP,US06,-10.0,1,LFP_-10C_US06.csv,1755,75.52714999999999,gt65,1200,6.419145884063724
LFP,US06,-10.0,1,LFP_-10C_US06.csv,1755,75.52714999999999,gt65,1800,5.356910422515867
LFP,US06,-10.0,1,LFP_-10C_US06.csv,1755,75.52714999999999,gt65,2400,4.0757507853927635
LFP,US06,-10.0,1,LFP_-10C_US06.csv,3033,57.97548999999999,35to65,0,
LFP,US06,-10.0,1,LFP_-10C_US06.csv,3033,57.97548999999999,35to65,30,
LFP,US06,-10.0,1,LFP_-10C_US06.csv,3033,57.97548999999999,35to65,60,4.627960984725952
LFP,US06,-10.0,1,LFP_-10C_US06.csv,3033,57.97548999999999,35to65,120,4.130478680648807
LFP,US06,-10.0,1,LFP_-10C_US06.csv,3033,57.97548999999999,35to65,300,3.6298535173034736
LFP,US06,-10.0,1,LFP_-10C_US06.csv,3033,57.97548999999999,35to65,600,3.394436440986631
LFP,US06,-10.0,1,LFP_-10C_US06.csv,3033,57.97548999999999,35to65,900,3.137394725883489
LFP,US06,-10.0,1,LFP_-10C_US06.csv,3033,57.97548999999999,35to65,1200,3.2430201011734
LFP,US06,-10.0,1,LFP_-10C_US06.csv,3033,57.97548999999999,35to65,1800,2.249148329879766
LFP,US06,-10.0,1,LFP_-10C_US06.csv,3033,57.97548999999999,35to65,2400,
LFP,US06,-10.0,1,LFP_-10C_US06.csv,3261,54.518069999999994,35to65,0,
LFP,US06,-10.0,1,LFP_-10C_US06.csv,3261,54.518069999999994,35to65,30,
LFP,US06,-10.0,1,LFP_-10C_US06.csv,3261,54.518069999999994,35to65,60,14.17237605949402
LFP,US06,-10.0,1,LFP_-10C_US06.csv,3261,54.518069999999994,35to65,120,13.112514972351072
LFP,US06,-10.0,1,LFP_-10C_US06.csv,3261,54.518069999999994,35to65,300,11.889409915924077
LFP,US06,-10.0,1,LFP_-10C_US06.csv,3261,54.518069999999994,35to65,600,8.045919734535218
LFP,US06,-10.0,1,LFP_-10C_US06.csv,3261,54.518069999999994,35to65,900,6.369960372695921
LFP,US06,-10.0,1,LFP_-10C_US06.csv,3261,54.518069999999994,35to65,1200,3.874159794120793
LFP,US06,-10.0,1,LFP_-10C_US06.csv,3261,54.518069999999994,35to65,1800,2.231816960563659
LFP,US06,-10.0,1,LFP_-10C_US06.csv,3261,54.518069999999994,35to65,2400,
LFP,US06,-10.0,1,LFP_-10C_US06.csv,4478,37.695634,35to65,0,
LFP,US06,-10.0,1,LFP_-10C_US06.csv,4478,37.695634,35to65,30,
LFP,US06,-10.0,1,LFP_-10C_US06.csv,4478,37.695634,35to65,60,10.946874451484675
LFP,US06,-10.0,1,LFP_-10C_US06.csv,4478,37.695634,35to65,120,9.648990920486447
LFP,US06,-10.0,1,LFP_-10C_US06.csv,4478,37.695634,35to65,300,10.033814270938876
LFP,US06,-10.0,1,LFP_-10C_US06.csv,4478,37.695634,35to65,600,4.762916197185518
LFP,US06,-10.0,1,LFP_-10C_US06.csv,4478,37.695634,35to65,900,
LFP,US06,-10.0,1,LFP_-10C_US06.csv,4478,37.695634,35to65,1200,
LFP,US06,-10.0,1,LFP_-10C_US06.csv,4478,37.695634,35to65,1800,
LFP,US06,-10.0,1,LFP_-10C_US06.csv,4478,37.695634,35to65,2400,
LFP,US06,-10.0,1,LFP_-10C_US06.csv,4652,34.609407,le35,0,
LFP,US06,-10.0,1,LFP_-10C_US06.csv,4652,34.609407,le35,30,
LFP,US06,-10.0,1,LFP_-10C_US06.csv,4652,34.609407,le35,60,13.526011710186005
LFP,US06,-10.0,1,LFP_-10C_US06.csv,4652,34.609407,le35,120,13.372988545787813
LFP,US06,-10.0,1,LFP_-10C_US06.csv,4652,34.609407,le35,300,9.188618903686525
LFP,US06,-10.0,1,LFP_-10C_US06.csv,4652,34.609407,le35,600,
LFP,US06,-10.0,1,LFP_-10C_US06.csv,4652,34.609407,le35,900,
LFP,US06,-10.0,1,LFP_-10C_US06.csv,4652,34.609407,le35,1200,
LFP,US06,-10.0,1,LFP_-10C_US06.csv,4652,34.609407,le35,1800,
LFP,US06,-10.0,1,LFP_-10C_US06.csv,4652,34.609407,le35,2400,
LFP,US06,-10.0,1,LFP_-10C_US06.csv,4797,33.507776,le35,0,
LFP,US06,-10.0,1,LFP_-10C_US06.csv,4797,33.507776,le35,30,
LFP,US06,-10.0,1,LFP_-10C_US06.csv,4797,33.507776,le35,60,3.610612028884887
LFP,US06,-10.0,1,LFP_-10C_US06.csv,4797,33.507776,le35,120,2.0522062990722674
LFP,US06,-10.0,1,LFP_-10C_US06.csv,4797,33.507776,le35,300,2.039110594352721
LFP,US06,-10.0,1,LFP_-10C_US06.csv,4797,33.507776,le35,600,
LFP,US06,-10.0,1,LFP_-10C_US06.csv,4797,33.507776,le35,900,
LFP,US06,-10.0,1,LFP_-10C_US06.csv,4797,33.507776,le35,1200,
LFP,US06,-10.0,1,LFP_-10C_US06.csv,4797,33.507776,le35,1800,
LFP,US06,-10.0,1,LFP_-10C_US06.csv,4797,33.507776,le35,2400,
LFP,US06,-10.0,1,LFP_-10C_US06.csv,4821,33.085838,le35,0,
LFP,US06,-10.0,1,LFP_-10C_US06.csv,4821,33.085838,le35,30,
LFP,US06,-10.0,1,LFP_-10C_US06.csv,4821,33.085838,le35,60,16.057059309623718
LFP,US06,-10.0,1,LFP_-10C_US06.csv,4821,33.085838,le35,120,15.463062783721927
LFP,US06,-10.0,1,LFP_-10C_US06.csv,4821,33.085838,le35,300,
LFP,US06,-10.0,1,LFP_-10C_US06.csv,4821,33.085838,le35,600,
LFP,US06,-10.0,1,LFP_-10C_US06.csv,4821,33.085838,le35,900,
LFP,US06,-10.0,1,LFP_-10C_US06.csv,4821,33.085838,le35,1200,
LFP,US06,-10.0,1,LFP_-10C_US06.csv,4821,33.085838,le35,1800,
LFP,US06,-10.0,1,LFP_-10C_US06.csv,4821,33.085838,le35,2400,
LFP,US06,-10.0,2,LFP_-10C_US06.csv,1089,84.44425,gt65,0,
LFP,US06,-10.0,2,LFP_-10C_US06.csv,1089,84.44425,gt65,30,
LFP,US06,-10.0,2,LFP_-10C_US06.csv,1089,84.44425,gt65,60,10.635143087234496
LFP,US06,-10.0,2,LFP_-10C_US06.csv,1089,84.44425,gt65,120,10.051770072250363
LFP,US06,-10.0,2,LFP_-10C_US06.csv,1089,84.44425,gt65,300,8.212441134048461
LFP,US06,-10.0,2,LFP_-10C_US06.csv,1089,84.44425,gt65,600,8.01343272756958
LFP,US06,-10.0,2,LFP_-10C_US06.csv,1089,84.44425,gt65,900,7.318234808639517
LFP,US06,-10.0,2,LFP_-10C_US06.csv,1089,84.44425,gt65,1200,7.062877621917735
LFP,US06,-10.0,2,LFP_-10C_US06.csv,1089,84.44425,gt65,1800,6.4221562853546175
LFP,US06,-10.0,2,LFP_-10C_US06.csv,1089,84.44425,gt65,2400,5.422590224037172
LFP,US06,-10.0,2,LFP_-10C_US06.csv,1276,82.19467,gt65,0,
LFP,US06,-10.0,2,LFP_-10C_US06.csv,1276,82.19467,gt65,30,
LFP,US06,-10.0,2,LFP_-10C_US06.csv,1276,82.19467,gt65,60,18.59261354031372
LFP,US06,-10.0,2,LFP_-10C_US06.csv,1276,82.19467,gt65,120,17.725866941299444
LFP,US06,-10.0,2,LFP_-10C_US06.csv,1276,82.19467,gt65,300,15.633897180633554
LFP,US06,-10.0,2,LFP_-10C_US06.csv,1276,82.19467,gt65,600,13.954202119598392
LFP,US06,-10.0,2,LFP_-10C_US06.csv,1276,82.19467,gt65,900,11.578202582031253
LFP,US06,-10.0,2,LFP_-10C_US06.csv,1276,82.19467,gt65,1200,10.703560535125732
LFP,US06,-10.0,2,LFP_-10C_US06.csv,1276,82.19467,gt65,1800,8.145669210739136
LFP,US06,-10.0,2,LFP_-10C_US06.csv,1276,82.19467,gt65,2400,5.744677791641237
LFP,US06,-10.0,2,LFP_-10C_US06.csv,1755,75.52714999999999,gt65,0,
LFP,US06,-10.0,2,LFP_-10C_US06.csv,1755,75.52714999999999,gt65,30,
LFP,US06,-10.0,2,LFP_-10C_US06.csv,1755,75.52714999999999,gt65,60,9.239162263793943
LFP,US06,-10.0,2,LFP_-10C_US06.csv,1755,75.52714999999999,gt65,120,8.76747745681763
LFP,US06,-10.0,2,LFP_-10C_US06.csv,1755,75.52714999999999,gt65,300,7.335774502487183
LFP,US06,-10.0,2,LFP_-10C_US06.csv,1755,75.52714999999999,gt65,600,7.096654281753544
LFP,US06,-10.0,2,LFP_-10C_US06.csv,1755,75.52714999999999,gt65,900,6.2971262090301465
LFP,US06,-10.0,2,LFP_-10C_US06.csv,1755,75.52714999999999,gt65,1200,6.728833736923221
LFP,US06,-10.0,2,LFP_-10C_US06.csv,1755,75.52714999999999,gt65,1800,5.779769614410398
LFP,US06,-10.0,2,LFP_-10C_US06.csv,1755,75.52714999999999,gt65,2400,4.25300307802582
LFP,US06,-10.0,2,LFP_-10C_US06.csv,3033,57.97548999999999,35to65,0,
LFP,US06,-10.0,2,LFP_-10C_US06.csv,3033,57.97548999999999,35to65,30,
LFP,US06,-10.0,2,LFP_-10C_US06.csv,3033,57.97548999999999,35to65,60,5.287128751296997
LFP,US06,-10.0,2,LFP_-10C_US06.csv,3033,57.97548999999999,35to65,120,4.327752173461917
LFP,US06,-10.0,2,LFP_-10C_US06.csv,3033,57.97548999999999,35to65,300,3.7124566142654487
LFP,US06,-10.0,2,LFP_-10C_US06.csv,3033,57.97548999999999,35to65,600,3.6165352683486915
LFP,US06,-10.0,2,LFP_-10C_US06.csv,3033,57.97548999999999,35to65,900,3.0595510598068287
LFP,US06,-10.0,2,LFP_-10C_US06.csv,3033,57.97548999999999,35to65,1200,3.1429021793441763
LFP,US06,-10.0,2,LFP_-10C_US06.csv,3033,57.97548999999999,35to65,1800,2.343842229034429
LFP,US06,-10.0,2,LFP_-10C_US06.csv,3033,57.97548999999999,35to65,2400,
LFP,US06,-10.0,2,LFP_-10C_US06.csv,3261,54.518069999999994,35to65,0,
LFP,US06,-10.0,2,LFP_-10C_US06.csv,3261,54.518069999999994,35to65,30,
LFP,US06,-10.0,2,LFP_-10C_US06.csv,3261,54.518069999999994,35to65,60,14.34574510951996
LFP,US06,-10.0,2,LFP_-10C_US06.csv,3261,54.518069999999994,35to65,120,13.113182544372556
LFP,US06,-10.0,2,LFP_-10C_US06.csv,3261,54.518069999999994,35to65,300,11.546528236389165
LFP,US06,-10.0,2,LFP_-10C_US06.csv,3261,54.518069999999994,35to65,600,8.147870499191285
LFP,US06,-10.0,2,LFP_-10C_US06.csv,3261,54.518069999999994,35to65,900,6.113550131568907
LFP,US06,-10.0,2,LFP_-10C_US06.csv,3261,54.518069999999994,35to65,1200,4.194400649337773
LFP,US06,-10.0,2,LFP_-10C_US06.csv,3261,54.518069999999994,35to65,1800,2.2510692608261103
LFP,US06,-10.0,2,LFP_-10C_US06.csv,3261,54.518069999999994,35to65,2400,
LFP,US06,-10.0,2,LFP_-10C_US06.csv,4478,37.695634,35to65,0,
LFP,US06,-10.0,2,LFP_-10C_US06.csv,4478,37.695634,35to65,30,
LFP,US06,-10.0,2,LFP_-10C_US06.csv,4478,37.695634,35to65,60,10.356040429916376
LFP,US06,-10.0,2,LFP_-10C_US06.csv,4478,37.695634,35to65,120,9.556395104827878
LFP,US06,-10.0,2,LFP_-10C_US06.csv,4478,37.695634,35to65,300,7.951306958641055
LFP,US06,-10.0,2,LFP_-10C_US06.csv,4478,37.695634,35to65,600,4.96602349460602
LFP,US06,-10.0,2,LFP_-10C_US06.csv,4478,37.695634,35to65,900,
LFP,US06,-10.0,2,LFP_-10C_US06.csv,4478,37.695634,35to65,1200,
LFP,US06,-10.0,2,LFP_-10C_US06.csv,4478,37.695634,35to65,1800,
LFP,US06,-10.0,2,LFP_-10C_US06.csv,4478,37.695634,35to65,2400,
LFP,US06,-10.0,2,LFP_-10C_US06.csv,4652,34.609407,le35,0,
LFP,US06,-10.0,2,LFP_-10C_US06.csv,4652,34.609407,le35,30,
LFP,US06,-10.0,2,LFP_-10C_US06.csv,4652,34.609407,le35,60,10.681554381866455
LFP,US06,-10.0,2,LFP_-10C_US06.csv,4652,34.609407,le35,120,10.436032259357454
LFP,US06,-10.0,2,LFP_-10C_US06.csv,4652,34.609407,le35,300,7.704148834278108
LFP,US06,-10.0,2,LFP_-10C_US06.csv,4652,34.609407,le35,600,
LFP,US06,-10.0,2,LFP_-10C_US06.csv,4652,34.609407,le35,900,
LFP,US06,-10.0,2,LFP_-10C_US06.csv,4652,34.609407,le35,1200,
LFP,US06,-10.0,2,LFP_-10C_US06.csv,4652,34.609407,le35,1800,
LFP,US06,-10.0,2,LFP_-10C_US06.csv,4652,34.609407,le35,2400,
LFP,US06,-10.0,2,LFP_-10C_US06.csv,4797,33.507776,le35,0,
LFP,US06,-10.0,2,LFP_-10C_US06.csv,4797,33.507776,le35,30,
LFP,US06,-10.0,2,LFP_-10C_US06.csv,4797,33.507776,le35,60,3.414605134773254
LFP,US06,-10.0,2,LFP_-10C_US06.csv,4797,33.507776,le35,120,2.414182326560976
LFP,US06,-10.0,2,LFP_-10C_US06.csv,4797,33.507776,le35,300,1.7067670160140977
LFP,US06,-10.0,2,LFP_-10C_US06.csv,4797,33.507776,le35,600,
LFP,US06,-10.0,2,LFP_-10C_US06.csv,4797,33.507776,le35,900,
LFP,US06,-10.0,2,LFP_-10C_US06.csv,4797,33.507776,le35,1200,
LFP,US06,-10.0,2,LFP_-10C_US06.csv,4797,33.507776,le35,1800,
LFP,US06,-10.0,2,LFP_-10C_US06.csv,4797,33.507776,le35,2400,
LFP,US06,-10.0,2,LFP_-10C_US06.csv,4821,33.085838,le35,0,
LFP,US06,-10.0,2,LFP_-10C_US06.csv,4821,33.085838,le35,30,
LFP,US06,-10.0,2,LFP_-10C_US06.csv,4821,33.085838,le35,60,12.858988485477447
LFP,US06,-10.0,2,LFP_-10C_US06.csv,4821,33.085838,le35,120,11.938564142230991
LFP,US06,-10.0,2,LFP_-10C_US06.csv,4821,33.085838,le35,300,
LFP,US06,-10.0,2,LFP_-10C_US06.csv,4821,33.085838,le35,600,
LFP,US06,-10.0,2,LFP_-10C_US06.csv,4821,33.085838,le35,900,
LFP,US06,-10.0,2,LFP_-10C_US06.csv,4821,33.085838,le35,1200,
LFP,US06,-10.0,2,LFP_-10C_US06.csv,4821,33.085838,le35,1800,
LFP,US06,-10.0,2,LFP_-10C_US06.csv,4821,33.085838,le35,2400,
LFP,US06,0.0,0,LFP_0C_US06.csv,50,99.56165,gt65,0,
LFP,US06,0.0,0,LFP_0C_US06.csv,50,99.56165,gt65,30,
LFP,US06,0.0,0,LFP_0C_US06.csv,50,99.56165,gt65,60,0.557583370193484
LFP,US06,0.0,0,LFP_0C_US06.csv,50,99.56165,gt65,120,0.9875657254333419
LFP,US06,0.0,0,LFP_0C_US06.csv,50,99.56165,gt65,300,0.3209007327270541
LFP,US06,0.0,0,LFP_0C_US06.csv,50,99.56165,gt65,600,2.758760159378042
LFP,US06,0.0,0,LFP_0C_US06.csv,50,99.56165,gt65,900,3.3067291131591787
LFP,US06,0.0,0,LFP_0C_US06.csv,50,99.56165,gt65,1200,3.2156943251037546
LFP,US06,0.0,0,LFP_0C_US06.csv,50,99.56165,gt65,1800,2.938707081146248
LFP,US06,0.0,0,LFP_0C_US06.csv,50,99.56165,gt65,2400,2.5186908039093083
LFP,US06,0.0,0,LFP_0C_US06.csv,756,89.25297,gt65,0,
LFP,US06,0.0,0,LFP_0C_US06.csv,756,89.25297,gt65,30,
LFP,US06,0.0,0,LFP_0C_US06.csv,756,89.25297,gt65,60,20.794457217636108
LFP,US06,0.0,0,LFP_0C_US06.csv,756,89.25297,gt65,120,19.852888177688598
LFP,US06,0.0,0,LFP_0C_US06.csv,756,89.25297,gt65,300,17.36031135345459
LFP,US06,0.0,0,LFP_0C_US06.csv,756,89.25297,gt65,600,14.105111044479372
LFP,US06,0.0,0,LFP_0C_US06.csv,756,89.25297,gt65,900,11.279022609939574
LFP,US06,0.0,0,LFP_0C_US06.csv,756,89.25297,gt65,1200,10.01446718513489
LFP,US06,0.0,0,LFP_0C_US06.csv,756,89.25297,gt65,1800,7.669902155899038
LFP,US06,0.0,0,LFP_0C_US06.csv,756,89.25297,gt65,2400,5.813796432800288
LFP,US06,0.0,0,LFP_0C_US06.csv,1676,75.99497,gt65,0,
LFP,US06,0.0,0,LFP_0C_US06.csv,1676,75.99497,gt65,30,
LFP,US06,0.0,0,LFP_0C_US06.csv,1676,75.99497,gt65,60,13.018487556457515
LFP,US06,0.0,0,LFP_0C_US06.csv,1676,75.99497,gt65,120,12.626599783325204
LFP,US06,0.0,0,LFP_0C_US06.csv,1676,75.99497,gt65,300,10.98465948960876
LFP,US06,0.0,0,LFP_0C_US06.csv,1676,75.99497,gt65,600,9.122207609939565
LFP,US06,0.0,0,LFP_0C_US06.csv,1676,75.99497,gt65,900,8.03132063800048
LFP,US06,0.0,0,LFP_0C_US06.csv,1676,75.99497,gt65,1200,6.756091016159061
LFP,US06,0.0,0,LFP_0C_US06.csv,1676,75.99497,gt65,1800,4.87938222545624
LFP,US06,0.0,0,LFP_0C_US06.csv,1676,75.99497,gt65,2400,3.1979564445648236
LFP,US06,0.0,0,LFP_0C_US06.csv,3142,56.12991,35to65,0,
LFP,US06,0.0,0,LFP_0C_US06.csv,3142,56.12991,35to65,30,
LFP,US06,0.0,0,LFP_0C_US06.csv,3142,56.12991,35to65,60,20.446264506286624
LFP,US06,0.0,0,LFP_0C_US06.csv,3142,56.12991,35to65,120,19.412976931190492
LFP,US06,0.0,0,LFP_0C_US06.csv,3142,56.12991,35to65,300,16.647478458137513
LFP,US06,0.0,0,LFP_0C_US06.csv,3142,56.12991,35to65,600,13.293292769447326
LFP,US06,0.0,0,LFP_0C_US06.csv,3142,56.12991,35to65,900,8.416340068092346
LFP,US06,0.0,0,LFP_0C_US06.csv,3142,56.12991,35to65,1200,6.457432576828005
LFP,US06,0.0,0,LFP_0C_US06.csv,3142,56.12991,35to65,1800,2.888792113189698
LFP,US06,0.0,0,LFP_0C_US06.csv,3142,56.12991,35to65,2400,1.1662169810600282
LFP,US06,0.0,0,LFP_0C_US06.csv,3332,52.661777,35to65,0,
LFP,US06,0.0,0,LFP_0C_US06.csv,3332,52.661777,35to65,30,
LFP,US06,0.0,0,LFP_0C_US06.csv,3332,52.661777,35to65,60,20.325027464599607
LFP,US06,0.0,0,LFP_0C_US06.csv,3332,52.661777,35to65,120,19.4409106346817
LFP,US06,0.0,0,LFP_0C_US06.csv,3332,52.661777,35to65,300,16.91862686225128
LFP,US06,0.0,0,LFP_0C_US06.csv,3332,52.661777,35to65,600,12.17066974720764
LFP,US06,0.0,0,LFP_0C_US06.csv,3332,52.661777,35to65,900,8.405640404693607
LFP,US06,0.0,0,LFP_0C_US06.csv,3332,52.661777,35to65,1200,5.485010632247928
LFP,US06,0.0,0,LFP_0C_US06.csv,3332,52.661777,35to65,1800,2.244461212425229
LFP,US06,0.0,0,LFP_0C_US06.csv,3332,52.661777,35to65,2400,0.9687058060073852
LFP,US06,0.0,0,LFP_0C_US06.csv,4572,35.407534,35to65,0,
LFP,US06,0.0,0,LFP_0C_US06.csv,4572,35.407534,35to65,30,
LFP,US06,0.0,0,LFP_0C_US06.csv,4572,35.407534,35to65,60,13.288464966850285
LFP,US06,0.0,0,LFP_0C_US06.csv,4572,35.407534,35to65,120,12.895700704872134
LFP,US06,0.0,0,LFP_0C_US06.csv,4572,35.407534,35to65,300,11.392579603023528
LFP,US06,0.0,0,LFP_0C_US06.csv,4572,35.407534,35to65,600,6.2207475589866625
LFP,US06,0.0,0,LFP_0C_US06.csv,4572,35.407534,35to65,900,4.4299234779739365
LFP,US06,0.0,0,LFP_0C_US06.csv,4572,35.407534,35to65,1200,1.9599710579719556
LFP,US06,0.0,0,LFP_0C_US06.csv,4572,35.407534,35to65,1800,
LFP,US06,0.0,0,LFP_0C_US06.csv,4572,35.407534,35to65,2400,
LFP,US06,0.0,0,LFP_0C_US06.csv,5566,22.37687,le35,0,
LFP,US06,0.0,0,LFP_0C_US06.csv,5566,22.37687,le35,30,
LFP,US06,0.0,0,LFP_0C_US06.csv,5566,22.37687,le35,60,7.4470574696884135
LFP,US06,0.0,0,LFP_0C_US06.csv,5566,22.37687,le35,120,6.502924763462069
LFP,US06,0.0,0,LFP_0C_US06.csv,5566,22.37687,le35,300,3.7847354590301485
LFP,US06,0.0,0,LFP_0C_US06.csv,5566,22.37687,le35,600,1.680645875642778
LFP,US06,0.0,0,LFP_0C_US06.csv,5566,22.37687,le35,900,
LFP,US06,0.0,0,LFP_0C_US06.csv,5566,22.37687,le35,1200,
LFP,US06,0.0,0,LFP_0C_US06.csv,5566,22.37687,le35,1800,
LFP,US06,0.0,0,LFP_0C_US06.csv,5566,22.37687,le35,2400,
LFP,US06,0.0,0,LFP_0C_US06.csv,6194,13.437171000000001,le35,0,
LFP,US06,0.0,0,LFP_0C_US06.csv,6194,13.437171000000001,le35,30,
LFP,US06,0.0,0,LFP_0C_US06.csv,6194,13.437171000000001,le35,60,5.239870957889556
LFP,US06,0.0,0,LFP_0C_US06.csv,6194,13.437171000000001,le35,120,
LFP,US06,0.0,0,LFP_0C_US06.csv,6194,13.437171000000001,le35,300,
LFP,US06,0.0,0,LFP_0C_US06.csv,6194,13.437171000000001,le35,600,
LFP,US06,0.0,0,LFP_0C_US06.csv,6194,13.437171000000001,le35,900,
LFP,US06,0.0,0,LFP_0C_US06.csv,6194,13.437171000000001,le35,1200,
LFP,US06,0.0,0,LFP_0C_US06.csv,6194,13.437171000000001,le35,1800,
LFP,US06,0.0,0,LFP_0C_US06.csv,6194,13.437171000000001,le35,2400,
LFP,US06,0.0,0,LFP_0C_US06.csv,6228,12.991140000000001,le35,0,
LFP,US06,0.0,0,LFP_0C_US06.csv,6228,12.991140000000001,le35,30,
LFP,US06,0.0,0,LFP_0C_US06.csv,6228,12.991140000000001,le35,60,
LFP,US06,0.0,0,LFP_0C_US06.csv,6228,12.991140000000001,le35,120,
LFP,US06,0.0,0,LFP_0C_US06.csv,6228,12.991140000000001,le35,300,
LFP,US06,0.0,0,LFP_0C_US06.csv,6228,12.991140000000001,le35,600,
LFP,US06,0.0,0,LFP_0C_US06.csv,6228,12.991140000000001,le35,900,
LFP,US06,0.0,0,LFP_0C_US06.csv,6228,12.991140000000001,le35,1200,
LFP,US06,0.0,0,LFP_0C_US06.csv,6228,12.991140000000001,le35,1800,
LFP,US06,0.0,0,LFP_0C_US06.csv,6228,12.991140000000001,le35,2400,
LFP,US06,0.0,1,LFP_0C_US06.csv,50,99.56165,gt65,0,
LFP,US06,0.0,1,LFP_0C_US06.csv,50,99.56165,gt65,30,
LFP,US06,0.0,1,LFP_0C_US06.csv,50,99.56165,gt65,60,0.6289360904541041
LFP,US06,0.0,1,LFP_0C_US06.csv,50,99.56165,gt65,120,1.0995270901794356
LFP,US06,0.0,1,LFP_0C_US06.csv,50,99.56165,gt65,300,1.0090005938720736
LFP,US06,0.0,1,LFP_0C_US06.csv,50,99.56165,gt65,600,2.9900917462158105
LFP,US06,0.0,1,LFP_0C_US06.csv,50,99.56165,gt65,900,3.0291264405822744
LFP,US06,0.0,1,LFP_0C_US06.csv,50,99.56165,gt65,1200,3.0483900476837107
LFP,US06,0.0,1,LFP_0C_US06.csv,50,99.56165,gt65,1800,2.62853643066407
LFP,US06,0.0,1,LFP_0C_US06.csv,50,99.56165,gt65,2400,2.5444876941680974
LFP,US06,0.0,1,LFP_0C_US06.csv,756,89.25297,gt65,0,
LFP,US06,0.0,1,LFP_0C_US06.csv,756,89.25297,gt65,30,
LFP,US06,0.0,1,LFP_0C_US06.csv,756,89.25297,gt65,60,20.809263011398315
LFP,US06,0.0,1,LFP_0C_US06.csv,756,89.25297,gt65,120,20.04148919468689
LFP,US06,0.0,1,LFP_0C_US06.csv,756,89.25297,gt65,300,17.38472541595459
LFP,US06,0.0,1,LFP_0C_US06.csv,756,89.25297,gt65,600,14.295893591476442
LFP,US06,0.0,1,LFP_0C_US06.csv,756,89.25297,gt65,900,11.019200002899169
LFP,US06,0.0,1,LFP_0C_US06.csv,756,89.25297,gt65,1200,10.019283240432742
LFP,US06,0.0,1,LFP_0C_US06.csv,756,89.25297,gt65,1800,7.616669247650137
LFP,US06,0.0,1,LFP_0C_US06.csv,756,89.25297,gt65,2400,5.908538015670771
LFP,US06,0.0,1,LFP_0C_US06.csv,1676,75.99497,gt65,0,
LFP,US06,0.0,1,LFP_0C_US06.csv,1676,75.99497,gt65,30,
LFP,US06,0.0,1,LFP_0C_US06.csv,1676,75.99497,gt65,60,12.480311258316036
LFP,US06,0.0,1,LFP_0C_US06.csv,1676,75.99497,gt65,120,12.185310835266122
LFP,US06,0.0,1,LFP_0C_US06.csv,1676,75.99497,gt65,300,10.575682219482417
LFP,US06,0.0,1,LFP_0C_US06.csv,1676,75.99497,gt65,600,8.77158328704833
LFP,US06,0.0,1,LFP_0C_US06.csv,1676,75.99497,gt65,900,7.852399415313712
LFP,US06,0.0,1,LFP_0C_US06.csv,1676,75.99497,gt65,1200,6.679999726638798
LFP,US06,0.0,1,LFP_0C_US06.csv,1676,75.99497,gt65,1800,4.785704585494997
LFP,US06,0.0,1,LFP_0C_US06.csv,1676,75.99497,gt65,2400,3.0911747234497113
LFP,US06,0.0,1,LFP_0C_US06.csv,3142,56.12991,35to65,0,
LFP,US06,0.0,1,LFP_0C_US06.csv,3142,56.12991,35to65,30,
LFP,US06,0.0,1,LFP_0C_US06.csv,3142,56.12991,35to65,60,20.412891865676883
LFP,US06,0.0,1,LFP_0C_US06.csv,3142,56.12991,35to65,120,19.52064080104828
LFP,US06,0.0,1,LFP_0C_US06.csv,3142,56.12991,35to65,300,16.450175163002015
LFP,US06,0.0,1,LFP_0C_US06.csv,3142,56.12991,35to65,600,12.985911616340637
LFP,US06,0.0,1,LFP_0C_US06.csv,3142,56.12991,35to65,900,8.219787791481018
LFP,US06,0.0,1,LFP_0C_US06.csv,3142,56.12991,35to65,1200,6.29606492202759
LFP,US06,0.0,1,LFP_0C_US06.csv,3142,56.12991,35to65,1800,2.783300832633973
LFP,US06,0.0,1,LFP_0C_US06.csv,3142,56.12991,35to65,2400,1.0755598064727785
LFP,US06,0.0,1,LFP_0C_US06.csv,3332,52.661777,35to65,0,
LFP,US06,0.0,1,LFP_0C_US06.csv,3332,52.661777,35to65,30,
LFP,US06,0.0,1,LFP_0C_US06.csv,3332,52.661777,35to65,60,20.1845691191864
LFP,US06,0.0,1,LFP_0C_US06.csv,3332,52.661777,35to65,120,19.33341961829376
LFP,US06,0.0,1,LFP_0C_US06.csv,3332,52.661777,35to65,300,17.000645833694456
LFP,US06,0.0,1,LFP_0C_US06.csv,3332,52.661777,35to65,600,11.732632232521055
LFP,US06,0.0,1,LFP_0C_US06.csv,3332,52.661777,35to65,900,8.372711818687442
LFP,US06,0.0,1,LFP_0C_US06.csv,3332,52.661777,35to65,1200,5.08314121601105
LFP,US06,0.0,1,LFP_0C_US06.csv,3332,52.661777,35to65,1800,1.9481098988342254
LFP,US06,0.0,1,LFP_0C_US06.csv,3332,52.661777,35to65,2400,0.6612337558174133
LFP,US06,0.0,1,LFP_0C_US06.csv,4572,35.407534,35to65,0,
LFP,US06,0.0,1,LFP_0C_US06.csv,4572,35.407534,35to65,30,
LFP,US06,0.0,1,LFP_0C_US06.csv,4572,35.407534,35to65,60,13.544134620265964
LFP,US06,0.0,1,LFP_0C_US06.csv,4572,35.407534,35to65,120,12.620839845954897
LFP,US06,0.0,1,LFP_0C_US06.csv,4572,35.407534,35to65,300,10.951542484588622
LFP,US06,0.0,1,LFP_0C_US06.csv,4572,35.407534,35to65,600,5.787196783935546
LFP,US06,0.0,1,LFP_0C_US06.csv,4572,35.407534,35to65,900,4.340996328201292
LFP,US06,0.0,1,LFP_0C_US06.csv,4572,35.407534,35to65,1200,1.4757086511459363
LFP,US06,0.0,1,LFP_0C_US06.csv,4572,35.407534,35to65,1800,
LFP,US06,0.0,1,LFP_0C_US06.csv,4572,35.407534,35to65,2400,
LFP,US06,0.0,1,LFP_0C_US06.csv,5566,22.37687,le35,0,
LFP,US06,0.0,1,LFP_0C_US06.csv,5566,22.37687,le35,30,
LFP,US06,0.0,1,LFP_0C_US06.csv,5566,22.37687,le35,60,6.683207555614469
LFP,US06,0.0,1,LFP_0C_US06.csv,5566,22.37687,le35,120,5.46096553733063
LFP,US06,0.0,1,LFP_0C_US06.csv,5566,22.37687,le35,300,3.3325209795837374
LFP,US06,0.0,1,LFP_0C_US06.csv,5566,22.37687,le35,600,1.1149389371376053
LFP,US06,0.0,1,LFP_0C_US06.csv,5566,22.37687,le35,900,
LFP,US06,0.0,1,LFP_0C_US06.csv,5566,22.37687,le35,1200,
LFP,US06,0.0,1,LFP_0C_US06.csv,5566,22.37687,le35,1800,
LFP,US06,0.0,1,LFP_0C_US06.csv,5566,22.37687,le35,2400,
LFP,US06,0.0,1,LFP_0C_US06.csv,6194,13.437171000000001,le35,0,
LFP,US06,0.0,1,LFP_0C_US06.csv,6194,13.437171000000001,le35,30,
LFP,US06,0.0,1,LFP_0C_US06.csv,6194,13.437171000000001,le35,60,4.182151518621444
LFP,US06,0.0,1,LFP_0C_US06.csv,6194,13.437171000000001,le35,120,
LFP,US06,0.0,1,LFP_0C_US06.csv,6194,13.437171000000001,le35,300,
LFP,US06,0.0,1,LFP_0C_US06.csv,6194,13.437171000000001,le35,600,
LFP,US06,0.0,1,LFP_0C_US06.csv,6194,13.437171000000001,le35,900,
LFP,US06,0.0,1,LFP_0C_US06.csv,6194,13.437171000000001,le35,1200,
LFP,US06,0.0,1,LFP_0C_US06.csv,6194,13.437171000000001,le35,1800,
LFP,US06,0.0,1,LFP_0C_US06.csv,6194,13.437171000000001,le35,2400,
LFP,US06,0.0,1,LFP_0C_US06.csv,6228,12.991140000000001,le35,0,
LFP,US06,0.0,1,LFP_0C_US06.csv,6228,12.991140000000001,le35,30,
LFP,US06,0.0,1,LFP_0C_US06.csv,6228,12.991140000000001,le35,60,
LFP,US06,0.0,1,LFP_0C_US06.csv,6228,12.991140000000001,le35,120,
LFP,US06,0.0,1,LFP_0C_US06.csv,6228,12.991140000000001,le35,300,
LFP,US06,0.0,1,LFP_0C_US06.csv,6228,12.991140000000001,le35,600,
LFP,US06,0.0,1,LFP_0C_US06.csv,6228,12.991140000000001,le35,900,
LFP,US06,0.0,1,LFP_0C_US06.csv,6228,12.991140000000001,le35,1200,
LFP,US06,0.0,1,LFP_0C_US06.csv,6228,12.991140000000001,le35,1800,
LFP,US06,0.0,1,LFP_0C_US06.csv,6228,12.991140000000001,le35,2400,
LFP,US06,0.0,2,LFP_0C_US06.csv,50,99.56165,gt65,0,
LFP,US06,0.0,2,LFP_0C_US06.csv,50,99.56165,gt65,30,
LFP,US06,0.0,2,LFP_0C_US06.csv,50,99.56165,gt65,60,0.7244406127777125
LFP,US06,0.0,2,LFP_0C_US06.csv,50,99.56165,gt65,120,1.2940647297973555
LFP,US06,0.0,2,LFP_0C_US06.csv,50,99.56165,gt65,300,1.261658722610477
LFP,US06,0.0,2,LFP_0C_US06.csv,50,99.56165,gt65,600,2.758849566345205
LFP,US06,0.0,2,LFP_0C_US06.csv,50,99.56165,gt65,900,2.845252071914672
LFP,US06,0.0,2,LFP_0C_US06.csv,50,99.56165,gt65,1200,3.1858383585357615
LFP,US06,0.0,2,LFP_0C_US06.csv,50,99.56165,gt65,1800,2.799190489120491
LFP,US06,0.0,2,LFP_0C_US06.csv,50,99.56165,gt65,2400,2.5174450668335027
LFP,US06,0.0,2,LFP_0C_US06.csv,756,89.25297,gt65,0,
LFP,US06,0.0,2,LFP_0C_US06.csv,756,89.25297,gt65,30,
LFP,US06,0.0,2,LFP_0C_US06.csv,756,89.25297,gt65,60,20.639264604034423
LFP,US06,0.0,2,LFP_0C_US06.csv,756,89.25297,gt65,120,19.704550098236083
LFP,US06,0.0,2,LFP_0C_US06.csv,756,89.25297,gt65,300,17.165815437088014
LFP,US06,0.0,2,LFP_0C_US06.csv,756,89.25297,gt65,600,13.71390787942505
LFP,US06,0.0,2,LFP_0C_US06.csv,756,89.25297,gt65,900,11.362409507980345
LFP,US06,0.0,2,LFP_0C_US06.csv,756,89.25297,gt65,1200,9.760169928665164
LFP,US06,0.0,2,LFP_0C_US06.csv,756,89.25297,gt65,1800,7.544023106597891
LFP,US06,0.0,2,LFP_0C_US06.csv,756,89.25297,gt65,2400,5.77673426467895
LFP,US06,0.0,2,LFP_0C_US06.csv,1676,75.99497,gt65,0,
LFP,US06,0.0,2,LFP_0C_US06.csv,1676,75.99497,gt65,30,
LFP,US06,0.0,2,LFP_0C_US06.csv,1676,75.99497,gt65,60,12.671356065750118
LFP,US06,0.0,2,LFP_0C_US06.csv,1676,75.99497,gt65,120,12.299233192825326
LFP,US06,0.0,2,LFP_0C_US06.csv,1676,75.99497,gt65,300,11.078042086578364
LFP,US06,0.0,2,LFP_0C_US06.csv,1676,75.99497,gt65,600,8.990928379821767
LFP,US06,0.0,2,LFP_0C_US06.csv,1676,75.99497,gt65,900,8.15184122973632
LFP,US06,0.0,2,LFP_0C_US06.csv,1676,75.99497,gt65,1200,6.689214604721073
LFP,US06,0.0,2,LFP_0C_US06.csv,1676,75.99497,gt65,1800,4.801535579147341
LFP,US06,0.0,2,LFP_0C_US06.csv,1676,75.99497,gt65,2400,3.1180027740631147
LFP,US06,0.0,2,LFP_0C_US06.csv,3142,56.12991,35to65,0,
LFP,US06,0.0,2,LFP_0C_US06.csv,3142,56.12991,35to65,30,
LFP,US06,0.0,2,LFP_0C_US06.csv,3142,56.12991,35to65,60,20.333754778808597
LFP,US06,0.0,2,LFP_0C_US06.csv,3142,56.12991,35to65,120,19.312072228050233
LFP,US06,0.0,2,LFP_0C_US06.csv,3142,56.12991,35to65,300,16.61183190032959
LFP,US06,0.0,2,LFP_0C_US06.csv,3142,56.12991,35to65,600,12.705593952194214
LFP,US06,0.0,2,LFP_0C_US06.csv,3142,56.12991,35to65,900,8.432692602386474
LFP,US06,0.0,2,LFP_0C_US06.csv,3142,56.12991,35to65,1200,6.08074612300873
LFP,US06,0.0,2,LFP_0C_US06.csv,3142,56.12991,35to65,1800,2.740611986045838
LFP,US06,0.0,2,LFP_0C_US06.csv,3142,56.12991,35to65,2400,1.2752383467025759
LFP,US06,0.0,2,LFP_0C_US06.csv,3332,52.661777,35to65,0,
LFP,US06,0.0,2,LFP_0C_US06.csv,3332,52.661777,35to65,30,
LFP,US06,0.0,2,LFP_0C_US06.csv,3332,52.661777,35to65,60,19.87665152427673
LFP,US06,0.0,2,LFP_0C_US06.csv,3332,52.661777,35to65,120,19.09252744643402
LFP,US06,0.0,2,LFP_0C_US06.csv,3332,52.661777,35to65,300,16.760501700126646
LFP,US06,0.0,2,LFP_0C_US06.csv,3332,52.661777,35to65,600,11.47498817524719
LFP,US06,0.0,2,LFP_0C_US06.csv,3332,52.661777,35to65,900,8.384191673271182
LFP,US06,0.0,2,LFP_0C_US06.csv,3332,52.661777,35to65,1200,5.0961082064819365
LFP,US06,0.0,2,LFP_0C_US06.csv,3332,52.661777,35to65,1800,2.22096506145477
LFP,US06,0.0,2,LFP_0C_US06.csv,3332,52.661777,35to65,2400,0.9919486372375488
LFP,US06,0.0,2,LFP_0C_US06.csv,4572,35.407534,35to65,0,
LFP,US06,0.0,2,LFP_0C_US06.csv,4572,35.407534,35to65,30,
LFP,US06,0.0,2,LFP_0C_US06.csv,4572,35.407534,35to65,60,11.596649709777836
LFP,US06,0.0,2,LFP_0C_US06.csv,4572,35.407534,35to65,120,11.113931608020785
LFP,US06,0.0,2,LFP_0C_US06.csv,4572,35.407534,35to65,300,9.166574108428954
LFP,US06,0.0,2,LFP_0C_US06.csv,4572,35.407534,35to65,600,5.137527017509459
LFP,US06,0.0,2,LFP_0C_US06.csv,4572,35.407534,35to65,900,2.9916514786148056
LFP,US06,0.0,2,LFP_0C_US06.csv,4572,35.407534,35to65,1200,1.52682857473755
LFP,US06,0.0,2,LFP_0C_US06.csv,4572,35.407534,35to65,1800,
LFP,US06,0.0,2,LFP_0C_US06.csv,4572,35.407534,35to65,2400,
LFP,US06,0.0,2,LFP_0C_US06.csv,5566,22.37687,le35,0,
LFP,US06,0.0,2,LFP_0C_US06.csv,5566,22.37687,le35,30,
LFP,US06,0.0,2,LFP_0C_US06.csv,5566,22.37687,le35,60,5.112944050632475
LFP,US06,0.0,2,LFP_0C_US06.csv,5566,22.37687,le35,120,4.214033388397219
LFP,US06,0.0,2,LFP_0C_US06.csv,5566,22.37687,le35,300,2.5781720458869906
LFP,US06,0.0,2,LFP_0C_US06.csv,5566,22.37687,le35,600,1.1527834162216202
LFP,US06,0.0,2,LFP_0C_US06.csv,5566,22.37687,le35,900,
LFP,US06,0.0,2,LFP_0C_US06.csv,5566,22.37687,le35,1200,
LFP,US06,0.0,2,LFP_0C_US06.csv,5566,22.37687,le35,1800,
LFP,US06,0.0,2,LFP_0C_US06.csv,5566,22.37687,le35,2400,
LFP,US06,0.0,2,LFP_0C_US06.csv,6194,13.437171000000001,le35,0,
LFP,US06,0.0,2,LFP_0C_US06.csv,6194,13.437171000000001,le35,30,
LFP,US06,0.0,2,LFP_0C_US06.csv,6194,13.437171000000001,le35,60,2.6993973179244986
LFP,US06,0.0,2,LFP_0C_US06.csv,6194,13.437171000000001,le35,120,
LFP,US06,0.0,2,LFP_0C_US06.csv,6194,13.437171000000001,le35,300,
LFP,US06,0.0,2,LFP_0C_US06.csv,6194,13.437171000000001,le35,600,
LFP,US06,0.0,2,LFP_0C_US06.csv,6194,13.437171000000001,le35,900,
LFP,US06,0.0,2,LFP_0C_US06.csv,6194,13.437171000000001,le35,1200,
LFP,US06,0.0,2,LFP_0C_US06.csv,6194,13.437171000000001,le35,1800,
LFP,US06,0.0,2,LFP_0C_US06.csv,6194,13.437171000000001,le35,2400,
LFP,US06,0.0,2,LFP_0C_US06.csv,6228,12.991140000000001,le35,0,
LFP,US06,0.0,2,LFP_0C_US06.csv,6228,12.991140000000001,le35,30,
LFP,US06,0.0,2,LFP_0C_US06.csv,6228,12.991140000000001,le35,60,
LFP,US06,0.0,2,LFP_0C_US06.csv,6228,12.991140000000001,le35,120,
LFP,US06,0.0,2,LFP_0C_US06.csv,6228,12.991140000000001,le35,300,
LFP,US06,0.0,2,LFP_0C_US06.csv,6228,12.991140000000001,le35,600,
LFP,US06,0.0,2,LFP_0C_US06.csv,6228,12.991140000000001,le35,900,
LFP,US06,0.0,2,LFP_0C_US06.csv,6228,12.991140000000001,le35,1200,
LFP,US06,0.0,2,LFP_0C_US06.csv,6228,12.991140000000001,le35,1800,
LFP,US06,0.0,2,LFP_0C_US06.csv,6228,12.991140000000001,le35,2400,
LFP,US06,10.0,0,LFP_10C_US06.csv,823,88.02062000000001,gt65,0,
LFP,US06,10.0,0,LFP_10C_US06.csv,823,88.02062000000001,gt65,30,
LFP,US06,10.0,0,LFP_10C_US06.csv,823,88.02062000000001,gt65,60,17.518896105499266
LFP,US06,10.0,0,LFP_10C_US06.csv,823,88.02062000000001,gt65,120,16.845019336853028
LFP,US06,10.0,0,LFP_10C_US06.csv,823,88.02062000000001,gt65,300,14.136564327743528
LFP,US06,10.0,0,LFP_10C_US06.csv,823,88.02062000000001,gt65,600,10.746735614547731
LFP,US06,10.0,0,LFP_10C_US06.csv,823,88.02062000000001,gt65,900,8.903354262847898
LFP,US06,10.0,0,LFP_10C_US06.csv,823,88.02062000000001,gt65,1200,7.682221820999146
LFP,US06,10.0,0,LFP_10C_US06.csv,823,88.02062000000001,gt65,1800,6.2611938226623565
LFP,US06,10.0,0,LFP_10C_US06.csv,823,88.02062000000001,gt65,2400,5.10101888504029
LFP,US06,10.0,0,LFP_10C_US06.csv,933,85.80082,gt65,0,
LFP,US06,10.0,0,LFP_10C_US06.csv,933,85.80082,gt65,30,
LFP,US06,10.0,0,LFP_10C_US06.csv,933,85.80082,gt65,60,23.52289009973144
LFP,US06,10.0,0,LFP_10C_US06.csv,933,85.80082,gt65,120,22.254487048797614
LFP,US06,10.0,0,LFP_10C_US06.csv,933,85.80082,gt65,300,18.62068159692383
LFP,US06,10.0,0,LFP_10C_US06.csv,933,85.80082,gt65,600,13.976413002975463
LFP,US06,10.0,0,LFP_10C_US06.csv,933,85.80082,gt65,900,11.463059311981212
LFP,US06,10.0,0,LFP_10C_US06.csv,933,85.80082,gt65,1200,9.728170540924069
LFP,US06,10.0,0,LFP_10C_US06.csv,933,85.80082,gt65,1800,7.85236971641541
LFP,US06,10.0,0,LFP_10C_US06.csv,933,85.80082,gt65,2400,6.147754423965459
LFP,US06,10.0,0,LFP_10C_US06.csv,1649,75.74028,gt65,0,
LFP,US06,10.0,0,LFP_10C_US06.csv,1649,75.74028,gt65,30,
LFP,US06,10.0,0,LFP_10C_US06.csv,1649,75.74028,gt65,60,17.286938092559808
LFP,US06,10.0,0,LFP_10C_US06.csv,1649,75.74028,gt65,120,16.827384502792356
LFP,US06,10.0,0,LFP_10C_US06.csv,1649,75.74028,gt65,300,14.817586759719845
LFP,US06,10.0,0,LFP_10C_US06.csv,1649,75.74028,gt65,600,12.084974047470084
LFP,US06,10.0,0,LFP_10C_US06.csv,1649,75.74028,gt65,900,10.5361012575531
LFP,US06,10.0,0,LFP_10C_US06.csv,1649,75.74028,gt65,1200,8.868476880989071
LFP,US06,10.0,0,LFP_10C_US06.csv,1649,75.74028,gt65,1800,6.235453876113894
LFP,US06,10.0,0,LFP_10C_US06.csv,1649,75.74028,gt65,2400,3.8161927581787083
LFP,US06,10.0,0,LFP_10C_US06.csv,3842,45.421574,35to65,0,
LFP,US06,10.0,0,LFP_10C_US06.csv,3842,45.421574,35to65,30,
LFP,US06,10.0,0,LFP_10C_US06.csv,3842,45.421574,35to65,60,12.089981296653747
LFP,US06,10.0,0,LFP_10C_US06.csv,3842,45.421574,35to65,120,11.527240544387816
LFP,US06,10.0,0,LFP_10C_US06.csv,3842,45.421574,35to65,300,8.945584241539002
LFP,US06,10.0,0,LFP_10C_US06.csv,3842,45.421574,35to65,600,6.29280843627167
LFP,US06,10.0,0,LFP_10C_US06.csv,3842,45.421574,35to65,900,4.094175694274902
LFP,US06,10.0,0,LFP_10C_US06.csv,3842,45.421574,35to65,1200,2.6227448561553963
LFP,US06,10.0,0,LFP_10C_US06.csv,3842,45.421574,35to65,1800,1.1735652681388835
LFP,US06,10.0,0,LFP_10C_US06.csv,3842,45.421574,35to65,2400,0.07194055503883412
LFP,US06,10.0,0,LFP_10C_US06.csv,3896,44.402075,35to65,0,
LFP,US06,10.0,0,LFP_10C_US06.csv,3896,44.402075,35to65,30,
LFP,US06,10.0,0,LFP_10C_US06.csv,3896,44.402075,35to65,60,15.99554121513367
LFP,US06,10.0,0,LFP_10C_US06.csv,3896,44.402075,35to65,120,14.717816831138606
LFP,US06,10.0,0,LFP_10C_US06.csv,3896,44.402075,35to65,300,11.643495912315373
LFP,US06,10.0,0,LFP_10C_US06.csv,3896,44.402075,35to65,600,8.273482300842282
LFP,US06,10.0,0,LFP_10C_US06.csv,3896,44.402075,35to65,900,5.237451015510558
LFP,US06,10.0,0,LFP_10C_US06.csv,3896,44.402075,35to65,1200,3.3126483573532113
LFP,US06,10.0,0,LFP_10C_US06.csv,3896,44.402075,35to65,1800,1.338311737316129
LFP,US06,10.0,0,LFP_10C_US06.csv,3896,44.402075,35to65,2400,0.19689734275627124
LFP,US06,10.0,0,LFP_10C_US06.csv,4209,40.54836,35to65,0,
LFP,US06,10.0,0,LFP_10C_US06.csv,4209,40.54836,35to65,30,
LFP,US06,10.0,0,LFP_10C_US06.csv,4209,40.54836,35to65,60,11.113440913757323
LFP,US06,10.0,0,LFP_10C_US06.csv,4209,40.54836,35to65,120,10.46613364253998
LFP,US06,10.0,0,LFP_10C_US06.csv,4209,40.54836,35to65,300,8.688083454483028
LFP,US06,10.0,0,LFP_10C_US06.csv,4209,40.54836,35to65,600,5.606177539314274
LFP,US06,10.0,0,LFP_10C_US06.csv,4209,40.54836,35to65,900,3.61403553319931
LFP,US06,10.0,0,LFP_10C_US06.csv,4209,40.54836,35to65,1200,2.1526727199668905
LFP,US06,10.0,0,LFP_10C_US06.csv,4209,40.54836,35to65,1800,0.8605373505287179
LFP,US06,10.0,0,LFP_10C_US06.csv,4209,40.54836,35to65,2400,0.10667044406890813
LFP,US06,10.0,0,LFP_10C_US06.csv,4626,33.623864999999995,le35,0,
LFP,US06,10.0,0,LFP_10C_US06.csv,4626,33.623864999999995,le35,30,
LFP,US06,10.0,0,LFP_10C_US06.csv,4626,33.623864999999995,le35,60,9.776983535022737
LFP,US06,10.0,0,LFP_10C_US06.csv,4626,33.623864999999995,le35,120,8.929877036323546
LFP,US06,10.0,0,LFP_10C_US06.csv,4626,33.623864999999995,le35,300,7.262878036281585
LFP,US06,10.0,0,LFP_10C_US06.csv,4626,33.623864999999995,le35,600,4.809365980808256
LFP,US06,10.0,0,LFP_10C_US06.csv,4626,33.623864999999995,le35,900,2.89435343757248
LFP,US06,10.0,0,LFP_10C_US06.csv,4626,33.623864999999995,le35,1200,1.6355987565879815
LFP,US06,10.0,0,LFP_10C_US06.csv,4626,33.623864999999995,le35,1800,0.02067861501693713
LFP,US06,10.0,0,LFP_10C_US06.csv,4626,33.623864999999995,le35,2400,
LFP,US06,10.0,0,LFP_10C_US06.csv,6682,5.2437164,le35,0,
LFP,US06,10.0,0,LFP_10C_US06.csv,6682,5.2437164,le35,30,
LFP,US06,10.0,0,LFP_10C_US06.csv,6682,5.2437164,le35,60,0.7731046113321298
LFP,US06,10.0,0,LFP_10C_US06.csv,6682,5.2437164,le35,120,
LFP,US06,10.0,0,LFP_10C_US06.csv,6682,5.2437164,le35,300,
LFP,US06,10.0,0,LFP_10C_US06.csv,6682,5.2437164,le35,600,
LFP,US06,10.0,0,LFP_10C_US06.csv,6682,5.2437164,le35,900,
LFP,US06,10.0,0,LFP_10C_US06.csv,6682,5.2437164,le35,1200,
LFP,US06,10.0,0,LFP_10C_US06.csv,6682,5.2437164,le35,1800,
LFP,US06,10.0,0,LFP_10C_US06.csv,6682,5.2437164,le35,2400,
LFP,US06,10.0,0,LFP_10C_US06.csv,6708,5.2798748,le35,0,
LFP,US06,10.0,0,LFP_10C_US06.csv,6708,5.2798748,le35,30,
LFP,US06,10.0,0,LFP_10C_US06.csv,6708,5.2798748,le35,60,1.1590926446924206
LFP,US06,10.0,0,LFP_10C_US06.csv,6708,5.2798748,le35,120,
LFP,US06,10.0,0,LFP_10C_US06.csv,6708,5.2798748,le35,300,
LFP,US06,10.0,0,LFP_10C_US06.csv,6708,5.2798748,le35,600,
LFP,US06,10.0,0,LFP_10C_US06.csv,6708,5.2798748,le35,900,
LFP,US06,10.0,0,LFP_10C_US06.csv,6708,5.2798748,le35,1200,
LFP,US06,10.0,0,LFP_10C_US06.csv,6708,5.2798748,le35,1800,
LFP,US06,10.0,0,LFP_10C_US06.csv,6708,5.2798748,le35,2400,
LFP,US06,10.0,1,LFP_10C_US06.csv,823,88.02062000000001,gt65,0,
LFP,US06,10.0,1,LFP_10C_US06.csv,823,88.02062000000001,gt65,30,
LFP,US06,10.0,1,LFP_10C_US06.csv,823,88.02062000000001,gt65,60,17.37196469566345
LFP,US06,10.0,1,LFP_10C_US06.csv,823,88.02062000000001,gt65,120,15.825255390319825
LFP,US06,10.0,1,LFP_10C_US06.csv,823,88.02062000000001,gt65,300,13.168626619842527
LFP,US06,10.0,1,LFP_10C_US06.csv,823,88.02062000000001,gt65,600,10.42775539756775
LFP,US06,10.0,1,LFP_10C_US06.csv,823,88.02062000000001,gt65,900,8.041173076171873
LFP,US06,10.0,1,LFP_10C_US06.csv,823,88.02062000000001,gt65,1200,7.685702732254029
LFP,US06,10.0,1,LFP_10C_US06.csv,823,88.02062000000001,gt65,1800,6.318843435089114
LFP,US06,10.0,1,LFP_10C_US06.csv,823,88.02062000000001,gt65,2400,5.124985912704474
LFP,US06,10.0,1,LFP_10C_US06.csv,933,85.80082,gt65,0,
LFP,US06,10.0,1,LFP_10C_US06.csv,933,85.80082,gt65,30,
LFP,US06,10.0,1,LFP_10C_US06.csv,933,85.80082,gt65,60,22.699147948471065
LFP,US06,10.0,1,LFP_10C_US06.csv,933,85.80082,gt65,120,21.387930881195075
LFP,US06,10.0,1,LFP_10C_US06.csv,933,85.80082,gt65,300,17.15791804902649
LFP,US06,10.0,1,LFP_10C_US06.csv,933,85.80082,gt65,600,13.009923687942504
LFP,US06,10.0,1,LFP_10C_US06.csv,933,85.80082,gt65,900,10.3910995780182
LFP,US06,10.0,1,LFP_10C_US06.csv,933,85.80082,gt65,1200,9.177268651123043
LFP,US06,10.0,1,LFP_10C_US06.csv,933,85.80082,gt65,1800,7.5240673329925585
LFP,US06,10.0,1,LFP_10C_US06.csv,933,85.80082,gt65,2400,6.050470702995305
LFP,US06,10.0,1,LFP_10C_US06.csv,1649,75.74028,gt65,0,
LFP,US06,10.0,1,LFP_10C_US06.csv,1649,75.74028,gt65,30,
LFP,US06,10.0,1,LFP_10C_US06.csv,1649,75.74028,gt65,60,16.4184626553955
LFP,US06,10.0,1,LFP_10C_US06.csv,1649,75.74028,gt65,120,16.232142717742917
LFP,US06,10.0,1,LFP_10C_US06.csv,1649,75.74028,gt65,300,14.452299694213863
LFP,US06,10.0,1,LFP_10C_US06.csv,1649,75.74028,gt65,600,11.710007187652579
LFP,US06,10.0,1,LFP_10C_US06.csv,1649,75.74028,gt65,900,10.432430898895262
LFP,US06,10.0,1,LFP_10C_US06.csv,1649,75.74028,gt65,1200,8.699005974731442
LFP,US06,10.0,1,LFP_10C_US06.csv,1649,75.74028,gt65,1800,6.17890992984772
LFP,US06,10.0,1,LFP_10C_US06.csv,1649,75.74028,gt65,2400,3.810443890190122
LFP,US06,10.0,1,LFP_10C_US06.csv,3842,45.421574,35to65,0,
LFP,US06,10.0,1,LFP_10C_US06.csv,3842,45.421574,35to65,30,
LFP,US06,10.0,1,LFP_10C_US06.csv,3842,45.421574,35to65,60,12.394480565185546
LFP,US06,10.0,1,LFP_10C_US06.csv,3842,45.421574,35to65,120,11.445677548477171
LFP,US06,10.0,1,LFP_10C_US06.csv,3842,45.421574,35to65,300,9.211838189750672
LFP,US06,10.0,1,LFP_10C_US06.csv,3842,45.421574,35to65,600,6.39744140994263
LFP,US06,10.0,1,LFP_10C_US06.csv,3842,45.421574,35to65,900,4.187373516845703
LFP,US06,10.0,1,LFP_10C_US06.csv,3842,45.421574,35to65,1200,2.7422015049819954
LFP,US06,10.0,1,LFP_10C_US06.csv,3842,45.421574,35to65,1800,1.1301581855812053
LFP,US06,10.0,1,LFP_10C_US06.csv,3842,45.421574,35to65,2400,0.00018702560386607558
LFP,US06,10.0,1,LFP_10C_US06.csv,3896,44.402075,35to65,0,
LFP,US06,10.0,1,LFP_10C_US06.csv,3896,44.402075,35to65,30,
LFP,US06,10.0,1,LFP_10C_US06.csv,3896,44.402075,35to65,60,16.213274002265933
LFP,US06,10.0,1,LFP_10C_US06.csv,3896,44.402075,35to65,120,15.371605278518672
LFP,US06,10.0,1,LFP_10C_US06.csv,3896,44.402075,35to65,300,12.389832491638188
LFP,US06,10.0,1,LFP_10C_US06.csv,3896,44.402075,35to65,600,8.52213201721954
LFP,US06,10.0,1,LFP_10C_US06.csv,3896,44.402075,35to65,900,5.40321153263092
LFP,US06,10.0,1,LFP_10C_US06.csv,3896,44.402075,35to65,1200,3.347104312381745
LFP,US06,10.0,1,LFP_10C_US06.csv,3896,44.402075,35to65,1800,1.2898233587913488
LFP,US06,10.0,1,LFP_10C_US06.csv,3896,44.402075,35to65,2400,0.3243998735694884
LFP,US06,10.0,1,LFP_10C_US06.csv,4209,40.54836,35to65,0,
LFP,US06,10.0,1,LFP_10C_US06.csv,4209,40.54836,35to65,30,
LFP,US06,10.0,1,LFP_10C_US06.csv,4209,40.54836,35to65,60,11.819249314865111
LFP,US06,10.0,1,LFP_10C_US06.csv,4209,40.54836,35to65,120,10.795955944404604
LFP,US06,10.0,1,LFP_10C_US06.csv,4209,40.54836,35to65,300,8.589351340644832
LFP,US06,10.0,1,LFP_10C_US06.csv,4209,40.54836,35to65,600,5.736887545074467
LFP,US06,10.0,1,LFP_10C_US06.csv,4209,40.54836,35to65,900,3.575241850147247
LFP,US06,10.0,1,LFP_10C_US06.csv,4209,40.54836,35to65,1200,2.02035785914612
LFP,US06,10.0,1,LFP_10C_US06.csv,4209,40.54836,35to65,1800,0.9447304013900766
LFP,US06,10.0,1,LFP_10C_US06.csv,4209,40.54836,35to65,2400,0.1248669970607752
LFP,US06,10.0,1,LFP_10C_US06.csv,4626,33.623864999999995,le35,0,
LFP,US06,10.0,1,LFP_10C_US06.csv,4626,33.623864999999995,le35,30,
LFP,US06,10.0,1,LFP_10C_US06.csv,4626,33.623864999999995,le35,60,10.101435458393098
LFP,US06,10.0,1,LFP_10C_US06.csv,4626,33.623864999999995,le35,120,9.606657975425719
LFP,US06,10.0,1,LFP_10C_US06.csv,4626,33.623864999999995,le35,300,7.485398566505431
LFP,US06,10.0,1,LFP_10C_US06.csv,4626,33.623864999999995,le35,600,4.643878154937742
LFP,US06,10.0,1,LFP_10C_US06.csv,4626,33.623864999999995,le35,900,2.6323522807655344
LFP,US06,10.0,1,LFP_10C_US06.csv,4626,33.623864999999995,le35,1200,1.5688862579231255
LFP,US06,10.0,1,LFP_10C_US06.csv,4626,33.623864999999995,le35,1800,0.04597482625961291
LFP,US06,10.0,1,LFP_10C_US06.csv,4626,33.623864999999995,le35,2400,
LFP,US06,10.0,1,LFP_10C_US06.csv,6682,5.2437164,le35,0,
LFP,US06,10.0,1,LFP_10C_US06.csv,6682,5.2437164,le35,30,
LFP,US06,10.0,1,LFP_10C_US06.csv,6682,5.2437164,le35,60,1.746232021147918
LFP,US06,10.0,1,LFP_10C_US06.csv,6682,5.2437164,le35,120,
LFP,US06,10.0,1,LFP_10C_US06.csv,6682,5.2437164,le35,300,
LFP,US06,10.0,1,LFP_10C_US06.csv,6682,5.2437164,le35,600,
LFP,US06,10.0,1,LFP_10C_US06.csv,6682,5.2437164,le35,900,
LFP,US06,10.0,1,LFP_10C_US06.csv,6682,5.2437164,le35,1200,
LFP,US06,10.0,1,LFP_10C_US06.csv,6682,5.2437164,le35,1800,
LFP,US06,10.0,1,LFP_10C_US06.csv,6682,5.2437164,le35,2400,
LFP,US06,10.0,1,LFP_10C_US06.csv,6708,5.2798748,le35,0,
LFP,US06,10.0,1,LFP_10C_US06.csv,6708,5.2798748,le35,30,
LFP,US06,10.0,1,LFP_10C_US06.csv,6708,5.2798748,le35,60,2.3629392036209103
LFP,US06,10.0,1,LFP_10C_US06.csv,6708,5.2798748,le35,120,
LFP,US06,10.0,1,LFP_10C_US06.csv,6708,5.2798748,le35,300,
LFP,US06,10.0,1,LFP_10C_US06.csv,6708,5.2798748,le35,600,
LFP,US06,10.0,1,LFP_10C_US06.csv,6708,5.2798748,le35,900,
LFP,US06,10.0,1,LFP_10C_US06.csv,6708,5.2798748,le35,1200,
LFP,US06,10.0,1,LFP_10C_US06.csv,6708,5.2798748,le35,1800,
LFP,US06,10.0,1,LFP_10C_US06.csv,6708,5.2798748,le35,2400,
LFP,US06,10.0,2,LFP_10C_US06.csv,823,88.02062000000001,gt65,0,
LFP,US06,10.0,2,LFP_10C_US06.csv,823,88.02062000000001,gt65,30,
LFP,US06,10.0,2,LFP_10C_US06.csv,823,88.02062000000001,gt65,60,17.064666989059447
LFP,US06,10.0,2,LFP_10C_US06.csv,823,88.02062000000001,gt65,120,16.15458893409729
LFP,US06,10.0,2,LFP_10C_US06.csv,823,88.02062000000001,gt65,300,13.711636854675291
LFP,US06,10.0,2,LFP_10C_US06.csv,823,88.02062000000001,gt65,600,10.233372730026247
LFP,US06,10.0,2,LFP_10C_US06.csv,823,88.02062000000001,gt65,900,8.752804851074217
LFP,US06,10.0,2,LFP_10C_US06.csv,823,88.02062000000001,gt65,1200,7.793312957931519
LFP,US06,10.0,2,LFP_10C_US06.csv,823,88.02062000000001,gt65,1800,6.461739610473636
LFP,US06,10.0,2,LFP_10C_US06.csv,823,88.02062000000001,gt65,2400,5.017545560264594
LFP,US06,10.0,2,LFP_10C_US06.csv,933,85.80082,gt65,0,
LFP,US06,10.0,2,LFP_10C_US06.csv,933,85.80082,gt65,30,
LFP,US06,10.0,2,LFP_10C_US06.csv,933,85.80082,gt65,60,23.601621875015255
LFP,US06,10.0,2,LFP_10C_US06.csv,933,85.80082,gt65,120,22.067405950241096
LFP,US06,10.0,2,LFP_10C_US06.csv,933,85.80082,gt65,300,17.57290942781067
LFP,US06,10.0,2,LFP_10C_US06.csv,933,85.80082,gt65,600,13.532745829589842
LFP,US06,10.0,2,LFP_10C_US06.csv,933,85.80082,gt65,900,11.128623610610973
LFP,US06,10.0,2,LFP_10C_US06.csv,933,85.80082,gt65,1200,9.527422097320553
LFP,US06,10.0,2,LFP_10C_US06.csv,933,85.80082,gt65,1800,7.517302205810552
LFP,US06,10.0,2,LFP_10C_US06.csv,933,85.80082,gt65,2400,5.605766408790593
LFP,US06,10.0,2,LFP_10C_US06.csv,1649,75.74028,gt65,0,
LFP,US06,10.0,2,LFP_10C_US06.csv,1649,75.74028,gt65,30,
LFP,US06,10.0,2,LFP_10C_US06.csv,1649,75.74028,gt65,60,17.42547716841125
LFP,US06,10.0,2,LFP_10C_US06.csv,1649,75.74028,gt65,120,16.699002058410642
LFP,US06,10.0,2,LFP_10C_US06.csv,1649,75.74028,gt65,300,15.141573766860958
LFP,US06,10.0,2,LFP_10C_US06.csv,1649,75.74028,gt65,600,12.368912693786612
LFP,US06,10.0,2,LFP_10C_US06.csv,1649,75.74028,gt65,900,10.833164846649169
LFP,US06,10.0,2,LFP_10C_US06.csv,1649,75.74028,gt65,1200,8.776599301300045
LFP,US06,10.0,2,LFP_10C_US06.csv,1649,75.74028,gt65,1800,5.956873687362673
LFP,US06,10.0,2,LFP_10C_US06.csv,1649,75.74028,gt65,2400,3.501492154693601
LFP,US06,10.0,2,LFP_10C_US06.csv,3842,45.421574,35to65,0,
LFP,US06,10.0,2,LFP_10C_US06.csv,3842,45.421574,35to65,30,
LFP,US06,10.0,2,LFP_10C_US06.csv,3842,45.421574,35to65,60,12.150357821578979
LFP,US06,10.0,2,LFP_10C_US06.csv,3842,45.421574,35to65,120,11.293465167114256
LFP,US06,10.0,2,LFP_10C_US06.csv,3842,45.421574,35to65,300,8.823466245323182
LFP,US06,10.0,2,LFP_10C_US06.csv,3842,45.421574,35to65,600,6.154495858070376
LFP,US06,10.0,2,LFP_10C_US06.csv,3842,45.421574,35to65,900,4.0037584283828735
LFP,US06,10.0,2,LFP_10C_US06.csv,3842,45.421574,35to65,1200,2.6039306500320443
LFP,US06,10.0,2,LFP_10C_US06.csv,3842,45.421574,35to65,1800,1.1232395764389018
LFP,US06,10.0,2,LFP_10C_US06.csv,3842,45.421574,35to65,2400,0.10192467159309437
LFP,US06,10.0,2,LFP_10C_US06.csv,3896,44.402075,35to65,0,
LFP,US06,10.0,2,LFP_10C_US06.csv,3896,44.402075,35to65,30,
LFP,US06,10.0,2,LFP_10C_US06.csv,3896,44.402075,35to65,60,16.070857644271854
LFP,US06,10.0,2,LFP_10C_US06.csv,3896,44.402075,35to65,120,14.683207394149775
LFP,US06,10.0,2,LFP_10C_US06.csv,3896,44.402075,35to65,300,12.006112689735417
LFP,US06,10.0,2,LFP_10C_US06.csv,3896,44.402075,35to65,600,8.5673749228363
LFP,US06,10.0,2,LFP_10C_US06.csv,3896,44.402075,35to65,900,5.392452894248962
LFP,US06,10.0,2,LFP_10C_US06.csv,3896,44.402075,35to65,1200,3.409660877189637
LFP,US06,10.0,2,LFP_10C_US06.csv,3896,44.402075,35to65,1800,1.2806755359344457
LFP,US06,10.0,2,LFP_10C_US06.csv,3896,44.402075,35to65,2400,0.07890249784278858
LFP,US06,10.0,2,LFP_10C_US06.csv,4209,40.54836,35to65,0,
LFP,US06,10.0,2,LFP_10C_US06.csv,4209,40.54836,35to65,30,
LFP,US06,10.0,2,LFP_10C_US06.csv,4209,40.54836,35to65,60,11.514687461456298
LFP,US06,10.0,2,LFP_10C_US06.csv,4209,40.54836,35to65,120,10.725190329895021
LFP,US06,10.0,2,LFP_10C_US06.csv,4209,40.54836,35to65,300,8.614218398445125
LFP,US06,10.0,2,LFP_10C_US06.csv,4209,40.54836,35to65,600,5.518367976631168
LFP,US06,10.0,2,LFP_10C_US06.csv,4209,40.54836,35to65,900,3.714062557945251
LFP,US06,10.0,2,LFP_10C_US06.csv,4209,40.54836,35to65,1200,2.012069833290102
LFP,US06,10.0,2,LFP_10C_US06.csv,4209,40.54836,35to65,1800,0.9630096558265695
LFP,US06,10.0,2,LFP_10C_US06.csv,4209,40.54836,35to65,2400,0.18567863589286748
LFP,US06,10.0,2,LFP_10C_US06.csv,4626,33.623864999999995,le35,0,
LFP,US06,10.0,2,LFP_10C_US06.csv,4626,33.623864999999995,le35,30,
LFP,US06,10.0,2,LFP_10C_US06.csv,4626,33.623864999999995,le35,60,10.083057856292726
LFP,US06,10.0,2,LFP_10C_US06.csv,4626,33.623864999999995,le35,120,9.015725606193541
LFP,US06,10.0,2,LFP_10C_US06.csv,4626,33.623864999999995,le35,300,7.439780151626586
LFP,US06,10.0,2,LFP_10C_US06.csv,4626,33.623864999999995,le35,600,4.892197065536497
LFP,US06,10.0,2,LFP_10C_US06.csv,4626,33.623864999999995,le35,900,2.8947229863700876
LFP,US06,10.0,2,LFP_10C_US06.csv,4626,33.623864999999995,le35,1200,1.6703348534469598
LFP,US06,10.0,2,LFP_10C_US06.csv,4626,33.623864999999995,le35,1800,0.04555108602523816
LFP,US06,10.0,2,LFP_10C_US06.csv,4626,33.623864999999995,le35,2400,
LFP,US06,10.0,2,LFP_10C_US06.csv,6682,5.2437164,le35,0,
LFP,US06,10.0,2,LFP_10C_US06.csv,6682,5.2437164,le35,30,
LFP,US06,10.0,2,LFP_10C_US06.csv,6682,5.2437164,le35,60,3.3177874568054193
LFP,US06,10.0,2,LFP_10C_US06.csv,6682,5.2437164,le35,120,
LFP,US06,10.0,2,LFP_10C_US06.csv,6682,5.2437164,le35,300,
LFP,US06,10.0,2,LFP_10C_US06.csv,6682,5.2437164,le35,600,
LFP,US06,10.0,2,LFP_10C_US06.csv,6682,5.2437164,le35,900,
LFP,US06,10.0,2,LFP_10C_US06.csv,6682,5.2437164,le35,1200,
LFP,US06,10.0,2,LFP_10C_US06.csv,6682,5.2437164,le35,1800,
LFP,US06,10.0,2,LFP_10C_US06.csv,6682,5.2437164,le35,2400,
LFP,US06,10.0,2,LFP_10C_US06.csv,6708,5.2798748,le35,0,
LFP,US06,10.0,2,LFP_10C_US06.csv,6708,5.2798748,le35,30,
LFP,US06,10.0,2,LFP_10C_US06.csv,6708,5.2798748,le35,60,2.702021832109451
LFP,US06,10.0,2,LFP_10C_US06.csv,6708,5.2798748,le35,120,
LFP,US06,10.0,2,LFP_10C_US06.csv,6708,5.2798748,le35,300,
LFP,US06,10.0,2,LFP_10C_US06.csv,6708,5.2798748,le35,600,
LFP,US06,10.0,2,LFP_10C_US06.csv,6708,5.2798748,le35,900,
LFP,US06,10.0,2,LFP_10C_US06.csv,6708,5.2798748,le35,1200,
LFP,US06,10.0,2,LFP_10C_US06.csv,6708,5.2798748,le35,1800,
LFP,US06,10.0,2,LFP_10C_US06.csv,6708,5.2798748,le35,2400,
LFP,US06,20.0,0,LFP_20C_US06.csv,275,95.93876999999999,gt65,0,
LFP,US06,20.0,0,LFP_20C_US06.csv,275,95.93876999999999,gt65,30,
LFP,US06,20.0,0,LFP_20C_US06.csv,275,95.93876999999999,gt65,60,16.61375171797181
LFP,US06,20.0,0,LFP_20C_US06.csv,275,95.93876999999999,gt65,120,15.796601698348994
LFP,US06,20.0,0,LFP_20C_US06.csv,275,95.93876999999999,gt65,300,14.817623568420416
LFP,US06,20.0,0,LFP_20C_US06.csv,275,95.93876999999999,gt65,600,11.768813615341188
LFP,US06,20.0,0,LFP_20C_US06.csv,275,95.93876999999999,gt65,900,9.119063889221195
LFP,US06,20.0,0,LFP_20C_US06.csv,275,95.93876999999999,gt65,1200,6.5763366152954035
LFP,US06,20.0,0,LFP_20C_US06.csv,275,95.93876999999999,gt65,1800,4.749007017135625
LFP,US06,20.0,0,LFP_20C_US06.csv,275,95.93876999999999,gt65,2400,4.373433432998652
LFP,US06,20.0,0,LFP_20C_US06.csv,560,92.203194,gt65,0,
LFP,US06,20.0,0,LFP_20C_US06.csv,560,92.203194,gt65,30,
LFP,US06,20.0,0,LFP_20C_US06.csv,560,92.203194,gt65,60,14.367516268463135
LFP,US06,20.0,0,LFP_20C_US06.csv,560,92.203194,gt65,120,13.825462075653078
LFP,US06,20.0,0,LFP_20C_US06.csv,560,92.203194,gt65,300,11.963522427368162
LFP,US06,20.0,0,LFP_20C_US06.csv,560,92.203194,gt65,600,9.469953707046514
LFP,US06,20.0,0,LFP_20C_US06.csv,560,92.203194,gt65,900,6.7705584909057706
LFP,US06,20.0,0,LFP_20C_US06.csv,560,92.203194,gt65,1200,5.466377579849251
LFP,US06,20.0,0,LFP_20C_US06.csv,560,92.203194,gt65,1800,4.739123502243032
LFP,US06,20.0,0,LFP_20C_US06.csv,560,92.203194,gt65,2400,4.291508805541987
LFP,US06,20.0,0,LFP_20C_US06.csv,1852,74.66336,gt65,0,
LFP,US06,20.0,0,LFP_20C_US06.csv,1852,74.66336,gt65,30,
LFP,US06,20.0,0,LFP_20C_US06.csv,1852,74.66336,gt65,60,10.99241144844055
LFP,US06,20.0,0,LFP_20C_US06.csv,1852,74.66336,gt65,120,10.395628355484007
LFP,US06,20.0,0,LFP_20C_US06.csv,1852,74.66336,gt65,300,9.256726297744748
LFP,US06,20.0,0,LFP_20C_US06.csv,1852,74.66336,gt65,600,8.682728207122807
LFP,US06,20.0,0,LFP_20C_US06.csv,1852,74.66336,gt65,900,7.40312917480469
LFP,US06,20.0,0,LFP_20C_US06.csv,1852,74.66336,gt65,1200,6.830084571060183
LFP,US06,20.0,0,LFP_20C_US06.csv,1852,74.66336,gt65,1800,4.972917279060361
LFP,US06,20.0,0,LFP_20C_US06.csv,1852,74.66336,gt65,2400,2.7111757022857645
LFP,US06,20.0,0,LFP_20C_US06.csv,2981,58.544385,35to65,0,
LFP,US06,20.0,0,LFP_20C_US06.csv,2981,58.544385,35to65,30,
LFP,US06,20.0,0,LFP_20C_US06.csv,2981,58.544385,35to65,60,17.24361176914978
LFP,US06,20.0,0,LFP_20C_US06.csv,2981,58.544385,35to65,120,16.39875209770203
LFP,US06,20.0,0,LFP_20C_US06.csv,2981,58.544385,35to65,300,14.262068546890262
LFP,US06,20.0,0,LFP_20C_US06.csv,2981,58.544385,35to65,600,10.340816569747922
LFP,US06,20.0,0,LFP_20C_US06.csv,2981,58.544385,35to65,900,7.514018085678096
LFP,US06,20.0,0,LFP_20C_US06.csv,2981,58.544385,35to65,1200,5.036938539375306
LFP,US06,20.0,0,LFP_20C_US06.csv,2981,58.544385,35to65,1800,2.105408782165533
LFP,US06,20.0,0,LFP_20C_US06.csv,2981,58.544385,35to65,2400,0.9876739219322204
LFP,US06,20.0,0,LFP_20C_US06.csv,3386,52.34249,35to65,0,
LFP,US06,20.0,0,LFP_20C_US06.csv,3386,52.34249,35to65,30,
LFP,US06,20.0,0,LFP_20C_US06.csv,3386,52.34249,35to65,60,15.195838029022212
LFP,US06,20.0,0,LFP_20C_US06.csv,3386,52.34249,35to65,120,14.081358249053956
LFP,US06,20.0,0,LFP_20C_US06.csv,3386,52.34249,35to65,300,12.222695042556765
LFP,US06,20.0,0,LFP_20C_US06.csv,3386,52.34249,35to65,600,8.39227259819031
LFP,US06,20.0,0,LFP_20C_US06.csv,3386,52.34249,35to65,900,5.645020774574277
LFP,US06,20.0,0,LFP_20C_US06.csv,3386,52.34249,35to65,1200,3.5389129217147826
LFP,US06,20.0,0,LFP_20C_US06.csv,3386,52.34249,35to65,1800,1.4442804181900044
LFP,US06,20.0,0,LFP_20C_US06.csv,3386,52.34249,35to65,2400,0.568350736179351
LFP,US06,20.0,0,LFP_20C_US06.csv,4320,40.485397,35to65,0,
LFP,US06,20.0,0,LFP_20C_US06.csv,4320,40.485397,35to65,30,
LFP,US06,20.0,0,LFP_20C_US06.csv,4320,40.485397,35to65,60,3.077715691841128
LFP,US06,20.0,0,LFP_20C_US06.csv,4320,40.485397,35to65,120,2.703093495445252
LFP,US06,20.0,0,LFP_20C_US06.csv,4320,40.485397,35to65,300,2.1509501738662706
LFP,US06,20.0,0,LFP_20C_US06.csv,4320,40.485397,35to65,600,1.2513892118453995
LFP,US06,20.0,0,LFP_20C_US06.csv,4320,40.485397,35to65,900,0.8732582209472639
LFP,US06,20.0,0,LFP_20C_US06.csv,4320,40.485397,35to65,1200,0.6099386587753308
LFP,US06,20.0,0,LFP_20C_US06.csv,4320,40.485397,35to65,1800,0.47365313966369627
LFP,US06,20.0,0,LFP_20C_US06.csv,4320,40.485397,35to65,2400,0.01778480295753493
LFP,US06,20.0,0,LFP_20C_US06.csv,4736,34.437823,le35,0,
LFP,US06,20.0,0,LFP_20C_US06.csv,4736,34.437823,le35,30,
LFP,US06,20.0,0,LFP_20C_US06.csv,4736,34.437823,le35,60,5.501684702781681
LFP,US06,20.0,0,LFP_20C_US06.csv,4736,34.437823,le35,120,5.73710768166351
LFP,US06,20.0,0,LFP_20C_US06.csv,4736,34.437823,le35,300,4.407745227104186
LFP,US06,20.0,0,LFP_20C_US06.csv,4736,34.437823,le35,600,2.6079906431198125
LFP,US06,20.0,0,LFP_20C_US06.csv,4736,34.437823,le35,900,1.7405033446884168
LFP,US06,20.0,0,LFP_20C_US06.csv,4736,34.437823,le35,1200,1.2548609020195016
LFP,US06,20.0,0,LFP_20C_US06.csv,4736,34.437823,le35,1800,0.22969671189689755
LFP,US06,20.0,0,LFP_20C_US06.csv,4736,34.437823,le35,2400,
LFP,US06,20.0,0,LFP_20C_US06.csv,5623,22.120938000000002,le35,0,
LFP,US06,20.0,0,LFP_20C_US06.csv,5623,22.120938000000002,le35,30,
LFP,US06,20.0,0,LFP_20C_US06.csv,5623,22.120938000000002,le35,60,7.806283185001373
LFP,US06,20.0,0,LFP_20C_US06.csv,5623,22.120938000000002,le35,120,6.971633142505645
LFP,US06,20.0,0,LFP_20C_US06.csv,5623,22.120938000000002,le35,300,4.660002034873962
LFP,US06,20.0,0,LFP_20C_US06.csv,5623,22.120938000000002,le35,600,3.0002904889335635
LFP,US06,20.0,0,LFP_20C_US06.csv,5623,22.120938000000002,le35,900,1.3956121573677063
LFP,US06,20.0,0,LFP_20C_US06.csv,5623,22.120938000000002,le35,1200,0.47436014048385555
LFP,US06,20.0,0,LFP_20C_US06.csv,5623,22.120938000000002,le35,1800,
LFP,US06,20.0,0,LFP_20C_US06.csv,5623,22.120938000000002,le35,2400,
LFP,US06,20.0,0,LFP_20C_US06.csv,6570,9.245493,le35,0,
LFP,US06,20.0,0,LFP_20C_US06.csv,6570,9.245493,le35,30,
LFP,US06,20.0,0,LFP_20C_US06.csv,6570,9.245493,le35,60,3.795511246076966
LFP,US06,20.0,0,LFP_20C_US06.csv,6570,9.245493,le35,120,3.018622488617516
LFP,US06,20.0,0,LFP_20C_US06.csv,6570,9.245493,le35,300,1.3530995391099925
LFP,US06,20.0,0,LFP_20C_US06.csv,6570,9.245493,le35,600,
LFP,US06,20.0,0,LFP_20C_US06.csv,6570,9.245493,le35,900,
LFP,US06,20.0,0,LFP_20C_US06.csv,6570,9.245493,le35,1200,
LFP,US06,20.0,0,LFP_20C_US06.csv,6570,9.245493,le35,1800,
LFP,US06,20.0,0,LFP_20C_US06.csv,6570,9.245493,le35,2400,
LFP,US06,20.0,1,LFP_20C_US06.csv,275,95.93876999999999,gt65,0,
LFP,US06,20.0,1,LFP_20C_US06.csv,275,95.93876999999999,gt65,30,
LFP,US06,20.0,1,LFP_20C_US06.csv,275,95.93876999999999,gt65,60,16.362965175079353
LFP,US06,20.0,1,LFP_20C_US06.csv,275,95.93876999999999,gt65,120,15.73361150975036
LFP,US06,20.0,1,LFP_20C_US06.csv,275,95.93876999999999,gt65,300,15.372900439147955
LFP,US06,20.0,1,LFP_20C_US06.csv,275,95.93876999999999,gt65,600,11.696382051010133
LFP,US06,20.0,1,LFP_20C_US06.csv,275,95.93876999999999,gt65,900,9.240693127349857
LFP,US06,20.0,1,LFP_20C_US06.csv,275,95.93876999999999,gt65,1200,6.741685860366815
LFP,US06,20.0,1,LFP_20C_US06.csv,275,95.93876999999999,gt65,1800,4.4600675411224415
LFP,US06,20.0,1,LFP_20C_US06.csv,275,95.93876999999999,gt65,2400,4.2773149828338575
LFP,US06,20.0,1,LFP_20C_US06.csv,560,92.203194,gt65,0,
LFP,US06,20.0,1,LFP_20C_US06.csv,560,92.203194,gt65,30,
LFP,US06,20.0,1,LFP_20C_US06.csv,560,92.203194,gt65,60,14.480824698181152
LFP,US06,20.0,1,LFP_20C_US06.csv,560,92.203194,gt65,120,13.768873425903323
LFP,US06,20.0,1,LFP_20C_US06.csv,560,92.203194,gt65,300,12.048697464752195
LFP,US06,20.0,1,LFP_20C_US06.csv,560,92.203194,gt65,600,9.361056021041875
LFP,US06,20.0,1,LFP_20C_US06.csv,560,92.203194,gt65,900,7.0469869519806
LFP,US06,20.0,1,LFP_20C_US06.csv,560,92.203194,gt65,1200,5.217343413513191
LFP,US06,20.0,1,LFP_20C_US06.csv,560,92.203194,gt65,1800,4.402244010437002
LFP,US06,20.0,1,LFP_20C_US06.csv,560,92.203194,gt65,2400,3.9439541218566845
LFP,US06,20.0,1,LFP_20C_US06.csv,1852,74.66336,gt65,0,
LFP,US06,20.0,1,LFP_20C_US06.csv,1852,74.66336,gt65,30,
LFP,US06,20.0,1,LFP_20C_US06.csv,1852,74.66336,gt65,60,10.31881935783386
LFP,US06,20.0,1,LFP_20C_US06.csv,1852,74.66336,gt65,120,9.661799810867308
LFP,US06,20.0,1,LFP_20C_US06.csv,1852,74.66336,gt65,300,8.901220354446409
LFP,US06,20.0,1,LFP_20C_US06.csv,1852,74.66336,gt65,600,8.467221653472905
LFP,US06,20.0,1,LFP_20C_US06.csv,1852,74.66336,gt65,900,7.351493671035769
LFP,US06,20.0,1,LFP_20C_US06.csv,1852,74.66336,gt65,1200,6.560862311538699
LFP,US06,20.0,1,LFP_20C_US06.csv,1852,74.66336,gt65,1800,4.675111612136838
LFP,US06,20.0,1,LFP_20C_US06.csv,1852,74.66336,gt65,2400,2.515222452354429
LFP,US06,20.0,1,LFP_20C_US06.csv,2981,58.544385,35to65,0,
LFP,US06,20.0,1,LFP_20C_US06.csv,2981,58.544385,35to65,30,
LFP,US06,20.0,1,LFP_20C_US06.csv,2981,58.544385,35to65,60,17.132845477531433
LFP,US06,20.0,1,LFP_20C_US06.csv,2981,58.544385,35to65,120,16.486484174346927
LFP,US06,20.0,1,LFP_20C_US06.csv,2981,58.544385,35to65,300,14.258423722862247
LFP,US06,20.0,1,LFP_20C_US06.csv,2981,58.544385,35to65,600,10.506895971717832
LFP,US06,20.0,1,LFP_20C_US06.csv,2981,58.544385,35to65,900,7.3282780916290235
LFP,US06,20.0,1,LFP_20C_US06.csv,2981,58.544385,35to65,1200,5.095136514533998
LFP,US06,20.0,1,LFP_20C_US06.csv,2981,58.544385,35to65,1800,2.1971373502426204
LFP,US06,20.0,1,LFP_20C_US06.csv,2981,58.544385,35to65,2400,0.9435530737533568
LFP,US06,20.0,1,LFP_20C_US06.csv,3386,52.34249,35to65,0,
LFP,US06,20.0,1,LFP_20C_US06.csv,3386,52.34249,35to65,30,
LFP,US06,20.0,1,LFP_20C_US06.csv,3386,52.34249,35to65,60,14.840954954261775
LFP,US06,20.0,1,LFP_20C_US06.csv,3386,52.34249,35to65,120,13.891737992630006
LFP,US06,20.0,1,LFP_20C_US06.csv,3386,52.34249,35to65,300,11.947434832519534
LFP,US06,20.0,1,LFP_20C_US06.csv,3386,52.34249,35to65,600,7.878236181182864
LFP,US06,20.0,1,LFP_20C_US06.csv,3386,52.34249,35to65,900,5.388574770660398
LFP,US06,20.0,1,LFP_20C_US06.csv,3386,52.34249,35to65,1200,3.122163205909729
LFP,US06,20.0,1,LFP_20C_US06.csv,3386,52.34249,35to65,1800,1.1569115245666524
LFP,US06,20.0,1,LFP_20C_US06.csv,3386,52.34249,35to65,2400,0.6075080075645438
LFP,US06,20.0,1,LFP_20C_US06.csv,4320,40.485397,35to65,0,
LFP,US06,20.0,1,LFP_20C_US06.csv,4320,40.485397,35to65,30,
LFP,US06,20.0,1,LFP_20C_US06.csv,4320,40.485397,35to65,60,2.736499962127688
LFP,US06,20.0,1,LFP_20C_US06.csv,4320,40.485397,35to65,120,2.5367786551284794
LFP,US06,20.0,1,LFP_20C_US06.csv,4320,40.485397,35to65,300,1.7914268775100695
LFP,US06,20.0,1,LFP_20C_US06.csv,4320,40.485397,35to65,600,1.29496020717621
LFP,US06,20.0,1,LFP_20C_US06.csv,4320,40.485397,35to65,900,0.7621939061050398
LFP,US06,20.0,1,LFP_20C_US06.csv,4320,40.485397,35to65,1200,0.5300490632667554
LFP,US06,20.0,1,LFP_20C_US06.csv,4320,40.485397,35to65,1800,0.33481157024002073
LFP,US06,20.0,1,LFP_20C_US06.csv,4320,40.485397,35to65,2400,0.0930537592926024
LFP,US06,20.0,1,LFP_20C_US06.csv,4736,34.437823,le35,0,
LFP,US06,20.0,1,LFP_20C_US06.csv,4736,34.437823,le35,30,
LFP,US06,20.0,1,LFP_20C_US06.csv,4736,34.437823,le35,60,5.872324265388492
LFP,US06,20.0,1,LFP_20C_US06.csv,4736,34.437823,le35,120,5.323552774818417
LFP,US06,20.0,1,LFP_20C_US06.csv,4736,34.437823,le35,300,4.19576130796051
LFP,US06,20.0,1,LFP_20C_US06.csv,4736,34.437823,le35,600,2.442055782413483
LFP,US06,20.0,1,LFP_20C_US06.csv,4736,34.437823,le35,900,1.614119146022798
LFP,US06,20.0,1,LFP_20C_US06.csv,4736,34.437823,le35,1200,1.1924786807975778
LFP,US06,20.0,1,LFP_20C_US06.csv,4736,34.437823,le35,1800,0.32355763614082456
LFP,US06,20.0,1,LFP_20C_US06.csv,4736,34.437823,le35,2400,
LFP,US06,20.0,1,LFP_20C_US06.csv,5623,22.120938000000002,le35,0,
LFP,US06,20.0,1,LFP_20C_US06.csv,5623,22.120938000000002,le35,30,
LFP,US06,20.0,1,LFP_20C_US06.csv,5623,22.120938000000002,le35,60,7.820965299125671
LFP,US06,20.0,1,LFP_20C_US06.csv,5623,22.120938000000002,le35,120,6.941535777126312
LFP,US06,20.0,1,LFP_20C_US06.csv,5623,22.120938000000002,le35,300,4.8520094573211665
LFP,US06,20.0,1,LFP_20C_US06.csv,5623,22.120938000000002,le35,600,2.940504049991608
LFP,US06,20.0,1,LFP_20C_US06.csv,5623,22.120938000000002,le35,900,1.2575149009456634
LFP,US06,20.0,1,LFP_20C_US06.csv,5623,22.120938000000002,le35,1200,0.47622166804599697
LFP,US06,20.0,1,LFP_20C_US06.csv,5623,22.120938000000002,le35,1800,
LFP,US06,20.0,1,LFP_20C_US06.csv,5623,22.120938000000002,le35,2400,
LFP,US06,20.0,1,LFP_20C_US06.csv,6570,9.245493,le35,0,
LFP,US06,20.0,1,LFP_20C_US06.csv,6570,9.245493,le35,30,
LFP,US06,20.0,1,LFP_20C_US06.csv,6570,9.245493,le35,60,3.1515367034591684
LFP,US06,20.0,1,LFP_20C_US06.csv,6570,9.245493,le35,120,2.4298351415391926
LFP,US06,20.0,1,LFP_20C_US06.csv,6570,9.245493,le35,300,1.015002249905395
LFP,US06,20.0,1,LFP_20C_US06.csv,6570,9.245493,le35,600,
LFP,US06,20.0,1,LFP_20C_US06.csv,6570,9.245493,le35,900,
LFP,US06,20.0,1,LFP_20C_US06.csv,6570,9.245493,le35,1200,
LFP,US06,20.0,1,LFP_20C_US06.csv,6570,9.245493,le35,1800,
LFP,US06,20.0,1,LFP_20C_US06.csv,6570,9.245493,le35,2400,
LFP,US06,20.0,2,LFP_20C_US06.csv,275,95.93876999999999,gt65,0,
LFP,US06,20.0,2,LFP_20C_US06.csv,275,95.93876999999999,gt65,30,
LFP,US06,20.0,2,LFP_20C_US06.csv,275,95.93876999999999,gt65,60,16.17199785368348
LFP,US06,20.0,2,LFP_20C_US06.csv,275,95.93876999999999,gt65,120,15.287798569152827
LFP,US06,20.0,2,LFP_20C_US06.csv,275,95.93876999999999,gt65,300,15.040479374771124
LFP,US06,20.0,2,LFP_20C_US06.csv,275,95.93876999999999,gt65,600,11.513103728790284
LFP,US06,20.0,2,LFP_20C_US06.csv,275,95.93876999999999,gt65,900,9.165001188949589
LFP,US06,20.0,2,LFP_20C_US06.csv,275,95.93876999999999,gt65,1200,6.115878813476556
LFP,US06,20.0,2,LFP_20C_US06.csv,275,95.93876999999999,gt65,1800,4.364098102569585
LFP,US06,20.0,2,LFP_20C_US06.csv,275,95.93876999999999,gt65,2400,4.149105391921992
LFP,US06,20.0,2,LFP_20C_US06.csv,560,92.203194,gt65,0,
LFP,US06,20.0,2,LFP_20C_US06.csv,560,92.203194,gt65,30,
LFP,US06,20.0,2,LFP_20C_US06.csv,560,92.203194,gt65,60,13.796295155258179
LFP,US06,20.0,2,LFP_20C_US06.csv,560,92.203194,gt65,120,13.369707080307009
LFP,US06,20.0,2,LFP_20C_US06.csv,560,92.203194,gt65,300,11.595821373748777
LFP,US06,20.0,2,LFP_20C_US06.csv,560,92.203194,gt65,600,9.416458538360601
LFP,US06,20.0,2,LFP_20C_US06.csv,560,92.203194,gt65,900,6.316734686050424
LFP,US06,20.0,2,LFP_20C_US06.csv,560,92.203194,gt65,1200,5.265045010726936
LFP,US06,20.0,2,LFP_20C_US06.csv,560,92.203194,gt65,1800,4.755979695785513
LFP,US06,20.0,2,LFP_20C_US06.csv,560,92.203194,gt65,2400,4.23315585830688
LFP,US06,20.0,2,LFP_20C_US06.csv,1852,74.66336,gt65,0,
LFP,US06,20.0,2,LFP_20C_US06.csv,1852,74.66336,gt65,30,
LFP,US06,20.0,2,LFP_20C_US06.csv,1852,74.66336,gt65,60,10.638955904922483
LFP,US06,20.0,2,LFP_20C_US06.csv,1852,74.66336,gt65,120,10.226655148010252
LFP,US06,20.0,2,LFP_20C_US06.csv,1852,74.66336,gt65,300,9.218579325088498
LFP,US06,20.0,2,LFP_20C_US06.csv,1852,74.66336,gt65,600,8.578735983383183
LFP,US06,20.0,2,LFP_20C_US06.csv,1852,74.66336,gt65,900,7.200777366256716
LFP,US06,20.0,2,LFP_20C_US06.csv,1852,74.66336,gt65,1200,6.618631133255008
LFP,US06,20.0,2,LFP_20C_US06.csv,1852,74.66336,gt65,1800,4.424953898246763
LFP,US06,20.0,2,LFP_20C_US06.csv,1852,74.66336,gt65,2400,2.3642826301574686
LFP,US06,20.0,2,LFP_20C_US06.csv,2981,58.544385,35to65,0,
LFP,US06,20.0,2,LFP_20C_US06.csv,2981,58.544385,35to65,30,
LFP,US06,20.0,2,LFP_20C_US06.csv,2981,58.544385,35to65,60,17.624708966682434
LFP,US06,20.0,2,LFP_20C_US06.csv,2981,58.544385,35to65,120,16.89362264118195
LFP,US06,20.0,2,LFP_20C_US06.csv,2981,58.544385,35to65,300,14.31654719221497
LFP,US06,20.0,2,LFP_20C_US06.csv,2981,58.544385,35to65,600,10.782650900306699
LFP,US06,20.0,2,LFP_20C_US06.csv,2981,58.544385,35to65,900,7.368633416374202
LFP,US06,20.0,2,LFP_20C_US06.csv,2981,58.544385,35to65,1200,5.2857968720092785
LFP,US06,20.0,2,LFP_20C_US06.csv,2981,58.544385,35to65,1800,2.2538124267273005
LFP,US06,20.0,2,LFP_20C_US06.csv,2981,58.544385,35to65,2400,0.8524041608467101
LFP,US06,20.0,2,LFP_20C_US06.csv,3386,52.34249,35to65,0,
LFP,US06,20.0,2,LFP_20C_US06.csv,3386,52.34249,35to65,30,
LFP,US06,20.0,2,LFP_20C_US06.csv,3386,52.34249,35to65,60,15.205789024467464
LFP,US06,20.0,2,LFP_20C_US06.csv,3386,52.34249,35to65,120,14.438324506149293
LFP,US06,20.0,2,LFP_20C_US06.csv,3386,52.34249,35to65,300,12.334045459693911
LFP,US06,20.0,2,LFP_20C_US06.csv,3386,52.34249,35to65,600,8.27373982135773
LFP,US06,20.0,2,LFP_20C_US06.csv,3386,52.34249,35to65,900,5.640472940177915
LFP,US06,20.0,2,LFP_20C_US06.csv,3386,52.34249,35to65,1200,3.112748652267456
LFP,US06,20.0,2,LFP_20C_US06.csv,3386,52.34249,35to65,1800,1.2775960290756245
LFP,US06,20.0,2,LFP_20C_US06.csv,3386,52.34249,35to65,2400,0.5278836527252189
LFP,US06,20.0,2,LFP_20C_US06.csv,4320,40.485397,35to65,0,
LFP,US06,20.0,2,LFP_20C_US06.csv,4320,40.485397,35to65,30,
LFP,US06,20.0,2,LFP_20C_US06.csv,4320,40.485397,35to65,60,3.331086096084597
LFP,US06,20.0,2,LFP_20C_US06.csv,4320,40.485397,35to65,120,2.4456014300155644
LFP,US06,20.0,2,LFP_20C_US06.csv,4320,40.485397,35to65,300,1.508432964813231
LFP,US06,20.0,2,LFP_20C_US06.csv,4320,40.485397,35to65,600,1.2456701461792008
LFP,US06,20.0,2,LFP_20C_US06.csv,4320,40.485397,35to65,900,0.731971370971678
LFP,US06,20.0,2,LFP_20C_US06.csv,4320,40.485397,35to65,1200,0.4319115057601941
LFP,US06,20.0,2,LFP_20C_US06.csv,4320,40.485397,35to65,1800,0.529273213935852
LFP,US06,20.0,2,LFP_20C_US06.csv,4320,40.485397,35to65,2400,0.06287294741058336
LFP,US06,20.0,2,LFP_20C_US06.csv,4736,34.437823,le35,0,
LFP,US06,20.0,2,LFP_20C_US06.csv,4736,34.437823,le35,30,
LFP,US06,20.0,2,LFP_20C_US06.csv,4736,34.437823,le35,60,6.185898341087345
LFP,US06,20.0,2,LFP_20C_US06.csv,4736,34.437823,le35,120,5.377068805130001
LFP,US06,20.0,2,LFP_20C_US06.csv,4736,34.437823,le35,300,3.81930433202362
LFP,US06,20.0,2,LFP_20C_US06.csv,4736,34.437823,le35,600,2.3565111962318426
LFP,US06,20.0,2,LFP_20C_US06.csv,4736,34.437823,le35,900,1.2871072031593336
LFP,US06,20.0,2,LFP_20C_US06.csv,4736,34.437823,le35,1200,1.0529769899330148
LFP,US06,20.0,2,LFP_20C_US06.csv,4736,34.437823,le35,1800,0.28725021183395505
LFP,US06,20.0,2,LFP_20C_US06.csv,4736,34.437823,le35,2400,
LFP,US06,20.0,2,LFP_20C_US06.csv,5623,22.120938000000002,le35,0,
LFP,US06,20.0,2,LFP_20C_US06.csv,5623,22.120938000000002,le35,30,
LFP,US06,20.0,2,LFP_20C_US06.csv,5623,22.120938000000002,le35,60,7.272227057929992
LFP,US06,20.0,2,LFP_20C_US06.csv,5623,22.120938000000002,le35,120,6.267043656383514
LFP,US06,20.0,2,LFP_20C_US06.csv,5623,22.120938000000002,le35,300,4.301530760498046
LFP,US06,20.0,2,LFP_20C_US06.csv,5623,22.120938000000002,le35,600,2.6410935280075076
LFP,US06,20.0,2,LFP_20C_US06.csv,5623,22.120938000000002,le35,900,1.3940832982292175
LFP,US06,20.0,2,LFP_20C_US06.csv,5623,22.120938000000002,le35,1200,0.4149309568815225
LFP,US06,20.0,2,LFP_20C_US06.csv,5623,22.120938000000002,le35,1800,
LFP,US06,20.0,2,LFP_20C_US06.csv,5623,22.120938000000002,le35,2400,
LFP,US06,20.0,2,LFP_20C_US06.csv,6570,9.245493,le35,0,
LFP,US06,20.0,2,LFP_20C_US06.csv,6570,9.245493,le35,30,
LFP,US06,20.0,2,LFP_20C_US06.csv,6570,9.245493,le35,60,2.2799811962760934
LFP,US06,20.0,2,LFP_20C_US06.csv,6570,9.245493,le35,120,1.7963554867502216
LFP,US06,20.0,2,LFP_20C_US06.csv,6570,9.245493,le35,300,1.1954758010595317
LFP,US06,20.0,2,LFP_20C_US06.csv,6570,9.245493,le35,600,
LFP,US06,20.0,2,LFP_20C_US06.csv,6570,9.245493,le35,900,
LFP,US06,20.0,2,LFP_20C_US06.csv,6570,9.245493,le35,1200,
LFP,US06,20.0,2,LFP_20C_US06.csv,6570,9.245493,le35,1800,
LFP,US06,20.0,2,LFP_20C_US06.csv,6570,9.245493,le35,2400,
LFP,US06,25.0,0,LFP_25C_US06.csv,638,91.315585,gt65,0,
LFP,US06,25.0,0,LFP_25C_US06.csv,638,91.315585,gt65,30,
LFP,US06,25.0,0,LFP_25C_US06.csv,638,91.315585,gt65,60,14.154071711654666
LFP,US06,25.0,0,LFP_25C_US06.csv,638,91.315585,gt65,120,13.504481650314332
LFP,US06,25.0,0,LFP_25C_US06.csv,638,91.315585,gt65,300,11.794799997207633
LFP,US06,25.0,0,LFP_25C_US06.csv,638,91.315585,gt65,600,9.165979436798096
LFP,US06,25.0,0,LFP_25C_US06.csv,638,91.315585,gt65,900,6.451651972198491
LFP,US06,25.0,0,LFP_25C_US06.csv,638,91.315585,gt65,1200,4.958670832000735
LFP,US06,25.0,0,LFP_25C_US06.csv,638,91.315585,gt65,1800,4.31879186506653
LFP,US06,25.0,0,LFP_25C_US06.csv,638,91.315585,gt65,2400,3.9745752386779785
LFP,US06,25.0,0,LFP_25C_US06.csv,791,88.757384,gt65,0,
LFP,US06,25.0,0,LFP_25C_US06.csv,791,88.757384,gt65,30,
LFP,US06,25.0,0,LFP_25C_US06.csv,791,88.757384,gt65,60,17.217064416656484
LFP,US06,25.0,0,LFP_25C_US06.csv,791,88.757384,gt65,120,16.263699206924443
LFP,US06,25.0,0,LFP_25C_US06.csv,791,88.757384,gt65,300,13.709551090621957
LFP,US06,25.0,0,LFP_25C_US06.csv,791,88.757384,gt65,600,9.552074753494267
LFP,US06,25.0,0,LFP_25C_US06.csv,791,88.757384,gt65,900,7.213860594238284
LFP,US06,25.0,0,LFP_25C_US06.csv,791,88.757384,gt65,1200,5.453061562347415
LFP,US06,25.0,0,LFP_25C_US06.csv,791,88.757384,gt65,1800,5.256925148925781
LFP,US06,25.0,0,LFP_25C_US06.csv,791,88.757384,gt65,2400,4.583847786575312
LFP,US06,25.0,0,LFP_25C_US06.csv,2094,70.45391,gt65,0,
LFP,US06,25.0,0,LFP_25C_US06.csv,2094,70.45391,gt65,30,
LFP,US06,25.0,0,LFP_25C_US06.csv,2094,70.45391,gt65,60,25.089254047355652
LFP,US06,25.0,0,LFP_25C_US06.csv,2094,70.45391,gt65,120,24.05924805759429
LFP,US06,25.0,0,LFP_25C_US06.csv,2094,70.45391,gt65,300,21.651738521919256
LFP,US06,25.0,0,LFP_25C_US06.csv,2094,70.45391,gt65,600,17.58657090232849
LFP,US06,25.0,0,LFP_25C_US06.csv,2094,70.45391,gt65,900,13.848686215789797
LFP,US06,25.0,0,LFP_25C_US06.csv,2094,70.45391,gt65,1200,11.28060075618744
LFP,US06,25.0,0,LFP_25C_US06.csv,2094,70.45391,gt65,1800,5.971286571922299
LFP,US06,25.0,0,LFP_25C_US06.csv,2094,70.45391,gt65,2400,2.2462245962982195
LFP,US06,25.0,0,LFP_25C_US06.csv,2820,59.89314999999999,35to65,0,
LFP,US06,25.0,0,LFP_25C_US06.csv,2820,59.89314999999999,35to65,30,
LFP,US06,25.0,0,LFP_25C_US06.csv,2820,59.89314999999999,35to65,60,17.374225225830074
LFP,US06,25.0,0,LFP_25C_US06.csv,2820,59.89314999999999,35to65,120,16.808696530151366
LFP,US06,25.0,0,LFP_25C_US06.csv,2820,59.89314999999999,35to65,300,14.84568349147797
LFP,US06,25.0,0,LFP_25C_US06.csv,2820,59.89314999999999,35to65,600,10.856735467147828
LFP,US06,25.0,0,LFP_25C_US06.csv,2820,59.89314999999999,35to65,900,8.228966794288631
LFP,US06,25.0,0,LFP_25C_US06.csv,2820,59.89314999999999,35to65,1200,5.305606078849792
LFP,US06,25.0,0,LFP_25C_US06.csv,2820,59.89314999999999,35to65,1800,1.8337121669769303
LFP,US06,25.0,0,LFP_25C_US06.csv,2820,59.89314999999999,35to65,2400,0.882377606086731
LFP,US06,25.0,0,LFP_25C_US06.csv,3118,56.96373,35to65,0,
LFP,US06,25.0,0,LFP_25C_US06.csv,3118,56.96373,35to65,30,
LFP,US06,25.0,0,LFP_25C_US06.csv,3118,56.96373,35to65,60,5.332763140869147
LFP,US06,25.0,0,LFP_25C_US06.csv,3118,56.96373,35to65,120,5.268969429512026
LFP,US06,25.0,0,LFP_25C_US06.csv,3118,56.96373,35to65,300,4.405521584358219
LFP,US06,25.0,0,LFP_25C_US06.csv,3118,56.96373,35to65,600,3.8777783184432977
LFP,US06,25.0,0,LFP_25C_US06.csv,3118,56.96373,35to65,900,2.5699441598434447
LFP,US06,25.0,0,LFP_25C_US06.csv,3118,56.96373,35to65,1200,2.170026367477419
LFP,US06,25.0,0,LFP_25C_US06.csv,3118,56.96373,35to65,1800,1.0489872185516305
LFP,US06,25.0,0,LFP_25C_US06.csv,3118,56.96373,35to65,2400,0.5888624402923597
LFP,US06,25.0,0,LFP_25C_US06.csv,4317,40.393691999999994,35to65,0,
LFP,US06,25.0,0,LFP_25C_US06.csv,4317,40.393691999999994,35to65,30,
LFP,US06,25.0,0,LFP_25C_US06.csv,4317,40.393691999999994,35to65,60,2.1781149011611944
LFP,US06,25.0,0,LFP_25C_US06.csv,4317,40.393691999999994,35to65,120,1.8394494432449306
LFP,US06,25.0,0,LFP_25C_US06.csv,4317,40.393691999999994,35to65,300,1.1017021877594004
LFP,US06,25.0,0,LFP_25C_US06.csv,4317,40.393691999999994,35to65,600,0.9750126558685324
LFP,US06,25.0,0,LFP_25C_US06.csv,4317,40.393691999999994,35to65,900,0.5405216974945048
LFP,US06,25.0,0,LFP_25C_US06.csv,4317,40.393691999999994,35to65,1200,0.4773048584327704
LFP,US06,25.0,0,LFP_25C_US06.csv,4317,40.393691999999994,35to65,1800,0.40522955107116765
LFP,US06,25.0,0,LFP_25C_US06.csv,4317,40.393691999999994,35to65,2400,0.23407793200874316
LFP,US06,25.0,0,LFP_25C_US06.csv,5241,26.55443,le35,0,
LFP,US06,25.0,0,LFP_25C_US06.csv,5241,26.55443,le35,30,
LFP,US06,25.0,0,LFP_25C_US06.csv,5241,26.55443,le35,60,5.389302286586762
LFP,US06,25.0,0,LFP_25C_US06.csv,5241,26.55443,le35,120,5.4948466747093185
LFP,US06,25.0,0,LFP_25C_US06.csv,5241,26.55443,le35,300,4.370996136058807
LFP,US06,25.0,0,LFP_25C_US06.csv,5241,26.55443,le35,600,2.430362553894046
LFP,US06,25.0,0,LFP_25C_US06.csv,5241,26.55443,le35,900,1.7196073105468752
LFP,US06,25.0,0,LFP_25C_US06.csv,5241,26.55443,le35,1200,0.2252986477947232
LFP,US06,25.0,0,LFP_25C_US06.csv,5241,26.55443,le35,1800,
LFP,US06,25.0,0,LFP_25C_US06.csv,5241,26.55443,le35,2400,
LFP,US06,25.0,0,LFP_25C_US06.csv,5617,21.956368,le35,0,
LFP,US06,25.0,0,LFP_25C_US06.csv,5617,21.956368,le35,30,
LFP,US06,25.0,0,LFP_25C_US06.csv,5617,21.956368,le35,60,6.9236736603279105
LFP,US06,25.0,0,LFP_25C_US06.csv,5617,21.956368,le35,120,6.233687526878356
LFP,US06,25.0,0,LFP_25C_US06.csv,5617,21.956368,le35,300,3.904080227207185
LFP,US06,25.0,0,LFP_25C_US06.csv,5617,21.956368,le35,600,2.5876649768428788
LFP,US06,25.0,0,LFP_25C_US06.csv,5617,21.956368,le35,900,1.1498168059768687
LFP,US06,25.0,0,LFP_25C_US06.csv,5617,21.956368,le35,1200,0.0535934856515885
LFP,US06,25.0,0,LFP_25C_US06.csv,5617,21.956368,le35,1800,
LFP,US06,25.0,0,LFP_25C_US06.csv,5617,21.956368,le35,2400,
LFP,US06,25.0,0,LFP_25C_US06.csv,6461,9.7949825,le35,0,
LFP,US06,25.0,0,LFP_25C_US06.csv,6461,9.7949825,le35,30,
LFP,US06,25.0,0,LFP_25C_US06.csv,6461,9.7949825,le35,60,3.5198170588331212
LFP,US06,25.0,0,LFP_25C_US06.csv,6461,9.7949825,le35,120,3.2355777700801855
LFP,US06,25.0,0,LFP_25C_US06.csv,6461,9.7949825,le35,300,1.4851497566661838
LFP,US06,25.0,0,LFP_25C_US06.csv,6461,9.7949825,le35,600,
LFP,US06,25.0,0,LFP_25C_US06.csv,6461,9.7949825,le35,900,
LFP,US06,25.0,0,LFP_25C_US06.csv,6461,9.7949825,le35,1200,
LFP,US06,25.0,0,LFP_25C_US06.csv,6461,9.7949825,le35,1800,
LFP,US06,25.0,0,LFP_25C_US06.csv,6461,9.7949825,le35,2400,
LFP,US06,25.0,1,LFP_25C_US06.csv,638,91.315585,gt65,0,
LFP,US06,25.0,1,LFP_25C_US06.csv,638,91.315585,gt65,30,
LFP,US06,25.0,1,LFP_25C_US06.csv,638,91.315585,gt65,60,13.926322363967898
LFP,US06,25.0,1,LFP_25C_US06.csv,638,91.315585,gt65,120,13.488567210159303
LFP,US06,25.0,1,LFP_25C_US06.csv,638,91.315585,gt65,300,11.403495504257194
LFP,US06,25.0,1,LFP_25C_US06.csv,638,91.315585,gt65,600,8.868403247756959
LFP,US06,25.0,1,LFP_25C_US06.csv,638,91.315585,gt65,900,5.979404371643071
LFP,US06,25.0,1,LFP_25C_US06.csv,638,91.315585,gt65,1200,4.646342493377688
LFP,US06,25.0,1,LFP_25C_US06.csv,638,91.315585,gt65,1800,4.06588339682007
LFP,US06,25.0,1,LFP_25C_US06.csv,638,91.315585,gt65,2400,3.6496524386138915
LFP,US06,25.0,1,LFP_25C_US06.csv,791,88.757384,gt65,0,
LFP,US06,25.0,1,LFP_25C_US06.csv,791,88.757384,gt65,30,
LFP,US06,25.0,1,LFP_25C_US06.csv,791,88.757384,gt65,60,16.683471715698232
LFP,US06,25.0,1,LFP_25C_US06.csv,791,88.757384,gt65,120,15.617876920318608
LFP,US06,25.0,1,LFP_25C_US06.csv,791,88.757384,gt65,300,13.068282598876962
LFP,US06,25.0,1,LFP_25C_US06.csv,791,88.757384,gt65,600,9.301067673416142
LFP,US06,25.0,1,LFP_25C_US06.csv,791,88.757384,gt65,900,6.664734922851565
LFP,US06,25.0,1,LFP_25C_US06.csv,791,88.757384,gt65,1200,5.088603001403811
LFP,US06,25.0,1,LFP_25C_US06.csv,791,88.757384,gt65,1800,4.84326891418457
LFP,US06,25.0,1,LFP_25C_US06.csv,791,88.757384,gt65,2400,4.168874289184565
LFP,US06,25.0,1,LFP_25C_US06.csv,2094,70.45391,gt65,0,
LFP,US06,25.0,1,LFP_25C_US06.csv,2094,70.45391,gt65,30,
LFP,US06,25.0,1,LFP_25C_US06.csv,2094,70.45391,gt65,60,24.990158345184327
LFP,US06,25.0,1,LFP_25C_US06.csv,2094,70.45391,gt65,120,23.888185707321156
LFP,US06,25.0,1,LFP_25C_US06.csv,2094,70.45391,gt65,300,21.20137476669312
LFP,US06,25.0,1,LFP_25C_US06.csv,2094,70.45391,gt65,600,17.75284401939392
LFP,US06,25.0,1,LFP_25C_US06.csv,2094,70.45391,gt65,900,13.560974595458987
LFP,US06,25.0,1,LFP_25C_US06.csv,2094,70.45391,gt65,1200,11.082617968101502
LFP,US06,25.0,1,LFP_25C_US06.csv,2094,70.45391,gt65,1800,5.997470892372128
LFP,US06,25.0,1,LFP_25C_US06.csv,2094,70.45391,gt65,2400,2.355912043846132
LFP,US06,25.0,1,LFP_25C_US06.csv,2820,59.89314999999999,35to65,0,
LFP,US06,25.0,1,LFP_25C_US06.csv,2820,59.89314999999999,35to65,30,
LFP,US06,25.0,1,LFP_25C_US06.csv,2820,59.89314999999999,35to65,60,17.0922356513977
LFP,US06,25.0,1,LFP_25C_US06.csv,2820,59.89314999999999,35to65,120,16.433157465744017
LFP,US06,25.0,1,LFP_25C_US06.csv,2820,59.89314999999999,35to65,300,14.627149021873478
LFP,US06,25.0,1,LFP_25C_US06.csv,2820,59.89314999999999,35to65,600,10.83381748123169
LFP,US06,25.0,1,LFP_25C_US06.csv,2820,59.89314999999999,35to65,900,8.061093292510982
LFP,US06,25.0,1,LFP_25C_US06.csv,2820,59.89314999999999,35to65,1200,5.338266443954467
LFP,US06,25.0,1,LFP_25C_US06.csv,2820,59.89314999999999,35to65,1800,2.0635595981597916
LFP,US06,25.0,1,LFP_25C_US06.csv,2820,59.89314999999999,35to65,2400,0.9383880907821656
LFP,US06,25.0,1,LFP_25C_US06.csv,3118,56.96373,35to65,0,
LFP,US06,25.0,1,LFP_25C_US06.csv,3118,56.96373,35to65,30,
LFP,US06,25.0,1,LFP_25C_US06.csv,3118,56.96373,35to65,60,5.472136681747443
LFP,US06,25.0,1,LFP_25C_US06.csv,3118,56.96373,35to65,120,5.335717690963747
LFP,US06,25.0,1,LFP_25C_US06.csv,3118,56.96373,35to65,300,4.541619850006107
LFP,US06,25.0,1,LFP_25C_US06.csv,3118,56.96373,35to65,600,3.717248108901977
LFP,US06,25.0,1,LFP_25C_US06.csv,3118,56.96373,35to65,900,2.7917926476974486
LFP,US06,25.0,1,LFP_25C_US06.csv,3118,56.96373,35to65,1200,2.009046142868044
LFP,US06,25.0,1,LFP_25C_US06.csv,3118,56.96373,35to65,1800,1.0245701758193917
LFP,US06,25.0,1,LFP_25C_US06.csv,3118,56.96373,35to65,2400,0.455589434806825
LFP,US06,25.0,1,LFP_25C_US06.csv,4317,40.393691999999994,35to65,0,
LFP,US06,25.0,1,LFP_25C_US06.csv,4317,40.393691999999994,35to65,30,
LFP,US06,25.0,1,LFP_25C_US06.csv,4317,40.393691999999994,35to65,60,1.8597188097000128
LFP,US06,25.0,1,LFP_25C_US06.csv,4317,40.393691999999994,35to65,120,1.7921591180801357
LFP,US06,25.0,1,LFP_25C_US06.csv,4317,40.393691999999994,35to65,300,1.0048565609283457
LFP,US06,25.0,1,LFP_25C_US06.csv,4317,40.393691999999994,35to65,600,0.8774189907455465
LFP,US06,25.0,1,LFP_25C_US06.csv,4317,40.393691999999994,35to65,900,0.6935953659744243
LFP,US06,25.0,1,LFP_25C_US06.csv,4317,40.393691999999994,35to65,1200,0.3459496323928839
LFP,US06,25.0,1,LFP_25C_US06.csv,4317,40.393691999999994,35to65,1800,0.24123482155227727
LFP,US06,25.0,1,LFP_25C_US06.csv,4317,40.393691999999994,35to65,2400,0.35483992255592334
LFP,US06,25.0,1,LFP_25C_US06.csv,5241,26.55443,le35,0,
LFP,US06,25.0,1,LFP_25C_US06.csv,5241,26.55443,le35,30,
LFP,US06,25.0,1,LFP_25C_US06.csv,5241,26.55443,le35,60,5.451027366600037
LFP,US06,25.0,1,LFP_25C_US06.csv,5241,26.55443,le35,120,5.348724397926329
LFP,US06,25.0,1,LFP_25C_US06.csv,5241,26.55443,le35,300,3.96185942350769
LFP,US06,25.0,1,LFP_25C_US06.csv,5241,26.55443,le35,600,2.1491582706565886
LFP,US06,25.0,1,LFP_25C_US06.csv,5241,26.55443,le35,900,1.4461695125236513
LFP,US06,25.0,1,LFP_25C_US06.csv,5241,26.55443,le35,1200,0.03023201695442168
LFP,US06,25.0,1,LFP_25C_US06.csv,5241,26.55443,le35,1800,
LFP,US06,25.0,1,LFP_25C_US06.csv,5241,26.55443,le35,2400,
LFP,US06,25.0,1,LFP_25C_US06.csv,5617,21.956368,le35,0,
LFP,US06,25.0,1,LFP_25C_US06.csv,5617,21.956368,le35,30,
LFP,US06,25.0,1,LFP_25C_US06.csv,5617,21.956368,le35,60,6.981607884933471
LFP,US06,25.0,1,LFP_25C_US06.csv,5617,21.956368,le35,120,6.014175541099547
LFP,US06,25.0,1,LFP_25C_US06.csv,5617,21.956368,le35,300,3.9492471369018567
LFP,US06,25.0,1,LFP_25C_US06.csv,5617,21.956368,le35,600,2.3494155259208664
LFP,US06,25.0,1,LFP_25C_US06.csv,5617,21.956368,le35,900,0.9254395910682689
LFP,US06,25.0,1,LFP_25C_US06.csv,5617,21.956368,le35,1200,0.1983754029851914
LFP,US06,25.0,1,LFP_25C_US06.csv,5617,21.956368,le35,1800,
LFP,US06,25.0,1,LFP_25C_US06.csv,5617,21.956368,le35,2400,
LFP,US06,25.0,1,LFP_25C_US06.csv,6461,9.7949825,le35,0,
LFP,US06,25.0,1,LFP_25C_US06.csv,6461,9.7949825,le35,30,
LFP,US06,25.0,1,LFP_25C_US06.csv,6461,9.7949825,le35,60,2.7805328265743245
LFP,US06,25.0,1,LFP_25C_US06.csv,6461,9.7949825,le35,120,2.639657609667397
LFP,US06,25.0,1,LFP_25C_US06.csv,6461,9.7949825,le35,300,1.5179256057701114
LFP,US06,25.0,1,LFP_25C_US06.csv,6461,9.7949825,le35,600,
LFP,US06,25.0,1,LFP_25C_US06.csv,6461,9.7949825,le35,900,
LFP,US06,25.0,1,LFP_25C_US06.csv,6461,9.7949825,le35,1200,
LFP,US06,25.0,1,LFP_25C_US06.csv,6461,9.7949825,le35,1800,
LFP,US06,25.0,1,LFP_25C_US06.csv,6461,9.7949825,le35,2400,
LFP,US06,25.0,2,LFP_25C_US06.csv,638,91.315585,gt65,0,
LFP,US06,25.0,2,LFP_25C_US06.csv,638,91.315585,gt65,30,
LFP,US06,25.0,2,LFP_25C_US06.csv,638,91.315585,gt65,60,13.301784896011355
LFP,US06,25.0,2,LFP_25C_US06.csv,638,91.315585,gt65,120,12.529921866378785
LFP,US06,25.0,2,LFP_25C_US06.csv,638,91.315585,gt65,300,10.842484666702262
LFP,US06,25.0,2,LFP_25C_US06.csv,638,91.315585,gt65,600,8.283461145324708
LFP,US06,25.0,2,LFP_25C_US06.csv,638,91.315585,gt65,900,5.395135801696782
LFP,US06,25.0,2,LFP_25C_US06.csv,638,91.315585,gt65,1200,3.918945289932253
LFP,US06,25.0,2,LFP_25C_US06.csv,638,91.315585,gt65,1800,3.9018692957916272
LFP,US06,25.0,2,LFP_25C_US06.csv,638,91.315585,gt65,2400,3.639573293182373
LFP,US06,25.0,2,LFP_25C_US06.csv,791,88.757384,gt65,0,
LFP,US06,25.0,2,LFP_25C_US06.csv,791,88.757384,gt65,30,
LFP,US06,25.0,2,LFP_25C_US06.csv,791,88.757384,gt65,60,15.77093056465148
LFP,US06,25.0,2,LFP_25C_US06.csv,791,88.757384,gt65,120,14.769935283279423
LFP,US06,25.0,2,LFP_25C_US06.csv,791,88.757384,gt65,300,12.243759626770029
LFP,US06,25.0,2,LFP_25C_US06.csv,791,88.757384,gt65,600,8.101285778732304
LFP,US06,25.0,2,LFP_25C_US06.csv,791,88.757384,gt65,900,6.063347898925784
LFP,US06,25.0,2,LFP_25C_US06.csv,791,88.757384,gt65,1200,4.545789461898806
LFP,US06,25.0,2,LFP_25C_US06.csv,791,88.757384,gt65,1800,4.858813805541992
LFP,US06,25.0,2,LFP_25C_US06.csv,791,88.757384,gt65,2400,4.013365770965571
LFP,US06,25.0,2,LFP_25C_US06.csv,2094,70.45391,gt65,0,
LFP,US06,25.0,2,LFP_25C_US06.csv,2094,70.45391,gt65,30,
LFP,US06,25.0,2,LFP_25C_US06.csv,2094,70.45391,gt65,60,24.76707902141571
LFP,US06,25.0,2,LFP_25C_US06.csv,2094,70.45391,gt65,120,23.618573037376393
LFP,US06,25.0,2,LFP_25C_US06.csv,2094,70.45391,gt65,300,20.7954432939148
LFP,US06,25.0,2,LFP_25C_US06.csv,2094,70.45391,gt65,600,17.459857388000486
LFP,US06,25.0,2,LFP_25C_US06.csv,2094,70.45391,gt65,900,13.355424997718814
LFP,US06,25.0,2,LFP_25C_US06.csv,2094,70.45391,gt65,1200,10.891293018836976
LFP,US06,25.0,2,LFP_25C_US06.csv,2094,70.45391,gt65,1800,5.701429522933957
LFP,US06,25.0,2,LFP_25C_US06.csv,2094,70.45391,gt65,2400,1.9109037659530657
LFP,US06,25.0,2,LFP_25C_US06.csv,2820,59.89314999999999,35to65,0,
LFP,US06,25.0,2,LFP_25C_US06.csv,2820,59.89314999999999,35to65,30,
LFP,US06,25.0,2,LFP_25C_US06.csv,2820,59.89314999999999,35to65,60,16.847171154403682
LFP,US06,25.0,2,LFP_25C_US06.csv,2820,59.89314999999999,35to65,120,16.45310714035034
LFP,US06,25.0,2,LFP_25C_US06.csv,2820,59.89314999999999,35to65,300,14.44459489608765
LFP,US06,25.0,2,LFP_25C_US06.csv,2820,59.89314999999999,35to65,600,10.617232083511354
LFP,US06,25.0,2,LFP_25C_US06.csv,2820,59.89314999999999,35to65,900,7.9930843928222615
LFP,US06,25.0,2,LFP_25C_US06.csv,2820,59.89314999999999,35to65,1200,5.069979977355956
LFP,US06,25.0,2,LFP_25C_US06.csv,2820,59.89314999999999,35to65,1800,1.5504023496627823
LFP,US06,25.0,2,LFP_25C_US06.csv,2820,59.89314999999999,35to65,2400,0.774388890914917
LFP,US06,25.0,2,LFP_25C_US06.csv,3118,56.96373,35to65,0,
LFP,US06,25.0,2,LFP_25C_US06.csv,3118,56.96373,35to65,30,
LFP,US06,25.0,2,LFP_25C_US06.csv,3118,56.96373,35to65,60,5.083657448959357
LFP,US06,25.0,2,LFP_25C_US06.csv,3118,56.96373,35to65,120,4.925697339553835
LFP,US06,25.0,2,LFP_25C_US06.csv,3118,56.96373,35to65,300,3.941004706230167
LFP,US06,25.0,2,LFP_25C_US06.csv,3118,56.96373,35to65,600,3.3868208198928826
LFP,US06,25.0,2,LFP_25C_US06.csv,3118,56.96373,35to65,900,2.3864125178833007
LFP,US06,25.0,2,LFP_25C_US06.csv,3118,56.96373,35to65,1200,1.8273711855926535
LFP,US06,25.0,2,LFP_25C_US06.csv,3118,56.96373,35to65,1800,0.6721457926559395
LFP,US06,25.0,2,LFP_25C_US06.csv,3118,56.96373,35to65,2400,0.11430664986801276
LFP,US06,25.0,2,LFP_25C_US06.csv,4317,40.393691999999994,35to65,0,
LFP,US06,25.0,2,LFP_25C_US06.csv,4317,40.393691999999994,35to65,30,
LFP,US06,25.0,2,LFP_25C_US06.csv,4317,40.393691999999994,35to65,60,1.489237199401856
LFP,US06,25.0,2,LFP_25C_US06.csv,4317,40.393691999999994,35to65,120,1.555606164360043
LFP,US06,25.0,2,LFP_25C_US06.csv,4317,40.393691999999994,35to65,300,0.7848498565979014
LFP,US06,25.0,2,LFP_25C_US06.csv,4317,40.393691999999994,35to65,600,0.6235181051635763
LFP,US06,25.0,2,LFP_25C_US06.csv,4317,40.393691999999994,35to65,900,0.4697799248428325
LFP,US06,25.0,2,LFP_25C_US06.csv,4317,40.393691999999994,35to65,1200,0.04316846774673522
LFP,US06,25.0,2,LFP_25C_US06.csv,4317,40.393691999999994,35to65,1800,0.19294611858749455
LFP,US06,25.0,2,LFP_25C_US06.csv,4317,40.393691999999994,35to65,2400,0.281269164451599
LFP,US06,25.0,2,LFP_25C_US06.csv,5241,26.55443,le35,0,
LFP,US06,25.0,2,LFP_25C_US06.csv,5241,26.55443,le35,30,
LFP,US06,25.0,2,LFP_25C_US06.csv,5241,26.55443,le35,60,5.039949032745362
LFP,US06,25.0,2,LFP_25C_US06.csv,5241,26.55443,le35,120,4.793183776645659
LFP,US06,25.0,2,LFP_25C_US06.csv,5241,26.55443,le35,300,3.77875395475769
LFP,US06,25.0,2,LFP_25C_US06.csv,5241,26.55443,le35,600,1.9165466740722685
LFP,US06,25.0,2,LFP_25C_US06.csv,5241,26.55443,le35,900,1.2196107676162722
LFP,US06,25.0,2,LFP_25C_US06.csv,5241,26.55443,le35,1200,0.05053600200653108
LFP,US06,25.0,2,LFP_25C_US06.csv,5241,26.55443,le35,1800,
LFP,US06,25.0,2,LFP_25C_US06.csv,5241,26.55443,le35,2400,
LFP,US06,25.0,2,LFP_25C_US06.csv,5617,21.956368,le35,0,
LFP,US06,25.0,2,LFP_25C_US06.csv,5617,21.956368,le35,30,
LFP,US06,25.0,2,LFP_25C_US06.csv,5617,21.956368,le35,60,6.315327794124602
LFP,US06,25.0,2,LFP_25C_US06.csv,5617,21.956368,le35,120,5.391697413619994
LFP,US06,25.0,2,LFP_25C_US06.csv,5617,21.956368,le35,300,3.452955022644044
LFP,US06,25.0,2,LFP_25C_US06.csv,5617,21.956368,le35,600,2.100661501415251
LFP,US06,25.0,2,LFP_25C_US06.csv,5617,21.956368,le35,900,1.1179886707248698
LFP,US06,25.0,2,LFP_25C_US06.csv,5617,21.956368,le35,1200,0.2377457609754563
LFP,US06,25.0,2,LFP_25C_US06.csv,5617,21.956368,le35,1800,
LFP,US06,25.0,2,LFP_25C_US06.csv,5617,21.956368,le35,2400,
LFP,US06,25.0,2,LFP_25C_US06.csv,6461,9.7949825,le35,0,
LFP,US06,25.0,2,LFP_25C_US06.csv,6461,9.7949825,le35,30,
LFP,US06,25.0,2,LFP_25C_US06.csv,6461,9.7949825,le35,60,2.7851760284023275
LFP,US06,25.0,2,LFP_25C_US06.csv,6461,9.7949825,le35,120,2.582701273765183
LFP,US06,25.0,2,LFP_25C_US06.csv,6461,9.7949825,le35,300,1.5626838511190417
LFP,US06,25.0,2,LFP_25C_US06.csv,6461,9.7949825,le35,600,
LFP,US06,25.0,2,LFP_25C_US06.csv,6461,9.7949825,le35,900,
LFP,US06,25.0,2,LFP_25C_US06.csv,6461,9.7949825,le35,1200,
LFP,US06,25.0,2,LFP_25C_US06.csv,6461,9.7949825,le35,1800,
LFP,US06,25.0,2,LFP_25C_US06.csv,6461,9.7949825,le35,2400,
LFP,US06,30.0,0,LFP_30C_US06.csv,107,98.268586,gt65,0,
LFP,US06,30.0,0,LFP_30C_US06.csv,107,98.268586,gt65,30,
LFP,US06,30.0,0,LFP_30C_US06.csv,107,98.268586,gt65,60,8.713769651870734
LFP,US06,30.0,0,LFP_30C_US06.csv,107,98.268586,gt65,120,6.981903690826414
LFP,US06,30.0,0,LFP_30C_US06.csv,107,98.268586,gt65,300,7.060420165634156
LFP,US06,30.0,0,LFP_30C_US06.csv,107,98.268586,gt65,600,9.960711471099856
LFP,US06,30.0,0,LFP_30C_US06.csv,107,98.268586,gt65,900,8.163613084014898
LFP,US06,30.0,0,LFP_30C_US06.csv,107,98.268586,gt65,1200,6.526889143829351
LFP,US06,30.0,0,LFP_30C_US06.csv,107,98.268586,gt65,1800,3.133374156646724
LFP,US06,30.0,0,LFP_30C_US06.csv,107,98.268586,gt65,2400,2.836424072952269
LFP,US06,30.0,0,LFP_30C_US06.csv,531,92.51842500000001,gt65,0,
LFP,US06,30.0,0,LFP_30C_US06.csv,531,92.51842500000001,gt65,30,
LFP,US06,30.0,0,LFP_30C_US06.csv,531,92.51842500000001,gt65,60,15.715777068634026
LFP,US06,30.0,0,LFP_30C_US06.csv,531,92.51842500000001,gt65,120,14.882145266647342
LFP,US06,30.0,0,LFP_30C_US06.csv,531,92.51842500000001,gt65,300,13.087106478729254
LFP,US06,30.0,0,LFP_30C_US06.csv,531,92.51842500000001,gt65,600,10.126900362747193
LFP,US06,30.0,0,LFP_30C_US06.csv,531,92.51842500000001,gt65,900,7.477420754547111
LFP,US06,30.0,0,LFP_30C_US06.csv,531,92.51842500000001,gt65,1200,5.280798177948
LFP,US06,30.0,0,LFP_30C_US06.csv,531,92.51842500000001,gt65,1800,4.118823688873292
LFP,US06,30.0,0,LFP_30C_US06.csv,531,92.51842500000001,gt65,2400,3.882538795150758
LFP,US06,30.0,0,LFP_30C_US06.csv,1542,78.01705,gt65,0,
LFP,US06,30.0,0,LFP_30C_US06.csv,1542,78.01705,gt65,30,
LFP,US06,30.0,0,LFP_30C_US06.csv,1542,78.01705,gt65,60,11.822432713912974
LFP,US06,30.0,0,LFP_30C_US06.csv,1542,78.01705,gt65,120,11.071610618499761
LFP,US06,30.0,0,LFP_30C_US06.csv,1542,78.01705,gt65,300,9.495753485870367
LFP,US06,30.0,0,LFP_30C_US06.csv,1542,78.01705,gt65,600,7.605573331146246
LFP,US06,30.0,0,LFP_30C_US06.csv,1542,78.01705,gt65,900,7.25784856916809
LFP,US06,30.0,0,LFP_30C_US06.csv,1542,78.01705,gt65,1200,6.677664807968142
LFP,US06,30.0,0,LFP_30C_US06.csv,1542,78.01705,gt65,1800,5.139517737922674
LFP,US06,30.0,0,LFP_30C_US06.csv,1542,78.01705,gt65,2400,3.404120661506653
LFP,US06,30.0,0,LFP_30C_US06.csv,2672,63.09681499999999,35to65,0,
LFP,US06,30.0,0,LFP_30C_US06.csv,2672,63.09681499999999,35to65,30,
LFP,US06,30.0,0,LFP_30C_US06.csv,2672,63.09681499999999,35to65,60,17.143967624778746
LFP,US06,30.0,0,LFP_30C_US06.csv,2672,63.09681499999999,35to65,120,16.15729613117218
LFP,US06,30.0,0,LFP_30C_US06.csv,2672,63.09681499999999,35to65,300,14.469191722373964
LFP,US06,30.0,0,LFP_30C_US06.csv,2672,63.09681499999999,35to65,600,11.117936103248596
LFP,US06,30.0,0,LFP_30C_US06.csv,2672,63.09681499999999,35to65,900,8.795237419281008
LFP,US06,30.0,0,LFP_30C_US06.csv,2672,63.09681499999999,35to65,1200,6.170687383544923
LFP,US06,30.0,0,LFP_30C_US06.csv,2672,63.09681499999999,35to65,1800,2.251984923477174
LFP,US06,30.0,0,LFP_30C_US06.csv,2672,63.09681499999999,35to65,2400,0.8960251166076674
LFP,US06,30.0,0,LFP_30C_US06.csv,3420,52.03491999999999,35to65,0,
LFP,US06,30.0,0,LFP_30C_US06.csv,3420,52.03491999999999,35to65,30,
LFP,US06,30.0,0,LFP_30C_US06.csv,3420,52.03491999999999,35to65,60,13.39201503890991
LFP,US06,30.0,0,LFP_30C_US06.csv,3420,52.03491999999999,35to65,120,13.039907729469306
LFP,US06,30.0,0,LFP_30C_US06.csv,3420,52.03491999999999,35to65,300,10.91279660454559
LFP,US06,30.0,0,LFP_30C_US06.csv,3420,52.03491999999999,35to65,600,7.013892878845212
LFP,US06,30.0,0,LFP_30C_US06.csv,3420,52.03491999999999,35to65,900,4.481133822288513
LFP,US06,30.0,0,LFP_30C_US06.csv,3420,52.03491999999999,35to65,1200,2.1301151417617774
LFP,US06,30.0,0,LFP_30C_US06.csv,3420,52.03491999999999,35to65,1800,0.9643108200988806
LFP,US06,30.0,0,LFP_30C_US06.csv,3420,52.03491999999999,35to65,2400,0.32052550361633436
LFP,US06,30.0,0,LFP_30C_US06.csv,3641,50.33783,35to65,0,
LFP,US06,30.0,0,LFP_30C_US06.csv,3641,50.33783,35to65,30,
LFP,US06,30.0,0,LFP_30C_US06.csv,3641,50.33783,35to65,60,4.274865806884762
LFP,US06,30.0,0,LFP_30C_US06.csv,3641,50.33783,35to65,120,3.547158961631773
LFP,US06,30.0,0,LFP_30C_US06.csv,3641,50.33783,35to65,300,2.8462832802581772
LFP,US06,30.0,0,LFP_30C_US06.csv,3641,50.33783,35to65,600,1.9103323521041915
LFP,US06,30.0,0,LFP_30C_US06.csv,3641,50.33783,35to65,900,1.2835200022659308
LFP,US06,30.0,0,LFP_30C_US06.csv,3641,50.33783,35to65,1200,0.6214078158111604
LFP,US06,30.0,0,LFP_30C_US06.csv,3641,50.33783,35to65,1800,0.16114755284118587
LFP,US06,30.0,0,LFP_30C_US06.csv,3641,50.33783,35to65,2400,0.06241173449325643
LFP,US06,30.0,0,LFP_30C_US06.csv,4920,32.70577,le35,0,
LFP,US06,30.0,0,LFP_30C_US06.csv,4920,32.70577,le35,30,
LFP,US06,30.0,0,LFP_30C_US06.csv,4920,32.70577,le35,60,3.4983488059997576
LFP,US06,30.0,0,LFP_30C_US06.csv,4920,32.70577,le35,120,2.8699551750335672
LFP,US06,30.0,0,LFP_30C_US06.csv,4920,32.70577,le35,300,2.3322751726150486
LFP,US06,30.0,0,LFP_30C_US06.csv,4920,32.70577,le35,600,1.2736688457412697
LFP,US06,30.0,0,LFP_30C_US06.csv,4920,32.70577,le35,900,0.6436632944564806
LFP,US06,30.0,0,LFP_30C_US06.csv,4920,32.70577,le35,1200,0.6470623676338185
LFP,US06,30.0,0,LFP_30C_US06.csv,4920,32.70577,le35,1800,0.25609503528404254
LFP,US06,30.0,0,LFP_30C_US06.csv,4920,32.70577,le35,2400,
LFP,US06,30.0,0,LFP_30C_US06.csv,6283,13.434921,le35,0,
LFP,US06,30.0,0,LFP_30C_US06.csv,6283,13.434921,le35,30,
LFP,US06,30.0,0,LFP_30C_US06.csv,6283,13.434921,le35,60,4.880240279342651
LFP,US06,30.0,0,LFP_30C_US06.csv,6283,13.434921,le35,120,4.0565969721775055
LFP,US06,30.0,0,LFP_30C_US06.csv,6283,13.434921,le35,300,2.850859877193452
LFP,US06,30.0,0,LFP_30C_US06.csv,6283,13.434921,le35,600,0.8202295680046081
LFP,US06,30.0,0,LFP_30C_US06.csv,6283,13.434921,le35,900,
LFP,US06,30.0,0,LFP_30C_US06.csv,6283,13.434921,le35,1200,
LFP,US06,30.0,0,LFP_30C_US06.csv,6283,13.434921,le35,1800,
LFP,US06,30.0,0,LFP_30C_US06.csv,6283,13.434921,le35,2400,
LFP,US06,30.0,0,LFP_30C_US06.csv,6860,5.6751437000000005,le35,0,
LFP,US06,30.0,0,LFP_30C_US06.csv,6860,5.6751437000000005,le35,30,
LFP,US06,30.0,0,LFP_30C_US06.csv,6860,5.6751437000000005,le35,60,0.7798060988906865
LFP,US06,30.0,0,LFP_30C_US06.csv,6860,5.6751437000000005,le35,120,0.4130335930228233
LFP,US06,30.0,0,LFP_30C_US06.csv,6860,5.6751437000000005,le35,300,
LFP,US06,30.0,0,LFP_30C_US06.csv,6860,5.6751437000000005,le35,600,
LFP,US06,30.0,0,LFP_30C_US06.csv,6860,5.6751437000000005,le35,900,
LFP,US06,30.0,0,LFP_30C_US06.csv,6860,5.6751437000000005,le35,1200,
LFP,US06,30.0,0,LFP_30C_US06.csv,6860,5.6751437000000005,le35,1800,
LFP,US06,30.0,0,LFP_30C_US06.csv,6860,5.6751437000000005,le35,2400,
LFP,US06,30.0,1,LFP_30C_US06.csv,107,98.268586,gt65,0,
LFP,US06,30.0,1,LFP_30C_US06.csv,107,98.268586,gt65,30,
LFP,US06,30.0,1,LFP_30C_US06.csv,107,98.268586,gt65,60,8.510338999252326
LFP,US06,30.0,1,LFP_30C_US06.csv,107,98.268586,gt65,120,7.452971119415281
LFP,US06,30.0,1,LFP_30C_US06.csv,107,98.268586,gt65,300,7.957487950897217
LFP,US06,30.0,1,LFP_30C_US06.csv,107,98.268586,gt65,600,9.901673070449831
LFP,US06,30.0,1,LFP_30C_US06.csv,107,98.268586,gt65,900,8.252656462844854
LFP,US06,30.0,1,LFP_30C_US06.csv,107,98.268586,gt65,1200,6.48256712997437
LFP,US06,30.0,1,LFP_30C_US06.csv,107,98.268586,gt65,1800,3.0286249539184524
LFP,US06,30.0,1,LFP_30C_US06.csv,107,98.268586,gt65,2400,2.601402958602904
LFP,US06,30.0,1,LFP_30C_US06.csv,531,92.51842500000001,gt65,0,
LFP,US06,30.0,1,LFP_30C_US06.csv,531,92.51842500000001,gt65,30,
LFP,US06,30.0,1,LFP_30C_US06.csv,531,92.51842500000001,gt65,60,15.284322886962883
LFP,US06,30.0,1,LFP_30C_US06.csv,531,92.51842500000001,gt65,120,15.042994361038211
LFP,US06,30.0,1,LFP_30C_US06.csv,531,92.51842500000001,gt65,300,12.964118254699713
LFP,US06,30.0,1,LFP_30C_US06.csv,531,92.51842500000001,gt65,600,9.895926403778077
LFP,US06,30.0,1,LFP_30C_US06.csv,531,92.51842500000001,gt65,900,7.286417670364372
LFP,US06,30.0,1,LFP_30C_US06.csv,531,92.51842500000001,gt65,1200,4.951816301574709
LFP,US06,30.0,1,LFP_30C_US06.csv,531,92.51842500000001,gt65,1800,3.6187884029235846
LFP,US06,30.0,1,LFP_30C_US06.csv,531,92.51842500000001,gt65,2400,3.4985120293273937
LFP,US06,30.0,1,LFP_30C_US06.csv,1542,78.01705,gt65,0,
LFP,US06,30.0,1,LFP_30C_US06.csv,1542,78.01705,gt65,30,
LFP,US06,30.0,1,LFP_30C_US06.csv,1542,78.01705,gt65,60,10.832626061843882
LFP,US06,30.0,1,LFP_30C_US06.csv,1542,78.01705,gt65,120,10.030949283508306
LFP,US06,30.0,1,LFP_30C_US06.csv,1542,78.01705,gt65,300,8.354247052383428
LFP,US06,30.0,1,LFP_30C_US06.csv,1542,78.01705,gt65,600,6.944003497390753
LFP,US06,30.0,1,LFP_30C_US06.csv,1542,78.01705,gt65,900,6.558876820816039
LFP,US06,30.0,1,LFP_30C_US06.csv,1542,78.01705,gt65,1200,6.2130704438018824
LFP,US06,30.0,1,LFP_30C_US06.csv,1542,78.01705,gt65,1800,4.965349985656744
LFP,US06,30.0,1,LFP_30C_US06.csv,1542,78.01705,gt65,2400,3.183720566520691
LFP,US06,30.0,1,LFP_30C_US06.csv,2672,63.09681499999999,35to65,0,
LFP,US06,30.0,1,LFP_30C_US06.csv,2672,63.09681499999999,35to65,30,
LFP,US06,30.0,1,LFP_30C_US06.csv,2672,63.09681499999999,35to65,60,16.52842747795105
LFP,US06,30.0,1,LFP_30C_US06.csv,2672,63.09681499999999,35to65,120,15.8705322246933
LFP,US06,30.0,1,LFP_30C_US06.csv,2672,63.09681499999999,35to65,300,14.083487085800172
LFP,US06,30.0,1,LFP_30C_US06.csv,2672,63.09681499999999,35to65,600,10.91168913116455
LFP,US06,30.0,1,LFP_30C_US06.csv,2672,63.09681499999999,35to65,900,8.175951120529177
LFP,US06,30.0,1,LFP_30C_US06.csv,2672,63.09681499999999,35to65,1200,5.864847010505677
LFP,US06,30.0,1,LFP_30C_US06.csv,2672,63.09681499999999,35to65,1800,2.009396999473573
LFP,US06,30.0,1,LFP_30C_US06.csv,2672,63.09681499999999,35to65,2400,0.8796994044036879
LFP,US06,30.0,1,LFP_30C_US06.csv,3420,52.03491999999999,35to65,0,
LFP,US06,30.0,1,LFP_30C_US06.csv,3420,52.03491999999999,35to65,30,
LFP,US06,30.0,1,LFP_30C_US06.csv,3420,52.03491999999999,35to65,60,12.834204970779417
LFP,US06,30.0,1,LFP_30C_US06.csv,3420,52.03491999999999,35to65,120,12.319868719421393
LFP,US06,30.0,1,LFP_30C_US06.csv,3420,52.03491999999999,35to65,300,10.571998107345578
LFP,US06,30.0,1,LFP_30C_US06.csv,3420,52.03491999999999,35to65,600,6.4666507142333955
LFP,US06,30.0,1,LFP_30C_US06.csv,3420,52.03491999999999,35to65,900,4.144558314170837
LFP,US06,30.0,1,LFP_30C_US06.csv,3420,52.03491999999999,35to65,1200,1.9116670988922095
LFP,US06,30.0,1,LFP_30C_US06.csv,3420,52.03491999999999,35to65,1800,0.7495642256698645
LFP,US06,30.0,1,LFP_30C_US06.csv,3420,52.03491999999999,35to65,2400,0.38332197711944715
LFP,US06,30.0,1,LFP_30C_US06.csv,3641,50.33783,35to65,0,
LFP,US06,30.0,1,LFP_30C_US06.csv,3641,50.33783,35to65,30,
LFP,US06,30.0,1,LFP_30C_US06.csv,3641,50.33783,35to65,60,3.9804546244811974
LFP,US06,30.0,1,LFP_30C_US06.csv,3641,50.33783,35to65,120,3.271669273712156
LFP,US06,30.0,1,LFP_30C_US06.csv,3641,50.33783,35to65,300,2.530339919929503
LFP,US06,30.0,1,LFP_30C_US06.csv,3641,50.33783,35to65,600,1.4397894443893478
LFP,US06,30.0,1,LFP_30C_US06.csv,3641,50.33783,35to65,900,0.6742234419784552
LFP,US06,30.0,1,LFP_30C_US06.csv,3641,50.33783,35to65,1200,0.44167000949097
LFP,US06,30.0,1,LFP_30C_US06.csv,3641,50.33783,35to65,1800,0.0667844594650262
LFP,US06,30.0,1,LFP_30C_US06.csv,3641,50.33783,35to65,2400,0.062650153072358
LFP,US06,30.0,1,LFP_30C_US06.csv,4920,32.70577,le35,0,
LFP,US06,30.0,1,LFP_30C_US06.csv,4920,32.70577,le35,30,
LFP,US06,30.0,1,LFP_30C_US06.csv,4920,32.70577,le35,60,3.215486023521425
LFP,US06,30.0,1,LFP_30C_US06.csv,4920,32.70577,le35,120,2.6517127681884745
LFP,US06,30.0,1,LFP_30C_US06.csv,4920,32.70577,le35,300,1.876329442405698
LFP,US06,30.0,1,LFP_30C_US06.csv,4920,32.70577,le35,600,0.9606312118453957
LFP,US06,30.0,1,LFP_30C_US06.csv,4920,32.70577,le35,900,0.6247194482307421
LFP,US06,30.0,1,LFP_30C_US06.csv,4920,32.70577,le35,1200,0.3824892704048146
LFP,US06,30.0,1,LFP_30C_US06.csv,4920,32.70577,le35,1800,0.05114297410774249
LFP,US06,30.0,1,LFP_30C_US06.csv,4920,32.70577,le35,2400,
LFP,US06,30.0,1,LFP_30C_US06.csv,6283,13.434921,le35,0,
LFP,US06,30.0,1,LFP_30C_US06.csv,6283,13.434921,le35,30,
LFP,US06,30.0,1,LFP_30C_US06.csv,6283,13.434921,le35,60,4.378223138954162
LFP,US06,30.0,1,LFP_30C_US06.csv,6283,13.434921,le35,120,3.6464581565361023
LFP,US06,30.0,1,LFP_30C_US06.csv,6283,13.434921,le35,300,2.4101528194789896
LFP,US06,30.0,1,LFP_30C_US06.csv,6283,13.434921,le35,600,0.4972390760183334
LFP,US06,30.0,1,LFP_30C_US06.csv,6283,13.434921,le35,900,
LFP,US06,30.0,1,LFP_30C_US06.csv,6283,13.434921,le35,1200,
LFP,US06,30.0,1,LFP_30C_US06.csv,6283,13.434921,le35,1800,
LFP,US06,30.0,1,LFP_30C_US06.csv,6283,13.434921,le35,2400,
LFP,US06,30.0,1,LFP_30C_US06.csv,6860,5.6751437000000005,le35,0,
LFP,US06,30.0,1,LFP_30C_US06.csv,6860,5.6751437000000005,le35,30,
LFP,US06,30.0,1,LFP_30C_US06.csv,6860,5.6751437000000005,le35,60,0.3615230535987859
LFP,US06,30.0,1,LFP_30C_US06.csv,6860,5.6751437000000005,le35,120,0.4418827187776566
LFP,US06,30.0,1,LFP_30C_US06.csv,6860,5.6751437000000005,le35,300,
LFP,US06,30.0,1,LFP_30C_US06.csv,6860,5.6751437000000005,le35,600,
LFP,US06,30.0,1,LFP_30C_US06.csv,6860,5.6751437000000005,le35,900,
LFP,US06,30.0,1,LFP_30C_US06.csv,6860,5.6751437000000005,le35,1200,
LFP,US06,30.0,1,LFP_30C_US06.csv,6860,5.6751437000000005,le35,1800,
LFP,US06,30.0,1,LFP_30C_US06.csv,6860,5.6751437000000005,le35,2400,
LFP,US06,30.0,2,LFP_30C_US06.csv,107,98.268586,gt65,0,
LFP,US06,30.0,2,LFP_30C_US06.csv,107,98.268586,gt65,30,
LFP,US06,30.0,2,LFP_30C_US06.csv,107,98.268586,gt65,60,8.31218335769654
LFP,US06,30.0,2,LFP_30C_US06.csv,107,98.268586,gt65,120,6.77228607608032
LFP,US06,30.0,2,LFP_30C_US06.csv,107,98.268586,gt65,300,7.226359496688843
LFP,US06,30.0,2,LFP_30C_US06.csv,107,98.268586,gt65,600,9.413308373947146
LFP,US06,30.0,2,LFP_30C_US06.csv,107,98.268586,gt65,900,7.765346768554693
LFP,US06,30.0,2,LFP_30C_US06.csv,107,98.268586,gt65,1200,6.136729060058599
LFP,US06,30.0,2,LFP_30C_US06.csv,107,98.268586,gt65,1800,2.3061212918090774
LFP,US06,30.0,2,LFP_30C_US06.csv,107,98.268586,gt65,2400,2.7077138030242907
LFP,US06,30.0,2,LFP_30C_US06.csv,531,92.51842500000001,gt65,0,
LFP,US06,30.0,2,LFP_30C_US06.csv,531,92.51842500000001,gt65,30,
LFP,US06,30.0,2,LFP_30C_US06.csv,531,92.51842500000001,gt65,60,14.386706738967888
LFP,US06,30.0,2,LFP_30C_US06.csv,531,92.51842500000001,gt65,120,13.989237885589603
LFP,US06,30.0,2,LFP_30C_US06.csv,531,92.51842500000001,gt65,300,11.951810849227911
LFP,US06,30.0,2,LFP_30C_US06.csv,531,92.51842500000001,gt65,600,9.271090912597657
LFP,US06,30.0,2,LFP_30C_US06.csv,531,92.51842500000001,gt65,900,6.2471212817382735
LFP,US06,30.0,2,LFP_30C_US06.csv,531,92.51842500000001,gt65,1200,4.2992467691803
LFP,US06,30.0,2,LFP_30C_US06.csv,531,92.51842500000001,gt65,1800,3.672510069259644
LFP,US06,30.0,2,LFP_30C_US06.csv,531,92.51842500000001,gt65,2400,3.577893495239259
LFP,US06,30.0,2,LFP_30C_US06.csv,1542,78.01705,gt65,0,
LFP,US06,30.0,2,LFP_30C_US06.csv,1542,78.01705,gt65,30,
LFP,US06,30.0,2,LFP_30C_US06.csv,1542,78.01705,gt65,60,10.106885867523204
LFP,US06,30.0,2,LFP_30C_US06.csv,1542,78.01705,gt65,120,9.253698755172735
LFP,US06,30.0,2,LFP_30C_US06.csv,1542,78.01705,gt65,300,7.380593259048467
LFP,US06,30.0,2,LFP_30C_US06.csv,1542,78.01705,gt65,600,6.606170331268316
LFP,US06,30.0,2,LFP_30C_US06.csv,1542,78.01705,gt65,900,6.450193711532592
LFP,US06,30.0,2,LFP_30C_US06.csv,1542,78.01705,gt65,1200,6.357426932983401
LFP,US06,30.0,2,LFP_30C_US06.csv,1542,78.01705,gt65,1800,4.892864777145391
LFP,US06,30.0,2,LFP_30C_US06.csv,1542,78.01705,gt65,2400,3.5411547200775146
LFP,US06,30.0,2,LFP_30C_US06.csv,2672,63.09681499999999,35to65,0,
LFP,US06,30.0,2,LFP_30C_US06.csv,2672,63.09681499999999,35to65,30,
LFP,US06,30.0,2,LFP_30C_US06.csv,2672,63.09681499999999,35to65,60,16.437879081840514
LFP,US06,30.0,2,LFP_30C_US06.csv,2672,63.09681499999999,35to65,120,15.663629601516725
LFP,US06,30.0,2,LFP_30C_US06.csv,2672,63.09681499999999,35to65,300,14.161768846015931
LFP,US06,30.0,2,LFP_30C_US06.csv,2672,63.09681499999999,35to65,600,10.902724592590332
LFP,US06,30.0,2,LFP_30C_US06.csv,2672,63.09681499999999,35to65,900,8.419933793220522
LFP,US06,30.0,2,LFP_30C_US06.csv,2672,63.09681499999999,35to65,1200,6.151587075126649
LFP,US06,30.0,2,LFP_30C_US06.csv,2672,63.09681499999999,35to65,1800,2.0253501826477063
LFP,US06,30.0,2,LFP_30C_US06.csv,2672,63.09681499999999,35to65,2400,0.9441648079605116
LFP,US06,30.0,2,LFP_30C_US06.csv,3420,52.03491999999999,35to65,0,
LFP,US06,30.0,2,LFP_30C_US06.csv,3420,52.03491999999999,35to65,30,
LFP,US06,30.0,2,LFP_30C_US06.csv,3420,52.03491999999999,35to65,60,13.297040997924803
LFP,US06,30.0,2,LFP_30C_US06.csv,3420,52.03491999999999,35to65,120,12.888145363174445
LFP,US06,30.0,2,LFP_30C_US06.csv,3420,52.03491999999999,35to65,300,10.848071920783994
LFP,US06,30.0,2,LFP_30C_US06.csv,3420,52.03491999999999,35to65,600,6.642442693069455
LFP,US06,30.0,2,LFP_30C_US06.csv,3420,52.03491999999999,35to65,900,4.371476177062988
LFP,US06,30.0,2,LFP_30C_US06.csv,3420,52.03491999999999,35to65,1200,1.802742590797422
LFP,US06,30.0,2,LFP_30C_US06.csv,3420,52.03491999999999,35to65,1800,0.9193480563125647
LFP,US06,30.0,2,LFP_30C_US06.csv,3420,52.03491999999999,35to65,2400,0.45676085994720594
LFP,US06,30.0,2,LFP_30C_US06.csv,3641,50.33783,35to65,0,
LFP,US06,30.0,2,LFP_30C_US06.csv,3641,50.33783,35to65,30,
LFP,US06,30.0,2,LFP_30C_US06.csv,3641,50.33783,35to65,60,3.798943579978939
LFP,US06,30.0,2,LFP_30C_US06.csv,3641,50.33783,35to65,120,3.2344253114242534
LFP,US06,30.0,2,LFP_30C_US06.csv,3641,50.33783,35to65,300,2.9190665119934067
LFP,US06,30.0,2,LFP_30C_US06.csv,3641,50.33783,35to65,600,1.6440486015701339
LFP,US06,30.0,2,LFP_30C_US06.csv,3641,50.33783,35to65,900,0.8609290312728888
LFP,US06,30.0,2,LFP_30C_US06.csv,3641,50.33783,35to65,1200,0.2271379917831453
LFP,US06,30.0,2,LFP_30C_US06.csv,3641,50.33783,35to65,1800,0.029298227912903485
LFP,US06,30.0,2,LFP_30C_US06.csv,3641,50.33783,35to65,2400,0.037557175724028724
LFP,US06,30.0,2,LFP_30C_US06.csv,4920,32.70577,le35,0,
LFP,US06,30.0,2,LFP_30C_US06.csv,4920,32.70577,le35,30,
LFP,US06,30.0,2,LFP_30C_US06.csv,4920,32.70577,le35,60,2.628103110885622
LFP,US06,30.0,2,LFP_30C_US06.csv,4920,32.70577,le35,120,2.4330322672042826
LFP,US06,30.0,2,LFP_30C_US06.csv,4920,32.70577,le35,300,1.9938787425994846
LFP,US06,30.0,2,LFP_30C_US06.csv,4920,32.70577,le35,600,0.9904603563232399
LFP,US06,30.0,2,LFP_30C_US06.csv,4920,32.70577,le35,900,0.669054873130797
LFP,US06,30.0,2,LFP_30C_US06.csv,4920,32.70577,le35,1200,0.46703547878646745
LFP,US06,30.0,2,LFP_30C_US06.csv,4920,32.70577,le35,1800,0.18300185939598101
LFP,US06,30.0,2,LFP_30C_US06.csv,4920,32.70577,le35,2400,
LFP,US06,30.0,2,LFP_30C_US06.csv,6283,13.434921,le35,0,
LFP,US06,30.0,2,LFP_30C_US06.csv,6283,13.434921,le35,30,
LFP,US06,30.0,2,LFP_30C_US06.csv,6283,13.434921,le35,60,4.496385621931076
LFP,US06,30.0,2,LFP_30C_US06.csv,6283,13.434921,le35,120,3.6612922625045776
LFP,US06,30.0,2,LFP_30C_US06.csv,6283,13.434921,le35,300,2.6715720859413157
LFP,US06,30.0,2,LFP_30C_US06.csv,6283,13.434921,le35,600,0.52577889752388
LFP,US06,30.0,2,LFP_30C_US06.csv,6283,13.434921,le35,900,
LFP,US06,30.0,2,LFP_30C_US06.csv,6283,13.434921,le35,1200,
LFP,US06,30.0,2,LFP_30C_US06.csv,6283,13.434921,le35,1800,
LFP,US06,30.0,2,LFP_30C_US06.csv,6283,13.434921,le35,2400,
LFP,US06,30.0,2,LFP_30C_US06.csv,6860,5.6751437000000005,le35,0,
LFP,US06,30.0,2,LFP_30C_US06.csv,6860,5.6751437000000005,le35,30,
LFP,US06,30.0,2,LFP_30C_US06.csv,6860,5.6751437000000005,le35,60,0.10285636131725262
LFP,US06,30.0,2,LFP_30C_US06.csv,6860,5.6751437000000005,le35,120,0.007701624608039914
LFP,US06,30.0,2,LFP_30C_US06.csv,6860,5.6751437000000005,le35,300,
LFP,US06,30.0,2,LFP_30C_US06.csv,6860,5.6751437000000005,le35,600,
LFP,US06,30.0,2,LFP_30C_US06.csv,6860,5.6751437000000005,le35,900,
LFP,US06,30.0,2,LFP_30C_US06.csv,6860,5.6751437000000005,le35,1200,
LFP,US06,30.0,2,LFP_30C_US06.csv,6860,5.6751437000000005,le35,1800,
LFP,US06,30.0,2,LFP_30C_US06.csv,6860,5.6751437000000005,le35,2400,
LFP,US06,40.0,0,LFP_40C_US06.csv,539,92.44676,gt65,0,
LFP,US06,40.0,0,LFP_40C_US06.csv,539,92.44676,gt65,30,
LFP,US06,40.0,0,LFP_40C_US06.csv,539,92.44676,gt65,60,16.71581815971375
LFP,US06,40.0,0,LFP_40C_US06.csv,539,92.44676,gt65,120,16.03174803211975
LFP,US06,40.0,0,LFP_40C_US06.csv,539,92.44676,gt65,300,13.872766794204722
LFP,US06,40.0,0,LFP_40C_US06.csv,539,92.44676,gt65,600,10.833407958526607
LFP,US06,40.0,0,LFP_40C_US06.csv,539,92.44676,gt65,900,7.824087270675662
LFP,US06,40.0,0,LFP_40C_US06.csv,539,92.44676,gt65,1200,5.2913305412445055
LFP,US06,40.0,0,LFP_40C_US06.csv,539,92.44676,gt65,1800,3.8005291124572693
LFP,US06,40.0,0,LFP_40C_US06.csv,539,92.44676,gt65,2400,3.80411727830505
LFP,US06,40.0,0,LFP_40C_US06.csv,1194,83.67715,gt65,0,
LFP,US06,40.0,0,LFP_40C_US06.csv,1194,83.67715,gt65,30,
LFP,US06,40.0,0,LFP_40C_US06.csv,1194,83.67715,gt65,60,10.331409873672484
LFP,US06,40.0,0,LFP_40C_US06.csv,1194,83.67715,gt65,120,9.739929381240842
LFP,US06,40.0,0,LFP_40C_US06.csv,1194,83.67715,gt65,300,8.214204251937858
LFP,US06,40.0,0,LFP_40C_US06.csv,1194,83.67715,gt65,600,5.363120065078732
LFP,US06,40.0,0,LFP_40C_US06.csv,1194,83.67715,gt65,900,4.748432698974611
LFP,US06,40.0,0,LFP_40C_US06.csv,1194,83.67715,gt65,1200,4.361243377304078
LFP,US06,40.0,0,LFP_40C_US06.csv,1194,83.67715,gt65,1800,4.124299842681886
LFP,US06,40.0,0,LFP_40C_US06.csv,1194,83.67715,gt65,2400,3.151574914802545
LFP,US06,40.0,0,LFP_40C_US06.csv,2034,71.953547,gt65,0,
LFP,US06,40.0,0,LFP_40C_US06.csv,2034,71.953547,gt65,30,
LFP,US06,40.0,0,LFP_40C_US06.csv,2034,71.953547,gt65,60,18.22649287773133
LFP,US06,40.0,0,LFP_40C_US06.csv,2034,71.953547,gt65,120,16.709214139083855
LFP,US06,40.0,0,LFP_40C_US06.csv,2034,71.953547,gt65,300,15.137863559509285
LFP,US06,40.0,0,LFP_40C_US06.csv,2034,71.953547,gt65,600,12.89505245056153
LFP,US06,40.0,0,LFP_40C_US06.csv,2034,71.953547,gt65,900,10.514437887405393
LFP,US06,40.0,0,LFP_40C_US06.csv,2034,71.953547,gt65,1200,8.708700203559872
LFP,US06,40.0,0,LFP_40C_US06.csv,2034,71.953547,gt65,1800,5.147993113479615
LFP,US06,40.0,0,LFP_40C_US06.csv,2034,71.953547,gt65,2400,1.9572373577880882
LFP,US06,40.0,0,LFP_40C_US06.csv,2705,62.604696000000004,35to65,0,
LFP,US06,40.0,0,LFP_40C_US06.csv,2705,62.604696000000004,35to65,30,
LFP,US06,40.0,0,LFP_40C_US06.csv,2705,62.604696000000004,35to65,60,21.82297395684052
LFP,US06,40.0,0,LFP_40C_US06.csv,2705,62.604696000000004,35to65,120,20.50738876834869
LFP,US06,40.0,0,LFP_40C_US06.csv,2705,62.604696000000004,35to65,300,18.174021539382935
LFP,US06,40.0,0,LFP_40C_US06.csv,2705,62.604696000000004,35to65,600,14.027726458251955
LFP,US06,40.0,0,LFP_40C_US06.csv,2705,62.604696000000004,35to65,900,10.286504451370234
LFP,US06,40.0,0,LFP_40C_US06.csv,2705,62.604696000000004,35to65,1200,7.371002269363402
LFP,US06,40.0,0,LFP_40C_US06.csv,2705,62.604696000000004,35to65,1800,2.129119445861818
LFP,US06,40.0,0,LFP_40C_US06.csv,2705,62.604696000000004,35to65,2400,0.5636934890823326
LFP,US06,40.0,0,LFP_40C_US06.csv,3526,51.83492,35to65,0,
LFP,US06,40.0,0,LFP_40C_US06.csv,3526,51.83492,35to65,30,
LFP,US06,40.0,0,LFP_40C_US06.csv,3526,51.83492,35to65,60,5.766047637557982
LFP,US06,40.0,0,LFP_40C_US06.csv,3526,51.83492,35to65,120,5.274831242980959
LFP,US06,40.0,0,LFP_40C_US06.csv,3526,51.83492,35to65,300,3.836841668357849
LFP,US06,40.0,0,LFP_40C_US06.csv,3526,51.83492,35to65,600,2.4836366021652267
LFP,US06,40.0,0,LFP_40C_US06.csv,3526,51.83492,35to65,900,1.4918389269561771
LFP,US06,40.0,0,LFP_40C_US06.csv,3526,51.83492,35to65,1200,0.078328117294312
LFP,US06,40.0,0,LFP_40C_US06.csv,3526,51.83492,35to65,1800,0.24705559930419696
LFP,US06,40.0,0,LFP_40C_US06.csv,3526,51.83492,35to65,2400,0.2634366303825395
LFP,US06,40.0,0,LFP_40C_US06.csv,4508,38.077995,35to65,0,
LFP,US06,40.0,0,LFP_40C_US06.csv,4508,38.077995,35to65,30,
LFP,US06,40.0,0,LFP_40C_US06.csv,4508,38.077995,35to65,60,7.4985608040237395
LFP,US06,40.0,0,LFP_40C_US06.csv,4508,38.077995,35to65,120,6.287064133529661
LFP,US06,40.0,0,LFP_40C_US06.csv,4508,38.077995,35to65,300,4.323364612388609
LFP,US06,40.0,0,LFP_40C_US06.csv,4508,38.077995,35to65,600,3.112170250305173
LFP,US06,40.0,0,LFP_40C_US06.csv,4508,38.077995,35to65,900,1.4004743651580824
LFP,US06,40.0,0,LFP_40C_US06.csv,4508,38.077995,35to65,1200,1.1340381619758624
LFP,US06,40.0,0,LFP_40C_US06.csv,4508,38.077995,35to65,1800,0.29903957958221383
LFP,US06,40.0,0,LFP_40C_US06.csv,4508,38.077995,35to65,2400,0.039860620755386655
LFP,US06,40.0,0,LFP_40C_US06.csv,4982,32.012868,le35,0,
LFP,US06,40.0,0,LFP_40C_US06.csv,4982,32.012868,le35,30,
LFP,US06,40.0,0,LFP_40C_US06.csv,4982,32.012868,le35,60,7.331290770397185
LFP,US06,40.0,0,LFP_40C_US06.csv,4982,32.012868,le35,120,6.149868847034455
LFP,US06,40.0,0,LFP_40C_US06.csv,4982,32.012868,le35,300,4.1200767133140594
LFP,US06,40.0,0,LFP_40C_US06.csv,4982,32.012868,le35,600,2.744406034934997
LFP,US06,40.0,0,LFP_40C_US06.csv,4982,32.012868,le35,900,1.0872576252212518
LFP,US06,40.0,0,LFP_40C_US06.csv,4982,32.012868,le35,1200,0.9206280195083636
LFP,US06,40.0,0,LFP_40C_US06.csv,4982,32.012868,le35,1800,0.4321728379173271
LFP,US06,40.0,0,LFP_40C_US06.csv,4982,32.012868,le35,2400,
LFP,US06,40.0,0,LFP_40C_US06.csv,5592,23.602776,le35,0,
LFP,US06,40.0,0,LFP_40C_US06.csv,5592,23.602776,le35,30,
LFP,US06,40.0,0,LFP_40C_US06.csv,5592,23.602776,le35,60,6.002651319610596
LFP,US06,40.0,0,LFP_40C_US06.csv,5592,23.602776,le35,120,5.798493356479646
LFP,US06,40.0,0,LFP_40C_US06.csv,5592,23.602776,le35,300,3.3102124351882907
LFP,US06,40.0,0,LFP_40C_US06.csv,5592,23.602776,le35,600,2.097355242141724
LFP,US06,40.0,0,LFP_40C_US06.csv,5592,23.602776,le35,900,0.6453357687683106
LFP,US06,40.0,0,LFP_40C_US06.csv,5592,23.602776,le35,1200,0.36295061177406307
LFP,US06,40.0,0,LFP_40C_US06.csv,5592,23.602776,le35,1800,
LFP,US06,40.0,0,LFP_40C_US06.csv,5592,23.602776,le35,2400,
LFP,US06,40.0,0,LFP_40C_US06.csv,6568,10.3015065,le35,0,
LFP,US06,40.0,0,LFP_40C_US06.csv,6568,10.3015065,le35,30,
LFP,US06,40.0,0,LFP_40C_US06.csv,6568,10.3015065,le35,60,3.510012627994536
LFP,US06,40.0,0,LFP_40C_US06.csv,6568,10.3015065,le35,120,3.172030377632142
LFP,US06,40.0,0,LFP_40C_US06.csv,6568,10.3015065,le35,300,1.9811297420215608
LFP,US06,40.0,0,LFP_40C_US06.csv,6568,10.3015065,le35,600,
LFP,US06,40.0,0,LFP_40C_US06.csv,6568,10.3015065,le35,900,
LFP,US06,40.0,0,LFP_40C_US06.csv,6568,10.3015065,le35,1200,
LFP,US06,40.0,0,LFP_40C_US06.csv,6568,10.3015065,le35,1800,
LFP,US06,40.0,0,LFP_40C_US06.csv,6568,10.3015065,le35,2400,
LFP,US06,40.0,1,LFP_40C_US06.csv,539,92.44676,gt65,0,
LFP,US06,40.0,1,LFP_40C_US06.csv,539,92.44676,gt65,30,
LFP,US06,40.0,1,LFP_40C_US06.csv,539,92.44676,gt65,60,16.32492493881226
LFP,US06,40.0,1,LFP_40C_US06.csv,539,92.44676,gt65,120,15.76358077481079
LFP,US06,40.0,1,LFP_40C_US06.csv,539,92.44676,gt65,300,13.685202898025523
LFP,US06,40.0,1,LFP_40C_US06.csv,539,92.44676,gt65,600,10.557563622970576
LFP,US06,40.0,1,LFP_40C_US06.csv,539,92.44676,gt65,900,7.531553634582522
LFP,US06,40.0,1,LFP_40C_US06.csv,539,92.44676,gt65,1200,4.900842631927489
LFP,US06,40.0,1,LFP_40C_US06.csv,539,92.44676,gt65,1800,3.3543764253845154
LFP,US06,40.0,1,LFP_40C_US06.csv,539,92.44676,gt65,2400,3.214520053115841
LFP,US06,40.0,1,LFP_40C_US06.csv,1194,83.67715,gt65,0,
LFP,US06,40.0,1,LFP_40C_US06.csv,1194,83.67715,gt65,30,
LFP,US06,40.0,1,LFP_40C_US06.csv,1194,83.67715,gt65,60,10.006349982925414
LFP,US06,40.0,1,LFP_40C_US06.csv,1194,83.67715,gt65,120,9.349220934738156
LFP,US06,40.0,1,LFP_40C_US06.csv,1194,83.67715,gt65,300,7.559357822113029
LFP,US06,40.0,1,LFP_40C_US06.csv,1194,83.67715,gt65,600,4.801179395065304
LFP,US06,40.0,1,LFP_40C_US06.csv,1194,83.67715,gt65,900,3.9734471471405044
LFP,US06,40.0,1,LFP_40C_US06.csv,1194,83.67715,gt65,1200,3.7566913467407232
LFP,US06,40.0,1,LFP_40C_US06.csv,1194,83.67715,gt65,1800,3.5600524729156504
LFP,US06,40.0,1,LFP_40C_US06.csv,1194,83.67715,gt65,2400,2.898639624465936
LFP,US06,40.0,1,LFP_40C_US06.csv,2034,71.953547,gt65,0,
LFP,US06,40.0,1,LFP_40C_US06.csv,2034,71.953547,gt65,30,
LFP,US06,40.0,1,LFP_40C_US06.csv,2034,71.953547,gt65,60,17.066717620620736
LFP,US06,40.0,1,LFP_40C_US06.csv,2034,71.953547,gt65,120,15.793865609268181
LFP,US06,40.0,1,LFP_40C_US06.csv,2034,71.953547,gt65,300,14.16521112420655
LFP,US06,40.0,1,LFP_40C_US06.csv,2034,71.953547,gt65,600,12.254260795974737
LFP,US06,40.0,1,LFP_40C_US06.csv,2034,71.953547,gt65,900,10.072925421928403
LFP,US06,40.0,1,LFP_40C_US06.csv,2034,71.953547,gt65,1200,8.312958144805904
LFP,US06,40.0,1,LFP_40C_US06.csv,2034,71.953547,gt65,1800,4.834118034324646
LFP,US06,40.0,1,LFP_40C_US06.csv,2034,71.953547,gt65,2400,1.384439701728823
LFP,US06,40.0,1,LFP_40C_US06.csv,2705,62.604696000000004,35to65,0,
LFP,US06,40.0,1,LFP_40C_US06.csv,2705,62.604696000000004,35to65,30,
LFP,US06,40.0,1,LFP_40C_US06.csv,2705,62.604696000000004,35to65,60,20.649611820953375
LFP,US06,40.0,1,LFP_40C_US06.csv,2705,62.604696000000004,35to65,120,19.474145231399532
LFP,US06,40.0,1,LFP_40C_US06.csv,2705,62.604696000000004,35to65,300,16.780533489875793
LFP,US06,40.0,1,LFP_40C_US06.csv,2705,62.604696000000004,35to65,600,13.074075983703615
LFP,US06,40.0,1,LFP_40C_US06.csv,2705,62.604696000000004,35to65,900,9.099361721611018
LFP,US06,40.0,1,LFP_40C_US06.csv,2705,62.604696000000004,35to65,1200,6.550827456092833
LFP,US06,40.0,1,LFP_40C_US06.csv,2705,62.604696000000004,35to65,1800,1.5480278034820572
LFP,US06,40.0,1,LFP_40C_US06.csv,2705,62.604696000000004,35to65,2400,0.22293373490142443
LFP,US06,40.0,1,LFP_40C_US06.csv,3526,51.83492,35to65,0,
LFP,US06,40.0,1,LFP_40C_US06.csv,3526,51.83492,35to65,30,
LFP,US06,40.0,1,LFP_40C_US06.csv,3526,51.83492,35to65,60,4.667140643692015
LFP,US06,40.0,1,LFP_40C_US06.csv,3526,51.83492,35to65,120,4.536267109336855
LFP,US06,40.0,1,LFP_40C_US06.csv,3526,51.83492,35to65,300,3.531367863883972
LFP,US06,40.0,1,LFP_40C_US06.csv,3526,51.83492,35to65,600,1.9350950562973068
LFP,US06,40.0,1,LFP_40C_US06.csv,3526,51.83492,35to65,900,1.0946305939407353
LFP,US06,40.0,1,LFP_40C_US06.csv,3526,51.83492,35to65,1200,0.11498497383117723
LFP,US06,40.0,1,LFP_40C_US06.csv,3526,51.83492,35to65,1800,0.3234836550674416
LFP,US06,40.0,1,LFP_40C_US06.csv,3526,51.83492,35to65,2400,0.40314842761993575
LFP,US06,40.0,1,LFP_40C_US06.csv,4508,38.077995,35to65,0,
LFP,US06,40.0,1,LFP_40C_US06.csv,4508,38.077995,35to65,30,
LFP,US06,40.0,1,LFP_40C_US06.csv,4508,38.077995,35to65,60,6.246529477729794
LFP,US06,40.0,1,LFP_40C_US06.csv,4508,38.077995,35to65,120,5.5436839445877055
LFP,US06,40.0,1,LFP_40C_US06.csv,4508,38.077995,35to65,300,3.6477817266464214
LFP,US06,40.0,1,LFP_40C_US06.csv,4508,38.077995,35to65,600,2.198904902824399
LFP,US06,40.0,1,LFP_40C_US06.csv,4508,38.077995,35to65,900,1.0568357066345229
LFP,US06,40.0,1,LFP_40C_US06.csv,4508,38.077995,35to65,1200,0.6425576326675433
LFP,US06,40.0,1,LFP_40C_US06.csv,4508,38.077995,35to65,1800,0.17749229784011789
LFP,US06,40.0,1,LFP_40C_US06.csv,4508,38.077995,35to65,2400,0.06055308912353485
LFP,US06,40.0,1,LFP_40C_US06.csv,4982,32.012868,le35,0,
LFP,US06,40.0,1,LFP_40C_US06.csv,4982,32.012868,le35,30,
LFP,US06,40.0,1,LFP_40C_US06.csv,4982,32.012868,le35,60,6.349611211643218
LFP,US06,40.0,1,LFP_40C_US06.csv,4982,32.012868,le35,120,5.335503996513367
LFP,US06,40.0,1,LFP_40C_US06.csv,4982,32.012868,le35,300,3.2787914249801666
LFP,US06,40.0,1,LFP_40C_US06.csv,4982,32.012868,le35,600,1.949350109088897
LFP,US06,40.0,1,LFP_40C_US06.csv,4982,32.012868,le35,900,0.7386389986267083
LFP,US06,40.0,1,LFP_40C_US06.csv,4982,32.012868,le35,1200,0.5811184727516192
LFP,US06,40.0,1,LFP_40C_US06.csv,4982,32.012868,le35,1800,0.21578711575698772
LFP,US06,40.0,1,LFP_40C_US06.csv,4982,32.012868,le35,2400,
LFP,US06,40.0,1,LFP_40C_US06.csv,5592,23.602776,le35,0,
LFP,US06,40.0,1,LFP_40C_US06.csv,5592,23.602776,le35,30,
LFP,US06,40.0,1,LFP_40C_US06.csv,5592,23.602776,le35,60,5.225555763351441
LFP,US06,40.0,1,LFP_40C_US06.csv,5592,23.602776,le35,120,4.806946248783113
LFP,US06,40.0,1,LFP_40C_US06.csv,5592,23.602776,le35,300,2.32817822879791
LFP,US06,40.0,1,LFP_40C_US06.csv,5592,23.602776,le35,600,1.2519348815765383
LFP,US06,40.0,1,LFP_40C_US06.csv,5592,23.602776,le35,900,0.22902638227653505
LFP,US06,40.0,1,LFP_40C_US06.csv,5592,23.602776,le35,1200,0.1960993296543121
LFP,US06,40.0,1,LFP_40C_US06.csv,5592,23.602776,le35,1800,
LFP,US06,40.0,1,LFP_40C_US06.csv,5592,23.602776,le35,2400,
LFP,US06,40.0,1,LFP_40C_US06.csv,6568,10.3015065,le35,0,
LFP,US06,40.0,1,LFP_40C_US06.csv,6568,10.3015065,le35,30,
LFP,US06,40.0,1,LFP_40C_US06.csv,6568,10.3015065,le35,60,2.7524293972606646
LFP,US06,40.0,1,LFP_40C_US06.csv,6568,10.3015065,le35,120,2.6141044529733666
LFP,US06,40.0,1,LFP_40C_US06.csv,6568,10.3015065,le35,300,1.6579935911846162
LFP,US06,40.0,1,LFP_40C_US06.csv,6568,10.3015065,le35,600,
LFP,US06,40.0,1,LFP_40C_US06.csv,6568,10.3015065,le35,900,
LFP,US06,40.0,1,LFP_40C_US06.csv,6568,10.3015065,le35,1200,
LFP,US06,40.0,1,LFP_40C_US06.csv,6568,10.3015065,le35,1800,
LFP,US06,40.0,1,LFP_40C_US06.csv,6568,10.3015065,le35,2400,
LFP,US06,40.0,2,LFP_40C_US06.csv,539,92.44676,gt65,0,
LFP,US06,40.0,2,LFP_40C_US06.csv,539,92.44676,gt65,30,
LFP,US06,40.0,2,LFP_40C_US06.csv,539,92.44676,gt65,60,15.366106741561893
LFP,US06,40.0,2,LFP_40C_US06.csv,539,92.44676,gt65,120,14.956408714797973
LFP,US06,40.0,2,LFP_40C_US06.csv,539,92.44676,gt65,300,12.77052790069581
LFP,US06,40.0,2,LFP_40C_US06.csv,539,92.44676,gt65,600,9.902746995468135
LFP,US06,40.0,2,LFP_40C_US06.csv,539,92.44676,gt65,900,6.727320083557132
LFP,US06,40.0,2,LFP_40C_US06.csv,539,92.44676,gt65,1200,4.369294370285033
LFP,US06,40.0,2,LFP_40C_US06.csv,539,92.44676,gt65,1800,3.4208832880248963
LFP,US06,40.0,2,LFP_40C_US06.csv,539,92.44676,gt65,2400,3.230744437423702
LFP,US06,40.0,2,LFP_40C_US06.csv,1194,83.67715,gt65,0,
LFP,US06,40.0,2,LFP_40C_US06.csv,1194,83.67715,gt65,30,
LFP,US06,40.0,2,LFP_40C_US06.csv,1194,83.67715,gt65,60,9.146910609909057
LFP,US06,40.0,2,LFP_40C_US06.csv,1194,83.67715,gt65,120,8.234852496017453
LFP,US06,40.0,2,LFP_40C_US06.csv,1194,83.67715,gt65,300,6.769626081161491
LFP,US06,40.0,2,LFP_40C_US06.csv,1194,83.67715,gt65,600,4.125870690689084
LFP,US06,40.0,2,LFP_40C_US06.csv,1194,83.67715,gt65,900,3.5732138784027114
LFP,US06,40.0,2,LFP_40C_US06.csv,1194,83.67715,gt65,1200,3.792489896392823
LFP,US06,40.0,2,LFP_40C_US06.csv,1194,83.67715,gt65,1800,3.5922628229522715
LFP,US06,40.0,2,LFP_40C_US06.csv,1194,83.67715,gt65,2400,2.5671781948699888
LFP,US06,40.0,2,LFP_40C_US06.csv,2034,71.953547,gt65,0,
LFP,US06,40.0,2,LFP_40C_US06.csv,2034,71.953547,gt65,30,
LFP,US06,40.0,2,LFP_40C_US06.csv,2034,71.953547,gt65,60,17.311782117614754
LFP,US06,40.0,2,LFP_40C_US06.csv,2034,71.953547,gt65,120,15.891027140716545
LFP,US06,40.0,2,LFP_40C_US06.csv,2034,71.953547,gt65,300,14.461034936691291
LFP,US06,40.0,2,LFP_40C_US06.csv,2034,71.953547,gt65,600,12.280212658309942
LFP,US06,40.0,2,LFP_40C_US06.csv,2034,71.953547,gt65,900,10.048696133827207
LFP,US06,40.0,2,LFP_40C_US06.csv,2034,71.953547,gt65,1200,8.171465658805843
LFP,US06,40.0,2,LFP_40C_US06.csv,2034,71.953547,gt65,1800,4.763271953544617
LFP,US06,40.0,2,LFP_40C_US06.csv,2034,71.953547,gt65,2400,1.6305741020965598
LFP,US06,40.0,2,LFP_40C_US06.csv,2705,62.604696000000004,35to65,0,
LFP,US06,40.0,2,LFP_40C_US06.csv,2705,62.604696000000004,35to65,30,
LFP,US06,40.0,2,LFP_40C_US06.csv,2705,62.604696000000004,35to65,60,21.13763677098084
LFP,US06,40.0,2,LFP_40C_US06.csv,2705,62.604696000000004,35to65,120,19.900372085723873
LFP,US06,40.0,2,LFP_40C_US06.csv,2705,62.604696000000004,35to65,300,17.06714242427826
LFP,US06,40.0,2,LFP_40C_US06.csv,2705,62.604696000000004,35to65,600,13.431545900047304
LFP,US06,40.0,2,LFP_40C_US06.csv,2705,62.604696000000004,35to65,900,9.429985705947871
LFP,US06,40.0,2,LFP_40C_US06.csv,2705,62.604696000000004,35to65,1200,6.997385454750059
LFP,US06,40.0,2,LFP_40C_US06.csv,2705,62.604696000000004,35to65,1800,1.823645641387941
LFP,US06,40.0,2,LFP_40C_US06.csv,2705,62.604696000000004,35to65,2400,0.28369470978545763
LFP,US06,40.0,2,LFP_40C_US06.csv,3526,51.83492,35to65,0,
LFP,US06,40.0,2,LFP_40C_US06.csv,3526,51.83492,35to65,30,
LFP,US06,40.0,2,LFP_40C_US06.csv,3526,51.83492,35to65,60,4.5739666629791245
LFP,US06,40.0,2,LFP_40C_US06.csv,3526,51.83492,35to65,120,3.9859940485382097
LFP,US06,40.0,2,LFP_40C_US06.csv,3526,51.83492,35to65,300,3.3901912825012204
LFP,US06,40.0,2,LFP_40C_US06.csv,3526,51.83492,35to65,600,2.4256830060501144
LFP,US06,40.0,2,LFP_40C_US06.csv,3526,51.83492,35to65,900,1.177948946640015
LFP,US06,40.0,2,LFP_40C_US06.csv,3526,51.83492,35to65,1200,0.43238566772460985
LFP,US06,40.0,2,LFP_40C_US06.csv,3526,51.83492,35to65,1800,0.11786489763641583
LFP,US06,40.0,2,LFP_40C_US06.csv,3526,51.83492,35to65,2400,0.26049812139511275
LFP,US06,40.0,2,LFP_40C_US06.csv,4508,38.077995,35to65,0,
LFP,US06,40.0,2,LFP_40C_US06.csv,4508,38.077995,35to65,30,
LFP,US06,40.0,2,LFP_40C_US06.csv,4508,38.077995,35to65,60,6.400491255416867
LFP,US06,40.0,2,LFP_40C_US06.csv,4508,38.077995,35to65,120,5.645390330200193
LFP,US06,40.0,2,LFP_40C_US06.csv,4508,38.077995,35to65,300,3.7603063552856426
LFP,US06,40.0,2,LFP_40C_US06.csv,4508,38.077995,35to65,600,2.4565757821884127
LFP,US06,40.0,2,LFP_40C_US06.csv,4508,38.077995,35to65,900,1.0154253796768202
LFP,US06,40.0,2,LFP_40C_US06.csv,4508,38.077995,35to65,1200,0.8573995945282
LFP,US06,40.0,2,LFP_40C_US06.csv,4508,38.077995,35to65,1800,0.004629887294768764
LFP,US06,40.0,2,LFP_40C_US06.csv,4508,38.077995,35to65,2400,0.03964974020080536
LFP,US06,40.0,2,LFP_40C_US06.csv,4982,32.012868,le35,0,
LFP,US06,40.0,2,LFP_40C_US06.csv,4982,32.012868,le35,30,
LFP,US06,40.0,2,LFP_40C_US06.csv,4982,32.012868,le35,60,6.368575919494628
LFP,US06,40.0,2,LFP_40C_US06.csv,4982,32.012868,le35,120,5.315311432979584
LFP,US06,40.0,2,LFP_40C_US06.csv,4982,32.012868,le35,300,3.6532397243881256
LFP,US06,40.0,2,LFP_40C_US06.csv,4982,32.012868,le35,600,1.8688644671325676
LFP,US06,40.0,2,LFP_40C_US06.csv,4982,32.012868,le35,900,0.8028853551139825
LFP,US06,40.0,2,LFP_40C_US06.csv,4982,32.012868,le35,1200,0.459833451446535
LFP,US06,40.0,2,LFP_40C_US06.csv,4982,32.012868,le35,1800,0.1897994906349174
LFP,US06,40.0,2,LFP_40C_US06.csv,4982,32.012868,le35,2400,
LFP,US06,40.0,2,LFP_40C_US06.csv,5592,23.602776,le35,0,
LFP,US06,40.0,2,LFP_40C_US06.csv,5592,23.602776,le35,30,
LFP,US06,40.0,2,LFP_40C_US06.csv,5592,23.602776,le35,60,5.222320721256256
LFP,US06,40.0,2,LFP_40C_US06.csv,5592,23.602776,le35,120,4.710972339881899
LFP,US06,40.0,2,LFP_40C_US06.csv,5592,23.602776,le35,300,2.5231763142967196
LFP,US06,40.0,2,LFP_40C_US06.csv,5592,23.602776,le35,600,1.3603572205390932
LFP,US06,40.0,2,LFP_40C_US06.csv,5592,23.602776,le35,900,0.3770299306602478
LFP,US06,40.0,2,LFP_40C_US06.csv,5592,23.602776,le35,1200,0.18838350838813778
LFP,US06,40.0,2,LFP_40C_US06.csv,5592,23.602776,le35,1800,
LFP,US06,40.0,2,LFP_40C_US06.csv,5592,23.602776,le35,2400,
LFP,US06,40.0,2,LFP_40C_US06.csv,6568,10.3015065,le35,0,
LFP,US06,40.0,2,LFP_40C_US06.csv,6568,10.3015065,le35,30,
LFP,US06,40.0,2,LFP_40C_US06.csv,6568,10.3015065,le35,60,3.2540561272258746
LFP,US06,40.0,2,LFP_40C_US06.csv,6568,10.3015065,le35,120,2.6020911368188866
LFP,US06,40.0,2,LFP_40C_US06.csv,6568,10.3015065,le35,300,1.9079262975406648
LFP,US06,40.0,2,LFP_40C_US06.csv,6568,10.3015065,le35,600,
LFP,US06,40.0,2,LFP_40C_US06.csv,6568,10.3015065,le35,900,
LFP,US06,40.0,2,LFP_40C_US06.csv,6568,10.3015065,le35,1200,
LFP,US06,40.0,2,LFP_40C_US06.csv,6568,10.3015065,le35,1800,
LFP,US06,40.0,2,LFP_40C_US06.csv,6568,10.3015065,le35,2400,
LFP,US06,50.0,0,LFP_50C_US06.csv,400,93.53251,gt65,0,
LFP,US06,50.0,0,LFP_50C_US06.csv,400,93.53251,gt65,30,
LFP,US06,50.0,0,LFP_50C_US06.csv,400,93.53251,gt65,60,19.07440446426392
LFP,US06,50.0,0,LFP_50C_US06.csv,400,93.53251,gt65,120,18.19744102227783
LFP,US06,50.0,0,LFP_50C_US06.csv,400,93.53251,gt65,300,16.734920946426385
LFP,US06,50.0,0,LFP_50C_US06.csv,400,93.53251,gt65,600,13.148480275650016
LFP,US06,50.0,0,LFP_50C_US06.csv,400,93.53251,gt65,900,10.28671310356141
LFP,US06,50.0,0,LFP_50C_US06.csv,400,93.53251,gt65,1200,7.228728043594359
LFP,US06,50.0,0,LFP_50C_US06.csv,400,93.53251,gt65,1800,4.628132143173218
LFP,US06,50.0,0,LFP_50C_US06.csv,400,93.53251,gt65,2400,4.345912798995975
LFP,US06,50.0,0,LFP_50C_US06.csv,732,90.26815,gt65,0,
LFP,US06,50.0,0,LFP_50C_US06.csv,732,90.26815,gt65,30,
LFP,US06,50.0,0,LFP_50C_US06.csv,732,90.26815,gt65,60,14.022594783859262
LFP,US06,50.0,0,LFP_50C_US06.csv,732,90.26815,gt65,120,13.802720915069571
LFP,US06,50.0,0,LFP_50C_US06.csv,732,90.26815,gt65,300,11.783778237136843
LFP,US06,50.0,0,LFP_50C_US06.csv,732,90.26815,gt65,600,9.45607434060669
LFP,US06,50.0,0,LFP_50C_US06.csv,732,90.26815,gt65,900,6.31366640075683
LFP,US06,50.0,0,LFP_50C_US06.csv,732,90.26815,gt65,1200,4.411602281433105
LFP,US06,50.0,0,LFP_50C_US06.csv,732,90.26815,gt65,1800,4.4503630339813185
LFP,US06,50.0,0,LFP_50C_US06.csv,732,90.26815,gt65,2400,3.7674607224273657
LFP,US06,50.0,0,LFP_50C_US06.csv,2065,71.60372000000001,gt65,0,
LFP,US06,50.0,0,LFP_50C_US06.csv,2065,71.60372000000001,gt65,30,
LFP,US06,50.0,0,LFP_50C_US06.csv,2065,71.60372000000001,gt65,60,15.211844340133666
LFP,US06,50.0,0,LFP_50C_US06.csv,2065,71.60372000000001,gt65,120,14.910840985275257
LFP,US06,50.0,0,LFP_50C_US06.csv,2065,71.60372000000001,gt65,300,13.424592767959595
LFP,US06,50.0,0,LFP_50C_US06.csv,2065,71.60372000000001,gt65,600,11.922556478042601
LFP,US06,50.0,0,LFP_50C_US06.csv,2065,71.60372000000001,gt65,900,9.570610618926999
LFP,US06,50.0,0,LFP_50C_US06.csv,2065,71.60372000000001,gt65,1200,8.23216710587311
LFP,US06,50.0,0,LFP_50C_US06.csv,2065,71.60372000000001,gt65,1800,5.476087376068115
LFP,US06,50.0,0,LFP_50C_US06.csv,2065,71.60372000000001,gt65,2400,1.6278389489135705
LFP,US06,50.0,0,LFP_50C_US06.csv,3711,49.451664,35to65,0,
LFP,US06,50.0,0,LFP_50C_US06.csv,3711,49.451664,35to65,30,
LFP,US06,50.0,0,LFP_50C_US06.csv,3711,49.451664,35to65,60,6.775442105941771
LFP,US06,50.0,0,LFP_50C_US06.csv,3711,49.451664,35to65,120,6.317558923423768
LFP,US06,50.0,0,LFP_50C_US06.csv,3711,49.451664,35to65,300,4.761281715972899
LFP,US06,50.0,0,LFP_50C_US06.csv,3711,49.451664,35to65,600,2.5976811196899448
LFP,US06,50.0,0,LFP_50C_US06.csv,3711,49.451664,35to65,900,0.8774731818084689
LFP,US06,50.0,0,LFP_50C_US06.csv,3711,49.451664,35to65,1200,0.5600333232193009
LFP,US06,50.0,0,LFP_50C_US06.csv,3711,49.451664,35to65,1800,0.0657590964698791
LFP,US06,50.0,0,LFP_50C_US06.csv,3711,49.451664,35to65,2400,0.011819703815461935
LFP,US06,50.0,0,LFP_50C_US06.csv,4064,43.835172,35to65,0,
LFP,US06,50.0,0,LFP_50C_US06.csv,4064,43.835172,35to65,30,
LFP,US06,50.0,0,LFP_50C_US06.csv,4064,43.835172,35to65,60,5.160932263984677
LFP,US06,50.0,0,LFP_50C_US06.csv,4064,43.835172,35to65,120,4.759361959426876
LFP,US06,50.0,0,LFP_50C_US06.csv,4064,43.835172,35to65,300,3.383866050109866
LFP,US06,50.0,0,LFP_50C_US06.csv,4064,43.835172,35to65,600,1.0823934034881546
LFP,US06,50.0,0,LFP_50C_US06.csv,4064,43.835172,35to65,900,0.8232738873443637
LFP,US06,50.0,0,LFP_50C_US06.csv,4064,43.835172,35to65,1200,0.4823808546524049
LFP,US06,50.0,0,LFP_50C_US06.csv,4064,43.835172,35to65,1800,0.22478425325012097
LFP,US06,50.0,0,LFP_50C_US06.csv,4064,43.835172,35to65,2400,0.26817927754974313
LFP,US06,50.0,0,LFP_50C_US06.csv,4553,37.215018,35to65,0,
LFP,US06,50.0,0,LFP_50C_US06.csv,4553,37.215018,35to65,30,
LFP,US06,50.0,0,LFP_50C_US06.csv,4553,37.215018,35to65,60,5.300736308822636
LFP,US06,50.0,0,LFP_50C_US06.csv,4553,37.215018,35to65,120,4.333553217857364
LFP,US06,50.0,0,LFP_50C_US06.csv,4553,37.215018,35to65,300,4.120853735221864
LFP,US06,50.0,0,LFP_50C_US06.csv,4553,37.215018,35to65,600,1.9971070713882426
LFP,US06,50.0,0,LFP_50C_US06.csv,4553,37.215018,35to65,900,1.4358072463912954
LFP,US06,50.0,0,LFP_50C_US06.csv,4553,37.215018,35to65,1200,0.49957900235366637
LFP,US06,50.0,0,LFP_50C_US06.csv,4553,37.215018,35to65,1800,0.02288978673935027
LFP,US06,50.0,0,LFP_50C_US06.csv,4553,37.215018,35to65,2400,0.07282714534835755
LFP,US06,50.0,0,LFP_50C_US06.csv,5224,27.883297000000002,le35,0,
LFP,US06,50.0,0,LFP_50C_US06.csv,5224,27.883297000000002,le35,30,
LFP,US06,50.0,0,LFP_50C_US06.csv,5224,27.883297000000002,le35,60,5.664315537628173
LFP,US06,50.0,0,LFP_50C_US06.csv,5224,27.883297000000002,le35,120,4.544994297431948
LFP,US06,50.0,0,LFP_50C_US06.csv,5224,27.883297000000002,le35,300,3.674476163944245
LFP,US06,50.0,0,LFP_50C_US06.csv,5224,27.883297000000002,le35,600,2.1442630356597903
LFP,US06,50.0,0,LFP_50C_US06.csv,5224,27.883297000000002,le35,900,1.218726015991212
LFP,US06,50.0,0,LFP_50C_US06.csv,5224,27.883297000000002,le35,1200,0.21462440613365175
LFP,US06,50.0,0,LFP_50C_US06.csv,5224,27.883297000000002,le35,1800,0.0294042457075121
LFP,US06,50.0,0,LFP_50C_US06.csv,5224,27.883297000000002,le35,2400,
LFP,US06,50.0,0,LFP_50C_US06.csv,6499,11.217488000000001,le35,0,
LFP,US06,50.0,0,LFP_50C_US06.csv,6499,11.217488000000001,le35,30,
LFP,US06,50.0,0,LFP_50C_US06.csv,6499,11.217488000000001,le35,60,1.275941655168534
LFP,US06,50.0,0,LFP_50C_US06.csv,6499,11.217488000000001,le35,120,0.8673020005340586
LFP,US06,50.0,0,LFP_50C_US06.csv,6499,11.217488000000001,le35,300,1.2453546662969588
LFP,US06,50.0,0,LFP_50C_US06.csv,6499,11.217488000000001,le35,600,0.11816155529031747
LFP,US06,50.0,0,LFP_50C_US06.csv,6499,11.217488000000001,le35,900,
LFP,US06,50.0,0,LFP_50C_US06.csv,6499,11.217488000000001,le35,1200,
LFP,US06,50.0,0,LFP_50C_US06.csv,6499,11.217488000000001,le35,1800,
LFP,US06,50.0,0,LFP_50C_US06.csv,6499,11.217488000000001,le35,2400,
LFP,US06,50.0,0,LFP_50C_US06.csv,6675,8.9975916,le35,0,
LFP,US06,50.0,0,LFP_50C_US06.csv,6675,8.9975916,le35,30,
LFP,US06,50.0,0,LFP_50C_US06.csv,6675,8.9975916,le35,60,2.9413448392620083
LFP,US06,50.0,0,LFP_50C_US06.csv,6675,8.9975916,le35,120,2.623594600534439
LFP,US06,50.0,0,LFP_50C_US06.csv,6675,8.9975916,le35,300,0.9375173564573291
LFP,US06,50.0,0,LFP_50C_US06.csv,6675,8.9975916,le35,600,
LFP,US06,50.0,0,LFP_50C_US06.csv,6675,8.9975916,le35,900,
LFP,US06,50.0,0,LFP_50C_US06.csv,6675,8.9975916,le35,1200,
LFP,US06,50.0,0,LFP_50C_US06.csv,6675,8.9975916,le35,1800,
LFP,US06,50.0,0,LFP_50C_US06.csv,6675,8.9975916,le35,2400,
LFP,US06,50.0,1,LFP_50C_US06.csv,400,93.53251,gt65,0,
LFP,US06,50.0,1,LFP_50C_US06.csv,400,93.53251,gt65,30,
LFP,US06,50.0,1,LFP_50C_US06.csv,400,93.53251,gt65,60,18.786204085845952
LFP,US06,50.0,1,LFP_50C_US06.csv,400,93.53251,gt65,120,18.125486295104977
LFP,US06,50.0,1,LFP_50C_US06.csv,400,93.53251,gt65,300,16.439025608367913
LFP,US06,50.0,1,LFP_50C_US06.csv,400,93.53251,gt65,600,12.828176835556022
LFP,US06,50.0,1,LFP_50C_US06.csv,400,93.53251,gt65,900,9.945315579681406
LFP,US06,50.0,1,LFP_50C_US06.csv,400,93.53251,gt65,1200,6.750001418151854
LFP,US06,50.0,1,LFP_50C_US06.csv,400,93.53251,gt65,1800,3.874747314605713
LFP,US06,50.0,1,LFP_50C_US06.csv,400,93.53251,gt65,2400,3.7121187297058142
LFP,US06,50.0,1,LFP_50C_US06.csv,732,90.26815,gt65,0,
LFP,US06,50.0,1,LFP_50C_US06.csv,732,90.26815,gt65,30,
LFP,US06,50.0,1,LFP_50C_US06.csv,732,90.26815,gt65,60,13.871371839599618
LFP,US06,50.0,1,LFP_50C_US06.csv,732,90.26815,gt65,120,13.734354387512198
LFP,US06,50.0,1,LFP_50C_US06.csv,732,90.26815,gt65,300,11.609363125595095
LFP,US06,50.0,1,LFP_50C_US06.csv,732,90.26815,gt65,600,9.090745551849366
LFP,US06,50.0,1,LFP_50C_US06.csv,732,90.26815,gt65,900,6.0036209200286805
LFP,US06,50.0,1,LFP_50C_US06.csv,732,90.26815,gt65,1200,3.9084019888458243
LFP,US06,50.0,1,LFP_50C_US06.csv,732,90.26815,gt65,1800,3.592890614242549
LFP,US06,50.0,1,LFP_50C_US06.csv,732,90.26815,gt65,2400,3.008407492141721
LFP,US06,50.0,1,LFP_50C_US06.csv,2065,71.60372000000001,gt65,0,
LFP,US06,50.0,1,LFP_50C_US06.csv,2065,71.60372000000001,gt65,30,
LFP,US06,50.0,1,LFP_50C_US06.csv,2065,71.60372000000001,gt65,60,13.860106364059448
LFP,US06,50.0,1,LFP_50C_US06.csv,2065,71.60372000000001,gt65,120,13.690394160247791
LFP,US06,50.0,1,LFP_50C_US06.csv,2065,71.60372000000001,gt65,300,12.49265626550293
LFP,US06,50.0,1,LFP_50C_US06.csv,2065,71.60372000000001,gt65,600,11.09756858970642
LFP,US06,50.0,1,LFP_50C_US06.csv,2065,71.60372000000001,gt65,900,9.127408361770627
LFP,US06,50.0,1,LFP_50C_US06.csv,2065,71.60372000000001,gt65,1200,7.737883668144228
LFP,US06,50.0,1,LFP_50C_US06.csv,2065,71.60372000000001,gt65,1800,4.895991131256103
LFP,US06,50.0,1,LFP_50C_US06.csv,2065,71.60372000000001,gt65,2400,1.095274428077694
LFP,US06,50.0,1,LFP_50C_US06.csv,3711,49.451664,35to65,0,
LFP,US06,50.0,1,LFP_50C_US06.csv,3711,49.451664,35to65,30,
LFP,US06,50.0,1,LFP_50C_US06.csv,3711,49.451664,35to65,60,5.7763818327713
LFP,US06,50.0,1,LFP_50C_US06.csv,3711,49.451664,35to65,120,5.3582102448349005
LFP,US06,50.0,1,LFP_50C_US06.csv,3711,49.451664,35to65,300,4.223048793418883
LFP,US06,50.0,1,LFP_50C_US06.csv,3711,49.451664,35to65,600,2.0458434369659457
LFP,US06,50.0,1,LFP_50C_US06.csv,3711,49.451664,35to65,900,0.2837125721816989
LFP,US06,50.0,1,LFP_50C_US06.csv,3711,49.451664,35to65,1200,0.3248304147033707
LFP,US06,50.0,1,LFP_50C_US06.csv,3711,49.451664,35to65,1800,0.0801784059143067
LFP,US06,50.0,1,LFP_50C_US06.csv,3711,49.451664,35to65,2400,0.04900385594558543
LFP,US06,50.0,1,LFP_50C_US06.csv,4064,43.835172,35to65,0,
LFP,US06,50.0,1,LFP_50C_US06.csv,4064,43.835172,35to65,30,
LFP,US06,50.0,1,LFP_50C_US06.csv,4064,43.835172,35to65,60,4.652942738189694
LFP,US06,50.0,1,LFP_50C_US06.csv,4064,43.835172,35to65,120,4.016860938995357
LFP,US06,50.0,1,LFP_50C_US06.csv,4064,43.835172,35to65,300,2.5089205287551906
LFP,US06,50.0,1,LFP_50C_US06.csv,4064,43.835172,35to65,600,0.6220071272430374
LFP,US06,50.0,1,LFP_50C_US06.csv,4064,43.835172,35to65,900,0.383028020568851
LFP,US06,50.0,1,LFP_50C_US06.csv,4064,43.835172,35to65,1200,0.370473134086609
LFP,US06,50.0,1,LFP_50C_US06.csv,4064,43.835172,35to65,1800,0.22722059310531506
LFP,US06,50.0,1,LFP_50C_US06.csv,4064,43.835172,35to65,2400,0.1687266925678248
LFP,US06,50.0,1,LFP_50C_US06.csv,4553,37.215018,35to65,0,
LFP,US06,50.0,1,LFP_50C_US06.csv,4553,37.215018,35to65,30,
LFP,US06,50.0,1,LFP_50C_US06.csv,4553,37.215018,35to65,60,4.138976217041019
LFP,US06,50.0,1,LFP_50C_US06.csv,4553,37.215018,35to65,120,3.391662739723209
LFP,US06,50.0,1,LFP_50C_US06.csv,4553,37.215018,35to65,300,3.159576846374513
LFP,US06,50.0,1,LFP_50C_US06.csv,4553,37.215018,35to65,600,1.4179257578735331
LFP,US06,50.0,1,LFP_50C_US06.csv,4553,37.215018,35to65,900,0.8387549702568045
LFP,US06,50.0,1,LFP_50C_US06.csv,4553,37.215018,35to65,1200,0.24341612050247008
LFP,US06,50.0,1,LFP_50C_US06.csv,4553,37.215018,35to65,1800,0.147533303718566
LFP,US06,50.0,1,LFP_50C_US06.csv,4553,37.215018,35to65,2400,0.07167090486450256
LFP,US06,50.0,1,LFP_50C_US06.csv,5224,27.883297000000002,le35,0,
LFP,US06,50.0,1,LFP_50C_US06.csv,5224,27.883297000000002,le35,30,
LFP,US06,50.0,1,LFP_50C_US06.csv,5224,27.883297000000002,le35,60,4.368187205013275
LFP,US06,50.0,1,LFP_50C_US06.csv,5224,27.883297000000002,le35,120,3.443785074161532
LFP,US06,50.0,1,LFP_50C_US06.csv,5224,27.883297000000002,le35,300,2.385273891052247
LFP,US06,50.0,1,LFP_50C_US06.csv,5224,27.883297000000002,le35,600,1.126051790122986
LFP,US06,50.0,1,LFP_50C_US06.csv,5224,27.883297000000002,le35,900,0.34039495081329463
LFP,US06,50.0,1,LFP_50C_US06.csv,5224,27.883297000000002,le35,1200,0.07452070590400695
LFP,US06,50.0,1,LFP_50C_US06.csv,5224,27.883297000000002,le35,1800,0.20384431669425984
LFP,US06,50.0,1,LFP_50C_US06.csv,5224,27.883297000000002,le35,2400,
LFP,US06,50.0,1,LFP_50C_US06.csv,6499,11.217488000000001,le35,0,
LFP,US06,50.0,1,LFP_50C_US06.csv,6499,11.217488000000001,le35,30,
LFP,US06,50.0,1,LFP_50C_US06.csv,6499,11.217488000000001,le35,60,0.303770527372361
LFP,US06,50.0,1,LFP_50C_US06.csv,6499,11.217488000000001,le35,120,0.15573796628761194
LFP,US06,50.0,1,LFP_50C_US06.csv,6499,11.217488000000001,le35,300,0.7187956859512328
LFP,US06,50.0,1,LFP_50C_US06.csv,6499,11.217488000000001,le35,600,0.04284083479633338
LFP,US06,50.0,1,LFP_50C_US06.csv,6499,11.217488000000001,le35,900,
LFP,US06,50.0,1,LFP_50C_US06.csv,6499,11.217488000000001,le35,1200,
LFP,US06,50.0,1,LFP_50C_US06.csv,6499,11.217488000000001,le35,1800,
LFP,US06,50.0,1,LFP_50C_US06.csv,6499,11.217488000000001,le35,2400,
LFP,US06,50.0,1,LFP_50C_US06.csv,6675,8.9975916,le35,0,
LFP,US06,50.0,1,LFP_50C_US06.csv,6675,8.9975916,le35,30,
LFP,US06,50.0,1,LFP_50C_US06.csv,6675,8.9975916,le35,60,2.1045157431831356
LFP,US06,50.0,1,LFP_50C_US06.csv,6675,8.9975916,le35,120,2.0477306580305097
LFP,US06,50.0,1,LFP_50C_US06.csv,6675,8.9975916,le35,300,0.7650274749418262
LFP,US06,50.0,1,LFP_50C_US06.csv,6675,8.9975916,le35,600,
LFP,US06,50.0,1,LFP_50C_US06.csv,6675,8.9975916,le35,900,
LFP,US06,50.0,1,LFP_50C_US06.csv,6675,8.9975916,le35,1200,
LFP,US06,50.0,1,LFP_50C_US06.csv,6675,8.9975916,le35,1800,
LFP,US06,50.0,1,LFP_50C_US06.csv,6675,8.9975916,le35,2400,
LFP,US06,50.0,2,LFP_50C_US06.csv,400,93.53251,gt65,0,
LFP,US06,50.0,2,LFP_50C_US06.csv,400,93.53251,gt65,30,
LFP,US06,50.0,2,LFP_50C_US06.csv,400,93.53251,gt65,60,18.07795785476685
LFP,US06,50.0,2,LFP_50C_US06.csv,400,93.53251,gt65,120,17.42132298219299
LFP,US06,50.0,2,LFP_50C_US06.csv,400,93.53251,gt65,300,15.533452240295404
LFP,US06,50.0,2,LFP_50C_US06.csv,400,93.53251,gt65,600,12.048828223724357
LFP,US06,50.0,2,LFP_50C_US06.csv,400,93.53251,gt65,900,9.264535168914804
LFP,US06,50.0,2,LFP_50C_US06.csv,400,93.53251,gt65,1200,6.159945237197874
LFP,US06,50.0,2,LFP_50C_US06.csv,400,93.53251,gt65,1800,3.543959417495728
LFP,US06,50.0,2,LFP_50C_US06.csv,400,93.53251,gt65,2400,3.585733040924076
LFP,US06,50.0,2,LFP_50C_US06.csv,732,90.26815,gt65,0,
LFP,US06,50.0,2,LFP_50C_US06.csv,732,90.26815,gt65,30,
LFP,US06,50.0,2,LFP_50C_US06.csv,732,90.26815,gt65,60,13.100659940795907
LFP,US06,50.0,2,LFP_50C_US06.csv,732,90.26815,gt65,120,12.812461267700186
LFP,US06,50.0,2,LFP_50C_US06.csv,732,90.26815,gt65,300,10.860889719757083
LFP,US06,50.0,2,LFP_50C_US06.csv,732,90.26815,gt65,600,8.635002477432252
LFP,US06,50.0,2,LFP_50C_US06.csv,732,90.26815,gt65,900,5.424651203002924
LFP,US06,50.0,2,LFP_50C_US06.csv,732,90.26815,gt65,1200,3.567672036987304
LFP,US06,50.0,2,LFP_50C_US06.csv,732,90.26815,gt65,1800,3.8243890940856886
LFP,US06,50.0,2,LFP_50C_US06.csv,732,90.26815,gt65,2400,3.181725878219602
LFP,US06,50.0,2,LFP_50C_US06.csv,2065,71.60372000000001,gt65,0,
LFP,US06,50.0,2,LFP_50C_US06.csv,2065,71.60372000000001,gt65,30,
LFP,US06,50.0,2,LFP_50C_US06.csv,2065,71.60372000000001,gt65,60,14.513122931289672
LFP,US06,50.0,2,LFP_50C_US06.csv,2065,71.60372000000001,gt65,120,13.700783249832142
LFP,US06,50.0,2,LFP_50C_US06.csv,2065,71.60372000000001,gt65,300,12.612992082839966
LFP,US06,50.0,2,LFP_50C_US06.csv,2065,71.60372000000001,gt65,600,11.003732997436522
LFP,US06,50.0,2,LFP_50C_US06.csv,2065,71.60372000000001,gt65,900,9.00051007304382
LFP,US06,50.0,2,LFP_50C_US06.csv,2065,71.60372000000001,gt65,1200,7.553583126266481
LFP,US06,50.0,2,LFP_50C_US06.csv,2065,71.60372000000001,gt65,1800,4.539692446182251
LFP,US06,50.0,2,LFP_50C_US06.csv,2065,71.60372000000001,gt65,2400,1.1645171439132653
LFP,US06,50.0,2,LFP_50C_US06.csv,3711,49.451664,35to65,0,
LFP,US06,50.0,2,LFP_50C_US06.csv,3711,49.451664,35to65,30,
LFP,US06,50.0,2,LFP_50C_US06.csv,3711,49.451664,35to65,60,5.554914814643858
LFP,US06,50.0,2,LFP_50C_US06.csv,3711,49.451664,35to65,120,5.265843907058716
LFP,US06,50.0,2,LFP_50C_US06.csv,3711,49.451664,35to65,300,4.080310570343016
LFP,US06,50.0,2,LFP_50C_US06.csv,3711,49.451664,35to65,600,1.7849092033004794
LFP,US06,50.0,2,LFP_50C_US06.csv,3711,49.451664,35to65,900,0.5255941811447116
LFP,US06,50.0,2,LFP_50C_US06.csv,3711,49.451664,35to65,1200,0.3891319054870621
LFP,US06,50.0,2,LFP_50C_US06.csv,3711,49.451664,35to65,1800,0.06281259265899664
LFP,US06,50.0,2,LFP_50C_US06.csv,3711,49.451664,35to65,2400,0.16720880723190135
LFP,US06,50.0,2,LFP_50C_US06.csv,4064,43.835172,35to65,0,
LFP,US06,50.0,2,LFP_50C_US06.csv,4064,43.835172,35to65,30,
LFP,US06,50.0,2,LFP_50C_US06.csv,4064,43.835172,35to65,60,5.220825991287228
LFP,US06,50.0,2,LFP_50C_US06.csv,4064,43.835172,35to65,120,4.569691039054867
LFP,US06,50.0,2,LFP_50C_US06.csv,4064,43.835172,35to65,300,3.0573845885849025
LFP,US06,50.0,2,LFP_50C_US06.csv,4064,43.835172,35to65,600,1.081070180374141
LFP,US06,50.0,2,LFP_50C_US06.csv,4064,43.835172,35to65,900,0.28102361173248624
LFP,US06,50.0,2,LFP_50C_US06.csv,4064,43.835172,35to65,1200,0.40412293629455576
LFP,US06,50.0,2,LFP_50C_US06.csv,4064,43.835172,35to65,1800,0.31007104934310803
LFP,US06,50.0,2,LFP_50C_US06.csv,4064,43.835172,35to65,2400,0.39214352763748117
LFP,US06,50.0,2,LFP_50C_US06.csv,4553,37.215018,35to65,0,
LFP,US06,50.0,2,LFP_50C_US06.csv,4553,37.215018,35to65,30,
LFP,US06,50.0,2,LFP_50C_US06.csv,4553,37.215018,35to65,60,4.700752974281315
LFP,US06,50.0,2,LFP_50C_US06.csv,4553,37.215018,35to65,120,4.194739960639957
LFP,US06,50.0,2,LFP_50C_US06.csv,4553,37.215018,35to65,300,3.2982291710510268
LFP,US06,50.0,2,LFP_50C_US06.csv,4553,37.215018,35to65,600,1.4732269472961406
LFP,US06,50.0,2,LFP_50C_US06.csv,4553,37.215018,35to65,900,0.710877675239562
LFP,US06,50.0,2,LFP_50C_US06.csv,4553,37.215018,35to65,1200,0.42442350575637633
LFP,US06,50.0,2,LFP_50C_US06.csv,4553,37.215018,35to65,1800,0.25781083724975495
LFP,US06,50.0,2,LFP_50C_US06.csv,4553,37.215018,35to65,2400,0.15970808278484405
LFP,US06,50.0,2,LFP_50C_US06.csv,5224,27.883297000000002,le35,0,
LFP,US06,50.0,2,LFP_50C_US06.csv,5224,27.883297000000002,le35,30,
LFP,US06,50.0,2,LFP_50C_US06.csv,5224,27.883297000000002,le35,60,4.403921679672241
LFP,US06,50.0,2,LFP_50C_US06.csv,5224,27.883297000000002,le35,120,3.4045905498733546
LFP,US06,50.0,2,LFP_50C_US06.csv,5224,27.883297000000002,le35,300,2.5758016281929024
LFP,US06,50.0,2,LFP_50C_US06.csv,5224,27.883297000000002,le35,600,1.4807843631553652
LFP,US06,50.0,2,LFP_50C_US06.csv,5224,27.883297000000002,le35,900,0.5940067538681042
LFP,US06,50.0,2,LFP_50C_US06.csv,5224,27.883297000000002,le35,1200,0.18875300761604308
LFP,US06,50.0,2,LFP_50C_US06.csv,5224,27.883297000000002,le35,1800,0.27421691307735463
LFP,US06,50.0,2,LFP_50C_US06.csv,5224,27.883297000000002,le35,2400,
LFP,US06,50.0,2,LFP_50C_US06.csv,6499,11.217488000000001,le35,0,
LFP,US06,50.0,2,LFP_50C_US06.csv,6499,11.217488000000001,le35,30,
LFP,US06,50.0,2,LFP_50C_US06.csv,6499,11.217488000000001,le35,60,0.7813773305511482
LFP,US06,50.0,2,LFP_50C_US06.csv,6499,11.217488000000001,le35,120,0.45035186411094763
LFP,US06,50.0,2,LFP_50C_US06.csv,6499,11.217488000000001,le35,300,0.962117119614601
LFP,US06,50.0,2,LFP_50C_US06.csv,6499,11.217488000000001,le35,600,0.023519057869815896
LFP,US06,50.0,2,LFP_50C_US06.csv,6499,11.217488000000001,le35,900,
LFP,US06,50.0,2,LFP_50C_US06.csv,6499,11.217488000000001,le35,1200,
LFP,US06,50.0,2,LFP_50C_US06.csv,6499,11.217488000000001,le35,1800,
LFP,US06,50.0,2,LFP_50C_US06.csv,6499,11.217488000000001,le35,2400,
LFP,US06,50.0,2,LFP_50C_US06.csv,6675,8.9975916,le35,0,
LFP,US06,50.0,2,LFP_50C_US06.csv,6675,8.9975916,le35,30,
LFP,US06,50.0,2,LFP_50C_US06.csv,6675,8.9975916,le35,60,2.739355873989105
LFP,US06,50.0,2,LFP_50C_US06.csv,6675,8.9975916,le35,120,2.4750229453802106
LFP,US06,50.0,2,LFP_50C_US06.csv,6675,8.9975916,le35,300,0.8223324980159763
LFP,US06,50.0,2,LFP_50C_US06.csv,6675,8.9975916,le35,600,
LFP,US06,50.0,2,LFP_50C_US06.csv,6675,8.9975916,le35,900,
LFP,US06,50.0,2,LFP_50C_US06.csv,6675,8.9975916,le35,1200,
LFP,US06,50.0,2,LFP_50C_US06.csv,6675,8.9975916,le35,1800,
LFP,US06,50.0,2,LFP_50C_US06.csv,6675,8.9975916,le35,2400,
NMC,DST,0.0,0,NMC_0C_DST.csv,156,84.29765,gt65,0,
NMC,DST,0.0,0,NMC_0C_DST.csv,156,84.29765,gt65,30,
NMC,DST,0.0,0,NMC_0C_DST.csv,156,84.29765,gt65,60,0.11023263374329417
NMC,DST,0.0,0,NMC_0C_DST.csv,156,84.29765,gt65,120,0.20346095939636655
NMC,DST,0.0,0,NMC_0C_DST.csv,156,84.29765,gt65,300,0.122938551559443
NMC,DST,0.0,0,NMC_0C_DST.csv,156,84.29765,gt65,600,0.11566423393250602
NMC,DST,0.0,0,NMC_0C_DST.csv,156,84.29765,gt65,900,0.15974399421692453
NMC,DST,0.0,0,NMC_0C_DST.csv,156,84.29765,gt65,1200,0.44759487020874644
NMC,DST,0.0,0,NMC_0C_DST.csv,156,84.29765,gt65,1800,0.23085515374755516
NMC,DST,0.0,0,NMC_0C_DST.csv,156,84.29765,gt65,2400,0.18568742095946789
NMC,DST,0.0,0,NMC_0C_DST.csv,564,81.222695,gt65,0,
NMC,DST,0.0,0,NMC_0C_DST.csv,564,81.222695,gt65,30,
NMC,DST,0.0,0,NMC_0C_DST.csv,564,81.222695,gt65,60,0.29391041961669373
NMC,DST,0.0,0,NMC_0C_DST.csv,564,81.222695,gt65,120,0.5965705048217842
NMC,DST,0.0,0,NMC_0C_DST.csv,564,81.222695,gt65,300,0.07687397201537749
NMC,DST,0.0,0,NMC_0C_DST.csv,564,81.222695,gt65,600,0.3847458544921807
NMC,DST,0.0,0,NMC_0C_DST.csv,564,81.222695,gt65,900,0.6127115816345139
NMC,DST,0.0,0,NMC_0C_DST.csv,564,81.222695,gt65,1200,0.45438272224426157
NMC,DST,0.0,0,NMC_0C_DST.csv,564,81.222695,gt65,1800,0.38523083090208843
NMC,DST,0.0,0,NMC_0C_DST.csv,564,81.222695,gt65,2400,0.2631429874725342
NMC,DST,0.0,0,NMC_0C_DST.csv,1956,69.941497,gt65,0,
NMC,DST,0.0,0,NMC_0C_DST.csv,1956,69.941497,gt65,30,
NMC,DST,0.0,0,NMC_0C_DST.csv,1956,69.941497,gt65,60,1.2180243034362803
NMC,DST,0.0,0,NMC_0C_DST.csv,1956,69.941497,gt65,120,0.19531854988098019
NMC,DST,0.0,0,NMC_0C_DST.csv,1956,69.941497,gt65,300,0.770579989776607
NMC,DST,0.0,0,NMC_0C_DST.csv,1956,69.941497,gt65,600,1.388788422790526
NMC,DST,0.0,0,NMC_0C_DST.csv,1956,69.941497,gt65,900,1.298107022476188
NMC,DST,0.0,0,NMC_0C_DST.csv,1956,69.941497,gt65,1200,0.6976827564239443
NMC,DST,0.0,0,NMC_0C_DST.csv,1956,69.941497,gt65,1800,0.9034537333679182
NMC,DST,0.0,0,NMC_0C_DST.csv,1956,69.941497,gt65,2400,0.7145691058349612
NMC,DST,0.0,0,NMC_0C_DST.csv,2651,64.462304,35to65,0,
NMC,DST,0.0,0,NMC_0C_DST.csv,2651,64.462304,35to65,30,
NMC,DST,0.0,0,NMC_0C_DST.csv,2651,64.462304,35to65,60,1.0301323975372298
NMC,DST,0.0,0,NMC_0C_DST.csv,2651,64.462304,35to65,120,0.801282766540524
NMC,DST,0.0,0,NMC_0C_DST.csv,2651,64.462304,35to65,300,0.13037930224609795
NMC,DST,0.0,0,NMC_0C_DST.csv,2651,64.462304,35to65,600,1.2676833731994606
NMC,DST,0.0,0,NMC_0C_DST.csv,2651,64.462304,35to65,900,1.3990118109130876
NMC,DST,0.0,0,NMC_0C_DST.csv,2651,64.462304,35to65,1200,1.040428794021608
NMC,DST,0.0,0,NMC_0C_DST.csv,2651,64.462304,35to65,1800,0.9054122907409692
NMC,DST,0.0,0,NMC_0C_DST.csv,2651,64.462304,35to65,2400,0.5953882941513058
NMC,DST,0.0,0,NMC_0C_DST.csv,3207,59.674954,35to65,0,
NMC,DST,0.0,0,NMC_0C_DST.csv,3207,59.674954,35to65,30,
NMC,DST,0.0,0,NMC_0C_DST.csv,3207,59.674954,35to65,60,0.7191899446105978
NMC,DST,0.0,0,NMC_0C_DST.csv,3207,59.674954,35to65,120,1.1553569920349176
NMC,DST,0.0,0,NMC_0C_DST.csv,3207,59.674954,35to65,300,1.036768510971065
NMC,DST,0.0,0,NMC_0C_DST.csv,3207,59.674954,35to65,600,1.4197111605071981
NMC,DST,0.0,0,NMC_0C_DST.csv,3207,59.674954,35to65,900,1.906204753799436
NMC,DST,0.0,0,NMC_0C_DST.csv,3207,59.674954,35to65,1200,1.405710190391538
NMC,DST,0.0,0,NMC_0C_DST.csv,3207,59.674954,35to65,1800,0.5337480191879322
NMC,DST,0.0,0,NMC_0C_DST.csv,3207,59.674954,35to65,2400,0.05587081707763275
NMC,DST,0.0,0,NMC_0C_DST.csv,4106,52.87013,35to65,0,
NMC,DST,0.0,0,NMC_0C_DST.csv,4106,52.87013,35to65,30,
NMC,DST,0.0,0,NMC_0C_DST.csv,4106,52.87013,35to65,60,4.880729233818059
NMC,DST,0.0,0,NMC_0C_DST.csv,4106,52.87013,35to65,120,4.368426986717225
NMC,DST,0.0,0,NMC_0C_DST.csv,4106,52.87013,35to65,300,2.916009934234623
NMC,DST,0.0,0,NMC_0C_DST.csv,4106,52.87013,35to65,600,3.2129855194473222
NMC,DST,0.0,0,NMC_0C_DST.csv,4106,52.87013,35to65,900,2.612805594062806
NMC,DST,0.0,0,NMC_0C_DST.csv,4106,52.87013,35to65,1200,1.7773057824478116
NMC,DST,0.0,0,NMC_0C_DST.csv,4106,52.87013,35to65,1800,0.9442676366805998
NMC,DST,0.0,0,NMC_0C_DST.csv,4106,52.87013,35to65,2400,0.23668647720337077
NMC,DST,0.0,0,NMC_0C_DST.csv,7059,28.701165,le35,0,
NMC,DST,0.0,0,NMC_0C_DST.csv,7059,28.701165,le35,30,
NMC,DST,0.0,0,NMC_0C_DST.csv,7059,28.701165,le35,60,9.738882702732088
NMC,DST,0.0,0,NMC_0C_DST.csv,7059,28.701165,le35,120,7.662348190059664
NMC,DST,0.0,0,NMC_0C_DST.csv,7059,28.701165,le35,300,8.849107270355223
NMC,DST,0.0,0,NMC_0C_DST.csv,7059,28.701165,le35,600,6.882204569423674
NMC,DST,0.0,0,NMC_0C_DST.csv,7059,28.701165,le35,900,3.7068667428359987
NMC,DST,0.0,0,NMC_0C_DST.csv,7059,28.701165,le35,1200,1.5150845238418569
NMC,DST,0.0,0,NMC_0C_DST.csv,7059,28.701165,le35,1800,1.2640864915924066
NMC,DST,0.0,0,NMC_0C_DST.csv,7059,28.701165,le35,2400,0.2442856210517892
NMC,DST,0.0,0,NMC_0C_DST.csv,8318,19.422875,le35,0,
NMC,DST,0.0,0,NMC_0C_DST.csv,8318,19.422875,le35,30,
NMC,DST,0.0,0,NMC_0C_DST.csv,8318,19.422875,le35,60,5.099448284912107
NMC,DST,0.0,0,NMC_0C_DST.csv,8318,19.422875,le35,120,4.521021464126587
NMC,DST,0.0,0,NMC_0C_DST.csv,8318,19.422875,le35,300,1.4975115845985414
NMC,DST,0.0,0,NMC_0C_DST.csv,8318,19.422875,le35,600,0.9161774044761657
NMC,DST,0.0,0,NMC_0C_DST.csv,8318,19.422875,le35,900,0.30036606550979705
NMC,DST,0.0,0,NMC_0C_DST.csv,8318,19.422875,le35,1200,0.2935177993984226
NMC,DST,0.0,0,NMC_0C_DST.csv,8318,19.422875,le35,1800,
NMC,DST,0.0,0,NMC_0C_DST.csv,8318,19.422875,le35,2400,
NMC,DST,0.0,0,NMC_0C_DST.csv,8536,17.134948,le35,0,
NMC,DST,0.0,0,NMC_0C_DST.csv,8536,17.134948,le35,30,
NMC,DST,0.0,0,NMC_0C_DST.csv,8536,17.134948,le35,60,2.8392403886985775
NMC,DST,0.0,0,NMC_0C_DST.csv,8536,17.134948,le35,120,3.0527193209114074
NMC,DST,0.0,0,NMC_0C_DST.csv,8536,17.134948,le35,300,1.3566956558418273
NMC,DST,0.0,0,NMC_0C_DST.csv,8536,17.134948,le35,600,0.015237608409881531
NMC,DST,0.0,0,NMC_0C_DST.csv,8536,17.134948,le35,900,0.24507207587242164
NMC,DST,0.0,0,NMC_0C_DST.csv,8536,17.134948,le35,1200,
NMC,DST,0.0,0,NMC_0C_DST.csv,8536,17.134948,le35,1800,
NMC,DST,0.0,0,NMC_0C_DST.csv,8536,17.134948,le35,2400,
NMC,DST,0.0,1,NMC_0C_DST.csv,156,84.29765,gt65,0,
NMC,DST,0.0,1,NMC_0C_DST.csv,156,84.29765,gt65,30,
NMC,DST,0.0,1,NMC_0C_DST.csv,156,84.29765,gt65,60,0.8188424531555256
NMC,DST,0.0,1,NMC_0C_DST.csv,156,84.29765,gt65,120,0.49452236076355405
NMC,DST,0.0,1,NMC_0C_DST.csv,156,84.29765,gt65,300,0.1362462857818656
NMC,DST,0.0,1,NMC_0C_DST.csv,156,84.29765,gt65,600,0.0063643553161512045
NMC,DST,0.0,1,NMC_0C_DST.csv,156,84.29765,gt65,900,0.38228389595032297
NMC,DST,0.0,1,NMC_0C_DST.csv,156,84.29765,gt65,1200,0.6529447923889222
NMC,DST,0.0,1,NMC_0C_DST.csv,156,84.29765,gt65,1800,0.37170688981628075
NMC,DST,0.0,1,NMC_0C_DST.csv,156,84.29765,gt65,2400,0.4026364070129347
NMC,DST,0.0,1,NMC_0C_DST.csv,564,81.222695,gt65,0,
NMC,DST,0.0,1,NMC_0C_DST.csv,564,81.222695,gt65,30,
NMC,DST,0.0,1,NMC_0C_DST.csv,564,81.222695,gt65,60,0.5545259359741266
NMC,DST,0.0,1,NMC_0C_DST.csv,564,81.222695,gt65,120,0.989228023208625
NMC,DST,0.0,1,NMC_0C_DST.csv,564,81.222695,gt65,300,0.2827901383209195
NMC,DST,0.0,1,NMC_0C_DST.csv,564,81.222695,gt65,600,0.3563859645080498
NMC,DST,0.0,1,NMC_0C_DST.csv,564,81.222695,gt65,900,0.599378022598259
NMC,DST,0.0,1,NMC_0C_DST.csv,564,81.222695,gt65,1200,0.5259559796905506
NMC,DST,0.0,1,NMC_0C_DST.csv,564,81.222695,gt65,1800,0.5010307347717173
NMC,DST,0.0,1,NMC_0C_DST.csv,564,81.222695,gt65,2400,0.38751403926086425
NMC,DST,0.0,1,NMC_0C_DST.csv,1956,69.941497,gt65,0,
NMC,DST,0.0,1,NMC_0C_DST.csv,1956,69.941497,gt65,30,
NMC,DST,0.0,1,NMC_0C_DST.csv,1956,69.941497,gt65,60,0.4177127380371104
NMC,DST,0.0,1,NMC_0C_DST.csv,1956,69.941497,gt65,120,1.4968872964477526
NMC,DST,0.0,1,NMC_0C_DST.csv,1956,69.941497,gt65,300,0.2861730416870074
NMC,DST,0.0,1,NMC_0C_DST.csv,1956,69.941497,gt65,600,1.1664571373138415
NMC,DST,0.0,1,NMC_0C_DST.csv,1956,69.941497,gt65,900,1.2532843296050942
NMC,DST,0.0,1,NMC_0C_DST.csv,1956,69.941497,gt65,1200,0.9212299766540468
NMC,DST,0.0,1,NMC_0C_DST.csv,1956,69.941497,gt65,1800,0.8508109111022932
NMC,DST,0.0,1,NMC_0C_DST.csv,1956,69.941497,gt65,2400,0.6704199454498294
NMC,DST,0.0,1,NMC_0C_DST.csv,2651,64.462304,35to65,0,
NMC,DST,0.0,1,NMC_0C_DST.csv,2651,64.462304,35to65,30,
NMC,DST,0.0,1,NMC_0C_DST.csv,2651,64.462304,35to65,60,0.33964239013671715
NMC,DST,0.0,1,NMC_0C_DST.csv,2651,64.462304,35to65,120,1.28780567951965
NMC,DST,0.0,1,NMC_0C_DST.csv,2651,64.462304,35to65,300,0.06216178630066338
NMC,DST,0.0,1,NMC_0C_DST.csv,2651,64.462304,35to65,600,0.9220300776824928
NMC,DST,0.0,1,NMC_0C_DST.csv,2651,64.462304,35to65,900,1.2798561655426042
NMC,DST,0.0,1,NMC_0C_DST.csv,2651,64.462304,35to65,1200,1.3867973452758804
NMC,DST,0.0,1,NMC_0C_DST.csv,2651,64.462304,35to65,1800,0.7412819606552148
NMC,DST,0.0,1,NMC_0C_DST.csv,2651,64.462304,35to65,2400,0.4778866776733395
NMC,DST,0.0,1,NMC_0C_DST.csv,3207,59.674954,35to65,0,
NMC,DST,0.0,1,NMC_0C_DST.csv,3207,59.674954,35to65,30,
NMC,DST,0.0,1,NMC_0C_DST.csv,3207,59.674954,35to65,60,0.6058934358215353
NMC,DST,0.0,1,NMC_0C_DST.csv,3207,59.674954,35to65,120,0.48774920776367736
NMC,DST,0.0,1,NMC_0C_DST.csv,3207,59.674954,35to65,300,1.55519182983398
NMC,DST,0.0,1,NMC_0C_DST.csv,3207,59.674954,35to65,600,1.2550056455993612
NMC,DST,0.0,1,NMC_0C_DST.csv,3207,59.674954,35to65,900,1.6211574610900854
NMC,DST,0.0,1,NMC_0C_DST.csv,3207,59.674954,35to65,1200,1.1233004032134986
NMC,DST,0.0,1,NMC_0C_DST.csv,3207,59.674954,35to65,1800,0.4203293208770802
NMC,DST,0.0,1,NMC_0C_DST.csv,3207,59.674954,35to65,2400,0.04700679980469147
NMC,DST,0.0,1,NMC_0C_DST.csv,4106,52.87013,35to65,0,
NMC,DST,0.0,1,NMC_0C_DST.csv,4106,52.87013,35to65,30,
NMC,DST,0.0,1,NMC_0C_DST.csv,4106,52.87013,35to65,60,3.797805225448613
NMC,DST,0.0,1,NMC_0C_DST.csv,4106,52.87013,35to65,120,4.5497383556594855
NMC,DST,0.0,1,NMC_0C_DST.csv,4106,52.87013,35to65,300,2.2778736665725745
NMC,DST,0.0,1,NMC_0C_DST.csv,4106,52.87013,35to65,600,2.7175010481262163
NMC,DST,0.0,1,NMC_0C_DST.csv,4106,52.87013,35to65,900,2.003577579116822
NMC,DST,0.0,1,NMC_0C_DST.csv,4106,52.87013,35to65,1200,1.6359772092208829
NMC,DST,0.0,1,NMC_0C_DST.csv,4106,52.87013,35to65,1800,0.5974878133773771
NMC,DST,0.0,1,NMC_0C_DST.csv,4106,52.87013,35to65,2400,0.33231914951324626
NMC,DST,0.0,1,NMC_0C_DST.csv,7059,28.701165,le35,0,
NMC,DST,0.0,1,NMC_0C_DST.csv,7059,28.701165,le35,30,
NMC,DST,0.0,1,NMC_0C_DST.csv,7059,28.701165,le35,60,10.514659506225588
NMC,DST,0.0,1,NMC_0C_DST.csv,7059,28.701165,le35,120,8.302885034790041
NMC,DST,0.0,1,NMC_0C_DST.csv,7059,28.701165,le35,300,8.511916344280241
NMC,DST,0.0,1,NMC_0C_DST.csv,7059,28.701165,le35,600,7.521842874134062
NMC,DST,0.0,1,NMC_0C_DST.csv,7059,28.701165,le35,900,4.549494625793457
NMC,DST,0.0,1,NMC_0C_DST.csv,7059,28.701165,le35,1200,1.5680551716537465
NMC,DST,0.0,1,NMC_0C_DST.csv,7059,28.701165,le35,1800,0.30620259714889464
NMC,DST,0.0,1,NMC_0C_DST.csv,7059,28.701165,le35,2400,0.06713242114067164
NMC,DST,0.0,1,NMC_0C_DST.csv,8318,19.422875,le35,0,
NMC,DST,0.0,1,NMC_0C_DST.csv,8318,19.422875,le35,30,
NMC,DST,0.0,1,NMC_0C_DST.csv,8318,19.422875,le35,60,6.107745787906644
NMC,DST,0.0,1,NMC_0C_DST.csv,8318,19.422875,le35,120,5.7245852735214235
NMC,DST,0.0,1,NMC_0C_DST.csv,8318,19.422875,le35,300,1.7321303675956727
NMC,DST,0.0,1,NMC_0C_DST.csv,8318,19.422875,le35,600,1.0653365379104613
NMC,DST,0.0,1,NMC_0C_DST.csv,8318,19.422875,le35,900,0.3569614076538077
NMC,DST,0.0,1,NMC_0C_DST.csv,8318,19.422875,le35,1200,0.04811728121948278
NMC,DST,0.0,1,NMC_0C_DST.csv,8318,19.422875,le35,1800,
NMC,DST,0.0,1,NMC_0C_DST.csv,8318,19.422875,le35,2400,
NMC,DST,0.0,1,NMC_0C_DST.csv,8536,17.134948,le35,0,
NMC,DST,0.0,1,NMC_0C_DST.csv,8536,17.134948,le35,30,
NMC,DST,0.0,1,NMC_0C_DST.csv,8536,17.134948,le35,60,4.063878910369873
NMC,DST,0.0,1,NMC_0C_DST.csv,8536,17.134948,le35,120,4.092568542617798
NMC,DST,0.0,1,NMC_0C_DST.csv,8536,17.134948,le35,300,1.0317758360099791
NMC,DST,0.0,1,NMC_0C_DST.csv,8536,17.134948,le35,600,0.00646891310119635
NMC,DST,0.0,1,NMC_0C_DST.csv,8536,17.134948,le35,900,0.03975791647911109
NMC,DST,0.0,1,NMC_0C_DST.csv,8536,17.134948,le35,1200,
NMC,DST,0.0,1,NMC_0C_DST.csv,8536,17.134948,le35,1800,
NMC,DST,0.0,1,NMC_0C_DST.csv,8536,17.134948,le35,2400,
NMC,DST,0.0,2,NMC_0C_DST.csv,156,84.29765,gt65,0,
NMC,DST,0.0,2,NMC_0C_DST.csv,156,84.29765,gt65,30,
NMC,DST,0.0,2,NMC_0C_DST.csv,156,84.29765,gt65,60,0.9661076490020832
NMC,DST,0.0,2,NMC_0C_DST.csv,156,84.29765,gt65,120,0.697839764556889
NMC,DST,0.0,2,NMC_0C_DST.csv,156,84.29765,gt65,300,0.31165679489136267
NMC,DST,0.0,2,NMC_0C_DST.csv,156,84.29765,gt65,600,0.3345444104766955
NMC,DST,0.0,2,NMC_0C_DST.csv,156,84.29765,gt65,900,0.6570613083648738
NMC,DST,0.0,2,NMC_0C_DST.csv,156,84.29765,gt65,1200,0.8491632829895082
NMC,DST,0.0,2,NMC_0C_DST.csv,156,84.29765,gt65,1800,0.688982413955685
NMC,DST,0.0,2,NMC_0C_DST.csv,156,84.29765,gt65,2400,0.5897890311431837
NMC,DST,0.0,2,NMC_0C_DST.csv,564,81.222695,gt65,0,
NMC,DST,0.0,2,NMC_0C_DST.csv,564,81.222695,gt65,30,
NMC,DST,0.0,2,NMC_0C_DST.csv,564,81.222695,gt65,60,0.8219540956878717
NMC,DST,0.0,2,NMC_0C_DST.csv,564,81.222695,gt65,120,0.9763891827240059
NMC,DST,0.0,2,NMC_0C_DST.csv,564,81.222695,gt65,300,0.6090778847503628
NMC,DST,0.0,2,NMC_0C_DST.csv,564,81.222695,gt65,600,0.826070565338128
NMC,DST,0.0,2,NMC_0C_DST.csv,564,81.222695,gt65,900,1.044547233032219
NMC,DST,0.0,2,NMC_0C_DST.csv,564,81.222695,gt65,1200,0.9686039136505116
NMC,DST,0.0,2,NMC_0C_DST.csv,564,81.222695,gt65,1800,0.7337153470458873
NMC,DST,0.0,2,NMC_0C_DST.csv,564,81.222695,gt65,2400,0.5983893120117187
NMC,DST,0.0,2,NMC_0C_DST.csv,1956,69.941497,gt65,0,
NMC,DST,0.0,2,NMC_0C_DST.csv,1956,69.941497,gt65,30,
NMC,DST,0.0,2,NMC_0C_DST.csv,1956,69.941497,gt65,60,0.6428863506317128
NMC,DST,0.0,2,NMC_0C_DST.csv,1956,69.941497,gt65,120,1.3202191293334948
NMC,DST,0.0,2,NMC_0C_DST.csv,1956,69.941497,gt65,300,0.5452879110717817
NMC,DST,0.0,2,NMC_0C_DST.csv,1956,69.941497,gt65,600,2.29921956941223
NMC,DST,0.0,2,NMC_0C_DST.csv,1956,69.941497,gt65,900,1.935262793731681
NMC,DST,0.0,2,NMC_0C_DST.csv,1956,69.941497,gt65,1200,1.2407585563659609
NMC,DST,0.0,2,NMC_0C_DST.csv,1956,69.941497,gt65,1800,1.3780020732116682
NMC,DST,0.0,2,NMC_0C_DST.csv,1956,69.941497,gt65,2400,0.8353072545242313
NMC,DST,0.0,2,NMC_0C_DST.csv,2651,64.462304,35to65,0,
NMC,DST,0.0,2,NMC_0C_DST.csv,2651,64.462304,35to65,30,
NMC,DST,0.0,2,NMC_0C_DST.csv,2651,64.462304,35to65,60,0.8146611605834977
NMC,DST,0.0,2,NMC_0C_DST.csv,2651,64.462304,35to65,120,1.2571748525695767
NMC,DST,0.0,2,NMC_0C_DST.csv,2651,64.462304,35to65,300,1.2773810794525104
NMC,DST,0.0,2,NMC_0C_DST.csv,2651,64.462304,35to65,600,2.4264870746002174
NMC,DST,0.0,2,NMC_0C_DST.csv,2651,64.462304,35to65,900,1.808459957733156
NMC,DST,0.0,2,NMC_0C_DST.csv,2651,64.462304,35to65,1200,1.1272548800659195
NMC,DST,0.0,2,NMC_0C_DST.csv,2651,64.462304,35to65,1800,1.021563862014773
NMC,DST,0.0,2,NMC_0C_DST.csv,2651,64.462304,35to65,2400,0.9034042367248531
NMC,DST,0.0,2,NMC_0C_DST.csv,3207,59.674954,35to65,0,
NMC,DST,0.0,2,NMC_0C_DST.csv,3207,59.674954,35to65,30,
NMC,DST,0.0,2,NMC_0C_DST.csv,3207,59.674954,35to65,60,0.5674180361175516
NMC,DST,0.0,2,NMC_0C_DST.csv,3207,59.674954,35to65,120,0.5020991675567572
NMC,DST,0.0,2,NMC_0C_DST.csv,3207,59.674954,35to65,300,2.036243036422725
NMC,DST,0.0,2,NMC_0C_DST.csv,3207,59.674954,35to65,600,2.2236109255218466
NMC,DST,0.0,2,NMC_0C_DST.csv,3207,59.674954,35to65,900,2.104902797622678
NMC,DST,0.0,2,NMC_0C_DST.csv,3207,59.674954,35to65,1200,1.550191849327085
NMC,DST,0.0,2,NMC_0C_DST.csv,3207,59.674954,35to65,1800,0.4239890460662892
NMC,DST,0.0,2,NMC_0C_DST.csv,3207,59.674954,35to65,2400,0.3617350319747885
NMC,DST,0.0,2,NMC_0C_DST.csv,4106,52.87013,35to65,0,
NMC,DST,0.0,2,NMC_0C_DST.csv,4106,52.87013,35to65,30,
NMC,DST,0.0,2,NMC_0C_DST.csv,4106,52.87013,35to65,60,5.269601857261662
NMC,DST,0.0,2,NMC_0C_DST.csv,4106,52.87013,35to65,120,5.972215124153138
NMC,DST,0.0,2,NMC_0C_DST.csv,4106,52.87013,35to65,300,3.5819070652008094
NMC,DST,0.0,2,NMC_0C_DST.csv,4106,52.87013,35to65,600,3.2435507812881426
NMC,DST,0.0,2,NMC_0C_DST.csv,4106,52.87013,35to65,900,2.7358355413436897
NMC,DST,0.0,2,NMC_0C_DST.csv,4106,52.87013,35to65,1200,2.43661063970184
NMC,DST,0.0,2,NMC_0C_DST.csv,4106,52.87013,35to65,1800,1.131390458488461
NMC,DST,0.0,2,NMC_0C_DST.csv,4106,52.87013,35to65,2400,0.529497274894716
NMC,DST,0.0,2,NMC_0C_DST.csv,7059,28.701165,le35,0,
NMC,DST,0.0,2,NMC_0C_DST.csv,7059,28.701165,le35,30,
NMC,DST,0.0,2,NMC_0C_DST.csv,7059,28.701165,le35,60,10.91964028491974
NMC,DST,0.0,2,NMC_0C_DST.csv,7059,28.701165,le35,120,9.306885042896273
NMC,DST,0.0,2,NMC_0C_DST.csv,7059,28.701165,le35,300,9.328447823638914
NMC,DST,0.0,2,NMC_0C_DST.csv,7059,28.701165,le35,600,7.519647933090209
NMC,DST,0.0,2,NMC_0C_DST.csv,7059,28.701165,le35,900,4.909666122661591
NMC,DST,0.0,2,NMC_0C_DST.csv,7059,28.701165,le35,1200,2.564935404941558
NMC,DST,0.0,2,NMC_0C_DST.csv,7059,28.701165,le35,1800,0.49112749768066344
NMC,DST,0.0,2,NMC_0C_DST.csv,7059,28.701165,le35,2400,0.4698482233333596
NMC,DST,0.0,2,NMC_0C_DST.csv,8318,19.422875,le35,0,
NMC,DST,0.0,2,NMC_0C_DST.csv,8318,19.422875,le35,30,
NMC,DST,0.0,2,NMC_0C_DST.csv,8318,19.422875,le35,60,4.661525509166715
NMC,DST,0.0,2,NMC_0C_DST.csv,8318,19.422875,le35,120,4.449075677650452
NMC,DST,0.0,2,NMC_0C_DST.csv,8318,19.422875,le35,300,2.6195049475021364
NMC,DST,0.0,2,NMC_0C_DST.csv,8318,19.422875,le35,600,1.9074100976715087
NMC,DST,0.0,2,NMC_0C_DST.csv,8318,19.422875,le35,900,0.4450809144897452
NMC,DST,0.0,2,NMC_0C_DST.csv,8318,19.422875,le35,1200,0.6697482776851658
NMC,DST,0.0,2,NMC_0C_DST.csv,8318,19.422875,le35,1800,
NMC,DST,0.0,2,NMC_0C_DST.csv,8318,19.422875,le35,2400,
NMC,DST,0.0,2,NMC_0C_DST.csv,8536,17.134948,le35,0,
NMC,DST,0.0,2,NMC_0C_DST.csv,8536,17.134948,le35,30,
NMC,DST,0.0,2,NMC_0C_DST.csv,8536,17.134948,le35,60,2.7144744561386105
NMC,DST,0.0,2,NMC_0C_DST.csv,8536,17.134948,le35,120,2.5487814208450317
NMC,DST,0.0,2,NMC_0C_DST.csv,8536,17.134948,le35,300,1.4713243284416198
NMC,DST,0.0,2,NMC_0C_DST.csv,8536,17.134948,le35,600,0.134366431690216
NMC,DST,0.0,2,NMC_0C_DST.csv,8536,17.134948,le35,900,0.3384449870872501
NMC,DST,0.0,2,NMC_0C_DST.csv,8536,17.134948,le35,1200,
NMC,DST,0.0,2,NMC_0C_DST.csv,8536,17.134948,le35,1800,
NMC,DST,0.0,2,NMC_0C_DST.csv,8536,17.134948,le35,2400,
NMC,DST,25.0,0,NMC_25C_DST.csv,662,78.471255,gt65,0,
NMC,DST,25.0,0,NMC_25C_DST.csv,662,78.471255,gt65,30,
NMC,DST,25.0,0,NMC_25C_DST.csv,662,78.471255,gt65,60,0.9600245318603413
NMC,DST,25.0,0,NMC_25C_DST.csv,662,78.471255,gt65,120,2.0420029299926767
NMC,DST,25.0,0,NMC_25C_DST.csv,662,78.471255,gt65,300,1.761498895950325
NMC,DST,25.0,0,NMC_25C_DST.csv,662,78.471255,gt65,600,0.014060867996207094
NMC,DST,25.0,0,NMC_25C_DST.csv,662,78.471255,gt65,900,0.7689870168304509
NMC,DST,25.0,0,NMC_25C_DST.csv,662,78.471255,gt65,1200,0.932605253753664
NMC,DST,25.0,0,NMC_25C_DST.csv,662,78.471255,gt65,1800,0.6553827532348748
NMC,DST,25.0,0,NMC_25C_DST.csv,662,78.471255,gt65,2400,0.3902119845581069
NMC,DST,25.0,0,NMC_25C_DST.csv,733,78.60540999999999,gt65,0,
NMC,DST,25.0,0,NMC_25C_DST.csv,733,78.60540999999999,gt65,30,
NMC,DST,25.0,0,NMC_25C_DST.csv,733,78.60540999999999,gt65,60,0.8489802020263681
NMC,DST,25.0,0,NMC_25C_DST.csv,733,78.60540999999999,gt65,120,0.5504171354675265
NMC,DST,25.0,0,NMC_25C_DST.csv,733,78.60540999999999,gt65,300,0.3369688647918707
NMC,DST,25.0,0,NMC_25C_DST.csv,733,78.60540999999999,gt65,600,0.1773833183746376
NMC,DST,25.0,0,NMC_25C_DST.csv,733,78.60540999999999,gt65,900,0.5614874634399456
NMC,DST,25.0,0,NMC_25C_DST.csv,733,78.60540999999999,gt65,1200,0.7088186647033723
NMC,DST,25.0,0,NMC_25C_DST.csv,733,78.60540999999999,gt65,1800,0.5441079330444296
NMC,DST,25.0,0,NMC_25C_DST.csv,733,78.60540999999999,gt65,2400,0.37744679063415276
NMC,DST,25.0,0,NMC_25C_DST.csv,1726,71.13879,gt65,0,
NMC,DST,25.0,0,NMC_25C_DST.csv,1726,71.13879,gt65,30,
NMC,DST,25.0,0,NMC_25C_DST.csv,1726,71.13879,gt65,60,0.6668385421600362
NMC,DST,25.0,0,NMC_25C_DST.csv,1726,71.13879,gt65,120,1.5196564944457975
NMC,DST,25.0,0,NMC_25C_DST.csv,1726,71.13879,gt65,300,0.3357173287048312
NMC,DST,25.0,0,NMC_25C_DST.csv,1726,71.13879,gt65,600,0.35165045631408987
NMC,DST,25.0,0,NMC_25C_DST.csv,1726,71.13879,gt65,900,1.3121187545318662
NMC,DST,25.0,0,NMC_25C_DST.csv,1726,71.13879,gt65,1200,1.0137319994659393
NMC,DST,25.0,0,NMC_25C_DST.csv,1726,71.13879,gt65,1800,1.1087911518859883
NMC,DST,25.0,0,NMC_25C_DST.csv,1726,71.13879,gt65,2400,0.05004668243407906
NMC,DST,25.0,0,NMC_25C_DST.csv,2923,63.502590000000005,35to65,0,
NMC,DST,25.0,0,NMC_25C_DST.csv,2923,63.502590000000005,35to65,30,
NMC,DST,25.0,0,NMC_25C_DST.csv,2923,63.502590000000005,35to65,60,1.3044212209320065
NMC,DST,25.0,0,NMC_25C_DST.csv,2923,63.502590000000005,35to65,120,0.8282967268371664
NMC,DST,25.0,0,NMC_25C_DST.csv,2923,63.502590000000005,35to65,300,0.3506630538940385
NMC,DST,25.0,0,NMC_25C_DST.csv,2923,63.502590000000005,35to65,600,1.9757498561859137
NMC,DST,25.0,0,NMC_25C_DST.csv,2923,63.502590000000005,35to65,900,0.37448657684326037
NMC,DST,25.0,0,NMC_25C_DST.csv,2923,63.502590000000005,35to65,1200,0.02077817553710304
NMC,DST,25.0,0,NMC_25C_DST.csv,2923,63.502590000000005,35to65,1800,0.18618333717346047
NMC,DST,25.0,0,NMC_25C_DST.csv,2923,63.502590000000005,35to65,2400,0.07503068775939425
NMC,DST,25.0,0,NMC_25C_DST.csv,6593,38.194472000000005,35to65,0,
NMC,DST,25.0,0,NMC_25C_DST.csv,6593,38.194472000000005,35to65,30,
NMC,DST,25.0,0,NMC_25C_DST.csv,6593,38.194472000000005,35to65,60,4.876703492912291
NMC,DST,25.0,0,NMC_25C_DST.csv,6593,38.194472000000005,35to65,120,4.849890219390865
NMC,DST,25.0,0,NMC_25C_DST.csv,6593,38.194472000000005,35to65,300,3.7773341962204015
NMC,DST,25.0,0,NMC_25C_DST.csv,6593,38.194472000000005,35to65,600,3.11071233115387
NMC,DST,25.0,0,NMC_25C_DST.csv,6593,38.194472000000005,35to65,900,2.3438961635360727
NMC,DST,25.0,0,NMC_25C_DST.csv,6593,38.194472000000005,35to65,1200,1.7274768393783546
NMC,DST,25.0,0,NMC_25C_DST.csv,6593,38.194472000000005,35to65,1800,0.9857627823867787
NMC,DST,25.0,0,NMC_25C_DST.csv,6593,38.194472000000005,35to65,2400,0.37146535158157334
NMC,DST,25.0,0,NMC_25C_DST.csv,6706,36.74935,35to65,0,
NMC,DST,25.0,0,NMC_25C_DST.csv,6706,36.74935,35to65,30,
NMC,DST,25.0,0,NMC_25C_DST.csv,6706,36.74935,35to65,60,7.329681619468687
NMC,DST,25.0,0,NMC_25C_DST.csv,6706,36.74935,35to65,120,6.51152991027832
NMC,DST,25.0,0,NMC_25C_DST.csv,6706,36.74935,35to65,300,6.007995992256163
NMC,DST,25.0,0,NMC_25C_DST.csv,6706,36.74935,35to65,600,4.7592850769882205
NMC,DST,25.0,0,NMC_25C_DST.csv,6706,36.74935,35to65,900,3.4102976448287983
NMC,DST,25.0,0,NMC_25C_DST.csv,6706,36.74935,35to65,1200,2.4445561176528905
NMC,DST,25.0,0,NMC_25C_DST.csv,6706,36.74935,35to65,1800,1.1238258435707067
NMC,DST,25.0,0,NMC_25C_DST.csv,6706,36.74935,35to65,2400,0.49027829276657187
NMC,DST,25.0,0,NMC_25C_DST.csv,7633,30.984113,le35,0,
NMC,DST,25.0,0,NMC_25C_DST.csv,7633,30.984113,le35,30,
NMC,DST,25.0,0,NMC_25C_DST.csv,7633,30.984113,le35,60,4.4200716889038105
NMC,DST,25.0,0,NMC_25C_DST.csv,7633,30.984113,le35,120,4.4320099540329
NMC,DST,25.0,0,NMC_25C_DST.csv,7633,30.984113,le35,300,3.223041072799681
NMC,DST,25.0,0,NMC_25C_DST.csv,7633,30.984113,le35,600,2.3000529931831366
NMC,DST,25.0,0,NMC_25C_DST.csv,7633,30.984113,le35,900,1.5766157536354086
NMC,DST,25.0,0,NMC_25C_DST.csv,7633,30.984113,le35,1200,0.7366432853927591
NMC,DST,25.0,0,NMC_25C_DST.csv,7633,30.984113,le35,1800,0.5373907096252424
NMC,DST,25.0,0,NMC_25C_DST.csv,7633,30.984113,le35,2400,0.4039450660476671
NMC,DST,25.0,0,NMC_25C_DST.csv,8892,21.746677000000002,le35,0,
NMC,DST,25.0,0,NMC_25C_DST.csv,8892,21.746677000000002,le35,30,
NMC,DST,25.0,0,NMC_25C_DST.csv,8892,21.746677000000002,le35,60,4.369358502128602
NMC,DST,25.0,0,NMC_25C_DST.csv,8892,21.746677000000002,le35,120,4.437055995380401
NMC,DST,25.0,0,NMC_25C_DST.csv,8892,21.746677000000002,le35,300,4.300536339870455
NMC,DST,25.0,0,NMC_25C_DST.csv,8892,21.746677000000002,le35,600,2.171515412906647
NMC,DST,25.0,0,NMC_25C_DST.csv,8892,21.746677000000002,le35,900,1.2959140878219628
NMC,DST,25.0,0,NMC_25C_DST.csv,8892,21.746677000000002,le35,1200,0.7843716898498521
NMC,DST,25.0,0,NMC_25C_DST.csv,8892,21.746677000000002,le35,1800,
NMC,DST,25.0,0,NMC_25C_DST.csv,8892,21.746677000000002,le35,2400,
NMC,DST,25.0,0,NMC_25C_DST.csv,9914,14.502966,le35,0,
NMC,DST,25.0,0,NMC_25C_DST.csv,9914,14.502966,le35,30,
NMC,DST,25.0,0,NMC_25C_DST.csv,9914,14.502966,le35,60,5.316910254405977
NMC,DST,25.0,0,NMC_25C_DST.csv,9914,14.502966,le35,120,4.731541006374359
NMC,DST,25.0,0,NMC_25C_DST.csv,9914,14.502966,le35,300,4.616838354110717
NMC,DST,25.0,0,NMC_25C_DST.csv,9914,14.502966,le35,600,2.487270813703537
NMC,DST,25.0,0,NMC_25C_DST.csv,9914,14.502966,le35,900,
NMC,DST,25.0,0,NMC_25C_DST.csv,9914,14.502966,le35,1200,
NMC,DST,25.0,0,NMC_25C_DST.csv,9914,14.502966,le35,1800,
NMC,DST,25.0,0,NMC_25C_DST.csv,9914,14.502966,le35,2400,
NMC,DST,25.0,1,NMC_25C_DST.csv,662,78.471255,gt65,0,
NMC,DST,25.0,1,NMC_25C_DST.csv,662,78.471255,gt65,30,
NMC,DST,25.0,1,NMC_25C_DST.csv,662,78.471255,gt65,60,0.24990075447081495
NMC,DST,25.0,1,NMC_25C_DST.csv,662,78.471255,gt65,120,1.1047020095062265
NMC,DST,25.0,1,NMC_25C_DST.csv,662,78.471255,gt65,300,0.8784799254608231
NMC,DST,25.0,1,NMC_25C_DST.csv,662,78.471255,gt65,600,0.16083134529112897
NMC,DST,25.0,1,NMC_25C_DST.csv,662,78.471255,gt65,900,0.44230587974548996
NMC,DST,25.0,1,NMC_25C_DST.csv,662,78.471255,gt65,1200,0.8725893369293232
NMC,DST,25.0,1,NMC_25C_DST.csv,662,78.471255,gt65,1800,0.8187888868866082
NMC,DST,25.0,1,NMC_25C_DST.csv,662,78.471255,gt65,2400,0.5415600985717788
NMC,DST,25.0,1,NMC_25C_DST.csv,733,78.60540999999999,gt65,0,
NMC,DST,25.0,1,NMC_25C_DST.csv,733,78.60540999999999,gt65,30,
NMC,DST,25.0,1,NMC_25C_DST.csv,733,78.60540999999999,gt65,60,0.7010474341583262
NMC,DST,25.0,1,NMC_25C_DST.csv,733,78.60540999999999,gt65,120,0.5650381548309298
NMC,DST,25.0,1,NMC_25C_DST.csv,733,78.60540999999999,gt65,300,0.4997133868865973
NMC,DST,25.0,1,NMC_25C_DST.csv,733,78.60540999999999,gt65,600,0.5950211433868446
NMC,DST,25.0,1,NMC_25C_DST.csv,733,78.60540999999999,gt65,900,0.5951581272735638
NMC,DST,25.0,1,NMC_25C_DST.csv,733,78.60540999999999,gt65,1200,0.7675888444519074
NMC,DST,25.0,1,NMC_25C_DST.csv,733,78.60540999999999,gt65,1800,0.6793031883239706
NMC,DST,25.0,1,NMC_25C_DST.csv,733,78.60540999999999,gt65,2400,0.35136975854491936
NMC,DST,25.0,1,NMC_25C_DST.csv,1726,71.13879,gt65,0,
NMC,DST,25.0,1,NMC_25C_DST.csv,1726,71.13879,gt65,30,
NMC,DST,25.0,1,NMC_25C_DST.csv,1726,71.13879,gt65,60,0.9444412147369405
NMC,DST,25.0,1,NMC_25C_DST.csv,1726,71.13879,gt65,120,1.4700535090637175
NMC,DST,25.0,1,NMC_25C_DST.csv,1726,71.13879,gt65,300,0.7623852574005099
NMC,DST,25.0,1,NMC_25C_DST.csv,1726,71.13879,gt65,600,0.4337718688201875
NMC,DST,25.0,1,NMC_25C_DST.csv,1726,71.13879,gt65,900,0.5112469054718076
NMC,DST,25.0,1,NMC_25C_DST.csv,1726,71.13879,gt65,1200,0.45601729876708674
NMC,DST,25.0,1,NMC_25C_DST.csv,1726,71.13879,gt65,1800,0.8128123673248311
NMC,DST,25.0,1,NMC_25C_DST.csv,1726,71.13879,gt65,2400,0.031146049575802692
NMC,DST,25.0,1,NMC_25C_DST.csv,2923,63.502590000000005,35to65,0,
NMC,DST,25.0,1,NMC_25C_DST.csv,2923,63.502590000000005,35to65,30,
NMC,DST,25.0,1,NMC_25C_DST.csv,2923,63.502590000000005,35to65,60,0.9590778695678708
NMC,DST,25.0,1,NMC_25C_DST.csv,2923,63.502590000000005,35to65,120,0.6140895544433675
NMC,DST,25.0,1,NMC_25C_DST.csv,2923,63.502590000000005,35to65,300,0.861123216247563
NMC,DST,25.0,1,NMC_25C_DST.csv,2923,63.502590000000005,35to65,600,1.001821881484986
NMC,DST,25.0,1,NMC_25C_DST.csv,2923,63.502590000000005,35to65,900,0.864389073181151
NMC,DST,25.0,1,NMC_25C_DST.csv,2923,63.502590000000005,35to65,1200,0.04060268765259423
NMC,DST,25.0,1,NMC_25C_DST.csv,2923,63.502590000000005,35to65,1800,0.05320537467956399
NMC,DST,25.0,1,NMC_25C_DST.csv,2923,63.502590000000005,35to65,2400,0.5276557174224905
NMC,DST,25.0,1,NMC_25C_DST.csv,6593,38.194472000000005,35to65,0,
NMC,DST,25.0,1,NMC_25C_DST.csv,6593,38.194472000000005,35to65,30,
NMC,DST,25.0,1,NMC_25C_DST.csv,6593,38.194472000000005,35to65,60,4.479772321495055
NMC,DST,25.0,1,NMC_25C_DST.csv,6593,38.194472000000005,35to65,120,4.598847376525875
NMC,DST,25.0,1,NMC_25C_DST.csv,6593,38.194472000000005,35to65,300,3.5655350514755284
NMC,DST,25.0,1,NMC_25C_DST.csv,6593,38.194472000000005,35to65,600,2.974584263183594
NMC,DST,25.0,1,NMC_25C_DST.csv,6593,38.194472000000005,35to65,900,1.8749208579788217
NMC,DST,25.0,1,NMC_25C_DST.csv,6593,38.194472000000005,35to65,1200,1.6686500352172828
NMC,DST,25.0,1,NMC_25C_DST.csv,6593,38.194472000000005,35to65,1800,1.1070418432273854
NMC,DST,25.0,1,NMC_25C_DST.csv,6593,38.194472000000005,35to65,2400,0.35563882827758775
NMC,DST,25.0,1,NMC_25C_DST.csv,6706,36.74935,35to65,0,
NMC,DST,25.0,1,NMC_25C_DST.csv,6706,36.74935,35to65,30,
NMC,DST,25.0,1,NMC_25C_DST.csv,6706,36.74935,35to65,60,7.0971191967163065
NMC,DST,25.0,1,NMC_25C_DST.csv,6706,36.74935,35to65,120,6.3944932100296015
NMC,DST,25.0,1,NMC_25C_DST.csv,6706,36.74935,35to65,300,5.7272253328094465
NMC,DST,25.0,1,NMC_25C_DST.csv,6706,36.74935,35to65,600,4.601177796257019
NMC,DST,25.0,1,NMC_25C_DST.csv,6706,36.74935,35to65,900,3.369826091026308
NMC,DST,25.0,1,NMC_25C_DST.csv,6706,36.74935,35to65,1200,2.5798825031509374
NMC,DST,25.0,1,NMC_25C_DST.csv,6706,36.74935,35to65,1800,1.2278985335807775
NMC,DST,25.0,1,NMC_25C_DST.csv,6706,36.74935,35to65,2400,0.4513162265930184
NMC,DST,25.0,1,NMC_25C_DST.csv,7633,30.984113,le35,0,
NMC,DST,25.0,1,NMC_25C_DST.csv,7633,30.984113,le35,30,
NMC,DST,25.0,1,NMC_25C_DST.csv,7633,30.984113,le35,60,4.637002793563845
NMC,DST,25.0,1,NMC_25C_DST.csv,7633,30.984113,le35,120,4.01612152534485
NMC,DST,25.0,1,NMC_25C_DST.csv,7633,30.984113,le35,300,3.616875782920836
NMC,DST,25.0,1,NMC_25C_DST.csv,7633,30.984113,le35,600,2.490281216983796
NMC,DST,25.0,1,NMC_25C_DST.csv,7633,30.984113,le35,900,1.346151414379122
NMC,DST,25.0,1,NMC_25C_DST.csv,7633,30.984113,le35,1200,1.2971743055572489
NMC,DST,25.0,1,NMC_25C_DST.csv,7633,30.984113,le35,1800,0.34734129975890937
NMC,DST,25.0,1,NMC_25C_DST.csv,7633,30.984113,le35,2400,0.5479215756187426
NMC,DST,25.0,1,NMC_25C_DST.csv,8892,21.746677000000002,le35,0,
NMC,DST,25.0,1,NMC_25C_DST.csv,8892,21.746677000000002,le35,30,
NMC,DST,25.0,1,NMC_25C_DST.csv,8892,21.746677000000002,le35,60,5.5131910068779
NMC,DST,25.0,1,NMC_25C_DST.csv,8892,21.746677000000002,le35,120,5.521262993728637
NMC,DST,25.0,1,NMC_25C_DST.csv,8892,21.746677000000002,le35,300,4.279849057785036
NMC,DST,25.0,1,NMC_25C_DST.csv,8892,21.746677000000002,le35,600,2.357432730773926
NMC,DST,25.0,1,NMC_25C_DST.csv,8892,21.746677000000002,le35,900,1.1824775081176782
NMC,DST,25.0,1,NMC_25C_DST.csv,8892,21.746677000000002,le35,1200,0.8170216241416917
NMC,DST,25.0,1,NMC_25C_DST.csv,8892,21.746677000000002,le35,1800,
NMC,DST,25.0,1,NMC_25C_DST.csv,8892,21.746677000000002,le35,2400,
NMC,DST,25.0,1,NMC_25C_DST.csv,9914,14.502966,le35,0,
NMC,DST,25.0,1,NMC_25C_DST.csv,9914,14.502966,le35,30,
NMC,DST,25.0,1,NMC_25C_DST.csv,9914,14.502966,le35,60,5.856742071556093
NMC,DST,25.0,1,NMC_25C_DST.csv,9914,14.502966,le35,120,5.601732312250137
NMC,DST,25.0,1,NMC_25C_DST.csv,9914,14.502966,le35,300,5.1628988566398615
NMC,DST,25.0,1,NMC_25C_DST.csv,9914,14.502966,le35,600,2.818590682268143
NMC,DST,25.0,1,NMC_25C_DST.csv,9914,14.502966,le35,900,
NMC,DST,25.0,1,NMC_25C_DST.csv,9914,14.502966,le35,1200,
NMC,DST,25.0,1,NMC_25C_DST.csv,9914,14.502966,le35,1800,
NMC,DST,25.0,1,NMC_25C_DST.csv,9914,14.502966,le35,2400,
NMC,DST,25.0,2,NMC_25C_DST.csv,662,78.471255,gt65,0,
NMC,DST,25.0,2,NMC_25C_DST.csv,662,78.471255,gt65,30,
NMC,DST,25.0,2,NMC_25C_DST.csv,662,78.471255,gt65,60,0.047013823013315914
NMC,DST,25.0,2,NMC_25C_DST.csv,662,78.471255,gt65,120,1.3274028437805185
NMC,DST,25.0,2,NMC_25C_DST.csv,662,78.471255,gt65,300,1.3042716658783036
NMC,DST,25.0,2,NMC_25C_DST.csv,662,78.471255,gt65,600,0.010490549774161195
NMC,DST,25.0,2,NMC_25C_DST.csv,662,78.471255,gt65,900,0.6439901162719792
NMC,DST,25.0,2,NMC_25C_DST.csv,662,78.471255,gt65,1200,1.0151874890899677
NMC,DST,25.0,2,NMC_25C_DST.csv,662,78.471255,gt65,1800,0.9701071985778924
NMC,DST,25.0,2,NMC_25C_DST.csv,662,78.471255,gt65,2400,0.48835103218078757
NMC,DST,25.0,2,NMC_25C_DST.csv,733,78.60540999999999,gt65,0,
NMC,DST,25.0,2,NMC_25C_DST.csv,733,78.60540999999999,gt65,30,
NMC,DST,25.0,2,NMC_25C_DST.csv,733,78.60540999999999,gt65,60,0.4779710906219492
NMC,DST,25.0,2,NMC_25C_DST.csv,733,78.60540999999999,gt65,120,0.41760010551452353
NMC,DST,25.0,2,NMC_25C_DST.csv,733,78.60540999999999,gt65,300,0.3998338836364752
NMC,DST,25.0,2,NMC_25C_DST.csv,733,78.60540999999999,gt65,600,0.7123469261627235
NMC,DST,25.0,2,NMC_25C_DST.csv,733,78.60540999999999,gt65,900,0.7993815216674847
NMC,DST,25.0,2,NMC_25C_DST.csv,733,78.60540999999999,gt65,1200,0.8570077325439485
NMC,DST,25.0,2,NMC_25C_DST.csv,733,78.60540999999999,gt65,1800,0.7805535984039267
NMC,DST,25.0,2,NMC_25C_DST.csv,733,78.60540999999999,gt65,2400,0.4314724406585668
NMC,DST,25.0,2,NMC_25C_DST.csv,1726,71.13879,gt65,0,
NMC,DST,25.0,2,NMC_25C_DST.csv,1726,71.13879,gt65,30,
NMC,DST,25.0,2,NMC_25C_DST.csv,1726,71.13879,gt65,60,0.12285079115295616
NMC,DST,25.0,2,NMC_25C_DST.csv,1726,71.13879,gt65,120,1.3939562590789762
NMC,DST,25.0,2,NMC_25C_DST.csv,1726,71.13879,gt65,300,1.0864974342956515
NMC,DST,25.0,2,NMC_25C_DST.csv,1726,71.13879,gt65,600,0.3752997122955293
NMC,DST,25.0,2,NMC_25C_DST.csv,1726,71.13879,gt65,900,0.504064545776373
NMC,DST,25.0,2,NMC_25C_DST.csv,1726,71.13879,gt65,1200,0.5104363394470184
NMC,DST,25.0,2,NMC_25C_DST.csv,1726,71.13879,gt65,1800,0.9428518208313008
NMC,DST,25.0,2,NMC_25C_DST.csv,1726,71.13879,gt65,2400,0.45746827133178414
NMC,DST,25.0,2,NMC_25C_DST.csv,2923,63.502590000000005,35to65,0,
NMC,DST,25.0,2,NMC_25C_DST.csv,2923,63.502590000000005,35to65,30,
NMC,DST,25.0,2,NMC_25C_DST.csv,2923,63.502590000000005,35to65,60,1.2408767091369626
NMC,DST,25.0,2,NMC_25C_DST.csv,2923,63.502590000000005,35to65,120,1.497269457473763
NMC,DST,25.0,2,NMC_25C_DST.csv,2923,63.502590000000005,35to65,300,0.07528365859985797
NMC,DST,25.0,2,NMC_25C_DST.csv,2923,63.502590000000005,35to65,600,1.8133152782440192
NMC,DST,25.0,2,NMC_25C_DST.csv,2923,63.502590000000005,35to65,900,0.019613373947144908
NMC,DST,25.0,2,NMC_25C_DST.csv,2923,63.502590000000005,35to65,1200,0.09571313494872413
NMC,DST,25.0,2,NMC_25C_DST.csv,2923,63.502590000000005,35to65,1800,0.21286833663940286
NMC,DST,25.0,2,NMC_25C_DST.csv,2923,63.502590000000005,35to65,2400,0.36009586186217746
NMC,DST,25.0,2,NMC_25C_DST.csv,6593,38.194472000000005,35to65,0,
NMC,DST,25.0,2,NMC_25C_DST.csv,6593,38.194472000000005,35to65,30,
NMC,DST,25.0,2,NMC_25C_DST.csv,6593,38.194472000000005,35to65,60,5.204073063644408
NMC,DST,25.0,2,NMC_25C_DST.csv,6593,38.194472000000005,35to65,120,5.546397315681453
NMC,DST,25.0,2,NMC_25C_DST.csv,6593,38.194472000000005,35to65,300,4.085967046867374
NMC,DST,25.0,2,NMC_25C_DST.csv,6593,38.194472000000005,35to65,600,3.144049208976746
NMC,DST,25.0,2,NMC_25C_DST.csv,6593,38.194472000000005,35to65,900,2.2905589471588144
NMC,DST,25.0,2,NMC_25C_DST.csv,6593,38.194472000000005,35to65,1200,2.007520322158811
NMC,DST,25.0,2,NMC_25C_DST.csv,6593,38.194472000000005,35to65,1800,1.070484824470519
NMC,DST,25.0,2,NMC_25C_DST.csv,6593,38.194472000000005,35to65,2400,0.5074205660820006
NMC,DST,25.0,2,NMC_25C_DST.csv,6706,36.74935,35to65,0,
NMC,DST,25.0,2,NMC_25C_DST.csv,6706,36.74935,35to65,30,
NMC,DST,25.0,2,NMC_25C_DST.csv,6706,36.74935,35to65,60,8.128738507095335
NMC,DST,25.0,2,NMC_25C_DST.csv,6706,36.74935,35to65,120,7.864322888565063
NMC,DST,25.0,2,NMC_25C_DST.csv,6706,36.74935,35to65,300,7.1863142543563825
NMC,DST,25.0,2,NMC_25C_DST.csv,6706,36.74935,35to65,600,5.583006366622925
NMC,DST,25.0,2,NMC_25C_DST.csv,6706,36.74935,35to65,900,3.778347385620119
NMC,DST,25.0,2,NMC_25C_DST.csv,6706,36.74935,35to65,1200,2.73093855440521
NMC,DST,25.0,2,NMC_25C_DST.csv,6706,36.74935,35to65,1800,1.3404142215232824
NMC,DST,25.0,2,NMC_25C_DST.csv,6706,36.74935,35to65,2400,0.5466270338211068
NMC,DST,25.0,2,NMC_25C_DST.csv,7633,30.984113,le35,0,
NMC,DST,25.0,2,NMC_25C_DST.csv,7633,30.984113,le35,30,
NMC,DST,25.0,2,NMC_25C_DST.csv,7633,30.984113,le35,60,5.469316092742922
NMC,DST,25.0,2,NMC_25C_DST.csv,7633,30.984113,le35,120,5.3012840934371965
NMC,DST,25.0,2,NMC_25C_DST.csv,7633,30.984113,le35,300,4.105361178829192
NMC,DST,25.0,2,NMC_25C_DST.csv,7633,30.984113,le35,600,2.6145539211082465
NMC,DST,25.0,2,NMC_25C_DST.csv,7633,30.984113,le35,900,1.734022679790499
NMC,DST,25.0,2,NMC_25C_DST.csv,7633,30.984113,le35,1200,1.0244458028068522
NMC,DST,25.0,2,NMC_25C_DST.csv,7633,30.984113,le35,1800,0.5897161371574384
NMC,DST,25.0,2,NMC_25C_DST.csv,7633,30.984113,le35,2400,0.5957334414253221
NMC,DST,25.0,2,NMC_25C_DST.csv,8892,21.746677000000002,le35,0,
NMC,DST,25.0,2,NMC_25C_DST.csv,8892,21.746677000000002,le35,30,
NMC,DST,25.0,2,NMC_25C_DST.csv,8892,21.746677000000002,le35,60,5.108339868286134
NMC,DST,25.0,2,NMC_25C_DST.csv,8892,21.746677000000002,le35,120,4.980985631858825
NMC,DST,25.0,2,NMC_25C_DST.csv,8892,21.746677000000002,le35,300,4.478672271362306
NMC,DST,25.0,2,NMC_25C_DST.csv,8892,21.746677000000002,le35,600,2.2581328826942446
NMC,DST,25.0,2,NMC_25C_DST.csv,8892,21.746677000000002,le35,900,1.3587463241119409
NMC,DST,25.0,2,NMC_25C_DST.csv,8892,21.746677000000002,le35,1200,1.0406731525001511
NMC,DST,25.0,2,NMC_25C_DST.csv,8892,21.746677000000002,le35,1800,
NMC,DST,25.0,2,NMC_25C_DST.csv,8892,21.746677000000002,le35,2400,
NMC,DST,25.0,2,NMC_25C_DST.csv,9914,14.502966,le35,0,
NMC,DST,25.0,2,NMC_25C_DST.csv,9914,14.502966,le35,30,
NMC,DST,25.0,2,NMC_25C_DST.csv,9914,14.502966,le35,60,4.014340149806978
NMC,DST,25.0,2,NMC_25C_DST.csv,9914,14.502966,le35,120,3.561492143678665
NMC,DST,25.0,2,NMC_25C_DST.csv,9914,14.502966,le35,300,2.9853102149963373
NMC,DST,25.0,2,NMC_25C_DST.csv,9914,14.502966,le35,600,1.8935765142440797
NMC,DST,25.0,2,NMC_25C_DST.csv,9914,14.502966,le35,900,
NMC,DST,25.0,2,NMC_25C_DST.csv,9914,14.502966,le35,1200,
NMC,DST,25.0,2,NMC_25C_DST.csv,9914,14.502966,le35,1800,
NMC,DST,25.0,2,NMC_25C_DST.csv,9914,14.502966,le35,2400,
NMC,DST,45.0,0,NMC_45C_DST.csv,735,80.177593,gt65,0,
NMC,DST,45.0,0,NMC_45C_DST.csv,735,80.177593,gt65,30,
NMC,DST,45.0,0,NMC_45C_DST.csv,735,80.177593,gt65,60,1.575332831787108
NMC,DST,45.0,0,NMC_45C_DST.csv,735,80.177593,gt65,120,1.4116565839386084
NMC,DST,45.0,0,NMC_45C_DST.csv,735,80.177593,gt65,300,0.428292145614634
NMC,DST,45.0,0,NMC_45C_DST.csv,735,80.177593,gt65,600,0.42060141281127983
NMC,DST,45.0,0,NMC_45C_DST.csv,735,80.177593,gt65,900,0.17749674777222424
NMC,DST,45.0,0,NMC_45C_DST.csv,735,80.177593,gt65,1200,0.10545896972655555
NMC,DST,45.0,0,NMC_45C_DST.csv,735,80.177593,gt65,1800,0.032382529602045906
NMC,DST,45.0,0,NMC_45C_DST.csv,735,80.177593,gt65,2400,0.4026032431030302
NMC,DST,45.0,0,NMC_45C_DST.csv,933,79.07845999999999,gt65,0,
NMC,DST,45.0,0,NMC_45C_DST.csv,933,79.07845999999999,gt65,30,
NMC,DST,45.0,0,NMC_45C_DST.csv,933,79.07845999999999,gt65,60,0.9098855428314181
NMC,DST,45.0,0,NMC_45C_DST.csv,933,79.07845999999999,gt65,120,0.5421524124908501
NMC,DST,45.0,0,NMC_45C_DST.csv,933,79.07845999999999,gt65,300,0.9347014837646412
NMC,DST,45.0,0,NMC_45C_DST.csv,933,79.07845999999999,gt65,600,0.3405232210540845
NMC,DST,45.0,0,NMC_45C_DST.csv,933,79.07845999999999,gt65,900,0.007802146911615182
NMC,DST,45.0,0,NMC_45C_DST.csv,933,79.07845999999999,gt65,1200,0.2112927144622887
NMC,DST,45.0,0,NMC_45C_DST.csv,933,79.07845999999999,gt65,1800,0.30211196556091124
NMC,DST,45.0,0,NMC_45C_DST.csv,933,79.07845999999999,gt65,2400,0.16458584167479984
NMC,DST,45.0,0,NMC_45C_DST.csv,2141,69.66042999999999,gt65,0,
NMC,DST,45.0,0,NMC_45C_DST.csv,2141,69.66042999999999,gt65,30,
NMC,DST,45.0,0,NMC_45C_DST.csv,2141,69.66042999999999,gt65,60,2.4396823316955647
NMC,DST,45.0,0,NMC_45C_DST.csv,2141,69.66042999999999,gt65,120,2.5755528394928007
NMC,DST,45.0,0,NMC_45C_DST.csv,2141,69.66042999999999,gt65,300,0.15033404533386374
NMC,DST,45.0,0,NMC_45C_DST.csv,2141,69.66042999999999,gt65,600,0.2894728653717067
NMC,DST,45.0,0,NMC_45C_DST.csv,2141,69.66042999999999,gt65,900,0.2361920706939742
NMC,DST,45.0,0,NMC_45C_DST.csv,2141,69.66042999999999,gt65,1200,0.07418406242371134
NMC,DST,45.0,0,NMC_45C_DST.csv,2141,69.66042999999999,gt65,1800,0.03175344474792752
NMC,DST,45.0,0,NMC_45C_DST.csv,2141,69.66042999999999,gt65,2400,0.16131007682800202
NMC,DST,45.0,0,NMC_45C_DST.csv,4924,48.673627,35to65,0,
NMC,DST,45.0,0,NMC_45C_DST.csv,4924,48.673627,35to65,30,
NMC,DST,45.0,0,NMC_45C_DST.csv,4924,48.673627,35to65,60,4.678825034049986
NMC,DST,45.0,0,NMC_45C_DST.csv,4924,48.673627,35to65,120,4.44340153323364
NMC,DST,45.0,0,NMC_45C_DST.csv,4924,48.673627,35to65,300,3.1554614505920426
NMC,DST,45.0,0,NMC_45C_DST.csv,4924,48.673627,35to65,600,2.414412403640746
NMC,DST,45.0,0,NMC_45C_DST.csv,4924,48.673627,35to65,900,1.7753008917617805
NMC,DST,45.0,0,NMC_45C_DST.csv,4924,48.673627,35to65,1200,1.6101743384628264
NMC,DST,45.0,0,NMC_45C_DST.csv,4924,48.673627,35to65,1800,0.6350425096206678
NMC,DST,45.0,0,NMC_45C_DST.csv,4924,48.673627,35to65,2400,0.052221550369264236
NMC,DST,45.0,0,NMC_45C_DST.csv,5871,42.414755,35to65,0,
NMC,DST,45.0,0,NMC_45C_DST.csv,5871,42.414755,35to65,30,
NMC,DST,45.0,0,NMC_45C_DST.csv,5871,42.414755,35to65,60,3.8035211448364237
NMC,DST,45.0,0,NMC_45C_DST.csv,5871,42.414755,35to65,120,3.8046511902770987
NMC,DST,45.0,0,NMC_45C_DST.csv,5871,42.414755,35to65,300,2.76803699687958
NMC,DST,45.0,0,NMC_45C_DST.csv,5871,42.414755,35to65,600,2.0304052156143158
NMC,DST,45.0,0,NMC_45C_DST.csv,5871,42.414755,35to65,900,1.2368385439910838
NMC,DST,45.0,0,NMC_45C_DST.csv,5871,42.414755,35to65,1200,0.8090940099029567
NMC,DST,45.0,0,NMC_45C_DST.csv,5871,42.414755,35to65,1800,0.15523180373382317
NMC,DST,45.0,0,NMC_45C_DST.csv,5871,42.414755,35to65,2400,0.1851812676315312
NMC,DST,45.0,0,NMC_45C_DST.csv,5907,42.268118,35to65,0,
NMC,DST,45.0,0,NMC_45C_DST.csv,5907,42.268118,35to65,30,
NMC,DST,45.0,0,NMC_45C_DST.csv,5907,42.268118,35to65,60,4.464534160499575
NMC,DST,45.0,0,NMC_45C_DST.csv,5907,42.268118,35to65,120,3.261158190856932
NMC,DST,45.0,0,NMC_45C_DST.csv,5907,42.268118,35to65,300,2.2736847323989906
NMC,DST,45.0,0,NMC_45C_DST.csv,5907,42.268118,35to65,600,1.5100836439971914
NMC,DST,45.0,0,NMC_45C_DST.csv,5907,42.268118,35to65,900,0.9369219637603763
NMC,DST,45.0,0,NMC_45C_DST.csv,5907,42.268118,35to65,1200,0.41657415214538673
NMC,DST,45.0,0,NMC_45C_DST.csv,5907,42.268118,35to65,1800,0.05008603488921892
NMC,DST,45.0,0,NMC_45C_DST.csv,5907,42.268118,35to65,2400,0.2902732837982178
NMC,DST,45.0,0,NMC_45C_DST.csv,7795,27.3572,le35,0,
NMC,DST,45.0,0,NMC_45C_DST.csv,7795,27.3572,le35,30,
NMC,DST,45.0,0,NMC_45C_DST.csv,7795,27.3572,le35,60,3.5436560175666827
NMC,DST,45.0,0,NMC_45C_DST.csv,7795,27.3572,le35,120,3.4951150534820563
NMC,DST,45.0,0,NMC_45C_DST.csv,7795,27.3572,le35,300,3.8943509312019344
NMC,DST,45.0,0,NMC_45C_DST.csv,7795,27.3572,le35,600,2.1433201264534
NMC,DST,45.0,0,NMC_45C_DST.csv,7795,27.3572,le35,900,1.113986593200682
NMC,DST,45.0,0,NMC_45C_DST.csv,7795,27.3572,le35,1200,0.47672581848907214
NMC,DST,45.0,0,NMC_45C_DST.csv,7795,27.3572,le35,1800,0.29909170707702515
NMC,DST,45.0,0,NMC_45C_DST.csv,7795,27.3572,le35,2400,0.0679150007358551
NMC,DST,45.0,0,NMC_45C_DST.csv,10714,6.359105,le35,0,
NMC,DST,45.0,0,NMC_45C_DST.csv,10714,6.359105,le35,30,
NMC,DST,45.0,0,NMC_45C_DST.csv,10714,6.359105,le35,60,0.06078234635734603
NMC,DST,45.0,0,NMC_45C_DST.csv,10714,6.359105,le35,120,0.12112686368083914
NMC,DST,45.0,0,NMC_45C_DST.csv,10714,6.359105,le35,300,1.3742104068744663
NMC,DST,45.0,0,NMC_45C_DST.csv,10714,6.359105,le35,600,
NMC,DST,45.0,0,NMC_45C_DST.csv,10714,6.359105,le35,900,
NMC,DST,45.0,0,NMC_45C_DST.csv,10714,6.359105,le35,1200,
NMC,DST,45.0,0,NMC_45C_DST.csv,10714,6.359105,le35,1800,
NMC,DST,45.0,0,NMC_45C_DST.csv,10714,6.359105,le35,2400,
NMC,DST,45.0,0,NMC_45C_DST.csv,11096,3.6172736,le35,0,
NMC,DST,45.0,0,NMC_45C_DST.csv,11096,3.6172736,le35,30,
NMC,DST,45.0,0,NMC_45C_DST.csv,11096,3.6172736,le35,60,1.5498924163017271
NMC,DST,45.0,0,NMC_45C_DST.csv,11096,3.6172736,le35,120,1.6714696198715209
NMC,DST,45.0,0,NMC_45C_DST.csv,11096,3.6172736,le35,300,
NMC,DST,45.0,0,NMC_45C_DST.csv,11096,3.6172736,le35,600,
NMC,DST,45.0,0,NMC_45C_DST.csv,11096,3.6172736,le35,900,
NMC,DST,45.0,0,NMC_45C_DST.csv,11096,3.6172736,le35,1200,
NMC,DST,45.0,0,NMC_45C_DST.csv,11096,3.6172736,le35,1800,
NMC,DST,45.0,0,NMC_45C_DST.csv,11096,3.6172736,le35,2400,
NMC,DST,45.0,1,NMC_45C_DST.csv,735,80.177593,gt65,0,
NMC,DST,45.0,1,NMC_45C_DST.csv,735,80.177593,gt65,30,
NMC,DST,45.0,1,NMC_45C_DST.csv,735,80.177593,gt65,60,1.626127910064696
NMC,DST,45.0,1,NMC_45C_DST.csv,735,80.177593,gt65,120,1.6474167958831885
NMC,DST,45.0,1,NMC_45C_DST.csv,735,80.177593,gt65,300,0.6677180432129006
NMC,DST,45.0,1,NMC_45C_DST.csv,735,80.177593,gt65,600,0.19893769935607963
NMC,DST,45.0,1,NMC_45C_DST.csv,735,80.177593,gt65,900,0.3935576246185377
NMC,DST,45.0,1,NMC_45C_DST.csv,735,80.177593,gt65,1200,0.12548016990660926
NMC,DST,45.0,1,NMC_45C_DST.csv,735,80.177593,gt65,1800,0.2897448126220752
NMC,DST,45.0,1,NMC_45C_DST.csv,735,80.177593,gt65,2400,0.2949572546386747
NMC,DST,45.0,1,NMC_45C_DST.csv,933,79.07845999999999,gt65,0,
NMC,DST,45.0,1,NMC_45C_DST.csv,933,79.07845999999999,gt65,30,
NMC,DST,45.0,1,NMC_45C_DST.csv,933,79.07845999999999,gt65,60,0.7800904683685275
NMC,DST,45.0,1,NMC_45C_DST.csv,933,79.07845999999999,gt65,120,0.976241119461065
NMC,DST,45.0,1,NMC_45C_DST.csv,933,79.07845999999999,gt65,300,1.4995210581207203
NMC,DST,45.0,1,NMC_45C_DST.csv,933,79.07845999999999,gt65,600,0.8920390386962964
NMC,DST,45.0,1,NMC_45C_DST.csv,933,79.07845999999999,gt65,900,0.29142509078980083
NMC,DST,45.0,1,NMC_45C_DST.csv,933,79.07845999999999,gt65,1200,0.3253819650268639
NMC,DST,45.0,1,NMC_45C_DST.csv,933,79.07845999999999,gt65,1800,0.0301243244171161
NMC,DST,45.0,1,NMC_45C_DST.csv,933,79.07845999999999,gt65,2400,0.09961770675659665
NMC,DST,45.0,1,NMC_45C_DST.csv,2141,69.66042999999999,gt65,0,
NMC,DST,45.0,1,NMC_45C_DST.csv,2141,69.66042999999999,gt65,30,
NMC,DST,45.0,1,NMC_45C_DST.csv,2141,69.66042999999999,gt65,60,3.3070789247894368
NMC,DST,45.0,1,NMC_45C_DST.csv,2141,69.66042999999999,gt65,120,3.3029440824737577
NMC,DST,45.0,1,NMC_45C_DST.csv,2141,69.66042999999999,gt65,300,7.669631958151513e-05
NMC,DST,45.0,1,NMC_45C_DST.csv,2141,69.66042999999999,gt65,600,0.7984965317535426
NMC,DST,45.0,1,NMC_45C_DST.csv,2141,69.66042999999999,gt65,900,0.4515078894805953
NMC,DST,45.0,1,NMC_45C_DST.csv,2141,69.66042999999999,gt65,1200,0.053286673965459386
NMC,DST,45.0,1,NMC_45C_DST.csv,2141,69.66042999999999,gt65,1800,0.004682874603268772
NMC,DST,45.0,1,NMC_45C_DST.csv,2141,69.66042999999999,gt65,2400,0.2239128352355948
NMC,DST,45.0,1,NMC_45C_DST.csv,4924,48.673627,35to65,0,
NMC,DST,45.0,1,NMC_45C_DST.csv,4924,48.673627,35to65,30,
NMC,DST,45.0,1,NMC_45C_DST.csv,4924,48.673627,35to65,60,3.9134715928115824
NMC,DST,45.0,1,NMC_45C_DST.csv,4924,48.673627,35to65,120,4.053220587837217
NMC,DST,45.0,1,NMC_45C_DST.csv,4924,48.673627,35to65,300,3.2478546104583756
NMC,DST,45.0,1,NMC_45C_DST.csv,4924,48.673627,35to65,600,2.275107408103942
NMC,DST,45.0,1,NMC_45C_DST.csv,4924,48.673627,35to65,900,1.5859518364715584
NMC,DST,45.0,1,NMC_45C_DST.csv,4924,48.673627,35to65,1200,1.3680066272048919
NMC,DST,45.0,1,NMC_45C_DST.csv,4924,48.673627,35to65,1800,0.7610258670501722
NMC,DST,45.0,1,NMC_45C_DST.csv,4924,48.673627,35to65,2400,0.03229869785308992
NMC,DST,45.0,1,NMC_45C_DST.csv,5871,42.414755,35to65,0,
NMC,DST,45.0,1,NMC_45C_DST.csv,5871,42.414755,35to65,30,
NMC,DST,45.0,1,NMC_45C_DST.csv,5871,42.414755,35to65,60,3.4845379476242044
NMC,DST,45.0,1,NMC_45C_DST.csv,5871,42.414755,35to65,120,3.633478571411132
NMC,DST,45.0,1,NMC_45C_DST.csv,5871,42.414755,35to65,300,2.459550177612307
NMC,DST,45.0,1,NMC_45C_DST.csv,5871,42.414755,35to65,600,1.7071722072296112
NMC,DST,45.0,1,NMC_45C_DST.csv,5871,42.414755,35to65,900,1.0576580410995433
NMC,DST,45.0,1,NMC_45C_DST.csv,5871,42.414755,35to65,1200,0.8281943183212306
NMC,DST,45.0,1,NMC_45C_DST.csv,5871,42.414755,35to65,1800,0.1341019571609472
NMC,DST,45.0,1,NMC_45C_DST.csv,5871,42.414755,35to65,2400,0.11551237858581587
NMC,DST,45.0,1,NMC_45C_DST.csv,5907,42.268118,35to65,0,
NMC,DST,45.0,1,NMC_45C_DST.csv,5907,42.268118,35to65,30,
NMC,DST,45.0,1,NMC_45C_DST.csv,5907,42.268118,35to65,60,3.360265728836062
NMC,DST,45.0,1,NMC_45C_DST.csv,5907,42.268118,35to65,120,2.3492190467224106
NMC,DST,45.0,1,NMC_45C_DST.csv,5907,42.268118,35to65,300,1.9227206630325355
NMC,DST,45.0,1,NMC_45C_DST.csv,5907,42.268118,35to65,600,1.227685777748107
NMC,DST,45.0,1,NMC_45C_DST.csv,5907,42.268118,35to65,900,0.894304642745972
NMC,DST,45.0,1,NMC_45C_DST.csv,5907,42.268118,35to65,1200,0.09596076789856056
NMC,DST,45.0,1,NMC_45C_DST.csv,5907,42.268118,35to65,1800,0.09533192073821795
NMC,DST,45.0,1,NMC_45C_DST.csv,5907,42.268118,35to65,2400,0.14771983512115483
NMC,DST,45.0,1,NMC_45C_DST.csv,7795,27.3572,le35,0,
NMC,DST,45.0,1,NMC_45C_DST.csv,7795,27.3572,le35,30,
NMC,DST,45.0,1,NMC_45C_DST.csv,7795,27.3572,le35,60,3.9212335608253497
NMC,DST,45.0,1,NMC_45C_DST.csv,7795,27.3572,le35,120,3.5359934089851386
NMC,DST,45.0,1,NMC_45C_DST.csv,7795,27.3572,le35,300,4.117859408412933
NMC,DST,45.0,1,NMC_45C_DST.csv,7795,27.3572,le35,600,2.1534454654846193
NMC,DST,45.0,1,NMC_45C_DST.csv,7795,27.3572,le35,900,1.3294380125541672
NMC,DST,45.0,1,NMC_45C_DST.csv,7795,27.3572,le35,1200,0.5219791549186681
NMC,DST,45.0,1,NMC_45C_DST.csv,7795,27.3572,le35,1800,0.06416745027541992
NMC,DST,45.0,1,NMC_45C_DST.csv,7795,27.3572,le35,2400,0.301333495198822
NMC,DST,45.0,1,NMC_45C_DST.csv,10714,6.359105,le35,0,
NMC,DST,45.0,1,NMC_45C_DST.csv,10714,6.359105,le35,30,
NMC,DST,45.0,1,NMC_45C_DST.csv,10714,6.359105,le35,60,0.6525525333776478
NMC,DST,45.0,1,NMC_45C_DST.csv,10714,6.359105,le35,120,0.7259314689264293
NMC,DST,45.0,1,NMC_45C_DST.csv,10714,6.359105,le35,300,0.8320551261651996
NMC,DST,45.0,1,NMC_45C_DST.csv,10714,6.359105,le35,600,
NMC,DST,45.0,1,NMC_45C_DST.csv,10714,6.359105,le35,900,
NMC,DST,45.0,1,NMC_45C_DST.csv,10714,6.359105,le35,1200,
NMC,DST,45.0,1,NMC_45C_DST.csv,10714,6.359105,le35,1800,
NMC,DST,45.0,1,NMC_45C_DST.csv,10714,6.359105,le35,2400,
NMC,DST,45.0,1,NMC_45C_DST.csv,11096,3.6172736,le35,0,
NMC,DST,45.0,1,NMC_45C_DST.csv,11096,3.6172736,le35,30,
NMC,DST,45.0,1,NMC_45C_DST.csv,11096,3.6172736,le35,60,0.8336561825904845
NMC,DST,45.0,1,NMC_45C_DST.csv,11096,3.6172736,le35,120,0.9286281079067229
NMC,DST,45.0,1,NMC_45C_DST.csv,11096,3.6172736,le35,300,
NMC,DST,45.0,1,NMC_45C_DST.csv,11096,3.6172736,le35,600,
NMC,DST,45.0,1,NMC_45C_DST.csv,11096,3.6172736,le35,900,
NMC,DST,45.0,1,NMC_45C_DST.csv,11096,3.6172736,le35,1200,
NMC,DST,45.0,1,NMC_45C_DST.csv,11096,3.6172736,le35,1800,
NMC,DST,45.0,1,NMC_45C_DST.csv,11096,3.6172736,le35,2400,
NMC,DST,45.0,2,NMC_45C_DST.csv,735,80.177593,gt65,0,
NMC,DST,45.0,2,NMC_45C_DST.csv,735,80.177593,gt65,30,
NMC,DST,45.0,2,NMC_45C_DST.csv,735,80.177593,gt65,60,1.3724147791137682
NMC,DST,45.0,2,NMC_45C_DST.csv,735,80.177593,gt65,120,1.3443331376648047
NMC,DST,45.0,2,NMC_45C_DST.csv,735,80.177593,gt65,300,0.1669496201324563
NMC,DST,45.0,2,NMC_45C_DST.csv,735,80.177593,gt65,600,0.11887426658630318
NMC,DST,45.0,2,NMC_45C_DST.csv,735,80.177593,gt65,900,0.1673578455047533
NMC,DST,45.0,2,NMC_45C_DST.csv,735,80.177593,gt65,1200,0.1697118333435128
NMC,DST,45.0,2,NMC_45C_DST.csv,735,80.177593,gt65,1800,0.3367609564209033
NMC,DST,45.0,2,NMC_45C_DST.csv,735,80.177593,gt65,2400,0.24938216377258016
NMC,DST,45.0,2,NMC_45C_DST.csv,933,79.07845999999999,gt65,0,
NMC,DST,45.0,2,NMC_45C_DST.csv,933,79.07845999999999,gt65,30,
NMC,DST,45.0,2,NMC_45C_DST.csv,933,79.07845999999999,gt65,60,0.8155373506164523
NMC,DST,45.0,2,NMC_45C_DST.csv,933,79.07845999999999,gt65,120,0.24746704872131886
NMC,DST,45.0,2,NMC_45C_DST.csv,933,79.07845999999999,gt65,300,0.8075826578521657
NMC,DST,45.0,2,NMC_45C_DST.csv,933,79.07845999999999,gt65,600,0.127359129943855
NMC,DST,45.0,2,NMC_45C_DST.csv,933,79.07845999999999,gt65,900,0.2211986961364687
NMC,DST,45.0,2,NMC_45C_DST.csv,933,79.07845999999999,gt65,1200,0.5492212480163658
NMC,DST,45.0,2,NMC_45C_DST.csv,933,79.07845999999999,gt65,1800,0.09593977317810243
NMC,DST,45.0,2,NMC_45C_DST.csv,933,79.07845999999999,gt65,2400,0.06641195915222653
NMC,DST,45.0,2,NMC_45C_DST.csv,2141,69.66042999999999,gt65,0,
NMC,DST,45.0,2,NMC_45C_DST.csv,2141,69.66042999999999,gt65,30,
NMC,DST,45.0,2,NMC_45C_DST.csv,2141,69.66042999999999,gt65,60,2.421806898727425
NMC,DST,45.0,2,NMC_45C_DST.csv,2141,69.66042999999999,gt65,120,2.2027257864227323
NMC,DST,45.0,2,NMC_45C_DST.csv,2141,69.66042999999999,gt65,300,0.5151919573974624
NMC,DST,45.0,2,NMC_45C_DST.csv,2141,69.66042999999999,gt65,600,0.5941002838897731
NMC,DST,45.0,2,NMC_45C_DST.csv,2141,69.66042999999999,gt65,900,0.09009512588501423
NMC,DST,45.0,2,NMC_45C_DST.csv,2141,69.66042999999999,gt65,1200,0.03607285255432657
NMC,DST,45.0,2,NMC_45C_DST.csv,2141,69.66042999999999,gt65,1800,0.12595448486327854
NMC,DST,45.0,2,NMC_45C_DST.csv,2141,69.66042999999999,gt65,2400,0.026013493652342845
NMC,DST,45.0,2,NMC_45C_DST.csv,4924,48.673627,35to65,0,
NMC,DST,45.0,2,NMC_45C_DST.csv,4924,48.673627,35to65,30,
NMC,DST,45.0,2,NMC_45C_DST.csv,4924,48.673627,35to65,60,4.37845934763336
NMC,DST,45.0,2,NMC_45C_DST.csv,4924,48.673627,35to65,120,4.562935668098447
NMC,DST,45.0,2,NMC_45C_DST.csv,4924,48.673627,35to65,300,2.9963736734542863
NMC,DST,45.0,2,NMC_45C_DST.csv,4924,48.673627,35to65,600,2.2459309344863883
NMC,DST,45.0,2,NMC_45C_DST.csv,4924,48.673627,35to65,900,1.769590766792298
NMC,DST,45.0,2,NMC_45C_DST.csv,4924,48.673627,35to65,1200,1.4835681124954192
NMC,DST,45.0,2,NMC_45C_DST.csv,4924,48.673627,35to65,1800,1.0325071426086438
NMC,DST,45.0,2,NMC_45C_DST.csv,4924,48.673627,35to65,2400,0.11279477062225496
NMC,DST,45.0,2,NMC_45C_DST.csv,5871,42.414755,35to65,0,
NMC,DST,45.0,2,NMC_45C_DST.csv,5871,42.414755,35to65,30,
NMC,DST,45.0,2,NMC_45C_DST.csv,5871,42.414755,35to65,60,3.7759003524475077
NMC,DST,45.0,2,NMC_45C_DST.csv,5871,42.414755,35to65,120,4.190203835006713
NMC,DST,45.0,2,NMC_45C_DST.csv,5871,42.414755,35to65,300,2.774516021766665
NMC,DST,45.0,2,NMC_45C_DST.csv,5871,42.414755,35to65,600,2.0302532237701385
NMC,DST,45.0,2,NMC_45C_DST.csv,5871,42.414755,35to65,900,1.0733370429077098
NMC,DST,45.0,2,NMC_45C_DST.csv,5871,42.414755,35to65,1200,1.1133816819458033
NMC,DST,45.0,2,NMC_45C_DST.csv,5871,42.414755,35to65,1800,0.22553250201415764
NMC,DST,45.0,2,NMC_45C_DST.csv,5871,42.414755,35to65,2400,0.08464164294052168
NMC,DST,45.0,2,NMC_45C_DST.csv,5907,42.268118,35to65,0,
NMC,DST,45.0,2,NMC_45C_DST.csv,5907,42.268118,35to65,30,
NMC,DST,45.0,2,NMC_45C_DST.csv,5907,42.268118,35to65,60,3.8453193873214744
NMC,DST,45.0,2,NMC_45C_DST.csv,5907,42.268118,35to65,120,2.216849051605223
NMC,DST,45.0,2,NMC_45C_DST.csv,5907,42.268118,35to65,300,2.1914184016799965
NMC,DST,45.0,2,NMC_45C_DST.csv,5907,42.268118,35to65,600,1.5023111983184805
NMC,DST,45.0,2,NMC_45C_DST.csv,5907,42.268118,35to65,900,0.9051854706497195
NMC,DST,45.0,2,NMC_45C_DST.csv,5907,42.268118,35to65,1200,0.28387931171417335
NMC,DST,45.0,2,NMC_45C_DST.csv,5907,42.268118,35to65,1800,0.1005890504074074
NMC,DST,45.0,2,NMC_45C_DST.csv,5907,42.268118,35to65,2400,0.1479075897521973
NMC,DST,45.0,2,NMC_45C_DST.csv,7795,27.3572,le35,0,
NMC,DST,45.0,2,NMC_45C_DST.csv,7795,27.3572,le35,30,
NMC,DST,45.0,2,NMC_45C_DST.csv,7795,27.3572,le35,60,4.953703727508547
NMC,DST,45.0,2,NMC_45C_DST.csv,7795,27.3572,le35,120,5.357392144031525
NMC,DST,45.0,2,NMC_45C_DST.csv,7795,27.3572,le35,300,4.890655979667663
NMC,DST,45.0,2,NMC_45C_DST.csv,7795,27.3572,le35,600,2.828800363460541
NMC,DST,45.0,2,NMC_45C_DST.csv,7795,27.3572,le35,900,1.4718379792709335
NMC,DST,45.0,2,NMC_45C_DST.csv,7795,27.3572,le35,1200,0.6526802199821446
NMC,DST,45.0,2,NMC_45C_DST.csv,7795,27.3572,le35,1800,0.3724665149116504
NMC,DST,45.0,2,NMC_45C_DST.csv,7795,27.3572,le35,2400,0.30446273904953003
NMC,DST,45.0,2,NMC_45C_DST.csv,10714,6.359105,le35,0,
NMC,DST,45.0,2,NMC_45C_DST.csv,10714,6.359105,le35,30,
NMC,DST,45.0,2,NMC_45C_DST.csv,10714,6.359105,le35,60,0.5223500100479121
NMC,DST,45.0,2,NMC_45C_DST.csv,10714,6.359105,le35,120,0.08584393230819742
NMC,DST,45.0,2,NMC_45C_DST.csv,10714,6.359105,le35,300,0.30546112809066805
NMC,DST,45.0,2,NMC_45C_DST.csv,10714,6.359105,le35,600,
NMC,DST,45.0,2,NMC_45C_DST.csv,10714,6.359105,le35,900,
NMC,DST,45.0,2,NMC_45C_DST.csv,10714,6.359105,le35,1200,
NMC,DST,45.0,2,NMC_45C_DST.csv,10714,6.359105,le35,1800,
NMC,DST,45.0,2,NMC_45C_DST.csv,10714,6.359105,le35,2400,
NMC,DST,45.0,2,NMC_45C_DST.csv,11096,3.6172736,le35,0,
NMC,DST,45.0,2,NMC_45C_DST.csv,11096,3.6172736,le35,30,
NMC,DST,45.0,2,NMC_45C_DST.csv,11096,3.6172736,le35,60,1.9970729109678267
NMC,DST,45.0,2,NMC_45C_DST.csv,11096,3.6172736,le35,120,1.69569220245018
NMC,DST,45.0,2,NMC_45C_DST.csv,11096,3.6172736,le35,300,
NMC,DST,45.0,2,NMC_45C_DST.csv,11096,3.6172736,le35,600,
NMC,DST,45.0,2,NMC_45C_DST.csv,11096,3.6172736,le35,900,
NMC,DST,45.0,2,NMC_45C_DST.csv,11096,3.6172736,le35,1200,
NMC,DST,45.0,2,NMC_45C_DST.csv,11096,3.6172736,le35,1800,
NMC,DST,45.0,2,NMC_45C_DST.csv,11096,3.6172736,le35,2400,
NMC,FUDS,0.0,0,NMC_0C_FUDS.csv,551,79.566014,gt65,0,
NMC,FUDS,0.0,0,NMC_0C_FUDS.csv,551,79.566014,gt65,30,
NMC,FUDS,0.0,0,NMC_0C_FUDS.csv,551,79.566014,gt65,60,0.05562297950744721
NMC,FUDS,0.0,0,NMC_0C_FUDS.csv,551,79.566014,gt65,120,0.047442336502072635
NMC,FUDS,0.0,0,NMC_0C_FUDS.csv,551,79.566014,gt65,300,0.7442568898773203
NMC,FUDS,0.0,0,NMC_0C_FUDS.csv,551,79.566014,gt65,600,0.13792516067503868
NMC,FUDS,0.0,0,NMC_0C_FUDS.csv,551,79.566014,gt65,900,0.3228597908019992
NMC,FUDS,0.0,0,NMC_0C_FUDS.csv,551,79.566014,gt65,1200,0.7634640323028492
NMC,FUDS,0.0,0,NMC_0C_FUDS.csv,551,79.566014,gt65,1800,0.583399626159661
NMC,FUDS,0.0,0,NMC_0C_FUDS.csv,551,79.566014,gt65,2400,0.43429362884521794
NMC,FUDS,0.0,0,NMC_0C_FUDS.csv,617,79.193753,gt65,0,
NMC,FUDS,0.0,0,NMC_0C_FUDS.csv,617,79.193753,gt65,30,
NMC,FUDS,0.0,0,NMC_0C_FUDS.csv,617,79.193753,gt65,60,0.10755166084290124
NMC,FUDS,0.0,0,NMC_0C_FUDS.csv,617,79.193753,gt65,120,0.0865046225280679
NMC,FUDS,0.0,0,NMC_0C_FUDS.csv,617,79.193753,gt65,300,0.5861801814269967
NMC,FUDS,0.0,0,NMC_0C_FUDS.csv,617,79.193753,gt65,600,0.16549318397521517
NMC,FUDS,0.0,0,NMC_0C_FUDS.csv,617,79.193753,gt65,900,0.30452308891297264
NMC,FUDS,0.0,0,NMC_0C_FUDS.csv,617,79.193753,gt65,1200,0.6210383937530537
NMC,FUDS,0.0,0,NMC_0C_FUDS.csv,617,79.193753,gt65,1800,0.4084827731628451
NMC,FUDS,0.0,0,NMC_0C_FUDS.csv,617,79.193753,gt65,2400,0.7275105934905994
NMC,FUDS,0.0,0,NMC_0C_FUDS.csv,2573,65.062636,gt65,0,
NMC,FUDS,0.0,0,NMC_0C_FUDS.csv,2573,65.062636,gt65,30,
NMC,FUDS,0.0,0,NMC_0C_FUDS.csv,2573,65.062636,gt65,60,2.4568347079467685
NMC,FUDS,0.0,0,NMC_0C_FUDS.csv,2573,65.062636,gt65,120,2.362934462585457
NMC,FUDS,0.0,0,NMC_0C_FUDS.csv,2573,65.062636,gt65,300,2.1273251666259796
NMC,FUDS,0.0,0,NMC_0C_FUDS.csv,2573,65.062636,gt65,600,3.3735092704772924
NMC,FUDS,0.0,0,NMC_0C_FUDS.csv,2573,65.062636,gt65,900,2.0912529537353564
NMC,FUDS,0.0,0,NMC_0C_FUDS.csv,2573,65.062636,gt65,1200,1.8064853095855682
NMC,FUDS,0.0,0,NMC_0C_FUDS.csv,2573,65.062636,gt65,1800,3.342271562042228
NMC,FUDS,0.0,0,NMC_0C_FUDS.csv,2573,65.062636,gt65,2400,0.9682866320037817
NMC,FUDS,0.0,0,NMC_0C_FUDS.csv,2936,62.043124000000006,35to65,0,
NMC,FUDS,0.0,0,NMC_0C_FUDS.csv,2936,62.043124000000006,35to65,30,
NMC,FUDS,0.0,0,NMC_0C_FUDS.csv,2936,62.043124000000006,35to65,60,7.5085168164825475
NMC,FUDS,0.0,0,NMC_0C_FUDS.csv,2936,62.043124000000006,35to65,120,5.990575148696898
NMC,FUDS,0.0,0,NMC_0C_FUDS.csv,2936,62.043124000000006,35to65,300,5.074411607910157
NMC,FUDS,0.0,0,NMC_0C_FUDS.csv,2936,62.043124000000006,35to65,600,4.264313132705688
NMC,FUDS,0.0,0,NMC_0C_FUDS.csv,2936,62.043124000000006,35to65,900,3.7697844097900415
NMC,FUDS,0.0,0,NMC_0C_FUDS.csv,2936,62.043124000000006,35to65,1200,3.556888963928216
NMC,FUDS,0.0,0,NMC_0C_FUDS.csv,2936,62.043124000000006,35to65,1800,1.9258856617889393
NMC,FUDS,0.0,0,NMC_0C_FUDS.csv,2936,62.043124000000006,35to65,2400,1.962325211837765
NMC,FUDS,0.0,0,NMC_0C_FUDS.csv,4184,53.135085000000004,35to65,0,
NMC,FUDS,0.0,0,NMC_0C_FUDS.csv,4184,53.135085000000004,35to65,30,
NMC,FUDS,0.0,0,NMC_0C_FUDS.csv,4184,53.135085000000004,35to65,60,9.380004215354923
NMC,FUDS,0.0,0,NMC_0C_FUDS.csv,4184,53.135085000000004,35to65,120,9.091207689857484
NMC,FUDS,0.0,0,NMC_0C_FUDS.csv,4184,53.135085000000004,35to65,300,8.047893946159363
NMC,FUDS,0.0,0,NMC_0C_FUDS.csv,4184,53.135085000000004,35to65,600,6.213367342208862
NMC,FUDS,0.0,0,NMC_0C_FUDS.csv,4184,53.135085000000004,35to65,900,5.5788039142150865
NMC,FUDS,0.0,0,NMC_0C_FUDS.csv,4184,53.135085000000004,35to65,1200,4.626879243347169
NMC,FUDS,0.0,0,NMC_0C_FUDS.csv,4184,53.135085000000004,35to65,1800,2.2827091091918916
NMC,FUDS,0.0,0,NMC_0C_FUDS.csv,4184,53.135085000000004,35to65,2400,2.1179449121093796
NMC,FUDS,0.0,0,NMC_0C_FUDS.csv,5796,39.527944,35to65,0,
NMC,FUDS,0.0,0,NMC_0C_FUDS.csv,5796,39.527944,35to65,30,
NMC,FUDS,0.0,0,NMC_0C_FUDS.csv,5796,39.527944,35to65,60,11.675089265533444
NMC,FUDS,0.0,0,NMC_0C_FUDS.csv,5796,39.527944,35to65,120,11.75710865776825
NMC,FUDS,0.0,0,NMC_0C_FUDS.csv,5796,39.527944,35to65,300,10.242911688301085
NMC,FUDS,0.0,0,NMC_0C_FUDS.csv,5796,39.527944,35to65,600,8.07725169651031
NMC,FUDS,0.0,0,NMC_0C_FUDS.csv,5796,39.527944,35to65,900,6.383976504478454
NMC,FUDS,0.0,0,NMC_0C_FUDS.csv,5796,39.527944,35to65,1200,5.277935361557006
NMC,FUDS,0.0,0,NMC_0C_FUDS.csv,5796,39.527944,35to65,1800,0.9266256128005956
NMC,FUDS,0.0,0,NMC_0C_FUDS.csv,5796,39.527944,35to65,2400,0.3762853775100723
NMC,FUDS,0.0,0,NMC_0C_FUDS.csv,6907,32.573423,le35,0,
NMC,FUDS,0.0,0,NMC_0C_FUDS.csv,6907,32.573423,le35,30,
NMC,FUDS,0.0,0,NMC_0C_FUDS.csv,6907,32.573423,le35,60,4.691219080970768
NMC,FUDS,0.0,0,NMC_0C_FUDS.csv,6907,32.573423,le35,120,4.311397905960085
NMC,FUDS,0.0,0,NMC_0C_FUDS.csv,6907,32.573423,le35,300,2.439212380844115
NMC,FUDS,0.0,0,NMC_0C_FUDS.csv,6907,32.573423,le35,600,1.3779158014297472
NMC,FUDS,0.0,0,NMC_0C_FUDS.csv,6907,32.573423,le35,900,0.8988949914169311
NMC,FUDS,0.0,0,NMC_0C_FUDS.csv,6907,32.573423,le35,1200,0.2314776136512755
NMC,FUDS,0.0,0,NMC_0C_FUDS.csv,6907,32.573423,le35,1800,1.202238753505707
NMC,FUDS,0.0,0,NMC_0C_FUDS.csv,6907,32.573423,le35,2400,0.4618228668975828
NMC,FUDS,0.0,0,NMC_0C_FUDS.csv,7156,29.191235,le35,0,
NMC,FUDS,0.0,0,NMC_0C_FUDS.csv,7156,29.191235,le35,30,
NMC,FUDS,0.0,0,NMC_0C_FUDS.csv,7156,29.191235,le35,60,9.429326432159424
NMC,FUDS,0.0,0,NMC_0C_FUDS.csv,7156,29.191235,le35,120,9.264744834522247
NMC,FUDS,0.0,0,NMC_0C_FUDS.csv,7156,29.191235,le35,300,7.974836723983763
NMC,FUDS,0.0,0,NMC_0C_FUDS.csv,7156,29.191235,le35,600,5.417893927921298
NMC,FUDS,0.0,0,NMC_0C_FUDS.csv,7156,29.191235,le35,900,4.024347865409851
NMC,FUDS,0.0,0,NMC_0C_FUDS.csv,7156,29.191235,le35,1200,2.9163153651237472
NMC,FUDS,0.0,0,NMC_0C_FUDS.csv,7156,29.191235,le35,1800,0.04876491815566908
NMC,FUDS,0.0,0,NMC_0C_FUDS.csv,7156,29.191235,le35,2400,1.3348045037956222
NMC,FUDS,0.0,0,NMC_0C_FUDS.csv,8556,18.58072,le35,0,
NMC,FUDS,0.0,0,NMC_0C_FUDS.csv,8556,18.58072,le35,30,
NMC,FUDS,0.0,0,NMC_0C_FUDS.csv,8556,18.58072,le35,60,11.092575919649125
NMC,FUDS,0.0,0,NMC_0C_FUDS.csv,8556,18.58072,le35,120,8.851343850671771
NMC,FUDS,0.0,0,NMC_0C_FUDS.csv,8556,18.58072,le35,300,7.917328028320313
NMC,FUDS,0.0,0,NMC_0C_FUDS.csv,8556,18.58072,le35,600,7.24543643521309
NMC,FUDS,0.0,0,NMC_0C_FUDS.csv,8556,18.58072,le35,900,5.413724182371141
NMC,FUDS,0.0,0,NMC_0C_FUDS.csv,8556,18.58072,le35,1200,
NMC,FUDS,0.0,0,NMC_0C_FUDS.csv,8556,18.58072,le35,1800,
NMC,FUDS,0.0,0,NMC_0C_FUDS.csv,8556,18.58072,le35,2400,
NMC,FUDS,0.0,1,NMC_0C_FUDS.csv,551,79.566014,gt65,0,
NMC,FUDS,0.0,1,NMC_0C_FUDS.csv,551,79.566014,gt65,30,
NMC,FUDS,0.0,1,NMC_0C_FUDS.csv,551,79.566014,gt65,60,0.09394280563354585
NMC,FUDS,0.0,1,NMC_0C_FUDS.csv,551,79.566014,gt65,120,0.11635718780517834
NMC,FUDS,0.0,1,NMC_0C_FUDS.csv,551,79.566014,gt65,300,0.5721544385528574
NMC,FUDS,0.0,1,NMC_0C_FUDS.csv,551,79.566014,gt65,600,0.053167355804433214
NMC,FUDS,0.0,1,NMC_0C_FUDS.csv,551,79.566014,gt65,900,0.42428901481628145
NMC,FUDS,0.0,1,NMC_0C_FUDS.csv,551,79.566014,gt65,1200,0.6592751132354664
NMC,FUDS,0.0,1,NMC_0C_FUDS.csv,551,79.566014,gt65,1800,0.626654716873162
NMC,FUDS,0.0,1,NMC_0C_FUDS.csv,551,79.566014,gt65,2400,0.6510101567840607
NMC,FUDS,0.0,1,NMC_0C_FUDS.csv,617,79.193753,gt65,0,
NMC,FUDS,0.0,1,NMC_0C_FUDS.csv,617,79.193753,gt65,30,
NMC,FUDS,0.0,1,NMC_0C_FUDS.csv,617,79.193753,gt65,60,0.2216349509429989
NMC,FUDS,0.0,1,NMC_0C_FUDS.csv,617,79.193753,gt65,120,0.01574118511963718
NMC,FUDS,0.0,1,NMC_0C_FUDS.csv,617,79.193753,gt65,300,0.36549994461059043
NMC,FUDS,0.0,1,NMC_0C_FUDS.csv,617,79.193753,gt65,600,0.26733964050292514
NMC,FUDS,0.0,1,NMC_0C_FUDS.csv,617,79.193753,gt65,900,0.36139188049317283
NMC,FUDS,0.0,1,NMC_0C_FUDS.csv,617,79.193753,gt65,1200,0.616585926788332
NMC,FUDS,0.0,1,NMC_0C_FUDS.csv,617,79.193753,gt65,1800,0.4826428721923861
NMC,FUDS,0.0,1,NMC_0C_FUDS.csv,617,79.193753,gt65,2400,0.41464581306457404
NMC,FUDS,0.0,1,NMC_0C_FUDS.csv,2573,65.062636,gt65,0,
NMC,FUDS,0.0,1,NMC_0C_FUDS.csv,2573,65.062636,gt65,30,
NMC,FUDS,0.0,1,NMC_0C_FUDS.csv,2573,65.062636,gt65,60,1.9824949843597324
NMC,FUDS,0.0,1,NMC_0C_FUDS.csv,2573,65.062636,gt65,120,2.060113064804085
NMC,FUDS,0.0,1,NMC_0C_FUDS.csv,2573,65.062636,gt65,300,2.066492666168216
NMC,FUDS,0.0,1,NMC_0C_FUDS.csv,2573,65.062636,gt65,600,2.761923891830442
NMC,FUDS,0.0,1,NMC_0C_FUDS.csv,2573,65.062636,gt65,900,2.7088285991821337
NMC,FUDS,0.0,1,NMC_0C_FUDS.csv,2573,65.062636,gt65,1200,1.5634414100494354
NMC,FUDS,0.0,1,NMC_0C_FUDS.csv,2573,65.062636,gt65,1800,3.5651631311798013
NMC,FUDS,0.0,1,NMC_0C_FUDS.csv,2573,65.062636,gt65,2400,0.752836702766416
NMC,FUDS,0.0,1,NMC_0C_FUDS.csv,2936,62.043124000000006,35to65,0,
NMC,FUDS,0.0,1,NMC_0C_FUDS.csv,2936,62.043124000000006,35to65,30,
NMC,FUDS,0.0,1,NMC_0C_FUDS.csv,2936,62.043124000000006,35to65,60,7.214433459625248
NMC,FUDS,0.0,1,NMC_0C_FUDS.csv,2936,62.043124000000006,35to65,120,4.945991828079222
NMC,FUDS,0.0,1,NMC_0C_FUDS.csv,2936,62.043124000000006,35to65,300,4.286700464416505
NMC,FUDS,0.0,1,NMC_0C_FUDS.csv,2936,62.043124000000006,35to65,600,4.622805268707275
NMC,FUDS,0.0,1,NMC_0C_FUDS.csv,2936,62.043124000000006,35to65,900,4.138117272644045
NMC,FUDS,0.0,1,NMC_0C_FUDS.csv,2936,62.043124000000006,35to65,1200,3.8131442329788143
NMC,FUDS,0.0,1,NMC_0C_FUDS.csv,2936,62.043124000000006,35to65,1800,1.588347538658141
NMC,FUDS,0.0,1,NMC_0C_FUDS.csv,2936,62.043124000000006,35to65,2400,1.997485991790768
NMC,FUDS,0.0,1,NMC_0C_FUDS.csv,4184,53.135085000000004,35to65,0,
NMC,FUDS,0.0,1,NMC_0C_FUDS.csv,4184,53.135085000000004,35to65,30,
NMC,FUDS,0.0,1,NMC_0C_FUDS.csv,4184,53.135085000000004,35to65,60,7.437476921195987
NMC,FUDS,0.0,1,NMC_0C_FUDS.csv,4184,53.135085000000004,35to65,120,9.219953722572328
NMC,FUDS,0.0,1,NMC_0C_FUDS.csv,4184,53.135085000000004,35to65,300,7.315263454902649
NMC,FUDS,0.0,1,NMC_0C_FUDS.csv,4184,53.135085000000004,35to65,600,6.077683328842163
NMC,FUDS,0.0,1,NMC_0C_FUDS.csv,4184,53.135085000000004,35to65,900,5.792239206459044
NMC,FUDS,0.0,1,NMC_0C_FUDS.csv,4184,53.135085000000004,35to65,1200,4.8751743120880136
NMC,FUDS,0.0,1,NMC_0C_FUDS.csv,4184,53.135085000000004,35to65,1800,2.181232201461789
NMC,FUDS,0.0,1,NMC_0C_FUDS.csv,4184,53.135085000000004,35to65,2400,2.1601807633972214
NMC,FUDS,0.0,1,NMC_0C_FUDS.csv,5796,39.527944,35to65,0,
NMC,FUDS,0.0,1,NMC_0C_FUDS.csv,5796,39.527944,35to65,30,
NMC,FUDS,0.0,1,NMC_0C_FUDS.csv,5796,39.527944,35to65,60,10.514038469024655
NMC,FUDS,0.0,1,NMC_0C_FUDS.csv,5796,39.527944,35to65,120,10.652521341255188
NMC,FUDS,0.0,1,NMC_0C_FUDS.csv,5796,39.527944,35to65,300,8.674528709861754
NMC,FUDS,0.0,1,NMC_0C_FUDS.csv,5796,39.527944,35to65,600,7.101562404556269
NMC,FUDS,0.0,1,NMC_0C_FUDS.csv,5796,39.527944,35to65,900,5.856707856330871
NMC,FUDS,0.0,1,NMC_0C_FUDS.csv,5796,39.527944,35to65,1200,3.819725608520507
NMC,FUDS,0.0,1,NMC_0C_FUDS.csv,5796,39.527944,35to65,1800,1.0821341310195898
NMC,FUDS,0.0,1,NMC_0C_FUDS.csv,5796,39.527944,35to65,2400,0.2186802659111038
NMC,FUDS,0.0,1,NMC_0C_FUDS.csv,6907,32.573423,le35,0,
NMC,FUDS,0.0,1,NMC_0C_FUDS.csv,6907,32.573423,le35,30,
NMC,FUDS,0.0,1,NMC_0C_FUDS.csv,6907,32.573423,le35,60,4.279219855354313
NMC,FUDS,0.0,1,NMC_0C_FUDS.csv,6907,32.573423,le35,120,3.6317321020507833
NMC,FUDS,0.0,1,NMC_0C_FUDS.csv,6907,32.573423,le35,300,2.801531135040282
NMC,FUDS,0.0,1,NMC_0C_FUDS.csv,6907,32.573423,le35,600,1.1200363058090197
NMC,FUDS,0.0,1,NMC_0C_FUDS.csv,6907,32.573423,le35,900,1.0248738784980773
NMC,FUDS,0.0,1,NMC_0C_FUDS.csv,6907,32.573423,le35,1200,0.6350099994773863
NMC,FUDS,0.0,1,NMC_0C_FUDS.csv,6907,32.573423,le35,1800,1.34619738168335
NMC,FUDS,0.0,1,NMC_0C_FUDS.csv,6907,32.573423,le35,2400,0.48745435426712014
NMC,FUDS,0.0,1,NMC_0C_FUDS.csv,7156,29.191235,le35,0,
NMC,FUDS,0.0,1,NMC_0C_FUDS.csv,7156,29.191235,le35,30,
NMC,FUDS,0.0,1,NMC_0C_FUDS.csv,7156,29.191235,le35,60,8.575130777767182
NMC,FUDS,0.0,1,NMC_0C_FUDS.csv,7156,29.191235,le35,120,8.551383034805298
NMC,FUDS,0.0,1,NMC_0C_FUDS.csv,7156,29.191235,le35,300,6.243420140922545
NMC,FUDS,0.0,1,NMC_0C_FUDS.csv,7156,29.191235,le35,600,4.5457542952194245
NMC,FUDS,0.0,1,NMC_0C_FUDS.csv,7156,29.191235,le35,900,3.6555411456298827
NMC,FUDS,0.0,1,NMC_0C_FUDS.csv,7156,29.191235,le35,1200,2.1602244856834396
NMC,FUDS,0.0,1,NMC_0C_FUDS.csv,7156,29.191235,le35,1800,0.19921573608398546
NMC,FUDS,0.0,1,NMC_0C_FUDS.csv,7156,29.191235,le35,2400,1.081879644271849
NMC,FUDS,0.0,1,NMC_0C_FUDS.csv,8556,18.58072,le35,0,
NMC,FUDS,0.0,1,NMC_0C_FUDS.csv,8556,18.58072,le35,30,
NMC,FUDS,0.0,1,NMC_0C_FUDS.csv,8556,18.58072,le35,60,10.55952189566803
NMC,FUDS,0.0,1,NMC_0C_FUDS.csv,8556,18.58072,le35,120,8.105135421335223
NMC,FUDS,0.0,1,NMC_0C_FUDS.csv,8556,18.58072,le35,300,6.0785716756572725
NMC,FUDS,0.0,1,NMC_0C_FUDS.csv,8556,18.58072,le35,600,7.231573884954454
NMC,FUDS,0.0,1,NMC_0C_FUDS.csv,8556,18.58072,le35,900,5.762171445611955
NMC,FUDS,0.0,1,NMC_0C_FUDS.csv,8556,18.58072,le35,1200,
NMC,FUDS,0.0,1,NMC_0C_FUDS.csv,8556,18.58072,le35,1800,
NMC,FUDS,0.0,1,NMC_0C_FUDS.csv,8556,18.58072,le35,2400,
NMC,FUDS,0.0,2,NMC_0C_FUDS.csv,551,79.566014,gt65,0,
NMC,FUDS,0.0,2,NMC_0C_FUDS.csv,551,79.566014,gt65,30,
NMC,FUDS,0.0,2,NMC_0C_FUDS.csv,551,79.566014,gt65,60,0.6082177912139883
NMC,FUDS,0.0,2,NMC_0C_FUDS.csv,551,79.566014,gt65,120,0.7656544641876195
NMC,FUDS,0.0,2,NMC_0C_FUDS.csv,551,79.566014,gt65,300,0.9174083829498301
NMC,FUDS,0.0,2,NMC_0C_FUDS.csv,551,79.566014,gt65,600,0.7413566239166158
NMC,FUDS,0.0,2,NMC_0C_FUDS.csv,551,79.566014,gt65,900,0.5164914398193332
NMC,FUDS,0.0,2,NMC_0C_FUDS.csv,551,79.566014,gt65,1200,1.3558328734741139
NMC,FUDS,0.0,2,NMC_0C_FUDS.csv,551,79.566014,gt65,1800,0.6477011169433524
NMC,FUDS,0.0,2,NMC_0C_FUDS.csv,551,79.566014,gt65,2400,0.6773911725616486
NMC,FUDS,0.0,2,NMC_0C_FUDS.csv,617,79.193753,gt65,0,
NMC,FUDS,0.0,2,NMC_0C_FUDS.csv,617,79.193753,gt65,30,
NMC,FUDS,0.0,2,NMC_0C_FUDS.csv,617,79.193753,gt65,60,0.6432642075347843
NMC,FUDS,0.0,2,NMC_0C_FUDS.csv,617,79.193753,gt65,120,0.327759579589852
NMC,FUDS,0.0,2,NMC_0C_FUDS.csv,617,79.193753,gt65,300,1.0215801905822701
NMC,FUDS,0.0,2,NMC_0C_FUDS.csv,617,79.193753,gt65,600,0.7115372952270462
NMC,FUDS,0.0,2,NMC_0C_FUDS.csv,617,79.193753,gt65,900,0.8071988606262295
NMC,FUDS,0.0,2,NMC_0C_FUDS.csv,617,79.193753,gt65,1200,1.063424067276003
NMC,FUDS,0.0,2,NMC_0C_FUDS.csv,617,79.193753,gt65,1800,0.347280723907474
NMC,FUDS,0.0,2,NMC_0C_FUDS.csv,617,79.193753,gt65,2400,0.1711009520721447
NMC,FUDS,0.0,2,NMC_0C_FUDS.csv,2573,65.062636,gt65,0,
NMC,FUDS,0.0,2,NMC_0C_FUDS.csv,2573,65.062636,gt65,30,
NMC,FUDS,0.0,2,NMC_0C_FUDS.csv,2573,65.062636,gt65,60,3.882929478378287
NMC,FUDS,0.0,2,NMC_0C_FUDS.csv,2573,65.062636,gt65,120,3.674272410430916
NMC,FUDS,0.0,2,NMC_0C_FUDS.csv,2573,65.062636,gt65,300,3.2326217784118683
NMC,FUDS,0.0,2,NMC_0C_FUDS.csv,2573,65.062636,gt65,600,3.8696523731231665
NMC,FUDS,0.0,2,NMC_0C_FUDS.csv,2573,65.062636,gt65,900,2.603900582519536
NMC,FUDS,0.0,2,NMC_0C_FUDS.csv,2573,65.062636,gt65,1200,2.0505067252960174
NMC,FUDS,0.0,2,NMC_0C_FUDS.csv,2573,65.062636,gt65,1800,3.0740059570693887
NMC,FUDS,0.0,2,NMC_0C_FUDS.csv,2573,65.062636,gt65,2400,0.7031592115783667
NMC,FUDS,0.0,2,NMC_0C_FUDS.csv,2936,62.043124000000006,35to65,0,
NMC,FUDS,0.0,2,NMC_0C_FUDS.csv,2936,62.043124000000006,35to65,30,
NMC,FUDS,0.0,2,NMC_0C_FUDS.csv,2936,62.043124000000006,35to65,60,8.93525531707764
NMC,FUDS,0.0,2,NMC_0C_FUDS.csv,2936,62.043124000000006,35to65,120,6.709848239059447
NMC,FUDS,0.0,2,NMC_0C_FUDS.csv,2936,62.043124000000006,35to65,300,5.940049863983155
NMC,FUDS,0.0,2,NMC_0C_FUDS.csv,2936,62.043124000000006,35to65,600,5.314743668975829
NMC,FUDS,0.0,2,NMC_0C_FUDS.csv,2936,62.043124000000006,35to65,900,5.058287818222048
NMC,FUDS,0.0,2,NMC_0C_FUDS.csv,2936,62.043124000000006,35to65,1200,4.58745327209472
NMC,FUDS,0.0,2,NMC_0C_FUDS.csv,2936,62.043124000000006,35to65,1800,1.8063366257629383
NMC,FUDS,0.0,2,NMC_0C_FUDS.csv,2936,62.043124000000006,35to65,2400,1.87211656220245
NMC,FUDS,0.0,2,NMC_0C_FUDS.csv,4184,53.135085000000004,35to65,0,
NMC,FUDS,0.0,2,NMC_0C_FUDS.csv,4184,53.135085000000004,35to65,30,
NMC,FUDS,0.0,2,NMC_0C_FUDS.csv,4184,53.135085000000004,35to65,60,9.645727682228092
NMC,FUDS,0.0,2,NMC_0C_FUDS.csv,4184,53.135085000000004,35to65,120,10.13930172405243
NMC,FUDS,0.0,2,NMC_0C_FUDS.csv,4184,53.135085000000004,35to65,300,8.317658607948303
NMC,FUDS,0.0,2,NMC_0C_FUDS.csv,4184,53.135085000000004,35to65,600,6.657204388832092
NMC,FUDS,0.0,2,NMC_0C_FUDS.csv,4184,53.135085000000004,35to65,900,5.737289684440611
NMC,FUDS,0.0,2,NMC_0C_FUDS.csv,4184,53.135085000000004,35to65,1200,4.372868089172364
NMC,FUDS,0.0,2,NMC_0C_FUDS.csv,4184,53.135085000000004,35to65,1800,1.9926550263214082
NMC,FUDS,0.0,2,NMC_0C_FUDS.csv,4184,53.135085000000004,35to65,2400,1.9219618598556565
NMC,FUDS,0.0,2,NMC_0C_FUDS.csv,5796,39.527944,35to65,0,
NMC,FUDS,0.0,2,NMC_0C_FUDS.csv,5796,39.527944,35to65,30,
NMC,FUDS,0.0,2,NMC_0C_FUDS.csv,5796,39.527944,35to65,60,10.338264371582028
NMC,FUDS,0.0,2,NMC_0C_FUDS.csv,5796,39.527944,35to65,120,11.110490649154663
NMC,FUDS,0.0,2,NMC_0C_FUDS.csv,5796,39.527944,35to65,300,9.515374413940428
NMC,FUDS,0.0,2,NMC_0C_FUDS.csv,5796,39.527944,35to65,600,7.822242164535517
NMC,FUDS,0.0,2,NMC_0C_FUDS.csv,5796,39.527944,35to65,900,5.718100235137939
NMC,FUDS,0.0,2,NMC_0C_FUDS.csv,5796,39.527944,35to65,1200,4.14439210861206
NMC,FUDS,0.0,2,NMC_0C_FUDS.csv,5796,39.527944,35to65,1800,0.5861072574310278
NMC,FUDS,0.0,2,NMC_0C_FUDS.csv,5796,39.527944,35to65,2400,0.2259674038810715
NMC,FUDS,0.0,2,NMC_0C_FUDS.csv,6907,32.573423,le35,0,
NMC,FUDS,0.0,2,NMC_0C_FUDS.csv,6907,32.573423,le35,30,
NMC,FUDS,0.0,2,NMC_0C_FUDS.csv,6907,32.573423,le35,60,4.295679678009037
NMC,FUDS,0.0,2,NMC_0C_FUDS.csv,6907,32.573423,le35,120,4.205000634803774
NMC,FUDS,0.0,2,NMC_0C_FUDS.csv,6907,32.573423,le35,300,2.48386222024536
NMC,FUDS,0.0,2,NMC_0C_FUDS.csv,6907,32.573423,le35,600,0.7847631591796862
NMC,FUDS,0.0,2,NMC_0C_FUDS.csv,6907,32.573423,le35,900,0.19315960599899284
NMC,FUDS,0.0,2,NMC_0C_FUDS.csv,6907,32.573423,le35,1200,0.3397285983924867
NMC,FUDS,0.0,2,NMC_0C_FUDS.csv,6907,32.573423,le35,1800,1.6653087288818362
NMC,FUDS,0.0,2,NMC_0C_FUDS.csv,6907,32.573423,le35,2400,0.08292061040878274
NMC,FUDS,0.0,2,NMC_0C_FUDS.csv,7156,29.191235,le35,0,
NMC,FUDS,0.0,2,NMC_0C_FUDS.csv,7156,29.191235,le35,30,
NMC,FUDS,0.0,2,NMC_0C_FUDS.csv,7156,29.191235,le35,60,8.00535209696579
NMC,FUDS,0.0,2,NMC_0C_FUDS.csv,7156,29.191235,le35,120,8.111836032489776
NMC,FUDS,0.0,2,NMC_0C_FUDS.csv,7156,29.191235,le35,300,6.484689312160491
NMC,FUDS,0.0,2,NMC_0C_FUDS.csv,7156,29.191235,le35,600,4.729284447063449
NMC,FUDS,0.0,2,NMC_0C_FUDS.csv,7156,29.191235,le35,900,3.041027688808441
NMC,FUDS,0.0,2,NMC_0C_FUDS.csv,7156,29.191235,le35,1200,1.9024194958686813
NMC,FUDS,0.0,2,NMC_0C_FUDS.csv,7156,29.191235,le35,1800,0.02284732849120985
NMC,FUDS,0.0,2,NMC_0C_FUDS.csv,7156,29.191235,le35,2400,1.116279719945906
NMC,FUDS,0.0,2,NMC_0C_FUDS.csv,8556,18.58072,le35,0,
NMC,FUDS,0.0,2,NMC_0C_FUDS.csv,8556,18.58072,le35,30,
NMC,FUDS,0.0,2,NMC_0C_FUDS.csv,8556,18.58072,le35,60,11.087498348972321
NMC,FUDS,0.0,2,NMC_0C_FUDS.csv,8556,18.58072,le35,120,9.134576181947711
NMC,FUDS,0.0,2,NMC_0C_FUDS.csv,8556,18.58072,le35,300,7.294802217124939
NMC,FUDS,0.0,2,NMC_0C_FUDS.csv,8556,18.58072,le35,600,6.490450476875306
NMC,FUDS,0.0,2,NMC_0C_FUDS.csv,8556,18.58072,le35,900,4.31153222751999
NMC,FUDS,0.0,2,NMC_0C_FUDS.csv,8556,18.58072,le35,1200,
NMC,FUDS,0.0,2,NMC_0C_FUDS.csv,8556,18.58072,le35,1800,
NMC,FUDS,0.0,2,NMC_0C_FUDS.csv,8556,18.58072,le35,2400,
NMC,FUDS,25.0,0,NMC_25C_FUDS.csv,307,80.23237,gt65,0,
NMC,FUDS,25.0,0,NMC_25C_FUDS.csv,307,80.23237,gt65,30,
NMC,FUDS,25.0,0,NMC_25C_FUDS.csv,307,80.23237,gt65,60,0.1375957085418662
NMC,FUDS,25.0,0,NMC_25C_FUDS.csv,307,80.23237,gt65,120,0.09190012451172436
NMC,FUDS,25.0,0,NMC_25C_FUDS.csv,307,80.23237,gt65,300,0.20692350588988973
NMC,FUDS,25.0,0,NMC_25C_FUDS.csv,307,80.23237,gt65,600,0.7443547071075471
NMC,FUDS,25.0,0,NMC_25C_FUDS.csv,307,80.23237,gt65,900,0.6844082717895503
NMC,FUDS,25.0,0,NMC_25C_FUDS.csv,307,80.23237,gt65,1200,0.6853457613067633
NMC,FUDS,25.0,0,NMC_25C_FUDS.csv,307,80.23237,gt65,1800,0.5946464958190916
NMC,FUDS,25.0,0,NMC_25C_FUDS.csv,307,80.23237,gt65,2400,0.6181074330139182
NMC,FUDS,25.0,0,NMC_25C_FUDS.csv,1196,75.31744,gt65,0,
NMC,FUDS,25.0,0,NMC_25C_FUDS.csv,1196,75.31744,gt65,30,
NMC,FUDS,25.0,0,NMC_25C_FUDS.csv,1196,75.31744,gt65,60,0.1828313609924237
NMC,FUDS,25.0,0,NMC_25C_FUDS.csv,1196,75.31744,gt65,120,0.24717491600037533
NMC,FUDS,25.0,0,NMC_25C_FUDS.csv,1196,75.31744,gt65,300,0.8541282339172369
NMC,FUDS,25.0,0,NMC_25C_FUDS.csv,1196,75.31744,gt65,600,2.109335089187624
NMC,FUDS,25.0,0,NMC_25C_FUDS.csv,1196,75.31744,gt65,900,1.2322603007659865
NMC,FUDS,25.0,0,NMC_25C_FUDS.csv,1196,75.31744,gt65,1200,0.9462977336120559
NMC,FUDS,25.0,0,NMC_25C_FUDS.csv,1196,75.31744,gt65,1800,1.1178855234832739
NMC,FUDS,25.0,0,NMC_25C_FUDS.csv,1196,75.31744,gt65,2400,0.5422300781249945
NMC,FUDS,25.0,0,NMC_25C_FUDS.csv,2251,67.713314,gt65,0,
NMC,FUDS,25.0,0,NMC_25C_FUDS.csv,2251,67.713314,gt65,30,
NMC,FUDS,25.0,0,NMC_25C_FUDS.csv,2251,67.713314,gt65,60,2.1719689852600084
NMC,FUDS,25.0,0,NMC_25C_FUDS.csv,2251,67.713314,gt65,120,1.7712956219482408
NMC,FUDS,25.0,0,NMC_25C_FUDS.csv,2251,67.713314,gt65,300,2.770506316070552
NMC,FUDS,25.0,0,NMC_25C_FUDS.csv,2251,67.713314,gt65,600,2.726131954635619
NMC,FUDS,25.0,0,NMC_25C_FUDS.csv,2251,67.713314,gt65,900,3.196003375015252
NMC,FUDS,25.0,0,NMC_25C_FUDS.csv,2251,67.713314,gt65,1200,2.51682989820862
NMC,FUDS,25.0,0,NMC_25C_FUDS.csv,2251,67.713314,gt65,1800,1.4117849566650378
NMC,FUDS,25.0,0,NMC_25C_FUDS.csv,2251,67.713314,gt65,2400,0.7934682411956828
NMC,FUDS,25.0,0,NMC_25C_FUDS.csv,4170,55.905499999999996,35to65,0,
NMC,FUDS,25.0,0,NMC_25C_FUDS.csv,4170,55.905499999999996,35to65,30,
NMC,FUDS,25.0,0,NMC_25C_FUDS.csv,4170,55.905499999999996,35to65,60,6.094890415840148
NMC,FUDS,25.0,0,NMC_25C_FUDS.csv,4170,55.905499999999996,35to65,120,6.385559072204593
NMC,FUDS,25.0,0,NMC_25C_FUDS.csv,4170,55.905499999999996,35to65,300,5.210681717147821
NMC,FUDS,25.0,0,NMC_25C_FUDS.csv,4170,55.905499999999996,35to65,600,4.092097208831788
NMC,FUDS,25.0,0,NMC_25C_FUDS.csv,4170,55.905499999999996,35to65,900,3.5980046349868786
NMC,FUDS,25.0,0,NMC_25C_FUDS.csv,4170,55.905499999999996,35to65,1200,3.0279760195999117
NMC,FUDS,25.0,0,NMC_25C_FUDS.csv,4170,55.905499999999996,35to65,1800,1.544004258644108
NMC,FUDS,25.0,0,NMC_25C_FUDS.csv,4170,55.905499999999996,35to65,2400,1.1128846796874967
NMC,FUDS,25.0,0,NMC_25C_FUDS.csv,4205,55.86295,35to65,0,
NMC,FUDS,25.0,0,NMC_25C_FUDS.csv,4205,55.86295,35to65,30,
NMC,FUDS,25.0,0,NMC_25C_FUDS.csv,4205,55.86295,35to65,60,5.810479172019953
NMC,FUDS,25.0,0,NMC_25C_FUDS.csv,4205,55.86295,35to65,120,5.296529631538391
NMC,FUDS,25.0,0,NMC_25C_FUDS.csv,4205,55.86295,35to65,300,4.562341715774529
NMC,FUDS,25.0,0,NMC_25C_FUDS.csv,4205,55.86295,35to65,600,3.529587259040831
NMC,FUDS,25.0,0,NMC_25C_FUDS.csv,4205,55.86295,35to65,900,2.482848911941524
NMC,FUDS,25.0,0,NMC_25C_FUDS.csv,4205,55.86295,35to65,1200,2.273550891754148
NMC,FUDS,25.0,0,NMC_25C_FUDS.csv,4205,55.86295,35to65,1800,1.0342300886154163
NMC,FUDS,25.0,0,NMC_25C_FUDS.csv,4205,55.86295,35to65,2400,0.8661773990554806
NMC,FUDS,25.0,0,NMC_25C_FUDS.csv,6764,38.693884,35to65,0,
NMC,FUDS,25.0,0,NMC_25C_FUDS.csv,6764,38.693884,35to65,30,
NMC,FUDS,25.0,0,NMC_25C_FUDS.csv,6764,38.693884,35to65,60,6.033977999771118
NMC,FUDS,25.0,0,NMC_25C_FUDS.csv,6764,38.693884,35to65,120,5.729922879478458
NMC,FUDS,25.0,0,NMC_25C_FUDS.csv,6764,38.693884,35to65,300,4.894643846405025
NMC,FUDS,25.0,0,NMC_25C_FUDS.csv,6764,38.693884,35to65,600,3.0155418311614994
NMC,FUDS,25.0,0,NMC_25C_FUDS.csv,6764,38.693884,35to65,900,2.2151742232589697
NMC,FUDS,25.0,0,NMC_25C_FUDS.csv,6764,38.693884,35to65,1200,1.6948639008026127
NMC,FUDS,25.0,0,NMC_25C_FUDS.csv,6764,38.693884,35to65,1800,0.5889923824310301
NMC,FUDS,25.0,0,NMC_25C_FUDS.csv,6764,38.693884,35to65,2400,0.44120575598144285
NMC,FUDS,25.0,0,NMC_25C_FUDS.csv,9001,22.919627000000002,le35,0,
NMC,FUDS,25.0,0,NMC_25C_FUDS.csv,9001,22.919627000000002,le35,30,
NMC,FUDS,25.0,0,NMC_25C_FUDS.csv,9001,22.919627000000002,le35,60,8.692437024528505
NMC,FUDS,25.0,0,NMC_25C_FUDS.csv,9001,22.919627000000002,le35,120,8.767769000312807
NMC,FUDS,25.0,0,NMC_25C_FUDS.csv,9001,22.919627000000002,le35,300,7.744889072269441
NMC,FUDS,25.0,0,NMC_25C_FUDS.csv,9001,22.919627000000002,le35,600,6.146257754886626
NMC,FUDS,25.0,0,NMC_25C_FUDS.csv,9001,22.919627000000002,le35,900,3.1289682338600144
NMC,FUDS,25.0,0,NMC_25C_FUDS.csv,9001,22.919627000000002,le35,1200,1.795475265666962
NMC,FUDS,25.0,0,NMC_25C_FUDS.csv,9001,22.919627000000002,le35,1800,1.5638068530574802
NMC,FUDS,25.0,0,NMC_25C_FUDS.csv,9001,22.919627000000002,le35,2400,
NMC,FUDS,25.0,0,NMC_25C_FUDS.csv,9322,21.376765,le35,0,
NMC,FUDS,25.0,0,NMC_25C_FUDS.csv,9322,21.376765,le35,30,
NMC,FUDS,25.0,0,NMC_25C_FUDS.csv,9322,21.376765,le35,60,8.248641274318693
NMC,FUDS,25.0,0,NMC_25C_FUDS.csv,9322,21.376765,le35,120,7.770830666362762
NMC,FUDS,25.0,0,NMC_25C_FUDS.csv,9322,21.376765,le35,300,6.542695843494414
NMC,FUDS,25.0,0,NMC_25C_FUDS.csv,9322,21.376765,le35,600,3.6477474637947083
NMC,FUDS,25.0,0,NMC_25C_FUDS.csv,9322,21.376765,le35,900,2.2649362824668895
NMC,FUDS,25.0,0,NMC_25C_FUDS.csv,9322,21.376765,le35,1200,1.6239014296798686
NMC,FUDS,25.0,0,NMC_25C_FUDS.csv,9322,21.376765,le35,1800,
NMC,FUDS,25.0,0,NMC_25C_FUDS.csv,9322,21.376765,le35,2400,
NMC,FUDS,25.0,0,NMC_25C_FUDS.csv,11010,10.8286805,le35,0,
NMC,FUDS,25.0,0,NMC_25C_FUDS.csv,11010,10.8286805,le35,30,
NMC,FUDS,25.0,0,NMC_25C_FUDS.csv,11010,10.8286805,le35,60,4.254020566635132
NMC,FUDS,25.0,0,NMC_25C_FUDS.csv,11010,10.8286805,le35,120,
NMC,FUDS,25.0,0,NMC_25C_FUDS.csv,11010,10.8286805,le35,300,
NMC,FUDS,25.0,0,NMC_25C_FUDS.csv,11010,10.8286805,le35,600,
NMC,FUDS,25.0,0,NMC_25C_FUDS.csv,11010,10.8286805,le35,900,
NMC,FUDS,25.0,0,NMC_25C_FUDS.csv,11010,10.8286805,le35,1200,
NMC,FUDS,25.0,0,NMC_25C_FUDS.csv,11010,10.8286805,le35,1800,
NMC,FUDS,25.0,0,NMC_25C_FUDS.csv,11010,10.8286805,le35,2400,
NMC,FUDS,25.0,1,NMC_25C_FUDS.csv,307,80.23237,gt65,0,
NMC,FUDS,25.0,1,NMC_25C_FUDS.csv,307,80.23237,gt65,30,
NMC,FUDS,25.0,1,NMC_25C_FUDS.csv,307,80.23237,gt65,60,0.42988496559142675
NMC,FUDS,25.0,1,NMC_25C_FUDS.csv,307,80.23237,gt65,120,0.26238392356872
NMC,FUDS,25.0,1,NMC_25C_FUDS.csv,307,80.23237,gt65,300,0.2303957728271513
NMC,FUDS,25.0,1,NMC_25C_FUDS.csv,307,80.23237,gt65,600,0.3313064397430452
NMC,FUDS,25.0,1,NMC_25C_FUDS.csv,307,80.23237,gt65,900,0.3825822715759273
NMC,FUDS,25.0,1,NMC_25C_FUDS.csv,307,80.23237,gt65,1200,0.43769442272949277
NMC,FUDS,25.0,1,NMC_25C_FUDS.csv,307,80.23237,gt65,1800,0.4242546977996824
NMC,FUDS,25.0,1,NMC_25C_FUDS.csv,307,80.23237,gt65,2400,0.3221584507751487
NMC,FUDS,25.0,1,NMC_25C_FUDS.csv,1196,75.31744,gt65,0,
NMC,FUDS,25.0,1,NMC_25C_FUDS.csv,1196,75.31744,gt65,30,
NMC,FUDS,25.0,1,NMC_25C_FUDS.csv,1196,75.31744,gt65,60,1.0479152938690106
NMC,FUDS,25.0,1,NMC_25C_FUDS.csv,1196,75.31744,gt65,120,0.6441529419708161
NMC,FUDS,25.0,1,NMC_25C_FUDS.csv,1196,75.31744,gt65,300,0.04861318302917539
NMC,FUDS,25.0,1,NMC_25C_FUDS.csv,1196,75.31744,gt65,600,1.3175708298492452
NMC,FUDS,25.0,1,NMC_25C_FUDS.csv,1196,75.31744,gt65,900,1.009332968841548
NMC,FUDS,25.0,1,NMC_25C_FUDS.csv,1196,75.31744,gt65,1200,0.7799232886505081
NMC,FUDS,25.0,1,NMC_25C_FUDS.csv,1196,75.31744,gt65,1800,0.8743707472534155
NMC,FUDS,25.0,1,NMC_25C_FUDS.csv,1196,75.31744,gt65,2400,0.4173404659271185
NMC,FUDS,25.0,1,NMC_25C_FUDS.csv,2251,67.713314,gt65,0,
NMC,FUDS,25.0,1,NMC_25C_FUDS.csv,2251,67.713314,gt65,30,
NMC,FUDS,25.0,1,NMC_25C_FUDS.csv,2251,67.713314,gt65,60,0.2109761721496568
NMC,FUDS,25.0,1,NMC_25C_FUDS.csv,2251,67.713314,gt65,120,0.707793787078856
NMC,FUDS,25.0,1,NMC_25C_FUDS.csv,2251,67.713314,gt65,300,0.7022609051513626
NMC,FUDS,25.0,1,NMC_25C_FUDS.csv,2251,67.713314,gt65,600,2.2559347538604726
NMC,FUDS,25.0,1,NMC_25C_FUDS.csv,2251,67.713314,gt65,900,2.4499201154327324
NMC,FUDS,25.0,1,NMC_25C_FUDS.csv,2251,67.713314,gt65,1200,1.90342657789612
NMC,FUDS,25.0,1,NMC_25C_FUDS.csv,2251,67.713314,gt65,1800,1.193709442825316
NMC,FUDS,25.0,1,NMC_25C_FUDS.csv,2251,67.713314,gt65,2400,0.6689362568664592
NMC,FUDS,25.0,1,NMC_25C_FUDS.csv,4170,55.905499999999996,35to65,0,
NMC,FUDS,25.0,1,NMC_25C_FUDS.csv,4170,55.905499999999996,35to65,30,
NMC,FUDS,25.0,1,NMC_25C_FUDS.csv,4170,55.905499999999996,35to65,60,4.405429542236327
NMC,FUDS,25.0,1,NMC_25C_FUDS.csv,4170,55.905499999999996,35to65,120,5.6714954277954135
NMC,FUDS,25.0,1,NMC_25C_FUDS.csv,4170,55.905499999999996,35to65,300,4.472391764869684
NMC,FUDS,25.0,1,NMC_25C_FUDS.csv,4170,55.905499999999996,35to65,600,3.3615171173553478
NMC,FUDS,25.0,1,NMC_25C_FUDS.csv,4170,55.905499999999996,35to65,900,3.153464253555299
NMC,FUDS,25.0,1,NMC_25C_FUDS.csv,4170,55.905499999999996,35to65,1200,2.7509693934707613
NMC,FUDS,25.0,1,NMC_25C_FUDS.csv,4170,55.905499999999996,35to65,1800,1.003223237525944
NMC,FUDS,25.0,1,NMC_25C_FUDS.csv,4170,55.905499999999996,35to65,2400,0.8315805586700407
NMC,FUDS,25.0,1,NMC_25C_FUDS.csv,4205,55.86295,35to65,0,
NMC,FUDS,25.0,1,NMC_25C_FUDS.csv,4205,55.86295,35to65,30,
NMC,FUDS,25.0,1,NMC_25C_FUDS.csv,4205,55.86295,35to65,60,3.863120921401972
NMC,FUDS,25.0,1,NMC_25C_FUDS.csv,4205,55.86295,35to65,120,6.380240421218872
NMC,FUDS,25.0,1,NMC_25C_FUDS.csv,4205,55.86295,35to65,300,3.7406827468490533
NMC,FUDS,25.0,1,NMC_25C_FUDS.csv,4205,55.86295,35to65,600,2.7615724704132063
NMC,FUDS,25.0,1,NMC_25C_FUDS.csv,4205,55.86295,35to65,900,2.1776612097625687
NMC,FUDS,25.0,1,NMC_25C_FUDS.csv,4205,55.86295,35to65,1200,1.8857392309875465
NMC,FUDS,25.0,1,NMC_25C_FUDS.csv,4205,55.86295,35to65,1800,0.8984268659591663
NMC,FUDS,25.0,1,NMC_25C_FUDS.csv,4205,55.86295,35to65,2400,0.729283411399841
NMC,FUDS,25.0,1,NMC_25C_FUDS.csv,6764,38.693884,35to65,0,
NMC,FUDS,25.0,1,NMC_25C_FUDS.csv,6764,38.693884,35to65,30,
NMC,FUDS,25.0,1,NMC_25C_FUDS.csv,6764,38.693884,35to65,60,5.061352386558532
NMC,FUDS,25.0,1,NMC_25C_FUDS.csv,6764,38.693884,35to65,120,5.236777890464786
NMC,FUDS,25.0,1,NMC_25C_FUDS.csv,6764,38.693884,35to65,300,4.564612928283687
NMC,FUDS,25.0,1,NMC_25C_FUDS.csv,6764,38.693884,35to65,600,2.4225799237747196
NMC,FUDS,25.0,1,NMC_25C_FUDS.csv,6764,38.693884,35to65,900,1.8213991177825903
NMC,FUDS,25.0,1,NMC_25C_FUDS.csv,6764,38.693884,35to65,1200,1.2092469784240727
NMC,FUDS,25.0,1,NMC_25C_FUDS.csv,6764,38.693884,35to65,1800,0.5944968713760375
NMC,FUDS,25.0,1,NMC_25C_FUDS.csv,6764,38.693884,35to65,2400,0.39700295141601316
NMC,FUDS,25.0,1,NMC_25C_FUDS.csv,9001,22.919627000000002,le35,0,
NMC,FUDS,25.0,1,NMC_25C_FUDS.csv,9001,22.919627000000002,le35,30,
NMC,FUDS,25.0,1,NMC_25C_FUDS.csv,9001,22.919627000000002,le35,60,8.729123683387758
NMC,FUDS,25.0,1,NMC_25C_FUDS.csv,9001,22.919627000000002,le35,120,8.374853691837313
NMC,FUDS,25.0,1,NMC_25C_FUDS.csv,9001,22.919627000000002,le35,300,7.907804957717897
NMC,FUDS,25.0,1,NMC_25C_FUDS.csv,9001,22.919627000000002,le35,600,6.2532942858581535
NMC,FUDS,25.0,1,NMC_25C_FUDS.csv,9001,22.919627000000002,le35,900,2.742795700824736
NMC,FUDS,25.0,1,NMC_25C_FUDS.csv,9001,22.919627000000002,le35,1200,1.7660261007995608
NMC,FUDS,25.0,1,NMC_25C_FUDS.csv,9001,22.919627000000002,le35,1800,1.7665133092418674
NMC,FUDS,25.0,1,NMC_25C_FUDS.csv,9001,22.919627000000002,le35,2400,
NMC,FUDS,25.0,1,NMC_25C_FUDS.csv,9322,21.376765,le35,0,
NMC,FUDS,25.0,1,NMC_25C_FUDS.csv,9322,21.376765,le35,30,
NMC,FUDS,25.0,1,NMC_25C_FUDS.csv,9322,21.376765,le35,60,8.342150531158445
NMC,FUDS,25.0,1,NMC_25C_FUDS.csv,9322,21.376765,le35,120,7.787780737220764
NMC,FUDS,25.0,1,NMC_25C_FUDS.csv,9322,21.376765,le35,300,6.8905902736549365
NMC,FUDS,25.0,1,NMC_25C_FUDS.csv,9322,21.376765,le35,600,2.8450621434173584
NMC,FUDS,25.0,1,NMC_25C_FUDS.csv,9322,21.376765,le35,900,2.1814346454849254
NMC,FUDS,25.0,1,NMC_25C_FUDS.csv,9322,21.376765,le35,1200,1.7723512678413371
NMC,FUDS,25.0,1,NMC_25C_FUDS.csv,9322,21.376765,le35,1800,
NMC,FUDS,25.0,1,NMC_25C_FUDS.csv,9322,21.376765,le35,2400,
NMC,FUDS,25.0,1,NMC_25C_FUDS.csv,11010,10.8286805,le35,0,
NMC,FUDS,25.0,1,NMC_25C_FUDS.csv,11010,10.8286805,le35,30,
NMC,FUDS,25.0,1,NMC_25C_FUDS.csv,11010,10.8286805,le35,60,3.6681840220022206
NMC,FUDS,25.0,1,NMC_25C_FUDS.csv,11010,10.8286805,le35,120,
NMC,FUDS,25.0,1,NMC_25C_FUDS.csv,11010,10.8286805,le35,300,
NMC,FUDS,25.0,1,NMC_25C_FUDS.csv,11010,10.8286805,le35,600,
NMC,FUDS,25.0,1,NMC_25C_FUDS.csv,11010,10.8286805,le35,900,
NMC,FUDS,25.0,1,NMC_25C_FUDS.csv,11010,10.8286805,le35,1200,
NMC,FUDS,25.0,1,NMC_25C_FUDS.csv,11010,10.8286805,le35,1800,
NMC,FUDS,25.0,1,NMC_25C_FUDS.csv,11010,10.8286805,le35,2400,
NMC,FUDS,25.0,2,NMC_25C_FUDS.csv,307,80.23237,gt65,0,
NMC,FUDS,25.0,2,NMC_25C_FUDS.csv,307,80.23237,gt65,30,
NMC,FUDS,25.0,2,NMC_25C_FUDS.csv,307,80.23237,gt65,60,0.7168872906494101
NMC,FUDS,25.0,2,NMC_25C_FUDS.csv,307,80.23237,gt65,120,0.1999182558441106
NMC,FUDS,25.0,2,NMC_25C_FUDS.csv,307,80.23237,gt65,300,0.305581071746829
NMC,FUDS,25.0,2,NMC_25C_FUDS.csv,307,80.23237,gt65,600,0.3453433335876497
NMC,FUDS,25.0,2,NMC_25C_FUDS.csv,307,80.23237,gt65,900,0.35967620658874466
NMC,FUDS,25.0,2,NMC_25C_FUDS.csv,307,80.23237,gt65,1200,0.5016382856445318
NMC,FUDS,25.0,2,NMC_25C_FUDS.csv,307,80.23237,gt65,1800,0.2690144004821775
NMC,FUDS,25.0,2,NMC_25C_FUDS.csv,307,80.23237,gt65,2400,0.1967145153808616
NMC,FUDS,25.0,2,NMC_25C_FUDS.csv,1196,75.31744,gt65,0,
NMC,FUDS,25.0,2,NMC_25C_FUDS.csv,1196,75.31744,gt65,30,
NMC,FUDS,25.0,2,NMC_25C_FUDS.csv,1196,75.31744,gt65,60,0.71631677359008
NMC,FUDS,25.0,2,NMC_25C_FUDS.csv,1196,75.31744,gt65,120,0.35177427795409244
NMC,FUDS,25.0,2,NMC_25C_FUDS.csv,1196,75.31744,gt65,300,0.21857582760620176
NMC,FUDS,25.0,2,NMC_25C_FUDS.csv,1196,75.31744,gt65,600,1.2626332287597677
NMC,FUDS,25.0,2,NMC_25C_FUDS.csv,1196,75.31744,gt65,900,0.6871102591857863
NMC,FUDS,25.0,2,NMC_25C_FUDS.csv,1196,75.31744,gt65,1200,0.4530692980956985
NMC,FUDS,25.0,2,NMC_25C_FUDS.csv,1196,75.31744,gt65,1800,1.0745350653381323
NMC,FUDS,25.0,2,NMC_25C_FUDS.csv,1196,75.31744,gt65,2400,0.13051099433898372
NMC,FUDS,25.0,2,NMC_25C_FUDS.csv,2251,67.713314,gt65,0,
NMC,FUDS,25.0,2,NMC_25C_FUDS.csv,2251,67.713314,gt65,30,
NMC,FUDS,25.0,2,NMC_25C_FUDS.csv,2251,67.713314,gt65,60,0.18992381161498884
NMC,FUDS,25.0,2,NMC_25C_FUDS.csv,2251,67.713314,gt65,120,0.10032112892150735
NMC,FUDS,25.0,2,NMC_25C_FUDS.csv,2251,67.713314,gt65,300,0.5798270043182328
NMC,FUDS,25.0,2,NMC_25C_FUDS.csv,2251,67.713314,gt65,600,0.9861233620300283
NMC,FUDS,25.0,2,NMC_25C_FUDS.csv,2251,67.713314,gt65,900,2.1240496015167167
NMC,FUDS,25.0,2,NMC_25C_FUDS.csv,2251,67.713314,gt65,1200,1.5162884496154803
NMC,FUDS,25.0,2,NMC_25C_FUDS.csv,2251,67.713314,gt65,1800,0.8607578971099841
NMC,FUDS,25.0,2,NMC_25C_FUDS.csv,2251,67.713314,gt65,2400,0.43220448921204024
NMC,FUDS,25.0,2,NMC_25C_FUDS.csv,4170,55.905499999999996,35to65,0,
NMC,FUDS,25.0,2,NMC_25C_FUDS.csv,4170,55.905499999999996,35to65,30,
NMC,FUDS,25.0,2,NMC_25C_FUDS.csv,4170,55.905499999999996,35to65,60,4.453762948684691
NMC,FUDS,25.0,2,NMC_25C_FUDS.csv,4170,55.905499999999996,35to65,120,5.414325227447513
NMC,FUDS,25.0,2,NMC_25C_FUDS.csv,4170,55.905499999999996,35to65,300,4.075728814353937
NMC,FUDS,25.0,2,NMC_25C_FUDS.csv,4170,55.905499999999996,35to65,600,3.2923936108093272
NMC,FUDS,25.0,2,NMC_25C_FUDS.csv,4170,55.905499999999996,35to65,900,3.117346819053651
NMC,FUDS,25.0,2,NMC_25C_FUDS.csv,4170,55.905499999999996,35to65,1200,2.6069913937835665
NMC,FUDS,25.0,2,NMC_25C_FUDS.csv,4170,55.905499999999996,35to65,1800,1.1609877915496867
NMC,FUDS,25.0,2,NMC_25C_FUDS.csv,4170,55.905499999999996,35to65,2400,0.814778009307858
NMC,FUDS,25.0,2,NMC_25C_FUDS.csv,4205,55.86295,35to65,0,
NMC,FUDS,25.0,2,NMC_25C_FUDS.csv,4205,55.86295,35to65,30,
NMC,FUDS,25.0,2,NMC_25C_FUDS.csv,4205,55.86295,35to65,60,3.4632810433196966
NMC,FUDS,25.0,2,NMC_25C_FUDS.csv,4205,55.86295,35to65,120,5.476455192489624
NMC,FUDS,25.0,2,NMC_25C_FUDS.csv,4205,55.86295,35to65,300,3.70106651969909
NMC,FUDS,25.0,2,NMC_25C_FUDS.csv,4205,55.86295,35to65,600,2.7382968566284163
NMC,FUDS,25.0,2,NMC_25C_FUDS.csv,4205,55.86295,35to65,900,2.0532305533294632
NMC,FUDS,25.0,2,NMC_25C_FUDS.csv,4205,55.86295,35to65,1200,1.6991588114471412
NMC,FUDS,25.0,2,NMC_25C_FUDS.csv,4205,55.86295,35to65,1800,0.7819415086746204
NMC,FUDS,25.0,2,NMC_25C_FUDS.csv,4205,55.86295,35to65,2400,0.5112168382568356
NMC,FUDS,25.0,2,NMC_25C_FUDS.csv,6764,38.693884,35to65,0,
NMC,FUDS,25.0,2,NMC_25C_FUDS.csv,6764,38.693884,35to65,30,
NMC,FUDS,25.0,2,NMC_25C_FUDS.csv,6764,38.693884,35to65,60,5.686187877738952
NMC,FUDS,25.0,2,NMC_25C_FUDS.csv,6764,38.693884,35to65,120,5.387228954574589
NMC,FUDS,25.0,2,NMC_25C_FUDS.csv,6764,38.693884,35to65,300,4.7209916743164015
NMC,FUDS,25.0,2,NMC_25C_FUDS.csv,6764,38.693884,35to65,600,2.4825958405990605
NMC,FUDS,25.0,2,NMC_25C_FUDS.csv,6764,38.693884,35to65,900,1.8028054488449072
NMC,FUDS,25.0,2,NMC_25C_FUDS.csv,6764,38.693884,35to65,1200,1.1835424753646855
NMC,FUDS,25.0,2,NMC_25C_FUDS.csv,6764,38.693884,35to65,1800,0.3538162960052489
NMC,FUDS,25.0,2,NMC_25C_FUDS.csv,6764,38.693884,35to65,2400,0.16987200191879026
NMC,FUDS,25.0,2,NMC_25C_FUDS.csv,9001,22.919627000000002,le35,0,
NMC,FUDS,25.0,2,NMC_25C_FUDS.csv,9001,22.919627000000002,le35,30,
NMC,FUDS,25.0,2,NMC_25C_FUDS.csv,9001,22.919627000000002,le35,60,7.448921711856844
NMC,FUDS,25.0,2,NMC_25C_FUDS.csv,9001,22.919627000000002,le35,120,7.498032114288332
NMC,FUDS,25.0,2,NMC_25C_FUDS.csv,9001,22.919627000000002,le35,300,6.213846913665773
NMC,FUDS,25.0,2,NMC_25C_FUDS.csv,9001,22.919627000000002,le35,600,5.3046818939094535
NMC,FUDS,25.0,2,NMC_25C_FUDS.csv,9001,22.919627000000002,le35,900,2.826137895381926
NMC,FUDS,25.0,2,NMC_25C_FUDS.csv,9001,22.919627000000002,le35,1200,1.5484467956275942
NMC,FUDS,25.0,2,NMC_25C_FUDS.csv,9001,22.919627000000002,le35,1800,1.2451745781913761
NMC,FUDS,25.0,2,NMC_25C_FUDS.csv,9001,22.919627000000002,le35,2400,
NMC,FUDS,25.0,2,NMC_25C_FUDS.csv,9322,21.376765,le35,0,
NMC,FUDS,25.0,2,NMC_25C_FUDS.csv,9322,21.376765,le35,30,
NMC,FUDS,25.0,2,NMC_25C_FUDS.csv,9322,21.376765,le35,60,6.738438389644621
NMC,FUDS,25.0,2,NMC_25C_FUDS.csv,9322,21.376765,le35,120,6.492002581893921
NMC,FUDS,25.0,2,NMC_25C_FUDS.csv,9322,21.376765,le35,300,5.740959727085112
NMC,FUDS,25.0,2,NMC_25C_FUDS.csv,9322,21.376765,le35,600,3.398690945716858
NMC,FUDS,25.0,2,NMC_25C_FUDS.csv,9322,21.376765,le35,900,2.084021284412385
NMC,FUDS,25.0,2,NMC_25C_FUDS.csv,9322,21.376765,le35,1200,1.4548924594192485
NMC,FUDS,25.0,2,NMC_25C_FUDS.csv,9322,21.376765,le35,1800,
NMC,FUDS,25.0,2,NMC_25C_FUDS.csv,9322,21.376765,le35,2400,
NMC,FUDS,25.0,2,NMC_25C_FUDS.csv,11010,10.8286805,le35,0,
NMC,FUDS,25.0,2,NMC_25C_FUDS.csv,11010,10.8286805,le35,30,
NMC,FUDS,25.0,2,NMC_25C_FUDS.csv,11010,10.8286805,le35,60,3.9671933302211766
NMC,FUDS,25.0,2,NMC_25C_FUDS.csv,11010,10.8286805,le35,120,
NMC,FUDS,25.0,2,NMC_25C_FUDS.csv,11010,10.8286805,le35,300,
NMC,FUDS,25.0,2,NMC_25C_FUDS.csv,11010,10.8286805,le35,600,
NMC,FUDS,25.0,2,NMC_25C_FUDS.csv,11010,10.8286805,le35,900,
NMC,FUDS,25.0,2,NMC_25C_FUDS.csv,11010,10.8286805,le35,1200,
NMC,FUDS,25.0,2,NMC_25C_FUDS.csv,11010,10.8286805,le35,1800,
NMC,FUDS,25.0,2,NMC_25C_FUDS.csv,11010,10.8286805,le35,2400,
NMC,FUDS,45.0,0,NMC_45C_FUDS.csv,1178,76.96330999999999,gt65,0,
NMC,FUDS,45.0,0,NMC_45C_FUDS.csv,1178,76.96330999999999,gt65,30,
NMC,FUDS,45.0,0,NMC_45C_FUDS.csv,1178,76.96330999999999,gt65,60,1.1878550778045707
NMC,FUDS,45.0,0,NMC_45C_FUDS.csv,1178,76.96330999999999,gt65,120,0.9268811873626674
NMC,FUDS,45.0,0,NMC_45C_FUDS.csv,1178,76.96330999999999,gt65,300,0.17970915184021408
NMC,FUDS,45.0,0,NMC_45C_FUDS.csv,1178,76.96330999999999,gt65,600,1.5548620047759982
NMC,FUDS,45.0,0,NMC_45C_FUDS.csv,1178,76.96330999999999,gt65,900,0.9427550458526639
NMC,FUDS,45.0,0,NMC_45C_FUDS.csv,1178,76.96330999999999,gt65,1200,0.731591682434086
NMC,FUDS,45.0,0,NMC_45C_FUDS.csv,1178,76.96330999999999,gt65,1800,0.6218526289367716
NMC,FUDS,45.0,0,NMC_45C_FUDS.csv,1178,76.96330999999999,gt65,2400,0.4904148675231923
NMC,FUDS,45.0,0,NMC_45C_FUDS.csv,1343,76.07037,gt65,0,
NMC,FUDS,45.0,0,NMC_45C_FUDS.csv,1343,76.07037,gt65,30,
NMC,FUDS,45.0,0,NMC_45C_FUDS.csv,1343,76.07037,gt65,60,1.0763096275329502
NMC,FUDS,45.0,0,NMC_45C_FUDS.csv,1343,76.07037,gt65,120,0.6830214986114527
NMC,FUDS,45.0,0,NMC_45C_FUDS.csv,1343,76.07037,gt65,300,0.6298147743988096
NMC,FUDS,45.0,0,NMC_45C_FUDS.csv,1343,76.07037,gt65,600,1.343982483596804
NMC,FUDS,45.0,0,NMC_45C_FUDS.csv,1343,76.07037,gt65,900,1.2827026950836142
NMC,FUDS,45.0,0,NMC_45C_FUDS.csv,1343,76.07037,gt65,1200,0.7663981107330358
NMC,FUDS,45.0,0,NMC_45C_FUDS.csv,1343,76.07037,gt65,1800,1.3554298657226553
NMC,FUDS,45.0,0,NMC_45C_FUDS.csv,1343,76.07037,gt65,2400,0.6790696933746361
NMC,FUDS,45.0,0,NMC_45C_FUDS.csv,2203,69.03356000000001,gt65,0,
NMC,FUDS,45.0,0,NMC_45C_FUDS.csv,2203,69.03356000000001,gt65,30,
NMC,FUDS,45.0,0,NMC_45C_FUDS.csv,2203,69.03356000000001,gt65,60,0.4387735311584464
NMC,FUDS,45.0,0,NMC_45C_FUDS.csv,2203,69.03356000000001,gt65,120,0.5440023242187522
NMC,FUDS,45.0,0,NMC_45C_FUDS.csv,2203,69.03356000000001,gt65,300,0.35265732513427395
NMC,FUDS,45.0,0,NMC_45C_FUDS.csv,2203,69.03356000000001,gt65,600,1.8057200718689046
NMC,FUDS,45.0,0,NMC_45C_FUDS.csv,2203,69.03356000000001,gt65,900,3.131654454879765
NMC,FUDS,45.0,0,NMC_45C_FUDS.csv,2203,69.03356000000001,gt65,1200,1.6083611428069986
NMC,FUDS,45.0,0,NMC_45C_FUDS.csv,2203,69.03356000000001,gt65,1800,1.6584470173645087
NMC,FUDS,45.0,0,NMC_45C_FUDS.csv,2203,69.03356000000001,gt65,2400,0.8155904865264887
NMC,FUDS,45.0,0,NMC_45C_FUDS.csv,3389,60.775185,35to65,0,
NMC,FUDS,45.0,0,NMC_45C_FUDS.csv,3389,60.775185,35to65,30,
NMC,FUDS,45.0,0,NMC_45C_FUDS.csv,3389,60.775185,35to65,60,3.534499907608037
NMC,FUDS,45.0,0,NMC_45C_FUDS.csv,3389,60.775185,35to65,120,4.202818184051516
NMC,FUDS,45.0,0,NMC_45C_FUDS.csv,3389,60.775185,35to65,300,4.524840418167116
NMC,FUDS,45.0,0,NMC_45C_FUDS.csv,3389,60.775185,35to65,600,3.987765291061393
NMC,FUDS,45.0,0,NMC_45C_FUDS.csv,3389,60.775185,35to65,900,4.018545585693353
NMC,FUDS,45.0,0,NMC_45C_FUDS.csv,3389,60.775185,35to65,1200,2.2277705180740384
NMC,FUDS,45.0,0,NMC_45C_FUDS.csv,3389,60.775185,35to65,1800,1.797112580268859
NMC,FUDS,45.0,0,NMC_45C_FUDS.csv,3389,60.775185,35to65,2400,1.3855039942626917
NMC,FUDS,45.0,0,NMC_45C_FUDS.csv,3529,59.59826,35to65,0,
NMC,FUDS,45.0,0,NMC_45C_FUDS.csv,3529,59.59826,35to65,30,
NMC,FUDS,45.0,0,NMC_45C_FUDS.csv,3529,59.59826,35to65,60,4.769765119323729
NMC,FUDS,45.0,0,NMC_45C_FUDS.csv,3529,59.59826,35to65,120,4.4849220960845955
NMC,FUDS,45.0,0,NMC_45C_FUDS.csv,3529,59.59826,35to65,300,4.926406954162601
NMC,FUDS,45.0,0,NMC_45C_FUDS.csv,3529,59.59826,35to65,600,4.56970206161499
NMC,FUDS,45.0,0,NMC_45C_FUDS.csv,3529,59.59826,35to65,900,4.229457515945434
NMC,FUDS,45.0,0,NMC_45C_FUDS.csv,3529,59.59826,35to65,1200,3.0377417212753315
NMC,FUDS,45.0,0,NMC_45C_FUDS.csv,3529,59.59826,35to65,1800,2.050077893592835
NMC,FUDS,45.0,0,NMC_45C_FUDS.csv,3529,59.59826,35to65,2400,1.3582197775649973
NMC,FUDS,45.0,0,NMC_45C_FUDS.csv,5830,43.324003,35to65,0,
NMC,FUDS,45.0,0,NMC_45C_FUDS.csv,5830,43.324003,35to65,30,
NMC,FUDS,45.0,0,NMC_45C_FUDS.csv,5830,43.324003,35to65,60,7.370388907814025
NMC,FUDS,45.0,0,NMC_45C_FUDS.csv,5830,43.324003,35to65,120,7.085201258613587
NMC,FUDS,45.0,0,NMC_45C_FUDS.csv,5830,43.324003,35to65,300,6.284252295417787
NMC,FUDS,45.0,0,NMC_45C_FUDS.csv,5830,43.324003,35to65,600,4.99693710896301
NMC,FUDS,45.0,0,NMC_45C_FUDS.csv,5830,43.324003,35to65,900,3.87738954871368
NMC,FUDS,45.0,0,NMC_45C_FUDS.csv,5830,43.324003,35to65,1200,3.914490551834106
NMC,FUDS,45.0,0,NMC_45C_FUDS.csv,5830,43.324003,35to65,1800,1.0416091637954707
NMC,FUDS,45.0,0,NMC_45C_FUDS.csv,5830,43.324003,35to65,2400,1.7698881931762713
NMC,FUDS,45.0,0,NMC_45C_FUDS.csv,7154,33.716124,le35,0,
NMC,FUDS,45.0,0,NMC_45C_FUDS.csv,7154,33.716124,le35,30,
NMC,FUDS,45.0,0,NMC_45C_FUDS.csv,7154,33.716124,le35,60,10.399413270111083
NMC,FUDS,45.0,0,NMC_45C_FUDS.csv,7154,33.716124,le35,120,9.92412451531601
NMC,FUDS,45.0,0,NMC_45C_FUDS.csv,7154,33.716124,le35,300,8.840374631671903
NMC,FUDS,45.0,0,NMC_45C_FUDS.csv,7154,33.716124,le35,600,7.928222561676023
NMC,FUDS,45.0,0,NMC_45C_FUDS.csv,7154,33.716124,le35,900,6.168232979084014
NMC,FUDS,45.0,0,NMC_45C_FUDS.csv,7154,33.716124,le35,1200,5.572845860137939
NMC,FUDS,45.0,0,NMC_45C_FUDS.csv,7154,33.716124,le35,1800,1.4479756411705011
NMC,FUDS,45.0,0,NMC_45C_FUDS.csv,7154,33.716124,le35,2400,2.1750093869323734
NMC,FUDS,45.0,0,NMC_45C_FUDS.csv,8361,26.070133000000002,le35,0,
NMC,FUDS,45.0,0,NMC_45C_FUDS.csv,8361,26.070133000000002,le35,30,
NMC,FUDS,45.0,0,NMC_45C_FUDS.csv,8361,26.070133000000002,le35,60,10.841503247257233
NMC,FUDS,45.0,0,NMC_45C_FUDS.csv,8361,26.070133000000002,le35,120,9.846047754096983
NMC,FUDS,45.0,0,NMC_45C_FUDS.csv,8361,26.070133000000002,le35,300,9.406404419731139
NMC,FUDS,45.0,0,NMC_45C_FUDS.csv,8361,26.070133000000002,le35,600,7.488742672088623
NMC,FUDS,45.0,0,NMC_45C_FUDS.csv,8361,26.070133000000002,le35,900,6.316804930992127
NMC,FUDS,45.0,0,NMC_45C_FUDS.csv,8361,26.070133000000002,le35,1200,5.328759728080751
NMC,FUDS,45.0,0,NMC_45C_FUDS.csv,8361,26.070133000000002,le35,1800,1.3966180330028521
NMC,FUDS,45.0,0,NMC_45C_FUDS.csv,8361,26.070133000000002,le35,2400,1.2056124920654288
NMC,FUDS,45.0,0,NMC_45C_FUDS.csv,10039,13.310994,le35,0,
NMC,FUDS,45.0,0,NMC_45C_FUDS.csv,10039,13.310994,le35,30,
NMC,FUDS,45.0,0,NMC_45C_FUDS.csv,10039,13.310994,le35,60,6.179833724557875
NMC,FUDS,45.0,0,NMC_45C_FUDS.csv,10039,13.310994,le35,120,5.90353176756668
NMC,FUDS,45.0,0,NMC_45C_FUDS.csv,10039,13.310994,le35,300,4.768602949409486
NMC,FUDS,45.0,0,NMC_45C_FUDS.csv,10039,13.310994,le35,600,3.5063946738796226
NMC,FUDS,45.0,0,NMC_45C_FUDS.csv,10039,13.310994,le35,900,2.381967562016488
NMC,FUDS,45.0,0,NMC_45C_FUDS.csv,10039,13.310994,le35,1200,1.003350290919113
NMC,FUDS,45.0,0,NMC_45C_FUDS.csv,10039,13.310994,le35,1800,
NMC,FUDS,45.0,0,NMC_45C_FUDS.csv,10039,13.310994,le35,2400,
NMC,FUDS,45.0,1,NMC_45C_FUDS.csv,1178,76.96330999999999,gt65,0,
NMC,FUDS,45.0,1,NMC_45C_FUDS.csv,1178,76.96330999999999,gt65,30,
NMC,FUDS,45.0,1,NMC_45C_FUDS.csv,1178,76.96330999999999,gt65,60,2.3166836033477836
NMC,FUDS,45.0,1,NMC_45C_FUDS.csv,1178,76.96330999999999,gt65,120,2.1269074610900844
NMC,FUDS,45.0,1,NMC_45C_FUDS.csv,1178,76.96330999999999,gt65,300,2.034206346130375
NMC,FUDS,45.0,1,NMC_45C_FUDS.csv,1178,76.96330999999999,gt65,600,0.13832713935852325
NMC,FUDS,45.0,1,NMC_45C_FUDS.csv,1178,76.96330999999999,gt65,900,0.31814545158385954
NMC,FUDS,45.0,1,NMC_45C_FUDS.csv,1178,76.96330999999999,gt65,1200,0.08270313262939055
NMC,FUDS,45.0,1,NMC_45C_FUDS.csv,1178,76.96330999999999,gt65,1800,0.3398690149688761
NMC,FUDS,45.0,1,NMC_45C_FUDS.csv,1178,76.96330999999999,gt65,2400,0.19852496159362687
NMC,FUDS,45.0,1,NMC_45C_FUDS.csv,1343,76.07037,gt65,0,
NMC,FUDS,45.0,1,NMC_45C_FUDS.csv,1343,76.07037,gt65,30,
NMC,FUDS,45.0,1,NMC_45C_FUDS.csv,1343,76.07037,gt65,60,2.453468984603873
NMC,FUDS,45.0,1,NMC_45C_FUDS.csv,1343,76.07037,gt65,120,2.1811246403961206
NMC,FUDS,45.0,1,NMC_45C_FUDS.csv,1343,76.07037,gt65,300,0.2914346152496279
NMC,FUDS,45.0,1,NMC_45C_FUDS.csv,1343,76.07037,gt65,600,0.26677939727782984
NMC,FUDS,45.0,1,NMC_45C_FUDS.csv,1343,76.07037,gt65,900,0.21954656715392673
NMC,FUDS,45.0,1,NMC_45C_FUDS.csv,1343,76.07037,gt65,1200,0.1617296549224818
NMC,FUDS,45.0,1,NMC_45C_FUDS.csv,1343,76.07037,gt65,1800,0.9295487183380118
NMC,FUDS,45.0,1,NMC_45C_FUDS.csv,1343,76.07037,gt65,2400,0.45285218505859604
NMC,FUDS,45.0,1,NMC_45C_FUDS.csv,2203,69.03356000000001,gt65,0,
NMC,FUDS,45.0,1,NMC_45C_FUDS.csv,2203,69.03356000000001,gt65,30,
NMC,FUDS,45.0,1,NMC_45C_FUDS.csv,2203,69.03356000000001,gt65,60,2.165705066482545
NMC,FUDS,45.0,1,NMC_45C_FUDS.csv,2203,69.03356000000001,gt65,120,2.0260069073486306
NMC,FUDS,45.0,1,NMC_45C_FUDS.csv,2203,69.03356000000001,gt65,300,2.2326404978179966
NMC,FUDS,45.0,1,NMC_45C_FUDS.csv,2203,69.03356000000001,gt65,600,1.0231640528869548
NMC,FUDS,45.0,1,NMC_45C_FUDS.csv,2203,69.03356000000001,gt65,900,1.8451895252990766
NMC,FUDS,45.0,1,NMC_45C_FUDS.csv,2203,69.03356000000001,gt65,1200,0.7317496716308511
NMC,FUDS,45.0,1,NMC_45C_FUDS.csv,2203,69.03356000000001,gt65,1800,1.166929235153205
NMC,FUDS,45.0,1,NMC_45C_FUDS.csv,2203,69.03356000000001,gt65,2400,0.49368368148803654
NMC,FUDS,45.0,1,NMC_45C_FUDS.csv,3389,60.775185,35to65,0,
NMC,FUDS,45.0,1,NMC_45C_FUDS.csv,3389,60.775185,35to65,30,
NMC,FUDS,45.0,1,NMC_45C_FUDS.csv,3389,60.775185,35to65,60,0.89290549766541
NMC,FUDS,45.0,1,NMC_45C_FUDS.csv,3389,60.775185,35to65,120,0.8237831880188011
NMC,FUDS,45.0,1,NMC_45C_FUDS.csv,3389,60.775185,35to65,300,1.769973341293337
NMC,FUDS,45.0,1,NMC_45C_FUDS.csv,3389,60.775185,35to65,600,1.9248783377075114
NMC,FUDS,45.0,1,NMC_45C_FUDS.csv,3389,60.775185,35to65,900,2.388996320785516
NMC,FUDS,45.0,1,NMC_45C_FUDS.csv,3389,60.775185,35to65,1200,1.4238796937561062
NMC,FUDS,45.0,1,NMC_45C_FUDS.csv,3389,60.775185,35to65,1800,1.0828999242477408
NMC,FUDS,45.0,1,NMC_45C_FUDS.csv,3389,60.775185,35to65,2400,0.9981423485641443
NMC,FUDS,45.0,1,NMC_45C_FUDS.csv,3529,59.59826,35to65,0,
NMC,FUDS,45.0,1,NMC_45C_FUDS.csv,3529,59.59826,35to65,30,
NMC,FUDS,45.0,1,NMC_45C_FUDS.csv,3529,59.59826,35to65,60,2.3505794808959948
NMC,FUDS,45.0,1,NMC_45C_FUDS.csv,3529,59.59826,35to65,120,2.1759931295623787
NMC,FUDS,45.0,1,NMC_45C_FUDS.csv,3529,59.59826,35to65,300,2.6304896815948524
NMC,FUDS,45.0,1,NMC_45C_FUDS.csv,3529,59.59826,35to65,600,2.264212283096313
NMC,FUDS,45.0,1,NMC_45C_FUDS.csv,3529,59.59826,35to65,900,2.089293140640258
NMC,FUDS,45.0,1,NMC_45C_FUDS.csv,3529,59.59826,35to65,1200,1.861813605430605
NMC,FUDS,45.0,1,NMC_45C_FUDS.csv,3529,59.59826,35to65,1800,1.4848738692779548
NMC,FUDS,45.0,1,NMC_45C_FUDS.csv,3529,59.59826,35to65,2400,0.8339641442108103
NMC,FUDS,45.0,1,NMC_45C_FUDS.csv,5830,43.324003,35to65,0,
NMC,FUDS,45.0,1,NMC_45C_FUDS.csv,5830,43.324003,35to65,30,
NMC,FUDS,45.0,1,NMC_45C_FUDS.csv,5830,43.324003,35to65,60,4.935759705924987
NMC,FUDS,45.0,1,NMC_45C_FUDS.csv,5830,43.324003,35to65,120,5.0634325694580085
NMC,FUDS,45.0,1,NMC_45C_FUDS.csv,5830,43.324003,35to65,300,4.318497071189881
NMC,FUDS,45.0,1,NMC_45C_FUDS.csv,5830,43.324003,35to65,600,3.4616645106964086
NMC,FUDS,45.0,1,NMC_45C_FUDS.csv,5830,43.324003,35to65,900,2.688831208641048
NMC,FUDS,45.0,1,NMC_45C_FUDS.csv,5830,43.324003,35to65,1200,2.367678494338989
NMC,FUDS,45.0,1,NMC_45C_FUDS.csv,5830,43.324003,35to65,1800,0.8303524213180538
NMC,FUDS,45.0,1,NMC_45C_FUDS.csv,5830,43.324003,35to65,2400,1.128297836349489
NMC,FUDS,45.0,1,NMC_45C_FUDS.csv,7154,33.716124,le35,0,
NMC,FUDS,45.0,1,NMC_45C_FUDS.csv,7154,33.716124,le35,30,
NMC,FUDS,45.0,1,NMC_45C_FUDS.csv,7154,33.716124,le35,60,7.278505128974913
NMC,FUDS,45.0,1,NMC_45C_FUDS.csv,7154,33.716124,le35,120,7.180708980819702
NMC,FUDS,45.0,1,NMC_45C_FUDS.csv,7154,33.716124,le35,300,5.791604501991269
NMC,FUDS,45.0,1,NMC_45C_FUDS.csv,7154,33.716124,le35,600,5.290775144893644
NMC,FUDS,45.0,1,NMC_45C_FUDS.csv,7154,33.716124,le35,900,4.460102440620421
NMC,FUDS,45.0,1,NMC_45C_FUDS.csv,7154,33.716124,le35,1200,3.3856713014984123
NMC,FUDS,45.0,1,NMC_45C_FUDS.csv,7154,33.716124,le35,1800,1.1721760090980524
NMC,FUDS,45.0,1,NMC_45C_FUDS.csv,7154,33.716124,le35,2400,1.8765525392646794
NMC,FUDS,45.0,1,NMC_45C_FUDS.csv,8361,26.070133000000002,le35,0,
NMC,FUDS,45.0,1,NMC_45C_FUDS.csv,8361,26.070133000000002,le35,30,
NMC,FUDS,45.0,1,NMC_45C_FUDS.csv,8361,26.070133000000002,le35,60,8.8186542239151
NMC,FUDS,45.0,1,NMC_45C_FUDS.csv,8361,26.070133000000002,le35,120,8.415879006195066
NMC,FUDS,45.0,1,NMC_45C_FUDS.csv,8361,26.070133000000002,le35,300,8.07467274267578
NMC,FUDS,45.0,1,NMC_45C_FUDS.csv,8361,26.070133000000002,le35,600,6.533298097732544
NMC,FUDS,45.0,1,NMC_45C_FUDS.csv,8361,26.070133000000002,le35,900,5.456291184253693
NMC,FUDS,45.0,1,NMC_45C_FUDS.csv,8361,26.070133000000002,le35,1200,4.570485828525545
NMC,FUDS,45.0,1,NMC_45C_FUDS.csv,8361,26.070133000000002,le35,1800,1.2317843681087481
NMC,FUDS,45.0,1,NMC_45C_FUDS.csv,8361,26.070133000000002,le35,2400,1.4606086129951468
NMC,FUDS,45.0,1,NMC_45C_FUDS.csv,10039,13.310994,le35,0,
NMC,FUDS,45.0,1,NMC_45C_FUDS.csv,10039,13.310994,le35,30,
NMC,FUDS,45.0,1,NMC_45C_FUDS.csv,10039,13.310994,le35,60,6.719819023668288
NMC,FUDS,45.0,1,NMC_45C_FUDS.csv,10039,13.310994,le35,120,6.4164260105686175
NMC,FUDS,45.0,1,NMC_45C_FUDS.csv,10039,13.310994,le35,300,5.149993699817658
NMC,FUDS,45.0,1,NMC_45C_FUDS.csv,10039,13.310994,le35,600,4.207216773922919
NMC,FUDS,45.0,1,NMC_45C_FUDS.csv,10039,13.310994,le35,900,3.1887257422771462
NMC,FUDS,45.0,1,NMC_45C_FUDS.csv,10039,13.310994,le35,1200,0.9979907157667158
NMC,FUDS,45.0,1,NMC_45C_FUDS.csv,10039,13.310994,le35,1800,
NMC,FUDS,45.0,1,NMC_45C_FUDS.csv,10039,13.310994,le35,2400,
NMC,FUDS,45.0,2,NMC_45C_FUDS.csv,1178,76.96330999999999,gt65,0,
NMC,FUDS,45.0,2,NMC_45C_FUDS.csv,1178,76.96330999999999,gt65,30,
NMC,FUDS,45.0,2,NMC_45C_FUDS.csv,1178,76.96330999999999,gt65,60,2.6165426502838187
NMC,FUDS,45.0,2,NMC_45C_FUDS.csv,1178,76.96330999999999,gt65,120,2.279280774993893
NMC,FUDS,45.0,2,NMC_45C_FUDS.csv,1178,76.96330999999999,gt65,300,1.3938021217346233
NMC,FUDS,45.0,2,NMC_45C_FUDS.csv,1178,76.96330999999999,gt65,600,0.04592205856323517
NMC,FUDS,45.0,2,NMC_45C_FUDS.csv,1178,76.96330999999999,gt65,900,0.06357997421264372
NMC,FUDS,45.0,2,NMC_45C_FUDS.csv,1178,76.96330999999999,gt65,1200,0.023256044387821362
NMC,FUDS,45.0,2,NMC_45C_FUDS.csv,1178,76.96330999999999,gt65,1800,0.057265512695316545
NMC,FUDS,45.0,2,NMC_45C_FUDS.csv,1178,76.96330999999999,gt65,2400,0.19379235279846085
NMC,FUDS,45.0,2,NMC_45C_FUDS.csv,1343,76.07037,gt65,0,
NMC,FUDS,45.0,2,NMC_45C_FUDS.csv,1343,76.07037,gt65,30,
NMC,FUDS,45.0,2,NMC_45C_FUDS.csv,1343,76.07037,gt65,60,2.9027151527404698
NMC,FUDS,45.0,2,NMC_45C_FUDS.csv,1343,76.07037,gt65,120,2.550953579833987
NMC,FUDS,45.0,2,NMC_45C_FUDS.csv,1343,76.07037,gt65,300,0.39503940879821187
NMC,FUDS,45.0,2,NMC_45C_FUDS.csv,1343,76.07037,gt65,600,0.10091755226135035
NMC,FUDS,45.0,2,NMC_45C_FUDS.csv,1343,76.07037,gt65,900,0.007807027053829074
NMC,FUDS,45.0,2,NMC_45C_FUDS.csv,1343,76.07037,gt65,1200,0.20618279899596814
NMC,FUDS,45.0,2,NMC_45C_FUDS.csv,1343,76.07037,gt65,1800,0.7724368351745596
NMC,FUDS,45.0,2,NMC_45C_FUDS.csv,1343,76.07037,gt65,2400,0.2223610237121605
NMC,FUDS,45.0,2,NMC_45C_FUDS.csv,2203,69.03356000000001,gt65,0,
NMC,FUDS,45.0,2,NMC_45C_FUDS.csv,2203,69.03356000000001,gt65,30,
NMC,FUDS,45.0,2,NMC_45C_FUDS.csv,2203,69.03356000000001,gt65,60,2.590209346572877
NMC,FUDS,45.0,2,NMC_45C_FUDS.csv,2203,69.03356000000001,gt65,120,2.7947935761260965
NMC,FUDS,45.0,2,NMC_45C_FUDS.csv,2203,69.03356000000001,gt65,300,2.087717764511112
NMC,FUDS,45.0,2,NMC_45C_FUDS.csv,2203,69.03356000000001,gt65,600,0.9884622286987224
NMC,FUDS,45.0,2,NMC_45C_FUDS.csv,2203,69.03356000000001,gt65,900,1.3696338669586225
NMC,FUDS,45.0,2,NMC_45C_FUDS.csv,2203,69.03356000000001,gt65,1200,0.46650900238036286
NMC,FUDS,45.0,2,NMC_45C_FUDS.csv,2203,69.03356000000001,gt65,1800,0.8188023468780585
NMC,FUDS,45.0,2,NMC_45C_FUDS.csv,2203,69.03356000000001,gt65,2400,0.43861495018005314
NMC,FUDS,45.0,2,NMC_45C_FUDS.csv,3389,60.775185,35to65,0,
NMC,FUDS,45.0,2,NMC_45C_FUDS.csv,3389,60.775185,35to65,30,
NMC,FUDS,45.0,2,NMC_45C_FUDS.csv,3389,60.775185,35to65,60,0.30786802780151845
NMC,FUDS,45.0,2,NMC_45C_FUDS.csv,3389,60.775185,35to65,120,0.5280785848236107
NMC,FUDS,45.0,2,NMC_45C_FUDS.csv,3389,60.775185,35to65,300,1.8399849570465108
NMC,FUDS,45.0,2,NMC_45C_FUDS.csv,3389,60.775185,35to65,600,1.9170105245971598
NMC,FUDS,45.0,2,NMC_45C_FUDS.csv,3389,60.775185,35to65,900,2.597797351898187
NMC,FUDS,45.0,2,NMC_45C_FUDS.csv,3389,60.775185,35to65,1200,1.5483997571563748
NMC,FUDS,45.0,2,NMC_45C_FUDS.csv,3389,60.775185,35to65,1800,1.0953662357025138
NMC,FUDS,45.0,2,NMC_45C_FUDS.csv,3389,60.775185,35to65,2400,1.14340184811401
NMC,FUDS,45.0,2,NMC_45C_FUDS.csv,3529,59.59826,35to65,0,
NMC,FUDS,45.0,2,NMC_45C_FUDS.csv,3529,59.59826,35to65,30,
NMC,FUDS,45.0,2,NMC_45C_FUDS.csv,3529,59.59826,35to65,60,1.4619934365844713
NMC,FUDS,45.0,2,NMC_45C_FUDS.csv,3529,59.59826,35to65,120,1.4344219415893562
NMC,FUDS,45.0,2,NMC_45C_FUDS.csv,3529,59.59826,35to65,300,2.100431536071781
NMC,FUDS,45.0,2,NMC_45C_FUDS.csv,3529,59.59826,35to65,600,2.2575484838104245
NMC,FUDS,45.0,2,NMC_45C_FUDS.csv,3529,59.59826,35to65,900,2.5828494017028802
NMC,FUDS,45.0,2,NMC_45C_FUDS.csv,3529,59.59826,35to65,1200,2.0202904349594135
NMC,FUDS,45.0,2,NMC_45C_FUDS.csv,3529,59.59826,35to65,1800,1.3322889588851936
NMC,FUDS,45.0,2,NMC_45C_FUDS.csv,3529,59.59826,35to65,2400,0.8290467610168406
NMC,FUDS,45.0,2,NMC_45C_FUDS.csv,5830,43.324003,35to65,0,
NMC,FUDS,45.0,2,NMC_45C_FUDS.csv,5830,43.324003,35to65,30,
NMC,FUDS,45.0,2,NMC_45C_FUDS.csv,5830,43.324003,35to65,60,6.194609803581237
NMC,FUDS,45.0,2,NMC_45C_FUDS.csv,5830,43.324003,35to65,120,5.563330764724732
NMC,FUDS,45.0,2,NMC_45C_FUDS.csv,5830,43.324003,35to65,300,4.967639336509706
NMC,FUDS,45.0,2,NMC_45C_FUDS.csv,5830,43.324003,35to65,600,3.776132656066892
NMC,FUDS,45.0,2,NMC_45C_FUDS.csv,5830,43.324003,35to65,900,3.0002356752700763
NMC,FUDS,45.0,2,NMC_45C_FUDS.csv,5830,43.324003,35to65,1200,2.7022930096435545
NMC,FUDS,45.0,2,NMC_45C_FUDS.csv,5830,43.324003,35to65,1800,0.7815421777114864
NMC,FUDS,45.0,2,NMC_45C_FUDS.csv,5830,43.324003,35to65,2400,1.333245427177431
NMC,FUDS,45.0,2,NMC_45C_FUDS.csv,7154,33.716124,le35,0,
NMC,FUDS,45.0,2,NMC_45C_FUDS.csv,7154,33.716124,le35,30,
NMC,FUDS,45.0,2,NMC_45C_FUDS.csv,7154,33.716124,le35,60,9.145938021297454
NMC,FUDS,45.0,2,NMC_45C_FUDS.csv,7154,33.716124,le35,120,9.197211599609375
NMC,FUDS,45.0,2,NMC_45C_FUDS.csv,7154,33.716124,le35,300,8.12101511457443
NMC,FUDS,45.0,2,NMC_45C_FUDS.csv,7154,33.716124,le35,600,6.637235129673002
NMC,FUDS,45.0,2,NMC_45C_FUDS.csv,7154,33.716124,le35,900,5.141030372882842
NMC,FUDS,45.0,2,NMC_45C_FUDS.csv,7154,33.716124,le35,1200,4.035354478969573
NMC,FUDS,45.0,2,NMC_45C_FUDS.csv,7154,33.716124,le35,1800,1.182448869625091
NMC,FUDS,45.0,2,NMC_45C_FUDS.csv,7154,33.716124,le35,2400,1.788023250495911
NMC,FUDS,45.0,2,NMC_45C_FUDS.csv,8361,26.070133000000002,le35,0,
NMC,FUDS,45.0,2,NMC_45C_FUDS.csv,8361,26.070133000000002,le35,30,
NMC,FUDS,45.0,2,NMC_45C_FUDS.csv,8361,26.070133000000002,le35,60,10.492003962036133
NMC,FUDS,45.0,2,NMC_45C_FUDS.csv,8361,26.070133000000002,le35,120,9.497442538547514
NMC,FUDS,45.0,2,NMC_45C_FUDS.csv,8361,26.070133000000002,le35,300,8.416585846733092
NMC,FUDS,45.0,2,NMC_45C_FUDS.csv,8361,26.070133000000002,le35,600,6.920023463848114
NMC,FUDS,45.0,2,NMC_45C_FUDS.csv,8361,26.070133000000002,le35,900,5.411043808288575
NMC,FUDS,45.0,2,NMC_45C_FUDS.csv,8361,26.070133000000002,le35,1200,4.265546975738527
NMC,FUDS,45.0,2,NMC_45C_FUDS.csv,8361,26.070133000000002,le35,1800,1.0932289009799945
NMC,FUDS,45.0,2,NMC_45C_FUDS.csv,8361,26.070133000000002,le35,2400,1.0736202413845053
NMC,FUDS,45.0,2,NMC_45C_FUDS.csv,10039,13.310994,le35,0,
NMC,FUDS,45.0,2,NMC_45C_FUDS.csv,10039,13.310994,le35,30,
NMC,FUDS,45.0,2,NMC_45C_FUDS.csv,10039,13.310994,le35,60,7.1654639536733615
NMC,FUDS,45.0,2,NMC_45C_FUDS.csv,10039,13.310994,le35,120,6.876472167809485
NMC,FUDS,45.0,2,NMC_45C_FUDS.csv,10039,13.310994,le35,300,5.338046354084016
NMC,FUDS,45.0,2,NMC_45C_FUDS.csv,10039,13.310994,le35,600,4.139672417934417
NMC,FUDS,45.0,2,NMC_45C_FUDS.csv,10039,13.310994,le35,900,2.9877593691911706
NMC,FUDS,45.0,2,NMC_45C_FUDS.csv,10039,13.310994,le35,1200,1.0378218921669005
NMC,FUDS,45.0,2,NMC_45C_FUDS.csv,10039,13.310994,le35,1800,
NMC,FUDS,45.0,2,NMC_45C_FUDS.csv,10039,13.310994,le35,2400,
NMC,US06,0.0,0,NMC_0C_US06.csv,436,80.9109,gt65,0,
NMC,US06,0.0,0,NMC_0C_US06.csv,436,80.9109,gt65,30,
NMC,US06,0.0,0,NMC_0C_US06.csv,436,80.9109,gt65,60,1.7381666835784841
NMC,US06,0.0,0,NMC_0C_US06.csv,436,80.9109,gt65,120,1.1966499295043889
NMC,US06,0.0,0,NMC_0C_US06.csv,436,80.9109,gt65,300,0.7969434364318886
NMC,US06,0.0,0,NMC_0C_US06.csv,436,80.9109,gt65,600,0.6182726195526129
NMC,US06,0.0,0,NMC_0C_US06.csv,436,80.9109,gt65,900,0.21176449722290158
NMC,US06,0.0,0,NMC_0C_US06.csv,436,80.9109,gt65,1200,0.04490117996215304
NMC,US06,0.0,0,NMC_0C_US06.csv,436,80.9109,gt65,1800,0.013065477554320637
NMC,US06,0.0,0,NMC_0C_US06.csv,436,80.9109,gt65,2400,0.8465112217102018
NMC,US06,0.0,0,NMC_0C_US06.csv,1323,74.38628,gt65,0,
NMC,US06,0.0,0,NMC_0C_US06.csv,1323,74.38628,gt65,30,
NMC,US06,0.0,0,NMC_0C_US06.csv,1323,74.38628,gt65,60,0.5024198915100158
NMC,US06,0.0,0,NMC_0C_US06.csv,1323,74.38628,gt65,120,0.3050451155242939
NMC,US06,0.0,0,NMC_0C_US06.csv,1323,74.38628,gt65,300,0.1401608020782419
NMC,US06,0.0,0,NMC_0C_US06.csv,1323,74.38628,gt65,600,0.09489066970824922
NMC,US06,0.0,0,NMC_0C_US06.csv,1323,74.38628,gt65,900,0.12632655364990342
NMC,US06,0.0,0,NMC_0C_US06.csv,1323,74.38628,gt65,1200,0.559379367141716
NMC,US06,0.0,0,NMC_0C_US06.csv,1323,74.38628,gt65,1800,1.1423941871490442
NMC,US06,0.0,0,NMC_0C_US06.csv,1323,74.38628,gt65,2400,0.9966592695617749
NMC,US06,0.0,0,NMC_0C_US06.csv,1959,68.91091499999999,gt65,0,
NMC,US06,0.0,0,NMC_0C_US06.csv,1959,68.91091499999999,gt65,30,
NMC,US06,0.0,0,NMC_0C_US06.csv,1959,68.91091499999999,gt65,60,0.5289374974975658
NMC,US06,0.0,0,NMC_0C_US06.csv,1959,68.91091499999999,gt65,120,1.2714799607086178
NMC,US06,0.0,0,NMC_0C_US06.csv,1959,68.91091499999999,gt65,300,0.37062787263488417
NMC,US06,0.0,0,NMC_0C_US06.csv,1959,68.91091499999999,gt65,600,0.3743054039306628
NMC,US06,0.0,0,NMC_0C_US06.csv,1959,68.91091499999999,gt65,900,0.7920743478393533
NMC,US06,0.0,0,NMC_0C_US06.csv,1959,68.91091499999999,gt65,1200,1.4885903385009698
NMC,US06,0.0,0,NMC_0C_US06.csv,1959,68.91091499999999,gt65,1800,1.224421987594603
NMC,US06,0.0,0,NMC_0C_US06.csv,1959,68.91091499999999,gt65,2400,0.539124153671267
NMC,US06,0.0,0,NMC_0C_US06.csv,2725,62.229466,35to65,0,
NMC,US06,0.0,0,NMC_0C_US06.csv,2725,62.229466,35to65,30,
NMC,US06,0.0,0,NMC_0C_US06.csv,2725,62.229466,35to65,60,2.461500757980353
NMC,US06,0.0,0,NMC_0C_US06.csv,2725,62.229466,35to65,120,1.9478019375610316
NMC,US06,0.0,0,NMC_0C_US06.csv,2725,62.229466,35to65,300,1.3146262316131612
NMC,US06,0.0,0,NMC_0C_US06.csv,2725,62.229466,35to65,600,1.5966425264739996
NMC,US06,0.0,0,NMC_0C_US06.csv,2725,62.229466,35to65,900,1.492423251495353
NMC,US06,0.0,0,NMC_0C_US06.csv,2725,62.229466,35to65,1200,1.624477527999879
NMC,US06,0.0,0,NMC_0C_US06.csv,2725,62.229466,35to65,1800,0.8066325148315485
NMC,US06,0.0,0,NMC_0C_US06.csv,2725,62.229466,35to65,2400,0.08488330641937125
NMC,US06,0.0,0,NMC_0C_US06.csv,3199,58.638822999999995,35to65,0,
NMC,US06,0.0,0,NMC_0C_US06.csv,3199,58.638822999999995,35to65,30,
NMC,US06,0.0,0,NMC_0C_US06.csv,3199,58.638822999999995,35to65,60,3.1156332427978555
NMC,US06,0.0,0,NMC_0C_US06.csv,3199,58.638822999999995,35to65,120,2.4005216976165755
NMC,US06,0.0,0,NMC_0C_US06.csv,3199,58.638822999999995,35to65,300,1.9598002722930872
NMC,US06,0.0,0,NMC_0C_US06.csv,3199,58.638822999999995,35to65,600,1.5218728079223638
NMC,US06,0.0,0,NMC_0C_US06.csv,3199,58.638822999999995,35to65,900,1.4728482131805407
NMC,US06,0.0,0,NMC_0C_US06.csv,3199,58.638822999999995,35to65,1200,1.192638217269895
NMC,US06,0.0,0,NMC_0C_US06.csv,3199,58.638822999999995,35to65,1800,0.5668310643463101
NMC,US06,0.0,0,NMC_0C_US06.csv,3199,58.638822999999995,35to65,2400,0.19305317369079233
NMC,US06,0.0,0,NMC_0C_US06.csv,4893,44.94544,35to65,0,
NMC,US06,0.0,0,NMC_0C_US06.csv,4893,44.94544,35to65,30,
NMC,US06,0.0,0,NMC_0C_US06.csv,4893,44.94544,35to65,60,4.784878756668093
NMC,US06,0.0,0,NMC_0C_US06.csv,4893,44.94544,35to65,120,4.719457366996764
NMC,US06,0.0,0,NMC_0C_US06.csv,4893,44.94544,35to65,300,4.189443862007138
NMC,US06,0.0,0,NMC_0C_US06.csv,4893,44.94544,35to65,600,3.029122747344971
NMC,US06,0.0,0,NMC_0C_US06.csv,4893,44.94544,35to65,900,2.933678441421513
NMC,US06,0.0,0,NMC_0C_US06.csv,4893,44.94544,35to65,1200,2.4602625243759135
NMC,US06,0.0,0,NMC_0C_US06.csv,4893,44.94544,35to65,1800,2.447751212768555
NMC,US06,0.0,0,NMC_0C_US06.csv,4893,44.94544,35to65,2400,2.2397912296867375
NMC,US06,0.0,0,NMC_0C_US06.csv,7609,22.393052,le35,0,
NMC,US06,0.0,0,NMC_0C_US06.csv,7609,22.393052,le35,30,
NMC,US06,0.0,0,NMC_0C_US06.csv,7609,22.393052,le35,60,2.6468154829597452
NMC,US06,0.0,0,NMC_0C_US06.csv,7609,22.393052,le35,120,2.446110346702575
NMC,US06,0.0,0,NMC_0C_US06.csv,7609,22.393052,le35,300,1.579624164901734
NMC,US06,0.0,0,NMC_0C_US06.csv,7609,22.393052,le35,600,0.1519890269050599
NMC,US06,0.0,0,NMC_0C_US06.csv,7609,22.393052,le35,900,0.15613802856445425
NMC,US06,0.0,0,NMC_0C_US06.csv,7609,22.393052,le35,1200,0.13005037867736746
NMC,US06,0.0,0,NMC_0C_US06.csv,7609,22.393052,le35,1800,0.2792589723663337
NMC,US06,0.0,0,NMC_0C_US06.csv,7609,22.393052,le35,2400,
NMC,US06,0.0,0,NMC_0C_US06.csv,7869,20.471961999999998,le35,0,
NMC,US06,0.0,0,NMC_0C_US06.csv,7869,20.471961999999998,le35,30,
NMC,US06,0.0,0,NMC_0C_US06.csv,7869,20.471961999999998,le35,60,8.742882237697604
NMC,US06,0.0,0,NMC_0C_US06.csv,7869,20.471961999999998,le35,120,7.944362467031478
NMC,US06,0.0,0,NMC_0C_US06.csv,7869,20.471961999999998,le35,300,6.347392447200775
NMC,US06,0.0,0,NMC_0C_US06.csv,7869,20.471961999999998,le35,600,4.481794750055313
NMC,US06,0.0,0,NMC_0C_US06.csv,7869,20.471961999999998,le35,900,1.474401862497329
NMC,US06,0.0,0,NMC_0C_US06.csv,7869,20.471961999999998,le35,1200,0.4986793114089956
NMC,US06,0.0,0,NMC_0C_US06.csv,7869,20.471961999999998,le35,1800,
NMC,US06,0.0,0,NMC_0C_US06.csv,7869,20.471961999999998,le35,2400,
NMC,US06,0.0,0,NMC_0C_US06.csv,8221,17.469893,le35,0,
NMC,US06,0.0,0,NMC_0C_US06.csv,8221,17.469893,le35,30,
NMC,US06,0.0,0,NMC_0C_US06.csv,8221,17.469893,le35,60,5.99894038053894
NMC,US06,0.0,0,NMC_0C_US06.csv,8221,17.469893,le35,120,6.305501989799499
NMC,US06,0.0,0,NMC_0C_US06.csv,8221,17.469893,le35,300,4.585411846908569
NMC,US06,0.0,0,NMC_0C_US06.csv,8221,17.469893,le35,600,2.212585011314392
NMC,US06,0.0,0,NMC_0C_US06.csv,8221,17.469893,le35,900,0.5844518306556701
NMC,US06,0.0,0,NMC_0C_US06.csv,8221,17.469893,le35,1200,0.2517031863536827
NMC,US06,0.0,0,NMC_0C_US06.csv,8221,17.469893,le35,1800,
NMC,US06,0.0,0,NMC_0C_US06.csv,8221,17.469893,le35,2400,
NMC,US06,0.0,1,NMC_0C_US06.csv,436,80.9109,gt65,0,
NMC,US06,0.0,1,NMC_0C_US06.csv,436,80.9109,gt65,30,
NMC,US06,0.0,1,NMC_0C_US06.csv,436,80.9109,gt65,60,0.7920025524139334
NMC,US06,0.0,1,NMC_0C_US06.csv,436,80.9109,gt65,120,0.20098414085387617
NMC,US06,0.0,1,NMC_0C_US06.csv,436,80.9109,gt65,300,0.12094927864075089
NMC,US06,0.0,1,NMC_0C_US06.csv,436,80.9109,gt65,600,0.08783300430297913
NMC,US06,0.0,1,NMC_0C_US06.csv,436,80.9109,gt65,900,0.11652000480651736
NMC,US06,0.0,1,NMC_0C_US06.csv,436,80.9109,gt65,1200,0.23323197395325224
NMC,US06,0.0,1,NMC_0C_US06.csv,436,80.9109,gt65,1800,0.2382515466766364
NMC,US06,0.0,1,NMC_0C_US06.csv,436,80.9109,gt65,2400,0.5172909267578092
NMC,US06,0.0,1,NMC_0C_US06.csv,1323,74.38628,gt65,0,
NMC,US06,0.0,1,NMC_0C_US06.csv,1323,74.38628,gt65,30,
NMC,US06,0.0,1,NMC_0C_US06.csv,1323,74.38628,gt65,60,0.5627219106292785
NMC,US06,0.0,1,NMC_0C_US06.csv,1323,74.38628,gt65,120,0.4950170393524189
NMC,US06,0.0,1,NMC_0C_US06.csv,1323,74.38628,gt65,300,0.44848274879456085
NMC,US06,0.0,1,NMC_0C_US06.csv,1323,74.38628,gt65,600,0.32858245002746855
NMC,US06,0.0,1,NMC_0C_US06.csv,1323,74.38628,gt65,900,0.21613789337158096
NMC,US06,0.0,1,NMC_0C_US06.csv,1323,74.38628,gt65,1200,0.01691153457640837
NMC,US06,0.0,1,NMC_0C_US06.csv,1323,74.38628,gt65,1800,0.5476113578643762
NMC,US06,0.0,1,NMC_0C_US06.csv,1323,74.38628,gt65,2400,0.36800908111572994
NMC,US06,0.0,1,NMC_0C_US06.csv,1959,68.91091499999999,gt65,0,
NMC,US06,0.0,1,NMC_0C_US06.csv,1959,68.91091499999999,gt65,30,
NMC,US06,0.0,1,NMC_0C_US06.csv,1959,68.91091499999999,gt65,60,0.048011460662849004
NMC,US06,0.0,1,NMC_0C_US06.csv,1959,68.91091499999999,gt65,120,0.14994180557251013
NMC,US06,0.0,1,NMC_0C_US06.csv,1959,68.91091499999999,gt65,300,0.7901492044219935
NMC,US06,0.0,1,NMC_0C_US06.csv,1959,68.91091499999999,gt65,600,0.13126150439453
NMC,US06,0.0,1,NMC_0C_US06.csv,1959,68.91091499999999,gt65,900,0.3759683621978738
NMC,US06,0.0,1,NMC_0C_US06.csv,1959,68.91091499999999,gt65,1200,0.9538115051116876
NMC,US06,0.0,1,NMC_0C_US06.csv,1959,68.91091499999999,gt65,1800,0.6488080120697006
NMC,US06,0.0,1,NMC_0C_US06.csv,1959,68.91091499999999,gt65,2400,0.04993364948272472
NMC,US06,0.0,1,NMC_0C_US06.csv,2725,62.229466,35to65,0,
NMC,US06,0.0,1,NMC_0C_US06.csv,2725,62.229466,35to65,30,
NMC,US06,0.0,1,NMC_0C_US06.csv,2725,62.229466,35to65,60,1.9305247009277409
NMC,US06,0.0,1,NMC_0C_US06.csv,2725,62.229466,35to65,120,1.1088904042053187
NMC,US06,0.0,1,NMC_0C_US06.csv,2725,62.229466,35to65,300,0.3060441164398213
NMC,US06,0.0,1,NMC_0C_US06.csv,2725,62.229466,35to65,600,1.482338699188233
NMC,US06,0.0,1,NMC_0C_US06.csv,2725,62.229466,35to65,900,0.5160276445007241
NMC,US06,0.0,1,NMC_0C_US06.csv,2725,62.229466,35to65,1200,1.1825090869903576
NMC,US06,0.0,1,NMC_0C_US06.csv,2725,62.229466,35to65,1800,0.2938418348999079
NMC,US06,0.0,1,NMC_0C_US06.csv,2725,62.229466,35to65,2400,0.500636961067201
NMC,US06,0.0,1,NMC_0C_US06.csv,3199,58.638822999999995,35to65,0,
NMC,US06,0.0,1,NMC_0C_US06.csv,3199,58.638822999999995,35to65,30,
NMC,US06,0.0,1,NMC_0C_US06.csv,3199,58.638822999999995,35to65,60,2.154299729537968
NMC,US06,0.0,1,NMC_0C_US06.csv,3199,58.638822999999995,35to65,120,2.2000593563079818
NMC,US06,0.0,1,NMC_0C_US06.csv,3199,58.638822999999995,35to65,300,0.9855325511169397
NMC,US06,0.0,1,NMC_0C_US06.csv,3199,58.638822999999995,35to65,600,1.1493974222564702
NMC,US06,0.0,1,NMC_0C_US06.csv,3199,58.638822999999995,35to65,900,0.6408746604766833
NMC,US06,0.0,1,NMC_0C_US06.csv,3199,58.638822999999995,35to65,1200,0.6154089558715796
NMC,US06,0.0,1,NMC_0C_US06.csv,3199,58.638822999999995,35to65,1800,0.08440332400513029
NMC,US06,0.0,1,NMC_0C_US06.csv,3199,58.638822999999995,35to65,2400,0.4825654748382604
NMC,US06,0.0,1,NMC_0C_US06.csv,4893,44.94544,35to65,0,
NMC,US06,0.0,1,NMC_0C_US06.csv,4893,44.94544,35to65,30,
NMC,US06,0.0,1,NMC_0C_US06.csv,4893,44.94544,35to65,60,3.79592147078705
NMC,US06,0.0,1,NMC_0C_US06.csv,4893,44.94544,35to65,120,3.585559466415404
NMC,US06,0.0,1,NMC_0C_US06.csv,4893,44.94544,35to65,300,2.9919209833602878
NMC,US06,0.0,1,NMC_0C_US06.csv,4893,44.94544,35to65,600,2.0048348082733156
NMC,US06,0.0,1,NMC_0C_US06.csv,4893,44.94544,35to65,900,1.8603120378418012
NMC,US06,0.0,1,NMC_0C_US06.csv,4893,44.94544,35to65,1200,1.8352571599578837
NMC,US06,0.0,1,NMC_0C_US06.csv,4893,44.94544,35to65,1800,1.84787516658783
NMC,US06,0.0,1,NMC_0C_US06.csv,4893,44.94544,35to65,2400,1.7060226950263981
NMC,US06,0.0,1,NMC_0C_US06.csv,7609,22.393052,le35,0,
NMC,US06,0.0,1,NMC_0C_US06.csv,7609,22.393052,le35,30,
NMC,US06,0.0,1,NMC_0C_US06.csv,7609,22.393052,le35,60,2.1505799931144693
NMC,US06,0.0,1,NMC_0C_US06.csv,7609,22.393052,le35,120,2.6074213770904535
NMC,US06,0.0,1,NMC_0C_US06.csv,7609,22.393052,le35,300,0.6461960562095648
NMC,US06,0.0,1,NMC_0C_US06.csv,7609,22.393052,le35,600,0.530597404598236
NMC,US06,0.0,1,NMC_0C_US06.csv,7609,22.393052,le35,900,0.25453946405410655
NMC,US06,0.0,1,NMC_0C_US06.csv,7609,22.393052,le35,1200,0.4454364355773919
NMC,US06,0.0,1,NMC_0C_US06.csv,7609,22.393052,le35,1800,0.5450643956260688
NMC,US06,0.0,1,NMC_0C_US06.csv,7609,22.393052,le35,2400,
NMC,US06,0.0,1,NMC_0C_US06.csv,7869,20.471961999999998,le35,0,
NMC,US06,0.0,1,NMC_0C_US06.csv,7869,20.471961999999998,le35,30,
NMC,US06,0.0,1,NMC_0C_US06.csv,7869,20.471961999999998,le35,60,8.746405617261889
NMC,US06,0.0,1,NMC_0C_US06.csv,7869,20.471961999999998,le35,120,7.765091812114715
NMC,US06,0.0,1,NMC_0C_US06.csv,7869,20.471961999999998,le35,300,7.06820184728241
NMC,US06,0.0,1,NMC_0C_US06.csv,7869,20.471961999999998,le35,600,5.457302247842788
NMC,US06,0.0,1,NMC_0C_US06.csv,7869,20.471961999999998,le35,900,1.3680127869796745
NMC,US06,0.0,1,NMC_0C_US06.csv,7869,20.471961999999998,le35,1200,0.713204623594283
NMC,US06,0.0,1,NMC_0C_US06.csv,7869,20.471961999999998,le35,1800,
NMC,US06,0.0,1,NMC_0C_US06.csv,7869,20.471961999999998,le35,2400,
NMC,US06,0.0,1,NMC_0C_US06.csv,8221,17.469893,le35,0,
NMC,US06,0.0,1,NMC_0C_US06.csv,8221,17.469893,le35,30,
NMC,US06,0.0,1,NMC_0C_US06.csv,8221,17.469893,le35,60,6.287076683963775
NMC,US06,0.0,1,NMC_0C_US06.csv,8221,17.469893,le35,120,6.402269385534286
NMC,US06,0.0,1,NMC_0C_US06.csv,8221,17.469893,le35,300,5.774147510799407
NMC,US06,0.0,1,NMC_0C_US06.csv,8221,17.469893,le35,600,2.216629186462402
NMC,US06,0.0,1,NMC_0C_US06.csv,8221,17.469893,le35,900,0.6332769754234313
NMC,US06,0.0,1,NMC_0C_US06.csv,8221,17.469893,le35,1200,0.04582948835754319
NMC,US06,0.0,1,NMC_0C_US06.csv,8221,17.469893,le35,1800,
NMC,US06,0.0,1,NMC_0C_US06.csv,8221,17.469893,le35,2400,
NMC,US06,0.0,2,NMC_0C_US06.csv,436,80.9109,gt65,0,
NMC,US06,0.0,2,NMC_0C_US06.csv,436,80.9109,gt65,30,
NMC,US06,0.0,2,NMC_0C_US06.csv,436,80.9109,gt65,60,3.01165568199157
NMC,US06,0.0,2,NMC_0C_US06.csv,436,80.9109,gt65,120,2.335211893539423
NMC,US06,0.0,2,NMC_0C_US06.csv,436,80.9109,gt65,300,1.6153986557006874
NMC,US06,0.0,2,NMC_0C_US06.csv,436,80.9109,gt65,600,1.016991930313111
NMC,US06,0.0,2,NMC_0C_US06.csv,436,80.9109,gt65,900,0.5609702295684826
NMC,US06,0.0,2,NMC_0C_US06.csv,436,80.9109,gt65,1200,0.42832593887328585
NMC,US06,0.0,2,NMC_0C_US06.csv,436,80.9109,gt65,1800,0.33670677775573665
NMC,US06,0.0,2,NMC_0C_US06.csv,436,80.9109,gt65,2400,0.9802402027282682
NMC,US06,0.0,2,NMC_0C_US06.csv,1323,74.38628,gt65,0,
NMC,US06,0.0,2,NMC_0C_US06.csv,1323,74.38628,gt65,30,
NMC,US06,0.0,2,NMC_0C_US06.csv,1323,74.38628,gt65,60,0.09322720512389537
NMC,US06,0.0,2,NMC_0C_US06.csv,1323,74.38628,gt65,120,0.3451819543304424
NMC,US06,0.0,2,NMC_0C_US06.csv,1323,74.38628,gt65,300,0.7783536941528268
NMC,US06,0.0,2,NMC_0C_US06.csv,1323,74.38628,gt65,600,0.4957676686096164
NMC,US06,0.0,2,NMC_0C_US06.csv,1323,74.38628,gt65,900,0.6565635131073009
NMC,US06,0.0,2,NMC_0C_US06.csv,1323,74.38628,gt65,1200,0.7751839440154953
NMC,US06,0.0,2,NMC_0C_US06.csv,1323,74.38628,gt65,1800,1.2422856113281213
NMC,US06,0.0,2,NMC_0C_US06.csv,1323,74.38628,gt65,2400,1.0039310362243725
NMC,US06,0.0,2,NMC_0C_US06.csv,1959,68.91091499999999,gt65,0,
NMC,US06,0.0,2,NMC_0C_US06.csv,1959,68.91091499999999,gt65,30,
NMC,US06,0.0,2,NMC_0C_US06.csv,1959,68.91091499999999,gt65,60,1.2420593885192943
NMC,US06,0.0,2,NMC_0C_US06.csv,1959,68.91091499999999,gt65,120,1.7344232762145992
NMC,US06,0.0,2,NMC_0C_US06.csv,1959,68.91091499999999,gt65,300,0.4100976064910924
NMC,US06,0.0,2,NMC_0C_US06.csv,1959,68.91091499999999,gt65,600,1.1142851478881823
NMC,US06,0.0,2,NMC_0C_US06.csv,1959,68.91091499999999,gt65,900,1.559168244705198
NMC,US06,0.0,2,NMC_0C_US06.csv,1959,68.91091499999999,gt65,1200,1.8896163490142754
NMC,US06,0.0,2,NMC_0C_US06.csv,1959,68.91091499999999,gt65,1800,1.2414927578582748
NMC,US06,0.0,2,NMC_0C_US06.csv,1959,68.91091499999999,gt65,2400,0.4556895719146752
NMC,US06,0.0,2,NMC_0C_US06.csv,2725,62.229466,35to65,0,
NMC,US06,0.0,2,NMC_0C_US06.csv,2725,62.229466,35to65,30,
NMC,US06,0.0,2,NMC_0C_US06.csv,2725,62.229466,35to65,60,3.6834019363403385
NMC,US06,0.0,2,NMC_0C_US06.csv,2725,62.229466,35to65,120,2.3614462513732875
NMC,US06,0.0,2,NMC_0C_US06.csv,2725,62.229466,35to65,300,2.6585321573638936
NMC,US06,0.0,2,NMC_0C_US06.csv,2725,62.229466,35to65,600,2.7235935057067877
NMC,US06,0.0,2,NMC_0C_US06.csv,2725,62.229466,35to65,900,2.0571116956329263
NMC,US06,0.0,2,NMC_0C_US06.csv,2725,62.229466,35to65,1200,1.8453783020019543
NMC,US06,0.0,2,NMC_0C_US06.csv,2725,62.229466,35to65,1800,0.8261202534408625
NMC,US06,0.0,2,NMC_0C_US06.csv,2725,62.229466,35to65,2400,0.1524272898788439
NMC,US06,0.0,2,NMC_0C_US06.csv,3199,58.638822999999995,35to65,0,
NMC,US06,0.0,2,NMC_0C_US06.csv,3199,58.638822999999995,35to65,30,
NMC,US06,0.0,2,NMC_0C_US06.csv,3199,58.638822999999995,35to65,60,4.453113787841801
NMC,US06,0.0,2,NMC_0C_US06.csv,3199,58.638822999999995,35to65,120,3.864763440704344
NMC,US06,0.0,2,NMC_0C_US06.csv,3199,58.638822999999995,35to65,300,2.9057140639495813
NMC,US06,0.0,2,NMC_0C_US06.csv,3199,58.638822999999995,35to65,600,2.3999803556823736
NMC,US06,0.0,2,NMC_0C_US06.csv,3199,58.638822999999995,35to65,900,1.9134189252700793
NMC,US06,0.0,2,NMC_0C_US06.csv,3199,58.638822999999995,35to65,1200,1.4276086676712012
NMC,US06,0.0,2,NMC_0C_US06.csv,3199,58.638822999999995,35to65,1800,0.6875274897842374
NMC,US06,0.0,2,NMC_0C_US06.csv,3199,58.638822999999995,35to65,2400,0.29539434877013804
NMC,US06,0.0,2,NMC_0C_US06.csv,4893,44.94544,35to65,0,
NMC,US06,0.0,2,NMC_0C_US06.csv,4893,44.94544,35to65,30,
NMC,US06,0.0,2,NMC_0C_US06.csv,4893,44.94544,35to65,60,5.57545986380768
NMC,US06,0.0,2,NMC_0C_US06.csv,4893,44.94544,35to65,120,5.184129217201232
NMC,US06,0.0,2,NMC_0C_US06.csv,4893,44.94544,35to65,300,4.317754780815122
NMC,US06,0.0,2,NMC_0C_US06.csv,4893,44.94544,35to65,600,3.008249200744629
NMC,US06,0.0,2,NMC_0C_US06.csv,4893,44.94544,35to65,900,2.755088024513249
NMC,US06,0.0,2,NMC_0C_US06.csv,4893,44.94544,35to65,1200,2.4191800229644755
NMC,US06,0.0,2,NMC_0C_US06.csv,4893,44.94544,35to65,1800,2.4905980116653446
NMC,US06,0.0,2,NMC_0C_US06.csv,4893,44.94544,35to65,2400,2.342728451213837
NMC,US06,0.0,2,NMC_0C_US06.csv,7609,22.393052,le35,0,
NMC,US06,0.0,2,NMC_0C_US06.csv,7609,22.393052,le35,30,
NMC,US06,0.0,2,NMC_0C_US06.csv,7609,22.393052,le35,60,2.2365805548286417
NMC,US06,0.0,2,NMC_0C_US06.csv,7609,22.393052,le35,120,2.153405347255706
NMC,US06,0.0,2,NMC_0C_US06.csv,7609,22.393052,le35,300,1.2847406156883245
NMC,US06,0.0,2,NMC_0C_US06.csv,7609,22.393052,le35,600,0.009954138637542798
NMC,US06,0.0,2,NMC_0C_US06.csv,7609,22.393052,le35,900,0.00868073516845591
NMC,US06,0.0,2,NMC_0C_US06.csv,7609,22.393052,le35,1200,0.2830271896095269
NMC,US06,0.0,2,NMC_0C_US06.csv,7609,22.393052,le35,1800,0.1211524366931922
NMC,US06,0.0,2,NMC_0C_US06.csv,7609,22.393052,le35,2400,
NMC,US06,0.0,2,NMC_0C_US06.csv,7869,20.471961999999998,le35,0,
NMC,US06,0.0,2,NMC_0C_US06.csv,7869,20.471961999999998,le35,30,
NMC,US06,0.0,2,NMC_0C_US06.csv,7869,20.471961999999998,le35,60,8.01000885751343
NMC,US06,0.0,2,NMC_0C_US06.csv,7869,20.471961999999998,le35,120,7.1563264782238
NMC,US06,0.0,2,NMC_0C_US06.csv,7869,20.471961999999998,le35,300,5.836513586250305
NMC,US06,0.0,2,NMC_0C_US06.csv,7869,20.471961999999998,le35,600,4.4894345753993985
NMC,US06,0.0,2,NMC_0C_US06.csv,7869,20.471961999999998,le35,900,1.850288869018554
NMC,US06,0.0,2,NMC_0C_US06.csv,7869,20.471961999999998,le35,1200,0.6968163265132894
NMC,US06,0.0,2,NMC_0C_US06.csv,7869,20.471961999999998,le35,1800,
NMC,US06,0.0,2,NMC_0C_US06.csv,7869,20.471961999999998,le35,2400,
NMC,US06,0.0,2,NMC_0C_US06.csv,8221,17.469893,le35,0,
NMC,US06,0.0,2,NMC_0C_US06.csv,8221,17.469893,le35,30,
NMC,US06,0.0,2,NMC_0C_US06.csv,8221,17.469893,le35,60,5.482936265195846
NMC,US06,0.0,2,NMC_0C_US06.csv,8221,17.469893,le35,120,5.164313696104049
NMC,US06,0.0,2,NMC_0C_US06.csv,8221,17.469893,le35,300,4.269584715637206
NMC,US06,0.0,2,NMC_0C_US06.csv,8221,17.469893,le35,600,2.352626124214172
NMC,US06,0.0,2,NMC_0C_US06.csv,8221,17.469893,le35,900,0.627656257421112
NMC,US06,0.0,2,NMC_0C_US06.csv,8221,17.469893,le35,1200,0.2125027016010277
NMC,US06,0.0,2,NMC_0C_US06.csv,8221,17.469893,le35,1800,
NMC,US06,0.0,2,NMC_0C_US06.csv,8221,17.469893,le35,2400,
NMC,US06,25.0,0,NMC_25C_US06.csv,201,82.004666,gt65,0,
NMC,US06,25.0,0,NMC_25C_US06.csv,201,82.004666,gt65,30,
NMC,US06,25.0,0,NMC_25C_US06.csv,201,82.004666,gt65,60,1.324878276901245
NMC,US06,25.0,0,NMC_25C_US06.csv,201,82.004666,gt65,120,1.1273627248687745
NMC,US06,25.0,0,NMC_25C_US06.csv,201,82.004666,gt65,300,0.48096859657287894
NMC,US06,25.0,0,NMC_25C_US06.csv,201,82.004666,gt65,600,0.40470934808350023
NMC,US06,25.0,0,NMC_25C_US06.csv,201,82.004666,gt65,900,0.028044821853640656
NMC,US06,25.0,0,NMC_25C_US06.csv,201,82.004666,gt65,1200,0.07939290269469268
NMC,US06,25.0,0,NMC_25C_US06.csv,201,82.004666,gt65,1800,0.11500250915527488
NMC,US06,25.0,0,NMC_25C_US06.csv,201,82.004666,gt65,2400,0.21480946032714598
NMC,US06,25.0,0,NMC_25C_US06.csv,819,77.56324,gt65,0,
NMC,US06,25.0,0,NMC_25C_US06.csv,819,77.56324,gt65,30,
NMC,US06,25.0,0,NMC_25C_US06.csv,819,77.56324,gt65,60,1.1716693092346304
NMC,US06,25.0,0,NMC_25C_US06.csv,819,77.56324,gt65,120,0.9475838232421978
NMC,US06,25.0,0,NMC_25C_US06.csv,819,77.56324,gt65,300,0.31767185859679614
NMC,US06,25.0,0,NMC_25C_US06.csv,819,77.56324,gt65,600,0.6808188067627015
NMC,US06,25.0,0,NMC_25C_US06.csv,819,77.56324,gt65,900,0.026156607818606403
NMC,US06,25.0,0,NMC_25C_US06.csv,819,77.56324,gt65,1200,0.3538360694122247
NMC,US06,25.0,0,NMC_25C_US06.csv,819,77.56324,gt65,1800,0.0632577268981862
NMC,US06,25.0,0,NMC_25C_US06.csv,819,77.56324,gt65,2400,0.06451646177673354
NMC,US06,25.0,0,NMC_25C_US06.csv,1475,72.89035,gt65,0,
NMC,US06,25.0,0,NMC_25C_US06.csv,1475,72.89035,gt65,30,
NMC,US06,25.0,0,NMC_25C_US06.csv,1475,72.89035,gt65,60,1.0494862009429937
NMC,US06,25.0,0,NMC_25C_US06.csv,1475,72.89035,gt65,120,1.238486439514162
NMC,US06,25.0,0,NMC_25C_US06.csv,1475,72.89035,gt65,300,0.43714594787597605
NMC,US06,25.0,0,NMC_25C_US06.csv,1475,72.89035,gt65,600,0.9485134544372613
NMC,US06,25.0,0,NMC_25C_US06.csv,1475,72.89035,gt65,900,0.2563661504364063
NMC,US06,25.0,0,NMC_25C_US06.csv,1475,72.89035,gt65,1200,0.4865410277557345
NMC,US06,25.0,0,NMC_25C_US06.csv,1475,72.89035,gt65,1800,0.12579929924011424
NMC,US06,25.0,0,NMC_25C_US06.csv,1475,72.89035,gt65,2400,0.1125564526367171
NMC,US06,25.0,0,NMC_25C_US06.csv,3155,60.995524999999994,35to65,0,
NMC,US06,25.0,0,NMC_25C_US06.csv,3155,60.995524999999994,35to65,30,
NMC,US06,25.0,0,NMC_25C_US06.csv,3155,60.995524999999994,35to65,60,0.9408116156005875
NMC,US06,25.0,0,NMC_25C_US06.csv,3155,60.995524999999994,35to65,120,0.6580892414398178
NMC,US06,25.0,0,NMC_25C_US06.csv,3155,60.995524999999994,35to65,300,0.48683538627624046
NMC,US06,25.0,0,NMC_25C_US06.csv,3155,60.995524999999994,35to65,600,0.9808212544250452
NMC,US06,25.0,0,NMC_25C_US06.csv,3155,60.995524999999994,35to65,900,0.5493784786224438
NMC,US06,25.0,0,NMC_25C_US06.csv,3155,60.995524999999994,35to65,1200,0.7875559932556158
NMC,US06,25.0,0,NMC_25C_US06.csv,3155,60.995524999999994,35to65,1800,0.7503034920883138
NMC,US06,25.0,0,NMC_25C_US06.csv,3155,60.995524999999994,35to65,2400,0.6772723082885719
NMC,US06,25.0,0,NMC_25C_US06.csv,3363,59.076977,35to65,0,
NMC,US06,25.0,0,NMC_25C_US06.csv,3363,59.076977,35to65,30,
NMC,US06,25.0,0,NMC_25C_US06.csv,3363,59.076977,35to65,60,2.3914046051788347
NMC,US06,25.0,0,NMC_25C_US06.csv,3363,59.076977,35to65,120,2.0739731737213134
NMC,US06,25.0,0,NMC_25C_US06.csv,3363,59.076977,35to65,300,1.7897198748016336
NMC,US06,25.0,0,NMC_25C_US06.csv,3363,59.076977,35to65,600,1.6377015435028142
NMC,US06,25.0,0,NMC_25C_US06.csv,3363,59.076977,35to65,900,1.3903296347808833
NMC,US06,25.0,0,NMC_25C_US06.csv,3363,59.076977,35to65,1200,1.4805684944152802
NMC,US06,25.0,0,NMC_25C_US06.csv,3363,59.076977,35to65,1800,1.0155442857284527
NMC,US06,25.0,0,NMC_25C_US06.csv,3363,59.076977,35to65,2400,0.7493316612319916
NMC,US06,25.0,0,NMC_25C_US06.csv,5323,45.543993,35to65,0,
NMC,US06,25.0,0,NMC_25C_US06.csv,5323,45.543993,35to65,30,
NMC,US06,25.0,0,NMC_25C_US06.csv,5323,45.543993,35to65,60,4.171159933135989
NMC,US06,25.0,0,NMC_25C_US06.csv,5323,45.543993,35to65,120,4.267319920234684
NMC,US06,25.0,0,NMC_25C_US06.csv,5323,45.543993,35to65,300,3.2745747464828483
NMC,US06,25.0,0,NMC_25C_US06.csv,5323,45.543993,35to65,600,2.52937135437012
NMC,US06,25.0,0,NMC_25C_US06.csv,5323,45.543993,35to65,900,1.979589272209168
NMC,US06,25.0,0,NMC_25C_US06.csv,5323,45.543993,35to65,1200,1.4420478823165865
NMC,US06,25.0,0,NMC_25C_US06.csv,5323,45.543993,35to65,1800,0.7314055446319543
NMC,US06,25.0,0,NMC_25C_US06.csv,5323,45.543993,35to65,2400,0.22331509716796916
NMC,US06,25.0,0,NMC_25C_US06.csv,7807,27.779594000000003,le35,0,
NMC,US06,25.0,0,NMC_25C_US06.csv,7807,27.779594000000003,le35,30,
NMC,US06,25.0,0,NMC_25C_US06.csv,7807,27.779594000000003,le35,60,4.2529674379653954
NMC,US06,25.0,0,NMC_25C_US06.csv,7807,27.779594000000003,le35,120,3.9679571749382028
NMC,US06,25.0,0,NMC_25C_US06.csv,7807,27.779594000000003,le35,300,2.8982235372276293
NMC,US06,25.0,0,NMC_25C_US06.csv,7807,27.779594000000003,le35,600,2.1433082485542307
NMC,US06,25.0,0,NMC_25C_US06.csv,7807,27.779594000000003,le35,900,0.7292617339706418
NMC,US06,25.0,0,NMC_25C_US06.csv,7807,27.779594000000003,le35,1200,0.7093460122261064
NMC,US06,25.0,0,NMC_25C_US06.csv,7807,27.779594000000003,le35,1800,0.3559617836456308
NMC,US06,25.0,0,NMC_25C_US06.csv,7807,27.779594000000003,le35,2400,0.2840017285194403
NMC,US06,25.0,0,NMC_25C_US06.csv,8367,23.926339,le35,0,
NMC,US06,25.0,0,NMC_25C_US06.csv,8367,23.926339,le35,30,
NMC,US06,25.0,0,NMC_25C_US06.csv,8367,23.926339,le35,60,3.496516905925752
NMC,US06,25.0,0,NMC_25C_US06.csv,8367,23.926339,le35,120,3.0867697302284256
NMC,US06,25.0,0,NMC_25C_US06.csv,8367,23.926339,le35,300,2.08542235220337
NMC,US06,25.0,0,NMC_25C_US06.csv,8367,23.926339,le35,600,1.2413411120529183
NMC,US06,25.0,0,NMC_25C_US06.csv,8367,23.926339,le35,900,0.7927860957221995
NMC,US06,25.0,0,NMC_25C_US06.csv,8367,23.926339,le35,1200,0.5425612773399333
NMC,US06,25.0,0,NMC_25C_US06.csv,8367,23.926339,le35,1800,0.1504272474254602
NMC,US06,25.0,0,NMC_25C_US06.csv,8367,23.926339,le35,2400,
NMC,US06,25.0,0,NMC_25C_US06.csv,10458,8.428372000000001,le35,0,
NMC,US06,25.0,0,NMC_25C_US06.csv,10458,8.428372000000001,le35,30,
NMC,US06,25.0,0,NMC_25C_US06.csv,10458,8.428372000000001,le35,60,2.5773607657981863
NMC,US06,25.0,0,NMC_25C_US06.csv,10458,8.428372000000001,le35,120,2.335309467723847
NMC,US06,25.0,0,NMC_25C_US06.csv,10458,8.428372000000001,le35,300,
NMC,US06,25.0,0,NMC_25C_US06.csv,10458,8.428372000000001,le35,600,
NMC,US06,25.0,0,NMC_25C_US06.csv,10458,8.428372000000001,le35,900,
NMC,US06,25.0,0,NMC_25C_US06.csv,10458,8.428372000000001,le35,1200,
NMC,US06,25.0,0,NMC_25C_US06.csv,10458,8.428372000000001,le35,1800,
NMC,US06,25.0,0,NMC_25C_US06.csv,10458,8.428372000000001,le35,2400,
NMC,US06,25.0,1,NMC_25C_US06.csv,201,82.004666,gt65,0,
NMC,US06,25.0,1,NMC_25C_US06.csv,201,82.004666,gt65,30,
NMC,US06,25.0,1,NMC_25C_US06.csv,201,82.004666,gt65,60,0.090740264968872
NMC,US06,25.0,1,NMC_25C_US06.csv,201,82.004666,gt65,120,0.0185315576477052
NMC,US06,25.0,1,NMC_25C_US06.csv,201,82.004666,gt65,300,0.5054644326019258
NMC,US06,25.0,1,NMC_25C_US06.csv,201,82.004666,gt65,600,0.19876979887389723
NMC,US06,25.0,1,NMC_25C_US06.csv,201,82.004666,gt65,900,0.6678589602661162
NMC,US06,25.0,1,NMC_25C_US06.csv,201,82.004666,gt65,1200,0.47238517538453095
NMC,US06,25.0,1,NMC_25C_US06.csv,201,82.004666,gt65,1800,0.6446315012359634
NMC,US06,25.0,1,NMC_25C_US06.csv,201,82.004666,gt65,2400,0.6111803480834936
NMC,US06,25.0,1,NMC_25C_US06.csv,819,77.56324,gt65,0,
NMC,US06,25.0,1,NMC_25C_US06.csv,819,77.56324,gt65,30,
NMC,US06,25.0,1,NMC_25C_US06.csv,819,77.56324,gt65,60,0.6518990348815805
NMC,US06,25.0,1,NMC_25C_US06.csv,819,77.56324,gt65,120,0.26836881156920356
NMC,US06,25.0,1,NMC_25C_US06.csv,819,77.56324,gt65,300,1.191911137771612
NMC,US06,25.0,1,NMC_25C_US06.csv,819,77.56324,gt65,600,0.1638386143493591
NMC,US06,25.0,1,NMC_25C_US06.csv,819,77.56324,gt65,900,0.8148452674865752
NMC,US06,25.0,1,NMC_25C_US06.csv,819,77.56324,gt65,1200,0.31305049865723333
NMC,US06,25.0,1,NMC_25C_US06.csv,819,77.56324,gt65,1800,0.3908939035034251
NMC,US06,25.0,1,NMC_25C_US06.csv,819,77.56324,gt65,2400,0.36938825933837904
NMC,US06,25.0,1,NMC_25C_US06.csv,1475,72.89035,gt65,0,
NMC,US06,25.0,1,NMC_25C_US06.csv,1475,72.89035,gt65,30,
NMC,US06,25.0,1,NMC_25C_US06.csv,1475,72.89035,gt65,60,0.23657937751769964
NMC,US06,25.0,1,NMC_25C_US06.csv,1475,72.89035,gt65,120,0.2744403774261457
NMC,US06,25.0,1,NMC_25C_US06.csv,1475,72.89035,gt65,300,1.6490871900939936
NMC,US06,25.0,1,NMC_25C_US06.csv,1475,72.89035,gt65,600,0.24298935508727482
NMC,US06,25.0,1,NMC_25C_US06.csv,1475,72.89035,gt65,900,0.7231003213501026
NMC,US06,25.0,1,NMC_25C_US06.csv,1475,72.89035,gt65,1200,0.16227937248230262
NMC,US06,25.0,1,NMC_25C_US06.csv,1475,72.89035,gt65,1800,0.09505379104614065
NMC,US06,25.0,1,NMC_25C_US06.csv,1475,72.89035,gt65,2400,0.28915501129150556
NMC,US06,25.0,1,NMC_25C_US06.csv,3155,60.995524999999994,35to65,0,
NMC,US06,25.0,1,NMC_25C_US06.csv,3155,60.995524999999994,35to65,30,
NMC,US06,25.0,1,NMC_25C_US06.csv,3155,60.995524999999994,35to65,60,0.3328204339599594
NMC,US06,25.0,1,NMC_25C_US06.csv,3155,60.995524999999994,35to65,120,0.22333232456970364
NMC,US06,25.0,1,NMC_25C_US06.csv,3155,60.995524999999994,35to65,300,1.397243593215947
NMC,US06,25.0,1,NMC_25C_US06.csv,3155,60.995524999999994,35to65,600,0.5913168166351355
NMC,US06,25.0,1,NMC_25C_US06.csv,3155,60.995524999999994,35to65,900,0.6430005191802906
NMC,US06,25.0,1,NMC_25C_US06.csv,3155,60.995524999999994,35to65,1200,0.3047527664337153
NMC,US06,25.0,1,NMC_25C_US06.csv,3155,60.995524999999994,35to65,1800,0.09206511066437173
NMC,US06,25.0,1,NMC_25C_US06.csv,3155,60.995524999999994,35to65,2400,0.15183724123382802
NMC,US06,25.0,1,NMC_25C_US06.csv,3363,59.076977,35to65,0,
NMC,US06,25.0,1,NMC_25C_US06.csv,3363,59.076977,35to65,30,
NMC,US06,25.0,1,NMC_25C_US06.csv,3363,59.076977,35to65,60,0.56765148666382
NMC,US06,25.0,1,NMC_25C_US06.csv,3363,59.076977,35to65,120,0.009775405303955154
NMC,US06,25.0,1,NMC_25C_US06.csv,3363,59.076977,35to65,300,0.469506795349119
NMC,US06,25.0,1,NMC_25C_US06.csv,3363,59.076977,35to65,600,0.39962097770690264
NMC,US06,25.0,1,NMC_25C_US06.csv,3363,59.076977,35to65,900,0.2098047379302983
NMC,US06,25.0,1,NMC_25C_US06.csv,3363,59.076977,35to65,1200,0.08068188629150086
NMC,US06,25.0,1,NMC_25C_US06.csv,3363,59.076977,35to65,1800,0.24734770293426322
NMC,US06,25.0,1,NMC_25C_US06.csv,3363,59.076977,35to65,2400,0.1992016515808075
NMC,US06,25.0,1,NMC_25C_US06.csv,5323,45.543993,35to65,0,
NMC,US06,25.0,1,NMC_25C_US06.csv,5323,45.543993,35to65,30,
NMC,US06,25.0,1,NMC_25C_US06.csv,5323,45.543993,35to65,60,3.544634650276187
NMC,US06,25.0,1,NMC_25C_US06.csv,5323,45.543993,35to65,120,3.391563775711063
NMC,US06,25.0,1,NMC_25C_US06.csv,5323,45.543993,35to65,300,2.5855629342727653
NMC,US06,25.0,1,NMC_25C_US06.csv,5323,45.543993,35to65,600,1.687151763229373
NMC,US06,25.0,1,NMC_25C_US06.csv,5323,45.543993,35to65,900,1.4085320717773442
NMC,US06,25.0,1,NMC_25C_US06.csv,5323,45.543993,35to65,1200,0.8502125027160616
NMC,US06,25.0,1,NMC_25C_US06.csv,5323,45.543993,35to65,1800,0.25600783860015497
NMC,US06,25.0,1,NMC_25C_US06.csv,5323,45.543993,35to65,2400,0.11634197108459432
NMC,US06,25.0,1,NMC_25C_US06.csv,7807,27.779594000000003,le35,0,
NMC,US06,25.0,1,NMC_25C_US06.csv,7807,27.779594000000003,le35,30,
NMC,US06,25.0,1,NMC_25C_US06.csv,7807,27.779594000000003,le35,60,3.8568364589042687
NMC,US06,25.0,1,NMC_25C_US06.csv,7807,27.779594000000003,le35,120,3.7981390716247567
NMC,US06,25.0,1,NMC_25C_US06.csv,7807,27.779594000000003,le35,300,2.919538158199309
NMC,US06,25.0,1,NMC_25C_US06.csv,7807,27.779594000000003,le35,600,2.0876971149787913
NMC,US06,25.0,1,NMC_25C_US06.csv,7807,27.779594000000003,le35,900,0.5661491531944272
NMC,US06,25.0,1,NMC_25C_US06.csv,7807,27.779594000000003,le35,1200,0.4463941613349931
NMC,US06,25.0,1,NMC_25C_US06.csv,7807,27.779594000000003,le35,1800,0.09818361592102143
NMC,US06,25.0,1,NMC_25C_US06.csv,7807,27.779594000000003,le35,2400,0.5145927276458746
NMC,US06,25.0,1,NMC_25C_US06.csv,8367,23.926339,le35,0,
NMC,US06,25.0,1,NMC_25C_US06.csv,8367,23.926339,le35,30,
NMC,US06,25.0,1,NMC_25C_US06.csv,8367,23.926339,le35,60,3.515664898059846
NMC,US06,25.0,1,NMC_25C_US06.csv,8367,23.926339,le35,120,3.33651915230179
NMC,US06,25.0,1,NMC_25C_US06.csv,8367,23.926339,le35,300,1.911174133666993
NMC,US06,25.0,1,NMC_25C_US06.csv,8367,23.926339,le35,600,1.1177404502983102
NMC,US06,25.0,1,NMC_25C_US06.csv,8367,23.926339,le35,900,0.5838658553199778
NMC,US06,25.0,1,NMC_25C_US06.csv,8367,23.926339,le35,1200,0.29606030840682784
NMC,US06,25.0,1,NMC_25C_US06.csv,8367,23.926339,le35,1800,0.35419541134490906
NMC,US06,25.0,1,NMC_25C_US06.csv,8367,23.926339,le35,2400,
NMC,US06,25.0,1,NMC_25C_US06.csv,10458,8.428372000000001,le35,0,
NMC,US06,25.0,1,NMC_25C_US06.csv,10458,8.428372000000001,le35,30,
NMC,US06,25.0,1,NMC_25C_US06.csv,10458,8.428372000000001,le35,60,3.355169715149497
NMC,US06,25.0,1,NMC_25C_US06.csv,10458,8.428372000000001,le35,120,3.135000027230263
NMC,US06,25.0,1,NMC_25C_US06.csv,10458,8.428372000000001,le35,300,
NMC,US06,25.0,1,NMC_25C_US06.csv,10458,8.428372000000001,le35,600,
NMC,US06,25.0,1,NMC_25C_US06.csv,10458,8.428372000000001,le35,900,
NMC,US06,25.0,1,NMC_25C_US06.csv,10458,8.428372000000001,le35,1200,
NMC,US06,25.0,1,NMC_25C_US06.csv,10458,8.428372000000001,le35,1800,
NMC,US06,25.0,1,NMC_25C_US06.csv,10458,8.428372000000001,le35,2400,
NMC,US06,25.0,2,NMC_25C_US06.csv,201,82.004666,gt65,0,
NMC,US06,25.0,2,NMC_25C_US06.csv,201,82.004666,gt65,30,
NMC,US06,25.0,2,NMC_25C_US06.csv,201,82.004666,gt65,60,1.3126116410064697
NMC,US06,25.0,2,NMC_25C_US06.csv,201,82.004666,gt65,120,1.0679190126342775
NMC,US06,25.0,2,NMC_25C_US06.csv,201,82.004666,gt65,300,0.4848369380188018
NMC,US06,25.0,2,NMC_25C_US06.csv,201,82.004666,gt65,600,0.2937135785827678
NMC,US06,25.0,2,NMC_25C_US06.csv,201,82.004666,gt65,900,0.09583914482116995
NMC,US06,25.0,2,NMC_25C_US06.csv,201,82.004666,gt65,1200,0.03362942472840302
NMC,US06,25.0,2,NMC_25C_US06.csv,201,82.004666,gt65,1800,0.2230836115264907
NMC,US06,25.0,2,NMC_25C_US06.csv,201,82.004666,gt65,2400,0.13365773646545165
NMC,US06,25.0,2,NMC_25C_US06.csv,819,77.56324,gt65,0,
NMC,US06,25.0,2,NMC_25C_US06.csv,819,77.56324,gt65,30,
NMC,US06,25.0,2,NMC_25C_US06.csv,819,77.56324,gt65,60,1.0648279834747427
NMC,US06,25.0,2,NMC_25C_US06.csv,819,77.56324,gt65,120,0.5783211279296978
NMC,US06,25.0,2,NMC_25C_US06.csv,819,77.56324,gt65,300,0.11084970169066821
NMC,US06,25.0,2,NMC_25C_US06.csv,819,77.56324,gt65,600,0.26752019989014286
NMC,US06,25.0,2,NMC_25C_US06.csv,819,77.56324,gt65,900,0.24150818939209273
NMC,US06,25.0,2,NMC_25C_US06.csv,819,77.56324,gt65,1200,0.11752153427123346
NMC,US06,25.0,2,NMC_25C_US06.csv,819,77.56324,gt65,1800,0.15529325889586687
NMC,US06,25.0,2,NMC_25C_US06.csv,819,77.56324,gt65,2400,0.2729531160125731
NMC,US06,25.0,2,NMC_25C_US06.csv,1475,72.89035,gt65,0,
NMC,US06,25.0,2,NMC_25C_US06.csv,1475,72.89035,gt65,30,
NMC,US06,25.0,2,NMC_25C_US06.csv,1475,72.89035,gt65,60,0.3823075701141363
NMC,US06,25.0,2,NMC_25C_US06.csv,1475,72.89035,gt65,120,0.2652796810150164
NMC,US06,25.0,2,NMC_25C_US06.csv,1475,72.89035,gt65,300,0.9047443861389155
NMC,US06,25.0,2,NMC_25C_US06.csv,1475,72.89035,gt65,600,0.10052413368225643
NMC,US06,25.0,2,NMC_25C_US06.csv,1475,72.89035,gt65,900,0.5792385507202198
NMC,US06,25.0,2,NMC_25C_US06.csv,1475,72.89035,gt65,1200,0.49193524810790734
NMC,US06,25.0,2,NMC_25C_US06.csv,1475,72.89035,gt65,1800,0.49437654113769725
NMC,US06,25.0,2,NMC_25C_US06.csv,1475,72.89035,gt65,2400,0.24956964958190753
NMC,US06,25.0,2,NMC_25C_US06.csv,3155,60.995524999999994,35to65,0,
NMC,US06,25.0,2,NMC_25C_US06.csv,3155,60.995524999999994,35to65,30,
NMC,US06,25.0,2,NMC_25C_US06.csv,3155,60.995524999999994,35to65,60,0.11602638305664215
NMC,US06,25.0,2,NMC_25C_US06.csv,3155,60.995524999999994,35to65,120,0.3031793445892319
NMC,US06,25.0,2,NMC_25C_US06.csv,3155,60.995524999999994,35to65,300,0.08076772499084939
NMC,US06,25.0,2,NMC_25C_US06.csv,3155,60.995524999999994,35to65,600,1.0288387562560999
NMC,US06,25.0,2,NMC_25C_US06.csv,3155,60.995524999999994,35to65,900,0.5444670558929516
NMC,US06,25.0,2,NMC_25C_US06.csv,3155,60.995524999999994,35to65,1200,0.8629260665740972
NMC,US06,25.0,2,NMC_25C_US06.csv,3155,60.995524999999994,35to65,1800,0.689900145072933
NMC,US06,25.0,2,NMC_25C_US06.csv,3155,60.995524999999994,35to65,2400,0.5432572249755836
NMC,US06,25.0,2,NMC_25C_US06.csv,3363,59.076977,35to65,0,
NMC,US06,25.0,2,NMC_25C_US06.csv,3363,59.076977,35to65,30,
NMC,US06,25.0,2,NMC_25C_US06.csv,3363,59.076977,35to65,60,2.040887570648195
NMC,US06,25.0,2,NMC_25C_US06.csv,3363,59.076977,35to65,120,1.2509641595916747
NMC,US06,25.0,2,NMC_25C_US06.csv,3363,59.076977,35to65,300,1.2407789778137186
NMC,US06,25.0,2,NMC_25C_US06.csv,3363,59.076977,35to65,600,1.960699113540656
NMC,US06,25.0,2,NMC_25C_US06.csv,3363,59.076977,35to65,900,1.0056710597229
NMC,US06,25.0,2,NMC_25C_US06.csv,3363,59.076977,35to65,1200,1.516313399887082
NMC,US06,25.0,2,NMC_25C_US06.csv,3363,59.076977,35to65,1800,0.7901314401168804
NMC,US06,25.0,2,NMC_25C_US06.csv,3363,59.076977,35to65,2400,0.4590808830337494
NMC,US06,25.0,2,NMC_25C_US06.csv,5323,45.543993,35to65,0,
NMC,US06,25.0,2,NMC_25C_US06.csv,5323,45.543993,35to65,30,
NMC,US06,25.0,2,NMC_25C_US06.csv,5323,45.543993,35to65,60,4.1883409719924956
NMC,US06,25.0,2,NMC_25C_US06.csv,5323,45.543993,35to65,120,4.330667736701969
NMC,US06,25.0,2,NMC_25C_US06.csv,5323,45.543993,35to65,300,3.402465452545165
NMC,US06,25.0,2,NMC_25C_US06.csv,5323,45.543993,35to65,600,2.6220833990860015
NMC,US06,25.0,2,NMC_25C_US06.csv,5323,45.543993,35to65,900,2.034044075675965
NMC,US06,25.0,2,NMC_25C_US06.csv,5323,45.543993,35to65,1200,1.5826999428253146
NMC,US06,25.0,2,NMC_25C_US06.csv,5323,45.543993,35to65,1800,0.9134947541885339
NMC,US06,25.0,2,NMC_25C_US06.csv,5323,45.543993,35to65,2400,0.3430548680572514
NMC,US06,25.0,2,NMC_25C_US06.csv,7807,27.779594000000003,le35,0,
NMC,US06,25.0,2,NMC_25C_US06.csv,7807,27.779594000000003,le35,30,
NMC,US06,25.0,2,NMC_25C_US06.csv,7807,27.779594000000003,le35,60,4.447679421169283
NMC,US06,25.0,2,NMC_25C_US06.csv,7807,27.779594000000003,le35,120,4.099874174755097
NMC,US06,25.0,2,NMC_25C_US06.csv,7807,27.779594000000003,le35,300,3.112728732845305
NMC,US06,25.0,2,NMC_25C_US06.csv,7807,27.779594000000003,le35,600,2.0446938538894663
NMC,US06,25.0,2,NMC_25C_US06.csv,7807,27.779594000000003,le35,900,0.9470436949348446
NMC,US06,25.0,2,NMC_25C_US06.csv,7807,27.779594000000003,le35,1200,0.6749213496360795
NMC,US06,25.0,2,NMC_25C_US06.csv,7807,27.779594000000003,le35,1800,0.3117902715187082
NMC,US06,25.0,2,NMC_25C_US06.csv,7807,27.779594000000003,le35,2400,0.339001914485932
NMC,US06,25.0,2,NMC_25C_US06.csv,8367,23.926339,le35,0,
NMC,US06,25.0,2,NMC_25C_US06.csv,8367,23.926339,le35,30,
NMC,US06,25.0,2,NMC_25C_US06.csv,8367,23.926339,le35,60,3.3899974452476513
NMC,US06,25.0,2,NMC_25C_US06.csv,8367,23.926339,le35,120,3.293176144737245
NMC,US06,25.0,2,NMC_25C_US06.csv,8367,23.926339,le35,300,2.046335116275788
NMC,US06,25.0,2,NMC_25C_US06.csv,8367,23.926339,le35,600,1.2894852737541207
NMC,US06,25.0,2,NMC_25C_US06.csv,8367,23.926339,le35,900,0.6306286793785105
NMC,US06,25.0,2,NMC_25C_US06.csv,8367,23.926339,le35,1200,0.5526702250938396
NMC,US06,25.0,2,NMC_25C_US06.csv,8367,23.926339,le35,1800,0.16806649698867737
NMC,US06,25.0,2,NMC_25C_US06.csv,8367,23.926339,le35,2400,
NMC,US06,25.0,2,NMC_25C_US06.csv,10458,8.428372000000001,le35,0,
NMC,US06,25.0,2,NMC_25C_US06.csv,10458,8.428372000000001,le35,30,
NMC,US06,25.0,2,NMC_25C_US06.csv,10458,8.428372000000001,le35,60,2.046488644344901
NMC,US06,25.0,2,NMC_25C_US06.csv,10458,8.428372000000001,le35,120,1.6618596832065586
NMC,US06,25.0,2,NMC_25C_US06.csv,10458,8.428372000000001,le35,300,
NMC,US06,25.0,2,NMC_25C_US06.csv,10458,8.428372000000001,le35,600,
NMC,US06,25.0,2,NMC_25C_US06.csv,10458,8.428372000000001,le35,900,
NMC,US06,25.0,2,NMC_25C_US06.csv,10458,8.428372000000001,le35,1200,
NMC,US06,25.0,2,NMC_25C_US06.csv,10458,8.428372000000001,le35,1800,
NMC,US06,25.0,2,NMC_25C_US06.csv,10458,8.428372000000001,le35,2400,
NMC,US06,45.0,0,NMC_45C_US06.csv,496,81.786263,gt65,0,
NMC,US06,45.0,0,NMC_45C_US06.csv,496,81.786263,gt65,30,
NMC,US06,45.0,0,NMC_45C_US06.csv,496,81.786263,gt65,60,0.26968078109742066
NMC,US06,45.0,0,NMC_45C_US06.csv,496,81.786263,gt65,120,0.12463670654297232
NMC,US06,45.0,0,NMC_45C_US06.csv,496,81.786263,gt65,300,0.030471443328863757
NMC,US06,45.0,0,NMC_45C_US06.csv,496,81.786263,gt65,600,0.11905816879273345
NMC,US06,45.0,0,NMC_45C_US06.csv,496,81.786263,gt65,900,0.2880570444488484
NMC,US06,45.0,0,NMC_45C_US06.csv,496,81.786263,gt65,1200,0.2278638129425019
NMC,US06,45.0,0,NMC_45C_US06.csv,496,81.786263,gt65,1800,0.08079106513977763
NMC,US06,45.0,0,NMC_45C_US06.csv,496,81.786263,gt65,2400,0.08315119331360421
NMC,US06,45.0,0,NMC_45C_US06.csv,2152,68.827116,gt65,0,
NMC,US06,45.0,0,NMC_45C_US06.csv,2152,68.827116,gt65,30,
NMC,US06,45.0,0,NMC_45C_US06.csv,2152,68.827116,gt65,60,0.0321303901672394
NMC,US06,45.0,0,NMC_45C_US06.csv,2152,68.827116,gt65,120,0.5400041680908174
NMC,US06,45.0,0,NMC_45C_US06.csv,2152,68.827116,gt65,300,0.7517342118835444
NMC,US06,45.0,0,NMC_45C_US06.csv,2152,68.827116,gt65,600,0.6506092397308407
NMC,US06,45.0,0,NMC_45C_US06.csv,2152,68.827116,gt65,900,0.2727512672271786
NMC,US06,45.0,0,NMC_45C_US06.csv,2152,68.827116,gt65,1200,0.7388114962463419
NMC,US06,45.0,0,NMC_45C_US06.csv,2152,68.827116,gt65,1800,0.3887239360199004
NMC,US06,45.0,0,NMC_45C_US06.csv,2152,68.827116,gt65,2400,0.19804786665343954
NMC,US06,45.0,0,NMC_45C_US06.csv,2611,65.633565,gt65,0,
NMC,US06,45.0,0,NMC_45C_US06.csv,2611,65.633565,gt65,30,
NMC,US06,45.0,0,NMC_45C_US06.csv,2611,65.633565,gt65,60,0.4338283612060536
NMC,US06,45.0,0,NMC_45C_US06.csv,2611,65.633565,gt65,120,0.12261977668762825
NMC,US06,45.0,0,NMC_45C_US06.csv,2611,65.633565,gt65,300,0.516933697448728
NMC,US06,45.0,0,NMC_45C_US06.csv,2611,65.633565,gt65,600,0.2851071847686768
NMC,US06,45.0,0,NMC_45C_US06.csv,2611,65.633565,gt65,900,0.579148174377444
NMC,US06,45.0,0,NMC_45C_US06.csv,2611,65.633565,gt65,1200,0.7316994445800802
NMC,US06,45.0,0,NMC_45C_US06.csv,2611,65.633565,gt65,1800,0.49047411308288247
NMC,US06,45.0,0,NMC_45C_US06.csv,2611,65.633565,gt65,2400,0.4060260472488437
NMC,US06,45.0,0,NMC_45C_US06.csv,4171,53.94594,35to65,0,
NMC,US06,45.0,0,NMC_45C_US06.csv,4171,53.94594,35to65,30,
NMC,US06,45.0,0,NMC_45C_US06.csv,4171,53.94594,35to65,60,4.183708649024965
NMC,US06,45.0,0,NMC_45C_US06.csv,4171,53.94594,35to65,120,3.458165890731813
NMC,US06,45.0,0,NMC_45C_US06.csv,4171,53.94594,35to65,300,2.855712097000115
NMC,US06,45.0,0,NMC_45C_US06.csv,4171,53.94594,35to65,600,2.1842682983398447
NMC,US06,45.0,0,NMC_45C_US06.csv,4171,53.94594,35to65,900,1.9083230817031804
NMC,US06,45.0,0,NMC_45C_US06.csv,4171,53.94594,35to65,1200,1.1341818455886852
NMC,US06,45.0,0,NMC_45C_US06.csv,4171,53.94594,35to65,1800,0.45502809326934823
NMC,US06,45.0,0,NMC_45C_US06.csv,4171,53.94594,35to65,2400,0.03922881307220649
NMC,US06,45.0,0,NMC_45C_US06.csv,4296,53.055859999999996,35to65,0,
NMC,US06,45.0,0,NMC_45C_US06.csv,4296,53.055859999999996,35to65,30,
NMC,US06,45.0,0,NMC_45C_US06.csv,4296,53.055859999999996,35to65,60,3.413153121566772
NMC,US06,45.0,0,NMC_45C_US06.csv,4296,53.055859999999996,35to65,120,3.047180782394406
NMC,US06,45.0,0,NMC_45C_US06.csv,4296,53.055859999999996,35to65,300,2.7019856353378344
NMC,US06,45.0,0,NMC_45C_US06.csv,4296,53.055859999999996,35to65,600,2.345114491531369
NMC,US06,45.0,0,NMC_45C_US06.csv,4296,53.055859999999996,35to65,900,1.8329885794525183
NMC,US06,45.0,0,NMC_45C_US06.csv,4296,53.055859999999996,35to65,1200,1.2566359465484638
NMC,US06,45.0,0,NMC_45C_US06.csv,4296,53.055859999999996,35to65,1800,0.539025632270814
NMC,US06,45.0,0,NMC_45C_US06.csv,4296,53.055859999999996,35to65,2400,0.1444906656112721
NMC,US06,45.0,0,NMC_45C_US06.csv,6583,35.689375,35to65,0,
NMC,US06,45.0,0,NMC_45C_US06.csv,6583,35.689375,35to65,30,
NMC,US06,45.0,0,NMC_45C_US06.csv,6583,35.689375,35to65,60,2.543553106575011
NMC,US06,45.0,0,NMC_45C_US06.csv,6583,35.689375,35to65,120,2.5616501174240156
NMC,US06,45.0,0,NMC_45C_US06.csv,6583,35.689375,35to65,300,2.3049235177917495
NMC,US06,45.0,0,NMC_45C_US06.csv,6583,35.689375,35to65,600,1.2499422334747337
NMC,US06,45.0,0,NMC_45C_US06.csv,6583,35.689375,35to65,900,1.007378396499636
NMC,US06,45.0,0,NMC_45C_US06.csv,6583,35.689375,35to65,1200,0.43753952114868255
NMC,US06,45.0,0,NMC_45C_US06.csv,6583,35.689375,35to65,1800,0.11048567721939051
NMC,US06,45.0,0,NMC_45C_US06.csv,6583,35.689375,35to65,2400,0.21641827289581173
NMC,US06,45.0,0,NMC_45C_US06.csv,6863,32.87462,le35,0,
NMC,US06,45.0,0,NMC_45C_US06.csv,6863,32.87462,le35,30,
NMC,US06,45.0,0,NMC_45C_US06.csv,6863,32.87462,le35,60,5.57495639682007
NMC,US06,45.0,0,NMC_45C_US06.csv,6863,32.87462,le35,120,4.724240774040222
NMC,US06,45.0,0,NMC_45C_US06.csv,6863,32.87462,le35,300,3.542768852188111
NMC,US06,45.0,0,NMC_45C_US06.csv,6863,32.87462,le35,600,2.628087935768125
NMC,US06,45.0,0,NMC_45C_US06.csv,6863,32.87462,le35,900,1.4223468067550655
NMC,US06,45.0,0,NMC_45C_US06.csv,6863,32.87462,le35,1200,0.9600775753402715
NMC,US06,45.0,0,NMC_45C_US06.csv,6863,32.87462,le35,1800,0.09900613399124225
NMC,US06,45.0,0,NMC_45C_US06.csv,6863,32.87462,le35,2400,0.09566799288558947
NMC,US06,45.0,0,NMC_45C_US06.csv,8155,22.988310000000002,le35,0,
NMC,US06,45.0,0,NMC_45C_US06.csv,8155,22.988310000000002,le35,30,
NMC,US06,45.0,0,NMC_45C_US06.csv,8155,22.988310000000002,le35,60,4.049849531440735
NMC,US06,45.0,0,NMC_45C_US06.csv,8155,22.988310000000002,le35,120,3.8857447877769467
NMC,US06,45.0,0,NMC_45C_US06.csv,8155,22.988310000000002,le35,300,3.3164787808876035
NMC,US06,45.0,0,NMC_45C_US06.csv,8155,22.988310000000002,le35,600,2.263954514316559
NMC,US06,45.0,0,NMC_45C_US06.csv,8155,22.988310000000002,le35,900,1.7102896047058103
NMC,US06,45.0,0,NMC_45C_US06.csv,8155,22.988310000000002,le35,1200,1.1436204345474241
NMC,US06,45.0,0,NMC_45C_US06.csv,8155,22.988310000000002,le35,1800,0.43689540735816834
NMC,US06,45.0,0,NMC_45C_US06.csv,8155,22.988310000000002,le35,2400,0.30491725260353064
NMC,US06,45.0,0,NMC_45C_US06.csv,8384,21.694194,le35,0,
NMC,US06,45.0,0,NMC_45C_US06.csv,8384,21.694194,le35,30,
NMC,US06,45.0,0,NMC_45C_US06.csv,8384,21.694194,le35,60,4.970110345954897
NMC,US06,45.0,0,NMC_45C_US06.csv,8384,21.694194,le35,120,4.906499222106934
NMC,US06,45.0,0,NMC_45C_US06.csv,8384,21.694194,le35,300,3.7700306812553386
NMC,US06,45.0,0,NMC_45C_US06.csv,8384,21.694194,le35,600,3.1136600653915423
NMC,US06,45.0,0,NMC_45C_US06.csv,8384,21.694194,le35,900,2.102132872835158
NMC,US06,45.0,0,NMC_45C_US06.csv,8384,21.694194,le35,1200,1.8780272722434983
NMC,US06,45.0,0,NMC_45C_US06.csv,8384,21.694194,le35,1800,0.19812507448616046
NMC,US06,45.0,0,NMC_45C_US06.csv,8384,21.694194,le35,2400,0.3489706703775406
NMC,US06,45.0,1,NMC_45C_US06.csv,496,81.786263,gt65,0,
NMC,US06,45.0,1,NMC_45C_US06.csv,496,81.786263,gt65,30,
NMC,US06,45.0,1,NMC_45C_US06.csv,496,81.786263,gt65,60,1.5862818190765466
NMC,US06,45.0,1,NMC_45C_US06.csv,496,81.786263,gt65,120,1.5777144996643102
NMC,US06,45.0,1,NMC_45C_US06.csv,496,81.786263,gt65,300,1.3213022955322202
NMC,US06,45.0,1,NMC_45C_US06.csv,496,81.786263,gt65,600,1.0159990421295078
NMC,US06,45.0,1,NMC_45C_US06.csv,496,81.786263,gt65,900,0.5982580628967327
NMC,US06,45.0,1,NMC_45C_US06.csv,496,81.786263,gt65,1200,0.4680323357391387
NMC,US06,45.0,1,NMC_45C_US06.csv,496,81.786263,gt65,1800,0.3410250454711843
NMC,US06,45.0,1,NMC_45C_US06.csv,496,81.786263,gt65,2400,0.43116483276367745
NMC,US06,45.0,1,NMC_45C_US06.csv,2152,68.827116,gt65,0,
NMC,US06,45.0,1,NMC_45C_US06.csv,2152,68.827116,gt65,30,
NMC,US06,45.0,1,NMC_45C_US06.csv,2152,68.827116,gt65,60,3.92244109535217
NMC,US06,45.0,1,NMC_45C_US06.csv,2152,68.827116,gt65,120,4.791102800903317
NMC,US06,45.0,1,NMC_45C_US06.csv,2152,68.827116,gt65,300,4.171854689559936
NMC,US06,45.0,1,NMC_45C_US06.csv,2152,68.827116,gt65,600,1.8685453089141788
NMC,US06,45.0,1,NMC_45C_US06.csv,2152,68.827116,gt65,900,1.767474825653082
NMC,US06,45.0,1,NMC_45C_US06.csv,2152,68.827116,gt65,1200,0.31816959048461513
NMC,US06,45.0,1,NMC_45C_US06.csv,2152,68.827116,gt65,1800,0.33003655439758006
NMC,US06,45.0,1,NMC_45C_US06.csv,2152,68.827116,gt65,2400,0.36171723382568644
NMC,US06,45.0,1,NMC_45C_US06.csv,2611,65.633565,gt65,0,
NMC,US06,45.0,1,NMC_45C_US06.csv,2611,65.633565,gt65,30,
NMC,US06,45.0,1,NMC_45C_US06.csv,2611,65.633565,gt65,60,3.7535827086639415
NMC,US06,45.0,1,NMC_45C_US06.csv,2611,65.633565,gt65,120,3.5326611089325013
NMC,US06,45.0,1,NMC_45C_US06.csv,2611,65.633565,gt65,300,4.673779505477903
NMC,US06,45.0,1,NMC_45C_US06.csv,2611,65.633565,gt65,600,2.2908029066314697
NMC,US06,45.0,1,NMC_45C_US06.csv,2611,65.633565,gt65,900,1.5989843596496556
NMC,US06,45.0,1,NMC_45C_US06.csv,2611,65.633565,gt65,1200,0.5654347164154032
NMC,US06,45.0,1,NMC_45C_US06.csv,2611,65.633565,gt65,1800,0.3943806804657015
NMC,US06,45.0,1,NMC_45C_US06.csv,2611,65.633565,gt65,2400,0.3093548598098721
NMC,US06,45.0,1,NMC_45C_US06.csv,4171,53.94594,35to65,0,
NMC,US06,45.0,1,NMC_45C_US06.csv,4171,53.94594,35to65,30,
NMC,US06,45.0,1,NMC_45C_US06.csv,4171,53.94594,35to65,60,1.5921135953521741
NMC,US06,45.0,1,NMC_45C_US06.csv,4171,53.94594,35to65,120,0.7256505556488051
NMC,US06,45.0,1,NMC_45C_US06.csv,4171,53.94594,35to65,300,0.757306735824578
NMC,US06,45.0,1,NMC_45C_US06.csv,4171,53.94594,35to65,600,0.25580770034790135
NMC,US06,45.0,1,NMC_45C_US06.csv,4171,53.94594,35to65,900,0.3297834717941228
NMC,US06,45.0,1,NMC_45C_US06.csv,4171,53.94594,35to65,1200,0.1836159114074718
NMC,US06,45.0,1,NMC_45C_US06.csv,4171,53.94594,35to65,1800,0.006073987892150967
NMC,US06,45.0,1,NMC_45C_US06.csv,4171,53.94594,35to65,2400,0.2374350863494854
NMC,US06,45.0,1,NMC_45C_US06.csv,4296,53.055859999999996,35to65,0,
NMC,US06,45.0,1,NMC_45C_US06.csv,4296,53.055859999999996,35to65,30,
NMC,US06,45.0,1,NMC_45C_US06.csv,4296,53.055859999999996,35to65,60,1.1517707801818844
NMC,US06,45.0,1,NMC_45C_US06.csv,4296,53.055859999999996,35to65,120,0.7450109825897187
NMC,US06,45.0,1,NMC_45C_US06.csv,4296,53.055859999999996,35to65,300,0.2515910049057055
NMC,US06,45.0,1,NMC_45C_US06.csv,4296,53.055859999999996,35to65,600,0.6953503113479584
NMC,US06,45.0,1,NMC_45C_US06.csv,4296,53.055859999999996,35to65,900,0.2955851151351965
NMC,US06,45.0,1,NMC_45C_US06.csv,4296,53.055859999999996,35to65,1200,0.48924700669098087
NMC,US06,45.0,1,NMC_45C_US06.csv,4296,53.055859999999996,35to65,1800,0.24094876421356304
NMC,US06,45.0,1,NMC_45C_US06.csv,4296,53.055859999999996,35to65,2400,0.07151060659026598
NMC,US06,45.0,1,NMC_45C_US06.csv,6583,35.689375,35to65,0,
NMC,US06,45.0,1,NMC_45C_US06.csv,6583,35.689375,35to65,30,
NMC,US06,45.0,1,NMC_45C_US06.csv,6583,35.689375,35to65,60,2.02112435558319
NMC,US06,45.0,1,NMC_45C_US06.csv,6583,35.689375,35to65,120,1.8635575375824018
NMC,US06,45.0,1,NMC_45C_US06.csv,6583,35.689375,35to65,300,1.7823874784393325
NMC,US06,45.0,1,NMC_45C_US06.csv,6583,35.689375,35to65,600,1.001709749610903
NMC,US06,45.0,1,NMC_45C_US06.csv,6583,35.689375,35to65,900,0.733804997909548
NMC,US06,45.0,1,NMC_45C_US06.csv,6583,35.689375,35to65,1200,0.41269630520629974
NMC,US06,45.0,1,NMC_45C_US06.csv,6583,35.689375,35to65,1800,0.007299606300353645
NMC,US06,45.0,1,NMC_45C_US06.csv,6583,35.689375,35to65,2400,0.15774988468170292
NMC,US06,45.0,1,NMC_45C_US06.csv,6863,32.87462,le35,0,
NMC,US06,45.0,1,NMC_45C_US06.csv,6863,32.87462,le35,30,
NMC,US06,45.0,1,NMC_45C_US06.csv,6863,32.87462,le35,60,4.668739298583986
NMC,US06,45.0,1,NMC_45C_US06.csv,6863,32.87462,le35,120,4.089430445556641
NMC,US06,45.0,1,NMC_45C_US06.csv,6863,32.87462,le35,300,2.9940544528503423
NMC,US06,45.0,1,NMC_45C_US06.csv,6863,32.87462,le35,600,2.0890324691162085
NMC,US06,45.0,1,NMC_45C_US06.csv,6863,32.87462,le35,900,1.5171032907867428
NMC,US06,45.0,1,NMC_45C_US06.csv,6863,32.87462,le35,1200,0.4723163758659368
NMC,US06,45.0,1,NMC_45C_US06.csv,6863,32.87462,le35,1800,0.32727138428115765
NMC,US06,45.0,1,NMC_45C_US06.csv,6863,32.87462,le35,2400,0.06728277092742907
NMC,US06,45.0,1,NMC_45C_US06.csv,8155,22.988310000000002,le35,0,
NMC,US06,45.0,1,NMC_45C_US06.csv,8155,22.988310000000002,le35,30,
NMC,US06,45.0,1,NMC_45C_US06.csv,8155,22.988310000000002,le35,60,4.464347681789398
NMC,US06,45.0,1,NMC_45C_US06.csv,8155,22.988310000000002,le35,120,4.337732769573211
NMC,US06,45.0,1,NMC_45C_US06.csv,8155,22.988310000000002,le35,300,4.072893015525818
NMC,US06,45.0,1,NMC_45C_US06.csv,8155,22.988310000000002,le35,600,2.4550157130279544
NMC,US06,45.0,1,NMC_45C_US06.csv,8155,22.988310000000002,le35,900,1.954932398838043
NMC,US06,45.0,1,NMC_45C_US06.csv,8155,22.988310000000002,le35,1200,0.9532059462318418
NMC,US06,45.0,1,NMC_45C_US06.csv,8155,22.988310000000002,le35,1800,0.22456280104255555
NMC,US06,45.0,1,NMC_45C_US06.csv,8155,22.988310000000002,le35,2400,0.1014217799339292
NMC,US06,45.0,1,NMC_45C_US06.csv,8384,21.694194,le35,0,
NMC,US06,45.0,1,NMC_45C_US06.csv,8384,21.694194,le35,30,
NMC,US06,45.0,1,NMC_45C_US06.csv,8384,21.694194,le35,60,5.156327177162172
NMC,US06,45.0,1,NMC_45C_US06.csv,8384,21.694194,le35,120,4.794107213802338
NMC,US06,45.0,1,NMC_45C_US06.csv,8384,21.694194,le35,300,4.181992653968809
NMC,US06,45.0,1,NMC_45C_US06.csv,8384,21.694194,le35,600,3.066453186729433
NMC,US06,45.0,1,NMC_45C_US06.csv,8384,21.694194,le35,900,1.811179504886626
NMC,US06,45.0,1,NMC_45C_US06.csv,8384,21.694194,le35,1200,1.4703188359928117
NMC,US06,45.0,1,NMC_45C_US06.csv,8384,21.694194,le35,1800,0.18797589359703082
NMC,US06,45.0,1,NMC_45C_US06.csv,8384,21.694194,le35,2400,0.34492239741020203
NMC,US06,45.0,2,NMC_45C_US06.csv,496,81.786263,gt65,0,
NMC,US06,45.0,2,NMC_45C_US06.csv,496,81.786263,gt65,30,
NMC,US06,45.0,2,NMC_45C_US06.csv,496,81.786263,gt65,60,0.6694789359283533
NMC,US06,45.0,2,NMC_45C_US06.csv,496,81.786263,gt65,120,0.6084893314361608
NMC,US06,45.0,2,NMC_45C_US06.csv,496,81.786263,gt65,300,0.3789170988464292
NMC,US06,45.0,2,NMC_45C_US06.csv,496,81.786263,gt65,600,0.26004525337218354
NMC,US06,45.0,2,NMC_45C_US06.csv,496,81.786263,gt65,900,0.031733795700077394
NMC,US06,45.0,2,NMC_45C_US06.csv,496,81.786263,gt65,1200,0.02391216705322563
NMC,US06,45.0,2,NMC_45C_US06.csv,496,81.786263,gt65,1800,0.004896572189323933
NMC,US06,45.0,2,NMC_45C_US06.csv,496,81.786263,gt65,2400,0.08234653060913644
NMC,US06,45.0,2,NMC_45C_US06.csv,2152,68.827116,gt65,0,
NMC,US06,45.0,2,NMC_45C_US06.csv,2152,68.827116,gt65,30,
NMC,US06,45.0,2,NMC_45C_US06.csv,2152,68.827116,gt65,60,1.068153470993039
NMC,US06,45.0,2,NMC_45C_US06.csv,2152,68.827116,gt65,120,1.2105146985626192
NMC,US06,45.0,2,NMC_45C_US06.csv,2152,68.827116,gt65,300,2.11176319404602
NMC,US06,45.0,2,NMC_45C_US06.csv,2152,68.827116,gt65,600,0.440811410751337
NMC,US06,45.0,2,NMC_45C_US06.csv,2152,68.827116,gt65,900,1.0935310676422176
NMC,US06,45.0,2,NMC_45C_US06.csv,2152,68.827116,gt65,1200,0.35704374645996495
NMC,US06,45.0,2,NMC_45C_US06.csv,2152,68.827116,gt65,1800,0.15062722200012502
NMC,US06,45.0,2,NMC_45C_US06.csv,2152,68.827116,gt65,2400,0.07860015852355673
NMC,US06,45.0,2,NMC_45C_US06.csv,2611,65.633565,gt65,0,
NMC,US06,45.0,2,NMC_45C_US06.csv,2611,65.633565,gt65,30,
NMC,US06,45.0,2,NMC_45C_US06.csv,2611,65.633565,gt65,60,1.3035993502807628
NMC,US06,45.0,2,NMC_45C_US06.csv,2611,65.633565,gt65,120,1.7092596578216614
NMC,US06,45.0,2,NMC_45C_US06.csv,2611,65.633565,gt65,300,1.6595368563995336
NMC,US06,45.0,2,NMC_45C_US06.csv,2611,65.633565,gt65,600,0.7524427877655029
NMC,US06,45.0,2,NMC_45C_US06.csv,2611,65.633565,gt65,900,0.006819127944943659
NMC,US06,45.0,2,NMC_45C_US06.csv,2611,65.633565,gt65,1200,0.2052414196014425
NMC,US06,45.0,2,NMC_45C_US06.csv,2611,65.633565,gt65,1800,0.16399563179015786
NMC,US06,45.0,2,NMC_45C_US06.csv,2611,65.633565,gt65,2400,0.21510640956879
NMC,US06,45.0,2,NMC_45C_US06.csv,4171,53.94594,35to65,0,
NMC,US06,45.0,2,NMC_45C_US06.csv,4171,53.94594,35to65,30,
NMC,US06,45.0,2,NMC_45C_US06.csv,4171,53.94594,35to65,60,2.4865289739227308
NMC,US06,45.0,2,NMC_45C_US06.csv,4171,53.94594,35to65,120,1.7106769152069106
NMC,US06,45.0,2,NMC_45C_US06.csv,4171,53.94594,35to65,300,1.3354539087524344
NMC,US06,45.0,2,NMC_45C_US06.csv,4171,53.94594,35to65,600,1.0509038593292246
NMC,US06,45.0,2,NMC_45C_US06.csv,4171,53.94594,35to65,900,0.998607190818781
NMC,US06,45.0,2,NMC_45C_US06.csv,4171,53.94594,35to65,1200,0.7306733016204845
NMC,US06,45.0,2,NMC_45C_US06.csv,4171,53.94594,35to65,1800,0.543105876853943
NMC,US06,45.0,2,NMC_45C_US06.csv,4171,53.94594,35to65,2400,0.3139466208419819
NMC,US06,45.0,2,NMC_45C_US06.csv,4296,53.055859999999996,35to65,0,
NMC,US06,45.0,2,NMC_45C_US06.csv,4296,53.055859999999996,35to65,30,
NMC,US06,45.0,2,NMC_45C_US06.csv,4296,53.055859999999996,35to65,60,1.5675072170257565
NMC,US06,45.0,2,NMC_45C_US06.csv,4296,53.055859999999996,35to65,120,1.3154214726257294
NMC,US06,45.0,2,NMC_45C_US06.csv,4296,53.055859999999996,35to65,300,1.1738328118896533
NMC,US06,45.0,2,NMC_45C_US06.csv,4296,53.055859999999996,35to65,600,1.1102731447906464
NMC,US06,45.0,2,NMC_45C_US06.csv,4296,53.055859999999996,35to65,900,1.0049072100524938
NMC,US06,45.0,2,NMC_45C_US06.csv,4296,53.055859999999996,35to65,1200,0.8359672253494281
NMC,US06,45.0,2,NMC_45C_US06.csv,4296,53.055859999999996,35to65,1800,0.6175487912979136
NMC,US06,45.0,2,NMC_45C_US06.csv,4296,53.055859999999996,35to65,2400,0.3845215503540089
NMC,US06,45.0,2,NMC_45C_US06.csv,6583,35.689375,35to65,0,
NMC,US06,45.0,2,NMC_45C_US06.csv,6583,35.689375,35to65,30,
NMC,US06,45.0,2,NMC_45C_US06.csv,6583,35.689375,35to65,60,2.5426411555099477
NMC,US06,45.0,2,NMC_45C_US06.csv,6583,35.689375,35to65,120,2.438489039924626
NMC,US06,45.0,2,NMC_45C_US06.csv,6583,35.689375,35to65,300,2.1424084735794082
NMC,US06,45.0,2,NMC_45C_US06.csv,6583,35.689375,35to65,600,1.3043046497421287
NMC,US06,45.0,2,NMC_45C_US06.csv,6583,35.689375,35to65,900,1.0420265765075705
NMC,US06,45.0,2,NMC_45C_US06.csv,6583,35.689375,35to65,1200,0.6316420468597421
NMC,US06,45.0,2,NMC_45C_US06.csv,6583,35.689375,35to65,1800,0.2932573599586483
NMC,US06,45.0,2,NMC_45C_US06.csv,6583,35.689375,35to65,2400,0.15141642753600948
NMC,US06,45.0,2,NMC_45C_US06.csv,6863,32.87462,le35,0,
NMC,US06,45.0,2,NMC_45C_US06.csv,6863,32.87462,le35,30,
NMC,US06,45.0,2,NMC_45C_US06.csv,6863,32.87462,le35,60,6.165394047500612
NMC,US06,45.0,2,NMC_45C_US06.csv,6863,32.87462,le35,120,5.38955377948761
NMC,US06,45.0,2,NMC_45C_US06.csv,6863,32.87462,le35,300,4.242545263244629
NMC,US06,45.0,2,NMC_45C_US06.csv,6863,32.87462,le35,600,2.9009073356018042
NMC,US06,45.0,2,NMC_45C_US06.csv,6863,32.87462,le35,900,1.9015189769172665
NMC,US06,45.0,2,NMC_45C_US06.csv,6863,32.87462,le35,1200,1.0571377788925176
NMC,US06,45.0,2,NMC_45C_US06.csv,6863,32.87462,le35,1800,0.004319685417176089
NMC,US06,45.0,2,NMC_45C_US06.csv,6863,32.87462,le35,2400,0.14616444224548353
NMC,US06,45.0,2,NMC_45C_US06.csv,8155,22.988310000000002,le35,0,
NMC,US06,45.0,2,NMC_45C_US06.csv,8155,22.988310000000002,le35,30,
NMC,US06,45.0,2,NMC_45C_US06.csv,8155,22.988310000000002,le35,60,5.02351673582077
NMC,US06,45.0,2,NMC_45C_US06.csv,8155,22.988310000000002,le35,120,5.0571697727088925
NMC,US06,45.0,2,NMC_45C_US06.csv,8155,22.988310000000002,le35,300,3.8501221457939145
NMC,US06,45.0,2,NMC_45C_US06.csv,8155,22.988310000000002,le35,600,2.2808017671623233
NMC,US06,45.0,2,NMC_45C_US06.csv,8155,22.988310000000002,le35,900,1.899869627994537
NMC,US06,45.0,2,NMC_45C_US06.csv,8155,22.988310000000002,le35,1200,1.3362268836746214
NMC,US06,45.0,2,NMC_45C_US06.csv,8155,22.988310000000002,le35,1800,0.5458884607944476
NMC,US06,45.0,2,NMC_45C_US06.csv,8155,22.988310000000002,le35,2400,0.16206689828968024
NMC,US06,45.0,2,NMC_45C_US06.csv,8384,21.694194,le35,0,
NMC,US06,45.0,2,NMC_45C_US06.csv,8384,21.694194,le35,30,
NMC,US06,45.0,2,NMC_45C_US06.csv,8384,21.694194,le35,60,5.636005986804964
NMC,US06,45.0,2,NMC_45C_US06.csv,8384,21.694194,le35,120,5.463030770606995
NMC,US06,45.0,2,NMC_45C_US06.csv,8384,21.694194,le35,300,3.8067829052238444
NMC,US06,45.0,2,NMC_45C_US06.csv,8384,21.694194,le35,600,3.0824421326904314
NMC,US06,45.0,2,NMC_45C_US06.csv,8384,21.694194,le35,900,2.1985187988433825
NMC,US06,45.0,2,NMC_45C_US06.csv,8384,21.694194,le35,1200,1.639104288835524
NMC,US06,45.0,2,NMC_45C_US06.csv,8384,21.694194,le35,1800,0.286486725191498
NMC,US06,45.0,2,NMC_45C_US06.csv,8384,21.694194,le35,2400,0.2665136047952652
