analysis_stage,chemistry,feature,head,aux_config,holdout,seed,temperature_C,mae_pct,rmse_pct,source_file
t6_plain_review_defense_c1,LFP,RAW_W200,plain_linear,all_off,DST,0,-10.0,3.364410062806796,4.342418326609378,${SOURCE_WORKSPACE}/DL/CEMA_CARRIER_FAIRNESS_ABLATIONS_20260803/t6_plain_downstream_20260804/c1_baselines/runs/c1_baselines/nmc_goal_vcorr_it_train_dst_selector_results/t6plain_c1_all8_train_all8_test_gru_normal_auxoff_raw_w200_holdoutdst_s012_b2048_e200_by_temperature.csv
t6_plain_review_defense_c1,LFP,RAW_W200,plain_linear,all_off,DST,0,0.0,2.6761228879926544,3.5434602696850277,${SOURCE_WORKSPACE}/DL/CEMA_CARRIER_FAIRNESS_ABLATIONS_20260803/t6_plain_downstream_20260804/c1_baselines/runs/c1_baselines/nmc_goal_vcorr_it_train_dst_selector_results/t6plain_c1_all8_train_all8_test_gru_normal_auxoff_raw_w200_holdoutdst_s012_b2048_e200_by_temperature.csv
t6_plain_review_defense_c1,LFP,RAW_W200,plain_linear,all_off,DST,0,10.0,2.273044003994724,2.9926083799827774,${SOURCE_WORKSPACE}/DL/CEMA_CARRIER_FAIRNESS_ABLATIONS_20260803/t6_plain_downstream_20260804/c1_baselines/runs/c1_baselines/nmc_goal_vcorr_it_train_dst_selector_results/t6plain_c1_all8_train_all8_test_gru_normal_auxoff_raw_w200_holdoutdst_s012_b2048_e200_by_temperature.csv
t6_plain_review_defense_c1,LFP,RAW_W200,plain_linear,all_off,DST,0,20.0,1.6610387410666492,2.1719818496514014,${SOURCE_WORKSPACE}/DL/CEMA_CARRIER_FAIRNESS_ABLATIONS_20260803/t6_plain_downstream_20260804/c1_baselines/runs/c1_baselines/nmc_goal_vcorr_it_train_dst_selector_results/t6plain_c1_all8_train_all8_test_gru_normal_auxoff_raw_w200_holdoutdst_s012_b2048_e200_by_temperature.csv
t6_plain_review_defense_c1,LFP,RAW_W200,plain_linear,all_off,DST,0,25.0,1.719033420460047,2.233592797853348,${SOURCE_WORKSPACE}/DL/CEMA_CARRIER_FAIRNESS_ABLATIONS_20260803/t6_plain_downstream_20260804/c1_baselines/runs/c1_baselines/nmc_goal_vcorr_it_train_dst_selector_results/t6plain_c1_all8_train_all8_test_gru_normal_auxoff_raw_w200_holdoutdst_s012_b2048_e200_by_temperature.csv
t6_plain_review_defense_c1,LFP,RAW_W200,plain_linear,all_off,DST,0,30.0,1.2739662479718832,1.6806346014102798,${SOURCE_WORKSPACE}/DL/CEMA_CARRIER_FAIRNESS_ABLATIONS_20260803/t6_plain_downstream_20260804/c1_baselines/runs/c1_baselines/nmc_goal_vcorr_it_train_dst_selector_results/t6plain_c1_all8_train_all8_test_gru_normal_auxoff_raw_w200_holdoutdst_s012_b2048_e200_by_temperature.csv
t6_plain_review_defense_c1,LFP,RAW_W200,plain_linear,all_off,DST,0,40.0,1.1819111165037084,1.5554859924208175,${SOURCE_WORKSPACE}/DL/CEMA_CARRIER_FAIRNESS_ABLATIONS_20260803/t6_plain_downstream_20260804/c1_baselines/runs/c1_baselines/nmc_goal_vcorr_it_train_dst_selector_results/t6plain_c1_all8_train_all8_test_gru_normal_auxoff_raw_w200_holdoutdst_s012_b2048_e200_by_temperature.csv
t6_plain_review_defense_c1,LFP,RAW_W200,plain_linear,all_off,DST,0,50.0,1.0047182606895957,1.3842938727976202,${SOURCE_WORKSPACE}/DL/CEMA_CARRIER_FAIRNESS_ABLATIONS_20260803/t6_plain_downstream_20260804/c1_baselines/runs/c1_baselines/nmc_goal_vcorr_it_train_dst_selector_results/t6plain_c1_all8_train_all8_test_gru_normal_auxoff_raw_w200_holdoutdst_s012_b2048_e200_by_temperature.csv
t6_plain_review_defense_c1,LFP,RAW_W200,plain_linear,all_off,DST,1,-10.0,3.622987010134356,4.526387637839486,${SOURCE_WORKSPACE}/DL/CEMA_CARRIER_FAIRNESS_ABLATIONS_20260803/t6_plain_downstream_20260804/c1_baselines/runs/c1_baselines/nmc_goal_vcorr_it_train_dst_selector_results/t6plain_c1_all8_train_all8_test_gru_normal_auxoff_raw_w200_holdoutdst_s012_b2048_e200_by_temperature.csv
t6_plain_review_defense_c1,LFP,RAW_W200,plain_linear,all_off,DST,1,0.0,2.4688896637828672,3.525034124146257,${SOURCE_WORKSPACE}/DL/CEMA_CARRIER_FAIRNESS_ABLATIONS_20260803/t6_plain_downstream_20260804/c1_baselines/runs/c1_baselines/nmc_goal_vcorr_it_train_dst_selector_results/t6plain_c1_all8_train_all8_test_gru_normal_auxoff_raw_w200_holdoutdst_s012_b2048_e200_by_temperature.csv
t6_plain_review_defense_c1,LFP,RAW_W200,plain_linear,all_off,DST,1,10.0,1.988983391316508,2.977915427245968,${SOURCE_WORKSPACE}/DL/CEMA_CARRIER_FAIRNESS_ABLATIONS_20260803/t6_plain_downstream_20260804/c1_baselines/runs/c1_baselines/nmc_goal_vcorr_it_train_dst_selector_results/t6plain_c1_all8_train_all8_test_gru_normal_auxoff_raw_w200_holdoutdst_s012_b2048_e200_by_temperature.csv
t6_plain_review_defense_c1,LFP,RAW_W200,plain_linear,all_off,DST,1,20.0,1.776604864511404,2.6375204925561286,${SOURCE_WORKSPACE}/DL/CEMA_CARRIER_FAIRNESS_ABLATIONS_20260803/t6_plain_downstream_20260804/c1_baselines/runs/c1_baselines/nmc_goal_vcorr_it_train_dst_selector_results/t6plain_c1_all8_train_all8_test_gru_normal_auxoff_raw_w200_holdoutdst_s012_b2048_e200_by_temperature.csv
t6_plain_review_defense_c1,LFP,RAW_W200,plain_linear,all_off,DST,1,25.0,1.9146102727548664,2.7844341592437627,${SOURCE_WORKSPACE}/DL/CEMA_CARRIER_FAIRNESS_ABLATIONS_20260803/t6_plain_downstream_20260804/c1_baselines/runs/c1_baselines/nmc_goal_vcorr_it_train_dst_selector_results/t6plain_c1_all8_train_all8_test_gru_normal_auxoff_raw_w200_holdoutdst_s012_b2048_e200_by_temperature.csv
t6_plain_review_defense_c1,LFP,RAW_W200,plain_linear,all_off,DST,1,30.0,1.6063392689142122,2.3589590399450087,${SOURCE_WORKSPACE}/DL/CEMA_CARRIER_FAIRNESS_ABLATIONS_20260803/t6_plain_downstream_20260804/c1_baselines/runs/c1_baselines/nmc_goal_vcorr_it_train_dst_selector_results/t6plain_c1_all8_train_all8_test_gru_normal_auxoff_raw_w200_holdoutdst_s012_b2048_e200_by_temperature.csv
t6_plain_review_defense_c1,LFP,RAW_W200,plain_linear,all_off,DST,1,40.0,1.7051933725751711,2.410568880500616,${SOURCE_WORKSPACE}/DL/CEMA_CARRIER_FAIRNESS_ABLATIONS_20260803/t6_plain_downstream_20260804/c1_baselines/runs/c1_baselines/nmc_goal_vcorr_it_train_dst_selector_results/t6plain_c1_all8_train_all8_test_gru_normal_auxoff_raw_w200_holdoutdst_s012_b2048_e200_by_temperature.csv
t6_plain_review_defense_c1,LFP,RAW_W200,plain_linear,all_off,DST,1,50.0,1.6556935005161737,2.326403887608396,${SOURCE_WORKSPACE}/DL/CEMA_CARRIER_FAIRNESS_ABLATIONS_20260803/t6_plain_downstream_20260804/c1_baselines/runs/c1_baselines/nmc_goal_vcorr_it_train_dst_selector_results/t6plain_c1_all8_train_all8_test_gru_normal_auxoff_raw_w200_holdoutdst_s012_b2048_e200_by_temperature.csv
t6_plain_review_defense_c1,LFP,RAW_W200,plain_linear,all_off,DST,2,-10.0,2.060864878966745,2.802333806495071,${SOURCE_WORKSPACE}/DL/CEMA_CARRIER_FAIRNESS_ABLATIONS_20260803/t6_plain_downstream_20260804/c1_baselines/runs/c1_baselines/nmc_goal_vcorr_it_train_dst_selector_results/t6plain_c1_all8_train_all8_test_gru_normal_auxoff_raw_w200_holdoutdst_s012_b2048_e200_by_temperature.csv
t6_plain_review_defense_c1,LFP,RAW_W200,plain_linear,all_off,DST,2,0.0,1.487888761174366,2.1206577599144234,${SOURCE_WORKSPACE}/DL/CEMA_CARRIER_FAIRNESS_ABLATIONS_20260803/t6_plain_downstream_20260804/c1_baselines/runs/c1_baselines/nmc_goal_vcorr_it_train_dst_selector_results/t6plain_c1_all8_train_all8_test_gru_normal_auxoff_raw_w200_holdoutdst_s012_b2048_e200_by_temperature.csv
t6_plain_review_defense_c1,LFP,RAW_W200,plain_linear,all_off,DST,2,10.0,1.2759309552762592,1.7851174708005209,${SOURCE_WORKSPACE}/DL/CEMA_CARRIER_FAIRNESS_ABLATIONS_20260803/t6_plain_downstream_20260804/c1_baselines/runs/c1_baselines/nmc_goal_vcorr_it_train_dst_selector_results/t6plain_c1_all8_train_all8_test_gru_normal_auxoff_raw_w200_holdoutdst_s012_b2048_e200_by_temperature.csv
t6_plain_review_defense_c1,LFP,RAW_W200,plain_linear,all_off,DST,2,20.0,1.1392355904922828,1.5145168922355976,${SOURCE_WORKSPACE}/DL/CEMA_CARRIER_FAIRNESS_ABLATIONS_20260803/t6_plain_downstream_20260804/c1_baselines/runs/c1_baselines/nmc_goal_vcorr_it_train_dst_selector_results/t6plain_c1_all8_train_all8_test_gru_normal_auxoff_raw_w200_holdoutdst_s012_b2048_e200_by_temperature.csv
t6_plain_review_defense_c1,LFP,RAW_W200,plain_linear,all_off,DST,2,25.0,1.1260892011610797,1.5935590086456033,${SOURCE_WORKSPACE}/DL/CEMA_CARRIER_FAIRNESS_ABLATIONS_20260803/t6_plain_downstream_20260804/c1_baselines/runs/c1_baselines/nmc_goal_vcorr_it_train_dst_selector_results/t6plain_c1_all8_train_all8_test_gru_normal_auxoff_raw_w200_holdoutdst_s012_b2048_e200_by_temperature.csv
t6_plain_review_defense_c1,LFP,RAW_W200,plain_linear,all_off,DST,2,30.0,1.1204634947830134,1.505977621233067,${SOURCE_WORKSPACE}/DL/CEMA_CARRIER_FAIRNESS_ABLATIONS_20260803/t6_plain_downstream_20260804/c1_baselines/runs/c1_baselines/nmc_goal_vcorr_it_train_dst_selector_results/t6plain_c1_all8_train_all8_test_gru_normal_auxoff_raw_w200_holdoutdst_s012_b2048_e200_by_temperature.csv
t6_plain_review_defense_c1,LFP,RAW_W200,plain_linear,all_off,DST,2,40.0,1.090860427684318,1.5012885987882738,${SOURCE_WORKSPACE}/DL/CEMA_CARRIER_FAIRNESS_ABLATIONS_20260803/t6_plain_downstream_20260804/c1_baselines/runs/c1_baselines/nmc_goal_vcorr_it_train_dst_selector_results/t6plain_c1_all8_train_all8_test_gru_normal_auxoff_raw_w200_holdoutdst_s012_b2048_e200_by_temperature.csv
t6_plain_review_defense_c1,LFP,RAW_W200,plain_linear,all_off,DST,2,50.0,0.9969937153216976,1.3485497660854568,${SOURCE_WORKSPACE}/DL/CEMA_CARRIER_FAIRNESS_ABLATIONS_20260803/t6_plain_downstream_20260804/c1_baselines/runs/c1_baselines/nmc_goal_vcorr_it_train_dst_selector_results/t6plain_c1_all8_train_all8_test_gru_normal_auxoff_raw_w200_holdoutdst_s012_b2048_e200_by_temperature.csv
t6_plain_review_defense_c1,LFP,RAW_W200,plain_linear,all_off,FUDS,0,-10.0,3.951205694790929,4.788945794033701,${SOURCE_WORKSPACE}/DL/CEMA_CARRIER_FAIRNESS_ABLATIONS_20260803/t6_plain_downstream_20260804/c1_baselines/runs/c1_baselines/nmc_goal_vcorr_it_train_dst_selector_results/t6plain_c1_all8_train_all8_test_gru_normal_auxoff_raw_w200_holdoutfuds_s012_b2048_e200_by_temperature.csv
t6_plain_review_defense_c1,LFP,RAW_W200,plain_linear,all_off,FUDS,0,0.0,3.013568116913625,3.865640361691932,${SOURCE_WORKSPACE}/DL/CEMA_CARRIER_FAIRNESS_ABLATIONS_20260803/t6_plain_downstream_20260804/c1_baselines/runs/c1_baselines/nmc_goal_vcorr_it_train_dst_selector_results/t6plain_c1_all8_train_all8_test_gru_normal_auxoff_raw_w200_holdoutfuds_s012_b2048_e200_by_temperature.csv
t6_plain_review_defense_c1,LFP,RAW_W200,plain_linear,all_off,FUDS,0,10.0,2.760044124133027,3.531774660972792,${SOURCE_WORKSPACE}/DL/CEMA_CARRIER_FAIRNESS_ABLATIONS_20260803/t6_plain_downstream_20260804/c1_baselines/runs/c1_baselines/nmc_goal_vcorr_it_train_dst_selector_results/t6plain_c1_all8_train_all8_test_gru_normal_auxoff_raw_w200_holdoutfuds_s012_b2048_e200_by_temperature.csv
t6_plain_review_defense_c1,LFP,RAW_W200,plain_linear,all_off,FUDS,0,20.0,2.062495323382124,2.754610605821181,${SOURCE_WORKSPACE}/DL/CEMA_CARRIER_FAIRNESS_ABLATIONS_20260803/t6_plain_downstream_20260804/c1_baselines/runs/c1_baselines/nmc_goal_vcorr_it_train_dst_selector_results/t6plain_c1_all8_train_all8_test_gru_normal_auxoff_raw_w200_holdoutfuds_s012_b2048_e200_by_temperature.csv
t6_plain_review_defense_c1,LFP,RAW_W200,plain_linear,all_off,FUDS,0,25.0,2.022992127047711,2.737410658701495,${SOURCE_WORKSPACE}/DL/CEMA_CARRIER_FAIRNESS_ABLATIONS_20260803/t6_plain_downstream_20260804/c1_baselines/runs/c1_baselines/nmc_goal_vcorr_it_train_dst_selector_results/t6plain_c1_all8_train_all8_test_gru_normal_auxoff_raw_w200_holdoutfuds_s012_b2048_e200_by_temperature.csv
t6_plain_review_defense_c1,LFP,RAW_W200,plain_linear,all_off,FUDS,0,30.0,1.5372669448420906,2.160508671404347,${SOURCE_WORKSPACE}/DL/CEMA_CARRIER_FAIRNESS_ABLATIONS_20260803/t6_plain_downstream_20260804/c1_baselines/runs/c1_baselines/nmc_goal_vcorr_it_train_dst_selector_results/t6plain_c1_all8_train_all8_test_gru_normal_auxoff_raw_w200_holdoutfuds_s012_b2048_e200_by_temperature.csv
t6_plain_review_defense_c1,LFP,RAW_W200,plain_linear,all_off,FUDS,0,40.0,1.2657812188062294,1.8620499593633972,${SOURCE_WORKSPACE}/DL/CEMA_CARRIER_FAIRNESS_ABLATIONS_20260803/t6_plain_downstream_20260804/c1_baselines/runs/c1_baselines/nmc_goal_vcorr_it_train_dst_selector_results/t6plain_c1_all8_train_all8_test_gru_normal_auxoff_raw_w200_holdoutfuds_s012_b2048_e200_by_temperature.csv
t6_plain_review_defense_c1,LFP,RAW_W200,plain_linear,all_off,FUDS,0,50.0,1.0105042705162908,1.5092487464089237,${SOURCE_WORKSPACE}/DL/CEMA_CARRIER_FAIRNESS_ABLATIONS_20260803/t6_plain_downstream_20260804/c1_baselines/runs/c1_baselines/nmc_goal_vcorr_it_train_dst_selector_results/t6plain_c1_all8_train_all8_test_gru_normal_auxoff_raw_w200_holdoutfuds_s012_b2048_e200_by_temperature.csv
t6_plain_review_defense_c1,LFP,RAW_W200,plain_linear,all_off,FUDS,1,-10.0,3.9860262597986473,4.852802947287641,${SOURCE_WORKSPACE}/DL/CEMA_CARRIER_FAIRNESS_ABLATIONS_20260803/t6_plain_downstream_20260804/c1_baselines/runs/c1_baselines/nmc_goal_vcorr_it_train_dst_selector_results/t6plain_c1_all8_train_all8_test_gru_normal_auxoff_raw_w200_holdoutfuds_s012_b2048_e200_by_temperature.csv
t6_plain_review_defense_c1,LFP,RAW_W200,plain_linear,all_off,FUDS,1,0.0,2.956534901350977,3.8365547762467354,${SOURCE_WORKSPACE}/DL/CEMA_CARRIER_FAIRNESS_ABLATIONS_20260803/t6_plain_downstream_20260804/c1_baselines/runs/c1_baselines/nmc_goal_vcorr_it_train_dst_selector_results/t6plain_c1_all8_train_all8_test_gru_normal_auxoff_raw_w200_holdoutfuds_s012_b2048_e200_by_temperature.csv
t6_plain_review_defense_c1,LFP,RAW_W200,plain_linear,all_off,FUDS,1,10.0,2.751144500057036,3.5824810965374163,${SOURCE_WORKSPACE}/DL/CEMA_CARRIER_FAIRNESS_ABLATIONS_20260803/t6_plain_downstream_20260804/c1_baselines/runs/c1_baselines/nmc_goal_vcorr_it_train_dst_selector_results/t6plain_c1_all8_train_all8_test_gru_normal_auxoff_raw_w200_holdoutfuds_s012_b2048_e200_by_temperature.csv
t6_plain_review_defense_c1,LFP,RAW_W200,plain_linear,all_off,FUDS,1,20.0,2.1828309266159844,2.9490558820655104,${SOURCE_WORKSPACE}/DL/CEMA_CARRIER_FAIRNESS_ABLATIONS_20260803/t6_plain_downstream_20260804/c1_baselines/runs/c1_baselines/nmc_goal_vcorr_it_train_dst_selector_results/t6plain_c1_all8_train_all8_test_gru_normal_auxoff_raw_w200_holdoutfuds_s012_b2048_e200_by_temperature.csv
t6_plain_review_defense_c1,LFP,RAW_W200,plain_linear,all_off,FUDS,1,25.0,2.2593420784659224,3.10557861424245,${SOURCE_WORKSPACE}/DL/CEMA_CARRIER_FAIRNESS_ABLATIONS_20260803/t6_plain_downstream_20260804/c1_baselines/runs/c1_baselines/nmc_goal_vcorr_it_train_dst_selector_results/t6plain_c1_all8_train_all8_test_gru_normal_auxoff_raw_w200_holdoutfuds_s012_b2048_e200_by_temperature.csv
t6_plain_review_defense_c1,LFP,RAW_W200,plain_linear,all_off,FUDS,1,30.0,1.7307455726898309,2.4711802327227987,${SOURCE_WORKSPACE}/DL/CEMA_CARRIER_FAIRNESS_ABLATIONS_20260803/t6_plain_downstream_20260804/c1_baselines/runs/c1_baselines/nmc_goal_vcorr_it_train_dst_selector_results/t6plain_c1_all8_train_all8_test_gru_normal_auxoff_raw_w200_holdoutfuds_s012_b2048_e200_by_temperature.csv
t6_plain_review_defense_c1,LFP,RAW_W200,plain_linear,all_off,FUDS,1,40.0,1.4764227959534262,2.1803960678552072,${SOURCE_WORKSPACE}/DL/CEMA_CARRIER_FAIRNESS_ABLATIONS_20260803/t6_plain_downstream_20260804/c1_baselines/runs/c1_baselines/nmc_goal_vcorr_it_train_dst_selector_results/t6plain_c1_all8_train_all8_test_gru_normal_auxoff_raw_w200_holdoutfuds_s012_b2048_e200_by_temperature.csv
t6_plain_review_defense_c1,LFP,RAW_W200,plain_linear,all_off,FUDS,1,50.0,1.1804704744913896,1.8123873017505392,${SOURCE_WORKSPACE}/DL/CEMA_CARRIER_FAIRNESS_ABLATIONS_20260803/t6_plain_downstream_20260804/c1_baselines/runs/c1_baselines/nmc_goal_vcorr_it_train_dst_selector_results/t6plain_c1_all8_train_all8_test_gru_normal_auxoff_raw_w200_holdoutfuds_s012_b2048_e200_by_temperature.csv
t6_plain_review_defense_c1,LFP,RAW_W200,plain_linear,all_off,FUDS,2,-10.0,3.834471077658407,4.6974867249033485,${SOURCE_WORKSPACE}/DL/CEMA_CARRIER_FAIRNESS_ABLATIONS_20260803/t6_plain_downstream_20260804/c1_baselines/runs/c1_baselines/nmc_goal_vcorr_it_train_dst_selector_results/t6plain_c1_all8_train_all8_test_gru_normal_auxoff_raw_w200_holdoutfuds_s012_b2048_e200_by_temperature.csv
t6_plain_review_defense_c1,LFP,RAW_W200,plain_linear,all_off,FUDS,2,0.0,2.903893205582527,3.800835331880739,${SOURCE_WORKSPACE}/DL/CEMA_CARRIER_FAIRNESS_ABLATIONS_20260803/t6_plain_downstream_20260804/c1_baselines/runs/c1_baselines/nmc_goal_vcorr_it_train_dst_selector_results/t6plain_c1_all8_train_all8_test_gru_normal_auxoff_raw_w200_holdoutfuds_s012_b2048_e200_by_temperature.csv
t6_plain_review_defense_c1,LFP,RAW_W200,plain_linear,all_off,FUDS,2,10.0,2.821470057317184,3.610696997413554,${SOURCE_WORKSPACE}/DL/CEMA_CARRIER_FAIRNESS_ABLATIONS_20260803/t6_plain_downstream_20260804/c1_baselines/runs/c1_baselines/nmc_goal_vcorr_it_train_dst_selector_results/t6plain_c1_all8_train_all8_test_gru_normal_auxoff_raw_w200_holdoutfuds_s012_b2048_e200_by_temperature.csv
t6_plain_review_defense_c1,LFP,RAW_W200,plain_linear,all_off,FUDS,2,20.0,2.106645782659853,2.841490854362547,${SOURCE_WORKSPACE}/DL/CEMA_CARRIER_FAIRNESS_ABLATIONS_20260803/t6_plain_downstream_20260804/c1_baselines/runs/c1_baselines/nmc_goal_vcorr_it_train_dst_selector_results/t6plain_c1_all8_train_all8_test_gru_normal_auxoff_raw_w200_holdoutfuds_s012_b2048_e200_by_temperature.csv
t6_plain_review_defense_c1,LFP,RAW_W200,plain_linear,all_off,FUDS,2,25.0,2.219719084406371,2.9668107467649705,${SOURCE_WORKSPACE}/DL/CEMA_CARRIER_FAIRNESS_ABLATIONS_20260803/t6_plain_downstream_20260804/c1_baselines/runs/c1_baselines/nmc_goal_vcorr_it_train_dst_selector_results/t6plain_c1_all8_train_all8_test_gru_normal_auxoff_raw_w200_holdoutfuds_s012_b2048_e200_by_temperature.csv
t6_plain_review_defense_c1,LFP,RAW_W200,plain_linear,all_off,FUDS,2,30.0,1.6016724587671178,2.2847569621712083,${SOURCE_WORKSPACE}/DL/CEMA_CARRIER_FAIRNESS_ABLATIONS_20260803/t6_plain_downstream_20260804/c1_baselines/runs/c1_baselines/nmc_goal_vcorr_it_train_dst_selector_results/t6plain_c1_all8_train_all8_test_gru_normal_auxoff_raw_w200_holdoutfuds_s012_b2048_e200_by_temperature.csv
t6_plain_review_defense_c1,LFP,RAW_W200,plain_linear,all_off,FUDS,2,40.0,1.319319634179724,1.9928089559445707,${SOURCE_WORKSPACE}/DL/CEMA_CARRIER_FAIRNESS_ABLATIONS_20260803/t6_plain_downstream_20260804/c1_baselines/runs/c1_baselines/nmc_goal_vcorr_it_train_dst_selector_results/t6plain_c1_all8_train_all8_test_gru_normal_auxoff_raw_w200_holdoutfuds_s012_b2048_e200_by_temperature.csv
t6_plain_review_defense_c1,LFP,RAW_W200,plain_linear,all_off,FUDS,2,50.0,1.0062993955387107,1.5931046860446656,${SOURCE_WORKSPACE}/DL/CEMA_CARRIER_FAIRNESS_ABLATIONS_20260803/t6_plain_downstream_20260804/c1_baselines/runs/c1_baselines/nmc_goal_vcorr_it_train_dst_selector_results/t6plain_c1_all8_train_all8_test_gru_normal_auxoff_raw_w200_holdoutfuds_s012_b2048_e200_by_temperature.csv
t6_plain_review_defense_c1,LFP,RAW_W200,plain_linear,all_off,US06,0,-10.0,5.315923856195443,5.978654401486634,${SOURCE_WORKSPACE}/DL/CEMA_CARRIER_FAIRNESS_ABLATIONS_20260803/t6_plain_downstream_20260804/c1_baselines/runs/c1_baselines/nmc_goal_vcorr_it_train_dst_selector_results/t6plain_c1_all8_train_all8_test_gru_normal_auxoff_raw_w200_holdoutus06_s012_b2048_e200_by_temperature.csv
t6_plain_review_defense_c1,LFP,RAW_W200,plain_linear,all_off,US06,0,0.0,3.4523688202857348,4.077681651075971,${SOURCE_WORKSPACE}/DL/CEMA_CARRIER_FAIRNESS_ABLATIONS_20260803/t6_plain_downstream_20260804/c1_baselines/runs/c1_baselines/nmc_goal_vcorr_it_train_dst_selector_results/t6plain_c1_all8_train_all8_test_gru_normal_auxoff_raw_w200_holdoutus06_s012_b2048_e200_by_temperature.csv
t6_plain_review_defense_c1,LFP,RAW_W200,plain_linear,all_off,US06,0,10.0,2.9329825846895505,3.6478964580806137,${SOURCE_WORKSPACE}/DL/CEMA_CARRIER_FAIRNESS_ABLATIONS_20260803/t6_plain_downstream_20260804/c1_baselines/runs/c1_baselines/nmc_goal_vcorr_it_train_dst_selector_results/t6plain_c1_all8_train_all8_test_gru_normal_auxoff_raw_w200_holdoutus06_s012_b2048_e200_by_temperature.csv
t6_plain_review_defense_c1,LFP,RAW_W200,plain_linear,all_off,US06,0,20.0,2.525864125792883,3.206452764352097,${SOURCE_WORKSPACE}/DL/CEMA_CARRIER_FAIRNESS_ABLATIONS_20260803/t6_plain_downstream_20260804/c1_baselines/runs/c1_baselines/nmc_goal_vcorr_it_train_dst_selector_results/t6plain_c1_all8_train_all8_test_gru_normal_auxoff_raw_w200_holdoutus06_s012_b2048_e200_by_temperature.csv
t6_plain_review_defense_c1,LFP,RAW_W200,plain_linear,all_off,US06,0,25.0,1.956286588940052,2.690105024083853,${SOURCE_WORKSPACE}/DL/CEMA_CARRIER_FAIRNESS_ABLATIONS_20260803/t6_plain_downstream_20260804/c1_baselines/runs/c1_baselines/nmc_goal_vcorr_it_train_dst_selector_results/t6plain_c1_all8_train_all8_test_gru_normal_auxoff_raw_w200_holdoutus06_s012_b2048_e200_by_temperature.csv
t6_plain_review_defense_c1,LFP,RAW_W200,plain_linear,all_off,US06,0,30.0,1.9450661296023,2.6619590425866178,${SOURCE_WORKSPACE}/DL/CEMA_CARRIER_FAIRNESS_ABLATIONS_20260803/t6_plain_downstream_20260804/c1_baselines/runs/c1_baselines/nmc_goal_vcorr_it_train_dst_selector_results/t6plain_c1_all8_train_all8_test_gru_normal_auxoff_raw_w200_holdoutus06_s012_b2048_e200_by_temperature.csv
t6_plain_review_defense_c1,LFP,RAW_W200,plain_linear,all_off,US06,0,40.0,1.4856923407492146,2.148219678707256,${SOURCE_WORKSPACE}/DL/CEMA_CARRIER_FAIRNESS_ABLATIONS_20260803/t6_plain_downstream_20260804/c1_baselines/runs/c1_baselines/nmc_goal_vcorr_it_train_dst_selector_results/t6plain_c1_all8_train_all8_test_gru_normal_auxoff_raw_w200_holdoutus06_s012_b2048_e200_by_temperature.csv
t6_plain_review_defense_c1,LFP,RAW_W200,plain_linear,all_off,US06,0,50.0,1.2768380324661883,1.8997645212801868,${SOURCE_WORKSPACE}/DL/CEMA_CARRIER_FAIRNESS_ABLATIONS_20260803/t6_plain_downstream_20260804/c1_baselines/runs/c1_baselines/nmc_goal_vcorr_it_train_dst_selector_results/t6plain_c1_all8_train_all8_test_gru_normal_auxoff_raw_w200_holdoutus06_s012_b2048_e200_by_temperature.csv
t6_plain_review_defense_c1,LFP,RAW_W200,plain_linear,all_off,US06,1,-10.0,4.834902517602434,5.604681587783262,${SOURCE_WORKSPACE}/DL/CEMA_CARRIER_FAIRNESS_ABLATIONS_20260803/t6_plain_downstream_20260804/c1_baselines/runs/c1_baselines/nmc_goal_vcorr_it_train_dst_selector_results/t6plain_c1_all8_train_all8_test_gru_normal_auxoff_raw_w200_holdoutus06_s012_b2048_e200_by_temperature.csv
t6_plain_review_defense_c1,LFP,RAW_W200,plain_linear,all_off,US06,1,0.0,3.013356824519993,3.688305613785095,${SOURCE_WORKSPACE}/DL/CEMA_CARRIER_FAIRNESS_ABLATIONS_20260803/t6_plain_downstream_20260804/c1_baselines/runs/c1_baselines/nmc_goal_vcorr_it_train_dst_selector_results/t6plain_c1_all8_train_all8_test_gru_normal_auxoff_raw_w200_holdoutus06_s012_b2048_e200_by_temperature.csv
t6_plain_review_defense_c1,LFP,RAW_W200,plain_linear,all_off,US06,1,10.0,2.434622496479783,3.1934883123746185,${SOURCE_WORKSPACE}/DL/CEMA_CARRIER_FAIRNESS_ABLATIONS_20260803/t6_plain_downstream_20260804/c1_baselines/runs/c1_baselines/nmc_goal_vcorr_it_train_dst_selector_results/t6plain_c1_all8_train_all8_test_gru_normal_auxoff_raw_w200_holdoutus06_s012_b2048_e200_by_temperature.csv
t6_plain_review_defense_c1,LFP,RAW_W200,plain_linear,all_off,US06,1,20.0,1.9991248734834783,2.696915455160878,${SOURCE_WORKSPACE}/DL/CEMA_CARRIER_FAIRNESS_ABLATIONS_20260803/t6_plain_downstream_20260804/c1_baselines/runs/c1_baselines/nmc_goal_vcorr_it_train_dst_selector_results/t6plain_c1_all8_train_all8_test_gru_normal_auxoff_raw_w200_holdoutus06_s012_b2048_e200_by_temperature.csv
t6_plain_review_defense_c1,LFP,RAW_W200,plain_linear,all_off,US06,1,25.0,1.7538976020169492,2.4846005978237304,${SOURCE_WORKSPACE}/DL/CEMA_CARRIER_FAIRNESS_ABLATIONS_20260803/t6_plain_downstream_20260804/c1_baselines/runs/c1_baselines/nmc_goal_vcorr_it_train_dst_selector_results/t6plain_c1_all8_train_all8_test_gru_normal_auxoff_raw_w200_holdoutus06_s012_b2048_e200_by_temperature.csv
t6_plain_review_defense_c1,LFP,RAW_W200,plain_linear,all_off,US06,1,30.0,1.7012983004205389,2.3825587763479272,${SOURCE_WORKSPACE}/DL/CEMA_CARRIER_FAIRNESS_ABLATIONS_20260803/t6_plain_downstream_20260804/c1_baselines/runs/c1_baselines/nmc_goal_vcorr_it_train_dst_selector_results/t6plain_c1_all8_train_all8_test_gru_normal_auxoff_raw_w200_holdoutus06_s012_b2048_e200_by_temperature.csv
t6_plain_review_defense_c1,LFP,RAW_W200,plain_linear,all_off,US06,1,40.0,1.1762067686318494,1.726694432802472,${SOURCE_WORKSPACE}/DL/CEMA_CARRIER_FAIRNESS_ABLATIONS_20260803/t6_plain_downstream_20260804/c1_baselines/runs/c1_baselines/nmc_goal_vcorr_it_train_dst_selector_results/t6plain_c1_all8_train_all8_test_gru_normal_auxoff_raw_w200_holdoutus06_s012_b2048_e200_by_temperature.csv
t6_plain_review_defense_c1,LFP,RAW_W200,plain_linear,all_off,US06,1,50.0,1.0312508867624126,1.5121819914828152,${SOURCE_WORKSPACE}/DL/CEMA_CARRIER_FAIRNESS_ABLATIONS_20260803/t6_plain_downstream_20260804/c1_baselines/runs/c1_baselines/nmc_goal_vcorr_it_train_dst_selector_results/t6plain_c1_all8_train_all8_test_gru_normal_auxoff_raw_w200_holdoutus06_s012_b2048_e200_by_temperature.csv
t6_plain_review_defense_c1,LFP,RAW_W200,plain_linear,all_off,US06,2,-10.0,4.957203611114322,5.763495643489027,${SOURCE_WORKSPACE}/DL/CEMA_CARRIER_FAIRNESS_ABLATIONS_20260803/t6_plain_downstream_20260804/c1_baselines/runs/c1_baselines/nmc_goal_vcorr_it_train_dst_selector_results/t6plain_c1_all8_train_all8_test_gru_normal_auxoff_raw_w200_holdoutus06_s012_b2048_e200_by_temperature.csv
t6_plain_review_defense_c1,LFP,RAW_W200,plain_linear,all_off,US06,2,0.0,3.323860876972467,4.074787545656199,${SOURCE_WORKSPACE}/DL/CEMA_CARRIER_FAIRNESS_ABLATIONS_20260803/t6_plain_downstream_20260804/c1_baselines/runs/c1_baselines/nmc_goal_vcorr_it_train_dst_selector_results/t6plain_c1_all8_train_all8_test_gru_normal_auxoff_raw_w200_holdoutus06_s012_b2048_e200_by_temperature.csv
t6_plain_review_defense_c1,LFP,RAW_W200,plain_linear,all_off,US06,2,10.0,2.984468063649135,3.859201055694177,${SOURCE_WORKSPACE}/DL/CEMA_CARRIER_FAIRNESS_ABLATIONS_20260803/t6_plain_downstream_20260804/c1_baselines/runs/c1_baselines/nmc_goal_vcorr_it_train_dst_selector_results/t6plain_c1_all8_train_all8_test_gru_normal_auxoff_raw_w200_holdoutus06_s012_b2048_e200_by_temperature.csv
t6_plain_review_defense_c1,LFP,RAW_W200,plain_linear,all_off,US06,2,20.0,2.615762600384109,3.4305920806798125,${SOURCE_WORKSPACE}/DL/CEMA_CARRIER_FAIRNESS_ABLATIONS_20260803/t6_plain_downstream_20260804/c1_baselines/runs/c1_baselines/nmc_goal_vcorr_it_train_dst_selector_results/t6plain_c1_all8_train_all8_test_gru_normal_auxoff_raw_w200_holdoutus06_s012_b2048_e200_by_temperature.csv
t6_plain_review_defense_c1,LFP,RAW_W200,plain_linear,all_off,US06,2,25.0,2.0543728911266346,2.952173014796295,${SOURCE_WORKSPACE}/DL/CEMA_CARRIER_FAIRNESS_ABLATIONS_20260803/t6_plain_downstream_20260804/c1_baselines/runs/c1_baselines/nmc_goal_vcorr_it_train_dst_selector_results/t6plain_c1_all8_train_all8_test_gru_normal_auxoff_raw_w200_holdoutus06_s012_b2048_e200_by_temperature.csv
t6_plain_review_defense_c1,LFP,RAW_W200,plain_linear,all_off,US06,2,30.0,1.932935646031335,2.699011287577369,${SOURCE_WORKSPACE}/DL/CEMA_CARRIER_FAIRNESS_ABLATIONS_20260803/t6_plain_downstream_20260804/c1_baselines/runs/c1_baselines/nmc_goal_vcorr_it_train_dst_selector_results/t6plain_c1_all8_train_all8_test_gru_normal_auxoff_raw_w200_holdoutus06_s012_b2048_e200_by_temperature.csv
t6_plain_review_defense_c1,LFP,RAW_W200,plain_linear,all_off,US06,2,40.0,1.355833578144071,2.0313538101071686,${SOURCE_WORKSPACE}/DL/CEMA_CARRIER_FAIRNESS_ABLATIONS_20260803/t6_plain_downstream_20260804/c1_baselines/runs/c1_baselines/nmc_goal_vcorr_it_train_dst_selector_results/t6plain_c1_all8_train_all8_test_gru_normal_auxoff_raw_w200_holdoutus06_s012_b2048_e200_by_temperature.csv
t6_plain_review_defense_c1,LFP,RAW_W200,plain_linear,all_off,US06,2,50.0,1.1628363594870577,1.7586767299277284,${SOURCE_WORKSPACE}/DL/CEMA_CARRIER_FAIRNESS_ABLATIONS_20260803/t6_plain_downstream_20260804/c1_baselines/runs/c1_baselines/nmc_goal_vcorr_it_train_dst_selector_results/t6plain_c1_all8_train_all8_test_gru_normal_auxoff_raw_w200_holdoutus06_s012_b2048_e200_by_temperature.csv
t6_plain_review_defense_c1,LFP,RAW_W800,plain_linear,all_off,DST,0,-10.0,0.7750705731752325,0.9326188244649666,${SOURCE_WORKSPACE}/DL/CEMA_CARRIER_FAIRNESS_ABLATIONS_20260803/t6_plain_downstream_20260804/c1_baselines/runs/c1_baselines/nmc_goal_vcorr_it_train_dst_selector_results/t6plain_c1_all8_train_all8_test_gru_normal_auxoff_raw_w800_holdoutdst_s012_b2048_e200_by_temperature.csv
t6_plain_review_defense_c1,LFP,RAW_W800,plain_linear,all_off,DST,0,0.0,0.6727979752365509,0.8488503334462246,${SOURCE_WORKSPACE}/DL/CEMA_CARRIER_FAIRNESS_ABLATIONS_20260803/t6_plain_downstream_20260804/c1_baselines/runs/c1_baselines/nmc_goal_vcorr_it_train_dst_selector_results/t6plain_c1_all8_train_all8_test_gru_normal_auxoff_raw_w800_holdoutdst_s012_b2048_e200_by_temperature.csv
t6_plain_review_defense_c1,LFP,RAW_W800,plain_linear,all_off,DST,0,10.0,0.7449823842840464,0.9805715267733164,${SOURCE_WORKSPACE}/DL/CEMA_CARRIER_FAIRNESS_ABLATIONS_20260803/t6_plain_downstream_20260804/c1_baselines/runs/c1_baselines/nmc_goal_vcorr_it_train_dst_selector_results/t6plain_c1_all8_train_all8_test_gru_normal_auxoff_raw_w800_holdoutdst_s012_b2048_e200_by_temperature.csv
t6_plain_review_defense_c1,LFP,RAW_W800,plain_linear,all_off,DST,0,20.0,0.6525263795113652,0.8433433170753126,${SOURCE_WORKSPACE}/DL/CEMA_CARRIER_FAIRNESS_ABLATIONS_20260803/t6_plain_downstream_20260804/c1_baselines/runs/c1_baselines/nmc_goal_vcorr_it_train_dst_selector_results/t6plain_c1_all8_train_all8_test_gru_normal_auxoff_raw_w800_holdoutdst_s012_b2048_e200_by_temperature.csv
t6_plain_review_defense_c1,LFP,RAW_W800,plain_linear,all_off,DST,0,25.0,0.8181531455785757,1.0418503971228723,${SOURCE_WORKSPACE}/DL/CEMA_CARRIER_FAIRNESS_ABLATIONS_20260803/t6_plain_downstream_20260804/c1_baselines/runs/c1_baselines/nmc_goal_vcorr_it_train_dst_selector_results/t6plain_c1_all8_train_all8_test_gru_normal_auxoff_raw_w800_holdoutdst_s012_b2048_e200_by_temperature.csv
t6_plain_review_defense_c1,LFP,RAW_W800,plain_linear,all_off,DST,0,30.0,0.5226484570692075,0.6728289926479275,${SOURCE_WORKSPACE}/DL/CEMA_CARRIER_FAIRNESS_ABLATIONS_20260803/t6_plain_downstream_20260804/c1_baselines/runs/c1_baselines/nmc_goal_vcorr_it_train_dst_selector_results/t6plain_c1_all8_train_all8_test_gru_normal_auxoff_raw_w800_holdoutdst_s012_b2048_e200_by_temperature.csv
t6_plain_review_defense_c1,LFP,RAW_W800,plain_linear,all_off,DST,0,40.0,0.8493115450406192,0.9862447895130309,${SOURCE_WORKSPACE}/DL/CEMA_CARRIER_FAIRNESS_ABLATIONS_20260803/t6_plain_downstream_20260804/c1_baselines/runs/c1_baselines/nmc_goal_vcorr_it_train_dst_selector_results/t6plain_c1_all8_train_all8_test_gru_normal_auxoff_raw_w800_holdoutdst_s012_b2048_e200_by_temperature.csv
t6_plain_review_defense_c1,LFP,RAW_W800,plain_linear,all_off,DST,0,50.0,0.9623429226141984,1.1125434786998083,${SOURCE_WORKSPACE}/DL/CEMA_CARRIER_FAIRNESS_ABLATIONS_20260803/t6_plain_downstream_20260804/c1_baselines/runs/c1_baselines/nmc_goal_vcorr_it_train_dst_selector_results/t6plain_c1_all8_train_all8_test_gru_normal_auxoff_raw_w800_holdoutdst_s012_b2048_e200_by_temperature.csv
t6_plain_review_defense_c1,LFP,RAW_W800,plain_linear,all_off,DST,1,-10.0,0.5907976295105457,0.7261782845849476,${SOURCE_WORKSPACE}/DL/CEMA_CARRIER_FAIRNESS_ABLATIONS_20260803/t6_plain_downstream_20260804/c1_baselines/runs/c1_baselines/nmc_goal_vcorr_it_train_dst_selector_results/t6plain_c1_all8_train_all8_test_gru_normal_auxoff_raw_w800_holdoutdst_s012_b2048_e200_by_temperature.csv
t6_plain_review_defense_c1,LFP,RAW_W800,plain_linear,all_off,DST,1,0.0,0.645423011237394,0.8192623414961261,${SOURCE_WORKSPACE}/DL/CEMA_CARRIER_FAIRNESS_ABLATIONS_20260803/t6_plain_downstream_20260804/c1_baselines/runs/c1_baselines/nmc_goal_vcorr_it_train_dst_selector_results/t6plain_c1_all8_train_all8_test_gru_normal_auxoff_raw_w800_holdoutdst_s012_b2048_e200_by_temperature.csv
t6_plain_review_defense_c1,LFP,RAW_W800,plain_linear,all_off,DST,1,10.0,0.6281272371641637,0.8479589461765094,${SOURCE_WORKSPACE}/DL/CEMA_CARRIER_FAIRNESS_ABLATIONS_20260803/t6_plain_downstream_20260804/c1_baselines/runs/c1_baselines/nmc_goal_vcorr_it_train_dst_selector_results/t6plain_c1_all8_train_all8_test_gru_normal_auxoff_raw_w800_holdoutdst_s012_b2048_e200_by_temperature.csv
t6_plain_review_defense_c1,LFP,RAW_W800,plain_linear,all_off,DST,1,20.0,0.4867781278978561,0.6323741483211338,${SOURCE_WORKSPACE}/DL/CEMA_CARRIER_FAIRNESS_ABLATIONS_20260803/t6_plain_downstream_20260804/c1_baselines/runs/c1_baselines/nmc_goal_vcorr_it_train_dst_selector_results/t6plain_c1_all8_train_all8_test_gru_normal_auxoff_raw_w800_holdoutdst_s012_b2048_e200_by_temperature.csv
t6_plain_review_defense_c1,LFP,RAW_W800,plain_linear,all_off,DST,1,25.0,0.5995888999652094,0.7385458083693865,${SOURCE_WORKSPACE}/DL/CEMA_CARRIER_FAIRNESS_ABLATIONS_20260803/t6_plain_downstream_20260804/c1_baselines/runs/c1_baselines/nmc_goal_vcorr_it_train_dst_selector_results/t6plain_c1_all8_train_all8_test_gru_normal_auxoff_raw_w800_holdoutdst_s012_b2048_e200_by_temperature.csv
t6_plain_review_defense_c1,LFP,RAW_W800,plain_linear,all_off,DST,1,30.0,0.3804251365391645,0.4717393934152596,${SOURCE_WORKSPACE}/DL/CEMA_CARRIER_FAIRNESS_ABLATIONS_20260803/t6_plain_downstream_20260804/c1_baselines/runs/c1_baselines/nmc_goal_vcorr_it_train_dst_selector_results/t6plain_c1_all8_train_all8_test_gru_normal_auxoff_raw_w800_holdoutdst_s012_b2048_e200_by_temperature.csv
t6_plain_review_defense_c1,LFP,RAW_W800,plain_linear,all_off,DST,1,40.0,0.7976911352266131,0.8849875980583101,${SOURCE_WORKSPACE}/DL/CEMA_CARRIER_FAIRNESS_ABLATIONS_20260803/t6_plain_downstream_20260804/c1_baselines/runs/c1_baselines/nmc_goal_vcorr_it_train_dst_selector_results/t6plain_c1_all8_train_all8_test_gru_normal_auxoff_raw_w800_holdoutdst_s012_b2048_e200_by_temperature.csv
t6_plain_review_defense_c1,LFP,RAW_W800,plain_linear,all_off,DST,1,50.0,0.986279847473465,1.1238109057987729,${SOURCE_WORKSPACE}/DL/CEMA_CARRIER_FAIRNESS_ABLATIONS_20260803/t6_plain_downstream_20260804/c1_baselines/runs/c1_baselines/nmc_goal_vcorr_it_train_dst_selector_results/t6plain_c1_all8_train_all8_test_gru_normal_auxoff_raw_w800_holdoutdst_s012_b2048_e200_by_temperature.csv
t6_plain_review_defense_c1,LFP,RAW_W800,plain_linear,all_off,DST,2,-10.0,0.8001563434749676,0.9332923903313524,${SOURCE_WORKSPACE}/DL/CEMA_CARRIER_FAIRNESS_ABLATIONS_20260803/t6_plain_downstream_20260804/c1_baselines/runs/c1_baselines/nmc_goal_vcorr_it_train_dst_selector_results/t6plain_c1_all8_train_all8_test_gru_normal_auxoff_raw_w800_holdoutdst_s012_b2048_e200_by_temperature.csv
t6_plain_review_defense_c1,LFP,RAW_W800,plain_linear,all_off,DST,2,0.0,0.8269363532012387,1.0639765734964155,${SOURCE_WORKSPACE}/DL/CEMA_CARRIER_FAIRNESS_ABLATIONS_20260803/t6_plain_downstream_20260804/c1_baselines/runs/c1_baselines/nmc_goal_vcorr_it_train_dst_selector_results/t6plain_c1_all8_train_all8_test_gru_normal_auxoff_raw_w800_holdoutdst_s012_b2048_e200_by_temperature.csv
t6_plain_review_defense_c1,LFP,RAW_W800,plain_linear,all_off,DST,2,10.0,0.5979727709906398,0.75323372327373,${SOURCE_WORKSPACE}/DL/CEMA_CARRIER_FAIRNESS_ABLATIONS_20260803/t6_plain_downstream_20260804/c1_baselines/runs/c1_baselines/nmc_goal_vcorr_it_train_dst_selector_results/t6plain_c1_all8_train_all8_test_gru_normal_auxoff_raw_w800_holdoutdst_s012_b2048_e200_by_temperature.csv
t6_plain_review_defense_c1,LFP,RAW_W800,plain_linear,all_off,DST,2,20.0,0.5449620999973198,0.6699081046510575,${SOURCE_WORKSPACE}/DL/CEMA_CARRIER_FAIRNESS_ABLATIONS_20260803/t6_plain_downstream_20260804/c1_baselines/runs/c1_baselines/nmc_goal_vcorr_it_train_dst_selector_results/t6plain_c1_all8_train_all8_test_gru_normal_auxoff_raw_w800_holdoutdst_s012_b2048_e200_by_temperature.csv
t6_plain_review_defense_c1,LFP,RAW_W800,plain_linear,all_off,DST,2,25.0,0.5351579104008459,0.6446419828641465,${SOURCE_WORKSPACE}/DL/CEMA_CARRIER_FAIRNESS_ABLATIONS_20260803/t6_plain_downstream_20260804/c1_baselines/runs/c1_baselines/nmc_goal_vcorr_it_train_dst_selector_results/t6plain_c1_all8_train_all8_test_gru_normal_auxoff_raw_w800_holdoutdst_s012_b2048_e200_by_temperature.csv
t6_plain_review_defense_c1,LFP,RAW_W800,plain_linear,all_off,DST,2,30.0,0.4515332102937128,0.5733724059631667,${SOURCE_WORKSPACE}/DL/CEMA_CARRIER_FAIRNESS_ABLATIONS_20260803/t6_plain_downstream_20260804/c1_baselines/runs/c1_baselines/nmc_goal_vcorr_it_train_dst_selector_results/t6plain_c1_all8_train_all8_test_gru_normal_auxoff_raw_w800_holdoutdst_s012_b2048_e200_by_temperature.csv
t6_plain_review_defense_c1,LFP,RAW_W800,plain_linear,all_off,DST,2,40.0,0.8379921346243762,0.9494932329668476,${SOURCE_WORKSPACE}/DL/CEMA_CARRIER_FAIRNESS_ABLATIONS_20260803/t6_plain_downstream_20260804/c1_baselines/runs/c1_baselines/nmc_goal_vcorr_it_train_dst_selector_results/t6plain_c1_all8_train_all8_test_gru_normal_auxoff_raw_w800_holdoutdst_s012_b2048_e200_by_temperature.csv
t6_plain_review_defense_c1,LFP,RAW_W800,plain_linear,all_off,DST,2,50.0,0.9932362183716096,1.1419746320447983,${SOURCE_WORKSPACE}/DL/CEMA_CARRIER_FAIRNESS_ABLATIONS_20260803/t6_plain_downstream_20260804/c1_baselines/runs/c1_baselines/nmc_goal_vcorr_it_train_dst_selector_results/t6plain_c1_all8_train_all8_test_gru_normal_auxoff_raw_w800_holdoutdst_s012_b2048_e200_by_temperature.csv
t6_plain_review_defense_c1,LFP,RAW_W800,plain_linear,all_off,FUDS,0,-10.0,2.100478371808329,2.6517679187507404,${SOURCE_WORKSPACE}/DL/CEMA_CARRIER_FAIRNESS_ABLATIONS_20260803/t6_plain_downstream_20260804/c1_baselines/runs/c1_baselines/nmc_goal_vcorr_it_train_dst_selector_results/t6plain_c1_all8_train_all8_test_gru_normal_auxoff_raw_w800_holdoutfuds_s012_b2048_e200_by_temperature.csv
t6_plain_review_defense_c1,LFP,RAW_W800,plain_linear,all_off,FUDS,0,0.0,1.458988297110302,1.920952098013104,${SOURCE_WORKSPACE}/DL/CEMA_CARRIER_FAIRNESS_ABLATIONS_20260803/t6_plain_downstream_20260804/c1_baselines/runs/c1_baselines/nmc_goal_vcorr_it_train_dst_selector_results/t6plain_c1_all8_train_all8_test_gru_normal_auxoff_raw_w800_holdoutfuds_s012_b2048_e200_by_temperature.csv
t6_plain_review_defense_c1,LFP,RAW_W800,plain_linear,all_off,FUDS,0,10.0,1.1322585385565436,1.525532627490805,${SOURCE_WORKSPACE}/DL/CEMA_CARRIER_FAIRNESS_ABLATIONS_20260803/t6_plain_downstream_20260804/c1_baselines/runs/c1_baselines/nmc_goal_vcorr_it_train_dst_selector_results/t6plain_c1_all8_train_all8_test_gru_normal_auxoff_raw_w800_holdoutfuds_s012_b2048_e200_by_temperature.csv
t6_plain_review_defense_c1,LFP,RAW_W800,plain_linear,all_off,FUDS,0,20.0,0.7803111869493876,1.1322217621351982,${SOURCE_WORKSPACE}/DL/CEMA_CARRIER_FAIRNESS_ABLATIONS_20260803/t6_plain_downstream_20260804/c1_baselines/runs/c1_baselines/nmc_goal_vcorr_it_train_dst_selector_results/t6plain_c1_all8_train_all8_test_gru_normal_auxoff_raw_w800_holdoutfuds_s012_b2048_e200_by_temperature.csv
t6_plain_review_defense_c1,LFP,RAW_W800,plain_linear,all_off,FUDS,0,25.0,0.7945696077589102,1.2288977206573908,${SOURCE_WORKSPACE}/DL/CEMA_CARRIER_FAIRNESS_ABLATIONS_20260803/t6_plain_downstream_20260804/c1_baselines/runs/c1_baselines/nmc_goal_vcorr_it_train_dst_selector_results/t6plain_c1_all8_train_all8_test_gru_normal_auxoff_raw_w800_holdoutfuds_s012_b2048_e200_by_temperature.csv
t6_plain_review_defense_c1,LFP,RAW_W800,plain_linear,all_off,FUDS,0,30.0,0.6404923434560238,0.975128920293574,${SOURCE_WORKSPACE}/DL/CEMA_CARRIER_FAIRNESS_ABLATIONS_20260803/t6_plain_downstream_20260804/c1_baselines/runs/c1_baselines/nmc_goal_vcorr_it_train_dst_selector_results/t6plain_c1_all8_train_all8_test_gru_normal_auxoff_raw_w800_holdoutfuds_s012_b2048_e200_by_temperature.csv
t6_plain_review_defense_c1,LFP,RAW_W800,plain_linear,all_off,FUDS,0,40.0,0.5874227749455518,0.913797046252245,${SOURCE_WORKSPACE}/DL/CEMA_CARRIER_FAIRNESS_ABLATIONS_20260803/t6_plain_downstream_20260804/c1_baselines/runs/c1_baselines/nmc_goal_vcorr_it_train_dst_selector_results/t6plain_c1_all8_train_all8_test_gru_normal_auxoff_raw_w800_holdoutfuds_s012_b2048_e200_by_temperature.csv
t6_plain_review_defense_c1,LFP,RAW_W800,plain_linear,all_off,FUDS,0,50.0,0.6610299835988728,0.9350444461406414,${SOURCE_WORKSPACE}/DL/CEMA_CARRIER_FAIRNESS_ABLATIONS_20260803/t6_plain_downstream_20260804/c1_baselines/runs/c1_baselines/nmc_goal_vcorr_it_train_dst_selector_results/t6plain_c1_all8_train_all8_test_gru_normal_auxoff_raw_w800_holdoutfuds_s012_b2048_e200_by_temperature.csv
t6_plain_review_defense_c1,LFP,RAW_W800,plain_linear,all_off,FUDS,1,-10.0,2.1007281166159677,2.67257556847947,${SOURCE_WORKSPACE}/DL/CEMA_CARRIER_FAIRNESS_ABLATIONS_20260803/t6_plain_downstream_20260804/c1_baselines/runs/c1_baselines/nmc_goal_vcorr_it_train_dst_selector_results/t6plain_c1_all8_train_all8_test_gru_normal_auxoff_raw_w800_holdoutfuds_s012_b2048_e200_by_temperature.csv
t6_plain_review_defense_c1,LFP,RAW_W800,plain_linear,all_off,FUDS,1,0.0,1.6346003255437482,2.072086455092208,${SOURCE_WORKSPACE}/DL/CEMA_CARRIER_FAIRNESS_ABLATIONS_20260803/t6_plain_downstream_20260804/c1_baselines/runs/c1_baselines/nmc_goal_vcorr_it_train_dst_selector_results/t6plain_c1_all8_train_all8_test_gru_normal_auxoff_raw_w800_holdoutfuds_s012_b2048_e200_by_temperature.csv
t6_plain_review_defense_c1,LFP,RAW_W800,plain_linear,all_off,FUDS,1,10.0,1.3506783953961563,1.7458004957508113,${SOURCE_WORKSPACE}/DL/CEMA_CARRIER_FAIRNESS_ABLATIONS_20260803/t6_plain_downstream_20260804/c1_baselines/runs/c1_baselines/nmc_goal_vcorr_it_train_dst_selector_results/t6plain_c1_all8_train_all8_test_gru_normal_auxoff_raw_w800_holdoutfuds_s012_b2048_e200_by_temperature.csv
t6_plain_review_defense_c1,LFP,RAW_W800,plain_linear,all_off,FUDS,1,20.0,0.9771344111064412,1.342596700836047,${SOURCE_WORKSPACE}/DL/CEMA_CARRIER_FAIRNESS_ABLATIONS_20260803/t6_plain_downstream_20260804/c1_baselines/runs/c1_baselines/nmc_goal_vcorr_it_train_dst_selector_results/t6plain_c1_all8_train_all8_test_gru_normal_auxoff_raw_w800_holdoutfuds_s012_b2048_e200_by_temperature.csv
t6_plain_review_defense_c1,LFP,RAW_W800,plain_linear,all_off,FUDS,1,25.0,0.8669941860229733,1.260905184568719,${SOURCE_WORKSPACE}/DL/CEMA_CARRIER_FAIRNESS_ABLATIONS_20260803/t6_plain_downstream_20260804/c1_baselines/runs/c1_baselines/nmc_goal_vcorr_it_train_dst_selector_results/t6plain_c1_all8_train_all8_test_gru_normal_auxoff_raw_w800_holdoutfuds_s012_b2048_e200_by_temperature.csv
t6_plain_review_defense_c1,LFP,RAW_W800,plain_linear,all_off,FUDS,1,30.0,0.8975187389675219,1.1413775495058442,${SOURCE_WORKSPACE}/DL/CEMA_CARRIER_FAIRNESS_ABLATIONS_20260803/t6_plain_downstream_20260804/c1_baselines/runs/c1_baselines/nmc_goal_vcorr_it_train_dst_selector_results/t6plain_c1_all8_train_all8_test_gru_normal_auxoff_raw_w800_holdoutfuds_s012_b2048_e200_by_temperature.csv
t6_plain_review_defense_c1,LFP,RAW_W800,plain_linear,all_off,FUDS,1,40.0,0.7024497228977796,0.8608011482204488,${SOURCE_WORKSPACE}/DL/CEMA_CARRIER_FAIRNESS_ABLATIONS_20260803/t6_plain_downstream_20260804/c1_baselines/runs/c1_baselines/nmc_goal_vcorr_it_train_dst_selector_results/t6plain_c1_all8_train_all8_test_gru_normal_auxoff_raw_w800_holdoutfuds_s012_b2048_e200_by_temperature.csv
t6_plain_review_defense_c1,LFP,RAW_W800,plain_linear,all_off,FUDS,1,50.0,0.8152369795174434,0.951425878966153,${SOURCE_WORKSPACE}/DL/CEMA_CARRIER_FAIRNESS_ABLATIONS_20260803/t6_plain_downstream_20260804/c1_baselines/runs/c1_baselines/nmc_goal_vcorr_it_train_dst_selector_results/t6plain_c1_all8_train_all8_test_gru_normal_auxoff_raw_w800_holdoutfuds_s012_b2048_e200_by_temperature.csv
t6_plain_review_defense_c1,LFP,RAW_W800,plain_linear,all_off,FUDS,2,-10.0,2.1297139716182643,2.803042865906622,${SOURCE_WORKSPACE}/DL/CEMA_CARRIER_FAIRNESS_ABLATIONS_20260803/t6_plain_downstream_20260804/c1_baselines/runs/c1_baselines/nmc_goal_vcorr_it_train_dst_selector_results/t6plain_c1_all8_train_all8_test_gru_normal_auxoff_raw_w800_holdoutfuds_s012_b2048_e200_by_temperature.csv
t6_plain_review_defense_c1,LFP,RAW_W800,plain_linear,all_off,FUDS,2,0.0,1.648279843748527,2.139490535106668,${SOURCE_WORKSPACE}/DL/CEMA_CARRIER_FAIRNESS_ABLATIONS_20260803/t6_plain_downstream_20260804/c1_baselines/runs/c1_baselines/nmc_goal_vcorr_it_train_dst_selector_results/t6plain_c1_all8_train_all8_test_gru_normal_auxoff_raw_w800_holdoutfuds_s012_b2048_e200_by_temperature.csv
t6_plain_review_defense_c1,LFP,RAW_W800,plain_linear,all_off,FUDS,2,10.0,1.2869614996687302,1.7029568459885225,${SOURCE_WORKSPACE}/DL/CEMA_CARRIER_FAIRNESS_ABLATIONS_20260803/t6_plain_downstream_20260804/c1_baselines/runs/c1_baselines/nmc_goal_vcorr_it_train_dst_selector_results/t6plain_c1_all8_train_all8_test_gru_normal_auxoff_raw_w800_holdoutfuds_s012_b2048_e200_by_temperature.csv
t6_plain_review_defense_c1,LFP,RAW_W800,plain_linear,all_off,FUDS,2,20.0,0.8993140292692264,1.2449016921868368,${SOURCE_WORKSPACE}/DL/CEMA_CARRIER_FAIRNESS_ABLATIONS_20260803/t6_plain_downstream_20260804/c1_baselines/runs/c1_baselines/nmc_goal_vcorr_it_train_dst_selector_results/t6plain_c1_all8_train_all8_test_gru_normal_auxoff_raw_w800_holdoutfuds_s012_b2048_e200_by_temperature.csv
t6_plain_review_defense_c1,LFP,RAW_W800,plain_linear,all_off,FUDS,2,25.0,0.8294788031532361,1.323777394738195,${SOURCE_WORKSPACE}/DL/CEMA_CARRIER_FAIRNESS_ABLATIONS_20260803/t6_plain_downstream_20260804/c1_baselines/runs/c1_baselines/nmc_goal_vcorr_it_train_dst_selector_results/t6plain_c1_all8_train_all8_test_gru_normal_auxoff_raw_w800_holdoutfuds_s012_b2048_e200_by_temperature.csv
t6_plain_review_defense_c1,LFP,RAW_W800,plain_linear,all_off,FUDS,2,30.0,0.7530568615644521,1.040577194423582,${SOURCE_WORKSPACE}/DL/CEMA_CARRIER_FAIRNESS_ABLATIONS_20260803/t6_plain_downstream_20260804/c1_baselines/runs/c1_baselines/nmc_goal_vcorr_it_train_dst_selector_results/t6plain_c1_all8_train_all8_test_gru_normal_auxoff_raw_w800_holdoutfuds_s012_b2048_e200_by_temperature.csv
t6_plain_review_defense_c1,LFP,RAW_W800,plain_linear,all_off,FUDS,2,40.0,0.7277336773363815,1.0013533757978377,${SOURCE_WORKSPACE}/DL/CEMA_CARRIER_FAIRNESS_ABLATIONS_20260803/t6_plain_downstream_20260804/c1_baselines/runs/c1_baselines/nmc_goal_vcorr_it_train_dst_selector_results/t6plain_c1_all8_train_all8_test_gru_normal_auxoff_raw_w800_holdoutfuds_s012_b2048_e200_by_temperature.csv
t6_plain_review_defense_c1,LFP,RAW_W800,plain_linear,all_off,FUDS,2,50.0,0.7555403398050601,0.9402498652026822,${SOURCE_WORKSPACE}/DL/CEMA_CARRIER_FAIRNESS_ABLATIONS_20260803/t6_plain_downstream_20260804/c1_baselines/runs/c1_baselines/nmc_goal_vcorr_it_train_dst_selector_results/t6plain_c1_all8_train_all8_test_gru_normal_auxoff_raw_w800_holdoutfuds_s012_b2048_e200_by_temperature.csv
t6_plain_review_defense_c1,LFP,RAW_W800,plain_linear,all_off,US06,0,-10.0,4.798100882146392,5.305465714471285,${SOURCE_WORKSPACE}/DL/CEMA_CARRIER_FAIRNESS_ABLATIONS_20260803/t6_plain_downstream_20260804/c1_baselines/runs/c1_baselines/nmc_goal_vcorr_it_train_dst_selector_results/t6plain_c1_all8_train_all8_test_gru_normal_auxoff_raw_w800_holdoutus06_s012_b2048_e200_by_temperature.csv
t6_plain_review_defense_c1,LFP,RAW_W800,plain_linear,all_off,US06,0,0.0,2.849807676653372,3.357742126198927,${SOURCE_WORKSPACE}/DL/CEMA_CARRIER_FAIRNESS_ABLATIONS_20260803/t6_plain_downstream_20260804/c1_baselines/runs/c1_baselines/nmc_goal_vcorr_it_train_dst_selector_results/t6plain_c1_all8_train_all8_test_gru_normal_auxoff_raw_w800_holdoutus06_s012_b2048_e200_by_temperature.csv
t6_plain_review_defense_c1,LFP,RAW_W800,plain_linear,all_off,US06,0,10.0,2.1645811941585,2.6895268765907296,${SOURCE_WORKSPACE}/DL/CEMA_CARRIER_FAIRNESS_ABLATIONS_20260803/t6_plain_downstream_20260804/c1_baselines/runs/c1_baselines/nmc_goal_vcorr_it_train_dst_selector_results/t6plain_c1_all8_train_all8_test_gru_normal_auxoff_raw_w800_holdoutus06_s012_b2048_e200_by_temperature.csv
t6_plain_review_defense_c1,LFP,RAW_W800,plain_linear,all_off,US06,0,20.0,1.8244515756912596,2.383752008673788,${SOURCE_WORKSPACE}/DL/CEMA_CARRIER_FAIRNESS_ABLATIONS_20260803/t6_plain_downstream_20260804/c1_baselines/runs/c1_baselines/nmc_goal_vcorr_it_train_dst_selector_results/t6plain_c1_all8_train_all8_test_gru_normal_auxoff_raw_w800_holdoutus06_s012_b2048_e200_by_temperature.csv
t6_plain_review_defense_c1,LFP,RAW_W800,plain_linear,all_off,US06,0,25.0,1.230665591290416,1.83278380345186,${SOURCE_WORKSPACE}/DL/CEMA_CARRIER_FAIRNESS_ABLATIONS_20260803/t6_plain_downstream_20260804/c1_baselines/runs/c1_baselines/nmc_goal_vcorr_it_train_dst_selector_results/t6plain_c1_all8_train_all8_test_gru_normal_auxoff_raw_w800_holdoutus06_s012_b2048_e200_by_temperature.csv
t6_plain_review_defense_c1,LFP,RAW_W800,plain_linear,all_off,US06,0,30.0,1.3794333593087793,2.0109753094549183,${SOURCE_WORKSPACE}/DL/CEMA_CARRIER_FAIRNESS_ABLATIONS_20260803/t6_plain_downstream_20260804/c1_baselines/runs/c1_baselines/nmc_goal_vcorr_it_train_dst_selector_results/t6plain_c1_all8_train_all8_test_gru_normal_auxoff_raw_w800_holdoutus06_s012_b2048_e200_by_temperature.csv
t6_plain_review_defense_c1,LFP,RAW_W800,plain_linear,all_off,US06,0,40.0,1.0019858790909426,1.4524628880361483,${SOURCE_WORKSPACE}/DL/CEMA_CARRIER_FAIRNESS_ABLATIONS_20260803/t6_plain_downstream_20260804/c1_baselines/runs/c1_baselines/nmc_goal_vcorr_it_train_dst_selector_results/t6plain_c1_all8_train_all8_test_gru_normal_auxoff_raw_w800_holdoutus06_s012_b2048_e200_by_temperature.csv
t6_plain_review_defense_c1,LFP,RAW_W800,plain_linear,all_off,US06,0,50.0,1.0166022937102324,1.5021585453908637,${SOURCE_WORKSPACE}/DL/CEMA_CARRIER_FAIRNESS_ABLATIONS_20260803/t6_plain_downstream_20260804/c1_baselines/runs/c1_baselines/nmc_goal_vcorr_it_train_dst_selector_results/t6plain_c1_all8_train_all8_test_gru_normal_auxoff_raw_w800_holdoutus06_s012_b2048_e200_by_temperature.csv
t6_plain_review_defense_c1,LFP,RAW_W800,plain_linear,all_off,US06,1,-10.0,3.9484660588317455,4.493506236481142,${SOURCE_WORKSPACE}/DL/CEMA_CARRIER_FAIRNESS_ABLATIONS_20260803/t6_plain_downstream_20260804/c1_baselines/runs/c1_baselines/nmc_goal_vcorr_it_train_dst_selector_results/t6plain_c1_all8_train_all8_test_gru_normal_auxoff_raw_w800_holdoutus06_s012_b2048_e200_by_temperature.csv
t6_plain_review_defense_c1,LFP,RAW_W800,plain_linear,all_off,US06,1,0.0,1.9505283764728567,2.428909723598778,${SOURCE_WORKSPACE}/DL/CEMA_CARRIER_FAIRNESS_ABLATIONS_20260803/t6_plain_downstream_20260804/c1_baselines/runs/c1_baselines/nmc_goal_vcorr_it_train_dst_selector_results/t6plain_c1_all8_train_all8_test_gru_normal_auxoff_raw_w800_holdoutus06_s012_b2048_e200_by_temperature.csv
t6_plain_review_defense_c1,LFP,RAW_W800,plain_linear,all_off,US06,1,10.0,1.3861520166318912,1.8615871528422336,${SOURCE_WORKSPACE}/DL/CEMA_CARRIER_FAIRNESS_ABLATIONS_20260803/t6_plain_downstream_20260804/c1_baselines/runs/c1_baselines/nmc_goal_vcorr_it_train_dst_selector_results/t6plain_c1_all8_train_all8_test_gru_normal_auxoff_raw_w800_holdoutus06_s012_b2048_e200_by_temperature.csv
t6_plain_review_defense_c1,LFP,RAW_W800,plain_linear,all_off,US06,1,20.0,0.9839810979505076,1.4422974366430914,${SOURCE_WORKSPACE}/DL/CEMA_CARRIER_FAIRNESS_ABLATIONS_20260803/t6_plain_downstream_20260804/c1_baselines/runs/c1_baselines/nmc_goal_vcorr_it_train_dst_selector_results/t6plain_c1_all8_train_all8_test_gru_normal_auxoff_raw_w800_holdoutus06_s012_b2048_e200_by_temperature.csv
t6_plain_review_defense_c1,LFP,RAW_W800,plain_linear,all_off,US06,1,25.0,0.8215642916223143,1.298388563390322,${SOURCE_WORKSPACE}/DL/CEMA_CARRIER_FAIRNESS_ABLATIONS_20260803/t6_plain_downstream_20260804/c1_baselines/runs/c1_baselines/nmc_goal_vcorr_it_train_dst_selector_results/t6plain_c1_all8_train_all8_test_gru_normal_auxoff_raw_w800_holdoutus06_s012_b2048_e200_by_temperature.csv
t6_plain_review_defense_c1,LFP,RAW_W800,plain_linear,all_off,US06,1,30.0,0.929782241847118,1.462523729302554,${SOURCE_WORKSPACE}/DL/CEMA_CARRIER_FAIRNESS_ABLATIONS_20260803/t6_plain_downstream_20260804/c1_baselines/runs/c1_baselines/nmc_goal_vcorr_it_train_dst_selector_results/t6plain_c1_all8_train_all8_test_gru_normal_auxoff_raw_w800_holdoutus06_s012_b2048_e200_by_temperature.csv
t6_plain_review_defense_c1,LFP,RAW_W800,plain_linear,all_off,US06,1,40.0,0.8706873171530529,1.2228912973789363,${SOURCE_WORKSPACE}/DL/CEMA_CARRIER_FAIRNESS_ABLATIONS_20260803/t6_plain_downstream_20260804/c1_baselines/runs/c1_baselines/nmc_goal_vcorr_it_train_dst_selector_results/t6plain_c1_all8_train_all8_test_gru_normal_auxoff_raw_w800_holdoutus06_s012_b2048_e200_by_temperature.csv
t6_plain_review_defense_c1,LFP,RAW_W800,plain_linear,all_off,US06,1,50.0,0.9840121948602925,1.4701110506309207,${SOURCE_WORKSPACE}/DL/CEMA_CARRIER_FAIRNESS_ABLATIONS_20260803/t6_plain_downstream_20260804/c1_baselines/runs/c1_baselines/nmc_goal_vcorr_it_train_dst_selector_results/t6plain_c1_all8_train_all8_test_gru_normal_auxoff_raw_w800_holdoutus06_s012_b2048_e200_by_temperature.csv
t6_plain_review_defense_c1,LFP,RAW_W800,plain_linear,all_off,US06,2,-10.0,4.63900529515103,5.191124185918758,${SOURCE_WORKSPACE}/DL/CEMA_CARRIER_FAIRNESS_ABLATIONS_20260803/t6_plain_downstream_20260804/c1_baselines/runs/c1_baselines/nmc_goal_vcorr_it_train_dst_selector_results/t6plain_c1_all8_train_all8_test_gru_normal_auxoff_raw_w800_holdoutus06_s012_b2048_e200_by_temperature.csv
t6_plain_review_defense_c1,LFP,RAW_W800,plain_linear,all_off,US06,2,0.0,2.711476938816685,3.2776245499639765,${SOURCE_WORKSPACE}/DL/CEMA_CARRIER_FAIRNESS_ABLATIONS_20260803/t6_plain_downstream_20260804/c1_baselines/runs/c1_baselines/nmc_goal_vcorr_it_train_dst_selector_results/t6plain_c1_all8_train_all8_test_gru_normal_auxoff_raw_w800_holdoutus06_s012_b2048_e200_by_temperature.csv
t6_plain_review_defense_c1,LFP,RAW_W800,plain_linear,all_off,US06,2,10.0,2.29314301790592,2.868429487105675,${SOURCE_WORKSPACE}/DL/CEMA_CARRIER_FAIRNESS_ABLATIONS_20260803/t6_plain_downstream_20260804/c1_baselines/runs/c1_baselines/nmc_goal_vcorr_it_train_dst_selector_results/t6plain_c1_all8_train_all8_test_gru_normal_auxoff_raw_w800_holdoutus06_s012_b2048_e200_by_temperature.csv
t6_plain_review_defense_c1,LFP,RAW_W800,plain_linear,all_off,US06,2,20.0,1.9101173061878096,2.404030377950304,${SOURCE_WORKSPACE}/DL/CEMA_CARRIER_FAIRNESS_ABLATIONS_20260803/t6_plain_downstream_20260804/c1_baselines/runs/c1_baselines/nmc_goal_vcorr_it_train_dst_selector_results/t6plain_c1_all8_train_all8_test_gru_normal_auxoff_raw_w800_holdoutus06_s012_b2048_e200_by_temperature.csv
t6_plain_review_defense_c1,LFP,RAW_W800,plain_linear,all_off,US06,2,25.0,1.3613848610333168,1.916351357426589,${SOURCE_WORKSPACE}/DL/CEMA_CARRIER_FAIRNESS_ABLATIONS_20260803/t6_plain_downstream_20260804/c1_baselines/runs/c1_baselines/nmc_goal_vcorr_it_train_dst_selector_results/t6plain_c1_all8_train_all8_test_gru_normal_auxoff_raw_w800_holdoutus06_s012_b2048_e200_by_temperature.csv
t6_plain_review_defense_c1,LFP,RAW_W800,plain_linear,all_off,US06,2,30.0,1.440698631959405,1.9946568370833868,${SOURCE_WORKSPACE}/DL/CEMA_CARRIER_FAIRNESS_ABLATIONS_20260803/t6_plain_downstream_20260804/c1_baselines/runs/c1_baselines/nmc_goal_vcorr_it_train_dst_selector_results/t6plain_c1_all8_train_all8_test_gru_normal_auxoff_raw_w800_holdoutus06_s012_b2048_e200_by_temperature.csv
t6_plain_review_defense_c1,LFP,RAW_W800,plain_linear,all_off,US06,2,40.0,0.8561512877191493,1.321445219074218,${SOURCE_WORKSPACE}/DL/CEMA_CARRIER_FAIRNESS_ABLATIONS_20260803/t6_plain_downstream_20260804/c1_baselines/runs/c1_baselines/nmc_goal_vcorr_it_train_dst_selector_results/t6plain_c1_all8_train_all8_test_gru_normal_auxoff_raw_w800_holdoutus06_s012_b2048_e200_by_temperature.csv
t6_plain_review_defense_c1,LFP,RAW_W800,plain_linear,all_off,US06,2,50.0,0.7781431158496043,1.2305084308962884,${SOURCE_WORKSPACE}/DL/CEMA_CARRIER_FAIRNESS_ABLATIONS_20260803/t6_plain_downstream_20260804/c1_baselines/runs/c1_baselines/nmc_goal_vcorr_it_train_dst_selector_results/t6plain_c1_all8_train_all8_test_gru_normal_auxoff_raw_w800_holdoutus06_s012_b2048_e200_by_temperature.csv
t6_plain_review_defense_c1,LFP,SMA9,plain_linear,all_off,DST,0,-10.0,1.3994168825340818,2.0780315793333712,${SOURCE_WORKSPACE}/DL/CEMA_CARRIER_FAIRNESS_ABLATIONS_20260803/t6_plain_downstream_20260804/c1_baselines/runs/c1_baselines/nmc_goal_vcorr_it_train_dst_selector_results/t6plain_c1_all8_train_all8_test_gru_normal_auxoff_sma9_holdoutdst_s012_b2048_e200_by_temperature.csv
t6_plain_review_defense_c1,LFP,SMA9,plain_linear,all_off,DST,0,0.0,1.5168752757492605,2.360251536483826,${SOURCE_WORKSPACE}/DL/CEMA_CARRIER_FAIRNESS_ABLATIONS_20260803/t6_plain_downstream_20260804/c1_baselines/runs/c1_baselines/nmc_goal_vcorr_it_train_dst_selector_results/t6plain_c1_all8_train_all8_test_gru_normal_auxoff_sma9_holdoutdst_s012_b2048_e200_by_temperature.csv
t6_plain_review_defense_c1,LFP,SMA9,plain_linear,all_off,DST,0,10.0,1.2571681963229244,2.0848473011617403,${SOURCE_WORKSPACE}/DL/CEMA_CARRIER_FAIRNESS_ABLATIONS_20260803/t6_plain_downstream_20260804/c1_baselines/runs/c1_baselines/nmc_goal_vcorr_it_train_dst_selector_results/t6plain_c1_all8_train_all8_test_gru_normal_auxoff_sma9_holdoutdst_s012_b2048_e200_by_temperature.csv
t6_plain_review_defense_c1,LFP,SMA9,plain_linear,all_off,DST,0,20.0,1.0488887118478107,1.633998960951541,${SOURCE_WORKSPACE}/DL/CEMA_CARRIER_FAIRNESS_ABLATIONS_20260803/t6_plain_downstream_20260804/c1_baselines/runs/c1_baselines/nmc_goal_vcorr_it_train_dst_selector_results/t6plain_c1_all8_train_all8_test_gru_normal_auxoff_sma9_holdoutdst_s012_b2048_e200_by_temperature.csv
t6_plain_review_defense_c1,LFP,SMA9,plain_linear,all_off,DST,0,25.0,0.8428154633106764,1.2908802405492803,${SOURCE_WORKSPACE}/DL/CEMA_CARRIER_FAIRNESS_ABLATIONS_20260803/t6_plain_downstream_20260804/c1_baselines/runs/c1_baselines/nmc_goal_vcorr_it_train_dst_selector_results/t6plain_c1_all8_train_all8_test_gru_normal_auxoff_sma9_holdoutdst_s012_b2048_e200_by_temperature.csv
t6_plain_review_defense_c1,LFP,SMA9,plain_linear,all_off,DST,0,30.0,0.7824984023897144,1.1220752780707677,${SOURCE_WORKSPACE}/DL/CEMA_CARRIER_FAIRNESS_ABLATIONS_20260803/t6_plain_downstream_20260804/c1_baselines/runs/c1_baselines/nmc_goal_vcorr_it_train_dst_selector_results/t6plain_c1_all8_train_all8_test_gru_normal_auxoff_sma9_holdoutdst_s012_b2048_e200_by_temperature.csv
t6_plain_review_defense_c1,LFP,SMA9,plain_linear,all_off,DST,0,40.0,0.6594206636719435,0.8827599495377734,${SOURCE_WORKSPACE}/DL/CEMA_CARRIER_FAIRNESS_ABLATIONS_20260803/t6_plain_downstream_20260804/c1_baselines/runs/c1_baselines/nmc_goal_vcorr_it_train_dst_selector_results/t6plain_c1_all8_train_all8_test_gru_normal_auxoff_sma9_holdoutdst_s012_b2048_e200_by_temperature.csv
t6_plain_review_defense_c1,LFP,SMA9,plain_linear,all_off,DST,0,50.0,0.7048034306241304,0.8899368115608357,${SOURCE_WORKSPACE}/DL/CEMA_CARRIER_FAIRNESS_ABLATIONS_20260803/t6_plain_downstream_20260804/c1_baselines/runs/c1_baselines/nmc_goal_vcorr_it_train_dst_selector_results/t6plain_c1_all8_train_all8_test_gru_normal_auxoff_sma9_holdoutdst_s012_b2048_e200_by_temperature.csv
t6_plain_review_defense_c1,LFP,SMA9,plain_linear,all_off,DST,1,-10.0,1.4602140483109294,2.048860603826207,${SOURCE_WORKSPACE}/DL/CEMA_CARRIER_FAIRNESS_ABLATIONS_20260803/t6_plain_downstream_20260804/c1_baselines/runs/c1_baselines/nmc_goal_vcorr_it_train_dst_selector_results/t6plain_c1_all8_train_all8_test_gru_normal_auxoff_sma9_holdoutdst_s012_b2048_e200_by_temperature.csv
t6_plain_review_defense_c1,LFP,SMA9,plain_linear,all_off,DST,1,0.0,1.4714926226602612,2.3075812646264087,${SOURCE_WORKSPACE}/DL/CEMA_CARRIER_FAIRNESS_ABLATIONS_20260803/t6_plain_downstream_20260804/c1_baselines/runs/c1_baselines/nmc_goal_vcorr_it_train_dst_selector_results/t6plain_c1_all8_train_all8_test_gru_normal_auxoff_sma9_holdoutdst_s012_b2048_e200_by_temperature.csv
t6_plain_review_defense_c1,LFP,SMA9,plain_linear,all_off,DST,1,10.0,1.1935610314077445,1.9483515528796465,${SOURCE_WORKSPACE}/DL/CEMA_CARRIER_FAIRNESS_ABLATIONS_20260803/t6_plain_downstream_20260804/c1_baselines/runs/c1_baselines/nmc_goal_vcorr_it_train_dst_selector_results/t6plain_c1_all8_train_all8_test_gru_normal_auxoff_sma9_holdoutdst_s012_b2048_e200_by_temperature.csv
t6_plain_review_defense_c1,LFP,SMA9,plain_linear,all_off,DST,1,20.0,0.935234765819784,1.5354012212306696,${SOURCE_WORKSPACE}/DL/CEMA_CARRIER_FAIRNESS_ABLATIONS_20260803/t6_plain_downstream_20260804/c1_baselines/runs/c1_baselines/nmc_goal_vcorr_it_train_dst_selector_results/t6plain_c1_all8_train_all8_test_gru_normal_auxoff_sma9_holdoutdst_s012_b2048_e200_by_temperature.csv
t6_plain_review_defense_c1,LFP,SMA9,plain_linear,all_off,DST,1,25.0,0.8779110837168406,1.3164219512357287,${SOURCE_WORKSPACE}/DL/CEMA_CARRIER_FAIRNESS_ABLATIONS_20260803/t6_plain_downstream_20260804/c1_baselines/runs/c1_baselines/nmc_goal_vcorr_it_train_dst_selector_results/t6plain_c1_all8_train_all8_test_gru_normal_auxoff_sma9_holdoutdst_s012_b2048_e200_by_temperature.csv
t6_plain_review_defense_c1,LFP,SMA9,plain_linear,all_off,DST,1,30.0,0.7363691008666777,1.1544418723741452,${SOURCE_WORKSPACE}/DL/CEMA_CARRIER_FAIRNESS_ABLATIONS_20260803/t6_plain_downstream_20260804/c1_baselines/runs/c1_baselines/nmc_goal_vcorr_it_train_dst_selector_results/t6plain_c1_all8_train_all8_test_gru_normal_auxoff_sma9_holdoutdst_s012_b2048_e200_by_temperature.csv
t6_plain_review_defense_c1,LFP,SMA9,plain_linear,all_off,DST,1,40.0,0.7353349716353613,0.9457736535402224,${SOURCE_WORKSPACE}/DL/CEMA_CARRIER_FAIRNESS_ABLATIONS_20260803/t6_plain_downstream_20260804/c1_baselines/runs/c1_baselines/nmc_goal_vcorr_it_train_dst_selector_results/t6plain_c1_all8_train_all8_test_gru_normal_auxoff_sma9_holdoutdst_s012_b2048_e200_by_temperature.csv
t6_plain_review_defense_c1,LFP,SMA9,plain_linear,all_off,DST,1,50.0,0.6602975257891541,0.8282989072088744,${SOURCE_WORKSPACE}/DL/CEMA_CARRIER_FAIRNESS_ABLATIONS_20260803/t6_plain_downstream_20260804/c1_baselines/runs/c1_baselines/nmc_goal_vcorr_it_train_dst_selector_results/t6plain_c1_all8_train_all8_test_gru_normal_auxoff_sma9_holdoutdst_s012_b2048_e200_by_temperature.csv
t6_plain_review_defense_c1,LFP,SMA9,plain_linear,all_off,DST,2,-10.0,1.4433349784260834,1.9836728501835428,${SOURCE_WORKSPACE}/DL/CEMA_CARRIER_FAIRNESS_ABLATIONS_20260803/t6_plain_downstream_20260804/c1_baselines/runs/c1_baselines/nmc_goal_vcorr_it_train_dst_selector_results/t6plain_c1_all8_train_all8_test_gru_normal_auxoff_sma9_holdoutdst_s012_b2048_e200_by_temperature.csv
t6_plain_review_defense_c1,LFP,SMA9,plain_linear,all_off,DST,2,0.0,1.416289908223702,2.08647920266272,${SOURCE_WORKSPACE}/DL/CEMA_CARRIER_FAIRNESS_ABLATIONS_20260803/t6_plain_downstream_20260804/c1_baselines/runs/c1_baselines/nmc_goal_vcorr_it_train_dst_selector_results/t6plain_c1_all8_train_all8_test_gru_normal_auxoff_sma9_holdoutdst_s012_b2048_e200_by_temperature.csv
t6_plain_review_defense_c1,LFP,SMA9,plain_linear,all_off,DST,2,10.0,1.2596229777161825,1.940865566794056,${SOURCE_WORKSPACE}/DL/CEMA_CARRIER_FAIRNESS_ABLATIONS_20260803/t6_plain_downstream_20260804/c1_baselines/runs/c1_baselines/nmc_goal_vcorr_it_train_dst_selector_results/t6plain_c1_all8_train_all8_test_gru_normal_auxoff_sma9_holdoutdst_s012_b2048_e200_by_temperature.csv
t6_plain_review_defense_c1,LFP,SMA9,plain_linear,all_off,DST,2,20.0,1.0301217909256288,1.653505246310908,${SOURCE_WORKSPACE}/DL/CEMA_CARRIER_FAIRNESS_ABLATIONS_20260803/t6_plain_downstream_20260804/c1_baselines/runs/c1_baselines/nmc_goal_vcorr_it_train_dst_selector_results/t6plain_c1_all8_train_all8_test_gru_normal_auxoff_sma9_holdoutdst_s012_b2048_e200_by_temperature.csv
t6_plain_review_defense_c1,LFP,SMA9,plain_linear,all_off,DST,2,25.0,0.8585178163113824,1.4071639025812333,${SOURCE_WORKSPACE}/DL/CEMA_CARRIER_FAIRNESS_ABLATIONS_20260803/t6_plain_downstream_20260804/c1_baselines/runs/c1_baselines/nmc_goal_vcorr_it_train_dst_selector_results/t6plain_c1_all8_train_all8_test_gru_normal_auxoff_sma9_holdoutdst_s012_b2048_e200_by_temperature.csv
t6_plain_review_defense_c1,LFP,SMA9,plain_linear,all_off,DST,2,30.0,0.778840007841337,1.2893983964147635,${SOURCE_WORKSPACE}/DL/CEMA_CARRIER_FAIRNESS_ABLATIONS_20260803/t6_plain_downstream_20260804/c1_baselines/runs/c1_baselines/nmc_goal_vcorr_it_train_dst_selector_results/t6plain_c1_all8_train_all8_test_gru_normal_auxoff_sma9_holdoutdst_s012_b2048_e200_by_temperature.csv
t6_plain_review_defense_c1,LFP,SMA9,plain_linear,all_off,DST,2,40.0,0.72142712583538,1.0011861509098354,${SOURCE_WORKSPACE}/DL/CEMA_CARRIER_FAIRNESS_ABLATIONS_20260803/t6_plain_downstream_20260804/c1_baselines/runs/c1_baselines/nmc_goal_vcorr_it_train_dst_selector_results/t6plain_c1_all8_train_all8_test_gru_normal_auxoff_sma9_holdoutdst_s012_b2048_e200_by_temperature.csv
t6_plain_review_defense_c1,LFP,SMA9,plain_linear,all_off,DST,2,50.0,0.6363649586930279,0.8393827624518047,${SOURCE_WORKSPACE}/DL/CEMA_CARRIER_FAIRNESS_ABLATIONS_20260803/t6_plain_downstream_20260804/c1_baselines/runs/c1_baselines/nmc_goal_vcorr_it_train_dst_selector_results/t6plain_c1_all8_train_all8_test_gru_normal_auxoff_sma9_holdoutdst_s012_b2048_e200_by_temperature.csv
t6_plain_review_defense_c1,LFP,SMA9,plain_linear,all_off,FUDS,0,-10.0,2.4103633281366403,3.2232427485198216,${SOURCE_WORKSPACE}/DL/CEMA_CARRIER_FAIRNESS_ABLATIONS_20260803/t6_plain_downstream_20260804/c1_baselines/runs/c1_baselines/nmc_goal_vcorr_it_train_dst_selector_results/t6plain_c1_all8_train_all8_test_gru_normal_auxoff_sma9_holdoutfuds_s012_b2048_e200_by_temperature.csv
t6_plain_review_defense_c1,LFP,SMA9,plain_linear,all_off,FUDS,0,0.0,1.434713215256285,2.0229124850454783,${SOURCE_WORKSPACE}/DL/CEMA_CARRIER_FAIRNESS_ABLATIONS_20260803/t6_plain_downstream_20260804/c1_baselines/runs/c1_baselines/nmc_goal_vcorr_it_train_dst_selector_results/t6plain_c1_all8_train_all8_test_gru_normal_auxoff_sma9_holdoutfuds_s012_b2048_e200_by_temperature.csv
t6_plain_review_defense_c1,LFP,SMA9,plain_linear,all_off,FUDS,0,10.0,1.3094936879403467,1.825759941172138,${SOURCE_WORKSPACE}/DL/CEMA_CARRIER_FAIRNESS_ABLATIONS_20260803/t6_plain_downstream_20260804/c1_baselines/runs/c1_baselines/nmc_goal_vcorr_it_train_dst_selector_results/t6plain_c1_all8_train_all8_test_gru_normal_auxoff_sma9_holdoutfuds_s012_b2048_e200_by_temperature.csv
t6_plain_review_defense_c1,LFP,SMA9,plain_linear,all_off,FUDS,0,20.0,0.9127120960826034,1.34405026079957,${SOURCE_WORKSPACE}/DL/CEMA_CARRIER_FAIRNESS_ABLATIONS_20260803/t6_plain_downstream_20260804/c1_baselines/runs/c1_baselines/nmc_goal_vcorr_it_train_dst_selector_results/t6plain_c1_all8_train_all8_test_gru_normal_auxoff_sma9_holdoutfuds_s012_b2048_e200_by_temperature.csv
t6_plain_review_defense_c1,LFP,SMA9,plain_linear,all_off,FUDS,0,25.0,0.9335052376152893,1.401651247649264,${SOURCE_WORKSPACE}/DL/CEMA_CARRIER_FAIRNESS_ABLATIONS_20260803/t6_plain_downstream_20260804/c1_baselines/runs/c1_baselines/nmc_goal_vcorr_it_train_dst_selector_results/t6plain_c1_all8_train_all8_test_gru_normal_auxoff_sma9_holdoutfuds_s012_b2048_e200_by_temperature.csv
t6_plain_review_defense_c1,LFP,SMA9,plain_linear,all_off,FUDS,0,30.0,0.77721262294021,1.0742715742671822,${SOURCE_WORKSPACE}/DL/CEMA_CARRIER_FAIRNESS_ABLATIONS_20260803/t6_plain_downstream_20260804/c1_baselines/runs/c1_baselines/nmc_goal_vcorr_it_train_dst_selector_results/t6plain_c1_all8_train_all8_test_gru_normal_auxoff_sma9_holdoutfuds_s012_b2048_e200_by_temperature.csv
t6_plain_review_defense_c1,LFP,SMA9,plain_linear,all_off,FUDS,0,40.0,0.7682982566489976,1.0086456383329216,${SOURCE_WORKSPACE}/DL/CEMA_CARRIER_FAIRNESS_ABLATIONS_20260803/t6_plain_downstream_20260804/c1_baselines/runs/c1_baselines/nmc_goal_vcorr_it_train_dst_selector_results/t6plain_c1_all8_train_all8_test_gru_normal_auxoff_sma9_holdoutfuds_s012_b2048_e200_by_temperature.csv
t6_plain_review_defense_c1,LFP,SMA9,plain_linear,all_off,FUDS,0,50.0,0.7786627731335849,0.9782345203697276,${SOURCE_WORKSPACE}/DL/CEMA_CARRIER_FAIRNESS_ABLATIONS_20260803/t6_plain_downstream_20260804/c1_baselines/runs/c1_baselines/nmc_goal_vcorr_it_train_dst_selector_results/t6plain_c1_all8_train_all8_test_gru_normal_auxoff_sma9_holdoutfuds_s012_b2048_e200_by_temperature.csv
t6_plain_review_defense_c1,LFP,SMA9,plain_linear,all_off,FUDS,1,-10.0,3.0682765850073244,3.9848221787682,${SOURCE_WORKSPACE}/DL/CEMA_CARRIER_FAIRNESS_ABLATIONS_20260803/t6_plain_downstream_20260804/c1_baselines/runs/c1_baselines/nmc_goal_vcorr_it_train_dst_selector_results/t6plain_c1_all8_train_all8_test_gru_normal_auxoff_sma9_holdoutfuds_s012_b2048_e200_by_temperature.csv
t6_plain_review_defense_c1,LFP,SMA9,plain_linear,all_off,FUDS,1,0.0,1.878432821902284,2.5968687081595587,${SOURCE_WORKSPACE}/DL/CEMA_CARRIER_FAIRNESS_ABLATIONS_20260803/t6_plain_downstream_20260804/c1_baselines/runs/c1_baselines/nmc_goal_vcorr_it_train_dst_selector_results/t6plain_c1_all8_train_all8_test_gru_normal_auxoff_sma9_holdoutfuds_s012_b2048_e200_by_temperature.csv
t6_plain_review_defense_c1,LFP,SMA9,plain_linear,all_off,FUDS,1,10.0,1.6784090684054838,2.2732759045358004,${SOURCE_WORKSPACE}/DL/CEMA_CARRIER_FAIRNESS_ABLATIONS_20260803/t6_plain_downstream_20260804/c1_baselines/runs/c1_baselines/nmc_goal_vcorr_it_train_dst_selector_results/t6plain_c1_all8_train_all8_test_gru_normal_auxoff_sma9_holdoutfuds_s012_b2048_e200_by_temperature.csv
t6_plain_review_defense_c1,LFP,SMA9,plain_linear,all_off,FUDS,1,20.0,1.2200271463308652,1.7181439297452632,${SOURCE_WORKSPACE}/DL/CEMA_CARRIER_FAIRNESS_ABLATIONS_20260803/t6_plain_downstream_20260804/c1_baselines/runs/c1_baselines/nmc_goal_vcorr_it_train_dst_selector_results/t6plain_c1_all8_train_all8_test_gru_normal_auxoff_sma9_holdoutfuds_s012_b2048_e200_by_temperature.csv
t6_plain_review_defense_c1,LFP,SMA9,plain_linear,all_off,FUDS,1,25.0,1.287967918121992,1.8065681058469527,${SOURCE_WORKSPACE}/DL/CEMA_CARRIER_FAIRNESS_ABLATIONS_20260803/t6_plain_downstream_20260804/c1_baselines/runs/c1_baselines/nmc_goal_vcorr_it_train_dst_selector_results/t6plain_c1_all8_train_all8_test_gru_normal_auxoff_sma9_holdoutfuds_s012_b2048_e200_by_temperature.csv
t6_plain_review_defense_c1,LFP,SMA9,plain_linear,all_off,FUDS,1,30.0,1.0414056573604529,1.4960833489124212,${SOURCE_WORKSPACE}/DL/CEMA_CARRIER_FAIRNESS_ABLATIONS_20260803/t6_plain_downstream_20260804/c1_baselines/runs/c1_baselines/nmc_goal_vcorr_it_train_dst_selector_results/t6plain_c1_all8_train_all8_test_gru_normal_auxoff_sma9_holdoutfuds_s012_b2048_e200_by_temperature.csv
t6_plain_review_defense_c1,LFP,SMA9,plain_linear,all_off,FUDS,1,40.0,0.9782276110497744,1.3550392299148106,${SOURCE_WORKSPACE}/DL/CEMA_CARRIER_FAIRNESS_ABLATIONS_20260803/t6_plain_downstream_20260804/c1_baselines/runs/c1_baselines/nmc_goal_vcorr_it_train_dst_selector_results/t6plain_c1_all8_train_all8_test_gru_normal_auxoff_sma9_holdoutfuds_s012_b2048_e200_by_temperature.csv
t6_plain_review_defense_c1,LFP,SMA9,plain_linear,all_off,FUDS,1,50.0,0.8842857571051598,1.1535792388766242,${SOURCE_WORKSPACE}/DL/CEMA_CARRIER_FAIRNESS_ABLATIONS_20260803/t6_plain_downstream_20260804/c1_baselines/runs/c1_baselines/nmc_goal_vcorr_it_train_dst_selector_results/t6plain_c1_all8_train_all8_test_gru_normal_auxoff_sma9_holdoutfuds_s012_b2048_e200_by_temperature.csv
t6_plain_review_defense_c1,LFP,SMA9,plain_linear,all_off,FUDS,2,-10.0,2.669193693336442,3.541986945782168,${SOURCE_WORKSPACE}/DL/CEMA_CARRIER_FAIRNESS_ABLATIONS_20260803/t6_plain_downstream_20260804/c1_baselines/runs/c1_baselines/nmc_goal_vcorr_it_train_dst_selector_results/t6plain_c1_all8_train_all8_test_gru_normal_auxoff_sma9_holdoutfuds_s012_b2048_e200_by_temperature.csv
t6_plain_review_defense_c1,LFP,SMA9,plain_linear,all_off,FUDS,2,0.0,1.485836163580375,2.114458961206498,${SOURCE_WORKSPACE}/DL/CEMA_CARRIER_FAIRNESS_ABLATIONS_20260803/t6_plain_downstream_20260804/c1_baselines/runs/c1_baselines/nmc_goal_vcorr_it_train_dst_selector_results/t6plain_c1_all8_train_all8_test_gru_normal_auxoff_sma9_holdoutfuds_s012_b2048_e200_by_temperature.csv
t6_plain_review_defense_c1,LFP,SMA9,plain_linear,all_off,FUDS,2,10.0,1.340324487157772,1.9269309479132488,${SOURCE_WORKSPACE}/DL/CEMA_CARRIER_FAIRNESS_ABLATIONS_20260803/t6_plain_downstream_20260804/c1_baselines/runs/c1_baselines/nmc_goal_vcorr_it_train_dst_selector_results/t6plain_c1_all8_train_all8_test_gru_normal_auxoff_sma9_holdoutfuds_s012_b2048_e200_by_temperature.csv
t6_plain_review_defense_c1,LFP,SMA9,plain_linear,all_off,FUDS,2,20.0,0.9407440232053134,1.4260508770012803,${SOURCE_WORKSPACE}/DL/CEMA_CARRIER_FAIRNESS_ABLATIONS_20260803/t6_plain_downstream_20260804/c1_baselines/runs/c1_baselines/nmc_goal_vcorr_it_train_dst_selector_results/t6plain_c1_all8_train_all8_test_gru_normal_auxoff_sma9_holdoutfuds_s012_b2048_e200_by_temperature.csv
t6_plain_review_defense_c1,LFP,SMA9,plain_linear,all_off,FUDS,2,25.0,0.9822493447284628,1.491459875969173,${SOURCE_WORKSPACE}/DL/CEMA_CARRIER_FAIRNESS_ABLATIONS_20260803/t6_plain_downstream_20260804/c1_baselines/runs/c1_baselines/nmc_goal_vcorr_it_train_dst_selector_results/t6plain_c1_all8_train_all8_test_gru_normal_auxoff_sma9_holdoutfuds_s012_b2048_e200_by_temperature.csv
t6_plain_review_defense_c1,LFP,SMA9,plain_linear,all_off,FUDS,2,30.0,0.796042478808168,1.0956125443563736,${SOURCE_WORKSPACE}/DL/CEMA_CARRIER_FAIRNESS_ABLATIONS_20260803/t6_plain_downstream_20260804/c1_baselines/runs/c1_baselines/nmc_goal_vcorr_it_train_dst_selector_results/t6plain_c1_all8_train_all8_test_gru_normal_auxoff_sma9_holdoutfuds_s012_b2048_e200_by_temperature.csv
t6_plain_review_defense_c1,LFP,SMA9,plain_linear,all_off,FUDS,2,40.0,0.7535995184971462,1.019613239221816,${SOURCE_WORKSPACE}/DL/CEMA_CARRIER_FAIRNESS_ABLATIONS_20260803/t6_plain_downstream_20260804/c1_baselines/runs/c1_baselines/nmc_goal_vcorr_it_train_dst_selector_results/t6plain_c1_all8_train_all8_test_gru_normal_auxoff_sma9_holdoutfuds_s012_b2048_e200_by_temperature.csv
t6_plain_review_defense_c1,LFP,SMA9,plain_linear,all_off,FUDS,2,50.0,0.7574773732983979,0.966694329280195,${SOURCE_WORKSPACE}/DL/CEMA_CARRIER_FAIRNESS_ABLATIONS_20260803/t6_plain_downstream_20260804/c1_baselines/runs/c1_baselines/nmc_goal_vcorr_it_train_dst_selector_results/t6plain_c1_all8_train_all8_test_gru_normal_auxoff_sma9_holdoutfuds_s012_b2048_e200_by_temperature.csv
t6_plain_review_defense_c1,LFP,SMA9,plain_linear,all_off,US06,0,-10.0,3.0880017036070946,3.532993493002769,${SOURCE_WORKSPACE}/DL/CEMA_CARRIER_FAIRNESS_ABLATIONS_20260803/t6_plain_downstream_20260804/c1_baselines/runs/c1_baselines/nmc_goal_vcorr_it_train_dst_selector_results/t6plain_c1_all8_train_all8_test_gru_normal_auxoff_sma9_holdoutus06_s012_b2048_e200_by_temperature.csv
t6_plain_review_defense_c1,LFP,SMA9,plain_linear,all_off,US06,0,0.0,1.613568280574638,1.973603247391168,${SOURCE_WORKSPACE}/DL/CEMA_CARRIER_FAIRNESS_ABLATIONS_20260803/t6_plain_downstream_20260804/c1_baselines/runs/c1_baselines/nmc_goal_vcorr_it_train_dst_selector_results/t6plain_c1_all8_train_all8_test_gru_normal_auxoff_sma9_holdoutus06_s012_b2048_e200_by_temperature.csv
t6_plain_review_defense_c1,LFP,SMA9,plain_linear,all_off,US06,0,10.0,1.2845288666960069,1.6953435603400675,${SOURCE_WORKSPACE}/DL/CEMA_CARRIER_FAIRNESS_ABLATIONS_20260803/t6_plain_downstream_20260804/c1_baselines/runs/c1_baselines/nmc_goal_vcorr_it_train_dst_selector_results/t6plain_c1_all8_train_all8_test_gru_normal_auxoff_sma9_holdoutus06_s012_b2048_e200_by_temperature.csv
t6_plain_review_defense_c1,LFP,SMA9,plain_linear,all_off,US06,0,20.0,1.0734272866479533,1.4507944792084468,${SOURCE_WORKSPACE}/DL/CEMA_CARRIER_FAIRNESS_ABLATIONS_20260803/t6_plain_downstream_20260804/c1_baselines/runs/c1_baselines/nmc_goal_vcorr_it_train_dst_selector_results/t6plain_c1_all8_train_all8_test_gru_normal_auxoff_sma9_holdoutus06_s012_b2048_e200_by_temperature.csv
t6_plain_review_defense_c1,LFP,SMA9,plain_linear,all_off,US06,0,25.0,0.9177456098135732,1.334032861903308,${SOURCE_WORKSPACE}/DL/CEMA_CARRIER_FAIRNESS_ABLATIONS_20260803/t6_plain_downstream_20260804/c1_baselines/runs/c1_baselines/nmc_goal_vcorr_it_train_dst_selector_results/t6plain_c1_all8_train_all8_test_gru_normal_auxoff_sma9_holdoutus06_s012_b2048_e200_by_temperature.csv
t6_plain_review_defense_c1,LFP,SMA9,plain_linear,all_off,US06,0,30.0,0.844123321318136,1.2411913473216156,${SOURCE_WORKSPACE}/DL/CEMA_CARRIER_FAIRNESS_ABLATIONS_20260803/t6_plain_downstream_20260804/c1_baselines/runs/c1_baselines/nmc_goal_vcorr_it_train_dst_selector_results/t6plain_c1_all8_train_all8_test_gru_normal_auxoff_sma9_holdoutus06_s012_b2048_e200_by_temperature.csv
t6_plain_review_defense_c1,LFP,SMA9,plain_linear,all_off,US06,0,40.0,0.6702406285429101,1.0116980724318907,${SOURCE_WORKSPACE}/DL/CEMA_CARRIER_FAIRNESS_ABLATIONS_20260803/t6_plain_downstream_20260804/c1_baselines/runs/c1_baselines/nmc_goal_vcorr_it_train_dst_selector_results/t6plain_c1_all8_train_all8_test_gru_normal_auxoff_sma9_holdoutus06_s012_b2048_e200_by_temperature.csv
t6_plain_review_defense_c1,LFP,SMA9,plain_linear,all_off,US06,0,50.0,0.6080505015677183,0.8941376575583776,${SOURCE_WORKSPACE}/DL/CEMA_CARRIER_FAIRNESS_ABLATIONS_20260803/t6_plain_downstream_20260804/c1_baselines/runs/c1_baselines/nmc_goal_vcorr_it_train_dst_selector_results/t6plain_c1_all8_train_all8_test_gru_normal_auxoff_sma9_holdoutus06_s012_b2048_e200_by_temperature.csv
t6_plain_review_defense_c1,LFP,SMA9,plain_linear,all_off,US06,1,-10.0,3.2668411082688995,3.755641681219122,${SOURCE_WORKSPACE}/DL/CEMA_CARRIER_FAIRNESS_ABLATIONS_20260803/t6_plain_downstream_20260804/c1_baselines/runs/c1_baselines/nmc_goal_vcorr_it_train_dst_selector_results/t6plain_c1_all8_train_all8_test_gru_normal_auxoff_sma9_holdoutus06_s012_b2048_e200_by_temperature.csv
t6_plain_review_defense_c1,LFP,SMA9,plain_linear,all_off,US06,1,0.0,1.6864022881241996,2.1229253867163336,${SOURCE_WORKSPACE}/DL/CEMA_CARRIER_FAIRNESS_ABLATIONS_20260803/t6_plain_downstream_20260804/c1_baselines/runs/c1_baselines/nmc_goal_vcorr_it_train_dst_selector_results/t6plain_c1_all8_train_all8_test_gru_normal_auxoff_sma9_holdoutus06_s012_b2048_e200_by_temperature.csv
t6_plain_review_defense_c1,LFP,SMA9,plain_linear,all_off,US06,1,10.0,1.2663762282701414,1.6855650848783512,${SOURCE_WORKSPACE}/DL/CEMA_CARRIER_FAIRNESS_ABLATIONS_20260803/t6_plain_downstream_20260804/c1_baselines/runs/c1_baselines/nmc_goal_vcorr_it_train_dst_selector_results/t6plain_c1_all8_train_all8_test_gru_normal_auxoff_sma9_holdoutus06_s012_b2048_e200_by_temperature.csv
t6_plain_review_defense_c1,LFP,SMA9,plain_linear,all_off,US06,1,20.0,1.0145786931556862,1.399192376783611,${SOURCE_WORKSPACE}/DL/CEMA_CARRIER_FAIRNESS_ABLATIONS_20260803/t6_plain_downstream_20260804/c1_baselines/runs/c1_baselines/nmc_goal_vcorr_it_train_dst_selector_results/t6plain_c1_all8_train_all8_test_gru_normal_auxoff_sma9_holdoutus06_s012_b2048_e200_by_temperature.csv
t6_plain_review_defense_c1,LFP,SMA9,plain_linear,all_off,US06,1,25.0,0.6630802334010705,1.026630163861573,${SOURCE_WORKSPACE}/DL/CEMA_CARRIER_FAIRNESS_ABLATIONS_20260803/t6_plain_downstream_20260804/c1_baselines/runs/c1_baselines/nmc_goal_vcorr_it_train_dst_selector_results/t6plain_c1_all8_train_all8_test_gru_normal_auxoff_sma9_holdoutus06_s012_b2048_e200_by_temperature.csv
t6_plain_review_defense_c1,LFP,SMA9,plain_linear,all_off,US06,1,30.0,0.8189410181263617,1.25783535297034,${SOURCE_WORKSPACE}/DL/CEMA_CARRIER_FAIRNESS_ABLATIONS_20260803/t6_plain_downstream_20260804/c1_baselines/runs/c1_baselines/nmc_goal_vcorr_it_train_dst_selector_results/t6plain_c1_all8_train_all8_test_gru_normal_auxoff_sma9_holdoutus06_s012_b2048_e200_by_temperature.csv
t6_plain_review_defense_c1,LFP,SMA9,plain_linear,all_off,US06,1,40.0,0.5235804211009633,0.8305366349451152,${SOURCE_WORKSPACE}/DL/CEMA_CARRIER_FAIRNESS_ABLATIONS_20260803/t6_plain_downstream_20260804/c1_baselines/runs/c1_baselines/nmc_goal_vcorr_it_train_dst_selector_results/t6plain_c1_all8_train_all8_test_gru_normal_auxoff_sma9_holdoutus06_s012_b2048_e200_by_temperature.csv
t6_plain_review_defense_c1,LFP,SMA9,plain_linear,all_off,US06,1,50.0,0.4768265473031809,0.7734883856061819,${SOURCE_WORKSPACE}/DL/CEMA_CARRIER_FAIRNESS_ABLATIONS_20260803/t6_plain_downstream_20260804/c1_baselines/runs/c1_baselines/nmc_goal_vcorr_it_train_dst_selector_results/t6plain_c1_all8_train_all8_test_gru_normal_auxoff_sma9_holdoutus06_s012_b2048_e200_by_temperature.csv
t6_plain_review_defense_c1,LFP,SMA9,plain_linear,all_off,US06,2,-10.0,3.182208677302066,3.661949414526008,${SOURCE_WORKSPACE}/DL/CEMA_CARRIER_FAIRNESS_ABLATIONS_20260803/t6_plain_downstream_20260804/c1_baselines/runs/c1_baselines/nmc_goal_vcorr_it_train_dst_selector_results/t6plain_c1_all8_train_all8_test_gru_normal_auxoff_sma9_holdoutus06_s012_b2048_e200_by_temperature.csv
t6_plain_review_defense_c1,LFP,SMA9,plain_linear,all_off,US06,2,0.0,1.6634795005634344,2.017139810495117,${SOURCE_WORKSPACE}/DL/CEMA_CARRIER_FAIRNESS_ABLATIONS_20260803/t6_plain_downstream_20260804/c1_baselines/runs/c1_baselines/nmc_goal_vcorr_it_train_dst_selector_results/t6plain_c1_all8_train_all8_test_gru_normal_auxoff_sma9_holdoutus06_s012_b2048_e200_by_temperature.csv
t6_plain_review_defense_c1,LFP,SMA9,plain_linear,all_off,US06,2,10.0,1.1015458501818916,1.4907381782901907,${SOURCE_WORKSPACE}/DL/CEMA_CARRIER_FAIRNESS_ABLATIONS_20260803/t6_plain_downstream_20260804/c1_baselines/runs/c1_baselines/nmc_goal_vcorr_it_train_dst_selector_results/t6plain_c1_all8_train_all8_test_gru_normal_auxoff_sma9_holdoutus06_s012_b2048_e200_by_temperature.csv
t6_plain_review_defense_c1,LFP,SMA9,plain_linear,all_off,US06,2,20.0,0.9696496927158592,1.3034162654506258,${SOURCE_WORKSPACE}/DL/CEMA_CARRIER_FAIRNESS_ABLATIONS_20260803/t6_plain_downstream_20260804/c1_baselines/runs/c1_baselines/nmc_goal_vcorr_it_train_dst_selector_results/t6plain_c1_all8_train_all8_test_gru_normal_auxoff_sma9_holdoutus06_s012_b2048_e200_by_temperature.csv
t6_plain_review_defense_c1,LFP,SMA9,plain_linear,all_off,US06,2,25.0,0.6592781887485171,0.9890745465431736,${SOURCE_WORKSPACE}/DL/CEMA_CARRIER_FAIRNESS_ABLATIONS_20260803/t6_plain_downstream_20260804/c1_baselines/runs/c1_baselines/nmc_goal_vcorr_it_train_dst_selector_results/t6plain_c1_all8_train_all8_test_gru_normal_auxoff_sma9_holdoutus06_s012_b2048_e200_by_temperature.csv
t6_plain_review_defense_c1,LFP,SMA9,plain_linear,all_off,US06,2,30.0,0.7714660805831551,1.1595456489676026,${SOURCE_WORKSPACE}/DL/CEMA_CARRIER_FAIRNESS_ABLATIONS_20260803/t6_plain_downstream_20260804/c1_baselines/runs/c1_baselines/nmc_goal_vcorr_it_train_dst_selector_results/t6plain_c1_all8_train_all8_test_gru_normal_auxoff_sma9_holdoutus06_s012_b2048_e200_by_temperature.csv
t6_plain_review_defense_c1,LFP,SMA9,plain_linear,all_off,US06,2,40.0,0.5686740853401705,0.8650974745018297,${SOURCE_WORKSPACE}/DL/CEMA_CARRIER_FAIRNESS_ABLATIONS_20260803/t6_plain_downstream_20260804/c1_baselines/runs/c1_baselines/nmc_goal_vcorr_it_train_dst_selector_results/t6plain_c1_all8_train_all8_test_gru_normal_auxoff_sma9_holdoutus06_s012_b2048_e200_by_temperature.csv
t6_plain_review_defense_c1,LFP,SMA9,plain_linear,all_off,US06,2,50.0,0.511602909126732,0.799230784820146,${SOURCE_WORKSPACE}/DL/CEMA_CARRIER_FAIRNESS_ABLATIONS_20260803/t6_plain_downstream_20260804/c1_baselines/runs/c1_baselines/nmc_goal_vcorr_it_train_dst_selector_results/t6plain_c1_all8_train_all8_test_gru_normal_auxoff_sma9_holdoutus06_s012_b2048_e200_by_temperature.csv
t6_plain_review_defense_c1,LFP,T6_plain,plain_linear,all_off,DST,0,-10.0,0.8674451068342587,1.110100080184159,${SOURCE_WORKSPACE}/DL/CEMA_CARRIER_FAIRNESS_ABLATIONS_20260803/normalhead_auxoff/runs/lfp/nmc_goal_vcorr_it_train_dst_selector_results/normalauxoff_lfp_gru_normal_t6_holdoutdst_s0123456789_b2048_e200_by_temperature.csv
t6_plain_review_defense_c1,LFP,T6_plain,plain_linear,all_off,DST,0,0.0,0.5738560075149456,0.7160623023032413,${SOURCE_WORKSPACE}/DL/CEMA_CARRIER_FAIRNESS_ABLATIONS_20260803/normalhead_auxoff/runs/lfp/nmc_goal_vcorr_it_train_dst_selector_results/normalauxoff_lfp_gru_normal_t6_holdoutdst_s0123456789_b2048_e200_by_temperature.csv
t6_plain_review_defense_c1,LFP,T6_plain,plain_linear,all_off,DST,0,10.0,0.4261468140435683,0.5403985344648138,${SOURCE_WORKSPACE}/DL/CEMA_CARRIER_FAIRNESS_ABLATIONS_20260803/normalhead_auxoff/runs/lfp/nmc_goal_vcorr_it_train_dst_selector_results/normalauxoff_lfp_gru_normal_t6_holdoutdst_s0123456789_b2048_e200_by_temperature.csv
t6_plain_review_defense_c1,LFP,T6_plain,plain_linear,all_off,DST,0,20.0,0.3765257324500619,0.5056364303630048,${SOURCE_WORKSPACE}/DL/CEMA_CARRIER_FAIRNESS_ABLATIONS_20260803/normalhead_auxoff/runs/lfp/nmc_goal_vcorr_it_train_dst_selector_results/normalauxoff_lfp_gru_normal_t6_holdoutdst_s0123456789_b2048_e200_by_temperature.csv
t6_plain_review_defense_c1,LFP,T6_plain,plain_linear,all_off,DST,0,25.0,0.3182328191997738,0.4336831386604701,${SOURCE_WORKSPACE}/DL/CEMA_CARRIER_FAIRNESS_ABLATIONS_20260803/normalhead_auxoff/runs/lfp/nmc_goal_vcorr_it_train_dst_selector_results/normalauxoff_lfp_gru_normal_t6_holdoutdst_s0123456789_b2048_e200_by_temperature.csv
t6_plain_review_defense_c1,LFP,T6_plain,plain_linear,all_off,DST,0,30.0,0.371307933819244,0.4884048571781536,${SOURCE_WORKSPACE}/DL/CEMA_CARRIER_FAIRNESS_ABLATIONS_20260803/normalhead_auxoff/runs/lfp/nmc_goal_vcorr_it_train_dst_selector_results/normalauxoff_lfp_gru_normal_t6_holdoutdst_s0123456789_b2048_e200_by_temperature.csv
t6_plain_review_defense_c1,LFP,T6_plain,plain_linear,all_off,DST,0,40.0,0.4650138504878723,0.582311654197885,${SOURCE_WORKSPACE}/DL/CEMA_CARRIER_FAIRNESS_ABLATIONS_20260803/normalhead_auxoff/runs/lfp/nmc_goal_vcorr_it_train_dst_selector_results/normalauxoff_lfp_gru_normal_t6_holdoutdst_s0123456789_b2048_e200_by_temperature.csv
t6_plain_review_defense_c1,LFP,T6_plain,plain_linear,all_off,DST,0,50.0,0.4877703517816072,0.6146532766357498,${SOURCE_WORKSPACE}/DL/CEMA_CARRIER_FAIRNESS_ABLATIONS_20260803/normalhead_auxoff/runs/lfp/nmc_goal_vcorr_it_train_dst_selector_results/normalauxoff_lfp_gru_normal_t6_holdoutdst_s0123456789_b2048_e200_by_temperature.csv
t6_plain_review_defense_c1,LFP,T6_plain,plain_linear,all_off,DST,1,-10.0,0.8432175345725977,1.158844129519054,${SOURCE_WORKSPACE}/DL/CEMA_CARRIER_FAIRNESS_ABLATIONS_20260803/normalhead_auxoff/runs/lfp/nmc_goal_vcorr_it_train_dst_selector_results/normalauxoff_lfp_gru_normal_t6_holdoutdst_s0123456789_b2048_e200_by_temperature.csv
t6_plain_review_defense_c1,LFP,T6_plain,plain_linear,all_off,DST,1,0.0,0.558349275281629,0.8009594877728397,${SOURCE_WORKSPACE}/DL/CEMA_CARRIER_FAIRNESS_ABLATIONS_20260803/normalhead_auxoff/runs/lfp/nmc_goal_vcorr_it_train_dst_selector_results/normalauxoff_lfp_gru_normal_t6_holdoutdst_s0123456789_b2048_e200_by_temperature.csv
t6_plain_review_defense_c1,LFP,T6_plain,plain_linear,all_off,DST,1,10.0,0.4590801622328082,0.661501761206441,${SOURCE_WORKSPACE}/DL/CEMA_CARRIER_FAIRNESS_ABLATIONS_20260803/normalhead_auxoff/runs/lfp/nmc_goal_vcorr_it_train_dst_selector_results/normalauxoff_lfp_gru_normal_t6_holdoutdst_s0123456789_b2048_e200_by_temperature.csv
t6_plain_review_defense_c1,LFP,T6_plain,plain_linear,all_off,DST,1,20.0,0.4300340135004817,0.5575234974454742,${SOURCE_WORKSPACE}/DL/CEMA_CARRIER_FAIRNESS_ABLATIONS_20260803/normalhead_auxoff/runs/lfp/nmc_goal_vcorr_it_train_dst_selector_results/normalauxoff_lfp_gru_normal_t6_holdoutdst_s0123456789_b2048_e200_by_temperature.csv
t6_plain_review_defense_c1,LFP,T6_plain,plain_linear,all_off,DST,1,25.0,0.4141202991265126,0.5216813160007131,${SOURCE_WORKSPACE}/DL/CEMA_CARRIER_FAIRNESS_ABLATIONS_20260803/normalhead_auxoff/runs/lfp/nmc_goal_vcorr_it_train_dst_selector_results/normalauxoff_lfp_gru_normal_t6_holdoutdst_s0123456789_b2048_e200_by_temperature.csv
t6_plain_review_defense_c1,LFP,T6_plain,plain_linear,all_off,DST,1,30.0,0.4977270644276572,0.5907533109343187,${SOURCE_WORKSPACE}/DL/CEMA_CARRIER_FAIRNESS_ABLATIONS_20260803/normalhead_auxoff/runs/lfp/nmc_goal_vcorr_it_train_dst_selector_results/normalauxoff_lfp_gru_normal_t6_holdoutdst_s0123456789_b2048_e200_by_temperature.csv
t6_plain_review_defense_c1,LFP,T6_plain,plain_linear,all_off,DST,1,40.0,0.562302328467901,0.6544258733326427,${SOURCE_WORKSPACE}/DL/CEMA_CARRIER_FAIRNESS_ABLATIONS_20260803/normalhead_auxoff/runs/lfp/nmc_goal_vcorr_it_train_dst_selector_results/normalauxoff_lfp_gru_normal_t6_holdoutdst_s0123456789_b2048_e200_by_temperature.csv
t6_plain_review_defense_c1,LFP,T6_plain,plain_linear,all_off,DST,1,50.0,0.6190198696069595,0.7199413353494095,${SOURCE_WORKSPACE}/DL/CEMA_CARRIER_FAIRNESS_ABLATIONS_20260803/normalhead_auxoff/runs/lfp/nmc_goal_vcorr_it_train_dst_selector_results/normalauxoff_lfp_gru_normal_t6_holdoutdst_s0123456789_b2048_e200_by_temperature.csv
t6_plain_review_defense_c1,LFP,T6_plain,plain_linear,all_off,DST,2,-10.0,0.7923602238083978,0.9967293715134335,${SOURCE_WORKSPACE}/DL/CEMA_CARRIER_FAIRNESS_ABLATIONS_20260803/normalhead_auxoff/runs/lfp/nmc_goal_vcorr_it_train_dst_selector_results/normalauxoff_lfp_gru_normal_t6_holdoutdst_s0123456789_b2048_e200_by_temperature.csv
t6_plain_review_defense_c1,LFP,T6_plain,plain_linear,all_off,DST,2,0.0,0.5314466424689552,0.6579090658615232,${SOURCE_WORKSPACE}/DL/CEMA_CARRIER_FAIRNESS_ABLATIONS_20260803/normalhead_auxoff/runs/lfp/nmc_goal_vcorr_it_train_dst_selector_results/normalauxoff_lfp_gru_normal_t6_holdoutdst_s0123456789_b2048_e200_by_temperature.csv
t6_plain_review_defense_c1,LFP,T6_plain,plain_linear,all_off,DST,2,10.0,0.400702217669291,0.5117318540849333,${SOURCE_WORKSPACE}/DL/CEMA_CARRIER_FAIRNESS_ABLATIONS_20260803/normalhead_auxoff/runs/lfp/nmc_goal_vcorr_it_train_dst_selector_results/normalauxoff_lfp_gru_normal_t6_holdoutdst_s0123456789_b2048_e200_by_temperature.csv
t6_plain_review_defense_c1,LFP,T6_plain,plain_linear,all_off,DST,2,20.0,0.3224268214644102,0.4420169906279211,${SOURCE_WORKSPACE}/DL/CEMA_CARRIER_FAIRNESS_ABLATIONS_20260803/normalhead_auxoff/runs/lfp/nmc_goal_vcorr_it_train_dst_selector_results/normalauxoff_lfp_gru_normal_t6_holdoutdst_s0123456789_b2048_e200_by_temperature.csv
t6_plain_review_defense_c1,LFP,T6_plain,plain_linear,all_off,DST,2,25.0,0.2992437802502522,0.4249310909249508,${SOURCE_WORKSPACE}/DL/CEMA_CARRIER_FAIRNESS_ABLATIONS_20260803/normalhead_auxoff/runs/lfp/nmc_goal_vcorr_it_train_dst_selector_results/normalauxoff_lfp_gru_normal_t6_holdoutdst_s0123456789_b2048_e200_by_temperature.csv
t6_plain_review_defense_c1,LFP,T6_plain,plain_linear,all_off,DST,2,30.0,0.2985414802552302,0.4050320271850945,${SOURCE_WORKSPACE}/DL/CEMA_CARRIER_FAIRNESS_ABLATIONS_20260803/normalhead_auxoff/runs/lfp/nmc_goal_vcorr_it_train_dst_selector_results/normalauxoff_lfp_gru_normal_t6_holdoutdst_s0123456789_b2048_e200_by_temperature.csv
t6_plain_review_defense_c1,LFP,T6_plain,plain_linear,all_off,DST,2,40.0,0.4166782152109635,0.5165003655419894,${SOURCE_WORKSPACE}/DL/CEMA_CARRIER_FAIRNESS_ABLATIONS_20260803/normalhead_auxoff/runs/lfp/nmc_goal_vcorr_it_train_dst_selector_results/normalauxoff_lfp_gru_normal_t6_holdoutdst_s0123456789_b2048_e200_by_temperature.csv
t6_plain_review_defense_c1,LFP,T6_plain,plain_linear,all_off,DST,2,50.0,0.4775140676157585,0.574612841250781,${SOURCE_WORKSPACE}/DL/CEMA_CARRIER_FAIRNESS_ABLATIONS_20260803/normalhead_auxoff/runs/lfp/nmc_goal_vcorr_it_train_dst_selector_results/normalauxoff_lfp_gru_normal_t6_holdoutdst_s0123456789_b2048_e200_by_temperature.csv
t6_plain_review_defense_c1,LFP,T6_plain,plain_linear,all_off,FUDS,0,-10.0,1.677221404426655,2.0584657282205674,${SOURCE_WORKSPACE}/DL/CEMA_CARRIER_FAIRNESS_ABLATIONS_20260803/normalhead_auxoff/runs/lfp/nmc_goal_vcorr_it_train_dst_selector_results/normalauxoff_lfp_gru_normal_t6_holdoutfuds_s0123456789_b2048_e200_by_temperature.csv
t6_plain_review_defense_c1,LFP,T6_plain,plain_linear,all_off,FUDS,0,0.0,0.8422870047213957,1.0921816637730442,${SOURCE_WORKSPACE}/DL/CEMA_CARRIER_FAIRNESS_ABLATIONS_20260803/normalhead_auxoff/runs/lfp/nmc_goal_vcorr_it_train_dst_selector_results/normalauxoff_lfp_gru_normal_t6_holdoutfuds_s0123456789_b2048_e200_by_temperature.csv
t6_plain_review_defense_c1,LFP,T6_plain,plain_linear,all_off,FUDS,0,10.0,0.6578626090721975,0.8445438852060927,${SOURCE_WORKSPACE}/DL/CEMA_CARRIER_FAIRNESS_ABLATIONS_20260803/normalhead_auxoff/runs/lfp/nmc_goal_vcorr_it_train_dst_selector_results/normalauxoff_lfp_gru_normal_t6_holdoutfuds_s0123456789_b2048_e200_by_temperature.csv
t6_plain_review_defense_c1,LFP,T6_plain,plain_linear,all_off,FUDS,0,20.0,0.4885027418137912,0.6330712434048796,${SOURCE_WORKSPACE}/DL/CEMA_CARRIER_FAIRNESS_ABLATIONS_20260803/normalhead_auxoff/runs/lfp/nmc_goal_vcorr_it_train_dst_selector_results/normalauxoff_lfp_gru_normal_t6_holdoutfuds_s0123456789_b2048_e200_by_temperature.csv
t6_plain_review_defense_c1,LFP,T6_plain,plain_linear,all_off,FUDS,0,25.0,0.4917588273667905,0.6380096595543349,${SOURCE_WORKSPACE}/DL/CEMA_CARRIER_FAIRNESS_ABLATIONS_20260803/normalhead_auxoff/runs/lfp/nmc_goal_vcorr_it_train_dst_selector_results/normalauxoff_lfp_gru_normal_t6_holdoutfuds_s0123456789_b2048_e200_by_temperature.csv
t6_plain_review_defense_c1,LFP,T6_plain,plain_linear,all_off,FUDS,0,30.0,0.5067357762981238,0.6498743627974457,${SOURCE_WORKSPACE}/DL/CEMA_CARRIER_FAIRNESS_ABLATIONS_20260803/normalhead_auxoff/runs/lfp/nmc_goal_vcorr_it_train_dst_selector_results/normalauxoff_lfp_gru_normal_t6_holdoutfuds_s0123456789_b2048_e200_by_temperature.csv
t6_plain_review_defense_c1,LFP,T6_plain,plain_linear,all_off,FUDS,0,40.0,0.5663075790982874,0.7185493802912415,${SOURCE_WORKSPACE}/DL/CEMA_CARRIER_FAIRNESS_ABLATIONS_20260803/normalhead_auxoff/runs/lfp/nmc_goal_vcorr_it_train_dst_selector_results/normalauxoff_lfp_gru_normal_t6_holdoutfuds_s0123456789_b2048_e200_by_temperature.csv
t6_plain_review_defense_c1,LFP,T6_plain,plain_linear,all_off,FUDS,0,50.0,0.69982574778681,0.8895297825710722,${SOURCE_WORKSPACE}/DL/CEMA_CARRIER_FAIRNESS_ABLATIONS_20260803/normalhead_auxoff/runs/lfp/nmc_goal_vcorr_it_train_dst_selector_results/normalauxoff_lfp_gru_normal_t6_holdoutfuds_s0123456789_b2048_e200_by_temperature.csv
t6_plain_review_defense_c1,LFP,T6_plain,plain_linear,all_off,FUDS,1,-10.0,1.4694975313608427,1.9226755822186847,${SOURCE_WORKSPACE}/DL/CEMA_CARRIER_FAIRNESS_ABLATIONS_20260803/normalhead_auxoff/runs/lfp/nmc_goal_vcorr_it_train_dst_selector_results/normalauxoff_lfp_gru_normal_t6_holdoutfuds_s0123456789_b2048_e200_by_temperature.csv
t6_plain_review_defense_c1,LFP,T6_plain,plain_linear,all_off,FUDS,1,0.0,0.7668101624970117,1.0057991862792983,${SOURCE_WORKSPACE}/DL/CEMA_CARRIER_FAIRNESS_ABLATIONS_20260803/normalhead_auxoff/runs/lfp/nmc_goal_vcorr_it_train_dst_selector_results/normalauxoff_lfp_gru_normal_t6_holdoutfuds_s0123456789_b2048_e200_by_temperature.csv
t6_plain_review_defense_c1,LFP,T6_plain,plain_linear,all_off,FUDS,1,10.0,0.583283124596895,0.7362300948248534,${SOURCE_WORKSPACE}/DL/CEMA_CARRIER_FAIRNESS_ABLATIONS_20260803/normalhead_auxoff/runs/lfp/nmc_goal_vcorr_it_train_dst_selector_results/normalauxoff_lfp_gru_normal_t6_holdoutfuds_s0123456789_b2048_e200_by_temperature.csv
t6_plain_review_defense_c1,LFP,T6_plain,plain_linear,all_off,FUDS,1,20.0,0.4318322875874998,0.5751079608167572,${SOURCE_WORKSPACE}/DL/CEMA_CARRIER_FAIRNESS_ABLATIONS_20260803/normalhead_auxoff/runs/lfp/nmc_goal_vcorr_it_train_dst_selector_results/normalauxoff_lfp_gru_normal_t6_holdoutfuds_s0123456789_b2048_e200_by_temperature.csv
t6_plain_review_defense_c1,LFP,T6_plain,plain_linear,all_off,FUDS,1,25.0,0.4648674190426954,0.6150112165478606,${SOURCE_WORKSPACE}/DL/CEMA_CARRIER_FAIRNESS_ABLATIONS_20260803/normalhead_auxoff/runs/lfp/nmc_goal_vcorr_it_train_dst_selector_results/normalauxoff_lfp_gru_normal_t6_holdoutfuds_s0123456789_b2048_e200_by_temperature.csv
t6_plain_review_defense_c1,LFP,T6_plain,plain_linear,all_off,FUDS,1,30.0,0.5026806201808466,0.6401446392479059,${SOURCE_WORKSPACE}/DL/CEMA_CARRIER_FAIRNESS_ABLATIONS_20260803/normalhead_auxoff/runs/lfp/nmc_goal_vcorr_it_train_dst_selector_results/normalauxoff_lfp_gru_normal_t6_holdoutfuds_s0123456789_b2048_e200_by_temperature.csv
t6_plain_review_defense_c1,LFP,T6_plain,plain_linear,all_off,FUDS,1,40.0,0.6032694825329364,0.756271122979187,${SOURCE_WORKSPACE}/DL/CEMA_CARRIER_FAIRNESS_ABLATIONS_20260803/normalhead_auxoff/runs/lfp/nmc_goal_vcorr_it_train_dst_selector_results/normalauxoff_lfp_gru_normal_t6_holdoutfuds_s0123456789_b2048_e200_by_temperature.csv
t6_plain_review_defense_c1,LFP,T6_plain,plain_linear,all_off,FUDS,1,50.0,0.7391466483010887,0.915006056546577,${SOURCE_WORKSPACE}/DL/CEMA_CARRIER_FAIRNESS_ABLATIONS_20260803/normalhead_auxoff/runs/lfp/nmc_goal_vcorr_it_train_dst_selector_results/normalauxoff_lfp_gru_normal_t6_holdoutfuds_s0123456789_b2048_e200_by_temperature.csv
t6_plain_review_defense_c1,LFP,T6_plain,plain_linear,all_off,FUDS,2,-10.0,1.6145349206332316,2.0796401778418865,${SOURCE_WORKSPACE}/DL/CEMA_CARRIER_FAIRNESS_ABLATIONS_20260803/normalhead_auxoff/runs/lfp/nmc_goal_vcorr_it_train_dst_selector_results/normalauxoff_lfp_gru_normal_t6_holdoutfuds_s0123456789_b2048_e200_by_temperature.csv
t6_plain_review_defense_c1,LFP,T6_plain,plain_linear,all_off,FUDS,2,0.0,0.8290228284012904,1.1664985464449549,${SOURCE_WORKSPACE}/DL/CEMA_CARRIER_FAIRNESS_ABLATIONS_20260803/normalhead_auxoff/runs/lfp/nmc_goal_vcorr_it_train_dst_selector_results/normalauxoff_lfp_gru_normal_t6_holdoutfuds_s0123456789_b2048_e200_by_temperature.csv
t6_plain_review_defense_c1,LFP,T6_plain,plain_linear,all_off,FUDS,2,10.0,0.6617689587726602,0.8744721677729803,${SOURCE_WORKSPACE}/DL/CEMA_CARRIER_FAIRNESS_ABLATIONS_20260803/normalhead_auxoff/runs/lfp/nmc_goal_vcorr_it_train_dst_selector_results/normalauxoff_lfp_gru_normal_t6_holdoutfuds_s0123456789_b2048_e200_by_temperature.csv
t6_plain_review_defense_c1,LFP,T6_plain,plain_linear,all_off,FUDS,2,20.0,0.4468991906416961,0.6144062578132176,${SOURCE_WORKSPACE}/DL/CEMA_CARRIER_FAIRNESS_ABLATIONS_20260803/normalhead_auxoff/runs/lfp/nmc_goal_vcorr_it_train_dst_selector_results/normalauxoff_lfp_gru_normal_t6_holdoutfuds_s0123456789_b2048_e200_by_temperature.csv
t6_plain_review_defense_c1,LFP,T6_plain,plain_linear,all_off,FUDS,2,25.0,0.48945825574959,0.6407413526546203,${SOURCE_WORKSPACE}/DL/CEMA_CARRIER_FAIRNESS_ABLATIONS_20260803/normalhead_auxoff/runs/lfp/nmc_goal_vcorr_it_train_dst_selector_results/normalauxoff_lfp_gru_normal_t6_holdoutfuds_s0123456789_b2048_e200_by_temperature.csv
t6_plain_review_defense_c1,LFP,T6_plain,plain_linear,all_off,FUDS,2,30.0,0.5298237615587648,0.6627311652958061,${SOURCE_WORKSPACE}/DL/CEMA_CARRIER_FAIRNESS_ABLATIONS_20260803/normalhead_auxoff/runs/lfp/nmc_goal_vcorr_it_train_dst_selector_results/normalauxoff_lfp_gru_normal_t6_holdoutfuds_s0123456789_b2048_e200_by_temperature.csv
t6_plain_review_defense_c1,LFP,T6_plain,plain_linear,all_off,FUDS,2,40.0,0.5435030209240741,0.6739303074716344,${SOURCE_WORKSPACE}/DL/CEMA_CARRIER_FAIRNESS_ABLATIONS_20260803/normalhead_auxoff/runs/lfp/nmc_goal_vcorr_it_train_dst_selector_results/normalauxoff_lfp_gru_normal_t6_holdoutfuds_s0123456789_b2048_e200_by_temperature.csv
t6_plain_review_defense_c1,LFP,T6_plain,plain_linear,all_off,FUDS,2,50.0,0.7175549977044751,0.891604134920137,${SOURCE_WORKSPACE}/DL/CEMA_CARRIER_FAIRNESS_ABLATIONS_20260803/normalhead_auxoff/runs/lfp/nmc_goal_vcorr_it_train_dst_selector_results/normalauxoff_lfp_gru_normal_t6_holdoutfuds_s0123456789_b2048_e200_by_temperature.csv
t6_plain_review_defense_c1,LFP,T6_plain,plain_linear,all_off,US06,0,-10.0,2.1343330514711853,2.377386754777272,${SOURCE_WORKSPACE}/DL/CEMA_CARRIER_FAIRNESS_ABLATIONS_20260803/normalhead_auxoff/runs/lfp/nmc_goal_vcorr_it_train_dst_selector_results/normalauxoff_lfp_gru_normal_t6_holdoutus06_s0123456789_b2048_e200_by_temperature.csv
t6_plain_review_defense_c1,LFP,T6_plain,plain_linear,all_off,US06,0,0.0,0.925504522595912,1.0537042089703024,${SOURCE_WORKSPACE}/DL/CEMA_CARRIER_FAIRNESS_ABLATIONS_20260803/normalhead_auxoff/runs/lfp/nmc_goal_vcorr_it_train_dst_selector_results/normalauxoff_lfp_gru_normal_t6_holdoutus06_s0123456789_b2048_e200_by_temperature.csv
t6_plain_review_defense_c1,LFP,T6_plain,plain_linear,all_off,US06,0,10.0,0.6996239846043695,0.84793162370617,${SOURCE_WORKSPACE}/DL/CEMA_CARRIER_FAIRNESS_ABLATIONS_20260803/normalhead_auxoff/runs/lfp/nmc_goal_vcorr_it_train_dst_selector_results/normalauxoff_lfp_gru_normal_t6_holdoutus06_s0123456789_b2048_e200_by_temperature.csv
t6_plain_review_defense_c1,LFP,T6_plain,plain_linear,all_off,US06,0,20.0,0.5215492104418801,0.6504998514243064,${SOURCE_WORKSPACE}/DL/CEMA_CARRIER_FAIRNESS_ABLATIONS_20260803/normalhead_auxoff/runs/lfp/nmc_goal_vcorr_it_train_dst_selector_results/normalauxoff_lfp_gru_normal_t6_holdoutus06_s0123456789_b2048_e200_by_temperature.csv
t6_plain_review_defense_c1,LFP,T6_plain,plain_linear,all_off,US06,0,25.0,0.4061941404734723,0.4860714409478345,${SOURCE_WORKSPACE}/DL/CEMA_CARRIER_FAIRNESS_ABLATIONS_20260803/normalhead_auxoff/runs/lfp/nmc_goal_vcorr_it_train_dst_selector_results/normalauxoff_lfp_gru_normal_t6_holdoutus06_s0123456789_b2048_e200_by_temperature.csv
t6_plain_review_defense_c1,LFP,T6_plain,plain_linear,all_off,US06,0,30.0,0.3959711174407349,0.4944127509161395,${SOURCE_WORKSPACE}/DL/CEMA_CARRIER_FAIRNESS_ABLATIONS_20260803/normalhead_auxoff/runs/lfp/nmc_goal_vcorr_it_train_dst_selector_results/normalauxoff_lfp_gru_normal_t6_holdoutus06_s0123456789_b2048_e200_by_temperature.csv
t6_plain_review_defense_c1,LFP,T6_plain,plain_linear,all_off,US06,0,40.0,0.3402153474499929,0.4282475500352887,${SOURCE_WORKSPACE}/DL/CEMA_CARRIER_FAIRNESS_ABLATIONS_20260803/normalhead_auxoff/runs/lfp/nmc_goal_vcorr_it_train_dst_selector_results/normalauxoff_lfp_gru_normal_t6_holdoutus06_s0123456789_b2048_e200_by_temperature.csv
t6_plain_review_defense_c1,LFP,T6_plain,plain_linear,all_off,US06,0,50.0,0.325329140239113,0.4209467182293452,${SOURCE_WORKSPACE}/DL/CEMA_CARRIER_FAIRNESS_ABLATIONS_20260803/normalhead_auxoff/runs/lfp/nmc_goal_vcorr_it_train_dst_selector_results/normalauxoff_lfp_gru_normal_t6_holdoutus06_s0123456789_b2048_e200_by_temperature.csv
t6_plain_review_defense_c1,LFP,T6_plain,plain_linear,all_off,US06,1,-10.0,2.180956264836461,2.404984150031122,${SOURCE_WORKSPACE}/DL/CEMA_CARRIER_FAIRNESS_ABLATIONS_20260803/normalhead_auxoff/runs/lfp/nmc_goal_vcorr_it_train_dst_selector_results/normalauxoff_lfp_gru_normal_t6_holdoutus06_s0123456789_b2048_e200_by_temperature.csv
t6_plain_review_defense_c1,LFP,T6_plain,plain_linear,all_off,US06,1,0.0,0.9099331122390116,1.0330114504734094,${SOURCE_WORKSPACE}/DL/CEMA_CARRIER_FAIRNESS_ABLATIONS_20260803/normalhead_auxoff/runs/lfp/nmc_goal_vcorr_it_train_dst_selector_results/normalauxoff_lfp_gru_normal_t6_holdoutus06_s0123456789_b2048_e200_by_temperature.csv
t6_plain_review_defense_c1,LFP,T6_plain,plain_linear,all_off,US06,1,10.0,0.7182486755135191,0.8614414981439713,${SOURCE_WORKSPACE}/DL/CEMA_CARRIER_FAIRNESS_ABLATIONS_20260803/normalhead_auxoff/runs/lfp/nmc_goal_vcorr_it_train_dst_selector_results/normalauxoff_lfp_gru_normal_t6_holdoutus06_s0123456789_b2048_e200_by_temperature.csv
t6_plain_review_defense_c1,LFP,T6_plain,plain_linear,all_off,US06,1,20.0,0.4467414702650647,0.5619988736259413,${SOURCE_WORKSPACE}/DL/CEMA_CARRIER_FAIRNESS_ABLATIONS_20260803/normalhead_auxoff/runs/lfp/nmc_goal_vcorr_it_train_dst_selector_results/normalauxoff_lfp_gru_normal_t6_holdoutus06_s0123456789_b2048_e200_by_temperature.csv
t6_plain_review_defense_c1,LFP,T6_plain,plain_linear,all_off,US06,1,25.0,0.370730539933753,0.4387561562851838,${SOURCE_WORKSPACE}/DL/CEMA_CARRIER_FAIRNESS_ABLATIONS_20260803/normalhead_auxoff/runs/lfp/nmc_goal_vcorr_it_train_dst_selector_results/normalauxoff_lfp_gru_normal_t6_holdoutus06_s0123456789_b2048_e200_by_temperature.csv
t6_plain_review_defense_c1,LFP,T6_plain,plain_linear,all_off,US06,1,30.0,0.3331234793551239,0.4189473582666544,${SOURCE_WORKSPACE}/DL/CEMA_CARRIER_FAIRNESS_ABLATIONS_20260803/normalhead_auxoff/runs/lfp/nmc_goal_vcorr_it_train_dst_selector_results/normalauxoff_lfp_gru_normal_t6_holdoutus06_s0123456789_b2048_e200_by_temperature.csv
t6_plain_review_defense_c1,LFP,T6_plain,plain_linear,all_off,US06,1,40.0,0.345667685481173,0.4487745528683236,${SOURCE_WORKSPACE}/DL/CEMA_CARRIER_FAIRNESS_ABLATIONS_20260803/normalhead_auxoff/runs/lfp/nmc_goal_vcorr_it_train_dst_selector_results/normalauxoff_lfp_gru_normal_t6_holdoutus06_s0123456789_b2048_e200_by_temperature.csv
t6_plain_review_defense_c1,LFP,T6_plain,plain_linear,all_off,US06,1,50.0,0.3823346539519354,0.4846916427683642,${SOURCE_WORKSPACE}/DL/CEMA_CARRIER_FAIRNESS_ABLATIONS_20260803/normalhead_auxoff/runs/lfp/nmc_goal_vcorr_it_train_dst_selector_results/normalauxoff_lfp_gru_normal_t6_holdoutus06_s0123456789_b2048_e200_by_temperature.csv
t6_plain_review_defense_c1,LFP,T6_plain,plain_linear,all_off,US06,2,-10.0,2.095748155193975,2.3561026894755743,${SOURCE_WORKSPACE}/DL/CEMA_CARRIER_FAIRNESS_ABLATIONS_20260803/normalhead_auxoff/runs/lfp/nmc_goal_vcorr_it_train_dst_selector_results/normalauxoff_lfp_gru_normal_t6_holdoutus06_s0123456789_b2048_e200_by_temperature.csv
t6_plain_review_defense_c1,LFP,T6_plain,plain_linear,all_off,US06,2,0.0,0.9368434103781268,1.061859310673055,${SOURCE_WORKSPACE}/DL/CEMA_CARRIER_FAIRNESS_ABLATIONS_20260803/normalhead_auxoff/runs/lfp/nmc_goal_vcorr_it_train_dst_selector_results/normalauxoff_lfp_gru_normal_t6_holdoutus06_s0123456789_b2048_e200_by_temperature.csv
t6_plain_review_defense_c1,LFP,T6_plain,plain_linear,all_off,US06,2,10.0,0.6134577876340941,0.7441218339241442,${SOURCE_WORKSPACE}/DL/CEMA_CARRIER_FAIRNESS_ABLATIONS_20260803/normalhead_auxoff/runs/lfp/nmc_goal_vcorr_it_train_dst_selector_results/normalauxoff_lfp_gru_normal_t6_holdoutus06_s0123456789_b2048_e200_by_temperature.csv
t6_plain_review_defense_c1,LFP,T6_plain,plain_linear,all_off,US06,2,20.0,0.4351071683764197,0.5303690283391731,${SOURCE_WORKSPACE}/DL/CEMA_CARRIER_FAIRNESS_ABLATIONS_20260803/normalhead_auxoff/runs/lfp/nmc_goal_vcorr_it_train_dst_selector_results/normalauxoff_lfp_gru_normal_t6_holdoutus06_s0123456789_b2048_e200_by_temperature.csv
t6_plain_review_defense_c1,LFP,T6_plain,plain_linear,all_off,US06,2,25.0,0.3182851239719622,0.3823366352851369,${SOURCE_WORKSPACE}/DL/CEMA_CARRIER_FAIRNESS_ABLATIONS_20260803/normalhead_auxoff/runs/lfp/nmc_goal_vcorr_it_train_dst_selector_results/normalauxoff_lfp_gru_normal_t6_holdoutus06_s0123456789_b2048_e200_by_temperature.csv
t6_plain_review_defense_c1,LFP,T6_plain,plain_linear,all_off,US06,2,30.0,0.3346770577476674,0.4147913080344815,${SOURCE_WORKSPACE}/DL/CEMA_CARRIER_FAIRNESS_ABLATIONS_20260803/normalhead_auxoff/runs/lfp/nmc_goal_vcorr_it_train_dst_selector_results/normalauxoff_lfp_gru_normal_t6_holdoutus06_s0123456789_b2048_e200_by_temperature.csv
t6_plain_review_defense_c1,LFP,T6_plain,plain_linear,all_off,US06,2,40.0,0.3450409764551293,0.434640767737208,${SOURCE_WORKSPACE}/DL/CEMA_CARRIER_FAIRNESS_ABLATIONS_20260803/normalhead_auxoff/runs/lfp/nmc_goal_vcorr_it_train_dst_selector_results/normalauxoff_lfp_gru_normal_t6_holdoutus06_s0123456789_b2048_e200_by_temperature.csv
t6_plain_review_defense_c1,LFP,T6_plain,plain_linear,all_off,US06,2,50.0,0.4335566810706547,0.5277296715694579,${SOURCE_WORKSPACE}/DL/CEMA_CARRIER_FAIRNESS_ABLATIONS_20260803/normalhead_auxoff/runs/lfp/nmc_goal_vcorr_it_train_dst_selector_results/normalauxoff_lfp_gru_normal_t6_holdoutus06_s0123456789_b2048_e200_by_temperature.csv
