feature,fold,seed,perturbation_type,level,temp,soc_band,mae,rmse,bias
T6_plain,DST,0,baseline,unperturbed,0.0,35-65,0.34647070181526957,0.484240958798034,0.3338220258942872
T6_plain,DST,0,baseline,unperturbed,0.0,<=35,0.41928919529595016,0.5435529843857886,0.3009451876947041
T6_plain,DST,0,baseline,unperturbed,0.0,>65,0.21811688778747024,0.2852743641410487,0.1542707212529738
T6_plain,DST,0,baseline,unperturbed,25.0,35-65,0.1980647168492193,0.25079170282442537,0.007780352365415897
T6_plain,DST,0,baseline,unperturbed,25.0,<=35,0.41478070882516704,0.4739147013368378,-0.36100605737750546
T6_plain,DST,0,baseline,unperturbed,25.0,>65,0.20503477835626624,0.2610539403466751,-0.034685798066195615
T6_plain,DST,0,baseline,unperturbed,45.0,35-65,0.2543994198640116,0.29122093778856284,0.2520186044196212
T6_plain,DST,0,baseline,unperturbed,45.0,<=35,0.32424839959395446,0.376453606047212,0.3222833485675615
T6_plain,DST,0,baseline,unperturbed,45.0,>65,0.2606330162721893,0.27585256808320874,0.2589543387573964
T6_plain,DST,0,current_bias,I_bias_+10_mA,0.0,35-65,0.2600968635361137,0.375209744774301,0.15867094484869756
T6_plain,DST,0,current_bias,I_bias_+10_mA,0.0,<=35,0.33711576484840267,0.45151655521182543,0.11450015033750933
T6_plain,DST,0,current_bias,I_bias_+10_mA,0.0,>65,0.21505126585313147,0.2564907344310971,0.05990402819090922
T6_plain,DST,0,current_bias,I_bias_+10_mA,25.0,35-65,0.22924380930811625,0.28865165495254147,-0.13135627911756917
T6_plain,DST,0,current_bias,I_bias_+10_mA,25.0,<=35,0.5123934467524593,0.5693890905254239,-0.4869005705438309
T6_plain,DST,0,current_bias,I_bias_+10_mA,25.0,>65,0.22763059590527407,0.2811306601210862,-0.101168064574696
T6_plain,DST,0,current_bias,I_bias_+10_mA,45.0,35-65,0.14589189734805103,0.18886207039767341,0.10192369207993222
T6_plain,DST,0,current_bias,I_bias_+10_mA,45.0,<=35,0.215838193942416,0.2816537364658597,0.20292990628380103
T6_plain,DST,0,current_bias,I_bias_+10_mA,45.0,>65,0.1903358806675566,0.20810887458668306,0.1852076992679911
T6_plain,DST,0,current_bias,I_bias_+20_mA,0.0,35-65,0.27371581276801044,0.33659128179214903,-0.01716253049919916
T6_plain,DST,0,current_bias,I_bias_+20_mA,0.0,<=35,0.3399103014637041,0.43544521633975536,-0.0709095320852742
T6_plain,DST,0,current_bias,I_bias_+20_mA,0.0,>65,0.23284846646905902,0.2613439919817655,-0.03468607096381194
T6_plain,DST,0,current_bias,I_bias_+20_mA,25.0,35-65,0.31234280550520005,0.383110605469963,-0.2710908816254563
T6_plain,DST,0,current_bias,I_bias_+20_mA,25.0,<=35,0.6221963618503459,0.6780986346113386,-0.6120052008558691
T6_plain,DST,0,current_bias,I_bias_+20_mA,25.0,>65,0.26365758825263674,0.3143073834036077,-0.16769540869212127
T6_plain,DST,0,current_bias,I_bias_+20_mA,45.0,35-65,0.1545801408440273,0.19303536680596745,-0.048819245177601965
T6_plain,DST,0,current_bias,I_bias_+20_mA,45.0,<=35,0.16542805783841924,0.22963556275404465,0.08450105610077499
T6_plain,DST,0,current_bias,I_bias_+20_mA,45.0,>65,0.1256547476206559,0.14676714517900724,0.11137707461142676
T6_plain,DST,0,current_bias,I_bias_-10_mA,0.0,35-65,0.5082896541651957,0.6274085475957535,0.5082896541651957
T6_plain,DST,0,current_bias,I_bias_-10_mA,0.0,<=35,0.5413588859120888,0.6821205516330481,0.48840747260464357
T6_plain,DST,0,current_bias,I_bias_-10_mA,0.0,>65,0.2656281336662601,0.3390600495088568,0.24840983610455408
T6_plain,DST,0,current_bias,I_bias_-10_mA,25.0,35-65,0.2235173404086932,0.2915327231801851,0.14631844965469934
T6_plain,DST,0,current_bias,I_bias_-10_mA,25.0,<=35,0.3297206481680135,0.4020341323364926,-0.23433003155275184
T6_plain,DST,0,current_bias,I_bias_-10_mA,25.0,>65,0.19558409188807582,0.2571311023826162,0.031748883510420746
T6_plain,DST,0,current_bias,I_bias_-10_mA,45.0,35-65,0.4014749145456734,0.4290107083211037,0.4014617800174156
T6_plain,DST,0,current_bias,I_bias_-10_mA,45.0,<=35,0.4432389224324355,0.4905524355899587,0.4425526316076352
T6_plain,DST,0,current_bias,I_bias_-10_mA,45.0,>65,0.3328307700727733,0.3462138050310915,0.3326144627588316
T6_plain,DST,0,current_bias,I_bias_-20_mA,0.0,35-65,0.6820714424888888,0.7857907796719631,0.6820714424888888
T6_plain,DST,0,current_bias,I_bias_-20_mA,0.0,<=35,0.6972313321717833,0.8451523366801379,0.6768675048890891
T6_plain,DST,0,current_bias,I_bias_-20_mA,0.0,>65,0.34844349837617317,0.4079303263706483,0.3423193551503665
T6_plain,DST,0,current_bias,I_bias_-20_mA,25.0,35-65,0.3044760506981036,0.3861212512640232,0.2842531801082528
T6_plain,DST,0,current_bias,I_bias_-20_mA,25.0,<=35,0.2648684345972082,0.3687007216989901,-0.10688434667824276
T6_plain,DST,0,current_bias,I_bias_-20_mA,25.0,>65,0.2002755371194868,0.2700316071966703,0.09813823478456427
T6_plain,DST,0,current_bias,I_bias_-20_mA,45.0,35-65,0.5502506474588272,0.5768445263664904,0.5502506474588272
T6_plain,DST,0,current_bias,I_bias_-20_mA,45.0,<=35,0.5639238426016708,0.613868801918116,0.5637299896280843
T6_plain,DST,0,current_bias,I_bias_-20_mA,45.0,>65,0.4062442190272708,0.417832762348945,0.40618600119023623
T6_plain,DST,0,voltage_bias,V_bias_+10_mV,0.0,35-65,2.0435906736321434,2.1498508880580283,2.0435906736321434
T6_plain,DST,0,voltage_bias,V_bias_+10_mV,0.0,<=35,2.19235223844835,2.3507596881028676,2.19235223844835
T6_plain,DST,0,voltage_bias,V_bias_+10_mV,0.0,>65,1.0700283981857903,1.0821309804387682,1.0700283981857903
T6_plain,DST,0,voltage_bias,V_bias_+10_mV,25.0,35-65,1.9288253699842643,2.0336180126359804,1.9288253699842643
T6_plain,DST,0,voltage_bias,V_bias_+10_mV,25.0,<=35,1.484792528560434,1.6906903514943297,1.4620642256200242
T6_plain,DST,0,voltage_bias,V_bias_+10_mV,25.0,>65,0.8858080717495669,0.9066812152420696,0.8858080717495669
T6_plain,DST,0,voltage_bias,V_bias_+10_mV,45.0,35-65,2.230356117576116,2.3329317459077075,2.230356117576116
T6_plain,DST,0,voltage_bias,V_bias_+10_mV,45.0,<=35,1.999991750239772,2.17521594609947,1.999991750239772
T6_plain,DST,0,voltage_bias,V_bias_+10_mV,45.0,>65,1.214554404015541,1.226293452113661,1.214554404015541
T6_plain,DST,0,voltage_bias,V_bias_+1_mV,0.0,35-65,0.5073462722311901,0.6261256645705306,0.5073462722311901
T6_plain,DST,0,voltage_bias,V_bias_+1_mV,0.0,<=35,0.5400487695255903,0.679875087477478,0.48552270644227336
T6_plain,DST,0,voltage_bias,V_bias_+1_mV,0.0,>65,0.2642298410040532,0.3371549090940177,0.24690523714364737
T6_plain,DST,0,voltage_bias,V_bias_+1_mV,25.0,35-65,0.2495479274167727,0.3261468275048477,0.20353733761010112
T6_plain,DST,0,voltage_bias,V_bias_+1_mV,25.0,<=35,0.30020961398548884,0.3819260796781484,-0.18515504282329995
T6_plain,DST,0,voltage_bias,V_bias_+1_mV,25.0,>65,0.19493561426461045,0.258935241925753,0.05800802563315401
T6_plain,DST,0,voltage_bias,V_bias_+1_mV,45.0,35-65,0.4541535228169512,0.48007856631982654,0.4541535228169512
T6_plain,DST,0,voltage_bias,V_bias_+1_mV,45.0,<=35,0.4839003369297832,0.5308653747083594,0.48344436744084485
T6_plain,DST,0,voltage_bias,V_bias_+1_mV,45.0,>65,0.3556890826390734,0.3682815889922022,0.3555361938040919
T6_plain,DST,0,voltage_bias,V_bias_+2_mV,0.0,35-65,0.6803145398937293,0.783452603310186,0.6803145398937293
T6_plain,DST,0,voltage_bias,V_bias_+2_mV,0.0,<=35,0.6927930103327986,0.8400395069931276,0.6711577851754859
T6_plain,DST,0,voltage_bias,V_bias_+2_mV,0.0,>65,0.3455488115278844,0.40413155424720404,0.3393075811356583
T6_plain,DST,0,voltage_bias,V_bias_+2_mV,25.0,35-65,0.4063447913152943,0.4829683481382855,0.3985055433463241
T6_plain,DST,0,voltage_bias,V_bias_+2_mV,25.0,<=35,0.25165810048821896,0.37257064976083126,-0.007815634815909672
T6_plain,DST,0,voltage_bias,V_bias_+2_mV,25.0,>65,0.21014649362258075,0.2883523193465922,0.15056183209768162
T6_plain,DST,0,voltage_bias,V_bias_+2_mV,45.0,35-65,0.6553593126571899,0.6827583429411667,0.6553593126571899
T6_plain,DST,0,voltage_bias,V_bias_+2_mV,45.0,<=35,0.646130244382556,0.6989596457600324,0.6461297710777354
T6_plain,DST,0,voltage_bias,V_bias_+2_mV,45.0,>65,0.45192232731421317,0.46258255310683755,0.45189895467873853
T6_plain,DST,0,voltage_bias,V_bias_+5_mV,0.0,35-65,1.1958400284276802,1.287625200178755,1.1958400284276802
T6_plain,DST,0,voltage_bias,V_bias_+5_mV,0.0,<=35,1.2355505835088285,1.3804511455138224,1.2342397047189542
T6_plain,DST,0,voltage_bias,V_bias_+5_mV,0.0,>65,0.615115775762747,0.6443814744284334,0.615115775762747
T6_plain,DST,0,voltage_bias,V_bias_+5_mV,25.0,35-65,0.9790657129630997,1.0511668596508137,0.9785919862432608
T6_plain,DST,0,voltage_bias,V_bias_+5_mV,25.0,<=35,0.632320243305194,0.7513123865175781,0.5329404664747629
T6_plain,DST,0,voltage_bias,V_bias_+5_mV,25.0,>65,0.4279727237952513,0.48363711331851805,0.4273783151984393
T6_plain,DST,0,voltage_bias,V_bias_+5_mV,45.0,35-65,1.2532898627982212,1.3042521453993936,1.2532898627982212
T6_plain,DST,0,voltage_bias,V_bias_+5_mV,45.0,<=35,1.1431413663318999,1.2348391033356265,1.1431413663318999
T6_plain,DST,0,voltage_bias,V_bias_+5_mV,45.0,>65,0.739641631586481,0.7488331698026005,0.739641631586481
T6_plain,DST,0,voltage_bias,V_bias_-10_mV,0.0,35-65,1.431135420309793,1.525052448624829,-1.431135420309793
T6_plain,DST,0,voltage_bias,V_bias_-10_mV,0.0,<=35,1.4905473237485207,1.6156756455461672,-1.4833457633133242
T6_plain,DST,0,voltage_bias,V_bias_-10_mV,0.0,>65,0.784730985516614,0.8594522920754236,-0.7843418561727478
T6_plain,DST,0,voltage_bias,V_bias_-10_mV,25.0,35-65,1.9909620380483717,2.099698512455787,-1.9909620380483717
T6_plain,DST,0,voltage_bias,V_bias_-10_mV,25.0,<=35,2.0339893812644725,2.134768942436007,-2.0339890962270495
T6_plain,DST,0,voltage_bias,V_bias_-10_mV,25.0,>65,0.9752142330674087,1.0203452632730392,-0.9689501017769857
T6_plain,DST,0,voltage_bias,V_bias_-10_mV,45.0,35-65,1.8169588657610032,1.9551762405926405,-1.8169588657610032
T6_plain,DST,0,voltage_bias,V_bias_-10_mV,45.0,<=35,1.2469007676871924,1.4240962362757843,-1.202958157704362
T6_plain,DST,0,voltage_bias,V_bias_-10_mV,45.0,>65,0.7182638556094989,0.7347393611646406,-0.7182638556094989
T6_plain,DST,0,voltage_bias,V_bias_-1_mV,0.0,35-65,0.2608792093365573,0.37655457237971846,0.15974767984394125
T6_plain,DST,0,voltage_bias,V_bias_-1_mV,0.0,<=35,0.3368015758142877,0.45201205939135974,0.11744071276065386
T6_plain,DST,0,voltage_bias,V_bias_-1_mV,0.0,>65,0.21610746460363267,0.2580038304642283,0.06140904547148783
T6_plain,DST,0,voltage_bias,V_bias_-1_mV,25.0,35-65,0.2579136648259621,0.3221069707365627,-0.18875594027906256
T6_plain,DST,0,voltage_bias,V_bias_-1_mV,25.0,<=35,0.5533456395318506,0.6109459937937466,-0.5353486478991328
T6_plain,DST,0,voltage_bias,V_bias_-1_mV,25.0,>65,0.2416600585098351,0.2941537261180695,-0.12751788821538246
T6_plain,DST,0,voltage_bias,V_bias_-1_mV,45.0,35-65,0.1345416933545673,0.17420726062226638,0.048968255176540514
T6_plain,DST,0,voltage_bias,V_bias_-1_mV,45.0,<=35,0.1878108860466685,0.2579967468855574,0.16266171908717195
T6_plain,DST,0,voltage_bias,V_bias_-1_mV,45.0,>65,0.16901090191167342,0.18837983416216375,0.1621564052713269
T6_plain,DST,0,voltage_bias,V_bias_-2_mV,0.0,35-65,0.2743244473360573,0.33847529837166995,-0.014877451352723834
T6_plain,DST,0,voltage_bias,V_bias_-2_mV,0.0,<=35,0.3371427551825835,0.4333524975886519,-0.06497863736059765
T6_plain,DST,0,voltage_bias,V_bias_-2_mV,0.0,>65,0.2346857760897159,0.2633317761271019,-0.03167834543270807
T6_plain,DST,0,voltage_bias,V_bias_-2_mV,25.0,35-65,0.40468942784100176,0.47941641660338913,-0.3860605230749127
T6_plain,DST,0,voltage_bias,V_bias_-2_mV,25.0,<=35,0.7133246650430206,0.7681667799560241,-0.7081678338762585
T6_plain,DST,0,voltage_bias,V_bias_-2_mV,25.0,>65,0.3023665671677992,0.3496469227875104,-0.220486901211734
T6_plain,DST,0,voltage_bias,V_bias_-2_mV,45.0,35-65,0.21366250851814672,0.2612437760280838,-0.15498437447997093
T6_plain,DST,0,voltage_bias,V_bias_-2_mV,45.0,<=35,0.18107449961521047,0.23377689546907743,0.004596284383066455
T6_plain,DST,0,voltage_bias,V_bias_-2_mV,45.0,>65,0.09615206154545662,0.1179875369154977,0.06514515071101436
T6_plain,DST,0,voltage_bias,V_bias_-5_mV,0.0,35-65,0.5793315867127146,0.6571310945083322,-0.5420038367698636
T6_plain,DST,0,voltage_bias,V_bias_-5_mV,0.0,<=35,0.6595131137510165,0.7584601468690624,-0.6055578948993545
T6_plain,DST,0,voltage_bias,V_bias_-5_mV,0.0,>65,0.36797716582682016,0.4294048918197882,-0.31228724987951495
T6_plain,DST,0,voltage_bias,V_bias_-5_mV,25.0,35-65,0.9827426311748847,1.0621860708753668,-0.982493706488925
T6_plain,DST,0,voltage_bias,V_bias_-5_mV,25.0,<=35,1.2174942785638299,1.2772689336172598,-1.2173151035648881
T6_plain,DST,0,voltage_bias,V_bias_-5_mV,25.0,>65,0.5387110052572686,0.5781310323020726,-0.5001890138500947
T6_plain,DST,0,voltage_bias,V_bias_-5_mV,45.0,35-65,0.7723784214598779,0.8643893350276133,-0.7720922320215597
T6_plain,DST,0,voltage_bias,V_bias_-5_mV,45.0,<=35,0.5222315938432823,0.617339814777389,-0.4601649990496341
T6_plain,DST,0,voltage_bias,V_bias_-5_mV,45.0,>65,0.23148457414884968,0.25411651103066685,-0.22713822302505118
T6_plain,DST,1,baseline,unperturbed,0.0,35-65,0.31426762920448487,0.4194286445423862,0.2879015977042178
T6_plain,DST,1,baseline,unperturbed,0.0,<=35,0.4403532831152648,0.5522435241849208,0.3228668515264797
T6_plain,DST,1,baseline,unperturbed,0.0,>65,0.19615572006344162,0.23936474439570266,-0.01013516177636794
T6_plain,DST,1,baseline,unperturbed,25.0,35-65,0.206310639711023,0.2900719033081369,-0.05050347028664654
T6_plain,DST,1,baseline,unperturbed,25.0,<=35,0.4518607531737194,0.5208806834487927,-0.4364459374721603
T6_plain,DST,1,baseline,unperturbed,25.0,>65,0.30609110338415785,0.33487047651131846,-0.2652759364075867
T6_plain,DST,1,baseline,unperturbed,45.0,35-65,0.12334002088392419,0.15552940616853284,0.056599402136959805
T6_plain,DST,1,baseline,unperturbed,45.0,<=35,0.25051977547935933,0.2924554978020932,0.18799277588540497
T6_plain,DST,1,baseline,unperturbed,45.0,>65,0.08925981250000001,0.12610616176799957,-0.03444804992603557
T6_plain,DST,1,current_bias,I_bias_+10_mA,0.0,35-65,0.21932983545096216,0.299891843207293,0.11166877059014722
T6_plain,DST,1,current_bias,I_bias_+10_mA,0.0,<=35,0.32676262442648035,0.4468780998539456,0.13778819266557735
T6_plain,DST,1,current_bias,I_bias_+10_mA,0.0,>65,0.2254850903851101,0.2691003184924641,-0.10306689465505679
T6_plain,DST,1,current_bias,I_bias_+10_mA,25.0,35-65,0.2671853953662482,0.340753151043538,-0.19240818953729555
T6_plain,DST,1,current_bias,I_bias_+10_mA,25.0,<=35,0.562090086602295,0.6180540386283638,-0.5586655779742654
T6_plain,DST,1,current_bias,I_bias_+10_mA,25.0,>65,0.3628030599045532,0.39022571622796576,-0.32945443924950046
T6_plain,DST,1,current_bias,I_bias_+10_mA,45.0,35-65,0.12657418714855131,0.161363004272969,-0.10047696463108663
T6_plain,DST,1,current_bias,I_bias_+10_mA,45.0,<=35,0.17420257269909206,0.2167908899912669,0.06992111921861462
T6_plain,DST,1,current_bias,I_bias_+10_mA,45.0,>65,0.11835643851400977,0.16075987403675274,-0.1044402828736842
T6_plain,DST,1,current_bias,I_bias_+20_mA,0.0,35-65,0.22325290483307722,0.2671475056613516,-0.0653017087047412
T6_plain,DST,1,current_bias,I_bias_+20_mA,0.0,<=35,0.2926789412683368,0.4135717778180941,-0.046291181396360646
T6_plain,DST,1,current_bias,I_bias_+20_mA,0.0,>65,0.27632614518687565,0.32434837446096604,-0.1962341160783337
T6_plain,DST,1,current_bias,I_bias_+20_mA,25.0,35-65,0.37934833177362864,0.4388802671199611,-0.33490279408095613
T6_plain,DST,1,current_bias,I_bias_+20_mA,25.0,<=35,0.6801242559358601,0.7259563492718552,-0.6801018240787872
T6_plain,DST,1,current_bias,I_bias_+20_mA,25.0,>65,0.4211973491961336,0.44806039650360535,-0.3936990651184627
T6_plain,DST,1,current_bias,I_bias_+20_mA,45.0,35-65,0.2660109864637607,0.2890225350007835,-0.25813489176394366
T6_plain,DST,1,current_bias,I_bias_+20_mA,45.0,<=35,0.15528755997732435,0.20875098114727064,-0.04727793137463517
T6_plain,DST,1,current_bias,I_bias_+20_mA,45.0,>65,0.17777027177676932,0.2142821259694366,-0.17452254467938785
T6_plain,DST,1,current_bias,I_bias_-10_mA,0.0,35-65,0.4675904415862169,0.5731482533832918,0.4633904402910529
T6_plain,DST,1,current_bias,I_bias_-10_mA,0.0,<=35,0.5847637922336918,0.698424379457578,0.5089256852331566
T6_plain,DST,1,current_bias,I_bias_-10_mA,0.0,>65,0.18264162959130414,0.2443777724907045,0.08255960477659265
T6_plain,DST,1,current_bias,I_bias_-10_mA,25.0,35-65,0.21921955394575607,0.3101848574533751,0.09080570333140252
T6_plain,DST,1,current_bias,I_bias_-10_mA,25.0,<=35,0.35482278824487995,0.44232180308674,-0.3134484596117903
T6_plain,DST,1,current_bias,I_bias_-10_mA,25.0,>65,0.2513717493771759,0.28341107026660245,-0.20116339235079236
T6_plain,DST,1,current_bias,I_bias_-10_mA,45.0,35-65,0.23324073557932526,0.27827424089142355,0.2130829075617149
T6_plain,DST,1,current_bias,I_bias_-10_mA,45.0,<=35,0.3434634861852465,0.3998878878083995,0.3069313308938107
T6_plain,DST,1,current_bias,I_bias_-10_mA,45.0,>65,0.10022078105858805,0.12673629203564535,0.03545286766751976
T6_plain,DST,1,current_bias,I_bias_-20_mA,0.0,35-65,0.6386161008395528,0.7394804698105587,0.6381269674134629
T6_plain,DST,1,current_bias,I_bias_-20_mA,0.0,<=35,0.7409447161881475,0.8654909173035786,0.6959441111768522
T6_plain,DST,1,current_bias,I_bias_-20_mA,0.0,>65,0.2136491829868954,0.28207906566289453,0.17501478230682538
T6_plain,DST,1,current_bias,I_bias_-20_mA,25.0,35-65,0.3006674859390561,0.3896653889861472,0.23151408752077265
T6_plain,DST,1,current_bias,I_bias_-20_mA,25.0,<=35,0.28788691815038636,0.3945070537304459,-0.18968326074530825
T6_plain,DST,1,current_bias,I_bias_-20_mA,25.0,>65,0.1998780331539155,0.23832944868727463,-0.13711590734821294
T6_plain,DST,1,current_bias,I_bias_-20_mA,45.0,35-65,0.37252662264337116,0.4303635704984538,0.36896865240343085
T6_plain,DST,1,current_bias,I_bias_-20_mA,45.0,<=35,0.44828372438679254,0.5204520503537481,0.4267297578360143
T6_plain,DST,1,current_bias,I_bias_-20_mA,45.0,>65,0.13968508355351733,0.16214024998512577,0.10526129859314859
T6_plain,DST,1,voltage_bias,V_bias_+10_mV,0.0,35-65,2.0077767104671254,2.13300016387072,2.0077767104671254
T6_plain,DST,1,voltage_bias,V_bias_+10_mV,0.0,<=35,2.211640534299297,2.3838514497476893,2.211640534299297
T6_plain,DST,1,voltage_bias,V_bias_+10_mV,0.0,>65,0.8992935685818737,0.9155620829001841,0.8992935685818737
T6_plain,DST,1,voltage_bias,V_bias_+10_mV,25.0,35-65,1.8873696227870562,2.0161825425134214,1.8873696227870562
T6_plain,DST,1,voltage_bias,V_bias_+10_mV,25.0,<=35,1.418716571861421,1.637900422877587,1.3774847426799264
T6_plain,DST,1,voltage_bias,V_bias_+10_mV,25.0,>65,0.6305324191113264,0.6451959700665656,0.6305324191113264
T6_plain,DST,1,voltage_bias,V_bias_+10_mV,45.0,35-65,2.0869410365730205,2.2322156062073275,2.0869410365730205
T6_plain,DST,1,voltage_bias,V_bias_+10_mV,45.0,<=35,1.8565694451007413,2.0763820645835107,1.8556334205564382
T6_plain,DST,1,voltage_bias,V_bias_+10_mV,45.0,>65,0.8858429810992811,0.9085370939662737,0.8857582917779436
T6_plain,DST,1,voltage_bias,V_bias_+1_mV,0.0,35-65,0.46675153874022834,0.5722234173209217,0.46264392871179294
T6_plain,DST,1,voltage_bias,V_bias_+1_mV,0.0,<=35,0.5835715898106115,0.6967063892843596,0.5071547332884371
T6_plain,DST,1,voltage_bias,V_bias_+1_mV,0.0,>65,0.18184970802569694,0.2436971008959458,0.08183938356114867
T6_plain,DST,1,voltage_bias,V_bias_+1_mV,25.0,35-65,0.2450637547494786,0.33653425535676545,0.1473092077558077
T6_plain,DST,1,voltage_bias,V_bias_+1_mV,25.0,<=35,0.31913652074824206,0.41481787512226637,-0.26083132940393416
T6_plain,DST,1,voltage_bias,V_bias_+1_mV,25.0,>65,0.22929225544972562,0.2634956059335722,-0.17497544109366903
T6_plain,DST,1,voltage_bias,V_bias_+1_mV,45.0,35-65,0.2765363624744628,0.3260261284146021,0.2642044066670693
T6_plain,DST,1,voltage_bias,V_bias_+1_mV,45.0,<=35,0.3776280697913737,0.4396420993496428,0.3488778815825694
T6_plain,DST,1,voltage_bias,V_bias_+1_mV,45.0,>65,0.11045291841553238,0.1349050408897829,0.05860780408977749
T6_plain,DST,1,voltage_bias,V_bias_+2_mV,0.0,35-65,0.6372694917333719,0.7378233321024765,0.6367926945275421
T6_plain,DST,1,voltage_bias,V_bias_+2_mV,0.0,<=35,0.7384490100894769,0.8617529097313988,0.692509306250072
T6_plain,DST,1,voltage_bias,V_bias_+2_mV,0.0,>65,0.21225357307941692,0.28048877488980284,0.17358578103713318
T6_plain,DST,1,voltage_bias,V_bias_+2_mV,25.0,35-65,0.3887452862817376,0.4766378763087814,0.34425107663297416
T6_plain,DST,1,voltage_bias,V_bias_+2_mV,25.0,<=35,0.26976423775352676,0.3801689181808192,-0.08388484618335267
T6_plain,DST,1,voltage_bias,V_bias_+2_mV,25.0,>65,0.1619879963017269,0.20781860766790225,-0.08483382728838827
T6_plain,DST,1,voltage_bias,V_bias_+2_mV,45.0,35-65,0.4711803619926123,0.5327544034465801,0.47083186351019857
T6_plain,DST,1,voltage_bias,V_bias_+2_mV,45.0,<=35,0.5279648196761122,0.6058958137872076,0.5111212475920867
T6_plain,DST,1,voltage_bias,V_bias_+2_mV,45.0,>65,0.17436599601480943,0.19567055314542833,0.15144147181880535
T6_plain,DST,1,voltage_bias,V_bias_+5_mV,0.0,35-65,1.1556012613132027,1.2572893071793472,1.1556012613132027
T6_plain,DST,1,voltage_bias,V_bias_+5_mV,0.0,<=35,1.2571080367114165,1.408967282006842,1.254792530052499
T6_plain,DST,1,voltage_bias,V_bias_+5_mV,0.0,>65,0.4526885147393368,0.48842613655731976,0.4474637848866135
T6_plain,DST,1,voltage_bias,V_bias_+5_mV,25.0,35-65,0.9315360421675675,1.033184264100268,0.9297585084933508
T6_plain,DST,1,voltage_bias,V_bias_+5_mV,25.0,<=35,0.6023543146123298,0.7122500505674477,0.4547822933869196
T6_plain,DST,1,voltage_bias,V_bias_+5_mV,25.0,>65,0.19766961236298178,0.24990468667932528,0.18464324486027345
T6_plain,DST,1,voltage_bias,V_bias_+5_mV,45.0,35-65,1.0846933869304685,1.1731723192842416,1.0846933869304685
T6_plain,DST,1,voltage_bias,V_bias_+5_mV,45.0,<=35,1.0102010628995004,1.1401519676261442,1.005819980649827
T6_plain,DST,1,voltage_bias,V_bias_+5_mV,45.0,>65,0.43110584048504236,0.4518254720280994,0.4285741185671055
T6_plain,DST,1,voltage_bias,V_bias_-10_mV,0.0,35-65,1.4903309395035533,1.54912805929803,-1.4903309395035533
T6_plain,DST,1,voltage_bias,V_bias_-10_mV,0.0,<=35,1.4706802005396702,1.5745125824277144,-1.4579317126666642
T6_plain,DST,1,voltage_bias,V_bias_-10_mV,0.0,>65,0.941958516467065,1.0032452145730764,-0.941958516467065
T6_plain,DST,1,voltage_bias,V_bias_-10_mV,25.0,35-65,2.0739515227104546,2.160816196956091,-2.0739515227104546
T6_plain,DST,1,voltage_bias,V_bias_-10_mV,25.0,<=35,2.1159636068698098,2.2022920014226908,-2.1159636068698098
T6_plain,DST,1,voltage_bias,V_bias_-10_mV,25.0,>65,1.1772633089439417,1.2093553014800613,-1.1767760416867565
T6_plain,DST,1,voltage_bias,V_bias_-10_mV,45.0,35-65,2.069129382043048,2.1673113130123385,-2.069129382043048
T6_plain,DST,1,voltage_bias,V_bias_-10_mV,45.0,<=35,1.355086130037006,1.5165104842102513,-1.3433234825852032
T6_plain,DST,1,voltage_bias,V_bias_-10_mV,45.0,>65,0.9768021170181355,0.9977187450144203,-0.9768021170181355
T6_plain,DST,1,voltage_bias,V_bias_-1_mV,0.0,35-65,0.22003369193625869,0.30083427562426385,0.11257530695670105
T6_plain,DST,1,voltage_bias,V_bias_-1_mV,0.0,<=35,0.3276617174874504,0.447525747383738,0.13966166297457344
T6_plain,DST,1,voltage_bias,V_bias_-1_mV,0.0,>65,0.22575357407667732,0.26927418145066756,-0.10233156193688903
T6_plain,DST,1,voltage_bias,V_bias_-1_mV,25.0,35-65,0.30664138635475807,0.37530567798938186,-0.24917826882487587
T6_plain,DST,1,voltage_bias,V_bias_-1_mV,25.0,<=35,0.6118279125734774,0.6638433410090397,-0.6107088489909018
T6_plain,DST,1,voltage_bias,V_bias_-1_mV,25.0,>65,0.386793942088407,0.4139974942358184,-0.35573286144662036
T6_plain,DST,1,voltage_bias,V_bias_-1_mV,45.0,35-65,0.1682826091293179,0.19680319679995284,-0.151967014539814
T6_plain,DST,1,voltage_bias,V_bias_-1_mV,45.0,<=35,0.15777659613710263,0.20571142582631174,0.028482127568062177
T6_plain,DST,1,voltage_bias,V_bias_-1_mV,45.0,>65,0.13602340491250847,0.17750826107111947,-0.127725935103456
T6_plain,DST,1,voltage_bias,V_bias_-2_mV,0.0,35-65,0.22353132783179985,0.268029739467346,-0.06333138456650311
T6_plain,DST,1,voltage_bias,V_bias_-2_mV,0.0,<=35,0.29210100589888327,0.41259583488428414,-0.042446337364061164
T6_plain,DST,1,voltage_bias,V_bias_-2_mV,0.0,>65,0.27615548855135225,0.32425157579184366,-0.19475025348353558
T6_plain,DST,1,voltage_bias,V_bias_-2_mV,25.0,35-65,0.48143214439128595,0.5332754554633019,-0.4486994387629413
T6_plain,DST,1,voltage_bias,V_bias_-2_mV,25.0,<=35,0.7836047527169667,0.8237656099766933,-0.7836047527169667
T6_plain,DST,1,voltage_bias,V_bias_-2_mV,25.0,>65,0.47014565858782925,0.497269799290255,-0.44634484212531067
T6_plain,DST,1,voltage_bias,V_bias_-2_mV,45.0,35-65,0.3643508248630077,0.3887051488897294,-0.36147631108789685
T6_plain,DST,1,voltage_bias,V_bias_-2_mV,45.0,<=35,0.19317737848205663,0.2492012063148387,-0.12963845021416226
T6_plain,DST,1,voltage_bias,V_bias_-2_mV,45.0,>65,0.2227885649550004,0.2552063075024661,-0.22122362150014513
T6_plain,DST,1,voltage_bias,V_bias_-5_mV,0.0,35-65,0.5964747296627919,0.650221306694436,-0.5944295436274115
T6_plain,DST,1,voltage_bias,V_bias_-5_mV,0.0,<=35,0.6227009124365591,0.7188756426802086,-0.5820237603583807
T6_plain,DST,1,voltage_bias,V_bias_-5_mV,0.0,>65,0.4909552993455444,0.5555625935979793,-0.47332951815005736
T6_plain,DST,1,voltage_bias,V_bias_-5_mV,25.0,35-65,1.056567496730601,1.1160041038384052,-1.0522474540187152
T6_plain,DST,1,voltage_bias,V_bias_-5_mV,25.0,<=35,1.293947574262185,1.3368398178566763,-1.293947574262185
T6_plain,DST,1,voltage_bias,V_bias_-5_mV,25.0,>65,0.72804502938525,0.7586127675985858,-0.7191103506266693
T6_plain,DST,1,voltage_bias,V_bias_-5_mV,45.0,35-65,0.99547710992631,1.042194604055515,-0.99547710992631
T6_plain,DST,1,voltage_bias,V_bias_-5_mV,45.0,<=35,0.610785966724779,0.6955592546544773,-0.5955475284456694
T6_plain,DST,1,voltage_bias,V_bias_-5_mV,45.0,>65,0.5030069449044968,0.5245647669387621,-0.5030069449044968
T6_plain,DST,2,baseline,unperturbed,0.0,35-65,0.23047716604378005,0.28615248527799864,-0.012027711692471967
T6_plain,DST,2,baseline,unperturbed,0.0,<=35,0.36236653663551405,0.4668436088572209,0.057183975514018714
T6_plain,DST,2,baseline,unperturbed,0.0,>65,0.3420417660586835,0.39497047568128835,-0.3105456328310864
T6_plain,DST,2,baseline,unperturbed,25.0,35-65,0.22825842903752033,0.2883143984869938,-0.1832837340946167
T6_plain,DST,2,baseline,unperturbed,25.0,<=35,0.5039213194042316,0.5440362057136374,-0.48618935615256126
T6_plain,DST,2,baseline,unperturbed,25.0,>65,0.5079797698029009,0.5332821825489416,-0.4842105143175904
T6_plain,DST,2,baseline,unperturbed,45.0,35-65,0.11164332224380767,0.1508251693865759,-0.02481592010684796
T6_plain,DST,2,baseline,unperturbed,45.0,<=35,0.2327043938867584,0.285988119200062,0.2122268041732461
T6_plain,DST,2,baseline,unperturbed,45.0,>65,0.19969617677514803,0.22964862377220446,-0.19905366272189357
T6_plain,DST,2,current_bias,I_bias_+10_mA,0.0,35-65,0.2836362928789549,0.32761873333477304,-0.1865536172906557
T6_plain,DST,2,current_bias,I_bias_+10_mA,0.0,<=35,0.3808548153992543,0.4727795258684732,-0.12738663619875493
T6_plain,DST,2,current_bias,I_bias_+10_mA,0.0,>65,0.4198259866890602,0.47531674941764257,-0.40177991821741627
T6_plain,DST,2,current_bias,I_bias_+10_mA,25.0,35-65,0.3317556288816212,0.3888185782364688,-0.3234084543600516
T6_plain,DST,2,current_bias,I_bias_+10_mA,25.0,<=35,0.6190422706721177,0.6584410649291037,-0.6108119169460577
T6_plain,DST,2,current_bias,I_bias_+10_mA,25.0,>65,0.5659569223441241,0.5921698624006795,-0.5462882901427247
T6_plain,DST,2,current_bias,I_bias_+10_mA,45.0,35-65,0.193421672097855,0.2249043038142812,-0.1816606163474866
T6_plain,DST,2,current_bias,I_bias_+10_mA,45.0,<=35,0.16057684726726815,0.2144782879685258,0.09097977938472705
T6_plain,DST,2,current_bias,I_bias_+10_mA,45.0,>65,0.2678806068765314,0.290966853045103,-0.267660425345404
T6_plain,DST,2,current_bias,I_bias_+20_mA,0.0,35-65,0.40116337536246754,0.4465517079884845,-0.36190224401781745
T6_plain,DST,2,current_bias,I_bias_+20_mA,0.0,<=35,0.46479565265004646,0.5519479064970974,-0.3108934849013045
T6_plain,DST,2,current_bias,I_bias_+20_mA,0.0,>65,0.5016729981276583,0.5595402752971298,-0.49329820384926615
T6_plain,DST,2,current_bias,I_bias_+20_mA,25.0,35-65,0.4655809286473101,0.5127956706427536,-0.46420208458175793
T6_plain,DST,2,current_bias,I_bias_+20_mA,25.0,<=35,0.7394864297883674,0.7785509571959467,-0.7346009271794881
T6_plain,DST,2,current_bias,I_bias_+20_mA,25.0,>65,0.6245765571488976,0.6517845470231415,-0.6084786083478606
T6_plain,DST,2,current_bias,I_bias_+20_mA,45.0,35-65,0.3399232194129569,0.3661655402362068,-0.33913664727085846
T6_plain,DST,2,current_bias,I_bias_+20_mA,45.0,<=35,0.17166188922282935,0.21527077240872058,-0.029333874575918798
T6_plain,DST,2,current_bias,I_bias_+20_mA,45.0,>65,0.33651572095899196,0.3555812372175086,-0.33646465467402226
T6_plain,DST,2,current_bias,I_bias_-10_mA,0.0,35-65,0.2587579582038855,0.34948657733432203,0.16167596409110593
T6_plain,DST,2,current_bias,I_bias_-10_mA,0.0,<=35,0.4122751681979241,0.5374695962996051,0.24279382372062197
T6_plain,DST,2,current_bias,I_bias_-10_mA,0.0,>65,0.27458637615437387,0.3212076469860491,-0.2195981914750961
T6_plain,DST,2,current_bias,I_bias_-10_mA,25.0,35-65,0.18491747352456975,0.2412563141536241,-0.04382546642491587
T6_plain,DST,2,current_bias,I_bias_-10_mA,25.0,<=35,0.39645136380405605,0.44062510800755783,-0.36074530631624413
T6_plain,DST,2,current_bias,I_bias_-10_mA,25.0,>65,0.4505416934278949,0.47535071777833554,-0.42224420828917236
T6_plain,DST,2,current_bias,I_bias_-10_mA,45.0,35-65,0.18277574616405232,0.22354948906581865,0.13138570567078336
T6_plain,DST,2,current_bias,I_bias_-10_mA,45.0,<=35,0.34015308394556515,0.3930389806280584,0.3343991980991247
T6_plain,DST,2,current_bias,I_bias_-10_mA,45.0,>65,0.13355146080938604,0.17491661675600342,-0.13064581984370424
T6_plain,DST,2,current_bias,I_bias_-20_mA,0.0,35-65,0.363386157512679,0.4766502131808394,0.33455691874570587
T6_plain,DST,2,current_bias,I_bias_-20_mA,0.0,<=35,0.5171328628281394,0.6612358981737957,0.42941913196464976
T6_plain,DST,2,current_bias,I_bias_-20_mA,0.0,>65,0.21857689296344865,0.2594308954396592,-0.12893855778265645
T6_plain,DST,2,current_bias,I_bias_-20_mA,25.0,35-65,0.2330733779705584,0.275372904417285,0.09496477820451667
T6_plain,DST,2,current_bias,I_bias_-20_mA,25.0,<=35,0.2974494045764505,0.3588409249830425,-0.2344915143829083
T6_plain,DST,2,current_bias,I_bias_-20_mA,25.0,>65,0.39416267029153607,0.4187231584085949,-0.36039004786755335
T6_plain,DST,2,current_bias,I_bias_-20_mA,45.0,35-65,0.3067988374645183,0.362823867267089,0.2869351459956399
T6_plain,DST,2,current_bias,I_bias_-20_mA,45.0,<=35,0.45888032641870846,0.5146256248581478,0.45748999400114954
T6_plain,DST,2,current_bias,I_bias_-20_mA,45.0,>65,0.09052164518160521,0.13476281249990057,-0.06243829825697573
T6_plain,DST,2,voltage_bias,V_bias_+10_mV,0.0,35-65,1.7020287803176866,1.8256091647951818,1.7020287803176866
T6_plain,DST,2,voltage_bias,V_bias_+10_mV,0.0,<=35,1.9256332326552954,2.094731898382242,1.9256332326552954
T6_plain,DST,2,voltage_bias,V_bias_+10_mV,0.0,>65,0.5827667431426868,0.6061658800924578,0.5824715266006857
T6_plain,DST,2,voltage_bias,V_bias_+10_mV,25.0,35-65,1.7331275984174737,1.8607067592200908,1.7330830074257977
T6_plain,DST,2,voltage_bias,V_bias_+10_mV,25.0,<=35,1.3268088415930301,1.528544069342878,1.3156740069174748
T6_plain,DST,2,voltage_bias,V_bias_+10_mV,25.0,>65,0.39802234958786853,0.42236634082967706,0.39722247897038104
T6_plain,DST,2,voltage_bias,V_bias_+10_mV,45.0,35-65,2.0015951373653555,2.150346814203757,2.0015951373653555
T6_plain,DST,2,voltage_bias,V_bias_+10_mV,45.0,<=35,1.8959510391955963,2.0686928086745544,1.8959510391955963
T6_plain,DST,2,voltage_bias,V_bias_+10_mV,45.0,>65,0.7127949630619533,0.7453805662989602,0.7125820288314197
T6_plain,DST,2,voltage_bias,V_bias_+1_mV,0.0,35-65,0.25781736646910874,0.34892981337772144,0.16190512056029724
T6_plain,DST,2,voltage_bias,V_bias_+1_mV,0.0,<=35,0.41100258018594005,0.5360384911652817,0.23954576492729257
T6_plain,DST,2,voltage_bias,V_bias_+1_mV,0.0,>65,0.2743748103542645,0.3208375788247748,-0.2200542024584475
T6_plain,DST,2,voltage_bias,V_bias_+1_mV,25.0,35-65,0.19477509786908548,0.24443954749796099,0.011987502007195661
T6_plain,DST,2,voltage_bias,V_bias_+1_mV,25.0,<=35,0.3564811411524225,0.4059007795978376,-0.3123301015365034
T6_plain,DST,2,voltage_bias,V_bias_+1_mV,25.0,>65,0.4254445397170618,0.4500691445821316,-0.3952061006225098
T6_plain,DST,2,voltage_bias,V_bias_+1_mV,45.0,35-65,0.21918293149262436,0.2648228170880726,0.1822226360198545
T6_plain,DST,2,voltage_bias,V_bias_+1_mV,45.0,<=35,0.37804061374967673,0.43109346865055936,0.374358490619301
T6_plain,DST,2,voltage_bias,V_bias_+1_mV,45.0,>65,0.11343917065260961,0.15845397517437787,-0.10654265816871941
T6_plain,DST,2,voltage_bias,V_bias_+2_mV,0.0,35-65,0.362258120298348,0.47609536752570936,0.3352878927020018
T6_plain,DST,2,voltage_bias,V_bias_+2_mV,0.0,<=35,0.513295600651706,0.6569246097504868,0.4229457730003982
T6_plain,DST,2,voltage_bias,V_bias_+2_mV,0.0,>65,0.21763926048451235,0.25826224070116965,-0.12982465811002947
T6_plain,DST,2,voltage_bias,V_bias_+2_mV,25.0,35-65,0.3074628133443718,0.34536055222903433,0.20645386955517614
T6_plain,DST,2,voltage_bias,V_bias_+2_mV,25.0,<=35,0.23925485607917032,0.3220200657717081,-0.13699592084577364
T6_plain,DST,2,voltage_bias,V_bias_+2_mV,25.0,>65,0.34565193073022743,0.3698872207273375,-0.3063899198914823
T6_plain,DST,2,voltage_bias,V_bias_+2_mV,45.0,35-65,0.3973264746990991,0.4610852793616924,0.38832810207441604
T6_plain,DST,2,voltage_bias,V_bias_+2_mV,45.0,<=35,0.5385150069488609,0.5966030832309128,0.5379322922510756
T6_plain,DST,2,voltage_bias,V_bias_+2_mV,45.0,>65,0.08946917987257505,0.1231995952110762,-0.014322382632628066
T6_plain,DST,2,voltage_bias,V_bias_+5_mV,0.0,35-65,0.8520966918323597,0.9620575706185323,0.8520966918323597
T6_plain,DST,2,voltage_bias,V_bias_+5_mV,0.0,<=35,0.9914955073045545,1.1499775903413272,0.9792040167962655
T6_plain,DST,2,voltage_bias,V_bias_+5_mV,0.0,>65,0.18234806401533932,0.24019096722293257,0.1392854468350149
T6_plain,DST,2,voltage_bias,V_bias_+5_mV,25.0,35-65,0.7941599821197609,0.8862283743713317,0.7850092572068101
T6_plain,DST,2,voltage_bias,V_bias_+5_mV,25.0,<=35,0.4920511333099716,0.5986767539865182,0.3976027765044851
T6_plain,DST,2,voltage_bias,V_bias_+5_mV,25.0,>65,0.13787489207665615,0.18741447639604455,-0.04107729947813016
T6_plain,DST,2,voltage_bias,V_bias_+5_mV,45.0,35-65,1.0016247372433096,1.094685628806535,1.0008777255262788
T6_plain,DST,2,voltage_bias,V_bias_+5_mV,45.0,<=35,1.0371192685480883,1.1306108609698624,1.0371192685480883
T6_plain,DST,2,voltage_bias,V_bias_+5_mV,45.0,>65,0.2729885306056321,0.3002820968878963,0.26055828645260365
T6_plain,DST,2,voltage_bias,V_bias_-10_mV,0.0,35-65,1.7810760981331157,1.8416889035828692,-1.7810760981331157
T6_plain,DST,2,voltage_bias,V_bias_-10_mV,0.0,<=35,1.732241853802048,1.847069854485336,-1.705420732802208
T6_plain,DST,2,voltage_bias,V_bias_-10_mV,0.0,>65,1.2295510834919312,1.2805073185832911,-1.2295510834919312
T6_plain,DST,2,voltage_bias,V_bias_-10_mV,25.0,35-65,2.1793045818868353,2.2558223171526284,-2.1793045818868353
T6_plain,DST,2,voltage_bias,V_bias_-10_mV,25.0,<=35,2.1400537254665637,2.24965936511171,-2.1392001787411012
T6_plain,DST,2,voltage_bias,V_bias_-10_mV,25.0,>65,1.3842481884632956,1.4168435146485705,-1.3842481884632956
T6_plain,DST,2,voltage_bias,V_bias_-10_mV,45.0,35-65,2.1417569701002304,2.238306628213133,-2.1417569701002304
T6_plain,DST,2,voltage_bias,V_bias_-10_mV,45.0,<=35,1.3423503885913186,1.5209719478235915,-1.326973485320493
T6_plain,DST,2,voltage_bias,V_bias_-10_mV,45.0,>65,1.1395224070914116,1.1544320560082828,-1.1395224070914116
T6_plain,DST,2,voltage_bias,V_bias_-1_mV,0.0,35-65,0.2839105998862878,0.3281197934682355,-0.18650609905489565
T6_plain,DST,2,voltage_bias,V_bias_-1_mV,0.0,<=35,0.37994529809378214,0.471588982737478,-0.12412472489604283
T6_plain,DST,2,voltage_bias,V_bias_-1_mV,0.0,>65,0.4195992060838196,0.47541484911316256,-0.4012960405264302
T6_plain,DST,2,voltage_bias,V_bias_-1_mV,25.0,35-65,0.38306407561529554,0.4363260084368368,-0.37935882393047415
T6_plain,DST,2,voltage_bias,V_bias_-1_mV,25.0,<=35,0.6652098126036493,0.703980632784354,-0.6585480004747027
T6_plain,DST,2,voltage_bias,V_bias_-1_mV,25.0,>65,0.5916050042717687,0.6183787778280911,-0.5734006187809626
T6_plain,DST,2,voltage_bias,V_bias_-1_mV,45.0,35-65,0.23889757698477046,0.2676035521925448,-0.23276704060157005
T6_plain,DST,2,voltage_bias,V_bias_-1_mV,45.0,<=35,0.1538212021715597,0.20533996356147513,0.05155443348775167
T6_plain,DST,2,voltage_bias,V_bias_-1_mV,45.0,>65,0.2920091619538415,0.3133880144012528,-0.29185482797662193
T6_plain,DST,2,voltage_bias,V_bias_-2_mV,0.0,35-65,0.4007678311038366,0.4468674589163155,-0.3615307030948694
T6_plain,DST,2,voltage_bias,V_bias_-2_mV,0.0,<=35,0.4609565034436919,0.5474548085028837,-0.30436483891533866
T6_plain,DST,2,voltage_bias,V_bias_-2_mV,0.0,>65,0.5011179778146464,0.5595669327788083,-0.49230484115856515
T6_plain,DST,2,voltage_bias,V_bias_-2_mV,25.0,35-65,0.5762331510633488,0.6184632651184359,-0.5762331510633488
T6_plain,DST,2,voltage_bias,V_bias_-2_mV,25.0,<=35,0.8331875198716048,0.872804520102118,-0.8293855896305604
T6_plain,DST,2,voltage_bias,V_bias_-2_mV,25.0,>65,0.6762847238097611,0.7047430784840946,-0.6627747823316263
T6_plain,DST,2,voltage_bias,V_bias_-2_mV,45.0,35-65,0.4416382485746723,0.4667294276667917,-0.44161045715900255
T6_plain,DST,2,voltage_bias,V_bias_-2_mV,45.0,<=35,0.20950585916542075,0.25560835135703946,-0.10764265062549457
T6_plain,DST,2,voltage_bias,V_bias_-2_mV,45.0,>65,0.3849472953688605,0.4020785008976882,-0.38494135033573634
T6_plain,DST,2,voltage_bias,V_bias_-5_mV,0.0,35-65,0.8920315344761484,0.9376553941945492,-0.8898415486397384
T6_plain,DST,2,voltage_bias,V_bias_-5_mV,0.0,<=35,0.8929371610296432,0.9789779424967422,-0.8384751372781866
T6_plain,DST,2,voltage_bias,V_bias_-5_mV,0.0,>65,0.7677014847757824,0.8234838052487395,-0.7668733749803367
T6_plain,DST,2,voltage_bias,V_bias_-5_mV,25.0,35-65,1.171618476904557,1.2156246247374072,-1.171618476904557
T6_plain,DST,2,voltage_bias,V_bias_-5_mV,25.0,<=35,1.334062262698883,1.3932850483434656,-1.3325664798024837
T6_plain,DST,2,voltage_bias,V_bias_-5_mV,25.0,>65,0.9354990468410777,0.9685036095044286,-0.931990119379863
T6_plain,DST,2,voltage_bias,V_bias_-5_mV,45.0,35-65,1.0732783051605874,1.1185348345915043,-1.0732783051605874
T6_plain,DST,2,voltage_bias,V_bias_-5_mV,45.0,<=35,0.6064288621214056,0.7036697325308358,-0.5762728029104324
T6_plain,DST,2,voltage_bias,V_bias_-5_mV,45.0,>65,0.665880445807474,0.6791774182001069,-0.665880445807474
T6_plain,FUDS,0,baseline,unperturbed,0.0,35-65,0.5040395014208214,0.7170029817284149,-0.35595553965383625
T6_plain,FUDS,0,baseline,unperturbed,0.0,<=35,0.7238753421967112,0.7949443060717422,0.09032203602233942
T6_plain,FUDS,0,baseline,unperturbed,0.0,>65,0.1806994625585023,0.2411779700203299,-0.14759857410296412
T6_plain,FUDS,0,baseline,unperturbed,25.0,35-65,0.4463597411494254,0.5386379158845492,-0.4437619958620691
T6_plain,FUDS,0,baseline,unperturbed,25.0,<=35,0.3687830616751269,0.472054881607649,-0.1929835489847716
T6_plain,FUDS,0,baseline,unperturbed,25.0,>65,0.16471400181620036,0.21769759086628562,-0.07561908935706498
T6_plain,FUDS,0,baseline,unperturbed,45.0,35-65,0.5032152966204716,0.5940526605995626,-0.4973660974957452
T6_plain,FUDS,0,baseline,unperturbed,45.0,<=35,0.5103842156236419,0.67653551299925,-0.48513443470230344
T6_plain,FUDS,0,baseline,unperturbed,45.0,>65,0.19933313102725392,0.22543881434864513,-0.18935485779175423
T6_plain,FUDS,0,current_bias,I_bias_+10_mA,0.0,35-65,0.5970074904381297,0.8300987534117326,-0.5244967940845672
T6_plain,FUDS,0,current_bias,I_bias_+10_mA,0.0,<=35,0.6874832560592251,0.7904608328628328,-0.10542373267758093
T6_plain,FUDS,0,current_bias,I_bias_+10_mA,0.0,>65,0.24972770120051802,0.3031985340301651,-0.24051093920706218
T6_plain,FUDS,0,current_bias,I_bias_+10_mA,25.0,35-65,0.5698609280550079,0.6490463604019399,-0.5698475614456265
T6_plain,FUDS,0,current_bias,I_bias_+10_mA,25.0,<=35,0.4118942803179114,0.5349117018912388,-0.33335734717836796
T6_plain,FUDS,0,current_bias,I_bias_+10_mA,25.0,>65,0.20108205144778693,0.2518327992367572,-0.141733695711562
T6_plain,FUDS,0,current_bias,I_bias_+10_mA,45.0,35-65,0.636353042321791,0.7194833482425265,-0.6330557445959345
T6_plain,FUDS,0,current_bias,I_bias_+10_mA,45.0,<=35,0.6295625460786662,0.7877744660003714,-0.6233395517250891
T6_plain,FUDS,0,current_bias,I_bias_+10_mA,45.0,>65,0.2671399757615949,0.2908019853765896,-0.26264767547279544
T6_plain,FUDS,0,current_bias,I_bias_+20_mA,0.0,35-65,0.717420086248831,0.9619664163223226,-0.693623510849604
T6_plain,FUDS,0,current_bias,I_bias_+20_mA,0.0,<=35,0.667242473855755,0.8354455571296112,-0.30024390094706416
T6_plain,FUDS,0,current_bias,I_bias_+20_mA,0.0,>65,0.33517103694162953,0.37882619984709653,-0.33366675026692766
T6_plain,FUDS,0,current_bias,I_bias_+20_mA,25.0,35-65,0.6964243694378383,0.7667613117183377,-0.6964243694378383
T6_plain,FUDS,0,current_bias,I_bias_+20_mA,25.0,<=35,0.5029328899035409,0.6263679055420239,-0.4731980387036869
T6_plain,FUDS,0,current_bias,I_bias_+20_mA,25.0,>65,0.24899050890239774,0.29709443031422167,-0.20791836201295816
T6_plain,FUDS,0,current_bias,I_bias_+20_mA,45.0,35-65,0.7708755051808318,0.850928668079809,-0.7693449668311655
T6_plain,FUDS,0,current_bias,I_bias_+20_mA,45.0,<=35,0.7643481573150184,0.910381269721159,-0.7610147185497007
T6_plain,FUDS,0,current_bias,I_bias_+20_mA,45.0,>65,0.3378825772721553,0.3595370261072026,-0.3360314021366049
T6_plain,FUDS,0,current_bias,I_bias_-10_mA,0.0,35-65,0.4380696639685289,0.6323293132678728,-0.18799651315689778
T6_plain,FUDS,0,current_bias,I_bias_-10_mA,0.0,<=35,0.7686122818269151,0.8486766141815797,0.28697688169182656
T6_plain,FUDS,0,current_bias,I_bias_-10_mA,0.0,>65,0.15141598123569458,0.20517170148164204,-0.05492985523238758
T6_plain,FUDS,0,current_bias,I_bias_-10_mA,25.0,35-65,0.3469538524197843,0.4405914026735798,-0.31817047377691166
T6_plain,FUDS,0,current_bias,I_bias_-10_mA,25.0,<=35,0.36750090238022326,0.4504250250592204,-0.05208480470927798
T6_plain,FUDS,0,current_bias,I_bias_-10_mA,25.0,>65,0.15032495393976822,0.20039077641113612,-0.009573475168740216
T6_plain,FUDS,0,current_bias,I_bias_-10_mA,45.0,35-65,0.37798105600116744,0.4788025023841971,-0.3622759257125854
T6_plain,FUDS,0,current_bias,I_bias_-10_mA,45.0,<=35,0.4398342560253304,0.5835244244630112,-0.34640850025747294
T6_plain,FUDS,0,current_bias,I_bias_-10_mA,45.0,>65,0.1372150205081858,0.16734347882138326,-0.11615429729741582
T6_plain,FUDS,0,current_bias,I_bias_-20_mA,0.0,35-65,0.4225943311526772,0.5879426470630542,-0.02062099425139415
T6_plain,FUDS,0,current_bias,I_bias_-20_mA,0.0,<=35,0.8177250358709197,0.9437716105132455,0.48452424078739914
T6_plain,FUDS,0,current_bias,I_bias_-20_mA,0.0,>65,0.1621913982353984,0.20877960897264358,0.03749306743687286
T6_plain,FUDS,0,current_bias,I_bias_-20_mA,25.0,35-65,0.2809611115469307,0.3644370825297985,-0.1930725351242154
T6_plain,FUDS,0,current_bias,I_bias_-20_mA,25.0,<=35,0.40455791052747264,0.476124939665409,0.08933769235202546
T6_plain,FUDS,0,current_bias,I_bias_-20_mA,25.0,>65,0.15556463253912756,0.20417340515501248,0.05640154646307359
T6_plain,FUDS,0,current_bias,I_bias_-20_mA,45.0,35-65,0.28702352157170585,0.3823184686736469,-0.2277830987812601
T6_plain,FUDS,0,current_bias,I_bias_-20_mA,45.0,<=35,0.40407327252408237,0.5189852358644423,-0.20717272109201548
T6_plain,FUDS,0,current_bias,I_bias_-20_mA,45.0,>65,0.09312675837167975,0.12678811915887248,-0.04304978777983412
T6_plain,FUDS,0,voltage_bias,V_bias_+10_mV,0.0,35-65,1.3194853667795432,1.39647903055133,1.2816166985850017
T6_plain,FUDS,0,voltage_bias,V_bias_+10_mV,0.0,<=35,2.0468735189245133,2.2563732194996806,2.046861599213234
T6_plain,FUDS,0,voltage_bias,V_bias_+10_mV,0.0,>65,0.7724639197493388,0.8174030810581167,0.7647329090408825
T6_plain,FUDS,0,voltage_bias,V_bias_+10_mV,25.0,35-65,1.2634207685693588,1.3872089550094553,1.2634207685693588
T6_plain,FUDS,0,voltage_bias,V_bias_+10_mV,25.0,<=35,1.7867109297431563,1.9768124979114827,1.779427043041209
T6_plain,FUDS,0,voltage_bias,V_bias_+10_mV,25.0,>65,0.8486462976142282,0.8646984984877363,0.8486462976142282
T6_plain,FUDS,0,voltage_bias,V_bias_+10_mV,45.0,35-65,1.2956821751282588,1.4044047297756104,1.2956821751282588
T6_plain,FUDS,0,voltage_bias,V_bias_+10_mV,45.0,<=35,1.4050215055230446,1.666054488460826,1.3978711008838127
T6_plain,FUDS,0,voltage_bias,V_bias_+10_mV,45.0,>65,0.786181722723363,0.8026453006780284,0.7861446015194425
T6_plain,FUDS,0,voltage_bias,V_bias_+1_mV,0.0,35-65,0.43841047315201664,0.6326394810716103,-0.18992007021888177
T6_plain,FUDS,0,voltage_bias,V_bias_+1_mV,0.0,<=35,0.7663882271134692,0.8456470799251873,0.2821439508173645
T6_plain,FUDS,0,voltage_bias,V_bias_+1_mV,0.0,>65,0.1517619068470388,0.2052892310599143,-0.05524422556476923
T6_plain,FUDS,0,voltage_bias,V_bias_+1_mV,25.0,35-65,0.3170914797524463,0.4074920510946857,-0.2693193194604809
T6_plain,FUDS,0,voltage_bias,V_bias_+1_mV,25.0,<=35,0.3783020674241132,0.4557400967359988,7.229416252433222e-05
T6_plain,FUDS,0,voltage_bias,V_bias_+1_mV,25.0,>65,0.15087447594427783,0.2001480361871659,0.017668876440145833
T6_plain,FUDS,0,voltage_bias,V_bias_+1_mV,45.0,35-65,0.3405197356634346,0.44135169562242976,-0.3140617915929659
T6_plain,FUDS,0,voltage_bias,V_bias_+1_mV,45.0,<=35,0.4248516139821938,0.5586664965097575,-0.30116325423234447
T6_plain,FUDS,0,voltage_bias,V_bias_+1_mV,45.0,>65,0.11870067544615925,0.15072563926187083,-0.0906769000138311
T6_plain,FUDS,0,voltage_bias,V_bias_+2_mV,0.0,35-65,0.42188034000347246,0.5873875216007353,-0.024389498302261677
T6_plain,FUDS,0,voltage_bias,V_bias_+2_mV,0.0,<=35,0.8129375887481044,0.9362673267084144,0.4748574143697555
T6_plain,FUDS,0,voltage_bias,V_bias_+2_mV,0.0,>65,0.16260545687654945,0.20875374919374168,0.03686364099324026
T6_plain,FUDS,0,voltage_bias,V_bias_+2_mV,25.0,35-65,0.2560605190045955,0.3293127759808096,-0.09570216270277533
T6_plain,FUDS,0,voltage_bias,V_bias_+2_mV,25.0,<=35,0.4539799942813009,0.524578191936673,0.19411331079233154
T6_plain,FUDS,0,voltage_bias,V_bias_+2_mV,25.0,>65,0.17674595064353166,0.2240286327469223,0.11076995025844269
T6_plain,FUDS,0,voltage_bias,V_bias_+2_mV,45.0,35-65,0.25225352779517163,0.33276798545404607,-0.1316424436038328
T6_plain,FUDS,0,voltage_bias,V_bias_+2_mV,45.0,<=35,0.3982913231764262,0.49796750863062994,-0.11617822009210063
T6_plain,FUDS,0,voltage_bias,V_bias_+2_mV,45.0,>65,0.08755736876269003,0.12001764212524083,0.00775550992444535
T6_plain,FUDS,0,voltage_bias,V_bias_+5_mV,0.0,35-65,0.6282611932612078,0.7252161202387128,0.46917126505902546
T6_plain,FUDS,0,voltage_bias,V_bias_+5_mV,0.0,<=35,1.1092086346095997,1.3563685825858711,1.0581980650131495
T6_plain,FUDS,0,voltage_bias,V_bias_+5_mV,0.0,>65,0.3447628667987579,0.3890366898078353,0.3116992655727606
T6_plain,FUDS,0,voltage_bias,V_bias_+5_mV,25.0,35-65,0.4746910419170931,0.5699024188177779,0.4201776430429743
T6_plain,FUDS,0,voltage_bias,V_bias_+5_mV,25.0,<=35,0.8696507994276902,0.9918038839944583,0.7819309275530624
T6_plain,FUDS,0,voltage_bias,V_bias_+5_mV,25.0,>65,0.3935046088448332,0.42935328990647365,0.3889283533335781
T6_plain,FUDS,0,voltage_bias,V_bias_+5_mV,45.0,35-65,0.4570249883102576,0.5402730728468896,0.41028112522632576
T6_plain,FUDS,0,voltage_bias,V_bias_+5_mV,45.0,<=35,0.6123165421677031,0.7441884809167959,0.4446707599134142
T6_plain,FUDS,0,voltage_bias,V_bias_+5_mV,45.0,>65,0.3035439802995277,0.3269179844797249,0.3015623632921262
T6_plain,FUDS,0,voltage_bias,V_bias_-10_mV,0.0,35-65,2.043575791201622,2.234628902976218,-2.043575791201622
T6_plain,FUDS,0,voltage_bias,V_bias_-10_mV,0.0,<=35,1.7760880499200282,1.9732266844714583,-1.7760880499200282
T6_plain,FUDS,0,voltage_bias,V_bias_-10_mV,0.0,>65,1.0844290697759547,1.0983078759654326,-1.0844290697759547
T6_plain,FUDS,0,voltage_bias,V_bias_-10_mV,25.0,35-65,2.233090886722933,2.3235168590177038,-2.233090886722933
T6_plain,FUDS,0,voltage_bias,V_bias_-10_mV,25.0,<=35,2.065753496269072,2.159511738893578,-2.065753496269072
T6_plain,FUDS,0,voltage_bias,V_bias_-10_mV,25.0,>65,1.0185911156140877,1.0501700378953887,-1.0185911156140877
T6_plain,FUDS,0,voltage_bias,V_bias_-10_mV,45.0,35-65,2.378232260614549,2.498402104323692,-2.378232260614549
T6_plain,FUDS,0,voltage_bias,V_bias_-10_mV,45.0,<=35,2.266527364185776,2.481080328944288,-2.265256432584349
T6_plain,FUDS,0,voltage_bias,V_bias_-10_mV,45.0,>65,1.1891419364766855,1.2036046867023074,-1.1891419364766855
T6_plain,FUDS,0,voltage_bias,V_bias_-1_mV,0.0,35-65,0.595734611655513,0.8289357764633676,-0.5224907374808002
T6_plain,FUDS,0,voltage_bias,V_bias_-1_mV,0.0,<=35,0.6892166294736639,0.7912764502274143,-0.10059533433596914
T6_plain,FUDS,0,voltage_bias,V_bias_-1_mV,0.0,>65,0.24944372365775389,0.30294231324763343,-0.24019716399125862
T6_plain,FUDS,0,voltage_bias,V_bias_-1_mV,25.0,35-65,0.6190297729762463,0.6940186793885336,-0.6190297729762463
T6_plain,FUDS,0,voltage_bias,V_bias_-1_mV,25.0,<=35,0.4396519026068206,0.5652470208502883,-0.38504284812511486
T6_plain,FUDS,0,voltage_bias,V_bias_-1_mV,25.0,>65,0.22014375897706212,0.26886244581278873,-0.16909370857799685
T6_plain,FUDS,0,voltage_bias,V_bias_-1_mV,45.0,35-65,0.6840552439686417,0.7655983621722225,-0.6815529783159956
T6_plain,FUDS,0,voltage_bias,V_bias_-1_mV,45.0,<=35,0.6729209133339755,0.8268880951766293,-0.6680736327542687
T6_plain,FUDS,0,voltage_bias,V_bias_-1_mV,45.0,>65,0.2917695017506555,0.314402053258293,-0.2882751090183966
T6_plain,FUDS,0,voltage_bias,V_bias_-2_mV,0.0,35-65,0.7141030959997333,0.9591078198161967,-0.6895274322356054
T6_plain,FUDS,0,voltage_bias,V_bias_-2_mV,0.0,<=35,0.6693186669594015,0.8346964727186116,-0.2905946281250471
T6_plain,FUDS,0,voltage_bias,V_bias_-2_mV,0.0,>65,0.33455974887865164,0.37827516709699543,-0.33303992048430187
T6_plain,FUDS,0,voltage_bias,V_bias_-2_mV,25.0,35-65,0.7951208629922276,0.8611692300836269,-0.7951208629922276
T6_plain,FUDS,0,voltage_bias,V_bias_-2_mV,25.0,<=35,0.5881620518619468,0.704688887120701,-0.5760858125805548
T6_plain,FUDS,0,voltage_bias,V_bias_-2_mV,25.0,>65,0.29237369583622624,0.33888598161468797,-0.262755577015997
T6_plain,FUDS,0,voltage_bias,V_bias_-2_mV,45.0,35-65,0.8673780532678631,0.9463666437100692,-0.8666210665801456
T6_plain,FUDS,0,voltage_bias,V_bias_-2_mV,45.0,<=35,0.8529210303973304,0.9945824921335026,-0.8499622496753664
T6_plain,FUDS,0,voltage_bias,V_bias_-2_mV,45.0,>65,0.3881898407862016,0.4085655275414732,-0.38743544953213643
T6_plain,FUDS,0,voltage_bias,V_bias_-5_mV,0.0,35-65,1.193619465586606,1.4077080836531255,-1.193619465586606
T6_plain,FUDS,0,voltage_bias,V_bias_-5_mV,0.0,<=35,0.9338107351206365,1.1650379652350797,-0.854959749659559
T6_plain,FUDS,0,voltage_bias,V_bias_-5_mV,0.0,>65,0.6130203743749847,0.6360590673491894,-0.6130203743749847
T6_plain,FUDS,0,voltage_bias,V_bias_-5_mV,25.0,35-65,1.3283057380091523,1.3934140804226736,-1.3283057380091523
T6_plain,FUDS,0,voltage_bias,V_bias_-5_mV,25.0,<=35,1.1429272769000625,1.224183178876588,-1.1429272769000625
T6_plain,FUDS,0,voltage_bias,V_bias_-5_mV,25.0,>65,0.5483907521065832,0.591157610827791,-0.5448409605562742
T6_plain,FUDS,0,voltage_bias,V_bias_-5_mV,45.0,35-65,1.4270596444765122,1.51395501037027,-1.4270596444765122
T6_plain,FUDS,0,voltage_bias,V_bias_-5_mV,45.0,<=35,1.3910867324196368,1.5398309064232545,-1.3891568622744563
T6_plain,FUDS,0,voltage_bias,V_bias_-5_mV,45.0,>65,0.6863416781094523,0.7019633343363467,-0.6863416781094523
T6_plain,FUDS,1,baseline,unperturbed,0.0,35-65,0.48506835055541203,0.6638926028285137,-0.25470820175665204
T6_plain,FUDS,1,baseline,unperturbed,0.0,<=35,0.7212989284207261,0.8113113214954537,0.15356560400248212
T6_plain,FUDS,1,baseline,unperturbed,0.0,>65,0.16290248205928232,0.2189318793930845,-0.024820898595943865
T6_plain,FUDS,1,baseline,unperturbed,25.0,35-65,0.32052620666666654,0.4303679796521888,-0.2692161413793104
T6_plain,FUDS,1,baseline,unperturbed,25.0,<=35,0.3739599041116751,0.4608249522290734,-0.09497583964467007
T6_plain,FUDS,1,baseline,unperturbed,25.0,>65,0.18595752451870678,0.26222621153618353,0.08485882709771154
T6_plain,FUDS,1,baseline,unperturbed,45.0,35-65,0.3096288701677607,0.38917926096314825,-0.28620552565037677
T6_plain,FUDS,1,baseline,unperturbed,45.0,<=35,0.45171744626249444,0.5897743076299755,-0.37433394656671015
T6_plain,FUDS,1,baseline,unperturbed,45.0,>65,0.10732172536687634,0.1535875416030141,0.05966012438853938
T6_plain,FUDS,1,current_bias,I_bias_+10_mA,0.0,35-65,0.5606149910344621,0.761138463236449,-0.4255500003603337
T6_plain,FUDS,1,current_bias,I_bias_+10_mA,0.0,<=35,0.6835080825210852,0.7954780050583127,-0.040626053800185684
T6_plain,FUDS,1,current_bias,I_bias_+10_mA,0.0,>65,0.17867104827498195,0.24343517385218663,-0.12009366063905026
T6_plain,FUDS,1,current_bias,I_bias_+10_mA,25.0,35-65,0.41140636580414347,0.5253394043936082,-0.39948762930251386
T6_plain,FUDS,1,current_bias,I_bias_+10_mA,25.0,<=35,0.3873344805983241,0.49172211748864686,-0.23269461979669323
T6_plain,FUDS,1,current_bias,I_bias_+10_mA,25.0,>65,0.17485099798493628,0.2512064190312962,0.019595505107892045
T6_plain,FUDS,1,current_bias,I_bias_+10_mA,45.0,35-65,0.44162744409123295,0.5138225186767746,-0.43129862099404287
T6_plain,FUDS,1,current_bias,I_bias_+10_mA,45.0,<=35,0.5313001738224556,0.6800936333205526,-0.5090593472886951
T6_plain,FUDS,1,current_bias,I_bias_+10_mA,45.0,>65,0.09276100971475702,0.13732928803072275,-0.007683113557214502
T6_plain,FUDS,1,current_bias,I_bias_+20_mA,0.0,35-65,0.6633231594092492,0.8835800613936422,-0.5969732089476038
T6_plain,FUDS,1,current_bias,I_bias_+20_mA,0.0,<=35,0.6755993013293183,0.8287534620691999,-0.23381933797938612
T6_plain,FUDS,1,current_bias,I_bias_+20_mA,0.0,>65,0.23606236418893367,0.29888966298219566,-0.2156233057160162
T6_plain,FUDS,1,current_bias,I_bias_+20_mA,25.0,35-65,0.53481228735712,0.6359498187770859,-0.5302709748099931
T6_plain,FUDS,1,current_bias,I_bias_+20_mA,25.0,<=35,0.4342277735956946,0.5595792585556449,-0.3698753022007829
T6_plain,FUDS,1,current_bias,I_bias_+20_mA,25.0,>65,0.1801830308858508,0.25701681257439996,-0.045756575455848214
T6_plain,FUDS,1,current_bias,I_bias_+20_mA,45.0,35-65,0.582526976426666,0.651036996054495,-0.5769161331690207
T6_plain,FUDS,1,current_bias,I_bias_+20_mA,45.0,<=35,0.6532394179994054,0.7877873522532591,-0.6432729976409214
T6_plain,FUDS,1,current_bias,I_bias_+20_mA,45.0,>65,0.11654342405436251,0.15328795934730852,-0.07512168509861217
T6_plain,FUDS,1,current_bias,I_bias_-10_mA,0.0,35-65,0.4577411415922144,0.6036366659748782,-0.08444877592740842
T6_plain,FUDS,1,current_bias,I_bias_-10_mA,0.0,<=35,0.7733351855858543,0.8742013641738657,0.34873712876915597
T6_plain,FUDS,1,current_bias,I_bias_-10_mA,0.0,>65,0.18222450074315175,0.23497155907982736,0.0701967156492343
T6_plain,FUDS,1,current_bias,I_bias_-10_mA,25.0,35-65,0.2669801540576539,0.36292681554761425,-0.13946251445381785
T6_plain,FUDS,1,current_bias,I_bias_-10_mA,25.0,<=35,0.40097647825423577,0.4746350080148124,0.04326900579502777
T6_plain,FUDS,1,current_bias,I_bias_-10_mA,25.0,>65,0.21421826146973175,0.28809585103047947,0.15003610025528782
T6_plain,FUDS,1,current_bias,I_bias_-10_mA,45.0,35-65,0.21679780430513432,0.2927771711238919,-0.1416405336745058
T6_plain,FUDS,1,current_bias,I_bias_-10_mA,45.0,<=35,0.4140680008196859,0.5262625747242152,-0.23910502750602658
T6_plain,FUDS,1,current_bias,I_bias_-10_mA,45.0,>65,0.1501230189937161,0.1940440565112177,0.1269066339223289
T6_plain,FUDS,1,current_bias,I_bias_-20_mA,0.0,35-65,0.4665552438657992,0.5912613825566206,0.08522612187625067
T6_plain,FUDS,1,current_bias,I_bias_-20_mA,0.0,<=35,0.8328047285552335,0.9756182204568218,0.5448700611371851
T6_plain,FUDS,1,current_bias,I_bias_-20_mA,0.0,>65,0.2334694421205505,0.28454760110559757,0.16495672853624577
T6_plain,FUDS,1,current_bias,I_bias_-20_mA,25.0,35-65,0.2601046574591573,0.33919203839247897,-0.010228899302050783
T6_plain,FUDS,1,current_bias,I_bias_-20_mA,25.0,<=35,0.45974031658777614,0.5300742861363313,0.18203739387635084
T6_plain,FUDS,1,current_bias,I_bias_-20_mA,25.0,>65,0.2547828371466966,0.32524307978227307,0.21512641618527295
T6_plain,FUDS,1,current_bias,I_bias_-20_mA,45.0,35-65,0.20462139829549833,0.2575128249845106,0.0023957874113436175
T6_plain,FUDS,1,current_bias,I_bias_-20_mA,45.0,<=35,0.41167673778210917,0.5002953149932086,-0.10338198095718396
T6_plain,FUDS,1,current_bias,I_bias_-20_mA,45.0,>65,0.2069978050606471,0.2470176855080916,0.19405659569178474
T6_plain,FUDS,1,voltage_bias,V_bias_+10_mV,0.0,35-65,1.3995403907823734,1.4979411373340965,1.3791592847908827
T6_plain,FUDS,1,voltage_bias,V_bias_+10_mV,0.0,<=35,2.1095332151707558,2.3048652861285244,2.1072587398001983
T6_plain,FUDS,1,voltage_bias,V_bias_+10_mV,0.0,>65,0.8975876918877291,0.9500966988717292,0.8964137614853037
T6_plain,FUDS,1,voltage_bias,V_bias_+10_mV,25.0,35-65,1.4808595718913722,1.5970459898890628,1.4808595718913722
T6_plain,FUDS,1,voltage_bias,V_bias_+10_mV,25.0,<=35,1.8664754288497294,2.0756103288642036,1.8621290088295033
T6_plain,FUDS,1,voltage_bias,V_bias_+10_mV,25.0,>65,0.9936786662281284,1.020168811044461,0.9936786662281284
T6_plain,FUDS,1,voltage_bias,V_bias_+10_mV,45.0,35-65,1.6077853819503618,1.713711886718778,1.6077853819503618
T6_plain,FUDS,1,voltage_bias,V_bias_+10_mV,45.0,<=35,1.4839419107407876,1.7613726669079433,1.4552493599110656
T6_plain,FUDS,1,voltage_bias,V_bias_+10_mV,45.0,>65,0.9807557623269154,1.0149893960700456,0.9804991661582002
T6_plain,FUDS,1,voltage_bias,V_bias_+1_mV,0.0,35-65,0.45774485509833707,0.6038484093192523,-0.08881725207939732
T6_plain,FUDS,1,voltage_bias,V_bias_+1_mV,0.0,<=35,0.7718816919712759,0.872528447950229,0.3453290230713969
T6_plain,FUDS,1,voltage_bias,V_bias_+1_mV,0.0,>65,0.18144952933831285,0.2343088416836262,0.06843022832084926
T6_plain,FUDS,1,voltage_bias,V_bias_+1_mV,25.0,35-65,0.2591899297384749,0.34755266842676724,-0.09010856070316366
T6_plain,FUDS,1,voltage_bias,V_bias_+1_mV,25.0,<=35,0.42050635644342627,0.49208567932842273,0.09724210955972638
T6_plain,FUDS,1,voltage_bias,V_bias_+1_mV,25.0,>65,0.22989575371837223,0.3018233048025547,0.17662391362262223
T6_plain,FUDS,1,voltage_bias,V_bias_+1_mV,45.0,35-65,0.20355528852498475,0.27119497366071094,-0.09275597265496262
T6_plain,FUDS,1,voltage_bias,V_bias_+1_mV,45.0,<=35,0.40938774830279084,0.5132811516238162,-0.19523600239443964
T6_plain,FUDS,1,voltage_bias,V_bias_+1_mV,45.0,>65,0.17112842810170545,0.2134695355562021,0.15295103548834985
T6_plain,FUDS,1,voltage_bias,V_bias_+2_mV,0.0,35-65,0.46455028145028193,0.589105288885433,0.07651857771256128
T6_plain,FUDS,1,voltage_bias,V_bias_+2_mV,0.0,<=35,0.8296159933326167,0.9709260851080678,0.5379370547823598
T6_plain,FUDS,1,voltage_bias,V_bias_+2_mV,0.0,>65,0.23122547010963296,0.28224032270538374,0.16143392200413434
T6_plain,FUDS,1,voltage_bias,V_bias_+2_mV,25.0,35-65,0.28403392953351947,0.35505677966313803,0.0880897919242069
T6_plain,FUDS,1,voltage_bias,V_bias_+2_mV,25.0,<=35,0.5215011399669921,0.5951483853813478,0.29028970699676443
T6_plain,FUDS,1,voltage_bias,V_bias_+2_mV,25.0,>65,0.2948027893674928,0.3610265194535543,0.2681956097658367
T6_plain,FUDS,1,voltage_bias,V_bias_+2_mV,45.0,35-65,0.23077339321835977,0.27896641087324037,0.09980887495174917
T6_plain,FUDS,1,voltage_bias,V_bias_+2_mV,45.0,<=35,0.4249576531316775,0.5065588231223733,-0.015240592533433373
T6_plain,FUDS,1,voltage_bias,V_bias_+2_mV,45.0,>65,0.2549938300388849,0.29223715309432974,0.245977412441848
T6_plain,FUDS,1,voltage_bias,V_bias_+5_mV,0.0,35-65,0.6901416269272214,0.799806577563723,0.5691926653961265
T6_plain,FUDS,1,voltage_bias,V_bias_+5_mV,0.0,<=35,1.1702423399016921,1.4018927438852367,1.120664796578029
T6_plain,FUDS,1,voltage_bias,V_bias_+5_mV,0.0,>65,0.4606210406957556,0.509305056766827,0.43894919148297834
T6_plain,FUDS,1,voltage_bias,V_bias_+5_mV,25.0,35-65,0.6445234884749593,0.7412816924687918,0.6172201014018267
T6_plain,FUDS,1,voltage_bias,V_bias_+5_mV,25.0,<=35,0.9516748154480679,1.0919661286512479,0.8742002103600107
T6_plain,FUDS,1,voltage_bias,V_bias_+5_mV,25.0,>65,0.5446710895382472,0.5903384692232967,0.5417370344585747
T6_plain,FUDS,1,voltage_bias,V_bias_+5_mV,45.0,35-65,0.6806333973379842,0.756807502745615,0.6721291380934805
T6_plain,FUDS,1,voltage_bias,V_bias_+5_mV,45.0,<=35,0.7136590737590185,0.8430026738004405,0.529988954002895
T6_plain,FUDS,1,voltage_bias,V_bias_+5_mV,45.0,>65,0.5255968063854587,0.5573598943025185,0.5234579267362944
T6_plain,FUDS,1,voltage_bias,V_bias_-10_mV,0.0,35-65,1.943676656605115,2.132048202845663,-1.943676656605115
T6_plain,FUDS,1,voltage_bias,V_bias_-10_mV,0.0,<=35,1.7145370753820839,1.9308001117051412,-1.7144736915910541
T6_plain,FUDS,1,voltage_bias,V_bias_-10_mV,0.0,>65,0.9706529342197293,0.992203350557926,-0.9706529342197293
T6_plain,FUDS,1,voltage_bias,V_bias_-10_mV,25.0,35-65,2.109570551476156,2.211556768494751,-2.109570551476156
T6_plain,FUDS,1,voltage_bias,V_bias_-10_mV,25.0,<=35,1.9678300245774274,2.055632295728097,-1.9678300245774274
T6_plain,FUDS,1,voltage_bias,V_bias_-10_mV,25.0,>65,0.8482202435145602,0.8929198292313442,-0.8432263806200953
T6_plain,FUDS,1,voltage_bias,V_bias_-10_mV,45.0,35-65,2.267646670483405,2.3831892393347682,-2.267646670483405
T6_plain,FUDS,1,voltage_bias,V_bias_-10_mV,45.0,<=35,2.1132068172109872,2.286331262305166,-2.1129314270422235
T6_plain,FUDS,1,voltage_bias,V_bias_-10_mV,45.0,>65,0.8875252061211982,0.9029513085507219,-0.8874448922240861
T6_plain,FUDS,1,voltage_bias,V_bias_-1_mV,0.0,35-65,0.5586311267104251,0.7589340653316403,-0.4211501651746198
T6_plain,FUDS,1,voltage_bias,V_bias_-1_mV,0.0,<=35,0.6844006054335589,0.795337351368347,-0.03733891705128561
T6_plain,FUDS,1,voltage_bias,V_bias_-1_mV,0.0,>65,0.17797427564087145,0.2426498949211769,-0.118316663458909
T6_plain,FUDS,1,voltage_bias,V_bias_-1_mV,25.0,35-65,0.45625438524417583,0.5660255304223761,-0.4492295147453572
T6_plain,FUDS,1,voltage_bias,V_bias_-1_mV,25.0,<=35,0.3991523160490029,0.5137475458749701,-0.28635280794247114
T6_plain,FUDS,1,voltage_bias,V_bias_-1_mV,25.0,>65,0.1747346494760675,0.25186457550155344,-0.007097589591134801
T6_plain,FUDS,1,voltage_bias,V_bias_-1_mV,45.0,35-65,0.488469863579759,0.559144058210543,-0.48053375746298727
T6_plain,FUDS,1,voltage_bias,V_bias_-1_mV,45.0,<=35,0.5687956609402585,0.7132639485990113,-0.5525199723542544
T6_plain,FUDS,1,voltage_bias,V_bias_-1_mV,45.0,>65,0.09816688998839075,0.13999506662009759,-0.03389413738773229
T6_plain,FUDS,1,voltage_bias,V_bias_-2_mV,0.0,35-65,0.6577804994352829,0.8780018367743033,-0.5881436862111389
T6_plain,FUDS,1,voltage_bias,V_bias_-2_mV,0.0,<=35,0.6757943876666157,0.8266789476302785,-0.22737060503087578
T6_plain,FUDS,1,voltage_bias,V_bias_-2_mV,0.0,>65,0.23327157824152384,0.29643042117256135,-0.2120574880630922
T6_plain,FUDS,1,voltage_bias,V_bias_-2_mV,25.0,35-65,0.6334113355430464,0.7261860091714348,-0.6301459070004607
T6_plain,FUDS,1,voltage_bias,V_bias_-2_mV,25.0,<=35,0.5064211448646733,0.629245578657584,-0.47686776071886683
T6_plain,FUDS,1,voltage_bias,V_bias_-2_mV,25.0,>65,0.19792114823881987,0.2742578061732871,-0.09924671033140522
T6_plain,FUDS,1,voltage_bias,V_bias_-2_mV,45.0,35-65,0.6800197372043201,0.7470998201617788,-0.6757331303687713
T6_plain,FUDS,1,voltage_bias,V_bias_-2_mV,45.0,<=35,0.7375331236007687,0.8632370816124759,-0.7297785347188809
T6_plain,FUDS,1,voltage_bias,V_bias_-2_mV,45.0,>65,0.15293483559347892,0.183665391842161,-0.12770855980388615
T6_plain,FUDS,1,voltage_bias,V_bias_-5_mV,0.0,35-65,1.0931234159109757,1.3112275506940456,-1.0924111798690743
T6_plain,FUDS,1,voltage_bias,V_bias_-5_mV,0.0,<=35,0.894480858493123,1.1337851102734033,-0.7920754420639461
T6_plain,FUDS,1,voltage_bias,V_bias_-5_mV,0.0,>65,0.4973231170619125,0.5332672998495827,-0.4947373349598603
T6_plain,FUDS,1,voltage_bias,V_bias_-5_mV,25.0,35-65,1.1787056723615887,1.2607080389824379,-1.178289730942009
T6_plain,FUDS,1,voltage_bias,V_bias_-5_mV,25.0,<=35,1.0430531076227043,1.1246377720242655,-1.0430531076227043
T6_plain,FUDS,1,voltage_bias,V_bias_-5_mV,25.0,>65,0.41326864270709585,0.46283066769478853,-0.376833939394645
T6_plain,FUDS,1,voltage_bias,V_bias_-5_mV,45.0,35-65,1.266857041505314,1.345762913596668,-1.266476792860701
T6_plain,FUDS,1,voltage_bias,V_bias_-5_mV,45.0,<=35,1.2588702767713658,1.3773863818112455,-1.2558644089845823
T6_plain,FUDS,1,voltage_bias,V_bias_-5_mV,45.0,>65,0.4153030529005264,0.43154285376241,-0.4107037658090546
T6_plain,FUDS,2,baseline,unperturbed,0.0,35-65,0.45985691500904163,0.624399554453308,-0.19871658021183164
T6_plain,FUDS,2,baseline,unperturbed,0.0,<=35,0.7810023916537387,0.8773294918157285,0.37795096298479675
T6_plain,FUDS,2,baseline,unperturbed,0.0,>65,0.1641308794851793,0.22292055065582475,-0.05786052457098297
T6_plain,FUDS,2,baseline,unperturbed,25.0,35-65,0.23349768298850576,0.309743105631895,-0.12729981632183918
T6_plain,FUDS,2,baseline,unperturbed,25.0,<=35,0.3455043035279188,0.4094840107160041,0.048959836573604046
T6_plain,FUDS,2,baseline,unperturbed,25.0,>65,0.17287150018162012,0.2276066251683281,0.1112593650563022
T6_plain,FUDS,2,baseline,unperturbed,45.0,35-65,0.2177575480184779,0.28660120967541364,-0.16460603039144173
T6_plain,FUDS,2,baseline,unperturbed,45.0,<=35,0.3666342872664059,0.4832690685589968,-0.2470636489787049
T6_plain,FUDS,2,baseline,unperturbed,45.0,>65,0.11775198846960162,0.14637965905180245,0.09406578860936395
T6_plain,FUDS,2,current_bias,I_bias_+10_mA,0.0,35-65,0.5261653310009625,0.7114149181502154,-0.3655954181166609
T6_plain,FUDS,2,current_bias,I_bias_+10_mA,0.0,<=35,0.7351735889884771,0.806690748405048,0.1857162000745555
T6_plain,FUDS,2,current_bias,I_bias_+10_mA,0.0,>65,0.1884301979750634,0.26083413638216996,-0.15188534383830343
T6_plain,FUDS,2,current_bias,I_bias_+10_mA,25.0,35-65,0.29377003198922863,0.389173133413522,-0.25887492567221987
T6_plain,FUDS,2,current_bias,I_bias_+10_mA,25.0,<=35,0.32625930112616913,0.4009840352350531,-0.0875315755766959
T6_plain,FUDS,2,current_bias,I_bias_+10_mA,25.0,>65,0.15174878897972677,0.2076230142426553,0.047785416848046464
T6_plain,FUDS,2,current_bias,I_bias_+10_mA,45.0,35-65,0.32410110300666667,0.39901120192423534,-0.3106029157970214
T6_plain,FUDS,2,current_bias,I_bias_+10_mA,45.0,<=35,0.4261675098132309,0.5669264367434689,-0.38380579762302913
T6_plain,FUDS,2,current_bias,I_bias_+10_mA,45.0,>65,0.08756329515261227,0.11627829882731365,0.025333971392873366
T6_plain,FUDS,2,current_bias,I_bias_+20_mA,0.0,35-65,0.6189339015736226,0.8262536651411773,-0.5332312627333649
T6_plain,FUDS,2,current_bias,I_bias_+20_mA,0.0,<=35,0.6995706524531522,0.7806116633433446,-0.005584422108086964
T6_plain,FUDS,2,current_bias,I_bias_+20_mA,0.0,>65,0.25487618817991475,0.3232965792001035,-0.24618716112898592
T6_plain,FUDS,2,current_bias,I_bias_+20_mA,25.0,35-65,0.40155276302342735,0.4951038235334464,-0.3909609341168196
T6_plain,FUDS,2,current_bias,I_bias_+20_mA,25.0,<=35,0.3503084848531804,0.44145971411034257,-0.22337310953439757
T6_plain,FUDS,2,current_bias,I_bias_+20_mA,25.0,>65,0.1494571202918626,0.20620169637444397,-0.015810424657071394
T6_plain,FUDS,2,current_bias,I_bias_+20_mA,45.0,35-65,0.46060572050941107,0.532787451382486,-0.45720524075186975
T6_plain,FUDS,2,current_bias,I_bias_+20_mA,45.0,<=35,0.5375375924916683,0.6734835477637625,-0.5199444009927349
T6_plain,FUDS,2,current_bias,I_bias_+20_mA,45.0,>65,0.09792860101349823,0.12398032481389375,-0.04356592193462239
T6_plain,FUDS,2,current_bias,I_bias_-10_mA,0.0,35-65,0.4407847434163725,0.5772263016733026,-0.03259177107440398
T6_plain,FUDS,2,current_bias,I_bias_-10_mA,0.0,<=35,0.8368322469276662,0.983462422364554,0.5711025976853078
T6_plain,FUDS,2,current_bias,I_bias_-10_mA,0.0,>65,0.17422497282239455,0.22215501511147068,0.03588846576577599
T6_plain,FUDS,2,current_bias,I_bias_-10_mA,25.0,35-65,0.2207668968553705,0.2795713890423652,0.00376039783581256
T6_plain,FUDS,2,current_bias,I_bias_-10_mA,25.0,<=35,0.40290073271029403,0.4648583406040929,0.18609402700024252
T6_plain,FUDS,2,current_bias,I_bias_-10_mA,25.0,>65,0.2104715571305967,0.26185493432880447,0.17461329934733946
T6_plain,FUDS,2,current_bias,I_bias_-10_mA,45.0,35-65,0.1877957824932686,0.2282679331886028,-0.019217317622458544
T6_plain,FUDS,2,current_bias,I_bias_-10_mA,45.0,<=35,0.349064758086064,0.4364689784103626,-0.10972446205527196
T6_plain,FUDS,2,current_bias,I_bias_-10_mA,45.0,>65,0.1717779467961213,0.19755718082600832,0.16262781416305863
T6_plain,FUDS,2,current_bias,I_bias_-20_mA,0.0,35-65,0.46154477866597077,0.5790171820058534,0.1327768266443298
T6_plain,FUDS,2,current_bias,I_bias_-20_mA,0.0,<=35,0.9077529011758082,1.1154224313373022,0.7651523567340324
T6_plain,FUDS,2,current_bias,I_bias_-20_mA,0.0,>65,0.2166467293783238,0.2585895111908114,0.1293579660285021
T6_plain,FUDS,2,current_bias,I_bias_-20_mA,25.0,35-65,0.2570576322599423,0.31254938485488504,0.1343038764398333
T6_plain,FUDS,2,current_bias,I_bias_-20_mA,25.0,<=35,0.48480565213514204,0.553690422899922,0.32387096783434116
T6_plain,FUDS,2,current_bias,I_bias_-20_mA,25.0,>65,0.2595161751730655,0.3055378267437882,0.23784489000493217
T6_plain,FUDS,2,current_bias,I_bias_-20_mA,45.0,35-65,0.22384596846357221,0.2618396213185346,0.12556127330678013
T6_plain,FUDS,2,current_bias,I_bias_-20_mA,45.0,<=35,0.3632174243922224,0.43904068172142596,0.02820284560339291
T6_plain,FUDS,2,current_bias,I_bias_-20_mA,45.0,>65,0.23479060120469672,0.2574190160721504,0.23101936859032215
T6_plain,FUDS,2,voltage_bias,V_bias_+10_mV,0.0,35-65,1.4195465845720572,1.5208237528715771,1.4119990959070394
T6_plain,FUDS,2,voltage_bias,V_bias_+10_mV,0.0,<=35,2.3034165159130846,2.492808740547904,2.3034165159130846
T6_plain,FUDS,2,voltage_bias,V_bias_+10_mV,0.0,>65,0.8770974347630528,0.920756411392924,0.87477150094129
T6_plain,FUDS,2,voltage_bias,V_bias_+10_mV,25.0,35-65,1.6409652387863944,1.7315243592509921,1.6409652387863944
T6_plain,FUDS,2,voltage_bias,V_bias_+10_mV,25.0,<=35,1.9988997485816045,2.1788677383605397,1.998879130501342
T6_plain,FUDS,2,voltage_bias,V_bias_+10_mV,25.0,>65,1.01251327931041,1.0252003335763813,1.01251327931041
T6_plain,FUDS,2,voltage_bias,V_bias_+10_mV,45.0,35-65,1.7223069408153717,1.8209384933362167,1.7223069408153717
T6_plain,FUDS,2,voltage_bias,V_bias_+10_mV,45.0,<=35,1.6092909367204704,1.8517491291896682,1.6092852053465578
T6_plain,FUDS,2,voltage_bias,V_bias_+10_mV,45.0,>65,1.0145453267581706,1.0340984115563006,1.0145453267581706
T6_plain,FUDS,2,voltage_bias,V_bias_+1_mV,0.0,35-65,0.4404459015174713,0.5773565704856782,-0.03494572956545614
T6_plain,FUDS,2,voltage_bias,V_bias_+1_mV,0.0,<=35,0.8346588075918551,0.9803614274685907,0.5669823200462466
T6_plain,FUDS,2,voltage_bias,V_bias_+1_mV,0.0,>65,0.17481604355437433,0.22268658375939496,0.03656474369188922
T6_plain,FUDS,2,voltage_bias,V_bias_+1_mV,25.0,35-65,0.22922666215233806,0.28482077392276833,0.05301677056163913
T6_plain,FUDS,2,voltage_bias,V_bias_+1_mV,25.0,<=35,0.43292460069423594,0.4968077230833383,0.23957217318960294
T6_plain,FUDS,2,voltage_bias,V_bias_+1_mV,25.0,>65,0.23099959194638672,0.28000924398788574,0.20234245830655326
T6_plain,FUDS,2,voltage_bias,V_bias_+1_mV,45.0,35-65,0.19399855420207357,0.22890490764634935,0.0280668949142872
T6_plain,FUDS,2,voltage_bias,V_bias_+1_mV,45.0,<=35,0.34956013983453665,0.43128615595339315,-0.06557020262845074
T6_plain,FUDS,2,voltage_bias,V_bias_+1_mV,45.0,>65,0.19400335418440454,0.21848224583940645,0.1874333742150786
T6_plain,FUDS,2,voltage_bias,V_bias_+2_mV,0.0,35-65,0.45963342026390863,0.5777579659750824,0.12822393640061228
T6_plain,FUDS,2,voltage_bias,V_bias_+2_mV,0.0,<=35,0.9027786564030296,1.1085391043293158,0.7568376370867246
T6_plain,FUDS,2,voltage_bias,V_bias_+2_mV,0.0,>65,0.21803017234783195,0.2600017710938069,0.13073568182887224
T6_plain,FUDS,2,voltage_bias,V_bias_+2_mV,25.0,35-65,0.3105321971178146,0.3695758238184684,0.23256588912979645
T6_plain,FUDS,2,voltage_bias,V_bias_+2_mV,25.0,<=35,0.5587080534549073,0.6382095487848866,0.4312134128375409
T6_plain,FUDS,2,voltage_bias,V_bias_+2_mV,25.0,>65,0.30804006864185374,0.3487009840850058,0.2932171546646877
T6_plain,FUDS,2,voltage_bias,V_bias_+2_mV,45.0,35-65,0.2750623214619306,0.3225751503186877,0.21986876828762908
T6_plain,FUDS,2,voltage_bias,V_bias_+2_mV,45.0,<=35,0.38736360413331716,0.46636444774788044,0.11689107859399883
T6_plain,FUDS,2,voltage_bias,V_bias_+2_mV,45.0,>65,0.2825487760455266,0.3031092898830219,0.2805135390498002
T6_plain,FUDS,2,voltage_bias,V_bias_+5_mV,0.0,35-65,0.7167746961478861,0.8190250371907468,0.6141387934660344
T6_plain,FUDS,2,voltage_bias,V_bias_+5_mV,0.0,<=35,1.33865838573223,1.5806253495707148,1.3311860599503982
T6_plain,FUDS,2,voltage_bias,V_bias_+5_mV,0.0,>65,0.4332759272162962,0.4785467994536704,0.4117162430770982
T6_plain,FUDS,2,voltage_bias,V_bias_+5_mV,25.0,35-65,0.772120080061007,0.8457768074335886,0.7665717598940793
T6_plain,FUDS,2,voltage_bias,V_bias_+5_mV,25.0,<=35,1.0392238376240066,1.1781291613291505,1.0120922982153255
T6_plain,FUDS,2,voltage_bias,V_bias_+5_mV,25.0,>65,0.5649597363434558,0.5912543446862587,0.5645712144687928
T6_plain,FUDS,2,voltage_bias,V_bias_+5_mV,45.0,35-65,0.7899982055333588,0.8582268614270991,0.7899896787288119
T6_plain,FUDS,2,voltage_bias,V_bias_+5_mV,45.0,<=35,0.7387388457724218,0.8922369667357366,0.6699065743792497
T6_plain,FUDS,2,voltage_bias,V_bias_+5_mV,45.0,>65,0.5583426549264253,0.5743172859461686,0.5580083921974709
T6_plain,FUDS,2,voltage_bias,V_bias_-10_mV,0.0,35-65,1.8689803151733053,2.0561949794340215,-1.8689803151733053
T6_plain,FUDS,2,voltage_bias,V_bias_-10_mV,0.0,<=35,1.4700009720031413,1.6901352272148829,-1.4639760229423857
T6_plain,FUDS,2,voltage_bias,V_bias_-10_mV,0.0,>65,1.0154741532474225,1.0370358695483843,-1.0154741532474225
T6_plain,FUDS,2,voltage_bias,V_bias_-10_mV,25.0,35-65,1.9714184721405819,2.0755728268648634,-1.9714184721405819
T6_plain,FUDS,2,voltage_bias,V_bias_-10_mV,25.0,<=35,1.7971900834584291,1.8922305035772573,-1.7971900834584291
T6_plain,FUDS,2,voltage_bias,V_bias_-10_mV,25.0,>65,0.8112306150395637,0.8494853494240548,-0.8107693522252292
T6_plain,FUDS,2,voltage_bias,V_bias_-10_mV,45.0,35-65,2.1375050884105944,2.2544271370185878,-2.1375050884105944
T6_plain,FUDS,2,voltage_bias,V_bias_-10_mV,45.0,<=35,2.00657242345729,2.193875631864523,-2.005243315477081
T6_plain,FUDS,2,voltage_bias,V_bias_-10_mV,45.0,>65,0.8548925256541458,0.8776680295317764,-0.8548925256541458
T6_plain,FUDS,2,voltage_bias,V_bias_-1_mV,0.0,35-65,0.5251093913133641,0.7099563935238963,-0.36308260808904
T6_plain,FUDS,2,voltage_bias,V_bias_-1_mV,0.0,<=35,0.7367594102903774,0.808575699261024,0.18975772671800792
T6_plain,FUDS,2,voltage_bias,V_bias_-1_mV,0.0,>65,0.18845575232976827,0.2608554865390518,-0.15253406972658992
T6_plain,FUDS,2,voltage_bias,V_bias_-1_mV,25.0,35-65,0.3298399872742085,0.42657174459028474,-0.3083793311378392
T6_plain,FUDS,2,voltage_bias,V_bias_-1_mV,25.0,<=35,0.32954289922164476,0.41075830198707614,-0.14061230098937932
T6_plain,FUDS,2,voltage_bias,V_bias_-1_mV,25.0,>65,0.14836757227198236,0.20469197650306595,0.019969752128498462
T6_plain,FUDS,2,voltage_bias,V_bias_-1_mV,45.0,35-65,0.3667296101574349,0.4408472681025827,-0.3581424131579019
T6_plain,FUDS,2,voltage_bias,V_bias_-1_mV,45.0,<=35,0.4581946811128095,0.5992328523247686,-0.42757251498677223
T6_plain,FUDS,2,voltage_bias,V_bias_-1_mV,45.0,>65,0.08621709101406508,0.11444177627482656,0.0004132090162413722
T6_plain,FUDS,2,voltage_bias,V_bias_-2_mV,0.0,35-65,0.6160090724440712,0.8224752800290819,-0.5280462937946088
T6_plain,FUDS,2,voltage_bias,V_bias_-2_mV,0.0,<=35,0.7021303919647521,0.7826208509522815,0.002415867318530802
T6_plain,FUDS,2,voltage_bias,V_bias_-2_mV,0.0,>65,0.25583869257173225,0.32368941865185524,-0.24745483847926078
T6_plain,FUDS,2,voltage_bias,V_bias_-2_mV,25.0,35-65,0.49505985165176397,0.583189027441699,-0.49021678506221567
T6_plain,FUDS,2,voltage_bias,V_bias_-2_mV,25.0,<=35,0.4025310451554723,0.49876088450619754,-0.32912615394782857
T6_plain,FUDS,2,voltage_bias,V_bias_-2_mV,25.0,>65,0.1641529201127179,0.2208963354301235,-0.0715281169612399
T6_plain,FUDS,2,voltage_bias,V_bias_-2_mV,45.0,35-65,0.5539261491312721,0.6245563307683425,-0.5525372392933681
T6_plain,FUDS,2,voltage_bias,V_bias_-2_mV,45.0,<=35,0.6183382615092898,0.7493505392873988,-0.6070789785533203
T6_plain,FUDS,2,voltage_bias,V_bias_-2_mV,45.0,>65,0.12498183962661356,0.15128406561679245,-0.09352189093805051
T6_plain,FUDS,2,voltage_bias,V_bias_-5_mV,0.0,35-65,1.0270884443246857,1.2448281092735574,-1.0264991179994227
T6_plain,FUDS,2,voltage_bias,V_bias_-5_mV,0.0,<=35,0.7207478074636716,0.9629183504842074,-0.5543507767045945
T6_plain,FUDS,2,voltage_bias,V_bias_-5_mV,0.0,>65,0.5336830772716504,0.5714142648137545,-0.5336830772716504
T6_plain,FUDS,2,voltage_bias,V_bias_-5_mV,25.0,35-65,1.040218413159662,1.120852731621294,-1.040218413159662
T6_plain,FUDS,2,voltage_bias,V_bias_-5_mV,25.0,<=35,0.8885898309847113,0.9749162106983245,-0.8881343529697295
T6_plain,FUDS,2,voltage_bias,V_bias_-5_mV,25.0,>65,0.37541720864901423,0.4139683666820399,-0.34724340294037814
T6_plain,FUDS,2,voltage_bias,V_bias_-5_mV,45.0,35-65,1.1407821889952072,1.2200808531608984,-1.1407821889952072
T6_plain,FUDS,2,voltage_bias,V_bias_-5_mV,45.0,<=35,1.1416598607135047,1.2725038339767591,-1.1394357014092533
T6_plain,FUDS,2,voltage_bias,V_bias_-5_mV,45.0,>65,0.37745939088336516,0.40297707829301116,-0.37699974253448565
T6_plain,US06,0,baseline,unperturbed,0.0,35-65,0.5412854127461707,0.6387960525350033,-0.3037558509299781
T6_plain,US06,0,baseline,unperturbed,0.0,<=35,0.8452274502804842,0.9789029812340498,-0.6409475942426927
T6_plain,US06,0,baseline,unperturbed,0.0,>65,0.18567434644351477,0.22892611393328605,-0.060269435983263626
T6_plain,US06,0,baseline,unperturbed,25.0,35-65,0.17742350154946368,0.20732781500282305,-0.060901401430274275
T6_plain,US06,0,baseline,unperturbed,25.0,<=35,0.3409023122213682,0.5835187431390246,-0.02122312913143731
T6_plain,US06,0,baseline,unperturbed,25.0,>65,0.31215310067114105,0.42981074363627886,-0.05719604026845637
T6_plain,US06,0,baseline,unperturbed,45.0,35-65,0.12038269556451614,0.14955840392425115,0.017776001008064566
T6_plain,US06,0,baseline,unperturbed,45.0,<=35,0.15369995795186406,0.1884385315445906,-0.02704106380368099
T6_plain,US06,0,baseline,unperturbed,45.0,>65,0.09701482921262852,0.11146056562266467,-0.09519807683529867
T6_plain,US06,0,current_bias,I_bias_+10_mA,0.0,35-65,0.5839727142970796,0.7146112761215557,-0.4893492676550993
T6_plain,US06,0,current_bias,I_bias_+10_mA,0.0,<=35,0.9816104576364764,1.1380398782247154,-0.8111746074129459
T6_plain,US06,0,current_bias,I_bias_+10_mA,0.0,>65,0.19539066052601717,0.26098060718652444,-0.1526239767446159
T6_plain,US06,0,current_bias,I_bias_+10_mA,25.0,35-65,0.2643883678521703,0.30760313445455967,-0.20012502114678477
T6_plain,US06,0,current_bias,I_bias_+10_mA,25.0,<=35,0.3596647603700123,0.5950461158970298,-0.1367245698671239
T6_plain,US06,0,current_bias,I_bias_+10_mA,25.0,>65,0.2977079122370115,0.43929607253859604,-0.11973909969803626
T6_plain,US06,0,current_bias,I_bias_+10_mA,45.0,35-65,0.1695193865513398,0.20504475924101512,-0.13416742280963734
T6_plain,US06,0,current_bias,I_bias_+10_mA,45.0,<=35,0.20174192077846267,0.2443449760601797,-0.14276489465266962
T6_plain,US06,0,current_bias,I_bias_+10_mA,45.0,>65,0.16775076827540358,0.1785941095763581,-0.16775076827540358
T6_plain,US06,0,current_bias,I_bias_+20_mA,0.0,35-65,0.6863676542055935,0.8295266359675608,-0.6758333546120667
T6_plain,US06,0,current_bias,I_bias_+20_mA,0.0,<=35,1.121336902003105,1.302677923632455,-0.9800943873825733
T6_plain,US06,0,current_bias,I_bias_+20_mA,0.0,>65,0.24736302224044482,0.31848650381269106,-0.2452318754368227
T6_plain,US06,0,current_bias,I_bias_+20_mA,25.0,35-65,0.37097523349811246,0.4347037324009713,-0.33985208292768476
T6_plain,US06,0,current_bias,I_bias_+20_mA,25.0,<=35,0.40315565924640384,0.6319737932377886,-0.2516082645971109
T6_plain,US06,0,current_bias,I_bias_+20_mA,25.0,>65,0.2932011688077726,0.4572500678390021,-0.18231079450848417
T6_plain,US06,0,current_bias,I_bias_+20_mA,45.0,35-65,0.2950265102954642,0.33734075379794426,-0.2868033268686917
T6_plain,US06,0,current_bias,I_bias_+20_mA,45.0,<=35,0.2851287007024786,0.3417788698743609,-0.25764260440324965
T6_plain,US06,0,current_bias,I_bias_+20_mA,45.0,>65,0.24038452815742833,0.2490955994006678,-0.24038452815742833
T6_plain,US06,0,current_bias,I_bias_-10_mA,0.0,35-65,0.5516673238330649,0.6157726594132227,-0.11905919760027078
T6_plain,US06,0,current_bias,I_bias_-10_mA,0.0,<=35,0.7127271634946312,0.8293059397242264,-0.4694270395502248
T6_plain,US06,0,current_bias,I_bias_-10_mA,0.0,>65,0.2049368659683165,0.23277039321663356,0.03183035509232398
T6_plain,US06,0,current_bias,I_bias_-10_mA,25.0,35-65,0.14025618534559542,0.18345472088327805,0.07781208250662397
T6_plain,US06,0,current_bias,I_bias_-10_mA,25.0,<=35,0.3697261341262502,0.5992932017372474,0.0948933009009096
T6_plain,US06,0,current_bias,I_bias_-10_mA,25.0,>65,0.33063118410626585,0.4293455245201089,0.0053180643800839695
T6_plain,US06,0,current_bias,I_bias_-10_mA,45.0,35-65,0.1928848979820802,0.23261600368385837,0.1690184991338388
T6_plain,US06,0,current_bias,I_bias_-10_mA,45.0,<=35,0.1776896511255436,0.2119661341294699,0.08952946476270619
T6_plain,US06,0,current_bias,I_bias_-10_mA,45.0,>65,0.04565707982509265,0.060012536101538075,-0.022729269006542756
T6_plain,US06,0,current_bias,I_bias_-20_mA,0.0,35-65,0.5843876615682306,0.6503052635992588,0.06473791816545309
T6_plain,US06,0,current_bias,I_bias_-20_mA,0.0,<=35,0.5854188656721458,0.6964457285376728,-0.2966291358105191
T6_plain,US06,0,current_bias,I_bias_-20_mA,0.0,>65,0.2407942649419618,0.27073133095497437,0.12367555374755222
T6_plain,US06,0,current_bias,I_bias_-20_mA,25.0,35-65,0.22302551633231665,0.2573233133132234,0.21601055013750364
T6_plain,US06,0,current_bias,I_bias_-20_mA,25.0,<=35,0.46004940619821805,0.640755641759211,0.2116192061836336
T6_plain,US06,0,current_bias,I_bias_-20_mA,25.0,>65,0.35189372932535296,0.4379149206498619,0.06780144642628312
T6_plain,US06,0,current_bias,I_bias_-20_mA,45.0,35-65,0.32423844544928504,0.36958436031724,0.31954935505628784
T6_plain,US06,0,current_bias,I_bias_-20_mA,45.0,<=35,0.2610156334551681,0.29777291607003004,0.206945742909346
T6_plain,US06,0,current_bias,I_bias_-20_mA,45.0,>65,0.061950678372371115,0.07347408889204196,0.04965339412317452
T6_plain,US06,0,voltage_bias,V_bias_+10_mV,0.0,35-65,1.484559812471254,1.7840463696415034,1.484559812471254
T6_plain,US06,0,voltage_bias,V_bias_+10_mV,0.0,<=35,1.072262427679272,1.1577836186935955,1.072262427679272
T6_plain,US06,0,voltage_bias,V_bias_+10_mV,0.0,>65,0.8468426853829867,0.9088914714361755,0.8468426853829867
T6_plain,US06,0,voltage_bias,V_bias_+10_mV,25.0,35-65,1.853740763536943,1.9137896647474117,1.853740763536943
T6_plain,US06,0,voltage_bias,V_bias_+10_mV,25.0,<=35,1.880450161849639,1.9658290691914209,1.6883111805101245
T6_plain,US06,0,voltage_bias,V_bias_+10_mV,25.0,>65,0.9029254905358398,0.967151526649945,0.8505320535693734
T6_plain,US06,0,voltage_bias,V_bias_+10_mV,45.0,35-65,1.993864252052992,2.116343499595517,1.993864252052992
T6_plain,US06,0,voltage_bias,V_bias_+10_mV,45.0,<=35,1.6348646459092662,1.810893991623413,1.6219342447655736
T6_plain,US06,0,voltage_bias,V_bias_+10_mV,45.0,>65,0.8615095108783674,0.8677134569877277,0.8615095108783674
T6_plain,US06,0,voltage_bias,V_bias_+1_mV,0.0,35-65,0.5509510855915416,0.6153061330559746,-0.12149559044099428
T6_plain,US06,0,voltage_bias,V_bias_+1_mV,0.0,<=35,0.7173168459306105,0.8344717098297618,-0.4750874299694344
T6_plain,US06,0,voltage_bias,V_bias_+1_mV,0.0,>65,0.20437166722463837,0.23219851152035073,0.03160438365891589
T6_plain,US06,0,voltage_bias,V_bias_+1_mV,25.0,35-65,0.16041000630387678,0.20425517385511952,0.13470079368914667
T6_plain,US06,0,voltage_bias,V_bias_+1_mV,25.0,<=35,0.40199105784461403,0.6132141853779413,0.14413896155351202
T6_plain,US06,0,voltage_bias,V_bias_+1_mV,25.0,>65,0.3382715306993463,0.4304978376906049,0.03403913309780859
T6_plain,US06,0,voltage_bias,V_bias_+1_mV,45.0,35-65,0.23464510413825324,0.2768052429968107,0.22047901940805492
T6_plain,US06,0,voltage_bias,V_bias_+1_mV,45.0,<=35,0.20155395958084815,0.2376576458249523,0.1311940077542986
T6_plain,US06,0,voltage_bias,V_bias_+1_mV,45.0,>65,0.042749116267213394,0.055135579141364154,0.0014807819166041138
T6_plain,US06,0,voltage_bias,V_bias_+2_mV,0.0,35-65,0.5825148070754067,0.6479496924620365,0.060011021210357375
T6_plain,US06,0,voltage_bias,V_bias_+2_mV,0.0,<=35,0.5938976942713948,0.7054625077942526,-0.3079805993145073
T6_plain,US06,0,voltage_bias,V_bias_+2_mV,0.0,>65,0.2397123906427871,0.26953743077000636,0.12322075035657046
T6_plain,US06,0,voltage_bias,V_bias_+2_mV,25.0,35-65,0.329797765708987,0.35227237656247096,0.329419466608619
T6_plain,US06,0,voltage_bias,V_bias_+2_mV,25.0,<=35,0.5527066507793419,0.6914589279210251,0.31078084666137
T6_plain,US06,0,voltage_bias,V_bias_+2_mV,25.0,>65,0.3736462974570689,0.45012158980472056,0.12517436435005794
T6_plain,US06,0,voltage_bias,V_bias_+2_mV,45.0,35-65,0.42242227356125844,0.4709728310829907,0.4220823022218789
T6_plain,US06,0,voltage_bias,V_bias_+2_mV,45.0,<=35,0.33831739884628387,0.37492423528802454,0.2909416706235055
T6_plain,US06,0,voltage_bias,V_bias_+2_mV,45.0,>65,0.10031711310685625,0.11184909159393266,0.09794423845680435
T6_plain,US06,0,voltage_bias,V_bias_+5_mV,0.0,35-65,0.7794108779997148,0.9789880174210968,0.5999675695573505
T6_plain,US06,0,voltage_bias,V_bias_+5_mV,0.0,<=35,0.44087064588316033,0.5425228086776501,0.2007029976676236
T6_plain,US06,0,voltage_bias,V_bias_+5_mV,0.0,>65,0.4153064579844327,0.4804438321048418,0.39652492549005613
T6_plain,US06,0,voltage_bias,V_bias_+5_mV,25.0,35-65,0.908122581080691,0.9286467025027275,0.908122581080691
T6_plain,US06,0,voltage_bias,V_bias_+5_mV,25.0,<=35,1.0416429069800828,1.0947616167400822,0.8182561439972423
T6_plain,US06,0,voltage_bias,V_bias_+5_mV,25.0,>65,0.546721955427023,0.5950454564633614,0.3979733567111033
T6_plain,US06,0,voltage_bias,V_bias_+5_mV,45.0,35-65,1.0201550622993727,1.0901632659449867,1.0201550622993727
T6_plain,US06,0,voltage_bias,V_bias_+5_mV,45.0,<=35,0.80530564908895,0.887697873818681,0.7791678266741446
T6_plain,US06,0,voltage_bias,V_bias_+5_mV,45.0,>65,0.3860070772865152,0.39101421955316656,0.3860070772865152
T6_plain,US06,0,voltage_bias,V_bias_-10_mV,0.0,35-65,2.16662626794592,2.1883952696331552,-2.16662626794592
T6_plain,US06,0,voltage_bias,V_bias_-10_mV,0.0,<=35,2.2532157215942417,2.5987107834415193,-2.228898225770536
T6_plain,US06,0,voltage_bias,V_bias_-10_mV,0.0,>65,0.9930241548079805,1.007649395435597,-0.9930241548079805
T6_plain,US06,0,voltage_bias,V_bias_-10_mV,25.0,35-65,2.0620670621949184,2.2058050665829145,-2.0620670621949184
T6_plain,US06,0,voltage_bias,V_bias_-10_mV,25.0,<=35,1.6022462651469975,1.8174464592412962,-1.6022462651469975
T6_plain,US06,0,voltage_bias,V_bias_-10_mV,25.0,>65,0.9748180458632032,1.0525123752370356,-0.9748180458632032
T6_plain,US06,0,voltage_bias,V_bias_-10_mV,45.0,35-65,2.0650357157280057,2.1835094261048704,-2.0650357157280057
T6_plain,US06,0,voltage_bias,V_bias_-10_mV,45.0,<=35,1.5278328396429237,1.711879649974021,-1.5260575390810551
T6_plain,US06,0,voltage_bias,V_bias_-10_mV,45.0,>65,1.0732314510119276,1.080351507529272,-1.0732314510119276
T6_plain,US06,0,voltage_bias,V_bias_-1_mV,0.0,35-65,0.5832422054675913,0.713540732696396,-0.4867674409484154
T6_plain,US06,0,voltage_bias,V_bias_-1_mV,0.0,<=35,0.9768436215252105,1.1322757375919763,-0.8055475758849782
T6_plain,US06,0,voltage_bias,V_bias_-1_mV,0.0,>65,0.19545772504128822,0.2612716105734187,-0.15239889564000214
T6_plain,US06,0,voltage_bias,V_bias_-1_mV,25.0,35-65,0.3069617283041825,0.3590483765699778,-0.2573747240596167
T6_plain,US06,0,voltage_bias,V_bias_-1_mV,25.0,<=35,0.3758890407781732,0.6082621172208897,-0.1852913163589453
T6_plain,US06,0,voltage_bias,V_bias_-1_mV,25.0,>65,0.29587378501386075,0.4482058668791494,-0.14852884670878952
T6_plain,US06,0,voltage_bias,V_bias_-1_mV,45.0,35-65,0.20713075489215893,0.24589654543369882,-0.18600831024465828
T6_plain,US06,0,voltage_bias,V_bias_-1_mV,45.0,<=35,0.22869769586499333,0.2756462755881288,-0.18375759626253335
T6_plain,US06,0,voltage_bias,V_bias_-1_mV,45.0,>65,0.19209025808708283,0.20192445842501044,-0.19209025808708283
T6_plain,US06,0,voltage_bias,V_bias_-2_mV,0.0,35-65,0.6822536765990039,0.8262896053506968,-0.6705247515389612
T6_plain,US06,0,voltage_bias,V_bias_-2_mV,0.0,<=35,1.1117444934996603,1.290882473667784,-0.9688806320336598
T6_plain,US06,0,voltage_bias,V_bias_-2_mV,0.0,>65,0.24707855030440967,0.31878300246587477,-0.2447847807469707
T6_plain,US06,0,voltage_bias,V_bias_-2_mV,25.0,35-65,0.46956342270517093,0.5481886132696496,-0.4547048519416364
T6_plain,US06,0,voltage_bias,V_bias_-2_mV,25.0,<=35,0.4543027916434566,0.6804094032531572,-0.3480565828706195
T6_plain,US06,0,voltage_bias,V_bias_-2_mV,25.0,>65,0.3051192334632738,0.48356031457269755,-0.23995882328242188
T6_plain,US06,0,voltage_bias,V_bias_-2_mV,45.0,35-65,0.3934517951484573,0.4385007330683732,-0.39085634494257354
T6_plain,US06,0,voltage_bias,V_bias_-2_mV,45.0,<=35,0.35467673201342603,0.41978333039142585,-0.33895238544078443
T6_plain,US06,0,voltage_bias,V_bias_-2_mV,45.0,>65,0.2891936721727931,0.29698734448460423,-0.2891936721727931
T6_plain,US06,0,voltage_bias,V_bias_-5_mV,0.0,35-65,1.226211576198511,1.2836760366473485,-1.226211576198511
T6_plain,US06,0,voltage_bias,V_bias_-5_mV,0.0,<=35,1.5270630465703465,1.7800978995612045,-1.4511775789978476
T6_plain,US06,0,voltage_bias,V_bias_-5_mV,0.0,>65,0.5234724399148151,0.5550790472181668,-0.5234724399148151
T6_plain,US06,0,voltage_bias,V_bias_-5_mV,25.0,35-65,1.0516619613395064,1.1570512093648766,-1.0516619613395064
T6_plain,US06,0,voltage_bias,V_bias_-5_mV,25.0,<=35,0.8421997167004146,1.0522072343005124,-0.8284322088750368
T6_plain,US06,0,voltage_bias,V_bias_-5_mV,25.0,>65,0.5148981676188281,0.6587141623877795,-0.5148251343892336
T6_plain,US06,0,voltage_bias,V_bias_-5_mV,45.0,35-65,1.0115613123509843,1.078445595970877,-1.0115613123509843
T6_plain,US06,0,voltage_bias,V_bias_-5_mV,45.0,<=35,0.7973503643756216,0.9048469600384333,-0.7954025068151852
T6_plain,US06,0,voltage_bias,V_bias_-5_mV,45.0,>65,0.5817336065429654,0.5882457606357339,-0.5817336065429654
T6_plain,US06,1,baseline,unperturbed,0.0,35-65,0.5860890894420132,0.695601800585044,0.3379769855032822
T6_plain,US06,1,baseline,unperturbed,0.0,<=35,0.5473421046058459,0.6483187799002946,-0.22335834174785943
T6_plain,US06,1,baseline,unperturbed,0.0,>65,0.330874810460251,0.38382332021710514,0.31937922468619234
T6_plain,US06,1,baseline,unperturbed,25.0,35-65,0.4278263125148987,0.4503630764387535,0.4278263125148987
T6_plain,US06,1,baseline,unperturbed,25.0,<=35,0.5478672538560082,0.7016682825709325,0.2911133617729951
T6_plain,US06,1,baseline,unperturbed,25.0,>65,0.5071419514409788,0.553671963288977,0.46132200434267645
T6_plain,US06,1,baseline,unperturbed,45.0,35-65,0.3432224730342742,0.3664405589495888,0.34289778150201616
T6_plain,US06,1,baseline,unperturbed,45.0,<=35,0.26580292366682395,0.30735339949239365,0.20967868142991974
T6_plain,US06,1,baseline,unperturbed,45.0,>65,0.3138391354127044,0.3221570942602625,0.3138306812476227
T6_plain,US06,1,current_bias,I_bias_+10_mA,0.0,35-65,0.5109816938569155,0.5832272612667132,0.1518683751000648
T6_plain,US06,1,current_bias,I_bias_+10_mA,0.0,<=35,0.6506151384353902,0.7693924442540792,-0.3905337611082733
T6_plain,US06,1,current_bias,I_bias_+10_mA,0.0,>65,0.25991824102094324,0.3071569144867981,0.23135186326927917
T6_plain,US06,1,current_bias,I_bias_+10_mA,25.0,35-65,0.28479593138731635,0.3263128334757617,0.2829635560305153
T6_plain,US06,1,current_bias,I_bias_+10_mA,25.0,<=35,0.441021605259493,0.6464280750614572,0.17763073700426618
T6_plain,US06,1,current_bias,I_bias_+10_mA,25.0,>65,0.4617182382069198,0.5030716545254347,0.4031684556641094
T6_plain,US06,1,current_bias,I_bias_+10_mA,45.0,35-65,0.1959763918398292,0.222606191853102,0.178460478723801
T6_plain,US06,1,current_bias,I_bias_+10_mA,45.0,<=35,0.18062138204054792,0.22363308059582082,0.09057795290343122
T6_plain,US06,1,current_bias,I_bias_+10_mA,45.0,>65,0.24729588943912098,0.2577584459931583,0.24726109918031797
T6_plain,US06,1,current_bias,I_bias_+20_mA,0.0,35-65,0.45893712741211784,0.5204867056194556,-0.035133519056768925
T6_plain,US06,1,current_bias,I_bias_+20_mA,0.0,<=35,0.7744212392437322,0.910376279534648,-0.5564034656403757
T6_plain,US06,1,current_bias,I_bias_+20_mA,0.0,>65,0.1995266624105797,0.23930438240867408,0.14302063026064313
T6_plain,US06,1,current_bias,I_bias_+20_mA,25.0,35-65,0.18653685945906887,0.23685875751246882,0.13754757190973146
T6_plain,US06,1,current_bias,I_bias_+20_mA,25.0,<=35,0.3662338086163742,0.6127559904311647,0.06477578831552767
T6_plain,US06,1,current_bias,I_bias_+20_mA,25.0,>65,0.4177936656213241,0.45429639213353806,0.3449217378835515
T6_plain,US06,1,current_bias,I_bias_+20_mA,45.0,35-65,0.12141996549524808,0.15964240486190723,0.013506731049699202
T6_plain,US06,1,current_bias,I_bias_+20_mA,45.0,<=35,0.1646264314836881,0.2011295782495389,-0.027798365560354588
T6_plain,US06,1,current_bias,I_bias_+20_mA,45.0,>65,0.1806854748351284,0.19563915694717496,0.18056746020498518
T6_plain,US06,1,current_bias,I_bias_-10_mA,0.0,35-65,0.676803869580127,0.8372120885210155,0.5231852606960959
T6_plain,US06,1,current_bias,I_bias_-10_mA,0.0,<=35,0.47076920445970405,0.5615037679192179,-0.05488935602935723
T6_plain,US06,1,current_bias,I_bias_-10_mA,0.0,>65,0.41052707146169115,0.4647930857730905,0.4071031313847817
T6_plain,US06,1,current_bias,I_bias_-10_mA,25.0,35-65,0.5721297875780653,0.5871039603750908,0.5721297875780653
T6_plain,US06,1,current_bias,I_bias_-10_mA,25.0,<=35,0.6586074295496704,0.7742299468878523,0.40522152696305114
T6_plain,US06,1,current_bias,I_bias_-10_mA,25.0,>65,0.5547378179605381,0.6056151565334719,0.5193847237442082
T6_plain,US06,1,current_bias,I_bias_-10_mA,45.0,35-65,0.5068037201692809,0.5283864155723336,0.5068037201692809
T6_plain,US06,1,current_bias,I_bias_-10_mA,45.0,<=35,0.37342490676468276,0.41767685537751015,0.3295022201213349
T6_plain,US06,1,current_bias,I_bias_-10_mA,45.0,>65,0.3802756837292566,0.3876418574730086,0.3802756837292566
T6_plain,US06,1,current_bias,I_bias_-20_mA,0.0,35-65,0.7816894670900099,0.9951012512457897,0.7074872217708688
T6_plain,US06,1,current_bias,I_bias_-20_mA,0.0,<=35,0.44333082733755846,0.5275359170605869,0.11485833082837932
T6_plain,US06,1,current_bias,I_bias_-20_mA,0.0,>65,0.4947408913165871,0.5480198143626742,0.49452439349939836
T6_plain,US06,1,current_bias,I_bias_-20_mA,25.0,35-65,0.7158627546308206,0.7291118238724127,0.7158627546308206
T6_plain,US06,1,current_bias,I_bias_-20_mA,25.0,<=35,0.7701690596180244,0.8600579843532129,0.5199513386651055
T6_plain,US06,1,current_bias,I_bias_-20_mA,25.0,>65,0.6054582449186124,0.6585585108844529,0.5773553635404144
T6_plain,US06,1,current_bias,I_bias_-20_mA,45.0,35-65,0.6701588481376556,0.6955520803863061,0.6701588481376556
T6_plain,US06,1,current_bias,I_bias_-20_mA,45.0,<=35,0.48680841184310425,0.5390877404454034,0.45004749968473634
T6_plain,US06,1,current_bias,I_bias_-20_mA,45.0,>65,0.44659497198086423,0.45369126466612536,0.44659497198086423
T6_plain,US06,1,voltage_bias,V_bias_+10_mV,0.0,35-65,2.1233413460620674,2.3703209718129665,2.1233413460620674
T6_plain,US06,1,voltage_bias,V_bias_+10_mV,0.0,<=35,1.5151192000715121,1.599382781171962,1.5151192000715121
T6_plain,US06,1,voltage_bias,V_bias_+10_mV,0.0,>65,1.2163062134335252,1.2632920101065832,1.2163062134335252
T6_plain,US06,1,voltage_bias,V_bias_+10_mV,25.0,35-65,2.394437872113721,2.4663027803602366,2.394437872113721
T6_plain,US06,1,voltage_bias,V_bias_+10_mV,25.0,<=35,2.2123327827124992,2.3254094348701013,2.0051725568826337
T6_plain,US06,1,voltage_bias,V_bias_+10_mV,25.0,>65,1.32937777142343,1.382327363215381,1.3282676323714167
T6_plain,US06,1,voltage_bias,V_bias_+10_mV,45.0,35-65,2.4576407069532933,2.5797842230316337,2.4576407069532933
T6_plain,US06,1,voltage_bias,V_bias_+10_mV,45.0,<=35,1.9094057068512766,2.1052501098062675,1.8990777731595914
T6_plain,US06,1,voltage_bias,V_bias_+10_mV,45.0,>65,1.2018547395806847,1.2183717269089491,1.2018547395806847
T6_plain,US06,1,voltage_bias,V_bias_+1_mV,0.0,35-65,0.6743324655778455,0.8338738251316816,0.5201883706220422
T6_plain,US06,1,voltage_bias,V_bias_+1_mV,0.0,<=35,0.47340257075281234,0.5640749919561984,-0.05472831965988258
T6_plain,US06,1,voltage_bias,V_bias_+1_mV,0.0,>65,0.4133650657458956,0.46737669276977406,0.4102956983122885
T6_plain,US06,1,voltage_bias,V_bias_+1_mV,25.0,35-65,0.6291279212374281,0.642825280572224,0.6291279212374281
T6_plain,US06,1,voltage_bias,V_bias_+1_mV,25.0,<=35,0.709105609937128,0.8113191711541119,0.45763449624019625
T6_plain,US06,1,voltage_bias,V_bias_+1_mV,25.0,>65,0.5799240077656513,0.6318601025054846,0.5487249089427455
T6_plain,US06,1,voltage_bias,V_bias_+1_mV,45.0,35-65,0.5590820453111991,0.5811856154332865,0.5590820453111991
T6_plain,US06,1,voltage_bias,V_bias_+1_mV,45.0,<=35,0.41388180616501563,0.4602369493493148,0.3731220191723625
T6_plain,US06,1,voltage_bias,V_bias_+1_mV,45.0,>65,0.4037202105931528,0.41097378612362556,0.4037202105931528
T6_plain,US06,1,voltage_bias,V_bias_+2_mV,0.0,35-65,0.7762870658788535,0.9882323165338035,0.7015884177766462
T6_plain,US06,1,voltage_bias,V_bias_+2_mV,0.0,<=35,0.4483168048945857,0.531890408601114,0.11509453051151156
T6_plain,US06,1,voltage_bias,V_bias_+2_mV,0.0,>65,0.5010668131404159,0.5534660563816955,0.5009419807118373
T6_plain,US06,1,voltage_bias,V_bias_+2_mV,25.0,35-65,0.8294354510256216,0.8431019902302186,0.8294354510256216
T6_plain,US06,1,voltage_bias,V_bias_+2_mV,25.0,<=35,0.8718203731942169,0.9450149287585798,0.6252730784245764
T6_plain,US06,1,voltage_bias,V_bias_+2_mV,25.0,>65,0.6604349777754983,0.7121825703492595,0.6359729972839415
T6_plain,US06,1,voltage_bias,V_bias_+2_mV,45.0,35-65,0.77428569680864,0.8028540816176232,0.77428569680864
T6_plain,US06,1,voltage_bias,V_bias_+2_mV,45.0,<=35,0.5704090745317091,0.6290288874770956,0.537813493480403
T6_plain,US06,1,voltage_bias,V_bias_+2_mV,45.0,>65,0.49337325493138634,0.5005418960130108,0.49337325493138634
T6_plain,US06,1,voltage_bias,V_bias_+5_mV,0.0,35-65,1.241002217327963,1.4929867527586032,1.2408904065330157
T6_plain,US06,1,voltage_bias,V_bias_+5_mV,0.0,<=35,0.6436675753600942,0.7687999030230503,0.6316048856391543
T6_plain,US06,1,voltage_bias,V_bias_+5_mV,0.0,>65,0.7712534864365328,0.8180101044925232,0.7712534864365328
T6_plain,US06,1,voltage_bias,V_bias_+5_mV,25.0,35-65,1.4242372614413872,1.4542173480089517,1.4242372614413872
T6_plain,US06,1,voltage_bias,V_bias_+5_mV,25.0,<=35,1.3664383200876165,1.4227524676197456,1.1347862125408514
T6_plain,US06,1,voltage_bias,V_bias_+5_mV,25.0,>65,0.9072421354965348,0.960135711718581,0.8967768313760738
T6_plain,US06,1,voltage_bias,V_bias_+5_mV,45.0,35-65,1.4137502452671358,1.4737307679270673,1.4137502452671358
T6_plain,US06,1,voltage_bias,V_bias_+5_mV,45.0,<=35,1.0585455756862425,1.166478732450108,1.0392873845330082
T6_plain,US06,1,voltage_bias,V_bias_+5_mV,45.0,>65,0.7609003687845709,0.7703721880754989,0.7609003687845709
T6_plain,US06,1,voltage_bias,V_bias_-10_mV,0.0,35-65,1.5278970881339728,1.5560413906806656,-1.5278970881339728
T6_plain,US06,1,voltage_bias,V_bias_-10_mV,0.0,<=35,1.8884810523679476,2.1968022035885597,-1.8420452241921126
T6_plain,US06,1,voltage_bias,V_bias_-10_mV,0.0,>65,0.6045115434188205,0.6239847295263466,-0.6045115434188205
T6_plain,US06,1,voltage_bias,V_bias_-10_mV,25.0,35-65,1.636196463908848,1.7701824087300049,-1.636196463908848
T6_plain,US06,1,voltage_bias,V_bias_-10_mV,25.0,<=35,1.3127348348424606,1.5228441160563264,-1.310750590664193
T6_plain,US06,1,voltage_bias,V_bias_-10_mV,25.0,>65,0.42120972225869624,0.48589685005214267,-0.4211116645770761
T6_plain,US06,1,voltage_bias,V_bias_-10_mV,45.0,35-65,1.8666251080939538,2.0032202221524518,-1.8666251080939538
T6_plain,US06,1,voltage_bias,V_bias_-10_mV,45.0,<=35,1.3577583264818758,1.5045488801072833,-1.3550373364505246
T6_plain,US06,1,voltage_bias,V_bias_-10_mV,45.0,>65,0.5975394546983444,0.6217405814647194,-0.5975394546983444
T6_plain,US06,1,voltage_bias,V_bias_-1_mV,0.0,35-65,0.5130882404890478,0.585785718136727,0.1549557098424961
T6_plain,US06,1,voltage_bias,V_bias_-1_mV,0.0,<=35,0.6479980390692083,0.7668185605834291,-0.390783050891777
T6_plain,US06,1,voltage_bias,V_bias_-1_mV,0.0,>65,0.25795184302788904,0.30513033128888134,0.2281933657581856
T6_plain,US06,1,voltage_bias,V_bias_-1_mV,25.0,35-65,0.23430482426949137,0.2842339501985048,0.22554613672991308
T6_plain,US06,1,voltage_bias,V_bias_-1_mV,25.0,<=35,0.39886595672525677,0.6276938806515917,0.12572176982053462
T6_plain,US06,1,voltage_bias,V_bias_-1_mV,25.0,>65,0.43964727932915154,0.47874754940960135,0.3737662703400079
T6_plain,US06,1,voltage_bias,V_bias_-1_mV,45.0,35-65,0.15972449762665658,0.18782756425299474,0.12576036960490483
T6_plain,US06,1,voltage_bias,V_bias_-1_mV,45.0,<=35,0.16397712345554613,0.2053774403255333,0.047490355434678465
T6_plain,US06,1,voltage_bias,V_bias_-1_mV,45.0,>65,0.2237555508261615,0.2351931332945671,0.22370777400172107
T6_plain,US06,1,voltage_bias,V_bias_-2_mV,0.0,35-65,0.46221386995858127,0.5236232816445139,-0.028873181752795535
T6_plain,US06,1,voltage_bias,V_bias_-2_mV,0.0,<=35,0.7699197647636048,0.9055053550203764,-0.5569947672099638
T6_plain,US06,1,voltage_bias,V_bias_-2_mV,0.0,>65,0.19687138189067127,0.23650671898326336,0.13673699139426643
T6_plain,US06,1,voltage_bias,V_bias_-2_mV,25.0,35-65,0.18470079889637858,0.21963616248778156,0.022300472348187904
T6_plain,US06,1,voltage_bias,V_bias_-2_mV,25.0,<=35,0.3429460067052423,0.601539442377763,-0.03853190078049407
T6_plain,US06,1,voltage_bias,V_bias_-2_mV,25.0,>65,0.37479808797357544,0.4089772957790066,0.2860556283066091
T6_plain,US06,1,voltage_bias,V_bias_-2_mV,45.0,35-65,0.15691811647067536,0.20473262480815377,-0.09230473970931188
T6_plain,US06,1,voltage_bias,V_bias_-2_mV,45.0,<=35,0.19230762421707295,0.2313389605362492,-0.11343680686224035
T6_plain,US06,1,voltage_bias,V_bias_-2_mV,45.0,>65,0.13575134891873625,0.1536419048847146,0.13335392731570136
T6_plain,US06,1,voltage_bias,V_bias_-5_mV,0.0,35-65,0.5981329756981685,0.7124613218099147,-0.585148188177211
T6_plain,US06,1,voltage_bias,V_bias_-5_mV,0.0,<=35,1.1716661494979865,1.3739569337145394,-1.0482598273552408
T6_plain,US06,1,voltage_bias,V_bias_-5_mV,0.0,>65,0.17864313405295665,0.21939007119658158,-0.13923677602198134
T6_plain,US06,1,voltage_bias,V_bias_-5_mV,25.0,35-65,0.603543139664422,0.7059243981513902,-0.5930400330199049
T6_plain,US06,1,voltage_bias,V_bias_-5_mV,25.0,<=35,0.5901407378932173,0.8053576067326178,-0.5243842980620379
T6_plain,US06,1,voltage_bias,V_bias_-5_mV,25.0,>65,0.21710335388581783,0.2733712220612352,0.022005882448728736
T6_plain,US06,1,voltage_bias,V_bias_-5_mV,45.0,35-65,0.7522009836620688,0.8402777488033261,-0.7517708231712713
T6_plain,US06,1,voltage_bias,V_bias_-5_mV,45.0,<=35,0.5937581144227213,0.6744747963851361,-0.588603638511254
T6_plain,US06,1,voltage_bias,V_bias_-5_mV,45.0,>65,0.1497866325713543,0.17365387204845886,-0.1390736405613299
T6_plain,US06,2,baseline,unperturbed,0.0,35-65,0.5521146184354486,0.6603559132906199,-0.30234620158643327
T6_plain,US06,2,baseline,unperturbed,0.0,<=35,0.8615358211101269,1.010624862152784,-0.6795267992618836
T6_plain,US06,2,baseline,unperturbed,0.0,>65,0.15694401255230148,0.19465775590708131,-0.0440604259414227
T6_plain,US06,2,baseline,unperturbed,25.0,35-65,0.13775553087008344,0.16964026311550706,-0.07057074660309898
T6_plain,US06,2,baseline,unperturbed,25.0,<=35,0.3455895799128875,0.6345427623453352,-0.05189288147578784
T6_plain,US06,2,baseline,unperturbed,25.0,>65,0.31026068535333595,0.415232241335194,-0.003191271219897528
T6_plain,US06,2,baseline,unperturbed,45.0,35-65,0.12362183467741937,0.15763123400703827,-0.10119890725806442
T6_plain,US06,2,baseline,unperturbed,45.0,<=35,0.1629166812883436,0.19759436828482163,-0.11062466680037755
T6_plain,US06,2,baseline,unperturbed,45.0,>65,0.05017571776340808,0.06211535824606716,-0.034166592620768425
T6_plain,US06,2,current_bias,I_bias_+10_mA,0.0,35-65,0.5888125082225467,0.7333105515694103,-0.49031994298998804
T6_plain,US06,2,current_bias,I_bias_+10_mA,0.0,<=35,0.9951281053922313,1.1698669943954358,-0.8475381948430839
T6_plain,US06,2,current_bias,I_bias_+10_mA,0.0,>65,0.17881073306741768,0.22808996317533836,-0.13894177043911604
T6_plain,US06,2,current_bias,I_bias_+10_mA,25.0,35-65,0.22697610030322257,0.2768469391003129,-0.20956989145903562
T6_plain,US06,2,current_bias,I_bias_+10_mA,25.0,<=35,0.36667440415156355,0.6468156985043212,-0.16557686858927986
T6_plain,US06,2,current_bias,I_bias_+10_mA,25.0,>65,0.2929527743868461,0.41776676936274076,-0.06528669171202822
T6_plain,US06,2,current_bias,I_bias_+10_mA,45.0,35-65,0.26472916614064484,0.2990244769953287,-0.26039993831944847
T6_plain,US06,2,current_bias,I_bias_+10_mA,45.0,<=35,0.25310016791957396,0.29161194375437105,-0.22884404509273637
T6_plain,US06,2,current_bias,I_bias_+10_mA,45.0,>65,0.10230889346175352,0.11503557978197908,-0.10150340235723865
T6_plain,US06,2,current_bias,I_bias_+20_mA,0.0,35-65,0.6944113976584525,0.8462896248027086,-0.6792292599593753
T6_plain,US06,2,current_bias,I_bias_+20_mA,0.0,<=35,1.1336001026534914,1.3339452986350073,-1.0141682252957436
T6_plain,US06,2,current_bias,I_bias_+20_mA,0.0,>65,0.240018653455739,0.29117723822609565,-0.2341632480115052
T6_plain,US06,2,current_bias,I_bias_+20_mA,25.0,35-65,0.35205661516127834,0.4090909044674434,-0.34909509383395426
T6_plain,US06,2,current_bias,I_bias_+20_mA,25.0,<=35,0.4137018048626072,0.6819031196090339,-0.27857665099072687
T6_plain,US06,2,current_bias,I_bias_+20_mA,25.0,>65,0.28006099401012113,0.4294104499452075,-0.12745163011953162
T6_plain,US06,2,current_bias,I_bias_+20_mA,45.0,35-65,0.4209370679880438,0.45990196354851315,-0.420177058646004
T6_plain,US06,2,current_bias,I_bias_+20_mA,45.0,<=35,0.3571497685117174,0.4059789037554424,-0.346217656315216
T6_plain,US06,2,current_bias,I_bias_+20_mA,45.0,>65,0.16904914091860263,0.17890617485530746,-0.16904403489754136
T6_plain,US06,2,current_bias,I_bias_-10_mA,0.0,35-65,0.5689588263557087,0.6403113303879784,-0.11531710925866223
T6_plain,US06,2,current_bias,I_bias_-10_mA,0.0,<=35,0.7298426351882802,0.8597963212864806,-0.5101479128329527
T6_plain,US06,2,current_bias,I_bias_-10_mA,0.0,>65,0.17388888226693133,0.20542822656060195,0.05047695993753856
T6_plain,US06,2,current_bias,I_bias_-10_mA,25.0,35-65,0.12155011900418525,0.15266091441101212,0.06789882980229008
T6_plain,US06,2,current_bias,I_bias_-10_mA,25.0,<=35,0.3674084014207493,0.6468419160878199,0.06247374990021188
T6_plain,US06,2,current_bias,I_bias_-10_mA,25.0,>65,0.33108849820887243,0.42194372136054675,0.05883216630610218
T6_plain,US06,2,current_bias,I_bias_-10_mA,45.0,35-65,0.11284392938826551,0.13148706551848643,0.057415021374371794
T6_plain,US06,2,current_bias,I_bias_-10_mA,45.0,<=35,0.13029403971092243,0.1659403760726271,0.008438659110571919
T6_plain,US06,2,current_bias,I_bias_-10_mA,45.0,>65,0.04964872304180565,0.061717268912638366,0.03296470572962123
T6_plain,US06,2,current_bias,I_bias_-20_mA,0.0,35-65,0.6108306457934662,0.677002006506584,0.07076367956395006
T6_plain,US06,2,current_bias,I_bias_-20_mA,0.0,<=35,0.6052676997516526,0.723703843362059,-0.3394175467487241
T6_plain,US06,2,current_bias,I_bias_-20_mA,0.0,>65,0.2204257642268864,0.25449481200589025,0.1446671449776494
T6_plain,US06,2,current_bias,I_bias_-20_mA,25.0,35-65,0.20798233610576308,0.24447639607096577,0.2058327671887676
T6_plain,US06,2,current_bias,I_bias_-20_mA,25.0,<=35,0.45972973902671316,0.6828164046488489,0.17751892331793045
T6_plain,US06,2,current_bias,I_bias_-20_mA,25.0,>65,0.35881181831434567,0.43744330864936176,0.12078177263943458
T6_plain,US06,2,current_bias,I_bias_-20_mA,45.0,35-65,0.22347037401587352,0.25729672626434025,0.21542871620388956
T6_plain,US06,2,current_bias,I_bias_-20_mA,45.0,<=35,0.19152035516745913,0.2263114048192123,0.12834380405722248
T6_plain,US06,2,current_bias,I_bias_-20_mA,45.0,>65,0.10107909831471687,0.11406407716643499,0.09988948784453165
T6_plain,US06,2,voltage_bias,V_bias_+10_mV,0.0,35-65,1.4933391158397118,1.8091479065889837,1.4916254083631104
T6_plain,US06,2,voltage_bias,V_bias_+10_mV,0.0,<=35,1.0232453699037318,1.1251064533200894,1.02323475800488
T6_plain,US06,2,voltage_bias,V_bias_+10_mV,0.0,>65,0.874782100760041,0.9254769161455971,0.874782100760041
T6_plain,US06,2,voltage_bias,V_bias_+10_mV,25.0,35-65,1.8305688263128197,1.9119204609711635,1.8305688263128197
T6_plain,US06,2,voltage_bias,V_bias_+10_mV,25.0,<=35,1.8892530529384004,1.975524836470911,1.650663910830567
T6_plain,US06,2,voltage_bias,V_bias_+10_mV,25.0,>65,0.9431645296012434,1.0067741106377404,0.9042135261850458
T6_plain,US06,2,voltage_bias,V_bias_+10_mV,45.0,35-65,1.978672614352388,2.106695920585192,1.978672614352388
T6_plain,US06,2,voltage_bias,V_bias_+10_mV,45.0,<=35,1.573282157631379,1.7460696444051804,1.5631259525635304
T6_plain,US06,2,voltage_bias,V_bias_+10_mV,45.0,>65,0.8675969838078013,0.8823321075933589,0.8675969838078013
T6_plain,US06,2,voltage_bias,V_bias_+1_mV,0.0,35-65,0.5685928905418801,0.6404876037725529,-0.11914642074846028
T6_plain,US06,2,voltage_bias,V_bias_+1_mV,0.0,<=35,0.7339335764610411,0.8646771509891567,-0.5147812907613726
T6_plain,US06,2,voltage_bias,V_bias_+1_mV,0.0,>65,0.17298952715911875,0.20456311208953004,0.049276811686272404
T6_plain,US06,2,voltage_bias,V_bias_+1_mV,25.0,35-65,0.14433690673358537,0.18120660910774133,0.12357074377562892
T6_plain,US06,2,voltage_bias,V_bias_+1_mV,25.0,<=35,0.4014454571880664,0.6597796957374287,0.11274026847059726
T6_plain,US06,2,voltage_bias,V_bias_+1_mV,25.0,>65,0.3420020190283426,0.42692350423099634,0.08808026668174188
T6_plain,US06,2,voltage_bias,V_bias_+1_mV,45.0,35-65,0.14183335313504167,0.16635372290088857,0.11141571420698593
T6_plain,US06,2,voltage_bias,V_bias_+1_mV,45.0,<=35,0.14131299064789596,0.17838098805186192,0.050613057744186
T6_plain,US06,2,voltage_bias,V_bias_+1_mV,45.0,>65,0.06379515680107493,0.07792009977671664,0.057512641758137674
T6_plain,US06,2,voltage_bias,V_bias_+2_mV,0.0,35-65,0.6094539755776947,0.6752329458456254,0.06322102723531486
T6_plain,US06,2,voltage_bias,V_bias_+2_mV,0.0,<=35,0.6129723198491916,0.7326071326442581,-0.34877385893630014
T6_plain,US06,2,voltage_bias,V_bias_+2_mV,0.0,>65,0.21824515725240676,0.25211535815383046,0.142294660650788
T6_plain,US06,2,voltage_bias,V_bias_+2_mV,25.0,35-65,0.3168860786288728,0.34580740919855685,0.31684643371227933
T6_plain,US06,2,voltage_bias,V_bias_+2_mV,25.0,<=35,0.5566871276312646,0.7310656535469426,0.27865185971373635
T6_plain,US06,2,voltage_bias,V_bias_+2_mV,25.0,>65,0.3903752173347759,0.45692129003443843,0.1792435518848405
T6_plain,US06,2,voltage_bias,V_bias_+2_mV,45.0,35-65,0.32461888724884486,0.36260559443619533,0.3230696507411446
T6_plain,US06,2,voltage_bias,V_bias_+2_mV,45.0,<=35,0.2630157101280955,0.2982570841939358,0.213244646494417
T6_plain,US06,2,voltage_bias,V_bias_+2_mV,45.0,>65,0.14919226483969752,0.1594969920356071,0.1488652187934895
T6_plain,US06,2,voltage_bias,V_bias_+5_mV,0.0,35-65,0.8102065155134598,1.006032275806933,0.6052670102096781
T6_plain,US06,2,voltage_bias,V_bias_+5_mV,0.0,<=35,0.45191564287577374,0.5419572046810641,0.156703781151902
T6_plain,US06,2,voltage_bias,V_bias_+5_mV,0.0,>65,0.4257939884312522,0.4833245030929762,0.4194239102434933
T6_plain,US06,2,voltage_bias,V_bias_+5_mV,25.0,35-65,0.8913508748132989,0.9300268300883934,0.8913508748132989
T6_plain,US06,2,voltage_bias,V_bias_+5_mV,25.0,<=35,1.0465242566790969,1.1163428956760324,0.783964246630149
T6_plain,US06,2,voltage_bias,V_bias_+5_mV,25.0,>65,0.5783553094569167,0.6226942636276911,0.45205074723805666
T6_plain,US06,2,voltage_bias,V_bias_+5_mV,45.0,35-65,0.9520062727024787,1.0179614403972905,0.9520062727024787
T6_plain,US06,2,voltage_bias,V_bias_+5_mV,45.0,<=35,0.733242955486781,0.813710865144946,0.7094050253278789
T6_plain,US06,2,voltage_bias,V_bias_+5_mV,45.0,>65,0.42093723782276077,0.4299611309306905,0.42093723782276077
T6_plain,US06,2,voltage_bias,V_bias_-10_mV,0.0,35-65,2.178632973136654,2.201859468090047,-2.178632973136654
T6_plain,US06,2,voltage_bias,V_bias_-10_mV,0.0,<=35,2.275380906325265,2.6275234744568805,-2.255580794283831
T6_plain,US06,2,voltage_bias,V_bias_-10_mV,0.0,>65,0.9945177848580969,1.0059282595690104,-0.9945177848580969
T6_plain,US06,2,voltage_bias,V_bias_-10_mV,25.0,35-65,2.0564440978292287,2.18027924002789,-2.0564440978292287
T6_plain,US06,2,voltage_bias,V_bias_-10_mV,25.0,<=35,1.626764765201274,1.840222204198957,-1.626764765201274
T6_plain,US06,2,voltage_bias,V_bias_-10_mV,25.0,>65,0.9211580525683959,1.000876750165169,-0.9211580525683959
T6_plain,US06,2,voltage_bias,V_bias_-10_mV,45.0,35-65,2.273738000360437,2.402939856198132,-2.273738000360437
T6_plain,US06,2,voltage_bias,V_bias_-10_mV,45.0,<=35,1.6489838562836148,1.8195423311919652,-1.6454372298533106
T6_plain,US06,2,voltage_bias,V_bias_-10_mV,45.0,>65,0.9682118123293733,0.9794575734430367,-0.9682118123293733
T6_plain,US06,2,voltage_bias,V_bias_-1_mV,0.0,35-65,0.5873393502669221,0.7310935392095638,-0.4863754686747621
T6_plain,US06,2,voltage_bias,V_bias_-1_mV,0.0,<=35,0.9909854448390393,1.164659980371134,-0.8429975780729385
T6_plain,US06,2,voltage_bias,V_bias_-1_mV,0.0,>65,0.1785965547135997,0.22774281154145112,-0.13771328130152236
T6_plain,US06,2,voltage_bias,V_bias_-1_mV,25.0,35-65,0.2749940122228812,0.3293485404718882,-0.2655654067924909
T6_plain,US06,2,voltage_bias,V_bias_-1_mV,25.0,<=35,0.3842518025013104,0.659468706490711,-0.21523817714681562
T6_plain,US06,2,voltage_bias,V_bias_-1_mV,25.0,>65,0.2873887042805657,0.4234337190101379,-0.09456800644064876
T6_plain,US06,2,voltage_bias,V_bias_-1_mV,45.0,35-65,0.31703837228998444,0.3523772258046931,-0.3147447405731178
T6_plain,US06,2,voltage_bias,V_bias_-1_mV,45.0,<=35,0.288839209446733,0.3302522772855246,-0.2704620556220959
T6_plain,US06,2,voltage_bias,V_bias_-1_mV,45.0,>65,0.126306574441973,0.137688687798511,-0.12616910120275485
T6_plain,US06,2,voltage_bias,V_bias_-2_mV,0.0,35-65,0.6879747840911566,0.8405438215038975,-0.6712266769322285
T6_plain,US06,2,voltage_bias,V_bias_-2_mV,0.0,<=35,1.1252988043452148,1.3234460542814457,-1.0051882628978124
T6_plain,US06,2,voltage_bias,V_bias_-2_mV,0.0,>65,0.23802422914348267,0.28972265635235467,-0.23168140537194923
T6_plain,US06,2,voltage_bias,V_bias_-2_mV,25.0,35-65,0.4621191912426118,0.5224455922265175,-0.4614028716820445
T6_plain,US06,2,voltage_bias,V_bias_-2_mV,25.0,<=35,0.4703039329564176,0.7283532202722989,-0.37729048895368617
T6_plain,US06,2,voltage_bias,V_bias_-2_mV,25.0,>65,0.28034219696744916,0.45049770307958903,-0.18604420073350866
T6_plain,US06,2,voltage_bias,V_bias_-2_mV,45.0,35-65,0.5293390364635895,0.5716128882467544,-0.5291949708843596
T6_plain,US06,2,voltage_bias,V_bias_-2_mV,45.0,<=35,0.435730932647594,0.49023396530125307,-0.4288934868453041
T6_plain,US06,2,voltage_bias,V_bias_-2_mV,45.0,>65,0.21849122974459895,0.22699740625858078,-0.21849122974459895
T6_plain,US06,2,voltage_bias,V_bias_-5_mV,0.0,35-65,1.2306326031804056,1.2938322538732496,-1.2306326031804056
T6_plain,US06,2,voltage_bias,V_bias_-5_mV,0.0,<=35,1.547008559794182,1.8118507257608698,-1.483974468567778
T6_plain,US06,2,voltage_bias,V_bias_-5_mV,0.0,>65,0.5154536649484994,0.5388886912203493,-0.5154536649484994
T6_plain,US06,2,voltage_bias,V_bias_-5_mV,25.0,35-65,1.0538038681027946,1.1335525644642446,-1.0538038681027946
T6_plain,US06,2,voltage_bias,V_bias_-5_mV,25.0,<=35,0.8720595079077093,1.0869935737638885,-0.8556423067638521
T6_plain,US06,2,voltage_bias,V_bias_-5_mV,25.0,>65,0.46207462818629774,0.6124151685745373,-0.4610524876098633
T6_plain,US06,2,voltage_bias,V_bias_-5_mV,45.0,35-65,1.1776781166861305,1.2505905096281167,-1.1776781166861305
T6_plain,US06,2,voltage_bias,V_bias_-5_mV,45.0,<=35,0.8997410074363226,0.9929989653139488,-0.8957097817308887
T6_plain,US06,2,voltage_bias,V_bias_-5_mV,45.0,>65,0.49734798268725844,0.5055728880730062,-0.49734798268725844
